time,open,high,low,close
1771941600000,1.17717,1.17765,1.17673,1.17693
1771942500000,1.17692,1.1776,1.17668,1.1774499999999999
1771943400000,1.17743,1.1778,1.17715,1.17723
1771944300000,1.17724,1.17757,1.17696,1.17727
1771945200000,1.1772099999999999,1.17732,1.17665,1.1769399999999999
1771946100000,1.17693,1.17717,1.17655,1.1771099999999999
1771947000000,1.1771,1.17805,1.17694,1.17738
1771947900000,1.17739,1.17778,1.17706,1.17721
1771948800000,1.1772099999999999,1.17854,1.17715,1.17851
1771949700000,1.17849,1.17895,1.17849,1.1789
1771950600000,1.17894,1.17894,1.17843,1.1787400000000001
1771951500000,1.17875,1.1789299999999998,1.17847,1.17875
1771952400000,1.17876,1.1788200000000002,1.1785,1.1787
1771953300000,1.17875,1.17879,1.17818,1.17824
1771954200000,1.1782299999999999,1.17865,1.17813,1.17862
1771955100000,1.17859,1.1787,1.17842,1.1785
1771956000000,1.1784899999999998,1.1785999999999999,1.17803,1.17827
1771956900000,1.17828,1.17861,1.17807,1.1783599999999999
1771957800000,1.17835,1.17848,1.17784,1.17784
1771958700000,1.1778499999999998,1.1780899999999999,1.17766,1.1778
1771959600000,1.17779,1.1780499999999998,1.17759,1.17804
1771960500000,1.1780499999999998,1.1780899999999999,1.17762,1.17807
1771961400000,1.1781,1.17835,1.17803,1.1781599999999999
1771962300000,1.17817,1.17819,1.1777,1.17783
1771963200000,1.17784,1.1779,1.17756,1.17773
1771964100000,1.17772,1.1779700000000002,1.17745,1.1777700000000002
1771965000000,1.17776,1.1783,1.17776,1.1782
1771965900000,1.1781899999999998,1.1782299999999999,1.17746,1.17746
1771966800000,1.17747,1.17765,1.17738,1.1774300000000002
1771967700000,1.17746,1.17753,1.17737,1.1775
1771968600000,1.17749,1.17756,1.17736,1.17753
1771969500000,1.1775200000000001,1.1775200000000001,1.17728,1.1773300000000002
1771970400000,1.17714,1.17744,1.17704,1.1773600000000002
1771971300000,1.17736,1.1774200000000001,1.1771,1.1771500000000001
1771972200000,1.17714,1.17763,1.17713,1.17732
1771973100000,1.17728,1.17732,1.1772,1.17724
1771974000000,1.1772500000000001,1.17737,1.17717,1.17728
1771974900000,1.17733,1.1774,1.17723,1.1774
1771975800000,1.17741,1.1774499999999999,1.17733,1.17739
1771976700000,1.1774,1.1775499999999999,1.17732,1.1773399999999998
1771977600000,1.1773500000000001,1.1776600000000002,1.17728,1.1775300000000002
1771978500000,1.1775,1.17777,1.17748,1.1776300000000002
1771979400000,1.17767,1.17788,1.1775,1.17768
1771980300000,1.17767,1.17794,1.17746,1.17773
1771981200000,1.17775,1.1778199999999999,1.17753,1.1777
1771982100000,1.17771,1.17802,1.17761,1.1778300000000002
1771983000000,1.1778199999999999,1.17814,1.17769,1.17793
1771983900000,1.17792,1.17794,1.17758,1.1777900000000001
1771984800000,1.17777,1.1784,1.17777,1.17838
1771985700000,1.17839,1.17846,1.17816,1.1784100000000002
1771986600000,1.1784,1.1788999999999998,1.17827,1.1788399999999999
1771987500000,1.17885,1.17929,1.17868,1.17918
1771988400000,1.1792,1.17938,1.17853,1.17859
1771989300000,1.17858,1.17885,1.17854,1.17871
1771990200000,1.17868,1.17916,1.17866,1.17893
1771991100000,1.17892,1.1790699999999998,1.17874,1.17888
1771992000000,1.1788999999999998,1.1791399999999999,1.17878,1.1788399999999999
1771992900000,1.1788299999999998,1.1793,1.17871,1.1792399999999998
1771993800000,1.17924,1.1793500000000001,1.1791,1.17928
1771994700000,1.17929,1.17956,1.17913,1.17943
1771995600000,1.17942,1.17977,1.17935,1.1796399999999998
1771996500000,1.17964,1.17977,1.17953,1.17974
1771997400000,1.17973,1.1804299999999999,1.1797,1.18039
1771998300000,1.1804,1.1804999999999999,1.17996,1.18003
1771999200000,1.18004,1.1802700000000002,1.17965,1.18016
1772000100000,1.1801300000000001,1.18046,1.18008,1.18038
1772001000000,1.18039,1.1805,1.18015,1.18015
1772001900000,1.18014,1.18058,1.18013,1.18048
1772002800000,1.18045,1.18074,1.18037,1.18041
1772003700000,1.18042,1.1805,1.17999,1.18018
1772004600000,1.18017,1.18024,1.1799,1.18014
1772005500000,1.18011,1.18056,1.17965,1.1796600000000002
1772006400000,1.1796499999999999,1.1799499999999998,1.17939,1.1794799999999999
1772007300000,1.17951,1.17984,1.17899,1.17916
1772008200000,1.17919,1.17943,1.179,1.1792500000000001
1772009100000,1.17928,1.1794,1.1789,1.1789500000000002
1772010000000,1.17894,1.1790900000000002,1.17877,1.1788200000000002
1772010900000,1.17879,1.1791099999999999,1.17855,1.17883
1772011800000,1.17883,1.1792500000000001,1.1786,1.1786
1772012700000,1.17859,1.17896,1.17851,1.17872
1772013600000,1.17872,1.17878,1.17827,1.17859
1772014500000,1.1785800000000002,1.17866,1.17833,1.1783800000000002
1772015400000,1.17832,1.17841,1.17788,1.1781000000000001
1772016300000,1.17811,1.1781300000000001,1.17792,1.17792
1772017200000,1.17792,1.17805,1.17768,1.17794
1772018100000,1.17793,1.17793,1.17709,1.1771099999999999
1772019000000,1.1771,1.17753,1.17705,1.17723
1772019900000,1.17724,1.17761,1.1772,1.17743
1772020800000,1.1774399999999998,1.17811,1.17735,1.17811
1772021700000,1.17812,1.1783700000000001,1.17799,1.17822
1772022600000,1.17821,1.17846,1.17804,1.17844
1772023500000,1.1784400000000002,1.17862,1.17833,1.1785400000000001
1772024400000,1.17859,1.17873,1.17831,1.17872
1772025300000,1.17872,1.1789699999999999,1.17824,1.1783
1772026200000,1.17828,1.17856,1.17798,1.17829
1772027100000,1.17829,1.1785,1.17724,1.1773
1772028000000,1.17729,1.1777,1.17725,1.17757
1772028900000,1.1776,1.1783,1.17752,1.1782
1772029800000,1.17821,1.17854,1.17801,1.17851
1772030700000,1.17852,1.17886,1.17843,1.1785700000000001
1772031600000,1.17859,1.17993,1.17842,1.17976
1772032500000,1.17978,1.18008,1.17887,1.1791
1772033400000,1.17909,1.17963,1.17888,1.1795099999999998
1772034300000,1.17952,1.18019,1.17916,1.18007
1772035200000,1.18009,1.18067,1.17999,1.18022
1772036100000,1.18021,1.18054,1.18003,1.1802199999999998
1772037000000,1.1802300000000001,1.18044,1.17981,1.17985
1772037900000,1.17984,1.18059,1.17984,1.18035
1772038800000,1.18034,1.1813399999999998,1.1802,1.1810999999999998
1772039700000,1.18111,1.18127,1.18076,1.18095
1772040600000,1.1809399999999999,1.18137,1.18088,1.18119
1772041500000,1.1811800000000001,1.18124,1.18059,1.18068
1772042400000,1.18069,1.18099,1.18056,1.18072
1772043300000,1.1807100000000001,1.18104,1.18056,1.18069
1772044200000,1.18071,1.18079,1.18044,1.18045
1772045100000,1.1804599999999998,1.1806299999999998,1.18037,1.18042
1772046000000,1.18043,1.1808800000000002,1.18036,1.1808400000000001
1772046900000,1.18085,1.18085,1.1803,1.18037
1772047800000,1.1804000000000001,1.18056,1.18022,1.18053
1772048700000,1.1805400000000001,1.1807,1.18049,1.1805
1772049600000,1.18049,1.1807,1.18048,1.18052
1772050500000,1.18051,1.1807299999999998,1.18044,1.18049
1772051400000,1.18048,1.18082,1.18042,1.18067
1772052300000,1.18066,1.1807500000000002,1.18043,1.18055
1772053200000,1.1805400000000001,1.18073,1.18043,1.1804400000000002
1772054100000,1.18045,1.18052,1.18028,1.18052
1772055000000,1.18053,1.18106,1.18052,1.18104
1772055900000,1.18103,1.18123,1.18073,1.18097
1772056800000,1.18089,1.18089,1.18004,1.18055
1772057700000,1.18056,1.18068,1.18055,1.18068
1772058600000,1.1806800000000002,1.1808,1.1806,1.1806400000000001
1772059500000,1.18079,1.1812,1.18072,1.1809
1772060400000,1.18091,1.18129,1.18085,1.18113
1772061300000,1.1811299999999998,1.18135,1.18101,1.18123
1772062200000,1.18122,1.18136,1.18109,1.1812799999999999
1772063100000,1.18127,1.18158,1.18127,1.1814500000000001
1772064000000,1.18144,1.18152,1.18112,1.1812799999999999
1772064900000,1.18129,1.18168,1.18126,1.18149
1772065800000,1.18148,1.18175,1.18126,1.1817
1772066700000,1.1817099999999998,1.1818799999999998,1.18142,1.1818499999999998
1772067600000,1.18182,1.18206,1.18174,1.18187
1772068500000,1.18186,1.18268,1.18184,1.18223
1772069400000,1.18222,1.18273,1.18205,1.18272
1772070300000,1.18269,1.18284,1.18255,1.1826699999999999
1772071200000,1.18268,1.18284,1.18244,1.1825599999999998
1772072100000,1.18261,1.18265,1.18197,1.18197
1772073000000,1.18194,1.18197,1.18126,1.18139
1772073900000,1.18139,1.1817199999999999,1.18133,1.18169
1772074800000,1.18168,1.1819300000000001,1.18168,1.18192
1772075700000,1.18192,1.18216,1.18182,1.18184
1772076600000,1.18185,1.18209,1.18171,1.18172
1772077500000,1.18171,1.1818,1.18153,1.18164
1772078400000,1.18165,1.1817000000000002,1.18128,1.1813500000000001
1772079300000,1.18136,1.1815200000000001,1.18124,1.18127
1772080200000,1.18128,1.18164,1.1812,1.18159
1772081100000,1.18161,1.18181,1.1814,1.18178
1772082000000,1.18177,1.18188,1.1816,1.18175
1772082900000,1.18174,1.18207,1.18173,1.18191
1772083800000,1.18191,1.1819300000000001,1.18155,1.1818300000000002
1772084700000,1.18186,1.18221,1.18176,1.18191
1772085600000,1.18192,1.1821000000000002,1.18168,1.18201
1772086500000,1.182,1.18207,1.18143,1.18148
1772087400000,1.18146,1.182,1.18146,1.18197
1772088300000,1.1819899999999999,1.1821599999999999,1.18179,1.1818199999999999
1772089200000,1.18176,1.18179,1.18082,1.18123
1772090100000,1.18122,1.18166,1.18102,1.18118
1772091000000,1.1811699999999998,1.1813799999999999,1.18108,1.1813099999999999
1772091900000,1.1812900000000002,1.1817600000000001,1.18111,1.1815200000000001
1772092800000,1.18151,1.18152,1.18031,1.18062
1772093700000,1.18064,1.18078,1.18017,1.1803
1772094600000,1.18029,1.18073,1.18019,1.1806400000000001
1772095500000,1.1806299999999998,1.1807299999999998,1.18017,1.1802
1772096400000,1.18019,1.1805400000000001,1.17995,1.1800300000000001
1772097300000,1.1800499999999998,1.1803199999999998,1.17969,1.1800799999999998
1772098200000,1.18008,1.1801300000000001,1.17964,1.17967
1772099100000,1.1796799999999998,1.17993,1.17962,1.17967
1772100000000,1.17966,1.17988,1.17953,1.17973
1772100900000,1.17974,1.17992,1.17947,1.17966
1772101800000,1.17967,1.17971,1.17941,1.1794200000000001
1772102700000,1.1794300000000002,1.1797900000000001,1.17928,1.1797900000000001
1772103600000,1.17978,1.18042,1.17975,1.18035
1772104500000,1.18035,1.18037,1.18008,1.1801300000000001
1772105400000,1.1801199999999998,1.18023,1.17996,1.1801599999999999
1772106300000,1.18014,1.1802300000000001,1.17991,1.17998
1772107200000,1.17998,1.18045,1.17993,1.1804299999999999
1772108100000,1.18042,1.1806400000000001,1.18022,1.18052
1772109000000,1.1805299999999999,1.18069,1.18027,1.1805999999999999
1772109900000,1.18059,1.18092,1.18046,1.18085
1772110800000,1.18084,1.18142,1.18068,1.18126
1772111700000,1.18127,1.18162,1.18119,1.18122
1772112600000,1.18125,1.1813799999999999,1.18021,1.18026
1772113500000,1.1802700000000002,1.18082,1.18026,1.18063
1772114400000,1.1806100000000002,1.1808,1.18016,1.1807
1772115300000,1.18071,1.18081,1.18035,1.18067
1772116200000,1.18068,1.18112,1.18055,1.181
1772117100000,1.18101,1.18153,1.18089,1.18124
1772118000000,1.1812,1.1813799999999999,1.18075,1.18083
1772118900000,1.18082,1.18085,1.1781,1.17855
1772119800000,1.17853,1.17953,1.17804,1.17923
1772120700000,1.1792200000000002,1.17985,1.179,1.17985
1772121600000,1.1798199999999999,1.17988,1.17878,1.1788999999999998
1772122500000,1.17893,1.17947,1.17871,1.17926
1772123400000,1.17924,1.17934,1.17866,1.17868
1772124300000,1.1786699999999999,1.17918,1.17855,1.17914
1772125200000,1.17913,1.17928,1.17867,1.1787
1772126100000,1.17871,1.17879,1.17764,1.17767
1772127000000,1.17765,1.17798,1.17747,1.17781
1772127900000,1.1778,1.1778,1.17734,1.17755
1772128800000,1.17755,1.1778300000000002,1.17734,1.17773
1772129700000,1.1777199999999999,1.1779,1.17752,1.17786
1772130600000,1.17787,1.17868,1.17753,1.17842
1772131500000,1.17841,1.17858,1.17814,1.17836
1772132400000,1.1784000000000001,1.17873,1.17818,1.17857
1772133300000,1.1785800000000002,1.1790800000000001,1.17853,1.1790800000000001
1772134200000,1.17906,1.17934,1.17896,1.17933
1772135100000,1.17936,1.17973,1.17935,1.17962
1772136000000,1.17963,1.1798799999999998,1.17952,1.1796799999999998
1772136900000,1.1796900000000001,1.17993,1.17954,1.17988
1772137800000,1.17991,1.1802300000000001,1.17982,1.1801400000000002
1772138700000,1.1801300000000001,1.1802700000000002,1.18002,1.1800700000000002
1772139600000,1.18008,1.18033,1.17988,1.18007
1772140500000,1.18011,1.18013,1.17979,1.1798899999999999
1772141400000,1.1799,1.1801,1.17987,1.17987
1772142300000,1.17988,1.17993,1.17967,1.17972
1772143200000,1.1796200000000001,1.1796200000000001,1.179,1.17927
1772144100000,1.17927,1.17964,1.17916,1.17954
1772145000000,1.1795300000000002,1.1797600000000001,1.17948,1.1796200000000001
1772145900000,1.17962,1.17976,1.17956,1.17963
1772146800000,1.17958,1.1798600000000001,1.17937,1.17978
1772147700000,1.17979,1.17993,1.17977,1.17993
1772148600000,1.1799600000000001,1.18015,1.17991,1.18007
1772149500000,1.1800599999999999,1.18027,1.17997,1.18027
1772150400000,1.18026,1.18032,1.18002,1.1801700000000002
1772151300000,1.18016,1.18051,1.18012,1.18032
1772152200000,1.18035,1.1804299999999999,1.1797,1.17974
1772153100000,1.1797300000000002,1.17988,1.17955,1.17958
1772154000000,1.17959,1.18018,1.17956,1.17994
1772154900000,1.17995,1.18,1.17937,1.17954
1772155800000,1.17953,1.1799600000000001,1.17941,1.17961
1772156700000,1.1796,1.17966,1.17885,1.17895
1772157600000,1.17897,1.17957,1.17897,1.1795200000000001
1772158500000,1.17953,1.17976,1.17935,1.1795099999999998
1772159400000,1.17953,1.1797600000000001,1.17951,1.1796200000000001
1772160300000,1.1796200000000001,1.1800700000000002,1.17955,1.17999
1772161200000,1.1799899999999999,1.18015,1.17997,1.1800599999999999
1772162100000,1.1801,1.18052,1.18001,1.18047
1772163000000,1.1804400000000002,1.1804800000000002,1.18026,1.18033
1772163900000,1.18032,1.18053,1.18025,1.18031
1772164800000,1.18032,1.18048,1.18029,1.1804700000000001
1772165700000,1.1804800000000002,1.1808100000000001,1.18016,1.1808100000000001
1772166600000,1.18081,1.18127,1.18079,1.18115
1772167500000,1.18113,1.18119,1.18093,1.18104
1772168400000,1.18105,1.1811099999999999,1.18078,1.18093
1772169300000,1.18089,1.1811,1.18077,1.1810800000000001
1772170200000,1.1810699999999998,1.18113,1.18061,1.18066
1772171100000,1.1806699999999999,1.181,1.18058,1.1808
1772172000000,1.18076,1.18103,1.1807,1.181
1772172900000,1.1810399999999999,1.1810399999999999,1.1804,1.1804599999999998
1772173800000,1.1804800000000002,1.1805800000000002,1.18016,1.18043
1772174700000,1.18047,1.18062,1.18031,1.18038
1772175600000,1.18035,1.18036,1.17977,1.17982
1772176500000,1.17981,1.18053,1.17965,1.1802700000000002
1772177400000,1.1802899999999998,1.1810999999999998,1.18023,1.1810999999999998
1772178300000,1.18123,1.18188,1.18123,1.18148
1772179200000,1.1814699999999998,1.1821199999999998,1.18135,1.1813699999999998
1772180100000,1.18136,1.1818199999999999,1.18136,1.18143
1772181000000,1.18142,1.18146,1.18109,1.1812099999999999
1772181900000,1.1812200000000002,1.1812200000000002,1.18077,1.1809100000000001
1772182800000,1.18058,1.1811,1.18035,1.18036
1772183700000,1.18035,1.18078,1.18032,1.18067
1772184600000,1.18066,1.1808800000000002,1.18012,1.18031
1772185500000,1.18032,1.18041,1.17923,1.17947
1772186400000,1.17946,1.1797199999999999,1.17942,1.17963
1772187300000,1.17961,1.18032,1.17956,1.18024
1772188200000,1.18023,1.1803,1.17993,1.1801899999999999
1772189100000,1.18022,1.18022,1.17972,1.17982
1772190000000,1.1798300000000002,1.18025,1.17955,1.1801400000000002
1772190900000,1.18013,1.18034,1.18001,1.18027
1772191800000,1.18023,1.1803299999999999,1.17977,1.17982
1772192700000,1.1798300000000002,1.18026,1.17965,1.1799700000000002
1772193600000,1.17999,1.18048,1.17998,1.18048
1772194500000,1.1804400000000002,1.18075,1.18029,1.18058
1772195400000,1.1805700000000001,1.18077,1.18022,1.18022
1772196300000,1.1802300000000001,1.18025,1.17981,1.18018
1772197200000,1.1801899999999999,1.1805999999999999,1.1799,1.18028
1772198100000,1.18029,1.18049,1.18008,1.1802
1772199000000,1.1801899999999999,1.18024,1.17908,1.17946
1772199900000,1.17947,1.1797,1.179,1.17919
1772200800000,1.17921,1.18003,1.17903,1.17992
1772201700000,1.17993,1.18038,1.17983,1.1801199999999998
1772202600000,1.18013,1.1815,1.18001,1.18128
1772203500000,1.18129,1.18129,1.17949,1.17964
1772204400000,1.17966,1.18059,1.17957,1.18005
1772205300000,1.1800700000000002,1.1807800000000002,1.17972,1.18072
1772206200000,1.18073,1.1816600000000002,1.18063,1.18121
1772207100000,1.18122,1.18127,1.17997,1.18066
1772208000000,1.1806699999999999,1.18173,1.18051,1.1816
1772208900000,1.18158,1.18209,1.1815,1.18157
1772209800000,1.1816,1.18244,1.1816,1.18167
1772210700000,1.18166,1.1822,1.18166,1.18215
1772211600000,1.18214,1.1826299999999998,1.1819,1.18197
1772212500000,1.18197,1.18207,1.18166,1.18188
1772213400000,1.18187,1.18236,1.18178,1.18212
1772214300000,1.18211,1.18211,1.1815,1.1816
1772215200000,1.18161,1.18172,1.18127,1.18129
1772216100000,1.1812799999999999,1.1817099999999998,1.18115,1.18137
1772217000000,1.1814699999999998,1.18153,1.18108,1.1815099999999998
1772217900000,1.1815200000000001,1.18185,1.1813,1.18174
1772218800000,1.18173,1.18196,1.18162,1.18173
1772219700000,1.18172,1.1822100000000002,1.18172,1.18216
1772220600000,1.18215,1.18217,1.18181,1.18193
1772221500000,1.18194,1.1821,1.18183,1.18187
1772222400000,1.18188,1.18231,1.18187,1.18222
1772223300000,1.1822300000000001,1.18235,1.18215,1.18228
1772224200000,1.18227,1.1825299999999999,1.18227,1.18237
1772225100000,1.18238,1.1824599999999998,1.18146,1.18149
1772226000000,1.18156,1.18156,1.18117,1.18136
1772226900000,1.18136,1.1817900000000001,1.18127,1.18147
1772227800000,1.18145,1.18171,1.18105,1.18109
1772228700000,1.18109,1.18172,1.18107,1.18161
1772402400000,1.17718,1.17718,1.17634,1.17647
1772403300000,1.17647,1.17647,1.17567,1.17596
1772404200000,1.17596,1.1770699999999998,1.17596,1.1770699999999998
1772405100000,1.17712,1.17768,1.177,1.17745
1772406000000,1.1774499999999999,1.17871,1.1763,1.1777
1772406900000,1.17769,1.17783,1.176,1.1761899999999998
1772407800000,1.17622,1.1765800000000002,1.17572,1.1765800000000002
1772408700000,1.17656,1.17667,1.17564,1.1758600000000001
1772409600000,1.17584,1.1770399999999999,1.17556,1.1769699999999998
1772410500000,1.17697,1.17754,1.1767,1.1769800000000001
1772411400000,1.17699,1.17709,1.1763,1.1770299999999998
1772412300000,1.1769999999999998,1.17776,1.17664,1.17769
1772413200000,1.1776900000000001,1.17889,1.17748,1.1787
1772414100000,1.17869,1.1788500000000002,1.17802,1.17845
1772415000000,1.17843,1.17938,1.17828,1.17903
1772415900000,1.17905,1.17922,1.17875,1.1791399999999999
1772416800000,1.17914,1.17928,1.17839,1.17848
1772417700000,1.1785,1.17852,1.17805,1.1783000000000001
1772418600000,1.17829,1.17883,1.17826,1.1785400000000001
1772419500000,1.17855,1.1788800000000001,1.17843,1.1788100000000001
1772420400000,1.17883,1.17935,1.17878,1.17903
1772421300000,1.1790200000000002,1.17953,1.17897,1.17934
1772422200000,1.17935,1.1794799999999999,1.17901,1.17922
1772423100000,1.17921,1.17928,1.17877,1.1788200000000002
1772424000000,1.17883,1.17898,1.17865,1.17873
1772424900000,1.17874,1.17883,1.17828,1.17863
1772425800000,1.17859,1.1787200000000002,1.17823,1.1783000000000001
1772426700000,1.17829,1.17858,1.17812,1.1785700000000001
1772427600000,1.17858,1.17858,1.17751,1.17751
1772428500000,1.17753,1.17766,1.17736,1.17749
1772429400000,1.17751,1.17787,1.17729,1.17733
1772430300000,1.17728,1.17734,1.17656,1.1765700000000001
1772431200000,1.17657,1.1765999999999999,1.17525,1.1752699999999998
1772432100000,1.17528,1.17542,1.17364,1.17404
1772433000000,1.17407,1.17424,1.17308,1.17319
1772433900000,1.17324,1.17384,1.17297,1.17317
1772434800000,1.17316,1.1733799999999999,1.17217,1.17242
1772435700000,1.1724400000000001,1.1727100000000001,1.17155,1.17223
1772436600000,1.17222,1.1726800000000002,1.17118,1.17148
1772437500000,1.1714799999999999,1.1716499999999999,1.1703,1.1715399999999998
1772438400000,1.17158,1.17226,1.171,1.17144
1772439300000,1.1715,1.17156,1.17013,1.17017
1772440200000,1.17018,1.1713200000000001,1.16975,1.17109
1772441100000,1.1711,1.17232,1.171,1.17221
1772442000000,1.1721899999999998,1.17393,1.17207,1.17391
1772442900000,1.17398,1.17432,1.17329,1.17366
1772443800000,1.17365,1.17418,1.17334,1.17382
1772444700000,1.1738099999999998,1.1739,1.17308,1.17325
1772445600000,1.17325,1.17392,1.17323,1.17346
1772446500000,1.17344,1.17467,1.17341,1.1745
1772447400000,1.17447,1.17463,1.17394,1.1744999999999999
1772448300000,1.1745100000000002,1.1745700000000001,1.17345,1.17381
1772449200000,1.17382,1.17392,1.17316,1.17334
1772450100000,1.1733500000000001,1.17337,1.17266,1.17267
1772451000000,1.17266,1.1733799999999999,1.17258,1.17333
1772451900000,1.1733200000000001,1.1740700000000002,1.17314,1.17328
1772452800000,1.17327,1.17334,1.17243,1.1724700000000001
1772453700000,1.17249,1.17258,1.1717,1.17192
1772454600000,1.17191,1.17209,1.17126,1.17132
1772455500000,1.17131,1.1714,1.17016,1.17032
1772456400000,1.17034,1.17094,1.16964,1.1705
1772457300000,1.17052,1.17178,1.17048,1.17152
1772458200000,1.1715300000000002,1.17154,1.16999,1.17018
1772459100000,1.17015,1.17084,1.16948,1.16981
1772460000000,1.16979,1.17107,1.16945,1.17026
1772460900000,1.17027,1.17093,1.16983,1.17041
1772461800000,1.17041,1.1718899999999999,1.17017,1.1716799999999998
1772462700000,1.1716799999999998,1.1723199999999998,1.17135,1.17166
1772463600000,1.17124,1.17157,1.17055,1.17055
1772464500000,1.17055,1.17063,1.17005,1.17015
1772465400000,1.17016,1.17048,1.16917,1.16956
1772466300000,1.16953,1.16956,1.16793,1.1679599999999999
1772467200000,1.16795,1.16804,1.16747,1.16782
1772468100000,1.16783,1.16828,1.16712,1.1681199999999998
1772469000000,1.1681199999999998,1.16868,1.16739,1.1684599999999998
1772469900000,1.1684999999999999,1.16937,1.16841,1.1689
1772470800000,1.16889,1.16987,1.16862,1.16977
1772471700000,1.16978,1.17039,1.16956,1.1698499999999998
1772472600000,1.16987,1.16995,1.16937,1.16976
1772473500000,1.16977,1.1707299999999998,1.16942,1.1706599999999998
1772474400000,1.17065,1.17069,1.16965,1.17016
1772475300000,1.17017,1.17024,1.16915,1.1692699999999998
1772476200000,1.16926,1.16951,1.16863,1.1687
1772477100000,1.16869,1.16955,1.16867,1.16941
1772478000000,1.16936,1.17021,1.16936,1.17015
1772478900000,1.1701599999999999,1.1707999999999998,1.17007,1.17079
1772479800000,1.17078,1.17122,1.17061,1.1710399999999999
1772480700000,1.17103,1.17129,1.1709,1.17106
1772481600000,1.17108,1.17126,1.16794,1.1679599999999999
1772482500000,1.1679400000000002,1.16893,1.16779,1.1680700000000002
1772483400000,1.16803,1.16917,1.16784,1.16913
1772484300000,1.16912,1.16923,1.16854,1.1689699999999998
1772485200000,1.16895,1.1694099999999998,1.16885,1.16916
1772486100000,1.1691699999999998,1.1694699999999998,1.16908,1.1693399999999998
1772487000000,1.16933,1.16933,1.16899,1.16917
1772487900000,1.1691799999999999,1.16922,1.16892,1.16896
1772488800000,1.16844,1.1685699999999999,1.16814,1.16851
1772489700000,1.16848,1.16879,1.16846,1.16877
1772490600000,1.16872,1.1690699999999998,1.16851,1.16883
1772491500000,1.16884,1.16884,1.1685,1.16853
1772492400000,1.16851,1.1694799999999999,1.16851,1.16942
1772493300000,1.16943,1.16974,1.16941,1.16962
1772494200000,1.1696199999999999,1.1697199999999999,1.16952,1.1696199999999999
1772495100000,1.16957,1.16974,1.16939,1.1694099999999998
1772496000000,1.16942,1.16943,1.16882,1.16895
1772496900000,1.16893,1.1692200000000001,1.16877,1.1690800000000001
1772497800000,1.1691,1.16912,1.16859,1.16898
1772498700000,1.16898,1.1695099999999998,1.16898,1.16947
1772499600000,1.16947,1.1696700000000002,1.16918,1.16964
1772500500000,1.1696499999999999,1.17063,1.16953,1.1702299999999999
1772501400000,1.1702299999999999,1.1706,1.16994,1.16997
1772502300000,1.16996,1.1702100000000002,1.16962,1.16964
1772503200000,1.1696300000000002,1.1696300000000002,1.16894,1.1690900000000002
1772504100000,1.16908,1.1694799999999999,1.16854,1.1693799999999999
1772505000000,1.16941,1.16985,1.16917,1.16948
1772505900000,1.16944,1.16964,1.16931,1.16938
1772506800000,1.16941,1.16971,1.16896,1.16902
1772507700000,1.16903,1.1692500000000001,1.16863,1.16866
1772508600000,1.1686500000000002,1.1693300000000002,1.16857,1.16927
1772509500000,1.1692799999999999,1.1693399999999998,1.16891,1.1689699999999998
1772510400000,1.16899,1.1693,1.16876,1.16885
1772511300000,1.16886,1.1692699999999998,1.16871,1.1689699999999998
1772512200000,1.16897,1.1690900000000002,1.16857,1.1685800000000002
1772513100000,1.1685699999999999,1.16862,1.16787,1.16805
1772514000000,1.1680599999999999,1.16844,1.16783,1.16788
1772514900000,1.16791,1.16815,1.16751,1.16797
1772515800000,1.16797,1.1681,1.16664,1.16688
1772516700000,1.16687,1.16697,1.16646,1.1666100000000001
1772517600000,1.1666100000000001,1.16672,1.16616,1.16645
1772518500000,1.16646,1.167,1.16641,1.16679
1772519400000,1.1667699999999999,1.16688,1.16614,1.1665299999999998
1772520300000,1.16654,1.1671099999999999,1.16634,1.1668699999999999
1772521200000,1.16686,1.16687,1.16577,1.16617
1772522100000,1.16621,1.16679,1.16546,1.16568
1772523000000,1.16567,1.16569,1.16447,1.1652099999999999
1772523900000,1.16526,1.16568,1.16421,1.16432
1772524800000,1.1643599999999998,1.16455,1.16315,1.16325
1772525700000,1.16333,1.16367,1.16285,1.1628699999999998
1772526600000,1.16288,1.16378,1.16207,1.1622999999999999
1772527500000,1.16231,1.1627299999999998,1.16173,1.1622299999999999
1772528400000,1.1622299999999999,1.16285,1.16193,1.16279
1772529300000,1.16278,1.16281,1.16109,1.16153
1772530200000,1.1615199999999999,1.16164,1.16055,1.16058
1772531100000,1.16059,1.1608,1.15982,1.1604700000000001
1772532000000,1.16048,1.16123,1.15995,1.16012
1772532900000,1.16007,1.1608399999999999,1.1599,1.16017
1772533800000,1.16018,1.16039,1.15886,1.15984
1772534700000,1.15983,1.16043,1.15903,1.15914
1772535600000,1.1591300000000002,1.15995,1.15847,1.1586200000000002
1772536500000,1.15859,1.15914,1.15812,1.15828
1772537400000,1.15829,1.1596000000000002,1.15823,1.15938
1772538300000,1.15939,1.16029,1.15937,1.15967
1772539200000,1.15964,1.16029,1.15897,1.15987
1772540100000,1.1598600000000001,1.16118,1.15948,1.16026
1772541000000,1.1602700000000001,1.16099,1.16022,1.16068
1772541900000,1.16072,1.1614799999999998,1.16051,1.1612399999999998
1772542800000,1.16123,1.16146,1.16028,1.16036
1772543700000,1.16037,1.16037,1.15983,1.1599899999999999
1772544600000,1.15995,1.16048,1.15947,1.15988
1772545500000,1.1599,1.16037,1.15895,1.15899
1772546400000,1.1589900000000002,1.1599000000000002,1.15833,1.15843
1772547300000,1.15846,1.15853,1.15667,1.1575000000000002
1772548200000,1.15744,1.15849,1.15692,1.15713
1772549100000,1.15712,1.1578499999999998,1.15644,1.15669
1772550000000,1.1567,1.15724,1.15428,1.15485
1772550900000,1.15486,1.1555499999999999,1.15298,1.1552
1772551800000,1.1551600000000002,1.1584500000000002,1.15508,1.1574000000000002
1772552700000,1.15739,1.1579899999999999,1.15699,1.15723
1772553600000,1.15724,1.159,1.15687,1.1588800000000001
1772554500000,1.15889,1.15953,1.15845,1.15865
1772555400000,1.15863,1.15924,1.15787,1.15913
1772556300000,1.1591200000000002,1.1605400000000001,1.15907,1.16026
1772557200000,1.16028,1.16028,1.1588,1.1590500000000001
1772558100000,1.15906,1.1598600000000001,1.15863,1.1597
1772559000000,1.1597199999999999,1.1597899999999999,1.15878,1.1593399999999998
1772559900000,1.15933,1.16024,1.15881,1.15899
1772560800000,1.15897,1.16059,1.15894,1.16025
1772561700000,1.1602999999999999,1.16073,1.16004,1.16042
1772562600000,1.16041,1.1621700000000001,1.16029,1.1616900000000001
1772563500000,1.16169,1.16202,1.16123,1.16151
1772564400000,1.16154,1.16183,1.16048,1.16085
1772565300000,1.16085,1.16097,1.16015,1.16025
1772566200000,1.16023,1.16252,1.15992,1.16213
1772567100000,1.16214,1.16239,1.16112,1.1612
1772568000000,1.1611799999999999,1.16216,1.16106,1.16194
1772568900000,1.1619300000000001,1.16235,1.16151,1.16211
1772569800000,1.1621299999999999,1.1623999999999999,1.16163,1.16188
1772570700000,1.1619,1.1619599999999999,1.16129,1.16171
1772571600000,1.16169,1.16177,1.1613,1.16137
1772572500000,1.16139,1.1615099999999998,1.16115,1.1613799999999999
1772573400000,1.16137,1.16148,1.1612,1.1612500000000001
1772574300000,1.1612600000000002,1.16134,1.16094,1.16117
1772575200000,1.1611500000000001,1.1613900000000001,1.16067,1.16113
1772576100000,1.16111,1.16151,1.16106,1.1612
1772577000000,1.16114,1.1612,1.16097,1.16106
1772577900000,1.16107,1.16117,1.16097,1.16104
1772578800000,1.16104,1.1618700000000002,1.16094,1.1618600000000001
1772579700000,1.1618600000000001,1.16197,1.16151,1.1616
1772580600000,1.16161,1.16165,1.16117,1.1612
1772581500000,1.1612,1.16121,1.16083,1.16101
1772582400000,1.1610200000000002,1.1610600000000002,1.16023,1.16057
1772583300000,1.16058,1.16099,1.16011,1.16039
1772584200000,1.1604100000000002,1.16074,1.15938,1.1593900000000001
1772585100000,1.1594,1.15961,1.15916,1.15924
1772586000000,1.1592500000000001,1.1597000000000002,1.15894,1.15928
1772586900000,1.1592699999999998,1.1592699999999998,1.15742,1.1580199999999998
1772587800000,1.15796,1.15938,1.15761,1.15933
1772588700000,1.15931,1.15951,1.15906,1.15932
1772589600000,1.15934,1.1598899999999999,1.15909,1.15964
1772590500000,1.1596300000000002,1.15998,1.15941,1.15972
1772591400000,1.15974,1.16005,1.15933,1.15997
1772592300000,1.15999,1.16038,1.15971,1.15975
1772593200000,1.15976,1.15994,1.15947,1.15992
1772594100000,1.15991,1.16024,1.15981,1.15992
1772595000000,1.1599300000000001,1.16035,1.15979,1.16019
1772595900000,1.16018,1.16087,1.16015,1.1608
1772596800000,1.16079,1.16099,1.16062,1.16082
1772597700000,1.16083,1.16094,1.16033,1.1603400000000001
1772598600000,1.16035,1.16038,1.15948,1.1596600000000001
1772599500000,1.15968,1.15974,1.15896,1.15925
1772600400000,1.15924,1.1598300000000001,1.15914,1.15961
1772601300000,1.15962,1.1598300000000001,1.15894,1.15913
1772602200000,1.15914,1.15917,1.15874,1.1587900000000002
1772603100000,1.15878,1.1596499999999998,1.15864,1.15947
1772604000000,1.15943,1.15964,1.15892,1.1594499999999999
1772604900000,1.15943,1.16068,1.15937,1.16052
1772605800000,1.16053,1.16171,1.16052,1.16146
1772606700000,1.16148,1.1615600000000001,1.16101,1.16103
1772607600000,1.16102,1.16193,1.16102,1.1616
1772608500000,1.16159,1.16225,1.16122,1.16203
1772609400000,1.16216,1.1627500000000002,1.16199,1.16235
1772610300000,1.16236,1.1625,1.16152,1.1615300000000002
1772611200000,1.16158,1.16164,1.1603,1.16084
1772612100000,1.16088,1.16088,1.15983,1.15983
1772613000000,1.15981,1.1605699999999999,1.15956,1.15988
1772613900000,1.15988,1.16056,1.15945,1.15991
1772614800000,1.1599,1.16078,1.15917,1.16065
1772615700000,1.16063,1.16179,1.16063,1.16137
1772616600000,1.16136,1.16169,1.16115,1.1614
1772617500000,1.16139,1.16193,1.16061,1.16081
1772618400000,1.16084,1.16466,1.16083,1.16387
1772619300000,1.16389,1.16408,1.16286,1.16356
1772620200000,1.16354,1.1638,1.16251,1.1634
1772621100000,1.1633699999999998,1.16397,1.16298,1.1633799999999999
1772622000000,1.16336,1.16448,1.1632,1.16445
1772622900000,1.16448,1.16542,1.16428,1.16438
1772623800000,1.1643700000000001,1.1645,1.16341,1.16345
1772624700000,1.16344,1.16381,1.16303,1.16345
1772625600000,1.16346,1.16473,1.16337,1.16472
1772626500000,1.16473,1.1648100000000001,1.16314,1.1631500000000001
1772627400000,1.1631600000000002,1.16368,1.16301,1.16361
1772628300000,1.16358,1.1638,1.16255,1.16298
1772629200000,1.16297,1.16517,1.16297,1.1647100000000001
1772630100000,1.16466,1.1648100000000001,1.16361,1.16404
1772631000000,1.16407,1.16452,1.16371,1.1638
1772631900000,1.1637600000000001,1.16407,1.163,1.1630500000000001
1772632800000,1.16292,1.1637199999999999,1.16264,1.1627999999999998
1772633700000,1.1628,1.1640700000000002,1.16277,1.16341
1772634600000,1.1633799999999999,1.1637899999999999,1.16207,1.16268
1772635500000,1.16266,1.16292,1.16201,1.16243
1772636400000,1.1623999999999999,1.16276,1.1616,1.16215
1772637300000,1.16212,1.16392,1.16199,1.1638000000000002
1772638200000,1.1638,1.16391,1.16307,1.16343
1772639100000,1.16344,1.16399,1.16311,1.1639700000000002
1772640000000,1.16396,1.16456,1.16382,1.16396
1772640900000,1.16398,1.1640700000000002,1.1628,1.1631500000000001
1772641800000,1.1632,1.16413,1.16294,1.16384
1772642700000,1.16382,1.16392,1.16348,1.16367
1772643600000,1.16366,1.16432,1.16326,1.16337
1772644500000,1.1633799999999999,1.1637199999999999,1.16275,1.16281
1772645400000,1.16283,1.163,1.16259,1.16276
1772646300000,1.16277,1.1634300000000002,1.16277,1.1632500000000001
1772647200000,1.16326,1.16329,1.16265,1.16279
1772648100000,1.16278,1.16278,1.16231,1.16249
1772649000000,1.1624700000000001,1.16276,1.1624,1.1626
1772649900000,1.1626100000000001,1.16284,1.16229,1.16239
1772650800000,1.16241,1.16292,1.16241,1.16269
1772651700000,1.1627,1.16333,1.1627,1.1633200000000001
1772652600000,1.16334,1.1634,1.16299,1.16312
1772653500000,1.16313,1.16406,1.163,1.16392
1772654400000,1.16393,1.16408,1.16381,1.16399
1772655300000,1.16396,1.16406,1.16378,1.1640300000000001
1772656200000,1.16401,1.16431,1.1639,1.1642599999999999
1772657100000,1.1642700000000001,1.16429,1.16395,1.16397
1772658000000,1.16394,1.1640199999999998,1.16366,1.16391
1772658900000,1.16393,1.16412,1.16384,1.16397
1772659800000,1.16396,1.16396,1.16348,1.1635
1772660700000,1.16351,1.16367,1.16338,1.1635
1772661600000,1.1632099999999999,1.1632099999999999,1.16251,1.16286
1772662500000,1.1628900000000002,1.1632600000000002,1.16284,1.1632600000000002
1772663400000,1.16325,1.1633,1.16325,1.1632699999999998
1772664300000,1.1632,1.16337,1.1632,1.16337
1772665200000,1.16337,1.1638400000000002,1.16335,1.16351
1772666100000,1.1635,1.16363,1.16347,1.16359
1772667000000,1.16361,1.16364,1.16331,1.16347
1772667900000,1.16346,1.16355,1.16334,1.1634200000000001
1772668800000,1.16341,1.1637,1.16314,1.1636900000000001
1772669700000,1.16366,1.16436,1.1636,1.1642299999999999
1772670600000,1.16413,1.16448,1.16391,1.16434
1772671500000,1.16433,1.1644700000000001,1.16413,1.1644400000000001
1772672400000,1.16441,1.1644299999999999,1.16366,1.16407
1772673300000,1.16412,1.16463,1.16411,1.16463
1772674200000,1.16464,1.16468,1.16305,1.1632
1772675100000,1.1632,1.16322,1.16266,1.16275
1772676000000,1.1627399999999999,1.16307,1.16265,1.1629099999999999
1772676900000,1.1629099999999999,1.16312,1.16218,1.16262
1772677800000,1.16261,1.16278,1.16218,1.16273
1772678700000,1.16272,1.163,1.16238,1.16251
1772679600000,1.16252,1.16271,1.1619,1.16201
1772680500000,1.1620000000000001,1.16208,1.16118,1.1613600000000002
1772681400000,1.16137,1.16154,1.16096,1.1613499999999999
1772682300000,1.1613600000000002,1.1614900000000001,1.16104,1.16127
1772683200000,1.16123,1.16141,1.1609,1.1612500000000001
1772684100000,1.1612600000000002,1.1613,1.16067,1.16067
1772685000000,1.16066,1.16097,1.16057,1.16073
1772685900000,1.1607200000000002,1.16093,1.1605,1.1607800000000001
1772686800000,1.16077,1.16123,1.16063,1.161
1772687700000,1.16101,1.16133,1.16079,1.16108
1772688600000,1.1611099999999999,1.16113,1.16034,1.1605699999999999
1772689500000,1.16056,1.16057,1.15934,1.1594
1772690400000,1.15937,1.1595,1.15877,1.1589200000000002
1772691300000,1.15893,1.1595199999999999,1.15871,1.1594099999999998
1772692200000,1.1594300000000002,1.16002,1.15921,1.15989
1772693100000,1.15991,1.16155,1.15951,1.16063
1772694000000,1.16069,1.16113,1.16019,1.16033
1772694900000,1.16032,1.16087,1.15988,1.16079
1772695800000,1.16078,1.1615499999999999,1.16068,1.16126
1772696700000,1.1612500000000001,1.1612500000000001,1.16009,1.16042
1772697600000,1.16043,1.16043,1.15887,1.15908
1772698500000,1.15909,1.1597099999999998,1.1582,1.15827
1772699400000,1.1582599999999998,1.15939,1.1581,1.1593399999999998
1772700300000,1.1593499999999999,1.16,1.15929,1.1598199999999999
1772701200000,1.15981,1.1643999999999999,1.15959,1.16407
1772702100000,1.16406,1.16419,1.16236,1.16265
1772703000000,1.16259,1.1626,1.16137,1.16208
1772703900000,1.16211,1.16235,1.16147,1.1622
1772704800000,1.16221,1.1631,1.16215,1.16232
1772705700000,1.1623400000000002,1.16242,1.16182,1.16202
1772706600000,1.16204,1.16208,1.16065,1.16087
1772707500000,1.1608800000000001,1.16138,1.16057,1.16103
1772708400000,1.16105,1.16167,1.16058,1.16139
1772709300000,1.16136,1.1616,1.16061,1.16083
1772710200000,1.1608200000000002,1.1610200000000002,1.16033,1.1605400000000001
1772711100000,1.16052,1.16117,1.16051,1.16108
1772712000000,1.16109,1.1612,1.16068,1.16083
1772712900000,1.1608500000000002,1.16235,1.1608,1.1616600000000001
1772713800000,1.1615900000000001,1.16243,1.16152,1.16192
1772714700000,1.16187,1.16216,1.16087,1.16199
1772715600000,1.16194,1.16239,1.16157,1.1622
1772716500000,1.1621899999999998,1.1623899999999998,1.16108,1.16126
1772717400000,1.16127,1.1613,1.15975,1.15978
1772718300000,1.1597700000000002,1.1599700000000002,1.15894,1.15968
1772719200000,1.15962,1.16083,1.15958,1.15996
1772720100000,1.15997,1.16029,1.15968,1.15998
1772721000000,1.16,1.1606999999999998,1.15929,1.1594499999999999
1772721900000,1.15946,1.16054,1.15919,1.16022
1772722800000,1.16021,1.16086,1.1595,1.1600599999999999
1772723700000,1.1600199999999998,1.16021,1.15776,1.15797
1772724600000,1.15799,1.1582,1.15686,1.1572
1772725500000,1.15721,1.15844,1.15706,1.15825
1772726400000,1.15824,1.15862,1.15655,1.15738
1772727300000,1.15734,1.1574499999999999,1.15584,1.15606
1772728200000,1.15604,1.15808,1.15593,1.15791
1772729100000,1.15793,1.1583299999999999,1.15712,1.1583299999999999
1772730000000,1.15834,1.1587,1.15744,1.15774
1772730900000,1.15776,1.1588399999999999,1.15753,1.15797
1772731800000,1.15796,1.15914,1.1572,1.15847
1772732700000,1.15845,1.15889,1.15777,1.15873
1772733600000,1.15874,1.15893,1.15812,1.15846
1772734500000,1.15844,1.15853,1.15706,1.1582299999999999
1772735400000,1.15824,1.1590999999999998,1.1582,1.1589999999999998
1772736300000,1.15901,1.15902,1.15812,1.15855
1772737200000,1.1585400000000001,1.15876,1.15826,1.15847
1772738100000,1.1584599999999998,1.1584999999999999,1.15759,1.1577799999999998
1772739000000,1.1577600000000001,1.15779,1.15707,1.15763
1772739900000,1.1576199999999999,1.15774,1.15695,1.15725
1772740800000,1.15724,1.16021,1.15697,1.16015
1772741700000,1.1601599999999999,1.1609699999999998,1.15946,1.1603599999999998
1772742600000,1.16031,1.1608800000000001,1.16002,1.16042
1772743500000,1.1604599999999998,1.16075,1.1599,1.16042
1772744400000,1.16039,1.16099,1.16026,1.16059
1772745300000,1.1605999999999999,1.16061,1.1602,1.16054
1772746200000,1.16053,1.1607,1.16013,1.16043
1772747100000,1.16037,1.16083,1.16024,1.16075
1772748000000,1.16074,1.16082,1.16052,1.16054
1772748900000,1.16054,1.16089,1.16052,1.16072
1772749800000,1.16072,1.1607399999999999,1.16061,1.16061
1772750700000,1.16063,1.1606999999999998,1.16058,1.16062
1772751600000,1.16067,1.16082,1.16025,1.16071
1772752500000,1.1607299999999998,1.1609099999999999,1.16061,1.16078
1772753400000,1.16081,1.16091,1.16069,1.16088
1772754300000,1.1608800000000001,1.16097,1.1606,1.1606
1772755200000,1.16062,1.16099,1.16049,1.16087
1772756100000,1.16086,1.1613799999999999,1.16085,1.16129
1772757000000,1.1613,1.16135,1.16087,1.16106
1772757900000,1.16104,1.16121,1.16094,1.1610500000000001
1772758800000,1.16102,1.16154,1.16083,1.1614900000000001
1772759700000,1.16149,1.16157,1.16064,1.16068
1772760600000,1.16068,1.16177,1.16068,1.16143
1772761500000,1.16144,1.16197,1.16127,1.16145
1772762400000,1.16144,1.16188,1.16138,1.1616900000000001
1772763300000,1.16168,1.1620000000000001,1.16168,1.16185
1772764200000,1.16184,1.1619700000000002,1.16155,1.1617300000000002
1772765100000,1.16174,1.16186,1.16147,1.16159
1772766000000,1.16157,1.16194,1.16157,1.16168
1772766900000,1.16169,1.16201,1.16157,1.16188
1772767800000,1.16188,1.16193,1.16157,1.16169
1772768700000,1.16168,1.16201,1.16164,1.16195
1772769600000,1.16194,1.16197,1.16177,1.16188
1772770500000,1.1618899999999999,1.1620199999999998,1.16173,1.16194
1772771400000,1.16194,1.16205,1.16167,1.16173
1772772300000,1.16173,1.16173,1.16126,1.16132
1772773200000,1.1613,1.16143,1.16113,1.16115
1772774100000,1.16114,1.1612900000000002,1.16101,1.1611600000000002
1772775000000,1.16115,1.16161,1.16092,1.1615199999999999
1772775900000,1.1615099999999998,1.16153,1.16051,1.16058
1772776800000,1.16059,1.16086,1.16013,1.1603800000000002
1772777700000,1.16033,1.16079,1.16032,1.1605
1772778600000,1.16049,1.16086,1.16041,1.1605699999999999
1772779500000,1.1605400000000001,1.1611500000000001,1.16053,1.1611200000000002
1772780400000,1.1611200000000002,1.1612500000000001,1.1606,1.1607500000000002
1772781300000,1.16077,1.1617600000000001,1.1607,1.1611
1772782200000,1.1611,1.16154,1.16088,1.1613799999999999
1772783100000,1.1614200000000001,1.16157,1.16104,1.1614
1772784000000,1.16134,1.1613900000000001,1.16033,1.1609800000000001
1772784900000,1.16099,1.16129,1.16022,1.16032
1772785800000,1.16032,1.1613499999999999,1.16027,1.16093
1772786700000,1.1609399999999999,1.1611399999999998,1.1601,1.16024
1772787600000,1.1602400000000002,1.1602400000000002,1.15897,1.15904
1772788500000,1.1590200000000002,1.15918,1.15823,1.15829
1772789400000,1.1582700000000001,1.1584,1.15748,1.15772
1772790300000,1.15774,1.1579599999999999,1.15712,1.15736
1772791200000,1.15736,1.1582,1.15723,1.15775
1772792100000,1.15776,1.15844,1.1575,1.158
1772793000000,1.15799,1.15833,1.15762,1.15764
1772793900000,1.15764,1.15831,1.15756,1.15778
1772794800000,1.1577899999999999,1.15807,1.15658,1.15798
1772795700000,1.15802,1.15805,1.15736,1.15776
1772796600000,1.15777,1.1577899999999999,1.15637,1.15654
1772797500000,1.15653,1.15684,1.15606,1.1562000000000001
1772798400000,1.1562800000000002,1.1564500000000002,1.15518,1.1552300000000002
1772799300000,1.15524,1.15634,1.15523,1.15618
1772800200000,1.1561899999999998,1.15681,1.15603,1.1564199999999998
1772801100000,1.1563999999999999,1.15663,1.15536,1.1554499999999999
1772802000000,1.15543,1.15651,1.15539,1.15638
1772802900000,1.15636,1.1567,1.15609,1.15635
1772803800000,1.15633,1.1592200000000001,1.15633,1.15893
1772804700000,1.15894,1.1589800000000001,1.15501,1.1554600000000002
1772805600000,1.15544,1.1562199999999998,1.15461,1.1556099999999998
1772806500000,1.15555,1.15584,1.15456,1.15571
1772807400000,1.1557000000000002,1.1569900000000002,1.15535,1.1565800000000002
1772808300000,1.15657,1.15741,1.15623,1.1571500000000001
1772809200000,1.15713,1.15922,1.15713,1.15894
1772810100000,1.1587999999999998,1.15923,1.15719,1.1575199999999999
1772811000000,1.15754,1.15848,1.15737,1.15775
1772811900000,1.15774,1.15817,1.157,1.15791
1772812800000,1.1579,1.15995,1.15784,1.15892
1772813700000,1.15893,1.16063,1.15887,1.1596600000000001
1772814600000,1.15967,1.16086,1.15941,1.16082
1772815500000,1.16081,1.16125,1.16001,1.1605
1772816400000,1.16045,1.16081,1.15956,1.1595799999999998
1772817300000,1.15959,1.1609,1.15947,1.15949
1772818200000,1.15948,1.1601,1.15943,1.15988
1772819100000,1.15989,1.1605100000000002,1.15952,1.15952
1772820000000,1.15956,1.16167,1.15944,1.16138
1772820900000,1.16138,1.16209,1.16042,1.16056
1772821800000,1.16055,1.16098,1.15994,1.16021
1772822700000,1.16022,1.1603700000000001,1.15924,1.15979
1772823600000,1.1598400000000002,1.16059,1.15962,1.1604700000000001
1772824500000,1.16043,1.1608500000000002,1.16002,1.16056
1772825400000,1.16054,1.16077,1.16015,1.1604
1772826300000,1.16039,1.16091,1.16002,1.16008
1772827200000,1.1601,1.1605299999999998,1.1601,1.16048
1772828100000,1.16048,1.16048,1.15967,1.15981
1772829000000,1.15981,1.1606500000000002,1.15952,1.1602100000000002
1772829900000,1.16022,1.16093,1.16018,1.16053
1772830800000,1.1605100000000002,1.1616600000000001,1.16046,1.16164
1772831700000,1.16164,1.16176,1.16142,1.16156
1772832600000,1.1615499999999999,1.1615499999999999,1.16105,1.1610699999999998
1772833500000,1.16097,1.16178,1.16065,1.1616499999999998
1773003600000,1.15449,1.15568,1.1544,1.1553600000000002
1773004500000,1.15536,1.15544,1.15485,1.15522
1773005400000,1.1553,1.15545,1.15467,1.15487
1773006300000,1.1546399999999999,1.15489,1.15445,1.1546
1773007200000,1.1546,1.15518,1.15297,1.1529800000000001
1773008100000,1.15299,1.155,1.15249,1.15414
1773009000000,1.15417,1.15445,1.15315,1.15322
1773009900000,1.1532200000000001,1.15421,1.15317,1.15354
1773010800000,1.15355,1.15393,1.15289,1.1532799999999999
1773011700000,1.15329,1.15364,1.15266,1.15308
1773012600000,1.15307,1.15362,1.15242,1.15271
1773013500000,1.15273,1.15285,1.15207,1.15238
1773014400000,1.15237,1.15275,1.152,1.15222
1773015300000,1.15221,1.15234,1.15174,1.15201
1773016200000,1.152,1.15309,1.15198,1.15242
1773017100000,1.1524299999999998,1.15244,1.15153,1.15167
1773018000000,1.15168,1.15185,1.15099,1.1514199999999999
1773018900000,1.15143,1.1516,1.15082,1.15137
1773019800000,1.15138,1.1523400000000001,1.15124,1.15169
1773020700000,1.15168,1.15191,1.15065,1.15086
1773021600000,1.15087,1.15205,1.15087,1.15142
1773022500000,1.1514,1.1518599999999999,1.15079,1.15166
1773023400000,1.15164,1.15277,1.15138,1.15259
1773024300000,1.15252,1.15271,1.15214,1.15242
1773025200000,1.15241,1.15283,1.1519,1.15217
1773026100000,1.15212,1.15259,1.15195,1.15195
1773027000000,1.15194,1.1521599999999999,1.15122,1.15133
1773027900000,1.15134,1.15176,1.15126,1.15161
1773028800000,1.15162,1.15251,1.15154,1.15222
1773029700000,1.15222,1.1524699999999999,1.15197,1.15218
1773030600000,1.1522000000000001,1.15287,1.15206,1.1528
1773031500000,1.15274,1.1528900000000002,1.1524,1.15253
1773032400000,1.15253,1.15354,1.15233,1.1533200000000001
1773033300000,1.15333,1.156,1.15288,1.1555199999999999
1773034200000,1.15556,1.1562299999999999,1.15445,1.15515
1773035100000,1.15514,1.15709,1.15506,1.15669
1773036000000,1.15669,1.15684,1.15551,1.15568
1773036900000,1.15571,1.15607,1.1551,1.15531
1773037800000,1.15532,1.1564699999999999,1.15532,1.1559199999999998
1773038700000,1.15597,1.15598,1.15442,1.15443
1773039600000,1.15441,1.15552,1.15354,1.15466
1773040500000,1.1546699999999999,1.1551,1.154,1.15509
1773041400000,1.15507,1.15615,1.15485,1.15567
1773042300000,1.1556499999999998,1.1564599999999998,1.15542,1.1562899999999998
1773043200000,1.15633,1.1564699999999999,1.15486,1.15495
1773044100000,1.15496,1.15496,1.15211,1.1522
1773045000000,1.15216,1.1527,1.15147,1.15262
1773045900000,1.1526,1.1535,1.15192,1.1534
1773046800000,1.1534600000000002,1.15438,1.15304,1.1542400000000002
1773047700000,1.1542000000000001,1.1554900000000001,1.15396,1.15491
1773048600000,1.15492,1.15726,1.15455,1.15548
1773049500000,1.15548,1.15652,1.15527,1.15534
1773050400000,1.15535,1.15612,1.15464,1.1548600000000002
1773051300000,1.1548800000000001,1.15592,1.15463,1.15582
1773052200000,1.15581,1.15629,1.15517,1.15626
1773053100000,1.15625,1.1564299999999998,1.15509,1.15598
1773054000000,1.156,1.15672,1.1558,1.1566699999999999
1773054900000,1.1566800000000002,1.1567200000000002,1.15569,1.15586
1773055800000,1.1559,1.1564899999999998,1.15549,1.15556
1773056700000,1.15554,1.1564299999999998,1.15546,1.1560599999999999
1773057600000,1.15608,1.15679,1.15582,1.15621
1773058500000,1.1561899999999998,1.15651,1.15583,1.1561599999999999
1773059400000,1.15615,1.15642,1.15577,1.15599
1773060300000,1.15597,1.15623,1.15496,1.15527
1773061200000,1.1553900000000001,1.1569200000000002,1.15518,1.15676
1773062100000,1.15675,1.1577899999999999,1.15648,1.1577199999999999
1773063000000,1.1576899999999999,1.15872,1.15732,1.1577899999999999
1773063900000,1.1578199999999998,1.15821,1.15695,1.15753
1773064800000,1.15757,1.15775,1.1547,1.15591
1773065700000,1.15591,1.15679,1.15562,1.1563700000000001
1773066600000,1.15637,1.15713,1.15598,1.15709
1773067500000,1.1571,1.1576199999999999,1.15692,1.15724
1773068400000,1.15726,1.15849,1.15719,1.15848
1773069300000,1.1585,1.1588100000000001,1.15769,1.15859
1773070200000,1.15856,1.1588500000000002,1.15806,1.1586100000000001
1773071100000,1.15862,1.15933,1.15846,1.1591
1773072000000,1.15911,1.15985,1.159,1.159
1773072900000,1.1590099999999999,1.15934,1.15848,1.15903
1773073800000,1.15903,1.15984,1.15902,1.15963
1773074700000,1.15964,1.1598600000000001,1.15857,1.1587100000000001
1773075600000,1.1587,1.15889,1.15829,1.1585100000000002
1773076500000,1.1585,1.15852,1.15802,1.1583
1773077400000,1.15829,1.15842,1.15805,1.1583
1773078300000,1.1583100000000002,1.15866,1.15779,1.1578300000000001
1773079200000,1.1578199999999998,1.15838,1.15773,1.15817
1773080100000,1.1581199999999998,1.15828,1.15776,1.1580499999999998
1773081000000,1.15804,1.15825,1.15767,1.1576899999999999
1773081900000,1.15768,1.15802,1.15753,1.15759
1773082800000,1.1576,1.1583599999999998,1.15749,1.15818
1773083700000,1.15817,1.16201,1.15815,1.16172
1773084600000,1.1617300000000002,1.16239,1.1607,1.16233
1773085500000,1.16232,1.1633099999999998,1.16078,1.16083
1773086400000,1.16083,1.16161,1.16082,1.16141
1773087300000,1.1614,1.16191,1.16113,1.16174
1773088200000,1.16172,1.16276,1.16141,1.16275
1773089100000,1.16273,1.1636900000000001,1.16239,1.16356
1773090000000,1.1633900000000001,1.1635300000000002,1.16311,1.16337
1773090900000,1.16337,1.1634499999999999,1.16329,1.16337
1773091800000,1.16337,1.16342,1.16319,1.1632799999999999
1773092700000,1.1632399999999998,1.16364,1.16322,1.16364
1773093600000,1.1634799999999998,1.16448,1.16312,1.16448
1773094500000,1.1644700000000001,1.16449,1.1626,1.16286
1773095400000,1.16285,1.1632799999999999,1.1622,1.1622999999999999
1773096300000,1.1623,1.1629900000000002,1.1623,1.1629
1773097200000,1.1629099999999999,1.16301,1.16218,1.16264
1773098100000,1.1626400000000001,1.16309,1.16249,1.16268
1773099000000,1.1626400000000001,1.16266,1.16152,1.16155
1773099900000,1.16157,1.1617899999999999,1.16142,1.16159
1773100800000,1.16154,1.1617499999999998,1.16112,1.16144
1773101700000,1.16144,1.16275,1.16134,1.16274
1773102600000,1.16273,1.1635,1.16229,1.16338
1773103500000,1.16339,1.16339,1.16215,1.16257
1773104400000,1.16249,1.16274,1.16213,1.1624400000000001
1773105300000,1.16248,1.16292,1.16141,1.16162
1773106200000,1.16161,1.16181,1.16127,1.16145
1773107100000,1.16144,1.1621,1.16113,1.16193
1773108000000,1.16194,1.1622000000000001,1.16168,1.16219
1773108900000,1.16218,1.16262,1.16201,1.16245
1773109800000,1.16242,1.1625,1.16175,1.1619000000000002
1773110700000,1.1618899999999999,1.1620199999999998,1.16112,1.16127
1773111600000,1.1612799999999999,1.1615099999999998,1.16095,1.1611799999999999
1773112500000,1.1611900000000002,1.16144,1.16097,1.1609800000000001
1773113400000,1.16099,1.16115,1.16092,1.16099
1773114300000,1.1609900000000002,1.1611,1.16074,1.1609
1773115200000,1.1609399999999999,1.1611799999999999,1.16064,1.1611799999999999
1773116100000,1.16117,1.16118,1.16096,1.16107
1773117000000,1.1610800000000001,1.1612200000000001,1.16097,1.1611500000000001
1773117900000,1.1611500000000001,1.16138,1.16101,1.16113
1773118800000,1.16111,1.16178,1.16111,1.1616300000000002
1773119700000,1.16164,1.1619400000000002,1.16162,1.1618000000000002
1773120600000,1.1617899999999999,1.16186,1.16143,1.16144
1773121500000,1.1614499999999999,1.16197,1.16143,1.16197
1773122400000,1.16198,1.16287,1.16198,1.1628
1773123300000,1.16285,1.16301,1.16259,1.1628
1773124200000,1.16278,1.16356,1.16268,1.1635
1773125100000,1.1634499999999999,1.16369,1.16288,1.16319
1773126000000,1.16319,1.16412,1.16282,1.16287
1773126900000,1.1628399999999999,1.16455,1.16272,1.16445
1773127800000,1.16449,1.16523,1.16412,1.16518
1773128700000,1.16521,1.1663000000000001,1.16518,1.1660000000000001
1773129600000,1.1658899999999999,1.1661299999999999,1.16492,1.16512
1773130500000,1.16513,1.16554,1.16472,1.16539
1773131400000,1.16538,1.16593,1.16476,1.16548
1773132300000,1.1655,1.1656600000000001,1.16426,1.16453
1773133200000,1.16451,1.16564,1.16434,1.1654499999999999
1773134100000,1.16544,1.16575,1.16497,1.16524
1773135000000,1.16523,1.16582,1.16517,1.16577
1773135900000,1.16576,1.16584,1.16502,1.16506
1773136800000,1.1650800000000001,1.16512,1.16449,1.1646400000000001
1773137700000,1.16462,1.1646500000000002,1.16416,1.16442
1773138600000,1.16443,1.16443,1.16198,1.16353
1773139500000,1.16354,1.16392,1.16306,1.16389
1773140400000,1.16391,1.1652500000000001,1.16379,1.16446
1773141300000,1.1644400000000001,1.1647100000000001,1.16392,1.1643400000000002
1773142200000,1.16435,1.16445,1.16372,1.1642700000000001
1773143100000,1.16426,1.16472,1.16357,1.16379
1773144000000,1.16382,1.16401,1.16209,1.16256
1773144900000,1.1625299999999998,1.1631799999999999,1.1622,1.16268
1773145800000,1.16269,1.16308,1.16227,1.16295
1773146700000,1.16298,1.16403,1.16296,1.1634
1773147600000,1.1633900000000001,1.16442,1.16331,1.16409
1773148500000,1.16411,1.16483,1.16395,1.16441
1773149400000,1.16443,1.16453,1.16327,1.16383
1773150300000,1.16382,1.16382,1.16286,1.16317
1773151200000,1.16315,1.16343,1.16265,1.16302
1773152100000,1.16298,1.16384,1.16295,1.1638199999999999
1773153000000,1.16381,1.16492,1.16381,1.16477
1773153900000,1.16482,1.16498,1.16397,1.16478
1773154800000,1.16476,1.1651,1.16414,1.1644999999999999
1773155700000,1.16449,1.1649800000000001,1.16392,1.1644
1773156600000,1.16435,1.16545,1.16423,1.16535
1773157500000,1.1653699999999998,1.1654499999999999,1.16437,1.1646999999999998
1773158400000,1.1647100000000001,1.16472,1.16385,1.16419
1773159300000,1.16418,1.16464,1.1641,1.1644899999999998
1773160200000,1.1644999999999999,1.16539,1.16444,1.16469
1773161100000,1.1646800000000002,1.1654,1.16423,1.16513
1773162000000,1.16511,1.1660300000000001,1.16511,1.16547
1773162900000,1.1654600000000002,1.16667,1.16538,1.16591
1773163800000,1.1658799999999998,1.1659,1.1643,1.1643899999999998
1773164700000,1.16438,1.16457,1.16409,1.1644700000000001
1773165600000,1.16452,1.16453,1.1628,1.1628800000000001
1773166500000,1.16289,1.1637,1.16134,1.16333
1773167400000,1.1633399999999998,1.16388,1.16234,1.1625299999999998
1773168300000,1.1624999999999999,1.16325,1.16224,1.16239
1773169200000,1.1624,1.16263,1.16195,1.16252
1773170100000,1.16253,1.1628100000000001,1.16151,1.1615600000000001
1773171000000,1.16154,1.16194,1.16051,1.1613799999999999
1773171900000,1.16139,1.1615,1.16079,1.16137
1773172800000,1.1613900000000001,1.16147,1.16073,1.16127
1773173700000,1.16127,1.16147,1.16094,1.1614
1773174600000,1.16141,1.1614200000000001,1.16101,1.16103
1773175500000,1.16101,1.1611200000000002,1.16074,1.1607900000000002
1773176400000,1.1608800000000001,1.1609800000000001,1.1605,1.1605
1773177300000,1.1604999999999999,1.16088,1.16048,1.16088
1773178200000,1.16088,1.1610399999999998,1.16065,1.16093
1773179100000,1.16095,1.16115,1.16088,1.16089
1773180000000,1.16099,1.1612500000000001,1.16073,1.16083
1773180900000,1.16084,1.1608800000000001,1.16057,1.16059
1773181800000,1.16059,1.16069,1.16025,1.16038
1773182700000,1.16039,1.1604999999999999,1.16024,1.1604299999999999
1773183600000,1.16043,1.1609800000000001,1.16043,1.1609500000000001
1773184500000,1.1609500000000001,1.16104,1.16077,1.1607800000000001
1773185400000,1.1607800000000001,1.1610200000000002,1.16077,1.16096
1773186300000,1.16095,1.16115,1.16088,1.16109
1773187200000,1.16112,1.16234,1.16052,1.16212
1773188100000,1.1621199999999998,1.16238,1.16183,1.16208
1773189000000,1.16207,1.16234,1.16171,1.16221
1773189900000,1.16221,1.16243,1.16175,1.1617600000000001
1773190800000,1.1617499999999998,1.1619899999999999,1.16119,1.1618
1773191700000,1.16182,1.1625,1.16162,1.1624500000000002
1773192600000,1.1624400000000001,1.1625,1.16206,1.16239
1773193500000,1.1624,1.16275,1.16232,1.16263
1773194400000,1.16266,1.16281,1.16224,1.16234
1773195300000,1.16235,1.16263,1.16199,1.16199
1773196200000,1.16199,1.16225,1.16181,1.16223
1773197100000,1.16219,1.16287,1.16215,1.16253
1773198000000,1.16252,1.16289,1.16245,1.1627
1773198900000,1.16269,1.1627599999999998,1.16247,1.1624899999999998
1773199800000,1.16249,1.16312,1.16249,1.16299
1773200700000,1.16302,1.16312,1.16259,1.16298
1773201600000,1.1629800000000001,1.16311,1.16273,1.1630800000000001
1773202500000,1.1630500000000001,1.16317,1.16294,1.1631500000000001
1773203400000,1.16313,1.16328,1.16307,1.1632500000000001
1773204300000,1.1632399999999998,1.16346,1.16315,1.16332
1773205200000,1.16331,1.16354,1.16311,1.16313
1773206100000,1.1631799999999999,1.1633,1.16295,1.16306
1773207000000,1.16305,1.16349,1.16302,1.1633
1773207900000,1.1633,1.1635,1.16306,1.16324
1773208800000,1.1632500000000001,1.1639000000000002,1.16318,1.16388
1773209700000,1.1638899999999999,1.16404,1.16339,1.1635199999999999
1773210600000,1.1635300000000002,1.16391,1.16331,1.16354
1773211500000,1.16354,1.1636,1.16293,1.16329
1773212400000,1.16325,1.1635,1.16271,1.1627399999999999
1773213300000,1.1627699999999999,1.16449,1.16231,1.16295
1773214200000,1.16296,1.16306,1.16144,1.16164
1773215100000,1.16164,1.16219,1.1613,1.16164
1773216000000,1.16167,1.16208,1.16124,1.16199
1773216900000,1.16198,1.16198,1.16101,1.16145
1773217800000,1.16144,1.16161,1.1606,1.16062
1773218700000,1.16061,1.1612799999999999,1.16031,1.1612
1773219600000,1.1612,1.16134,1.15899,1.16014
1773220500000,1.16012,1.16026,1.15908,1.1592
1773221400000,1.1592,1.16012,1.15913,1.15944
1773222300000,1.15943,1.15961,1.15897,1.15916
1773223200000,1.1591699999999998,1.1601199999999998,1.15905,1.1601
1773224100000,1.16008,1.1604700000000001,1.16006,1.16033
1773225000000,1.16039,1.16112,1.16017,1.1609399999999999
1773225900000,1.16095,1.16106,1.16044,1.16066
1773226800000,1.16064,1.1608999999999998,1.16027,1.1606999999999998
1773227700000,1.16068,1.1610099999999999,1.16,1.16017
1773228600000,1.16016,1.16041,1.15994,1.1602
1773229500000,1.16022,1.1609,1.1594,1.1594
1773230400000,1.15941,1.1597,1.15924,1.15938
1773231300000,1.15939,1.16016,1.15933,1.16
1773232200000,1.16021,1.16048,1.15864,1.1590399999999998
1773233100000,1.1590500000000001,1.1590500000000001,1.15768,1.15819
1773234000000,1.15807,1.1589399999999999,1.1578,1.15841
1773234900000,1.1584,1.15911,1.15829,1.15876
1773235800000,1.15875,1.15899,1.15805,1.15821
1773236700000,1.15818,1.15927,1.15773,1.15912
1773237600000,1.15907,1.16122,1.15852,1.15965
1773238500000,1.15964,1.1599199999999998,1.15875,1.15924
1773239400000,1.1592500000000001,1.15964,1.15826,1.15863
1773240300000,1.1586400000000001,1.1594200000000001,1.15805,1.15814
1773241200000,1.1581499999999998,1.15837,1.15759,1.1576
1773242100000,1.15759,1.1578,1.15736,1.15742
1773243000000,1.15744,1.1575799999999998,1.15695,1.1570699999999998
1773243900000,1.15706,1.15744,1.15649,1.15656
1773244800000,1.15655,1.15711,1.15625,1.1571
1773245700000,1.1571099999999999,1.15746,1.15672,1.15696
1773246600000,1.15695,1.1576,1.15686,1.15692
1773247500000,1.1569099999999999,1.1571099999999999,1.15675,1.1570399999999998
1773248400000,1.15706,1.15757,1.15685,1.15742
1773249300000,1.15743,1.15753,1.15693,1.1575
1773250200000,1.15753,1.1575799999999998,1.15603,1.15669
1773251100000,1.1566999999999998,1.1572099999999998,1.15654,1.1570699999999998
1773252000000,1.15706,1.1571200000000001,1.15636,1.15691
1773252900000,1.1569,1.1573499999999999,1.15685,1.15716
1773253800000,1.15713,1.15732,1.15699,1.15716
1773254700000,1.1571699999999998,1.1573799999999999,1.15688,1.1571099999999999
1773255600000,1.1571,1.15712,1.15675,1.15693
1773256500000,1.15691,1.15724,1.1568,1.15694
1773257400000,1.15695,1.1571799999999999,1.15688,1.1571699999999998
1773258300000,1.15718,1.15757,1.15704,1.1572600000000002
1773259200000,1.15729,1.15729,1.1569,1.1571500000000001
1773260100000,1.15714,1.15715,1.15696,1.15696
1773261000000,1.15695,1.15707,1.15655,1.1565699999999999
1773261900000,1.1565599999999998,1.15665,1.15644,1.15664
1773262800000,1.15661,1.15663,1.15641,1.15656
1773263700000,1.15655,1.1567,1.15645,1.15646
1773264600000,1.15648,1.15664,1.15648,1.15659
1773265500000,1.15662,1.1573,1.15641,1.15722
1773266400000,1.15729,1.1573499999999999,1.15662,1.15678
1773267300000,1.1567800000000001,1.15684,1.15596,1.1560400000000002
1773268200000,1.15605,1.15608,1.15506,1.15507
1773269100000,1.15507,1.15535,1.15491,1.1549500000000001
1773270000000,1.15496,1.15533,1.15475,1.15486
1773270900000,1.1549,1.1549099999999999,1.15445,1.15445
1773271800000,1.15444,1.1544599999999998,1.15393,1.15414
1773272700000,1.15415,1.15431,1.15392,1.15422
1773273600000,1.1542100000000002,1.15425,1.15335,1.15335
1773274500000,1.15336,1.15402,1.15336,1.1538899999999999
1773275400000,1.15393,1.15471,1.1537,1.15466
1773276300000,1.1546699999999999,1.15495,1.15451,1.1545299999999998
1773277200000,1.15453,1.15506,1.15449,1.15485
1773278100000,1.15486,1.1553,1.15465,1.1552499999999999
1773279000000,1.1552499999999999,1.1555,1.15495,1.15543
1773279900000,1.15545,1.15545,1.1548,1.1550200000000002
1773280800000,1.1550500000000001,1.15538,1.15497,1.1549800000000001
1773281700000,1.15497,1.15498,1.15404,1.1540599999999999
1773282600000,1.15405,1.1542000000000001,1.15318,1.15348
1773283500000,1.1534900000000001,1.1539000000000001,1.15328,1.1538300000000001
1773284400000,1.1538,1.15398,1.15326,1.15346
1773285300000,1.15348,1.15378,1.15333,1.15351
1773286200000,1.1535,1.1538499999999998,1.15346,1.1537899999999999
1773287100000,1.1537899999999999,1.1539599999999999,1.15363,1.15377
1773288000000,1.15377,1.15387,1.15364,1.15381
1773288900000,1.15383,1.15393,1.15373,1.15388
1773289800000,1.1538700000000002,1.1539000000000001,1.15318,1.15321
1773290700000,1.1532,1.15343,1.15315,1.15326
1773291600000,1.15324,1.15432,1.15321,1.1539000000000001
1773292500000,1.15391,1.15418,1.15356,1.15403
1773293400000,1.1540300000000001,1.15442,1.15398,1.15433
1773294300000,1.1543299999999999,1.15446,1.15363,1.1539
1773295200000,1.15388,1.15482,1.15387,1.15427
1773296100000,1.15428,1.1548699999999998,1.15414,1.1546999999999998
1773297000000,1.1547,1.1549900000000002,1.15457,1.15486
1773297900000,1.15486,1.15509,1.15441,1.15473
1773298800000,1.1547200000000002,1.15513,1.15457,1.15513
1773299700000,1.1551200000000001,1.1552200000000001,1.15487,1.1549200000000002
1773300600000,1.1549099999999999,1.1549699999999998,1.1542,1.15471
1773301500000,1.1547,1.15507,1.15411,1.15507
1773302400000,1.15513,1.15555,1.15501,1.15538
1773303300000,1.15536,1.1555199999999999,1.15482,1.15482
1773304200000,1.15483,1.15495,1.15445,1.15485
1773305100000,1.1549,1.15497,1.15428,1.15468
1773306000000,1.15469,1.15482,1.15441,1.15456
1773306900000,1.15455,1.15553,1.15449,1.15548
1773307800000,1.15544,1.1559300000000001,1.15544,1.15588
1773308700000,1.1559,1.15608,1.15561,1.1559
1773309600000,1.15589,1.15623,1.15565,1.15571
1773310500000,1.15567,1.1557,1.15489,1.1549099999999999
1773311400000,1.15488,1.15556,1.15488,1.15526
1773312300000,1.15525,1.1557700000000002,1.15518,1.1557300000000001
1773313200000,1.1557199999999999,1.15603,1.15546,1.15581
1773314100000,1.1558199999999998,1.15603,1.15566,1.15588
1773315000000,1.15591,1.1565699999999999,1.15577,1.15621
1773315900000,1.15623,1.15631,1.1552,1.15558
1773316800000,1.1556099999999998,1.1556799999999998,1.15444,1.15461
1773317700000,1.1546299999999998,1.15469,1.15363,1.1539899999999998
1773318600000,1.15398,1.15403,1.15326,1.15351
1773319500000,1.1535,1.15398,1.15321,1.15388
1773320400000,1.15389,1.15499,1.15382,1.15391
1773321300000,1.1539,1.15398,1.15197,1.1535799999999998
1773322200000,1.15357,1.15387,1.15306,1.15343
1773323100000,1.15341,1.15341,1.15205,1.15256
1773324000000,1.1525699999999999,1.1531099999999999,1.15227,1.15276
1773324900000,1.1528100000000001,1.15326,1.15195,1.15196
1773325800000,1.15195,1.1524299999999998,1.15163,1.1523599999999998
1773326700000,1.15235,1.1531500000000001,1.15151,1.1520000000000001
1773327600000,1.15196,1.15216,1.15103,1.15136
1773328500000,1.1513499999999999,1.15198,1.15129,1.15194
1773329400000,1.1519300000000001,1.1527800000000001,1.15151,1.15243
1773330300000,1.15246,1.15262,1.15184,1.15214
1773331200000,1.15212,1.15242,1.15131,1.15184
1773332100000,1.15185,1.1532,1.1516,1.15201
1773333000000,1.15199,1.15264,1.15165,1.1522700000000001
1773333900000,1.15226,1.15242,1.15175,1.15215
1773334800000,1.15214,1.15313,1.1521,1.1522899999999998
1773335700000,1.15228,1.1529699999999998,1.15193,1.1524999999999999
1773336600000,1.15251,1.15265,1.1521,1.15245
1773337500000,1.15246,1.15246,1.15188,1.15214
1773338400000,1.15213,1.15238,1.15191,1.15204
1773339300000,1.15206,1.15213,1.15137,1.15139
1773340200000,1.1514,1.1516,1.15107,1.1512900000000001
1773341100000,1.1512799999999999,1.15153,1.15109,1.15117
1773342000000,1.15115,1.1517,1.15102,1.1515
1773342900000,1.15151,1.1515900000000001,1.15127,1.1515
1773343800000,1.15151,1.15179,1.15151,1.15171
1773344700000,1.15172,1.15178,1.15134,1.15145
1773345600000,1.15142,1.15158,1.15114,1.15125
1773346500000,1.15124,1.1512900000000001,1.15097,1.15097
1773347400000,1.151,1.15134,1.151,1.15133
1773348300000,1.15133,1.15155,1.1509,1.151
1773349200000,1.15104,1.15114,1.15081,1.1510600000000002
1773350100000,1.1509699999999998,1.1511099999999999,1.15095,1.1510699999999998
1773351000000,1.15107,1.15107,1.15102,1.15106
1773351900000,1.15102,1.15106,1.151,1.151
1773352800000,1.15104,1.15154,1.151,1.15143
1773353700000,1.15144,1.15179,1.15134,1.15175
1773354600000,1.15174,1.15208,1.15172,1.15189
1773355500000,1.15184,1.1518899999999999,1.15159,1.15184
1773356400000,1.15184,1.1520000000000001,1.15168,1.15189
1773357300000,1.15189,1.1519000000000001,1.15145,1.1516000000000002
1773358200000,1.15161,1.1519000000000001,1.15158,1.15185
1773359100000,1.1518300000000001,1.15225,1.15179,1.15203
1773360000000,1.15205,1.1526500000000002,1.15199,1.15262
1773360900000,1.1526100000000001,1.1527800000000001,1.1525,1.1525800000000002
1773361800000,1.15255,1.15258,1.15207,1.1521299999999999
1773362700000,1.15212,1.15248,1.15209,1.1523
1773363600000,1.15229,1.1529099999999999,1.15228,1.15271
1773364500000,1.1527,1.1527800000000001,1.15233,1.15243
1773365400000,1.15242,1.15249,1.15188,1.15188
1773366300000,1.1518199999999998,1.1519199999999998,1.15139,1.15159
1773367200000,1.15161,1.15217,1.15161,1.15174
1773368100000,1.15172,1.15182,1.15158,1.15161
1773369000000,1.15161,1.1518199999999998,1.15119,1.15119
1773369900000,1.15122,1.15157,1.15106,1.15131
1773370800000,1.15127,1.15152,1.15091,1.1509200000000002
1773371700000,1.15093,1.15098,1.15065,1.15072
1773372600000,1.1506800000000001,1.15076,1.15043,1.15074
1773373500000,1.15075,1.1509399999999999,1.15068,1.1508699999999998
1773374400000,1.1508399999999999,1.1508699999999998,1.15054,1.1505599999999998
1773375300000,1.1505699999999999,1.15066,1.15034,1.15039
1773376200000,1.1504,1.1504,1.14995,1.15012
1773377100000,1.15012,1.1503100000000002,1.15009,1.1502700000000001
1773378000000,1.15028,1.15035,1.15002,1.15019
1773378900000,1.15017,1.1504,1.15015,1.15034
1773379800000,1.15035,1.15059,1.15022,1.15024
1773380700000,1.15023,1.15038,1.14995,1.15002
1773381600000,1.1500299999999999,1.1502899999999998,1.14993,1.14998
1773382500000,1.14995,1.14998,1.1496,1.14966
1773383400000,1.14967,1.1497199999999999,1.14899,1.14931
1773384300000,1.1493399999999998,1.14943,1.14817,1.14822
1773385200000,1.14823,1.1483100000000002,1.14738,1.1474
1773386100000,1.14733,1.1474900000000001,1.1466,1.14714
1773387000000,1.14713,1.14741,1.14649,1.14667
1773387900000,1.14671,1.14684,1.14537,1.14573
1773388800000,1.14572,1.14586,1.14371,1.1439300000000001
1773389700000,1.14392,1.14404,1.14324,1.14371
1773390600000,1.14368,1.1451500000000001,1.14368,1.1443400000000001
1773391500000,1.14433,1.1445400000000001,1.14389,1.14445
1773392400000,1.14448,1.1457899999999999,1.14448,1.1457899999999999
1773393300000,1.14581,1.1459,1.14526,1.14585
1773394200000,1.1458400000000002,1.1461100000000002,1.14508,1.1451300000000002
1773395100000,1.14515,1.14547,1.14503,1.14527
1773396000000,1.14526,1.14643,1.14524,1.14613
1773396900000,1.14612,1.1461999999999999,1.14519,1.1454799999999998
1773397800000,1.14547,1.1459,1.14516,1.14584
1773398700000,1.14585,1.14716,1.14521,1.14579
1773399600000,1.14578,1.14682,1.1455,1.14556
1773400500000,1.14557,1.14686,1.14548,1.1465400000000001
1773401400000,1.14655,1.14702,1.14577,1.14649
1773402300000,1.14653,1.14701,1.14647,1.1467900000000002
1773403200000,1.14677,1.14726,1.14611,1.14628
1773404100000,1.1462700000000001,1.14742,1.14605,1.1468800000000001
1773405000000,1.14701,1.1475000000000002,1.14647,1.14737
1773405900000,1.14735,1.1488,1.14734,1.14774
1773406800000,1.14773,1.1483199999999998,1.14732,1.14814
1773407700000,1.14815,1.1481700000000001,1.14734,1.14768
1773408600000,1.14767,1.1488399999999999,1.14767,1.14863
1773409500000,1.14865,1.14895,1.14776,1.1477899999999999
1773410400000,1.1478199999999998,1.1478499999999998,1.14715,1.14743
1773411300000,1.1474000000000002,1.1477600000000001,1.14691,1.14759
1773412200000,1.14758,1.14843,1.14657,1.14659
1773413100000,1.1465699999999999,1.14675,1.1455,1.14568
1773414000000,1.14567,1.14606,1.1452,1.14598
1773414900000,1.14598,1.1460100000000002,1.14464,1.14491
1773415800000,1.1448399999999999,1.14499,1.14339,1.1436199999999999
1773416700000,1.14363,1.1452,1.14357,1.14427
1773417600000,1.14426,1.145,1.14404,1.14428
1773418500000,1.14429,1.14446,1.14379,1.14391
1773419400000,1.14392,1.1441999999999999,1.14357,1.14366
1773420300000,1.14367,1.14461,1.14367,1.14416
1773421200000,1.14415,1.14435,1.14339,1.14373
1773422100000,1.14379,1.14442,1.14378,1.14436
1773423000000,1.14438,1.1444699999999999,1.14404,1.1443999999999999
1773423900000,1.14436,1.14456,1.14391,1.14418
1773424800000,1.14422,1.14422,1.14369,1.14378
1773425700000,1.14377,1.1438,1.14313,1.14354
1773426600000,1.14353,1.14397,1.14351,1.1439
1773427500000,1.14386,1.14401,1.14345,1.14354
1773428400000,1.14355,1.14364,1.14273,1.1428
1773429300000,1.1428099999999999,1.14282,1.14242,1.14247
1773430200000,1.14246,1.1427399999999999,1.14238,1.14243
1773431100000,1.14241,1.14247,1.14195,1.14218
1773432000000,1.14216,1.14221,1.14154,1.14159
1773432900000,1.1416,1.14171,1.14126,1.14141
1773433800000,1.14139,1.14156,1.14105,1.1412499999999999
1773434700000,1.14124,1.14158,1.14118,1.14158
1773608400000,1.14186,1.1422,1.14165,1.14201
1773609300000,1.14201,1.1426399999999999,1.14201,1.1425699999999999
1773610200000,1.14246,1.14277,1.14219,1.1427100000000001
1773611100000,1.14276,1.1428,1.14205,1.14221
1773612000000,1.14205,1.1438599999999999,1.1419,1.1427699999999998
1773612900000,1.1427800000000001,1.1428800000000001,1.14185,1.14205
1773613800000,1.14202,1.14241,1.14198,1.14204
1773614700000,1.14212,1.143,1.14207,1.1429399999999998
1773615600000,1.14293,1.14339,1.14255,1.14314
1773616500000,1.14323,1.14324,1.14262,1.1428099999999999
1773617400000,1.14277,1.14321,1.14255,1.1431799999999999
1773618300000,1.14317,1.1435,1.14316,1.14349
1773619200000,1.14349,1.1446699999999999,1.14346,1.1445999999999998
1773620100000,1.14459,1.1449200000000002,1.1444,1.1448200000000002
1773621000000,1.1448200000000002,1.1452200000000001,1.14474,1.14503
1773621900000,1.14501,1.1455,1.14496,1.14543
1773622800000,1.14543,1.1456,1.14431,1.14446
1773623700000,1.14444,1.14463,1.14415,1.14419
1773624600000,1.1442,1.14457,1.14392,1.14453
1773625500000,1.14454,1.1448999999999998,1.14444,1.14488
1773626400000,1.1448999999999998,1.1449799999999999,1.14444,1.14478
1773627300000,1.14479,1.1449799999999999,1.14462,1.1448099999999999
1773628200000,1.14478,1.14484,1.14452,1.14475
1773629100000,1.14476,1.1451,1.1447,1.14474
1773630000000,1.14474,1.14514,1.14452,1.14482
1773630900000,1.1448,1.14499,1.14472,1.14499
1773631800000,1.14498,1.14528,1.14498,1.14527
1773632700000,1.14526,1.14534,1.14489,1.1450099999999999
1773633600000,1.145,1.1451,1.14472,1.14483
1773634500000,1.1448399999999999,1.14493,1.14448,1.14451
1773635400000,1.14451,1.14459,1.14428,1.1442999999999999
1773636300000,1.14432,1.14444,1.14408,1.14408
1773637200000,1.14409,1.14429,1.14395,1.14409
1773638100000,1.14409,1.14414,1.14388,1.1439
1773639000000,1.14391,1.14394,1.14351,1.14368
1773639900000,1.1437,1.14371,1.14326,1.1434
1773640800000,1.1434,1.14353,1.14312,1.1434
1773641700000,1.1434099999999998,1.1435899999999999,1.14254,1.1427699999999998
1773642600000,1.1428099999999999,1.14307,1.14241,1.14272
1773643500000,1.14273,1.14311,1.14236,1.14311
1773644400000,1.1431,1.14343,1.14283,1.14308
1773645300000,1.14305,1.14322,1.14242,1.14268
1773646200000,1.14269,1.14272,1.14137,1.14196
1773647100000,1.1419599999999999,1.1426399999999999,1.1419,1.1425299999999998
1773648000000,1.14258,1.1434,1.14258,1.14282
1773648900000,1.14281,1.14439,1.14256,1.14416
1773649800000,1.14415,1.14438,1.14351,1.14389
1773650700000,1.14388,1.14449,1.14383,1.14444
1773651600000,1.1444299999999998,1.14466,1.14404,1.14458
1773652500000,1.1445699999999999,1.14487,1.14445,1.14467
1773653400000,1.14468,1.14474,1.14425,1.14472
1773654300000,1.14473,1.14521,1.14473,1.1449500000000001
1773655200000,1.1449399999999998,1.1458899999999999,1.14471,1.14576
1773656100000,1.14575,1.1477300000000001,1.14575,1.14748
1773657000000,1.14749,1.14767,1.14678,1.1468699999999998
1773657900000,1.14686,1.1476,1.14671,1.14747
1773658800000,1.14745,1.14758,1.14704,1.1473900000000001
1773659700000,1.1474,1.14808,1.14731,1.14737
1773660600000,1.1473600000000002,1.1482,1.14718,1.14819
1773661500000,1.1481800000000002,1.14866,1.14769,1.1479000000000001
1773662400000,1.14787,1.14845,1.14757,1.14821
1773663300000,1.14822,1.1483,1.14779,1.14806
1773664200000,1.14806,1.14872,1.14781,1.14798
1773665100000,1.1480000000000001,1.14817,1.14717,1.14733
1773666000000,1.14743,1.14804,1.14741,1.14798
1773666900000,1.14798,1.14828,1.14741,1.14813
1773667800000,1.14812,1.14896,1.14807,1.14882
1773668700000,1.14876,1.1500299999999999,1.14875,1.14998
1773669600000,1.1499599999999999,1.1501599999999998,1.14932,1.1501199999999998
1773670500000,1.15013,1.15013,1.14917,1.14947
1773671400000,1.14948,1.14948,1.14828,1.14833
1773672300000,1.14834,1.1489399999999999,1.14797,1.14882
1773673200000,1.14881,1.14968,1.14877,1.14967
1773674100000,1.14965,1.14982,1.14911,1.14918
1773675000000,1.14919,1.14997,1.14913,1.14947
1773675900000,1.14946,1.1496899999999999,1.148,1.1486399999999999
1773676800000,1.1486299999999998,1.14923,1.14844,1.14905
1773677700000,1.14899,1.14931,1.14777,1.14787
1773678600000,1.14788,1.14938,1.14772,1.1491600000000002
1773679500000,1.1491699999999998,1.14987,1.14898,1.1493099999999998
1773680400000,1.1493300000000002,1.15033,1.14925,1.1499300000000001
1773681300000,1.14992,1.15001,1.14943,1.14971
1773682200000,1.14968,1.14984,1.14933,1.14941
1773683100000,1.14942,1.14973,1.149,1.14916
1773684000000,1.14915,1.1505999999999998,1.14915,1.1504699999999999
1773684900000,1.15052,1.1522,1.15037,1.1520499999999998
1773685800000,1.1520299999999999,1.1522899999999998,1.15166,1.15228
1773686700000,1.1522599999999998,1.15232,1.15163,1.15181
1773687600000,1.1518,1.15243,1.15167,1.15208
1773688500000,1.15206,1.15228,1.15147,1.15176
1773689400000,1.1518,1.15207,1.15105,1.1511399999999998
1773690300000,1.1511500000000001,1.1511500000000001,1.15056,1.15074
1773691200000,1.15072,1.151,1.15072,1.15078
1773692100000,1.15076,1.15076,1.15026,1.15059
1773693000000,1.15058,1.1506399999999999,1.15041,1.1504999999999999
1773693900000,1.1505100000000001,1.1506900000000002,1.15047,1.15053
1773694800000,1.1503700000000001,1.1505100000000001,1.15019,1.15046
1773695700000,1.15046,1.1507100000000001,1.15046,1.15053
1773696600000,1.15054,1.15065,1.15051,1.15061
1773697500000,1.15068,1.15068,1.15029,1.1504400000000001
1773698400000,1.15044,1.15044,1.15018,1.15034
1773699300000,1.15035,1.15045,1.15018,1.15023
1773700200000,1.1502000000000001,1.1502000000000001,1.14992,1.1500000000000001
1773701100000,1.15002,1.1500299999999999,1.14974,1.14983
1773702000000,1.14983,1.1499,1.14943,1.14956
1773702900000,1.14957,1.14966,1.14943,1.1496
1773703800000,1.14961,1.14985,1.14957,1.14975
1773704700000,1.14975,1.14993,1.14957,1.14977
1773705600000,1.1497799999999998,1.1497899999999999,1.14915,1.1492099999999998
1773706500000,1.14922,1.14939,1.14889,1.14895
1773707400000,1.14896,1.14927,1.14895,1.14905
1773708300000,1.14912,1.14937,1.14886,1.1492
1773709200000,1.14918,1.14951,1.1489,1.14927
1773710100000,1.14927,1.14941,1.14867,1.1488200000000002
1773711000000,1.14883,1.1491200000000001,1.1486,1.1487100000000001
1773711900000,1.14869,1.14933,1.14863,1.14925
1773712800000,1.1492399999999998,1.14932,1.14905,1.1491099999999999
1773713700000,1.1491,1.14961,1.1491,1.14946
1773714600000,1.14941,1.1497,1.14941,1.1497
1773715500000,1.14969,1.1498,1.14944,1.14945
1773716400000,1.1494099999999998,1.1496799999999998,1.14929,1.14967
1773717300000,1.14965,1.15006,1.14965,1.15005
1773718200000,1.15007,1.15024,1.14971,1.14974
1773719100000,1.14973,1.14974,1.14912,1.1491399999999998
1773720000000,1.14909,1.1492799999999999,1.14888,1.14899
1773720900000,1.149,1.14921,1.14897,1.14909
1773721800000,1.14913,1.14961,1.14912,1.1496
1773722700000,1.14961,1.14994,1.1496,1.14966
1773723600000,1.14965,1.14971,1.14935,1.1496600000000001
1773724500000,1.14967,1.14986,1.14941,1.1494900000000001
1773725400000,1.1495000000000002,1.14952,1.14867,1.1486800000000001
1773726300000,1.14869,1.14869,1.14776,1.14787
1773727200000,1.14788,1.148,1.14655,1.14692
1773728100000,1.14691,1.1474900000000001,1.14674,1.14747
1773729000000,1.14747,1.14789,1.14745,1.1478000000000002
1773729900000,1.14779,1.14812,1.14741,1.14812
1773730800000,1.14811,1.14897,1.14792,1.1488
1773731700000,1.14879,1.14955,1.14818,1.1493
1773732600000,1.14931,1.1499700000000002,1.14931,1.1495600000000001
1773733500000,1.1495499999999998,1.14987,1.14909,1.14944
1773734400000,1.14942,1.14989,1.14887,1.14901
1773735300000,1.14899,1.14994,1.14871,1.1498899999999999
1773736200000,1.14991,1.1510900000000002,1.14904,1.151
1773737100000,1.1509500000000001,1.1517600000000001,1.15046,1.15099
1773738000000,1.15101,1.15164,1.15101,1.15114
1773738900000,1.15113,1.15242,1.15075,1.1521599999999999
1773739800000,1.15214,1.15234,1.15083,1.15104
1773740700000,1.15103,1.1516,1.15079,1.15158
1773741600000,1.15123,1.1515600000000001,1.1507,1.15096
1773742500000,1.15097,1.15109,1.15035,1.15103
1773743400000,1.1510399999999998,1.1512,1.15058,1.1509699999999998
1773744300000,1.15098,1.15114,1.15048,1.15056
1773745200000,1.15056,1.15136,1.15042,1.15128
1773746100000,1.15129,1.15181,1.15113,1.15136
1773747000000,1.15135,1.1515,1.15097,1.1514
1773747900000,1.15139,1.1516199999999999,1.15061,1.1506999999999998
1773748800000,1.1506,1.15226,1.15039,1.15212
1773749700000,1.15218,1.1522700000000001,1.15101,1.1511900000000002
1773750600000,1.1512,1.15203,1.15117,1.15158
1773751500000,1.15157,1.15241,1.15153,1.15236
1773752400000,1.15238,1.15359,1.15238,1.15332
1773753300000,1.1533399999999998,1.15431,1.15315,1.1534099999999998
1773754200000,1.15342,1.15412,1.1533,1.15344
1773755100000,1.15346,1.15393,1.15278,1.15299
1773756000000,1.153,1.1536799999999998,1.15268,1.15292
1773756900000,1.1529099999999999,1.15296,1.15201,1.15239
1773757800000,1.15242,1.15348,1.15213,1.1533600000000002
1773758700000,1.15338,1.1538300000000001,1.15321,1.15327
1773759600000,1.15323,1.15383,1.15281,1.1528699999999998
1773760500000,1.15288,1.1534099999999998,1.15237,1.1526299999999998
1773761400000,1.1526399999999999,1.15298,1.15201,1.15246
1773762300000,1.15245,1.15267,1.15209,1.15243
1773763200000,1.15243,1.15295,1.15177,1.15228
1773764100000,1.1523800000000002,1.15306,1.15206,1.15287
1773765000000,1.1528399999999999,1.15312,1.15261,1.15302
1773765900000,1.15301,1.15325,1.15273,1.15275
1773766800000,1.15274,1.1532,1.15263,1.15279
1773767700000,1.15277,1.15324,1.15259,1.15324
1773768600000,1.1532499999999999,1.15391,1.15312,1.1535
1773769500000,1.15349,1.1539599999999999,1.15349,1.15391
1773770400000,1.15395,1.1546800000000002,1.15392,1.15446
1773771300000,1.15447,1.15461,1.15422,1.15425
1773772200000,1.15427,1.15427,1.15388,1.154
1773773100000,1.15401,1.15425,1.1538,1.1538599999999999
1773774000000,1.15388,1.1540700000000002,1.15375,1.15395
1773774900000,1.15393,1.15407,1.1537,1.15376
1773775800000,1.15375,1.15381,1.1535,1.1536199999999999
1773776700000,1.1536,1.15367,1.15334,1.15352
1773777600000,1.15351,1.15396,1.15345,1.1537000000000002
1773778500000,1.15369,1.1537600000000001,1.15358,1.1536
1773779400000,1.15362,1.1539,1.15361,1.15389
1773780300000,1.15388,1.15415,1.15372,1.1539300000000001
1773781200000,1.1538599999999999,1.15391,1.15339,1.15342
1773782100000,1.1534200000000001,1.15368,1.15328,1.15368
1773783000000,1.15368,1.15368,1.15343,1.1535
1773783900000,1.15355,1.15369,1.15338,1.15338
1773784800000,1.1534,1.1543999999999999,1.1534,1.15425
1773785700000,1.15422,1.1543,1.15413,1.15413
1773786600000,1.15413,1.15416,1.15392,1.15394
1773787500000,1.15395,1.15405,1.15384,1.15394
1773788400000,1.1539499999999998,1.15397,1.15366,1.15383
1773789300000,1.1537899999999999,1.15393,1.15373,1.1538499999999998
1773790200000,1.15384,1.154,1.1538,1.15394
1773791100000,1.15391,1.15405,1.15379,1.15385
1773792000000,1.15385,1.15433,1.15367,1.15422
1773792900000,1.15423,1.1543,1.15364,1.15371
1773793800000,1.1537400000000002,1.15389,1.15325,1.1534300000000002
1773794700000,1.15343,1.1535900000000001,1.15314,1.15321
1773795600000,1.1532,1.15396,1.1532,1.15343
1773796500000,1.1534499999999999,1.1535,1.15329,1.1534
1773797400000,1.1533900000000001,1.15367,1.15328,1.15352
1773798300000,1.15349,1.15356,1.15316,1.15334
1773799200000,1.1533499999999999,1.1534499999999999,1.15322,1.1533
1773800100000,1.15328,1.15355,1.1532,1.15351
1773801000000,1.1535,1.15376,1.15333,1.1535
1773801900000,1.15351,1.15354,1.15316,1.15321
1773802800000,1.1532,1.15333,1.15316,1.1533
1773803700000,1.1532900000000001,1.1533200000000001,1.15318,1.15321
1773804600000,1.1532200000000001,1.15331,1.15318,1.15331
1773805500000,1.15332,1.15362,1.1533,1.15355
1773806400000,1.15357,1.15391,1.15357,1.15375
1773807300000,1.15374,1.15391,1.15374,1.15379
1773808200000,1.1538,1.1539899999999998,1.1538,1.1538599999999999
1773809100000,1.15385,1.1542000000000001,1.15382,1.15411
1773810000000,1.15412,1.1542800000000002,1.15396,1.15422
1773810900000,1.15421,1.15433,1.15411,1.15417
1773811800000,1.15415,1.15449,1.15414,1.15438
1773812700000,1.15439,1.15463,1.1543,1.15449
1773813600000,1.1545,1.1547100000000001,1.1544,1.1545800000000002
1773814500000,1.1545999999999998,1.15488,1.15458,1.15483
1773815400000,1.1548100000000001,1.1548100000000001,1.15392,1.15425
1773816300000,1.15422,1.15425,1.15389,1.1541700000000001
1773817200000,1.15421,1.15453,1.15401,1.15418
1773818100000,1.15419,1.15419,1.15354,1.1537
1773819000000,1.15369,1.15371,1.15263,1.15265
1773819900000,1.15263,1.15299,1.15228,1.15258
1773820800000,1.1525699999999999,1.15299,1.15237,1.15278
1773821700000,1.1527699999999999,1.15293,1.15173,1.1520199999999998
1773822600000,1.15204,1.15259,1.15198,1.15255
1773823500000,1.15256,1.15338,1.15247,1.1531900000000002
1773824400000,1.15318,1.15328,1.15249,1.15249
1773825300000,1.15248,1.1535,1.15248,1.15343
1773826200000,1.15344,1.1539000000000001,1.15324,1.15379
1773827100000,1.15378,1.15388,1.15351,1.15381
1773828000000,1.15381,1.1543400000000001,1.15375,1.1542700000000001
1773828900000,1.15428,1.15429,1.15361,1.15362
1773829800000,1.15367,1.15393,1.15332,1.15391
1773830700000,1.1539,1.15417,1.15363,1.15393
1773831600000,1.15392,1.15487,1.15391,1.15483
1773832500000,1.1548399999999999,1.1554799999999998,1.15315,1.1531699999999998
1773833400000,1.15318,1.15453,1.15297,1.1543
1773834300000,1.15429,1.15491,1.15375,1.1546100000000001
1773835200000,1.15462,1.15476,1.15302,1.1535
1773836100000,1.15349,1.15349,1.15238,1.15248
1773837000000,1.1524599999999998,1.15285,1.15129,1.15163
1773837900000,1.15162,1.15184,1.1505,1.15069
1773838800000,1.15073,1.1508200000000002,1.14925,1.1494700000000002
1773839700000,1.14946,1.1506699999999999,1.14902,1.1506399999999999
1773840600000,1.1506100000000001,1.1512200000000001,1.15009,1.1505
1773841500000,1.15049,1.1515,1.15035,1.15144
1773842400000,1.1514300000000002,1.15269,1.15057,1.15096
1773843300000,1.15095,1.15126,1.15037,1.1507299999999998
1773844200000,1.15074,1.15148,1.15067,1.15124
1773845100000,1.15123,1.15167,1.15086,1.1516
1773846000000,1.15159,1.1529099999999999,1.15157,1.15204
1773846900000,1.1520499999999998,1.15227,1.15159,1.15193
1773847800000,1.1519,1.15263,1.15187,1.15221
1773848700000,1.15214,1.15229,1.1511,1.15123
1773849600000,1.15125,1.15177,1.15107,1.1517
1773850500000,1.1516899999999999,1.15217,1.15112,1.1518499999999998
1773851400000,1.1518,1.1518,1.15072,1.1510799999999999
1773852300000,1.15107,1.1511,1.15063,1.15102
1773853200000,1.1509999999999998,1.15115,1.15027,1.1503299999999999
1773854100000,1.15034,1.1508399999999999,1.15021,1.15063
1773855000000,1.1506200000000002,1.15125,1.1504,1.1510900000000002
1773855900000,1.1510799999999999,1.15163,1.15105,1.15163
1773856800000,1.15162,1.15247,1.1511,1.15129
1773857700000,1.1513,1.1513,1.15022,1.15094
1773858600000,1.15089,1.15116,1.149,1.14904
1773859500000,1.14905,1.14922,1.14766,1.14767
1773860400000,1.14768,1.1481999999999999,1.14746,1.14753
1773861300000,1.1475499999999998,1.14783,1.14699,1.14734
1773862200000,1.14728,1.14806,1.14727,1.14752
1773863100000,1.14751,1.14753,1.1468,1.1469
1773864000000,1.14685,1.14699,1.14617,1.1462899999999998
1773864900000,1.14628,1.14628,1.14514,1.14521
1773865800000,1.14521,1.1454300000000002,1.14494,1.1454300000000002
1773866700000,1.1454300000000002,1.1456000000000002,1.14494,1.14501
1773867600000,1.14509,1.14577,1.14495,1.14577
1773868500000,1.14576,1.14654,1.1452,1.14619
1773869400000,1.14619,1.14701,1.14612,1.14657
1773870300000,1.14658,1.14687,1.14612,1.14619
1773871200000,1.14633,1.14649,1.1452,1.14522
1773872100000,1.14523,1.1455899999999999,1.14505,1.1452499999999999
1773873000000,1.1452499999999999,1.1456199999999999,1.14509,1.14554
1773873900000,1.14555,1.1458300000000001,1.14551,1.14561
1773874800000,1.1455499999999998,1.14601,1.14546,1.14576
1773875700000,1.14578,1.14621,1.1457,1.14618
1773876600000,1.14619,1.14653,1.14582,1.14589
1773877500000,1.14591,1.14653,1.1457,1.14629
1773878400000,1.1462599999999998,1.14688,1.14617,1.14651
1773879300000,1.1465100000000001,1.14691,1.14636,1.1468500000000001
1773880200000,1.1467800000000001,1.1470200000000002,1.14657,1.1466200000000002
1773881100000,1.14663,1.14738,1.14662,1.14736
1773882000000,1.14734,1.14781,1.14728,1.14767
1773882900000,1.14764,1.14793,1.1475,1.14788
1773883800000,1.14791,1.14832,1.14778,1.14802
1773884700000,1.14799,1.1480400000000002,1.14755,1.14757
1773885600000,1.14758,1.14892,1.14713,1.14878
1773886500000,1.1488500000000001,1.14907,1.1485,1.1489500000000001
1773887400000,1.14894,1.14901,1.14873,1.14884
1773888300000,1.14883,1.14887,1.14809,1.14815
1773889200000,1.14816,1.14829,1.14792,1.14818
1773890100000,1.14818,1.14825,1.14782,1.14788
1773891000000,1.14785,1.14789,1.14748,1.1476
1773891900000,1.14762,1.14774,1.14741,1.14742
1773892800000,1.1474000000000002,1.14744,1.14708,1.14724
1773893700000,1.14724,1.1473300000000002,1.14698,1.14707
1773894600000,1.1470600000000002,1.1472300000000002,1.14664,1.1468600000000002
1773895500000,1.14683,1.14698,1.14664,1.14684
1773896400000,1.14683,1.14698,1.1467,1.1468
1773897300000,1.1467900000000002,1.1470500000000001,1.14674,1.1468900000000002
1773898200000,1.1468800000000001,1.14704,1.1463,1.1464400000000001
1773899100000,1.14646,1.14688,1.14645,1.14653
1773900000000,1.1465500000000002,1.1472,1.1463,1.1472
1773900900000,1.14719,1.14762,1.14683,1.14684
1773901800000,1.1468500000000001,1.1468500000000001,1.14616,1.1466500000000002
1773902700000,1.14668,1.14677,1.14605,1.14648
1773903600000,1.14649,1.14725,1.1452,1.14671
1773904500000,1.14673,1.14748,1.1464,1.1464500000000002
1773905400000,1.14648,1.14675,1.14577,1.14597
1773906300000,1.14596,1.14653,1.14503,1.1452
1773907200000,1.14523,1.14549,1.14434,1.1447299999999998
1773908100000,1.14477,1.1458700000000002,1.14477,1.1451200000000001
1773909000000,1.14511,1.1458300000000001,1.14423,1.1445500000000002
1773909900000,1.14454,1.1454399999999998,1.14454,1.14505
1773910800000,1.1450900000000002,1.1465200000000002,1.14508,1.1463500000000002
1773911700000,1.14634,1.14791,1.14564,1.14604
1773912600000,1.14605,1.14718,1.14598,1.14669
1773913500000,1.14663,1.1487500000000002,1.1465,1.1479700000000002
1773914400000,1.14791,1.14791,1.14706,1.14728
1773915300000,1.14729,1.14737,1.14661,1.1469099999999999
1773916200000,1.1469,1.14726,1.14662,1.1472499999999999
1773917100000,1.14723,1.14774,1.14709,1.14733
1773918000000,1.14731,1.1480800000000002,1.14725,1.1478400000000002
1773918900000,1.1478300000000001,1.14787,1.14653,1.1471200000000001
1773919800000,1.14711,1.14728,1.14669,1.1468
1773920700000,1.14681,1.1479300000000001,1.14674,1.14792
1773921600000,1.14791,1.14828,1.1472,1.14742
1773922500000,1.14738,1.1477700000000002,1.1463,1.14649
1773923400000,1.14644,1.14893,1.14621,1.14848
1773924300000,1.1484500000000002,1.1489200000000002,1.1482,1.1486500000000002
1773925200000,1.14866,1.1495600000000001,1.14812,1.1487800000000001
1773926100000,1.1487900000000002,1.1504,1.14769,1.14809
1773927000000,1.14807,1.14889,1.14688,1.1481599999999998
1773927900000,1.14813,1.15266,1.14775,1.15175
1773928800000,1.15166,1.15277,1.1513,1.15132
1773929700000,1.15133,1.1516600000000001,1.15002,1.15039
1773930600000,1.15038,1.15194,1.15018,1.15132
1773931500000,1.15131,1.15214,1.15116,1.15158
1773932400000,1.15157,1.15383,1.15126,1.15296
1773933300000,1.15294,1.1530500000000001,1.15056,1.15102
1773934200000,1.15099,1.1510799999999999,1.15001,1.15017
1773935100000,1.15018,1.15174,1.1498,1.15136
1773936000000,1.15137,1.15372,1.15114,1.15263
1773936900000,1.15264,1.15344,1.15232,1.15329
1773937800000,1.15329,1.1535199999999999,1.15261,1.1533499999999999
1773938700000,1.15333,1.15362,1.15233,1.1535300000000002
1773939600000,1.15356,1.15458,1.15353,1.15437
1773940500000,1.15438,1.15595,1.15436,1.15568
1773941400000,1.1557,1.1561299999999999,1.15533,1.1559599999999999
1773942300000,1.15598,1.15669,1.15543,1.15597
1773943200000,1.15596,1.156,1.1553,1.15574
1773944100000,1.1557499999999998,1.156,1.15505,1.15597
1773945000000,1.15595,1.15605,1.1553,1.15532
1773945900000,1.15531,1.1583700000000001,1.15527,1.15832
1773946800000,1.15833,1.16156,1.15822,1.16079
1773947700000,1.1607999999999998,1.16126,1.15824,1.15882
1773948600000,1.15884,1.15904,1.15809,1.15847
1773949500000,1.15845,1.1587699999999999,1.15766,1.15841
1773950400000,1.15846,1.15875,1.15814,1.15825
1773951300000,1.15824,1.1588699999999998,1.158,1.15879
1773952200000,1.1588,1.1588,1.15845,1.1585
1773953100000,1.1585400000000001,1.15896,1.1584,1.15884
1773954000000,1.1587100000000001,1.15876,1.1585,1.1586500000000002
1773954900000,1.15866,1.15866,1.15821,1.1583299999999999
1773955800000,1.15834,1.15847,1.15832,1.15843
1773956700000,1.15842,1.15843,1.15799,1.1581000000000001
1773957600000,1.15823,1.15944,1.15812,1.15875
1773958500000,1.1587500000000002,1.15877,1.15833,1.1583700000000001
1773959400000,1.15838,1.15838,1.15782,1.15788
1773960300000,1.1578,1.15804,1.1577,1.15777
1773961200000,1.15778,1.15812,1.15769,1.1577600000000001
1773962100000,1.15777,1.1578,1.1575,1.15761
1773963000000,1.15767,1.15779,1.15748,1.1575900000000001
1773963900000,1.15758,1.15782,1.1574,1.1576
1773964800000,1.15759,1.15777,1.15722,1.1575099999999998
1773965700000,1.15752,1.15795,1.15734,1.15734
1773966600000,1.1573600000000002,1.15737,1.15708,1.1573300000000002
1773967500000,1.1573799999999999,1.1573799999999999,1.15705,1.15733
1773968400000,1.15732,1.15764,1.15712,1.1574
1773969300000,1.15742,1.1574399999999998,1.15681,1.1569099999999999
1773970200000,1.15694,1.15704,1.1566,1.15673
1773971100000,1.15675,1.15677,1.15629,1.15646
1773972000000,1.15646,1.1567399999999999,1.15621,1.15653
1773972900000,1.15652,1.15656,1.15634,1.1563999999999999
1773973800000,1.15639,1.15665,1.15611,1.15618
1773974700000,1.15619,1.15651,1.15615,1.15631
1773975600000,1.1563,1.15631,1.15595,1.15596
1773976500000,1.1560000000000001,1.15612,1.15586,1.1559700000000002
1773977400000,1.15596,1.1559700000000002,1.15565,1.15571
1773978300000,1.15572,1.15576,1.15557,1.15562
1773979200000,1.15561,1.1557600000000001,1.15561,1.15572
1773980100000,1.15571,1.15586,1.15564,1.15579
1773981000000,1.1558,1.1559300000000001,1.15571,1.1558
1773981900000,1.15579,1.15582,1.15545,1.1555000000000002
1773982800000,1.1555,1.1558899999999999,1.15546,1.1558499999999998
1773983700000,1.15584,1.15605,1.15571,1.15585
1773984600000,1.1558499999999998,1.1558599999999999,1.15539,1.15559
1773985500000,1.1556,1.15561,1.15519,1.1552
1773986400000,1.15523,1.1561700000000001,1.15521,1.15605
1773987300000,1.15604,1.15614,1.15571,1.15614
1773988200000,1.15612,1.15656,1.15612,1.1561700000000001
1773989100000,1.15618,1.1563599999999998,1.1558,1.1558599999999999
1773990000000,1.1558400000000002,1.15735,1.15552,1.15717
1773990900000,1.1571500000000001,1.15737,1.15667,1.157
1773991800000,1.1569600000000002,1.1571200000000001,1.15647,1.1571
1773992700000,1.1571099999999999,1.15746,1.15675,1.15724
1773993600000,1.1572900000000002,1.1574600000000002,1.15694,1.15738
1773994500000,1.15735,1.15802,1.15735,1.1576700000000002
1773995400000,1.1576600000000001,1.15778,1.15711,1.1574300000000002
1773996300000,1.15742,1.15743,1.15671,1.1567299999999998
1773997200000,1.15669,1.15723,1.15627,1.15678
1773998100000,1.15677,1.1568100000000001,1.15636,1.1565
1773999000000,1.15653,1.15665,1.1555,1.15576
1773999900000,1.15571,1.1557600000000001,1.15474,1.1548200000000002
1774000800000,1.15483,1.1548399999999999,1.15346,1.1542
1774001700000,1.15419,1.15463,1.15409,1.1544
1774002600000,1.15439,1.15582,1.15429,1.15574
1774003500000,1.15573,1.1562000000000001,1.15534,1.15594
1774004400000,1.1559300000000001,1.15689,1.15568,1.15663
1774005300000,1.15662,1.15714,1.15649,1.1568
1774006200000,1.15679,1.15794,1.15677,1.15781
1774007100000,1.1578199999999998,1.1578199999999998,1.15668,1.1571
1774008000000,1.15709,1.15785,1.15659,1.15731
1774008900000,1.1573200000000001,1.15774,1.15707,1.15761
1774009800000,1.1575900000000001,1.15792,1.15656,1.15695
1774010700000,1.15691,1.15717,1.15616,1.15639
1774011600000,1.1564,1.15654,1.1553,1.15572
1774012500000,1.15569,1.15591,1.15527,1.15536
1774013400000,1.15531,1.15579,1.15501,1.15574
1774014300000,1.15575,1.15591,1.15394,1.1540599999999999
1774015200000,1.15405,1.15433,1.15358,1.15365
1774016100000,1.1536199999999999,1.15387,1.15241,1.15255
1774017000000,1.1525800000000002,1.1535600000000001,1.15253,1.15325
1774017900000,1.1532399999999998,1.15384,1.15295,1.15343
1774018800000,1.15344,1.15479,1.15343,1.15471
1774019700000,1.1546999999999998,1.1557199999999999,1.15397,1.15454
1774020600000,1.1545,1.1553,1.15419,1.15453
1774021500000,1.1545,1.1548500000000002,1.15375,1.15416
1774022400000,1.15415,1.15583,1.15408,1.15568
1774023300000,1.1556700000000002,1.1566,1.15562,1.1558300000000001
1774024200000,1.15584,1.1560300000000001,1.15507,1.15578
1774025100000,1.15577,1.15645,1.15543,1.15588
1774026000000,1.15591,1.15657,1.15491,1.1561700000000001
1774026900000,1.15616,1.1569,1.15591,1.15673
1774027800000,1.15674,1.157,1.15562,1.1562100000000002
1774028700000,1.15623,1.15629,1.15565,1.15574
1774029600000,1.15575,1.15615,1.15558,1.1560300000000001
1774030500000,1.15604,1.1571099999999999,1.15472,1.15664
1774031400000,1.15666,1.1569,1.15582,1.15596
1774032300000,1.1559499999999998,1.1561299999999999,1.15471,1.1549999999999998
1774033200000,1.15502,1.15543,1.15463,1.15503
1774034100000,1.1550200000000002,1.15574,1.15497,1.1552200000000001
1774035000000,1.15523,1.15594,1.15465,1.15584
1774035900000,1.15585,1.15613,1.15524,1.15579
1774036800000,1.15577,1.1561700000000001,1.15568,1.15612
1774037700000,1.15611,1.15654,1.15601,1.15637
1774038600000,1.15636,1.1565800000000002,1.15609,1.15625
1774039500000,1.15617,1.1571,1.15615,1.15701
1774213200000,1.1535600000000001,1.15358,1.15331,1.1534200000000001
1774214100000,1.15342,1.1538599999999999,1.15342,1.1535799999999998
1774215000000,1.15358,1.1538599999999999,1.15357,1.1536899999999999
1774215900000,1.1537099999999998,1.15411,1.15359,1.1538
1774216800000,1.15426,1.1555700000000002,1.15386,1.15476
1774217700000,1.15476,1.15615,1.15452,1.15583
1774218600000,1.15584,1.15621,1.15533,1.15547
1774219500000,1.15548,1.15592,1.15548,1.15578
1774220400000,1.15577,1.1562,1.15567,1.1561
1774221300000,1.1561000000000001,1.15635,1.15595,1.15631
1774222200000,1.15628,1.15642,1.15592,1.15626
1774223100000,1.15628,1.15639,1.15584,1.15615
1774224000000,1.1561599999999999,1.15637,1.15539,1.1561
1774224900000,1.15611,1.15629,1.15565,1.1557300000000001
1774225800000,1.15574,1.15577,1.1538,1.15403
1774226700000,1.15404,1.15469,1.15398,1.15437
1774227600000,1.15437,1.15584,1.15437,1.15581
1774228500000,1.1558,1.15604,1.15546,1.1556199999999999
1774229400000,1.15564,1.15611,1.15523,1.15592
1774230300000,1.1558899999999999,1.1558899999999999,1.15522,1.1553799999999999
1774231200000,1.15541,1.15568,1.15484,1.15497
1774232100000,1.1549800000000001,1.1554,1.15497,1.1550500000000001
1774233000000,1.15504,1.15505,1.15425,1.15472
1774233900000,1.15473,1.15479,1.15428,1.15461
1774234800000,1.15462,1.1548299999999998,1.1542,1.1544599999999998
1774235700000,1.15448,1.15485,1.15441,1.15472
1774236600000,1.1547299999999998,1.15492,1.15461,1.15485
1774237500000,1.15484,1.15498,1.15462,1.15466
1774238400000,1.1546500000000002,1.15503,1.1546,1.1549
1774239300000,1.15489,1.1551,1.15477,1.1547800000000001
1774240200000,1.15475,1.15489,1.15452,1.15467
1774241100000,1.1546800000000002,1.1550200000000002,1.1546,1.155
1774242000000,1.15499,1.15519,1.1548,1.15487
1774242900000,1.15486,1.15486,1.15388,1.15412
1774243800000,1.15412,1.15417,1.15363,1.15371
1774244700000,1.1536899999999999,1.1537499999999998,1.15336,1.15336
1774245600000,1.15337,1.15338,1.15243,1.1528800000000001
1774246500000,1.1528699999999998,1.15298,1.1522,1.15255
1774247400000,1.1525400000000001,1.15273,1.15199,1.15206
1774248300000,1.15205,1.15311,1.15199,1.153
1774249200000,1.15299,1.15368,1.15296,1.15324
1774250100000,1.15322,1.15323,1.15231,1.15239
1774251000000,1.15238,1.15397,1.15232,1.15378
1774251900000,1.15375,1.1538300000000001,1.15257,1.15266
1774252800000,1.1527399999999999,1.1536899999999999,1.15254,1.1535499999999999
1774253700000,1.15351,1.15449,1.15308,1.15429
1774254600000,1.1543100000000002,1.15456,1.15291,1.1531600000000002
1774255500000,1.15313,1.15353,1.15289,1.15292
1774256400000,1.15301,1.15332,1.15225,1.15247
1774257300000,1.15246,1.15246,1.1511,1.15147
1774258200000,1.15146,1.15167,1.14976,1.14987
1774259100000,1.14989,1.15011,1.14906,1.14943
1774260000000,1.1494199999999999,1.14954,1.14869,1.14878
1774260900000,1.14881,1.14928,1.14847,1.14874
1774261800000,1.14873,1.14939,1.14859,1.149
1774262700000,1.14899,1.15008,1.14839,1.14851
1774263600000,1.14853,1.16194,1.14853,1.15646
1774264500000,1.15652,1.15885,1.15246,1.15604
1774265400000,1.1560300000000001,1.15955,1.15586,1.15796
1774266300000,1.15795,1.1586699999999999,1.15506,1.15564
1774267200000,1.1556300000000002,1.15687,1.15457,1.15551
1774268100000,1.1555199999999999,1.1578899999999999,1.15549,1.1570699999999998
1774269000000,1.1562400000000002,1.1600400000000002,1.15623,1.15992
1774269900000,1.15997,1.16138,1.15907,1.16119
1774270800000,1.1613,1.1614900000000001,1.15873,1.15908
1774271700000,1.1591500000000001,1.1592500000000001,1.15795,1.15866
1774272600000,1.1586699999999999,1.16071,1.15797,1.15903
1774273500000,1.15904,1.16065,1.15886,1.15991
1774274400000,1.15992,1.16106,1.15923,1.16004
1774275300000,1.1600700000000002,1.16307,1.15979,1.1625800000000002
1774276200000,1.1625699999999999,1.16392,1.16194,1.16252
1774277100000,1.16251,1.16289,1.16147,1.16147
1774278000000,1.16147,1.16306,1.16142,1.16218
1774278900000,1.1621700000000001,1.1623,1.1607,1.1608800000000001
1774279800000,1.1608100000000001,1.1611200000000002,1.15979,1.1600100000000002
1774280700000,1.16,1.16012,1.15815,1.15857
1774281600000,1.1585400000000001,1.15916,1.15771,1.15852
1774282500000,1.1584699999999999,1.1584999999999999,1.1576,1.15783
1774283400000,1.15781,1.15932,1.15774,1.15928
1774284300000,1.15926,1.16001,1.15868,1.1590399999999998
1774285200000,1.15906,1.15994,1.15861,1.1594799999999998
1774286100000,1.15954,1.16009,1.15896,1.15999
1774287000000,1.1599,1.16089,1.15977,1.15978
1774287900000,1.15981,1.16038,1.15924,1.16013
1774288800000,1.1601199999999998,1.16078,1.15912,1.1604999999999999
1774289700000,1.16047,1.1612399999999998,1.16,1.1611799999999999
1774290600000,1.16119,1.16341,1.16119,1.16279
1774291500000,1.16279,1.16368,1.1626,1.16345
1774292400000,1.1634200000000001,1.16347,1.1624,1.16246
1774293300000,1.16246,1.16256,1.16164,1.1616900000000001
1774294200000,1.1616900000000001,1.16187,1.16124,1.1615600000000001
1774295100000,1.16159,1.16175,1.1612,1.16129
1774296000000,1.16128,1.16148,1.161,1.1614
1774296900000,1.1614,1.16144,1.16097,1.16099
1774297800000,1.1609800000000001,1.16124,1.16091,1.16124
1774298700000,1.16125,1.16131,1.16089,1.16098
1774299600000,1.16109,1.16122,1.16088,1.16122
1774300500000,1.1611799999999999,1.1613,1.16106,1.16117
1774301400000,1.1611699999999998,1.1613799999999999,1.16115,1.1613799999999999
1774302300000,1.16138,1.1614200000000001,1.1612,1.16138
1774303200000,1.16139,1.1614799999999998,1.16075,1.16143
1774304100000,1.16143,1.16149,1.16112,1.1614799999999998
1774305000000,1.16143,1.1614499999999999,1.16106,1.16108
1774305900000,1.16109,1.16171,1.16095,1.16142
1774306800000,1.16142,1.1615499999999999,1.16105,1.16112
1774307700000,1.16113,1.16137,1.16107,1.16116
1774308600000,1.16115,1.1611699999999998,1.16081,1.16108
1774309500000,1.16109,1.16112,1.16054,1.1607699999999999
1774310400000,1.16075,1.16082,1.15932,1.15933
1774311300000,1.1593499999999999,1.15968,1.15889,1.15938
1774312200000,1.1593799999999999,1.1595799999999998,1.15807,1.15839
1774313100000,1.1583999999999999,1.15925,1.15837,1.15878
1774314000000,1.15879,1.15953,1.15859,1.15939
1774314900000,1.1593499999999999,1.15938,1.15862,1.15882
1774315800000,1.1588100000000001,1.15891,1.15799,1.15802
1774316700000,1.15801,1.15857,1.15778,1.1584
1774317600000,1.1584400000000001,1.15863,1.15823,1.1583700000000001
1774318500000,1.1583599999999998,1.15903,1.15824,1.15902
1774319400000,1.15902,1.15916,1.15872,1.15893
1774320300000,1.15891,1.1590900000000002,1.15823,1.15852
1774321200000,1.15853,1.15871,1.15808,1.15859
1774322100000,1.15858,1.15886,1.15858,1.1588
1774323000000,1.15879,1.15879,1.15817,1.15835
1774323900000,1.15832,1.1584699999999999,1.15811,1.15826
1774324800000,1.15828,1.15829,1.15772,1.15781
1774325700000,1.1578000000000002,1.15782,1.15752,1.1576600000000001
1774326600000,1.15765,1.15794,1.15754,1.15787
1774327500000,1.15791,1.1582199999999998,1.15786,1.15797
1774328400000,1.15798,1.1580700000000002,1.15752,1.15785
1774329300000,1.15788,1.1584,1.15785,1.15809
1774330200000,1.15811,1.15867,1.15798,1.15861
1774331100000,1.1586100000000001,1.15886,1.15823,1.1583100000000002
1774332000000,1.15828,1.15882,1.15784,1.15809
1774332900000,1.15809,1.15858,1.15787,1.15824
1774333800000,1.15822,1.1583800000000002,1.15796,1.1582400000000002
1774334700000,1.15825,1.15918,1.15796,1.1591200000000002
1774335600000,1.15911,1.16172,1.15887,1.16145
1774336500000,1.1614399999999998,1.1614399999999998,1.16027,1.16028
1774337400000,1.16025,1.1609099999999999,1.15959,1.1607599999999998
1774338300000,1.16075,1.1608399999999999,1.16004,1.16082
1774339200000,1.16081,1.16088,1.15991,1.16001
1774340100000,1.15991,1.16041,1.15905,1.15922
1774341000000,1.1591500000000001,1.15969,1.15907,1.1594900000000001
1774341900000,1.1595,1.15981,1.15812,1.15877
1774342800000,1.15885,1.15933,1.15808,1.15821
1774343700000,1.15813,1.1586800000000002,1.15782,1.15843
1774344600000,1.15839,1.15949,1.15834,1.1593799999999999
1774345500000,1.1593900000000001,1.15964,1.15901,1.1594300000000002
1774346400000,1.1594399999999998,1.1595799999999998,1.15888,1.1592399999999998
1774347300000,1.1592200000000001,1.1595300000000002,1.15867,1.15883
1774348200000,1.1588200000000002,1.15896,1.1584,1.15886
1774349100000,1.1588399999999999,1.1591699999999998,1.15827,1.15916
1774350000000,1.15912,1.1599899999999999,1.15868,1.1596499999999998
1774350900000,1.1596600000000001,1.15967,1.15897,1.15935
1774351800000,1.1593300000000002,1.15968,1.15901,1.1594600000000002
1774352700000,1.1594499999999999,1.1595499999999999,1.15783,1.1588699999999998
1774353600000,1.1588999999999998,1.15933,1.15861,1.15886
1774354500000,1.15885,1.15936,1.15834,1.15922
1774355400000,1.15918,1.15931,1.15805,1.15813
1774356300000,1.1581400000000002,1.15988,1.15813,1.1584100000000002
1774357200000,1.15839,1.15902,1.15673,1.15764
1774358100000,1.1576499999999998,1.1579,1.15692,1.15699
1774359000000,1.15699,1.15748,1.15672,1.15685
1774359900000,1.15685,1.15778,1.15666,1.1577
1774360800000,1.15769,1.15921,1.15769,1.1588
1774361700000,1.15881,1.15955,1.15862,1.15932
1774362600000,1.15931,1.1595300000000002,1.1587,1.1591500000000001
1774363500000,1.15916,1.16064,1.158,1.15888
1774364400000,1.15886,1.15948,1.15839,1.1588
1774365300000,1.15882,1.15956,1.15835,1.15931
1774366200000,1.1593,1.15968,1.15859,1.15876
1774367100000,1.15875,1.15876,1.15753,1.1577199999999999
1774368000000,1.15771,1.1584999999999999,1.15736,1.1584299999999998
1774368900000,1.15841,1.15917,1.15841,1.15902
1774369800000,1.15897,1.1591799999999999,1.15811,1.15864
1774370700000,1.15861,1.15882,1.15821,1.15821
1774371600000,1.1582199999999998,1.15828,1.15566,1.15632
1774372500000,1.15631,1.15718,1.15622,1.15704
1774373400000,1.15703,1.15743,1.15661,1.1567299999999998
1774374300000,1.1567399999999999,1.15833,1.15645,1.15754
1774375200000,1.15753,1.15802,1.15673,1.1571500000000001
1774376100000,1.15717,1.15788,1.15687,1.1578600000000001
1774377000000,1.15785,1.15919,1.15768,1.15853
1774377900000,1.1585400000000001,1.1586,1.15782,1.1581700000000001
1774378800000,1.15816,1.15923,1.15816,1.1590200000000002
1774379700000,1.15898,1.15907,1.15869,1.15872
1774380600000,1.1587,1.1587399999999999,1.15835,1.15855
1774381500000,1.1585400000000001,1.15876,1.15839,1.1585
1774382400000,1.1584800000000002,1.1585800000000002,1.15823,1.1583100000000002
1774383300000,1.15832,1.16278,1.15832,1.16059
1774384200000,1.16052,1.1614799999999998,1.16,1.1604599999999998
1774385100000,1.16047,1.1609099999999999,1.1599,1.16066
1774386000000,1.16058,1.16088,1.16004,1.16009
1774386900000,1.1601,1.16041,1.15994,1.16041
1774387800000,1.16034,1.16068,1.16018,1.16067
1774388700000,1.16068,1.16122,1.16041,1.16122
1774389600000,1.16086,1.1618499999999998,1.16078,1.16112
1774390500000,1.1611,1.16121,1.16039,1.16106
1774391400000,1.1610500000000001,1.16133,1.16094,1.16127
1774392300000,1.1612600000000002,1.16152,1.16118,1.16135
1774393200000,1.16136,1.16151,1.16079,1.16119
1774394100000,1.16118,1.16178,1.16093,1.16173
1774395000000,1.1616600000000001,1.16172,1.16111,1.1611500000000001
1774395900000,1.1611399999999998,1.1614499999999999,1.16102,1.16132
1774396800000,1.16133,1.1626800000000002,1.16121,1.16238
1774397700000,1.16233,1.16244,1.16164,1.162
1774398600000,1.1619899999999999,1.1630099999999999,1.16132,1.16275
1774399500000,1.16276,1.1629200000000002,1.16226,1.16228
1774400400000,1.1622000000000001,1.16236,1.16172,1.1617700000000002
1774401300000,1.16176,1.16238,1.16176,1.16194
1774402200000,1.16193,1.16232,1.16163,1.16181
1774403100000,1.1618000000000002,1.16198,1.16114,1.1611500000000001
1774404000000,1.16116,1.16125,1.16038,1.1605699999999999
1774404900000,1.16056,1.16083,1.1604,1.1606800000000002
1774405800000,1.16066,1.16073,1.16036,1.1606100000000001
1774406700000,1.1606100000000001,1.16077,1.16006,1.16035
1774407600000,1.16034,1.16046,1.16011,1.1602299999999999
1774408500000,1.16023,1.16045,1.16012,1.16018
1774409400000,1.16017,1.16042,1.16001,1.1602999999999999
1774410300000,1.1603199999999998,1.1603899999999998,1.1602,1.1603199999999998
1774411200000,1.16031,1.16032,1.15975,1.15998
1774412100000,1.15997,1.1603599999999998,1.15993,1.16021
1774413000000,1.16021,1.16032,1.15983,1.15986
1774413900000,1.15985,1.15988,1.15969,1.15972
1774414800000,1.1597199999999999,1.1597199999999999,1.15936,1.15956
1774415700000,1.15955,1.15955,1.15917,1.15941
1774416600000,1.1594200000000001,1.1597600000000001,1.15941,1.15952
1774417500000,1.15953,1.15953,1.15885,1.15916
1774418400000,1.1591799999999999,1.15939,1.15864,1.15886
1774419300000,1.15887,1.1593,1.15883,1.1590500000000001
1774420200000,1.15906,1.1596,1.15905,1.1593799999999999
1774421100000,1.15937,1.15992,1.15916,1.15956
1774422000000,1.15955,1.16021,1.15947,1.16009
1774422900000,1.16011,1.16047,1.15966,1.16003
1774423800000,1.16002,1.16006,1.15879,1.15947
1774424700000,1.1595,1.16028,1.1595,1.15971
1774425600000,1.15974,1.16079,1.15901,1.1606
1774426500000,1.16054,1.1615499999999999,1.16037,1.16133
1774427400000,1.16132,1.16159,1.16054,1.16113
1774428300000,1.16113,1.16144,1.16013,1.16022
1774429200000,1.16021,1.1608800000000001,1.16005,1.16039
1774430100000,1.1603700000000001,1.16042,1.15955,1.1596600000000001
1774431000000,1.15967,1.1598199999999999,1.15909,1.1595499999999999
1774431900000,1.15954,1.1601000000000001,1.15908,1.15985
1774432800000,1.15998,1.16051,1.15984,1.16007
1774433700000,1.16004,1.1602999999999999,1.15963,1.15966
1774434600000,1.15967,1.1602000000000001,1.15954,1.15961
1774435500000,1.1596199999999999,1.16048,1.15959,1.1603899999999998
1774436400000,1.16038,1.16108,1.16037,1.16045
1774437300000,1.16044,1.16086,1.1602,1.16054
1774438200000,1.16055,1.16062,1.16016,1.1605800000000002
1774439100000,1.16052,1.1606699999999999,1.15936,1.16048
1774440000000,1.16059,1.1613099999999998,1.16054,1.16098
1774440900000,1.1609999999999998,1.1610399999999998,1.15871,1.15949
1774441800000,1.15948,1.1597600000000001,1.15901,1.15913
1774442700000,1.15914,1.15922,1.15859,1.15907
1774443600000,1.15912,1.15983,1.15864,1.1589399999999999
1774444500000,1.15893,1.15899,1.15836,1.15836
1774445400000,1.15841,1.15879,1.15783,1.15798
1774446300000,1.1579700000000002,1.15808,1.15711,1.15724
1774447200000,1.15726,1.15759,1.15659,1.15759
1774448100000,1.1575799999999998,1.15824,1.15715,1.1580899999999998
1774449000000,1.15814,1.1585,1.15768,1.1577600000000001
1774449900000,1.15778,1.15872,1.15772,1.1585500000000002
1774450800000,1.1585599999999998,1.15889,1.15742,1.15747
1774451700000,1.15745,1.15764,1.15653,1.15743
1774452600000,1.15749,1.15774,1.15648,1.1567399999999999
1774453500000,1.15676,1.157,1.15624,1.15693
1774454400000,1.1569200000000002,1.15728,1.15548,1.15611
1774455300000,1.1560700000000002,1.15761,1.15579,1.15708
1774456200000,1.1570900000000002,1.1572,1.15677,1.1570200000000002
1774457100000,1.1569900000000002,1.1572,1.15667,1.1567100000000001
1774458000000,1.1566999999999998,1.15722,1.15644,1.15698
1774458900000,1.15699,1.15761,1.15678,1.1575499999999999
1774459800000,1.1576,1.15832,1.15736,1.15801
1774460700000,1.15801,1.15828,1.15743,1.15777
1774461600000,1.1577799999999998,1.1580499999999998,1.15749,1.1577899999999999
1774462500000,1.1578000000000002,1.1580300000000001,1.15769,1.15779
1774463400000,1.1578,1.1579499999999998,1.15698,1.1569999999999998
1774464300000,1.15698,1.15706,1.15604,1.15659
1774465200000,1.1565800000000002,1.1565800000000002,1.15586,1.15602
1774466100000,1.15601,1.1565599999999998,1.156,1.1562599999999998
1774467000000,1.15627,1.1566,1.15611,1.15641
1774467900000,1.1564,1.15647,1.15613,1.1562700000000001
1774468800000,1.15626,1.15629,1.15589,1.15596
1774469700000,1.1559499999999998,1.1559499999999998,1.15566,1.15566
1774470600000,1.15567,1.1559000000000001,1.15555,1.1558000000000002
1774471500000,1.15579,1.15597,1.15554,1.15585
1774472400000,1.15575,1.1560000000000001,1.15551,1.15599
1774473300000,1.15599,1.15602,1.15596,1.15599
1774474200000,1.15599,1.15601,1.15595,1.15596
1774475100000,1.1559599999999999,1.15602,1.15584,1.15585
1774476000000,1.15591,1.15603,1.15574,1.15574
1774476900000,1.15574,1.1557600000000001,1.15554,1.1557600000000001
1774477800000,1.1557600000000001,1.15614,1.15575,1.15614
1774478700000,1.15614,1.15618,1.15595,1.15599
1774479600000,1.156,1.1561,1.1559,1.1560599999999999
1774480500000,1.15607,1.15611,1.1559,1.1561
1774481400000,1.15611,1.15611,1.15583,1.15591
1774482300000,1.1559300000000001,1.15615,1.15585,1.15609
1774483200000,1.15608,1.15641,1.15604,1.15634
1774484100000,1.15632,1.15641,1.15598,1.15599
1774485000000,1.156,1.15607,1.15542,1.15542
1774485900000,1.15541,1.15584,1.15534,1.1557600000000001
1774486800000,1.15575,1.15652,1.15575,1.1562700000000001
1774487700000,1.15628,1.1564199999999998,1.15603,1.1563899999999998
1774488600000,1.15636,1.1566400000000001,1.15632,1.15649
1774489500000,1.1564800000000002,1.1566400000000001,1.15623,1.15639
1774490400000,1.15638,1.15649,1.15617,1.1561899999999998
1774491300000,1.1561899999999998,1.15651,1.15617,1.15624
1774492200000,1.1562199999999998,1.15625,1.15542,1.1557799999999998
1774493100000,1.15578,1.15604,1.15573,1.15583
1774494000000,1.15581,1.15629,1.15568,1.15628
1774494900000,1.15625,1.15674,1.15613,1.15669
1774495800000,1.1566999999999998,1.1569099999999999,1.15668,1.15669
1774496700000,1.15665,1.15681,1.15661,1.15681
1774497600000,1.15679,1.15689,1.15669,1.15686
1774498500000,1.15685,1.1570399999999998,1.15685,1.15703
1774499400000,1.15706,1.15719,1.15693,1.15701
1774500300000,1.15702,1.1571099999999999,1.15681,1.15688
1774501200000,1.1569,1.15693,1.15677,1.15684
1774502100000,1.15682,1.15685,1.1561,1.1564699999999999
1774503000000,1.15652,1.1565800000000002,1.15623,1.1563400000000001
1774503900000,1.15632,1.15632,1.15572,1.15574
1774504800000,1.15571,1.1559899999999999,1.15539,1.1554
1774505700000,1.1554200000000001,1.15598,1.15527,1.15587
1774506600000,1.15589,1.15602,1.15514,1.15543
1774507500000,1.1554600000000002,1.1566500000000002,1.15545,1.1566
1774508400000,1.15659,1.15659,1.1554,1.15583
1774509300000,1.15584,1.15618,1.15541,1.15578
1774510200000,1.1558,1.15593,1.15522,1.15542
1774511100000,1.15541,1.1555900000000001,1.15501,1.15531
1774512000000,1.15533,1.15533,1.15469,1.15523
1774512900000,1.15529,1.1558899999999999,1.15522,1.1552499999999999
1774513800000,1.15526,1.156,1.15516,1.15559
1774514700000,1.15559,1.1560599999999999,1.15559,1.1559199999999998
1774515600000,1.1558899999999999,1.15644,1.15563,1.156
1774516500000,1.15597,1.1560300000000001,1.1552,1.1557
1774517400000,1.15563,1.15596,1.15527,1.15538
1774518300000,1.15542,1.15597,1.15532,1.15591
1774519200000,1.1559,1.15645,1.15557,1.15625
1774520100000,1.1562400000000002,1.1564100000000002,1.15606,1.1561000000000001
1774521000000,1.1561100000000002,1.1563100000000002,1.15579,1.1558400000000002
1774521900000,1.15582,1.1560000000000001,1.15541,1.1556600000000001
1774522800000,1.15571,1.15581,1.15506,1.1550799999999999
1774523700000,1.15507,1.15521,1.15426,1.15432
1774524600000,1.15433,1.1544,1.15317,1.15328
1774525500000,1.15331,1.15336,1.15228,1.15237
1774526400000,1.15238,1.15333,1.15219,1.1531200000000001
1774527300000,1.1531099999999999,1.1534499999999999,1.15295,1.15329
1774528200000,1.1533,1.15338,1.15263,1.1526800000000001
1774529100000,1.15269,1.15349,1.15268,1.15346
1774530000000,1.15345,1.15405,1.15344,1.15395
1774530900000,1.15396,1.15439,1.15389,1.1542100000000002
1774531800000,1.1542,1.1549099999999999,1.15367,1.1549
1774532700000,1.15494,1.1552,1.15354,1.15417
1774533600000,1.15422,1.15439,1.15364,1.15422
1774534500000,1.1541899999999998,1.1550699999999998,1.15393,1.15476
1774535400000,1.1547699999999999,1.15544,1.15407,1.15427
1774536300000,1.1542599999999998,1.15512,1.15403,1.1546999999999998
1774537200000,1.15469,1.15508,1.15436,1.15462
1774538100000,1.15467,1.15486,1.15423,1.1543400000000001
1774539000000,1.1543100000000002,1.1544,1.15308,1.1532300000000002
1774539900000,1.15324,1.15424,1.15319,1.1540899999999998
1774540800000,1.15408,1.15426,1.15365,1.15419
1774541700000,1.15418,1.15421,1.15305,1.1534399999999998
1774542600000,1.1534300000000002,1.15369,1.15308,1.15365
1774543500000,1.15364,1.1538799999999998,1.15349,1.1535099999999998
1774544400000,1.1535,1.15364,1.1532,1.15333
1774545300000,1.15333,1.15355,1.15306,1.15336
1774546200000,1.1534,1.15371,1.15267,1.1528
1774547100000,1.15277,1.1528100000000001,1.1525,1.15253
1774548000000,1.1525100000000001,1.1531200000000001,1.15246,1.15303
1774548900000,1.15301,1.1530500000000001,1.15263,1.15272
1774549800000,1.15273,1.1532499999999999,1.15269,1.15324
1774550700000,1.1532300000000002,1.15334,1.15308,1.15334
1774551600000,1.15337,1.1534000000000002,1.1523,1.1524
1774552500000,1.15239,1.15269,1.15223,1.15232
1774553400000,1.15231,1.15281,1.15225,1.15232
1774554300000,1.15234,1.15242,1.15211,1.15214
1774555200000,1.1521299999999999,1.15583,1.1519,1.1546399999999999
1774556100000,1.15462,1.1547800000000001,1.15297,1.15331
1774557000000,1.1533200000000001,1.1538000000000002,1.15321,1.1532200000000001
1774557900000,1.1532099999999998,1.15332,1.15271,1.1528699999999998
1774558800000,1.15248,1.15316,1.15227,1.15305
1774559700000,1.15305,1.15312,1.15276,1.15286
1774560600000,1.1528299999999998,1.15342,1.15281,1.15322
1774561500000,1.1532300000000002,1.15334,1.15301,1.1530900000000002
1774562400000,1.1530799999999999,1.15398,1.15306,1.15359
1774563300000,1.1536,1.1538000000000002,1.15348,1.15355
1774564200000,1.15354,1.15383,1.15354,1.15382
1774565100000,1.1538,1.1539,1.15373,1.15378
1774566000000,1.1537899999999999,1.15388,1.15367,1.1536899999999999
1774566900000,1.1537000000000002,1.15382,1.15369,1.15375
1774567800000,1.15375,1.15392,1.15351,1.1535600000000001
1774568700000,1.1535700000000002,1.1536300000000002,1.15335,1.1533900000000001
1774569600000,1.1533,1.1537499999999998,1.15319,1.1532
1774570500000,1.15321,1.1534,1.15239,1.15265
1774571400000,1.15266,1.15295,1.15259,1.15279
1774572300000,1.15276,1.15309,1.15238,1.15299
1774573200000,1.153,1.15341,1.15293,1.15328
1774574100000,1.1533,1.1536199999999999,1.15319,1.1535799999999998
1774575000000,1.15359,1.15398,1.15356,1.15377
1774575900000,1.1538000000000002,1.15404,1.15358,1.15394
1774576800000,1.15401,1.15421,1.15371,1.15378
1774577700000,1.1537700000000002,1.15388,1.15355,1.15385
1774578600000,1.15384,1.15407,1.15376,1.15401
1774579500000,1.1540199999999998,1.15414,1.15376,1.1537899999999999
1774580400000,1.1537899999999999,1.15397,1.15343,1.1535499999999999
1774581300000,1.1535600000000001,1.1535600000000001,1.15334,1.15346
1774582200000,1.15347,1.15392,1.15347,1.15381
1774583100000,1.1538199999999998,1.1538599999999999,1.15366,1.1538499999999998
1774584000000,1.15384,1.1539700000000002,1.15365,1.15388
1774584900000,1.15383,1.15402,1.1538,1.1539
1774585800000,1.15391,1.15421,1.15384,1.1542
1774586700000,1.1542,1.15432,1.15408,1.15423
1774587600000,1.15424,1.15451,1.15408,1.15449
1774588500000,1.15447,1.1545,1.15395,1.1540000000000001
1774589400000,1.154,1.15425,1.15367,1.15425
1774590300000,1.15426,1.15456,1.15396,1.15406
1774591200000,1.15405,1.15431,1.15383,1.1542899999999998
1774592100000,1.15426,1.15433,1.15374,1.15388
1774593000000,1.1538899999999999,1.15393,1.15353,1.15377
1774593900000,1.15375,1.1537600000000001,1.15334,1.1533900000000001
1774594800000,1.1533799999999998,1.15343,1.15292,1.15303
1774595700000,1.15301,1.15306,1.15222,1.15226
1774596600000,1.15225,1.15245,1.15204,1.15209
1774597500000,1.15205,1.1525699999999999,1.15163,1.15184
1774598400000,1.15175,1.15219,1.15155,1.1519700000000002
1774599300000,1.15198,1.15222,1.15164,1.15217
1774600200000,1.1521599999999999,1.1524699999999999,1.1518,1.15229
1774601100000,1.15228,1.15236,1.15192,1.15201
1774602000000,1.15197,1.15215,1.15139,1.1518
1774602900000,1.1517700000000002,1.1523700000000001,1.15172,1.1522000000000001
1774603800000,1.1522,1.15255,1.15191,1.15208
1774604700000,1.15207,1.15211,1.1517,1.1518599999999999
1774605600000,1.1518700000000002,1.1523700000000001,1.15179,1.15198
1774606500000,1.15199,1.15255,1.15178,1.15247
1774607400000,1.15246,1.1525100000000001,1.15128,1.15138
1774608300000,1.15137,1.1516,1.15097,1.15104
1774609200000,1.1510699999999998,1.1513,1.15088,1.15109
1774610100000,1.1511,1.1513399999999998,1.15088,1.15115
1774611000000,1.15114,1.1512799999999999,1.15089,1.15113
1774611900000,1.15114,1.15114,1.15043,1.1507100000000001
1774612800000,1.15068,1.15074,1.15015,1.15027
1774613700000,1.15023,1.15113,1.15012,1.15093
1774614600000,1.15089,1.1515,1.15055,1.1515
1774615500000,1.15151,1.15175,1.15138,1.15145
1774616400000,1.15147,1.1519,1.15137,1.15154
1774617300000,1.1515600000000001,1.1527100000000001,1.15151,1.1524400000000001
1774618200000,1.15243,1.1530900000000002,1.15179,1.1529900000000002
1774619100000,1.15297,1.15323,1.15219,1.1523400000000001
1774620000000,1.15231,1.15319,1.15227,1.1529999999999998
1774620900000,1.15298,1.1535099999999998,1.15271,1.15272
1774621800000,1.1527100000000001,1.15318,1.1525,1.15279
1774622700000,1.1527699999999999,1.15329,1.15271,1.1528299999999998
1774623600000,1.1528500000000002,1.1533,1.1526,1.15307
1774624500000,1.1530799999999999,1.1544599999999998,1.15251,1.1536499999999998
1774625400000,1.15364,1.15472,1.15344,1.15363
1774626300000,1.15364,1.15377,1.15175,1.15188
1774627200000,1.1518899999999999,1.1526699999999999,1.15176,1.15198
1774628100000,1.1519599999999999,1.1522999999999999,1.15177,1.1521599999999999
1774629000000,1.15215,1.15222,1.15142,1.1520000000000001
1774629900000,1.15201,1.15238,1.1518,1.1518599999999999
1774630800000,1.15185,1.15284,1.15137,1.15143
1774631700000,1.1514499999999999,1.1514799999999998,1.15088,1.1508999999999998
1774632600000,1.15089,1.1509399999999999,1.15058,1.1508399999999999
1774633500000,1.15084,1.15141,1.15079,1.1512
1774634400000,1.15119,1.1514,1.15068,1.1507699999999998
1774635300000,1.1507800000000001,1.15128,1.15064,1.15118
1774636200000,1.1511900000000002,1.1519300000000001,1.15114,1.1515900000000001
1774637100000,1.1516,1.15165,1.15123,1.1513
1774638000000,1.1512900000000001,1.15142,1.15094,1.1512900000000001
1774638900000,1.15128,1.15134,1.15111,1.15128
1774639800000,1.1513,1.15137,1.15101,1.1512600000000002
1774640700000,1.15125,1.15174,1.15121,1.1516600000000001
1774641600000,1.1516499999999998,1.1520199999999998,1.15139,1.1516499999999998
1774642500000,1.15166,1.15179,1.1513,1.15136
1774643400000,1.15135,1.15144,1.15087,1.1512900000000001
1774644300000,1.15128,1.15136,1.15045,1.15072
1774818000000,1.15012,1.1501700000000001,1.14996,1.14996
1774818900000,1.14984,1.14996,1.14981,1.14993
1774819800000,1.14993,1.1499599999999999,1.14983,1.14983
1774820700000,1.14983,1.15005,1.14981,1.1499
1774821600000,1.1499199999999998,1.15021,1.14919,1.1496499999999998
1774822500000,1.14967,1.14992,1.14904,1.14904
1774823400000,1.14906,1.14937,1.14877,1.1488500000000001
1774824300000,1.14884,1.14911,1.14874,1.1488
1774825200000,1.1488,1.14934,1.1488,1.14889
1774826100000,1.14888,1.1494099999999998,1.14888,1.14919
1774827000000,1.1492,1.1493,1.14894,1.14901
1774827900000,1.1490200000000002,1.14916,1.1487,1.1491200000000001
1774828800000,1.14917,1.1497,1.1489,1.14936
1774829700000,1.14938,1.15103,1.14921,1.15067
1774830600000,1.1506800000000001,1.1512200000000001,1.15067,1.15077
1774831500000,1.15076,1.15083,1.15042,1.15062
1774832400000,1.15068,1.15104,1.15059,1.15077
1774833300000,1.15076,1.15079,1.15023,1.1505800000000002
1774834200000,1.15059,1.1508500000000002,1.15033,1.1505
1774835100000,1.15054,1.15061,1.15034,1.1504299999999998
1774836000000,1.1504400000000001,1.15081,1.15009,1.15079
1774836900000,1.1507399999999999,1.1507999999999998,1.15037,1.15058
1774837800000,1.1506,1.15127,1.1506,1.15121
1774838700000,1.1512200000000001,1.1514600000000002,1.15091,1.15108
1774839600000,1.15107,1.15162,1.15097,1.15152
1774840500000,1.15151,1.15181,1.1514,1.15168
1774841400000,1.15167,1.15169,1.15147,1.15163
1774842300000,1.15162,1.15164,1.15134,1.15152
1774843200000,1.1515300000000002,1.15165,1.15142,1.15161
1774844100000,1.1516199999999999,1.15207,1.15156,1.15184
1774845000000,1.1518599999999999,1.15191,1.15167,1.15191
1774845900000,1.15191,1.15193,1.1513,1.15131
1774846800000,1.15131,1.1515,1.15117,1.1513200000000001
1774847700000,1.1513499999999999,1.15146,1.15116,1.15119
1774848600000,1.15118,1.15131,1.15091,1.1511900000000002
1774849500000,1.1512,1.15176,1.15116,1.15153
1774850400000,1.15151,1.1519100000000002,1.15142,1.1515700000000002
1774851300000,1.15158,1.15171,1.1511,1.15138
1774852200000,1.15137,1.15188,1.15118,1.15185
1774853100000,1.1518599999999999,1.15195,1.15112,1.15122
1774854000000,1.1511600000000002,1.15123,1.15023,1.15052
1774854900000,1.15051,1.15053,1.14998,1.15006
1774855800000,1.15007,1.15015,1.14937,1.14979
1774856700000,1.1498300000000001,1.14989,1.14934,1.14972
1774857600000,1.14974,1.14975,1.14916,1.1494499999999999
1774858500000,1.14944,1.14944,1.14901,1.14941
1774859400000,1.14937,1.14982,1.14925,1.1493200000000001
1774860300000,1.1493099999999998,1.14981,1.14922,1.1495499999999998
1774861200000,1.14956,1.14977,1.14869,1.14871
1774862100000,1.1486999999999998,1.1493799999999998,1.14834,1.14885
1774863000000,1.1488699999999998,1.1494099999999998,1.14841,1.14936
1774863900000,1.14935,1.14961,1.14921,1.1494
1774864800000,1.14939,1.1496099999999998,1.14905,1.1494099999999998
1774865700000,1.1494499999999999,1.14968,1.14906,1.14913
1774866600000,1.14912,1.14937,1.14875,1.14929
1774867500000,1.1493,1.14946,1.14882,1.14885
1774868400000,1.14886,1.14916,1.14872,1.1491099999999999
1774869300000,1.14912,1.14996,1.14869,1.14918
1774870200000,1.14919,1.14943,1.14862,1.14884
1774871100000,1.14883,1.1490799999999999,1.14834,1.14841
1774872000000,1.14843,1.14854,1.14747,1.14753
1774872900000,1.14755,1.14847,1.14725,1.1478300000000001
1774873800000,1.14782,1.14859,1.14772,1.14812
1774874700000,1.14811,1.14883,1.14775,1.14822
1774875600000,1.14821,1.1487399999999999,1.14787,1.14855
1774876500000,1.14855,1.14873,1.14775,1.14782
1774877400000,1.1478300000000001,1.14802,1.14667,1.14683
1774878300000,1.14684,1.14684,1.14616,1.14635
1774879200000,1.14636,1.14664,1.14595,1.14624
1774880100000,1.14623,1.1462500000000002,1.14542,1.1456700000000002
1774881000000,1.14566,1.14651,1.1456,1.14646
1774881900000,1.14647,1.14697,1.1462,1.1464400000000001
1774882800000,1.14645,1.1465299999999998,1.14454,1.14454
1774883700000,1.14455,1.1454,1.14426,1.14494
1774884600000,1.1449099999999999,1.14581,1.14485,1.14571
1774885500000,1.14572,1.14575,1.14518,1.1453200000000001
1774886400000,1.14526,1.1454499999999999,1.14499,1.14515
1774887300000,1.14516,1.14542,1.14497,1.145
1774888200000,1.14494,1.14572,1.1447,1.14571
1774889100000,1.1457000000000002,1.14606,1.14545,1.14595
1774890000000,1.1459400000000002,1.1463500000000002,1.14559,1.1456700000000002
1774890900000,1.14568,1.14628,1.14553,1.14601
1774891800000,1.146,1.14624,1.14574,1.14622
1774892700000,1.14624,1.1464699999999999,1.14557,1.14571
1774893600000,1.1457,1.1463,1.14564,1.14623
1774894500000,1.14625,1.14641,1.14604,1.14629
1774895400000,1.1463,1.1465500000000002,1.14623,1.1463400000000001
1774896300000,1.1463700000000001,1.14653,1.14596,1.14606
1774897200000,1.14604,1.14618,1.14532,1.1455099999999998
1774898100000,1.14552,1.14569,1.14542,1.14558
1774899000000,1.14557,1.14592,1.14555,1.14588
1774899900000,1.1458899999999999,1.1460199999999998,1.14573,1.1459199999999998
1774900800000,1.14591,1.1462299999999999,1.14584,1.14598
1774901700000,1.1459700000000002,1.14602,1.14565,1.14574
1774902600000,1.14577,1.1459,1.14567,1.1458599999999999
1774903500000,1.14586,1.1462400000000001,1.14569,1.1461000000000001
1774904400000,1.1463999999999999,1.1467699999999998,1.14549,1.1455899999999999
1774905300000,1.14558,1.14575,1.14554,1.14559
1774906200000,1.14559,1.1464800000000002,1.14555,1.1464800000000002
1774907100000,1.1463899999999998,1.1464999999999999,1.1461,1.1461199999999998
1774908000000,1.14616,1.1465,1.14605,1.1462
1774908900000,1.14621,1.1463700000000001,1.14609,1.14622
1774909800000,1.14622,1.1462299999999999,1.14607,1.1460899999999998
1774910700000,1.14611,1.14617,1.14588,1.14589
1774911600000,1.14589,1.14589,1.14517,1.14519
1774912500000,1.14521,1.14549,1.1452,1.14543
1774913400000,1.14543,1.14564,1.14531,1.14564
1774914300000,1.14562,1.14564,1.14541,1.14561
1774915200000,1.1456000000000002,1.14588,1.14508,1.14511
1774916100000,1.14513,1.14531,1.14467,1.14525
1774917000000,1.14524,1.1463700000000001,1.14497,1.14629
1774917900000,1.14628,1.14758,1.14628,1.1474199999999999
1774918800000,1.14741,1.1477000000000002,1.14728,1.14767
1774919700000,1.1476899999999999,1.1489099999999999,1.14763,1.14888
1774920600000,1.14889,1.14902,1.14829,1.1483400000000001
1774921500000,1.14833,1.1484100000000002,1.14748,1.14755
1774922400000,1.14756,1.1476899999999999,1.14729,1.1475799999999998
1774923300000,1.14754,1.14773,1.14747,1.14761
1774924200000,1.1476,1.14764,1.14726,1.14748
1774925100000,1.14747,1.14791,1.14741,1.14753
1774926000000,1.14752,1.14758,1.1473,1.14733
1774926900000,1.14732,1.14736,1.14702,1.1471799999999999
1774927800000,1.1471900000000002,1.1473000000000002,1.14698,1.1470200000000002
1774928700000,1.14703,1.1470399999999998,1.14658,1.1469099999999999
1774929600000,1.14692,1.14709,1.14692,1.147
1774930500000,1.14703,1.14716,1.14695,1.1470699999999998
1774931400000,1.14706,1.14723,1.14697,1.14701
1774932300000,1.14702,1.1471,1.14683,1.14684
1774933200000,1.14684,1.14708,1.14625,1.14625
1774934100000,1.14624,1.1469,1.14622,1.14675
1774935000000,1.14678,1.1469299999999998,1.14654,1.14659
1774935900000,1.14656,1.14699,1.14618,1.14639
1774936800000,1.14638,1.14656,1.14602,1.14643
1774937700000,1.1464200000000002,1.1471,1.1462,1.1469600000000002
1774938600000,1.14687,1.1470900000000002,1.1465,1.14667
1774939500000,1.14666,1.1473799999999998,1.14648,1.14715
1774940400000,1.14712,1.14736,1.14661,1.14661
1774941300000,1.14657,1.14682,1.14625,1.14663
1774942200000,1.14664,1.147,1.14664,1.14687
1774943100000,1.14683,1.14718,1.14666,1.14718
1774944000000,1.14719,1.14733,1.14661,1.14666
1774944900000,1.14665,1.1467699999999998,1.14637,1.1467399999999999
1774945800000,1.14673,1.1472499999999999,1.14662,1.14723
1774946700000,1.14725,1.1475300000000002,1.1466,1.14666
1774947600000,1.14666,1.14683,1.14617,1.1467999999999998
1774948500000,1.1468099999999999,1.1472799999999999,1.14651,1.14716
1774949400000,1.14717,1.14717,1.14666,1.14684
1774950300000,1.14683,1.14684,1.14652,1.14677
1774951200000,1.1467800000000001,1.14693,1.1465,1.1465
1774952100000,1.14646,1.14667,1.1463,1.14666
1774953000000,1.14667,1.14677,1.14639,1.14642
1774953900000,1.1463999999999999,1.14641,1.14576,1.14584
1774954800000,1.1458899999999999,1.1470799999999999,1.1457,1.1461
1774955700000,1.14611,1.1484699999999999,1.146,1.1473799999999998
1774956600000,1.14739,1.1485999999999998,1.14715,1.14859
1774957500000,1.14858,1.14906,1.14821,1.14906
1774958400000,1.1490500000000001,1.15011,1.14863,1.1491500000000001
1774959300000,1.1491200000000001,1.1503700000000001,1.14891,1.1503500000000002
1774960200000,1.1503,1.15093,1.15016,1.15072
1774961100000,1.1507,1.15091,1.15019,1.15025
1774962000000,1.1502599999999998,1.1513099999999998,1.15,1.1509099999999999
1774962900000,1.1509200000000002,1.15186,1.15087,1.15138
1774963800000,1.15137,1.15179,1.15096,1.1516
1774964700000,1.1516,1.15321,1.1514,1.1532
1774965600000,1.1532099999999998,1.1532799999999999,1.152,1.15248
1774966500000,1.15247,1.15341,1.15229,1.15341
1774967400000,1.1534,1.1540100000000002,1.15179,1.15186
1774968300000,1.1519199999999998,1.15289,1.15105,1.15197
1774969200000,1.15208,1.15314,1.15161,1.153
1774970100000,1.15301,1.15324,1.15232,1.15242
1774971000000,1.15242,1.15248,1.15149,1.1515199999999999
1774971900000,1.15154,1.1523999999999999,1.15112,1.1516799999999998
1774972800000,1.15167,1.15254,1.15154,1.15197
1774973700000,1.15195,1.15223,1.15134,1.15219
1774974600000,1.1522000000000001,1.15591,1.15219,1.15464
1774975500000,1.15461,1.15481,1.15326,1.15398
1774976400000,1.1539899999999998,1.1553399999999998,1.15393,1.1551099999999999
1774977300000,1.1551,1.1555,1.15463,1.15475
1774978200000,1.15476,1.1553099999999998,1.15431,1.1552
1774979100000,1.15522,1.15561,1.15384,1.15394
1774980000000,1.15393,1.15486,1.1538,1.15478
1774980900000,1.15477,1.15503,1.15418,1.15469
1774981800000,1.1547,1.1547800000000001,1.15399,1.15436
1774982700000,1.1543700000000001,1.15475,1.15378,1.15441
1774983600000,1.15438,1.1545999999999998,1.15383,1.15425
1774984500000,1.15426,1.15445,1.15409,1.15425
1774985400000,1.15428,1.15543,1.15425,1.1551
1774986300000,1.1550699999999998,1.15591,1.15505,1.1558499999999998
1774987200000,1.15585,1.15629,1.15569,1.1558000000000002
1774988100000,1.15581,1.15591,1.1556,1.15566
1774989000000,1.15565,1.1557600000000001,1.15531,1.15545
1774989900000,1.15544,1.15545,1.15517,1.15525
1774990800000,1.15521,1.15544,1.15457,1.15537
1774991700000,1.15537,1.15539,1.15499,1.15509
1774992600000,1.15507,1.1553200000000001,1.15507,1.1552200000000001
1774993500000,1.1552200000000001,1.15541,1.15517,1.15535
1774994400000,1.1553499999999999,1.15591,1.15519,1.15543
1774995300000,1.15544,1.15562,1.15527,1.15545
1774996200000,1.15542,1.1557499999999998,1.15539,1.15564
1774997100000,1.15563,1.15587,1.15554,1.15581
1774998000000,1.1558,1.15604,1.15564,1.156
1774998900000,1.15601,1.15673,1.15599,1.15659
1774999800000,1.15657,1.15663,1.15643,1.1565400000000001
1775000700000,1.15655,1.15738,1.15646,1.1573200000000001
1775001600000,1.1572799999999999,1.1573799999999999,1.15688,1.1573099999999998
1775002500000,1.1573099999999998,1.1578199999999998,1.15729,1.1576
1775003400000,1.15761,1.15771,1.15741,1.1575900000000001
1775004300000,1.15758,1.15759,1.15706,1.1574
1775005200000,1.15743,1.15751,1.15563,1.15649
1775006100000,1.15648,1.1564999999999999,1.15573,1.15632
1775007000000,1.15629,1.15649,1.15548,1.1556300000000002
1775007900000,1.1556199999999999,1.15615,1.15543,1.15612
1775008800000,1.15618,1.15658,1.15601,1.15645
1775009700000,1.15645,1.1566400000000001,1.15643,1.15645
1775010600000,1.15644,1.15668,1.15624,1.15659
1775011500000,1.15664,1.15705,1.15664,1.15682
1775012400000,1.1568100000000001,1.1568100000000001,1.15643,1.15666
1775013300000,1.15668,1.15676,1.15644,1.1564699999999999
1775014200000,1.15648,1.15653,1.15612,1.1561700000000001
1775015100000,1.15618,1.1562000000000001,1.15585,1.15602
1775016000000,1.15601,1.15623,1.15591,1.15605
1775016900000,1.1560599999999999,1.15618,1.1559,1.15618
1775017800000,1.1561700000000001,1.1563800000000002,1.15606,1.1563800000000002
1775018700000,1.15638,1.15659,1.15629,1.15648
1775019600000,1.15647,1.15674,1.15642,1.15658
1775020500000,1.15657,1.15723,1.15652,1.15723
1775021400000,1.15724,1.15754,1.15714,1.15753
1775022300000,1.15754,1.15759,1.15672,1.15673
1775023200000,1.15684,1.15701,1.15616,1.1566
1775024100000,1.15663,1.15886,1.15657,1.15863
1775025000000,1.15865,1.15923,1.15787,1.15868
1775025900000,1.15869,1.15917,1.15797,1.15906
1775026800000,1.1591,1.1594,1.15818,1.15864
1775027700000,1.15863,1.15927,1.1585,1.1589
1775028600000,1.15887,1.15919,1.15821,1.1589399999999999
1775029500000,1.15892,1.1598,1.15764,1.15816
1775030400000,1.15814,1.15907,1.15771,1.15844
1775031300000,1.15845,1.15992,1.15825,1.15991
1775032200000,1.16001,1.16099,1.15988,1.16099
1775033100000,1.1609800000000001,1.16101,1.15938,1.1595900000000001
1775034000000,1.15958,1.16021,1.15909,1.15916
1775034900000,1.1591399999999998,1.15919,1.15814,1.15841
1775035800000,1.1584,1.15865,1.15802,1.1583400000000001
1775036700000,1.1583400000000001,1.1596700000000002,1.1583,1.15947
1775037600000,1.15951,1.16,1.15929,1.15961
1775038500000,1.1596,1.15997,1.15941,1.15961
1775039400000,1.1596,1.15997,1.15954,1.15992
1775040300000,1.15991,1.16031,1.15949,1.15991
1775041200000,1.15992,1.16051,1.15974,1.16048
1775042100000,1.1605,1.16051,1.15978,1.15988
1775043000000,1.15991,1.16023,1.15974,1.16019
1775043900000,1.1602000000000001,1.1609500000000001,1.16016,1.1607
1775044800000,1.16072,1.161,1.16015,1.1603700000000001
1775045700000,1.1602999999999999,1.1604599999999998,1.15942,1.1595499999999999
1775046600000,1.15955,1.16176,1.15933,1.1613499999999999
1775047500000,1.1614200000000001,1.1623,1.16013,1.1604
1775048400000,1.1604100000000002,1.1611,1.15982,1.1610500000000001
1775049300000,1.1610399999999998,1.1614,1.16064,1.16082
1775050200000,1.1608,1.16232,1.16059,1.16148
1775051100000,1.16148,1.16181,1.16099,1.16113
1775052000000,1.16113,1.1611399999999998,1.16041,1.16096
1775052900000,1.1609,1.16182,1.1609,1.16135
1775053800000,1.16137,1.16202,1.16065,1.16159
1775054700000,1.1616,1.16264,1.16123,1.16221
1775055600000,1.16222,1.16265,1.16139,1.1615
1775056500000,1.16154,1.16166,1.16055,1.16055
1775057400000,1.1605999999999999,1.1611,1.16048,1.16103
1775058300000,1.16103,1.16167,1.16086,1.16132
1775059200000,1.1613,1.16151,1.16056,1.1606100000000001
1775060100000,1.1606,1.1609200000000002,1.1604,1.1607
1775061000000,1.16074,1.16093,1.16043,1.1606400000000001
1775061900000,1.1606,1.1618600000000001,1.16059,1.16185
1775062800000,1.16187,1.1622999999999999,1.16129,1.16154
1775063700000,1.16153,1.1615499999999999,1.16068,1.1607399999999999
1775064600000,1.16071,1.16071,1.15971,1.1605
1775065500000,1.16049,1.16049,1.15933,1.15934
1775066400000,1.15933,1.15938,1.15877,1.1588
1775067300000,1.15879,1.15896,1.15826,1.1584
1775068200000,1.15839,1.1587,1.15762,1.15849
1775069100000,1.15853,1.1587,1.15775,1.1578300000000001
1775070000000,1.15784,1.1584100000000002,1.15758,1.15826
1775070900000,1.15828,1.15832,1.1578,1.1582599999999998
1775071800000,1.15828,1.15865,1.15812,1.1585400000000001
1775072700000,1.15855,1.15866,1.15807,1.15832
1775073600000,1.15831,1.15872,1.15831,1.15859
1775074500000,1.1586,1.1586800000000002,1.1584,1.15866
1775075400000,1.15865,1.15906,1.15865,1.15905
1775076300000,1.15906,1.15915,1.15888,1.15899
1775077200000,1.15871,1.15871,1.15818,1.15839
1775078100000,1.1583899999999998,1.15879,1.15837,1.1587699999999999
1775079000000,1.15877,1.15879,1.1584,1.1586
1775079900000,1.1586,1.1589800000000001,1.1586,1.15894
1775080800000,1.15892,1.15926,1.15892,1.15916
1775081700000,1.15917,1.1593,1.15901,1.1593
1775082600000,1.15927,1.15927,1.15903,1.15918
1775083500000,1.1591900000000002,1.1594,1.15897,1.1590500000000001
1775084400000,1.15906,1.15941,1.15906,1.15934
1775085300000,1.15933,1.15934,1.15907,1.1591200000000002
1775086200000,1.15913,1.15926,1.15902,1.1591799999999999
1775087100000,1.15917,1.15917,1.15886,1.15893
1775088000000,1.15886,1.1595199999999999,1.15878,1.15923
1775088900000,1.1592099999999999,1.15932,1.15864,1.1586999999999998
1775089800000,1.15868,1.15949,1.15868,1.15939
1775090700000,1.1594,1.15974,1.15923,1.1595
1775091600000,1.15947,1.16051,1.15788,1.15906
1775092500000,1.15904,1.1594300000000002,1.15596,1.1562700000000001
1775093400000,1.15625,1.15631,1.15466,1.15525
1775094300000,1.1552399999999998,1.15549,1.15451,1.1552099999999998
1775095200000,1.1552,1.15598,1.15512,1.15543
1775096100000,1.15543,1.15584,1.15475,1.15475
1775097000000,1.15474,1.15487,1.15436,1.1546100000000001
1775097900000,1.15459,1.1548699999999998,1.15458,1.15462
1775098800000,1.1546299999999998,1.15478,1.15434,1.15468
1775099700000,1.1546800000000002,1.15479,1.1544,1.1545500000000002
1775100600000,1.15455,1.1548399999999999,1.15454,1.1548299999999998
1775101500000,1.15483,1.15484,1.15372,1.1539400000000002
1775102400000,1.15396,1.1541400000000002,1.15372,1.15379
1775103300000,1.15383,1.15394,1.15344,1.15346
1775104200000,1.15347,1.15361,1.15323,1.1534
1775105100000,1.15341,1.15364,1.15317,1.15364
1775106000000,1.1536600000000001,1.1538400000000002,1.15335,1.1533600000000002
1775106900000,1.15338,1.15348,1.15307,1.15319
1775107800000,1.1532,1.15363,1.15313,1.15347
1775108700000,1.15349,1.15349,1.15244,1.15248
1775109600000,1.15249,1.15284,1.15161,1.15168
1775110500000,1.15167,1.15262,1.15146,1.15241
1775111400000,1.15234,1.15306,1.15228,1.15304
1775112300000,1.15303,1.15349,1.15285,1.15339
1775113200000,1.15339,1.1536499999999998,1.15258,1.1526699999999999
1775114100000,1.15266,1.15372,1.15263,1.15286
1775115000000,1.15281,1.15315,1.15183,1.15232
1775115900000,1.15231,1.15326,1.15231,1.15319
1775116800000,1.15324,1.15346,1.15275,1.1533499999999999
1775117700000,1.1533499999999999,1.1535199999999999,1.15244,1.15271
1775118600000,1.1526999999999998,1.15302,1.15241,1.15263
1775119500000,1.15263,1.15288,1.15238,1.15248
1775120400000,1.15248,1.15272,1.15228,1.15232
1775121300000,1.15231,1.15279,1.15212,1.1526100000000001
1775122200000,1.1526,1.15314,1.15253,1.1525800000000002
1775123100000,1.15259,1.15278,1.15231,1.1525699999999999
1775124000000,1.15261,1.15263,1.1515,1.1515199999999999
1775124900000,1.15153,1.15189,1.1513,1.15188
1775125800000,1.15188,1.15199,1.15131,1.15167
1775126700000,1.1516899999999999,1.1518199999999998,1.15105,1.1511699999999998
1775127600000,1.1512,1.1513,1.15087,1.15106
1775128500000,1.15104,1.1513600000000002,1.15087,1.15108
1775129400000,1.15107,1.1518899999999999,1.15099,1.1513799999999998
1775130300000,1.15138,1.15184,1.15117,1.1517
1775131200000,1.15179,1.15286,1.15164,1.15254
1775132100000,1.15253,1.15277,1.15203,1.15263
1775133000000,1.1526200000000002,1.1528100000000001,1.1523,1.15249
1775133900000,1.15248,1.1530799999999999,1.15221,1.15241
1775134800000,1.15247,1.15293,1.15198,1.15208
1775135700000,1.15209,1.1528,1.15203,1.15266
1775136600000,1.1526500000000002,1.1529800000000001,1.15199,1.15219
1775137500000,1.1521599999999999,1.1532,1.15214,1.1530799999999999
1775138400000,1.15307,1.1534,1.15267,1.153
1775139300000,1.1530099999999999,1.1536,1.15282,1.15293
1775140200000,1.15292,1.15633,1.15262,1.15513
1775141100000,1.15514,1.1552499999999999,1.15421,1.15507
1775142000000,1.1550799999999999,1.1558,1.15478,1.1555099999999998
1775142900000,1.1555,1.1558,1.15412,1.15499
1775143800000,1.1549999999999998,1.15522,1.15461,1.1548999999999998
1775144700000,1.15491,1.15491,1.15422,1.15445
1775145600000,1.15449,1.15471,1.15391,1.15416
1775146500000,1.15416,1.1546200000000002,1.15386,1.15405
1775147400000,1.1540400000000002,1.1547,1.15396,1.15457
1775148300000,1.15456,1.15474,1.15385,1.15388
1775149200000,1.15386,1.15457,1.15368,1.15452
1775150100000,1.15452,1.1548699999999998,1.15437,1.15444
1775151000000,1.15445,1.15445,1.15409,1.1543100000000002
1775151900000,1.15428,1.15433,1.15358,1.15371
1775152800000,1.15372,1.15395,1.15347,1.15368
1775153700000,1.1537,1.15376,1.15326,1.15331
1775154600000,1.15327,1.15376,1.15326,1.15367
1775155500000,1.15366,1.1539199999999998,1.15356,1.15356
1775156400000,1.1536,1.15393,1.1536,1.15367
1775157300000,1.1536600000000001,1.1543100000000002,1.15348,1.15388
1775158200000,1.15389,1.15401,1.15367,1.15368
1775159100000,1.15367,1.15379,1.15328,1.1534
1775160000000,1.15342,1.15368,1.15316,1.15367
1775160900000,1.15368,1.15378,1.1536,1.15374
1775161800000,1.1537499999999998,1.15377,1.15359,1.15364
1775162700000,1.15365,1.1539,1.15364,1.15382
1775163600000,1.1537600000000001,1.15397,1.15317,1.15333
1775164500000,1.15333,1.15395,1.15326,1.15343
1775165400000,1.15344,1.15367,1.15339,1.15354
1775166300000,1.15357,1.15385,1.15341,1.1538
1775167200000,1.1540000000000001,1.1540100000000002,1.15369,1.15386
1775168100000,1.15383,1.1540199999999998,1.15383,1.15388
1775169000000,1.15388,1.15398,1.15387,1.15392
1775169900000,1.15391,1.1539899999999998,1.15387,1.15393
1775170800000,1.1539400000000002,1.1540300000000001,1.15389,1.1540000000000001
1775171700000,1.15399,1.1541000000000001,1.15395,1.15409
1775172600000,1.1541000000000001,1.15423,1.15406,1.1541000000000001
1775173500000,1.1540899999999998,1.1541299999999999,1.15403,1.1540899999999998
1775174400000,1.1541000000000001,1.15446,1.15406,1.15416
1775175300000,1.15415,1.15417,1.154,1.1541599999999999
1775176200000,1.15415,1.15436,1.15412,1.15424
1775177100000,1.1542400000000002,1.15428,1.15375,1.15375
1775178000000,1.1537600000000001,1.1539400000000002,1.15369,1.1538000000000002
1775178900000,1.15379,1.15391,1.15374,1.15382
1775179800000,1.1538499999999998,1.1538499999999998,1.15349,1.1535
1775180700000,1.15349,1.1536,1.1533,1.15345
1775181600000,1.15344,1.1537899999999999,1.15339,1.15364
1775182500000,1.15365,1.15365,1.15316,1.15316
1775183400000,1.15316,1.15347,1.15316,1.15337
1775184300000,1.1534000000000002,1.15365,1.15335,1.15355
1775185200000,1.15355,1.1537,1.15354,1.15364
1775186100000,1.15366,1.15366,1.15349,1.1535499999999999
1775187000000,1.15356,1.1536,1.15349,1.1535499999999999
1775187900000,1.15356,1.1536199999999999,1.15336,1.15357
1775188800000,1.15357,1.15358,1.15338,1.1534200000000001
1775189700000,1.15343,1.15356,1.1534,1.15345
1775190600000,1.15345,1.15352,1.15338,1.15338
1775191500000,1.15338,1.15346,1.15333,1.15333
1775192400000,1.15334,1.15339,1.15323,1.15323
1775193300000,1.15323,1.15323,1.15287,1.1530200000000002
1775194200000,1.15303,1.15354,1.15303,1.15353
1775195100000,1.15354,1.15376,1.15349,1.1537499999999998
1775196000000,1.15374,1.1538,1.15364,1.15379
1775196900000,1.15374,1.1538499999999998,1.15349,1.15349
1775197800000,1.1535,1.1538499999999998,1.15346,1.1538499999999998
1775198700000,1.1538499999999998,1.15401,1.15373,1.1539
1775199600000,1.1539000000000001,1.15409,1.15389,1.15408
1775200500000,1.15408,1.1545699999999999,1.15404,1.1543299999999999
1775201400000,1.15431,1.15457,1.15419,1.1544100000000002
1775202300000,1.1544599999999998,1.1544699999999999,1.1542,1.15424
1775203200000,1.1542,1.1543599999999998,1.15407,1.15407
1775204100000,1.15408,1.15423,1.15396,1.15423
1775205000000,1.1542199999999998,1.1544299999999998,1.1542,1.15441
1775205900000,1.1543999999999999,1.1544899999999998,1.1541,1.15425
1775206800000,1.15424,1.1544999999999999,1.15414,1.15436
1775207700000,1.1543500000000002,1.15446,1.1543,1.1544500000000002
1775208600000,1.15445,1.15445,1.15419,1.15421
1775209500000,1.15419,1.15432,1.15401,1.15426
1775210400000,1.1542999999999999,1.1543899999999998,1.1542,1.15435
1775211300000,1.1543599999999998,1.1544699999999999,1.15424,1.15441
1775212200000,1.1543999999999999,1.1544299999999998,1.15414,1.15418
1775213100000,1.15417,1.15486,1.15417,1.15445
1775214000000,1.15446,1.15462,1.15436,1.15439
1775214900000,1.1543700000000001,1.15447,1.15416,1.15426
1775215800000,1.15425,1.15438,1.15403,1.15421
1775216700000,1.15422,1.1544699999999999,1.15421,1.15438
1775217600000,1.15439,1.15447,1.15405,1.15431
1775218500000,1.1543,1.15453,1.15409,1.15418
1775219400000,1.1541599999999999,1.1541599999999999,1.15173,1.1531399999999998
1775220300000,1.1531399999999998,1.15332,1.15281,1.1530399999999998
1775221200000,1.15302,1.15376,1.15288,1.15366
1775222100000,1.15364,1.1538000000000002,1.15304,1.1530500000000001
1775223000000,1.15304,1.15321,1.15274,1.15301
1775223900000,1.15301,1.15351,1.153,1.15343
1775224800000,1.15347,1.1536,1.15262,1.15269
1775225700000,1.1526500000000002,1.15277,1.1524,1.1526
1775226600000,1.15262,1.15271,1.15242,1.15253
1775227500000,1.1525400000000001,1.15257,1.15203,1.1520700000000001
1775228400000,1.15206,1.1525200000000002,1.15203,1.15246
1775229300000,1.1524500000000002,1.1527200000000002,1.1524,1.15243
1775230200000,1.15242,1.15249,1.15218,1.15223
1775231100000,1.15222,1.15238,1.15195,1.15216
1775232000000,1.1521700000000001,1.1521700000000001,1.15185,1.1520000000000001
1775232900000,1.15202,1.1521,1.15181,1.15196
1775233800000,1.1519599999999999,1.15207,1.15187,1.15198
1775234700000,1.15198,1.15212,1.15182,1.15182
1775235600000,1.15182,1.15202,1.15182,1.15186
1775236500000,1.15185,1.1520000000000001,1.15182,1.15182
1775237400000,1.1518300000000001,1.1521000000000001,1.15179,1.15199
1775238300000,1.15199,1.15202,1.15178,1.15196
1775239200000,1.15197,1.15209,1.15181,1.15193
1775240100000,1.15192,1.15195,1.15182,1.1518700000000002
1775241000000,1.15186,1.15188,1.15137,1.15145
1775241900000,1.15143,1.1516199999999999,1.15136,1.1514
1775242800000,1.15138,1.15154,1.15137,1.1515
1775243700000,1.1515,1.1515,1.1514,1.15141
1775244600000,1.1514199999999999,1.15145,1.1514,1.1514199999999999
1775245500000,1.15138,1.15141,1.15135,1.15137
1775246400000,1.15137,1.15291,1.15135,1.15164
1775247300000,1.15196,1.15196,1.15128,1.15141
1775248200000,1.15148,1.1516600000000001,1.15117,1.15119
1775249100000,1.15121,1.15131,1.15108,1.15124
1775422800000,1.15196,1.15216,1.15195,1.15196
1775423700000,1.15196,1.15228,1.15191,1.15196
1775424600000,1.1519499999999998,1.15218,1.15183,1.15194
1775425500000,1.15187,1.15202,1.15187,1.15201
1775426400000,1.1520000000000001,1.15209,1.15047,1.15097
1775427300000,1.15091,1.15123,1.15073,1.15106
1775428200000,1.15106,1.1512699999999998,1.15088,1.15109
1775429100000,1.15113,1.15159,1.15109,1.1514499999999999
1775430000000,1.15143,1.15163,1.1511,1.15118
1775430900000,1.1512099999999998,1.15133,1.15088,1.15088
1775431800000,1.15089,1.1511200000000001,1.1508,1.1508800000000001
1775432700000,1.15091,1.15113,1.15087,1.1509200000000002
1775433600000,1.1509099999999999,1.15159,1.15088,1.1515
1775434500000,1.15151,1.15178,1.15134,1.15144
1775435400000,1.15143,1.15167,1.15134,1.15158
1775436300000,1.1515799999999998,1.1515799999999998,1.15102,1.15112
1775437200000,1.1511200000000001,1.15138,1.15074,1.1507800000000001
1775438100000,1.1508099999999999,1.1511099999999999,1.15075,1.15099
1775439000000,1.15105,1.15105,1.15075,1.15083
1775439900000,1.15083,1.15089,1.15058,1.15063
1775440800000,1.15064,1.15225,1.15064,1.15188
1775441700000,1.15189,1.1528100000000001,1.15178,1.1523700000000001
1775442600000,1.15239,1.15254,1.15198,1.15203
1775443500000,1.1520400000000002,1.15222,1.15199,1.15201
1775444400000,1.1520000000000001,1.1522000000000001,1.15196,1.15209
1775445300000,1.1521100000000002,1.1522700000000001,1.15169,1.1521100000000002
1775446200000,1.1521299999999999,1.1521299999999999,1.15184,1.1519599999999999
1775447100000,1.15195,1.15197,1.15168,1.15185
1775448000000,1.15185,1.15201,1.1518,1.15197
1775448900000,1.15198,1.1520700000000001,1.15185,1.1519000000000001
1775449800000,1.15191,1.1523,1.15188,1.15218
1775450700000,1.15219,1.15245,1.15212,1.15238
1775451600000,1.15235,1.15255,1.15224,1.15255
1775452500000,1.15255,1.1529099999999999,1.15255,1.15266
1775453400000,1.15266,1.1527,1.15243,1.15245
1775454300000,1.15244,1.15266,1.15235,1.15248
1775455200000,1.1524999999999999,1.15272,1.15237,1.15261
1775456100000,1.1526,1.1526399999999999,1.15225,1.1523
1775457000000,1.15227,1.15261,1.15215,1.1526
1775457900000,1.1525699999999999,1.15371,1.15231,1.1532499999999999
1775458800000,1.1533099999999998,1.1534,1.15251,1.15296
1775459700000,1.1529699999999998,1.1534099999999998,1.15295,1.15339
1775460600000,1.1534,1.15529,1.1534,1.15516
1775461500000,1.15515,1.15681,1.15513,1.15639
1775462400000,1.15638,1.1568,1.1555,1.15585
1775463300000,1.15588,1.15625,1.15561,1.15584
1775464200000,1.1558300000000001,1.15616,1.15568,1.1557
1775465100000,1.1556899999999999,1.15581,1.15532,1.15546
1775466000000,1.15551,1.15577,1.15544,1.1554900000000001
1775466900000,1.1555099999999998,1.1557199999999999,1.15532,1.1555199999999999
1775467800000,1.15553,1.1557,1.15536,1.1554799999999998
1775468700000,1.15547,1.156,1.15469,1.15499
1775469600000,1.1549999999999998,1.15537,1.15488,1.1550699999999998
1775470500000,1.1550799999999999,1.1551099999999999,1.15468,1.1547399999999999
1775471400000,1.15473,1.1551,1.1546,1.1550500000000001
1775472300000,1.15507,1.15507,1.1537,1.15475
1775473200000,1.15478,1.15494,1.15418,1.15424
1775474100000,1.1542599999999998,1.15444,1.15397,1.15425
1775475000000,1.15428,1.1545299999999998,1.15414,1.1542999999999999
1775475900000,1.1543,1.15474,1.1543,1.1545100000000001
1775476800000,1.1545,1.15478,1.15439,1.1545
1775477700000,1.15451,1.1546,1.15422,1.15455
1775478600000,1.1546,1.1552200000000001,1.15457,1.1550900000000002
1775479500000,1.15508,1.1554,1.15507,1.15528
1775480400000,1.1553,1.15556,1.15488,1.15549
1775481300000,1.1555000000000002,1.1556700000000002,1.15535,1.1556700000000002
1775482200000,1.1557000000000002,1.15595,1.15552,1.15555
1775483100000,1.15553,1.1560599999999999,1.15546,1.1559199999999998
1775484000000,1.1561,1.15657,1.15537,1.1558
1775484900000,1.15578,1.15667,1.15575,1.1565
1775485800000,1.15651,1.1571,1.15526,1.15617
1775486700000,1.15616,1.15622,1.15422,1.15426
1775487600000,1.15425,1.1543100000000002,1.15369,1.15371
1775488500000,1.15371,1.15415,1.15349,1.1539599999999999
1775489400000,1.1539599999999999,1.15411,1.15359,1.1539899999999998
1775490300000,1.15398,1.15438,1.15382,1.15436
1775491200000,1.1543599999999998,1.15472,1.15434,1.15465
1775492100000,1.15462,1.15466,1.15418,1.15458
1775493000000,1.15458,1.15476,1.15434,1.15461
1775493900000,1.1545999999999998,1.15472,1.15421,1.15445
1775494800000,1.15444,1.15445,1.15346,1.1536
1775495700000,1.15359,1.15437,1.15336,1.1542999999999999
1775496600000,1.15431,1.15482,1.15403,1.1541899999999998
1775497500000,1.15419,1.1543700000000001,1.15396,1.15409
1775498400000,1.1541,1.15507,1.15391,1.15476
1775499300000,1.15477,1.1552,1.15473,1.155
1775500200000,1.15501,1.1551500000000001,1.15439,1.15441
1775501100000,1.15442,1.15462,1.15432,1.15451
1775502000000,1.1545100000000001,1.15462,1.15429,1.15443
1775502900000,1.15442,1.1544999999999999,1.15411,1.15417
1775503800000,1.1541700000000001,1.15433,1.15402,1.15433
1775504700000,1.15432,1.15462,1.15422,1.15423
1775505600000,1.1542400000000002,1.15431,1.15402,1.15413
1775506500000,1.1541299999999999,1.1543999999999999,1.15411,1.15429
1775507400000,1.1542899999999998,1.15434,1.15417,1.1542999999999999
1775508300000,1.15429,1.15435,1.15414,1.1542599999999998
1775509200000,1.15397,1.15399,1.15371,1.15394
1775510100000,1.15402,1.1542,1.15384,1.1539
1775511000000,1.1541,1.15437,1.1539,1.15437
1775511900000,1.15421,1.15437,1.1539,1.15407
1775512800000,1.1542000000000001,1.15473,1.15413,1.15447
1775513700000,1.15448,1.15459,1.15425,1.15438
1775514600000,1.15443,1.1544699999999999,1.15428,1.15428
1775515500000,1.1542700000000001,1.1543800000000002,1.15416,1.1542000000000001
1775516400000,1.15421,1.1542999999999999,1.15417,1.15427
1775517300000,1.1542599999999998,1.15427,1.154,1.1540199999999998
1775518200000,1.154,1.15405,1.15383,1.1539899999999998
1775519100000,1.1540000000000001,1.15418,1.15399,1.1540300000000001
1775520000000,1.1540000000000001,1.15414,1.15375,1.15413
1775520900000,1.1541299999999999,1.15434,1.15394,1.15397
1775521800000,1.15396,1.15404,1.15361,1.15374
1775522700000,1.1537600000000001,1.1539300000000001,1.15369,1.15369
1775523600000,1.1536899999999999,1.15398,1.15346,1.15354
1775524500000,1.1535499999999999,1.1537,1.15342,1.1535799999999998
1775525400000,1.1535900000000001,1.1536300000000002,1.15294,1.15301
1775526300000,1.15303,1.1530900000000002,1.15267,1.15296
1775527200000,1.1529800000000001,1.1529800000000001,1.15236,1.15266
1775528100000,1.15265,1.15291,1.15253,1.1528800000000001
1775529000000,1.1529,1.15302,1.15279,1.153
1775529900000,1.15296,1.15314,1.15283,1.15292
1775530800000,1.15292,1.15316,1.15292,1.153
1775531700000,1.15301,1.15306,1.15283,1.15303
1775532600000,1.15303,1.1533499999999999,1.15299,1.1533499999999999
1775533500000,1.15334,1.15342,1.15329,1.15339
1775534400000,1.1533900000000001,1.15354,1.15324,1.1533
1775535300000,1.1533099999999998,1.15344,1.15329,1.1534099999999998
1775536200000,1.1534,1.15358,1.15337,1.15354
1775537100000,1.15353,1.15383,1.1535,1.15378
1775538000000,1.15378,1.15392,1.15362,1.15368
1775538900000,1.1536600000000001,1.15389,1.15348,1.15358
1775539800000,1.15359,1.15371,1.15299,1.15299
1775540700000,1.153,1.15351,1.15297,1.15348
1775541600000,1.1535,1.1537499999999998,1.15336,1.1534499999999999
1775542500000,1.15344,1.1538700000000002,1.15321,1.15369
1775543400000,1.1537,1.1544999999999999,1.15363,1.15438
1775544300000,1.15437,1.15442,1.15404,1.15442
1775545200000,1.15443,1.15449,1.15362,1.15408
1775546100000,1.1540899999999998,1.15438,1.1538,1.15381
1775547000000,1.15381,1.15442,1.15381,1.1544
1775547900000,1.15438,1.15455,1.15394,1.15422
1775548800000,1.15418,1.1567399999999999,1.15414,1.15654
1775549700000,1.1565400000000001,1.1565400000000001,1.15568,1.15607
1775550600000,1.15611,1.15679,1.15588,1.15668
1775551500000,1.15667,1.15751,1.15639,1.1573
1775552400000,1.15729,1.1574799999999998,1.15688,1.15689
1775553300000,1.15688,1.1573099999999998,1.15651,1.15685
1775554200000,1.15683,1.1572200000000001,1.15653,1.1565400000000001
1775555100000,1.15651,1.15655,1.15617,1.1562299999999999
1775556000000,1.15624,1.15633,1.15507,1.15602
1775556900000,1.1560199999999998,1.15624,1.15451,1.15546
1775557800000,1.15549,1.15581,1.15458,1.15524
1775558700000,1.15522,1.1554,1.15476,1.15537
1775559600000,1.15536,1.15537,1.15475,1.15485
1775560500000,1.15484,1.15562,1.15484,1.15535
1775561400000,1.15534,1.15616,1.15501,1.15615
1775562300000,1.15614,1.15615,1.15561,1.15595
1775563200000,1.15602,1.1565100000000001,1.15535,1.15555
1775564100000,1.1555600000000001,1.15636,1.15534,1.15604
1775565000000,1.15603,1.15666,1.15597,1.15641
1775565900000,1.1564,1.15692,1.15571,1.15599
1775566800000,1.15602,1.1564299999999998,1.1558,1.15624
1775567700000,1.15625,1.15645,1.15587,1.15592
1775568600000,1.15597,1.15635,1.15554,1.15596
1775569500000,1.15597,1.15645,1.1559,1.15631
1775570400000,1.15628,1.1566,1.15585,1.15615
1775571300000,1.15616,1.15727,1.15579,1.1572
1775572200000,1.15721,1.15808,1.15708,1.15781
1775573100000,1.15784,1.15829,1.15707,1.1571500000000001
1775574000000,1.1571399999999998,1.1573,1.15654,1.15699
1775574900000,1.1569699999999998,1.15776,1.15688,1.1573799999999999
1775575800000,1.15737,1.15746,1.15673,1.15677
1775576700000,1.15678,1.15778,1.15675,1.15705
1775577600000,1.15706,1.15791,1.15703,1.15746
1775578500000,1.15744,1.15782,1.15706,1.15749
1775579400000,1.15747,1.15771,1.15729,1.1574499999999999
1775580300000,1.15745,1.15763,1.1569,1.1571
1775581200000,1.1570900000000002,1.1574900000000001,1.15674,1.15697
1775582100000,1.15698,1.15698,1.15658,1.1568
1775583000000,1.15682,1.1578899999999999,1.15681,1.1575199999999999
1775583900000,1.1575300000000002,1.1578700000000002,1.15728,1.1577000000000002
1775584800000,1.15772,1.15791,1.15765,1.15789
1775585700000,1.15788,1.15826,1.15779,1.15816
1775586600000,1.15815,1.15824,1.15761,1.15772
1775587500000,1.1577300000000001,1.1577300000000001,1.15708,1.1574200000000001
1775588400000,1.15743,1.1578899999999999,1.15725,1.15763
1775589300000,1.15764,1.15899,1.15759,1.1583999999999999
1775590200000,1.15838,1.15895,1.15824,1.1585699999999999
1775591100000,1.15853,1.16011,1.1585,1.15945
1775592000000,1.15946,1.1601299999999999,1.15919,1.16012
1775592900000,1.1601299999999999,1.16045,1.15986,1.1598899999999999
1775593800000,1.15992,1.1602100000000002,1.15962,1.15975
1775594700000,1.15976,1.15985,1.15937,1.15964
1775595600000,1.15933,1.15984,1.15892,1.1593499999999999
1775596500000,1.15947,1.15991,1.1592,1.1594200000000001
1775597400000,1.1595499999999999,1.1597199999999999,1.15942,1.1595199999999999
1775598300000,1.15955,1.15969,1.15934,1.1594
1775599200000,1.15956,1.1619,1.15956,1.16115
1775600100000,1.16115,1.16127,1.16089,1.16123
1775601000000,1.16122,1.1652099999999999,1.15881,1.16421
1775601900000,1.16422,1.1668999999999998,1.16373,1.1667399999999999
1775602800000,1.16673,1.16744,1.16607,1.1668699999999999
1775603700000,1.1668699999999999,1.16875,1.16658,1.16757
1775604600000,1.16759,1.16861,1.16709,1.16851
1775605500000,1.16852,1.16896,1.16812,1.16856
1775606400000,1.1685800000000002,1.1696300000000002,1.16748,1.16785
1775607300000,1.16789,1.16789,1.16694,1.1674200000000001
1775608200000,1.16743,1.16763,1.16655,1.1666
1775609100000,1.16662,1.16758,1.16655,1.16712
1775610000000,1.16713,1.1683100000000002,1.16704,1.1677600000000001
1775610900000,1.16773,1.16878,1.1675,1.1686
1775611800000,1.1686,1.1686,1.16744,1.16801
1775612700000,1.168,1.1683999999999999,1.16742,1.16749
1775613600000,1.16748,1.16817,1.16747,1.16758
1775614500000,1.16757,1.16763,1.16682,1.16732
1775615400000,1.16733,1.1674799999999999,1.16702,1.16709
1775616300000,1.16709,1.1673200000000001,1.1669,1.1673
1775617200000,1.16733,1.16743,1.16699,1.16737
1775618100000,1.16736,1.16753,1.16666,1.16685
1775619000000,1.16688,1.16717,1.16655,1.16697
1775619900000,1.16696,1.16718,1.16683,1.16701
1775620800000,1.16704,1.1678300000000001,1.16704,1.16778
1775621700000,1.1677700000000002,1.1680400000000002,1.16745,1.1677300000000002
1775622600000,1.1677600000000001,1.16801,1.16748,1.1677000000000002
1775623500000,1.1676900000000001,1.1678600000000001,1.16734,1.16758
1775624400000,1.16763,1.1678799999999998,1.16715,1.1677
1775625300000,1.16769,1.1686999999999999,1.16753,1.16852
1775626200000,1.16851,1.16909,1.16834,1.16886
1775627100000,1.16886,1.1708,1.1687,1.16911
1775628000000,1.16906,1.16912,1.16839,1.1689
1775628900000,1.16889,1.17042,1.16853,1.17025
1775629800000,1.17022,1.1707500000000002,1.16965,1.1704
1775630700000,1.17041,1.17073,1.16902,1.16957
1775631600000,1.1696,1.16967,1.16784,1.1681
1775632500000,1.1680899999999999,1.16963,1.1679,1.16947
1775633400000,1.16946,1.16948,1.16882,1.16941
1775634300000,1.1694600000000002,1.16995,1.16928,1.1695000000000002
1775635200000,1.16943,1.16987,1.16846,1.16863
1775636100000,1.1686,1.16906,1.16812,1.16843
1775637000000,1.1684400000000001,1.16859,1.16684,1.16771
1775637900000,1.1677199999999999,1.16838,1.16763,1.16805
1775638800000,1.16806,1.1686800000000002,1.16796,1.1684
1775639700000,1.16841,1.1688699999999999,1.1679,1.16817
1775640600000,1.1682199999999998,1.16851,1.16776,1.1677899999999999
1775641500000,1.1678199999999999,1.16861,1.16776,1.1678899999999999
1775642400000,1.1679,1.16858,1.1677,1.1685699999999999
1775643300000,1.16858,1.1686299999999998,1.16827,1.16852
1775644200000,1.1685299999999998,1.1688699999999999,1.16837,1.16874
1775645100000,1.16879,1.1692,1.16841,1.1689699999999998
1775646000000,1.16896,1.1696199999999999,1.16848,1.16953
1775646900000,1.1695200000000001,1.17095,1.16944,1.17066
1775647800000,1.17062,1.1707,1.16938,1.16991
1775648700000,1.1699599999999999,1.17042,1.16983,1.1699599999999999
1775649600000,1.1700300000000001,1.17097,1.16992,1.17062
1775650500000,1.17068,1.17072,1.16878,1.1699899999999999
1775651400000,1.1700000000000002,1.1714300000000002,1.16999,1.17141
1775652300000,1.1714,1.1717499999999998,1.17125,1.17135
1775653200000,1.17134,1.17212,1.17096,1.17115
1775654100000,1.17114,1.17147,1.17023,1.17032
1775655000000,1.17031,1.17046,1.16865,1.16925
1775655900000,1.1692500000000001,1.1698300000000001,1.1688,1.16938
1775656800000,1.16937,1.17007,1.16899,1.16956
1775657700000,1.16957,1.17029,1.16927,1.16965
1775658600000,1.16961,1.16974,1.16896,1.16968
1775659500000,1.1696900000000001,1.1701700000000002,1.1689,1.16938
1775660400000,1.16941,1.16958,1.16838,1.16863
1775661300000,1.16861,1.16935,1.16848,1.16878
1775662200000,1.16876,1.1695900000000001,1.16867,1.16903
1775663100000,1.1690399999999999,1.16923,1.16851,1.1685699999999999
1775664000000,1.16856,1.1688,1.16802,1.16829
1775664900000,1.1683000000000001,1.1683700000000001,1.16782,1.16794
1775665800000,1.16796,1.1681700000000002,1.16765,1.16785
1775666700000,1.16784,1.16823,1.16772,1.16812
1775667600000,1.16811,1.16847,1.1678,1.16845
1775668500000,1.1684700000000001,1.1684700000000001,1.16704,1.16751
1775669400000,1.1674900000000001,1.16762,1.16683,1.16736
1775670300000,1.16735,1.16744,1.16704,1.16743
1775671200000,1.16744,1.16783,1.16709,1.16781
1775672100000,1.16782,1.16796,1.16642,1.16653
1775673000000,1.1665400000000001,1.16679,1.16565,1.1657600000000001
1775673900000,1.16574,1.16574,1.16494,1.16497
1775674800000,1.16496,1.16523,1.16429,1.1652200000000001
1775675700000,1.16523,1.16533,1.16471,1.1651799999999999
1775676600000,1.16516,1.16638,1.16516,1.16597
1775677500000,1.16595,1.16699,1.16595,1.16673
1775678400000,1.1668100000000001,1.16689,1.16619,1.1663400000000002
1775679300000,1.16634,1.1663899999999998,1.166,1.16618
1775680200000,1.16615,1.16636,1.16613,1.16625
1775681100000,1.1662800000000002,1.1664100000000002,1.16606,1.16618
1775682000000,1.16615,1.16615,1.1655,1.16605
1775682900000,1.1661400000000002,1.1663400000000002,1.16606,1.1660700000000002
1775683800000,1.16607,1.16622,1.166,1.16608
1775684700000,1.16609,1.16659,1.16604,1.1664299999999999
1775685600000,1.16643,1.1667,1.16635,1.16636
1775686500000,1.16637,1.1663999999999999,1.16594,1.16624
1775687400000,1.16625,1.1664999999999999,1.16604,1.16625
1775688300000,1.1662000000000001,1.16627,1.16615,1.16618
1775689200000,1.16617,1.16625,1.16605,1.1661000000000001
1775690100000,1.16609,1.16615,1.16591,1.16595
1775691000000,1.16594,1.16597,1.16576,1.1659
1775691900000,1.16591,1.16603,1.1657,1.16586
1775692800000,1.16585,1.16587,1.16524,1.16551
1775693700000,1.1655000000000002,1.16589,1.16545,1.1656300000000002
1775694600000,1.1656300000000002,1.16605,1.16562,1.16564
1775695500000,1.16565,1.16581,1.16554,1.16566
1775696400000,1.16567,1.16582,1.16534,1.1653900000000001
1775697300000,1.16538,1.16546,1.165,1.16519
1775698200000,1.1652,1.16583,1.1652,1.16573
1775699100000,1.1657199999999999,1.1663,1.16549,1.1661299999999999
1775700000000,1.16614,1.16637,1.16587,1.1659899999999999
1775700900000,1.16599,1.1664,1.16599,1.16638
1775701800000,1.16637,1.16669,1.16635,1.16658
1775702700000,1.16656,1.16662,1.16641,1.16647
1775703600000,1.16648,1.1665999999999999,1.16627,1.1663999999999999
1775704500000,1.1663899999999998,1.1664599999999998,1.1662,1.1663
1775705400000,1.16628,1.16663,1.16628,1.16658
1775706300000,1.16655,1.16655,1.166,1.16618
1775707200000,1.1662,1.1669399999999999,1.16614,1.16693
1775708100000,1.1669399999999999,1.1669399999999999,1.16668,1.1667699999999999
1775709000000,1.16676,1.16705,1.16671,1.1668699999999999
1775709900000,1.1668800000000001,1.1669100000000001,1.16657,1.16659
1775710800000,1.16661,1.16672,1.16617,1.1662
1775711700000,1.1662400000000002,1.16656,1.16616,1.1663100000000002
1775712600000,1.1663,1.16635,1.1661,1.1662299999999999
1775713500000,1.16622,1.1662299999999999,1.16587,1.16604
1775714400000,1.16608,1.16626,1.16589,1.1659000000000002
1775715300000,1.16591,1.16596,1.16538,1.16575
1775716200000,1.16574,1.16592,1.16561,1.1659
1775717100000,1.1658899999999999,1.16638,1.16576,1.16638
1775718000000,1.16639,1.1668699999999999,1.16631,1.16649
1775718900000,1.16645,1.16648,1.16568,1.1660000000000001
1775719800000,1.16601,1.16608,1.16549,1.16603
1775720700000,1.16601,1.1663999999999999,1.16586,1.16624
1775721600000,1.16621,1.1666100000000001,1.16592,1.16606
1775722500000,1.16605,1.1664400000000001,1.16592,1.16622
1775723400000,1.1662299999999999,1.1667599999999998,1.1662,1.16672
1775724300000,1.1667399999999999,1.16743,1.16655,1.16715
1775725200000,1.16714,1.16759,1.16679,1.16755
1775726100000,1.1675900000000001,1.1678700000000002,1.16735,1.1676300000000002
1775727000000,1.16758,1.16778,1.16747,1.16761
1775727900000,1.1676300000000002,1.1676300000000002,1.16718,1.1674000000000002
1775728800000,1.1674,1.1679,1.16737,1.16764
1775729700000,1.1676199999999999,1.16788,1.16743,1.16771
1775730600000,1.1677,1.1677099999999998,1.16742,1.16747
1775731500000,1.16746,1.16763,1.16706,1.16707
1775732400000,1.16702,1.1676199999999999,1.16691,1.1675
1775733300000,1.16751,1.16807,1.16751,1.16806
1775734200000,1.1680700000000002,1.1688,1.16799,1.16877
1775735100000,1.16876,1.16889,1.16846,1.16879
1775736000000,1.16877,1.16886,1.16826,1.1684100000000002
1775736900000,1.1683999999999999,1.16851,1.16797,1.1683999999999999
1775737800000,1.16841,1.16893,1.16787,1.16815
1775738700000,1.16816,1.16857,1.16785,1.16855
1775739600000,1.16859,1.16868,1.16827,1.1685699999999999
1775740500000,1.16856,1.16917,1.16855,1.16875
1775741400000,1.16876,1.16947,1.16873,1.16911
1775742300000,1.1691200000000002,1.1692600000000002,1.16806,1.1681300000000001
1775743200000,1.16812,1.1687100000000001,1.16799,1.16839
1775744100000,1.16838,1.16876,1.16801,1.16859
1775745000000,1.16855,1.16855,1.16739,1.16752
1775745900000,1.1675099999999998,1.1684599999999998,1.16739,1.16842
1775746800000,1.16841,1.16861,1.16771,1.16835
1775747700000,1.16838,1.16994,1.16838,1.16942
1775748600000,1.16943,1.17061,1.16937,1.16992
1775749500000,1.16994,1.17066,1.1697,1.17049
1775750400000,1.17048,1.17107,1.17018,1.17075
1775751300000,1.17076,1.17135,1.17072,1.17131
1775752200000,1.1713,1.17133,1.17072,1.17108
1775753100000,1.17107,1.17124,1.1708,1.17101
1775754000000,1.171,1.17181,1.17096,1.17159
1775754900000,1.17157,1.17212,1.17155,1.17191
1775755800000,1.1719899999999999,1.17228,1.17159,1.1717099999999998
1775756700000,1.17172,1.17194,1.17117,1.17136
1775757600000,1.1713500000000001,1.17143,1.17019,1.17035
1775758500000,1.17032,1.17046,1.1698,1.17005
1775759400000,1.1700599999999999,1.17013,1.16969,1.16984
1775760300000,1.16985,1.17017,1.16977,1.16986
1775761200000,1.16983,1.17052,1.16974,1.17051
1775762100000,1.17052,1.17056,1.16989,1.17026
1775763000000,1.17025,1.1708,1.17025,1.17067
1775763900000,1.17066,1.17077,1.16992,1.17001
1775764800000,1.1700300000000001,1.1700300000000001,1.16965,1.1698000000000002
1775765700000,1.16982,1.16982,1.16962,1.16975
1775766600000,1.1697199999999999,1.16981,1.16949,1.16956
1775767500000,1.16955,1.16981,1.1695,1.16978
1775768400000,1.16978,1.16978,1.16953,1.1695499999999999
1775769300000,1.16957,1.16967,1.16936,1.16952
1775770200000,1.16952,1.16963,1.1694,1.16951
1775771100000,1.1695499999999999,1.1700599999999999,1.16939,1.17005
1775772000000,1.17005,1.17019,1.16996,1.17005
1775772900000,1.17005,1.17018,1.1696,1.1696
1775773800000,1.16962,1.16984,1.16927,1.1693500000000001
1775774700000,1.1693500000000001,1.16937,1.1692,1.16936
1775775600000,1.16934,1.1695600000000002,1.16931,1.1693600000000002
1775776500000,1.1693699999999998,1.1694499999999999,1.16925,1.1693799999999999
1775777400000,1.16939,1.16951,1.1692,1.16921
1775778300000,1.1692,1.1693,1.16896,1.1691
1775779200000,1.16911,1.16911,1.16863,1.16876
1775780100000,1.1687500000000002,1.16886,1.16857,1.1686200000000002
1775781000000,1.1686299999999998,1.16886,1.16861,1.1686999999999999
1775781900000,1.1687,1.1688,1.16849,1.16873
1775782800000,1.16876,1.16883,1.16858,1.1687699999999999
1775783700000,1.16876,1.16885,1.16856,1.16877
1775784600000,1.16875,1.1693,1.16871,1.16908
1775785500000,1.16908,1.1694,1.16899,1.1691799999999999
1775786400000,1.16918,1.1693600000000002,1.16887,1.16887
1775787300000,1.16889,1.16898,1.16861,1.16862
1775788200000,1.16867,1.1690800000000001,1.16867,1.1690800000000001
1775789100000,1.16907,1.16923,1.16897,1.16903
1775790000000,1.169,1.1691099999999999,1.16892,1.16908
1775790900000,1.16907,1.16943,1.16907,1.1693900000000002
1775791800000,1.1694,1.16957,1.16922,1.1693099999999998
1775792700000,1.16932,1.16961,1.16929,1.16951
1775793600000,1.16952,1.16959,1.16925,1.16939
1775794500000,1.1694,1.16955,1.16937,1.16939
1775795400000,1.1694,1.16946,1.16922,1.16922
1775796300000,1.16923,1.16933,1.16906,1.16914
1775797200000,1.1691500000000001,1.1692200000000001,1.16887,1.1689200000000002
1775798100000,1.16893,1.16905,1.16871,1.16872
1775799000000,1.16874,1.16912,1.16871,1.16893
1775799900000,1.16894,1.16904,1.16887,1.16897
1775800800000,1.1689500000000002,1.1693,1.16867,1.16877
1775801700000,1.1687699999999999,1.1687699999999999,1.16837,1.16837
1775802600000,1.16838,1.1689699999999998,1.16827,1.16858
1775803500000,1.16859,1.16892,1.16836,1.16839
1775804400000,1.16836,1.16884,1.16818,1.16853
1775805300000,1.16852,1.1689100000000001,1.16829,1.16863
1775806200000,1.16862,1.1686299999999998,1.1681,1.1683599999999998
1775807100000,1.1683700000000001,1.16852,1.16785,1.16792
1775808000000,1.1679,1.16851,1.16769,1.1684899999999998
1775808900000,1.1685,1.1687800000000002,1.16829,1.16852
1775809800000,1.16853,1.16892,1.16852,1.16872
1775810700000,1.1687299999999998,1.16875,1.16837,1.16854
1775811600000,1.1686,1.16882,1.16843,1.1684700000000001
1775812500000,1.16846,1.171,1.16843,1.16968
1775813400000,1.16967,1.17018,1.16952,1.17018
1775814300000,1.1701700000000002,1.17104,1.16995,1.17097
1775815200000,1.1709800000000001,1.1712200000000001,1.1707,1.17072
1775816100000,1.17069,1.1712900000000002,1.17053,1.17116
1775817000000,1.1711500000000001,1.17148,1.17097,1.1713200000000001
1775817900000,1.17131,1.17152,1.17116,1.17123
1775818800000,1.17124,1.17182,1.17117,1.17164
1775819700000,1.17167,1.17172,1.17117,1.1712500000000001
1775820600000,1.17123,1.17161,1.17103,1.1716
1775821500000,1.17161,1.17167,1.17121,1.1713500000000001
1775822400000,1.17136,1.17152,1.17102,1.1714
1775823300000,1.17137,1.17144,1.1709,1.17126
1775824200000,1.1713,1.1724999999999999,1.17129,1.1716799999999998
1775825100000,1.1717,1.17207,1.17122,1.17203
1775826000000,1.17202,1.17251,1.1718,1.17227
1775826900000,1.17226,1.17342,1.17211,1.1732799999999999
1775827800000,1.17334,1.1734099999999998,1.17241,1.1727999999999998
1775828700000,1.1728399999999999,1.17309,1.17244,1.17272
1775829600000,1.1727100000000001,1.17351,1.1726,1.1733600000000002
1775830500000,1.17335,1.17377,1.17315,1.17346
1775831400000,1.17347,1.17365,1.17252,1.17275
1775832300000,1.1727599999999998,1.1729299999999998,1.17196,1.1727299999999998
1775833200000,1.17269,1.17349,1.17262,1.17343
1775834100000,1.1734200000000001,1.17387,1.17314,1.17316
1775835000000,1.1731500000000001,1.1734200000000001,1.17263,1.1726800000000002
1775835900000,1.17265,1.17273,1.17212,1.17218
1775836800000,1.17217,1.1724899999999998,1.17196,1.1724199999999998
1775837700000,1.17241,1.17241,1.17203,1.17204
1775838600000,1.17205,1.1720700000000002,1.17131,1.1713500000000001
1775839500000,1.17134,1.17211,1.17133,1.17199
1775840400000,1.17197,1.17238,1.17184,1.17226
1775841300000,1.17225,1.17238,1.172,1.17224
1775842200000,1.17223,1.17246,1.17208,1.17238
1775843100000,1.1723700000000001,1.17256,1.17212,1.17229
1775844000000,1.17228,1.17234,1.17184,1.17228
1775844900000,1.17229,1.17292,1.17224,1.1728399999999999
1775845800000,1.17286,1.17349,1.17286,1.17319
1775846700000,1.1732,1.1732,1.17282,1.1731
1775847600000,1.17309,1.1732,1.17271,1.1727699999999999
1775848500000,1.17278,1.17306,1.17272,1.17278
1775849400000,1.1727500000000002,1.17294,1.17267,1.1728800000000001
1775850300000,1.17287,1.17293,1.17267,1.17267
1775851200000,1.17267,1.17293,1.17263,1.17282
1775852100000,1.17283,1.1729100000000001,1.17277,1.1728100000000001
1775853000000,1.1728,1.1729500000000002,1.17277,1.17287
1775853900000,1.17287,1.17303,1.17189,1.17235
1776027600000,1.16693,1.16721,1.16643,1.1668100000000001
1776028500000,1.16679,1.16794,1.16677,1.16785
1776029400000,1.16786,1.16794,1.16766,1.16774
1776030300000,1.1677,1.16782,1.16697,1.16697
1776031200000,1.1669800000000001,1.16779,1.16683,1.16737
1776032100000,1.1673900000000001,1.1675000000000002,1.16657,1.1667200000000002
1776033000000,1.16673,1.16707,1.16653,1.16703
1776033900000,1.16706,1.1672699999999998,1.16688,1.1671699999999998
1776034800000,1.16714,1.16734,1.1669,1.16704
1776035700000,1.1669800000000001,1.1669800000000001,1.16636,1.16676
1776036600000,1.16676,1.16717,1.16666,1.16702
1776037500000,1.16701,1.16748,1.16701,1.1674300000000002
1776038400000,1.16743,1.16789,1.16706,1.16778
1776039300000,1.16778,1.1683,1.1677,1.16802
1776040200000,1.16801,1.16856,1.16801,1.16845
1776041100000,1.16841,1.16871,1.16835,1.16871
1776042000000,1.16872,1.1689100000000001,1.16832,1.16878
1776042900000,1.1687800000000002,1.16882,1.16829,1.16836
1776043800000,1.16832,1.1683700000000001,1.16799,1.16815
1776044700000,1.16814,1.16868,1.16803,1.1685699999999999
1776045600000,1.1685999999999999,1.1687599999999998,1.16847,1.16868
1776046500000,1.16869,1.16882,1.16862,1.16867
1776047400000,1.16868,1.16896,1.16856,1.1686100000000001
1776048300000,1.1686299999999998,1.16885,1.16847,1.16878
1776049200000,1.1688500000000002,1.1688800000000001,1.16857,1.1686100000000001
1776050100000,1.1685800000000002,1.1687100000000001,1.16853,1.1686100000000001
1776051000000,1.16862,1.16882,1.16856,1.16879
1776051900000,1.16878,1.1688,1.16862,1.16875
1776052800000,1.1687599999999998,1.16896,1.16864,1.16892
1776053700000,1.16892,1.16896,1.16872,1.16881
1776054600000,1.1688500000000002,1.1689100000000001,1.16857,1.16869
1776055500000,1.16871,1.16882,1.16854,1.1685699999999999
1776056400000,1.16861,1.16862,1.16827,1.16841
1776057300000,1.1684299999999999,1.1686599999999998,1.16837,1.16859
1776058200000,1.16859,1.1688200000000002,1.16857,1.1687200000000002
1776059100000,1.1687400000000001,1.16884,1.16859,1.16872
1776060000000,1.16877,1.16944,1.16873,1.16884
1776060900000,1.16892,1.16911,1.16869,1.16882
1776061800000,1.1688500000000002,1.16901,1.16775,1.1678600000000001
1776062700000,1.16787,1.16855,1.16775,1.16849
1776063600000,1.1685,1.16913,1.1685,1.1688100000000001
1776064500000,1.1687,1.16962,1.1687,1.16962
1776065400000,1.16957,1.1699599999999999,1.16946,1.16953
1776066300000,1.1696199999999999,1.16974,1.16929,1.1695799999999998
1776067200000,1.1696300000000002,1.1696300000000002,1.16901,1.1691600000000002
1776068100000,1.16915,1.16936,1.16899,1.1691099999999999
1776069000000,1.16911,1.1692600000000002,1.1685,1.1686400000000001
1776069900000,1.1686699999999999,1.16874,1.1683,1.1685599999999998
1776070800000,1.16862,1.1689399999999999,1.16834,1.16839
1776071700000,1.16839,1.1688,1.16832,1.16872
1776072600000,1.16871,1.16921,1.16869,1.16878
1776073500000,1.16874,1.1688299999999998,1.16854,1.1685699999999999
1776074400000,1.1685800000000002,1.1687400000000001,1.16836,1.1685100000000002
1776075300000,1.1684999999999999,1.1685599999999998,1.1682,1.1684999999999999
1776076200000,1.16852,1.16885,1.16835,1.16877
1776077100000,1.16876,1.16946,1.16875,1.1693
1776078000000,1.16931,1.16991,1.1693,1.16976
1776078900000,1.1697499999999998,1.16984,1.16956,1.16969
1776079800000,1.16968,1.16978,1.16896,1.16921
1776080700000,1.1692,1.1692799999999999,1.16804,1.16812
1776081600000,1.16813,1.16876,1.16801,1.16862
1776082500000,1.1686299999999998,1.16872,1.16834,1.16849
1776083400000,1.1685100000000002,1.16897,1.16836,1.16893
1776084300000,1.1689500000000002,1.16985,1.16894,1.16979
1776085200000,1.1698,1.1698899999999999,1.16959,1.1698499999999998
1776086100000,1.16986,1.17008,1.16959,1.1698
1776087000000,1.16984,1.17038,1.16966,1.16998
1776087900000,1.1699899999999999,1.17119,1.16983,1.17048
1776088800000,1.1704700000000001,1.1708,1.16999,1.17069
1776089700000,1.17069,1.17128,1.17002,1.17126
1776090600000,1.17125,1.1717899999999999,1.17108,1.1717499999999998
1776091500000,1.1717600000000001,1.172,1.17093,1.17097
1776092400000,1.17096,1.1711200000000002,1.17036,1.17073
1776093300000,1.17078,1.17086,1.17038,1.1704999999999999
1776094200000,1.17046,1.17119,1.17021,1.1709
1776095100000,1.17089,1.17114,1.17073,1.1709100000000001
1776096000000,1.17092,1.17159,1.17064,1.17099
1776096900000,1.17102,1.17139,1.17078,1.1712799999999999
1776097800000,1.17127,1.17258,1.17126,1.17255
1776098700000,1.17253,1.17309,1.17238,1.17246
1776099600000,1.1724700000000001,1.17314,1.17242,1.17313
1776100500000,1.17314,1.1737,1.17309,1.1736499999999999
1776101400000,1.17366,1.17373,1.17336,1.17351
1776102300000,1.17349,1.17354,1.17323,1.1733
1776103200000,1.17332,1.1737799999999998,1.17332,1.17363
1776104100000,1.17364,1.17373,1.17349,1.17366
1776105000000,1.17364,1.17501,1.17361,1.17497
1776105900000,1.1749800000000001,1.17648,1.17487,1.17639
1776106800000,1.17638,1.1764400000000002,1.17534,1.1756600000000001
1776107700000,1.1756499999999999,1.17607,1.17556,1.17601
1776108600000,1.17604,1.1760899999999999,1.17579,1.1759199999999999
1776109500000,1.17591,1.1762,1.17574,1.17597
1776110400000,1.17601,1.1762499999999998,1.17596,1.1760899999999999
1776111300000,1.17611,1.17621,1.1758,1.1759
1776112200000,1.17589,1.17599,1.17581,1.1759
1776113100000,1.17589,1.17592,1.17561,1.1758
1776114000000,1.17573,1.17573,1.17483,1.1753200000000001
1776114900000,1.17532,1.17579,1.17532,1.17576
1776115800000,1.1757799999999998,1.17579,1.17549,1.1755099999999998
1776116700000,1.1754,1.1756,1.17519,1.17546
1776117600000,1.17533,1.17642,1.17533,1.17611
1776118500000,1.1761199999999998,1.17613,1.17579,1.17597
1776119400000,1.17598,1.17608,1.17585,1.1759600000000001
1776120300000,1.17598,1.17611,1.17594,1.17609
1776121200000,1.1761,1.17642,1.17604,1.17626
1776122100000,1.17625,1.1765,1.17625,1.17641
1776123000000,1.17642,1.1764999999999999,1.17638,1.17641
1776123900000,1.17646,1.17662,1.17639,1.1766100000000002
1776124800000,1.1766500000000002,1.1766500000000002,1.17606,1.1763400000000002
1776125700000,1.17635,1.17675,1.17635,1.17647
1776126600000,1.17648,1.17666,1.17631,1.17646
1776127500000,1.1764400000000002,1.1765800000000002,1.17626,1.1765700000000001
1776128400000,1.17658,1.1767299999999998,1.17637,1.1764899999999998
1776129300000,1.17649,1.1764999999999999,1.17614,1.17641
1776130200000,1.1764000000000001,1.1765,1.17616,1.17633
1776131100000,1.17633,1.17633,1.17591,1.1759600000000001
1776132000000,1.17597,1.1761599999999999,1.17586,1.17591
1776132900000,1.1759,1.17594,1.17567,1.17576
1776133800000,1.17575,1.17598,1.17557,1.17592
1776134700000,1.1759300000000001,1.1760300000000001,1.17575,1.17601
1776135600000,1.17604,1.17606,1.17585,1.17588
1776136500000,1.17591,1.1760899999999999,1.1759,1.17598
1776137400000,1.17599,1.1764800000000002,1.17599,1.1763100000000002
1776138300000,1.17632,1.17676,1.17631,1.17663
1776139200000,1.17662,1.17665,1.17651,1.17651
1776140100000,1.1765199999999998,1.17688,1.1764,1.1767599999999998
1776141000000,1.17676,1.1767699999999999,1.17661,1.1766699999999999
1776141900000,1.17668,1.17693,1.17661,1.17662
1776142800000,1.17661,1.17691,1.1764,1.1764599999999998
1776143700000,1.1764700000000001,1.17652,1.17599,1.1760700000000002
1776144600000,1.1760700000000002,1.17653,1.17589,1.17653
1776145500000,1.1765400000000001,1.17658,1.17622,1.1763700000000001
1776146400000,1.17636,1.17703,1.17604,1.1760599999999999
1776147300000,1.17607,1.17635,1.17576,1.1762899999999998
1776148200000,1.1763000000000001,1.17672,1.17622,1.1767
1776149100000,1.17668,1.17778,1.17666,1.17775
1776150000000,1.17776,1.17962,1.17769,1.17851
1776150900000,1.17852,1.17863,1.17789,1.17826
1776151800000,1.17827,1.17917,1.17824,1.17871
1776152700000,1.17871,1.17909,1.17791,1.17794
1776153600000,1.17791,1.17808,1.17757,1.17765
1776154500000,1.17764,1.17791,1.17746,1.17786
1776155400000,1.17788,1.17838,1.17766,1.17832
1776156300000,1.17833,1.1783400000000002,1.17799,1.1782100000000002
1776157200000,1.1782299999999999,1.1789999999999998,1.1782,1.17872
1776158100000,1.17873,1.17885,1.17839,1.17839
1776159000000,1.17838,1.1792,1.17814,1.17893
1776159900000,1.17891,1.17891,1.17858,1.17883
1776160800000,1.1788100000000001,1.1798300000000002,1.17877,1.17975
1776161700000,1.17976,1.17976,1.1792,1.17921
1776162600000,1.17921,1.17958,1.17911,1.1793
1776163500000,1.17931,1.17977,1.17926,1.1796
1776164400000,1.17959,1.18,1.17952,1.1799
1776165300000,1.17991,1.18014,1.17983,1.1800899999999999
1776166200000,1.1801300000000001,1.1801400000000002,1.17948,1.17985
1776167100000,1.17986,1.18055,1.17959,1.1798899999999999
1776168000000,1.1799199999999999,1.18,1.17922,1.1796
1776168900000,1.17962,1.18024,1.17933,1.17995
1776169800000,1.17994,1.18053,1.17944,1.17958
1776170700000,1.17957,1.18042,1.17955,1.1804000000000001
1776171600000,1.1804,1.18071,1.18013,1.18047
1776172500000,1.18047,1.18048,1.17949,1.17956
1776173400000,1.17957,1.1804599999999998,1.17929,1.1803
1776174300000,1.1802899999999998,1.18031,1.17973,1.17987
1776175200000,1.1798700000000002,1.1802100000000002,1.17928,1.1800400000000002
1776176100000,1.18003,1.18061,1.18,1.18024
1776177000000,1.1802300000000001,1.18077,1.18009,1.18065
1776177900000,1.18063,1.18105,1.18018,1.18082
1776178800000,1.1808100000000001,1.1808100000000001,1.17985,1.17988
1776179700000,1.17987,1.18012,1.17937,1.1797
1776180600000,1.17971,1.18023,1.17919,1.17919
1776181500000,1.1792,1.17925,1.17869,1.17898
1776182400000,1.17896,1.17918,1.17878,1.17916
1776183300000,1.17915,1.17953,1.17912,1.17949
1776184200000,1.1795,1.17964,1.17924,1.1795
1776185100000,1.1795099999999998,1.1795099999999998,1.17922,1.17935
1776186000000,1.1793500000000001,1.1795,1.17913,1.17944
1776186900000,1.1794099999999998,1.1798899999999999,1.17939,1.17974
1776187800000,1.17973,1.17987,1.17947,1.17982
1776188700000,1.17979,1.17986,1.17942,1.1795099999999998
1776189600000,1.17954,1.17963,1.17937,1.17955
1776190500000,1.17954,1.17955,1.1792,1.17922
1776191400000,1.17923,1.17944,1.17907,1.1791800000000001
1776192300000,1.17917,1.17941,1.179,1.1792500000000001
1776193200000,1.17924,1.17948,1.17907,1.1792900000000002
1776194100000,1.1793,1.1793500000000001,1.17914,1.1792200000000002
1776195000000,1.17921,1.17933,1.17899,1.17913
1776195900000,1.1791,1.17927,1.17905,1.17913
1776196800000,1.17914,1.17944,1.17907,1.17941
1776197700000,1.1794200000000001,1.1794600000000002,1.17928,1.1794600000000002
1776198600000,1.17945,1.17947,1.1793,1.17932
1776199500000,1.1793,1.17951,1.17927,1.1794200000000001
1776200400000,1.17933,1.17933,1.17919,1.17925
1776201300000,1.17925,1.17926,1.17858,1.17891
1776202200000,1.17891,1.17893,1.17868,1.1788399999999999
1776203100000,1.17868,1.17893,1.17868,1.17878
1776204000000,1.17891,1.1795,1.17891,1.1795
1776204900000,1.1795,1.17989,1.17947,1.17953
1776205800000,1.1795,1.1795,1.17931,1.1794
1776206700000,1.1794,1.17949,1.17929,1.17946
1776207600000,1.1794499999999999,1.1795499999999999,1.17939,1.17943
1776208500000,1.17943,1.1797,1.17942,1.17969
1776209400000,1.1797,1.1801300000000001,1.17964,1.17993
1776210300000,1.1799600000000001,1.1801300000000001,1.17972,1.17978
1776211200000,1.17977,1.17981,1.17915,1.17918
1776212100000,1.17917,1.17946,1.17916,1.17941
1776213000000,1.1794099999999998,1.17946,1.17888,1.17903
1776213900000,1.17902,1.1794200000000001,1.17893,1.1793500000000001
1776214800000,1.17934,1.1796300000000002,1.17894,1.17945
1776215700000,1.17943,1.1794499999999999,1.17908,1.1792399999999998
1776216600000,1.17923,1.17928,1.17894,1.1789800000000001
1776217500000,1.17899,1.17923,1.17892,1.17901
1776218400000,1.1790200000000002,1.17904,1.17853,1.1785700000000001
1776219300000,1.17855,1.1786400000000001,1.17819,1.17819
1776220200000,1.17822,1.17832,1.17784,1.1783
1776221100000,1.17831,1.17836,1.17815,1.1783000000000001
1776222000000,1.17831,1.17833,1.17798,1.1783000000000001
1776222900000,1.17831,1.1786999999999999,1.17831,1.1786999999999999
1776223800000,1.1787100000000001,1.17875,1.17849,1.17865
1776224700000,1.17864,1.1788699999999999,1.17864,1.1786599999999998
1776225600000,1.17865,1.1788699999999999,1.17857,1.17875
1776226500000,1.17876,1.1788,1.17865,1.17875
1776227400000,1.17876,1.1789,1.17863,1.17875
1776228300000,1.17876,1.17885,1.17871,1.17881
1776229200000,1.1787999999999998,1.17929,1.17878,1.17925
1776230100000,1.17927,1.1797700000000002,1.17911,1.17921
1776231000000,1.1792,1.1792,1.17887,1.1790900000000002
1776231900000,1.17907,1.17928,1.1789,1.1791500000000001
1776232800000,1.17914,1.17988,1.1791,1.17928
1776233700000,1.17926,1.1793099999999999,1.17881,1.1790999999999998
1776234600000,1.17908,1.17918,1.17848,1.17859
1776235500000,1.17858,1.17868,1.17831,1.17835
1776236400000,1.17837,1.17879,1.1783,1.17854
1776237300000,1.17858,1.17873,1.17822,1.1787
1776238200000,1.17871,1.179,1.17848,1.17885
1776239100000,1.1788399999999999,1.17891,1.17838,1.17851
1776240000000,1.17849,1.179,1.17848,1.17895
1776240900000,1.17896,1.17947,1.17893,1.17914
1776241800000,1.17913,1.1791399999999999,1.17868,1.17889
1776242700000,1.17888,1.179,1.17855,1.17888
1776243600000,1.1788800000000001,1.1790800000000001,1.17748,1.1781400000000002
1776244500000,1.1782,1.1786299999999998,1.1781,1.17835
1776245400000,1.1784000000000001,1.17845,1.17788,1.17814
1776246300000,1.1781300000000001,1.1783000000000001,1.17778,1.17811
1776247200000,1.17812,1.1786,1.17782,1.17845
1776248100000,1.17844,1.17845,1.17725,1.1775
1776249000000,1.1775,1.1780499999999998,1.17715,1.1778499999999998
1776249900000,1.17786,1.1783,1.17763,1.17764
1776250800000,1.17765,1.17791,1.17744,1.1777
1776251700000,1.17772,1.17789,1.17748,1.17761
1776252600000,1.1776,1.17794,1.17749,1.17766
1776253500000,1.1776499999999999,1.17836,1.17726,1.17825
1776254400000,1.17824,1.17841,1.17767,1.1778
1776255300000,1.17779,1.1784,1.17776,1.17834
1776256200000,1.1783400000000002,1.17876,1.17792,1.17806
1776257100000,1.17809,1.17924,1.17785,1.1787400000000001
1776258000000,1.17875,1.17905,1.17848,1.17871
1776258900000,1.1786999999999999,1.17962,1.17858,1.17956
1776259800000,1.1796,1.17968,1.17838,1.17843
1776260700000,1.17843,1.17884,1.17835,1.17874
1776261600000,1.1787699999999999,1.17918,1.17838,1.17907
1776262500000,1.179,1.1798899999999999,1.17899,1.1798899999999999
1776263400000,1.1799,1.17997,1.17915,1.1795499999999999
1776264300000,1.1795600000000002,1.17982,1.17934,1.17961
1776265200000,1.1796,1.1802000000000001,1.17941,1.1801000000000001
1776266100000,1.18009,1.18075,1.17985,1.18036
1776267000000,1.18035,1.18035,1.17975,1.1800300000000001
1776267900000,1.18004,1.1802000000000001,1.17975,1.17975
1776268800000,1.17974,1.18016,1.17968,1.18014
1776269700000,1.18015,1.18022,1.17981,1.17998
1776270600000,1.18,1.18019,1.1797,1.18005
1776271500000,1.18004,1.1801599999999999,1.17987,1.18003
1776272400000,1.18004,1.18015,1.1799,1.17994
1776273300000,1.17995,1.1801,1.17977,1.17988
1776274200000,1.17987,1.1799,1.17935,1.1794399999999998
1776275100000,1.1794499999999999,1.17949,1.17922,1.17943
1776276000000,1.17943,1.18007,1.17932,1.17998
1776276900000,1.17999,1.18014,1.17988,1.17991
1776277800000,1.1799199999999999,1.1799499999999998,1.17962,1.1797
1776278700000,1.1796900000000001,1.18011,1.17964,1.17999
1776279600000,1.17997,1.18041,1.17981,1.17991
1776280500000,1.1799,1.18009,1.17981,1.18005
1776281400000,1.18004,1.18026,1.18002,1.1801000000000001
1776282300000,1.18011,1.1802300000000001,1.17991,1.17993
1776283200000,1.17994,1.1799499999999998,1.17949,1.17979
1776284100000,1.1798,1.17981,1.17961,1.17972
1776285000000,1.17971,1.17973,1.17949,1.1796799999999998
1776285900000,1.17968,1.18002,1.17968,1.17987
1776286800000,1.17979,1.1798899999999999,1.17932,1.1796
1776287700000,1.1796,1.17974,1.17958,1.17965
1776288600000,1.17969,1.18017,1.1796,1.17998
1776289500000,1.18,1.18,1.17954,1.1795900000000001
1776290400000,1.17964,1.18027,1.17956,1.18017
1776291300000,1.18013,1.1801599999999999,1.1799,1.1800599999999999
1776292200000,1.18004,1.18014,1.18002,1.18011
1776293100000,1.18005,1.18028,1.18005,1.18018
1776294000000,1.18018,1.18041,1.18018,1.18034
1776294900000,1.18035,1.18042,1.18028,1.18036
1776295800000,1.18035,1.1806299999999998,1.18027,1.18062
1776296700000,1.18063,1.1807400000000001,1.1806,1.1806100000000002
1776297600000,1.18061,1.18079,1.18022,1.18032
1776298500000,1.1803,1.18061,1.1803,1.1804299999999999
1776299400000,1.18046,1.1805,1.18026,1.18033
1776300300000,1.18031,1.1807,1.18025,1.18067
1776301200000,1.1806400000000001,1.18087,1.18059,1.18065
1776302100000,1.18066,1.18066,1.18034,1.1803599999999999
1776303000000,1.18038,1.18054,1.17963,1.18003
1776303900000,1.18002,1.18032,1.18002,1.1802000000000001
1776304800000,1.1801899999999999,1.1805299999999999,1.18013,1.1801899999999999
1776305700000,1.18018,1.18039,1.18017,1.18034
1776306600000,1.18036,1.1817,1.18036,1.18157
1776307500000,1.18164,1.1817,1.18119,1.1816499999999999
1776308400000,1.18164,1.18233,1.18164,1.18183
1776309300000,1.1818499999999998,1.1819,1.18149,1.1815
1776310200000,1.1814900000000002,1.18157,1.18117,1.18136
1776311100000,1.1813600000000002,1.18154,1.18121,1.1812500000000001
1776312000000,1.18124,1.18125,1.18099,1.18108
1776312900000,1.18108,1.18125,1.18098,1.18103
1776313800000,1.18103,1.18113,1.18093,1.1809800000000001
1776314700000,1.18089,1.18099,1.18076,1.18087
1776315600000,1.18089,1.18094,1.18069,1.18072
1776316500000,1.18072,1.18078,1.18025,1.18039
1776317400000,1.18039,1.18083,1.18024,1.1803599999999999
1776318300000,1.18035,1.18072,1.18035,1.18037
1776319200000,1.18038,1.1806400000000001,1.17999,1.18009
1776320100000,1.1801400000000002,1.1801400000000002,1.17945,1.1796900000000001
1776321000000,1.17971,1.17981,1.1793,1.1798
1776321900000,1.17979,1.18049,1.1797,1.18027
1776322800000,1.18032,1.18042,1.1798,1.18003
1776323700000,1.1800700000000002,1.18008,1.17938,1.17978
1776324600000,1.17974,1.17977,1.17922,1.1795799999999999
1776325500000,1.1795300000000002,1.17957,1.17904,1.1791
1776326400000,1.17912,1.17934,1.17835,1.17838
1776327300000,1.1784,1.17862,1.1776,1.17793
1776328200000,1.17791,1.1783800000000002,1.17789,1.1783000000000001
1776329100000,1.17832,1.17879,1.17832,1.17856
1776330000000,1.1785299999999999,1.1786999999999999,1.17813,1.17813
1776330900000,1.1781199999999998,1.17834,1.17776,1.1778499999999998
1776331800000,1.17787,1.17848,1.17764,1.17794
1776332700000,1.17794,1.17818,1.17767,1.1779
1776333600000,1.1778899999999999,1.17797,1.17743,1.17797
1776334500000,1.1779499999999998,1.1779499999999998,1.17725,1.1772699999999998
1776335400000,1.1772500000000001,1.1777600000000001,1.17721,1.1776900000000001
1776336300000,1.17768,1.17796,1.17757,1.17793
1776337200000,1.1779600000000001,1.17879,1.17795,1.17855
1776338100000,1.17854,1.17881,1.17835,1.17855
1776339000000,1.1785299999999999,1.17866,1.17814,1.17838
1776339900000,1.17839,1.1785100000000002,1.17799,1.17835
1776340800000,1.17839,1.17841,1.17771,1.17795
1776341700000,1.17799,1.1782100000000002,1.17755,1.17809
1776342600000,1.1781000000000001,1.17832,1.17761,1.17831
1776343500000,1.1783000000000001,1.1784100000000002,1.17809,1.1781000000000001
1776344400000,1.17811,1.17827,1.17776,1.17807
1776345300000,1.17807,1.17831,1.178,1.17804
1776346200000,1.17805,1.17809,1.1775,1.17772
1776347100000,1.17773,1.17793,1.17665,1.17719
1776348000000,1.17723,1.1777499999999999,1.17685,1.17764
1776348900000,1.17765,1.17781,1.17723,1.17778
1776349800000,1.17781,1.17802,1.17744,1.17792
1776350700000,1.17791,1.17816,1.17684,1.17711
1776351600000,1.17708,1.1779199999999999,1.17695,1.17778
1776352500000,1.1777900000000001,1.178,1.17737,1.1774200000000001
1776353400000,1.17741,1.1781,1.17733,1.1777
1776354300000,1.1776900000000001,1.17815,1.17758,1.17815
1776355200000,1.17816,1.1785,1.17789,1.17849
1776356100000,1.1785,1.17866,1.17801,1.17804
1776357000000,1.1780300000000001,1.1780700000000002,1.17684,1.17741
1776357900000,1.1774,1.17754,1.177,1.17743
1776358800000,1.17744,1.1774900000000001,1.17677,1.1767800000000002
1776359700000,1.1767999999999998,1.17727,1.17678,1.17709
1776360600000,1.17708,1.1774799999999999,1.17708,1.1773399999999998
1776361500000,1.17732,1.17735,1.17705,1.1773
1776362400000,1.17731,1.17804,1.17727,1.17761
1776363300000,1.1776,1.1778,1.17756,1.17776
1776364200000,1.17777,1.17802,1.17765,1.17778
1776365100000,1.17777,1.17802,1.17767,1.17792
1776366000000,1.17798,1.17826,1.17795,1.17805
1776366900000,1.17806,1.17841,1.17802,1.17829
1776367800000,1.17831,1.17852,1.1782,1.1782
1776368700000,1.17821,1.1782700000000002,1.17802,1.17806
1776369600000,1.1780899999999999,1.17821,1.1779,1.17811
1776370500000,1.17812,1.17813,1.1778,1.17802
1776371400000,1.17803,1.17827,1.17803,1.17821
1776372300000,1.17822,1.17827,1.17804,1.17812
1776373200000,1.17781,1.17787,1.17726,1.17774
1776374100000,1.17774,1.17799,1.17774,1.1778
1776375000000,1.17778,1.17781,1.17777,1.17779
1776375900000,1.1777799999999998,1.1778199999999999,1.17776,1.17777
1776376800000,1.17783,1.1786699999999999,1.17783,1.17854
1776377700000,1.1785500000000002,1.1785500000000002,1.17833,1.17853
1776378600000,1.17855,1.17855,1.17838,1.17848
1776379500000,1.17849,1.1785,1.17842,1.1784700000000001
1776380400000,1.17846,1.1785,1.17828,1.1784
1776381300000,1.17841,1.1785700000000001,1.17839,1.17849
1776382200000,1.1785,1.1785,1.17828,1.17831
1776383100000,1.17832,1.17832,1.17802,1.17806
1776384000000,1.17803,1.17803,1.17766,1.17777
1776384900000,1.17774,1.17815,1.17772,1.17805
1776385800000,1.17806,1.17826,1.17799,1.17816
1776386700000,1.17817,1.1782299999999999,1.17783,1.1778499999999998
1776387600000,1.17784,1.17793,1.17742,1.17767
1776388500000,1.17766,1.1778,1.1774,1.1775
1776389400000,1.17752,1.17769,1.17742,1.17762
1776390300000,1.1776200000000001,1.17775,1.17748,1.17754
1776391200000,1.1775499999999999,1.1776,1.17725,1.1773699999999998
1776392100000,1.1773799999999999,1.17756,1.17736,1.17751
1776393000000,1.1775,1.17768,1.17744,1.17753
1776393900000,1.17754,1.1777300000000002,1.17751,1.1776600000000002
1776394800000,1.17765,1.1778600000000001,1.17765,1.17771
1776395700000,1.17767,1.17767,1.17748,1.17754
1776396600000,1.17755,1.17805,1.17751,1.17798
1776397500000,1.17797,1.17848,1.17797,1.17827
1776398400000,1.17828,1.17837,1.17821,1.17831
1776399300000,1.17832,1.17832,1.1781,1.1782
1776400200000,1.17821,1.17832,1.1781,1.17825
1776401100000,1.17826,1.1783800000000002,1.17816,1.17822
1776402000000,1.17821,1.17828,1.17794,1.17816
1776402900000,1.17814,1.17838,1.1781,1.1783599999999999
1776403800000,1.17837,1.17838,1.178,1.17814
1776404700000,1.17815,1.17831,1.17801,1.17801
1776405600000,1.1780199999999998,1.17825,1.17766,1.17777
1776406500000,1.1777499999999999,1.17781,1.17746,1.1774799999999999
1776407400000,1.17747,1.17753,1.17717,1.17726
1776408300000,1.17725,1.17777,1.17725,1.17743
1776409200000,1.17744,1.17799,1.17744,1.17774
1776410100000,1.17773,1.17814,1.17746,1.17795
1776411000000,1.17796,1.17807,1.17762,1.17796
1776411900000,1.17794,1.17825,1.1779,1.17817
1776412800000,1.17819,1.17836,1.17808,1.1782
1776413700000,1.17819,1.17835,1.17802,1.17833
1776414600000,1.1783199999999998,1.17908,1.1782,1.17908
1776415500000,1.17907,1.17951,1.17894,1.17934
1776416400000,1.17935,1.17959,1.17906,1.1791
1776417300000,1.17912,1.1798799999999998,1.17908,1.1798
1776418200000,1.1798,1.1798,1.1793,1.17934
1776419100000,1.17935,1.17942,1.17905,1.17929
1776420000000,1.1792799999999999,1.17939,1.17908,1.1793799999999999
1776420900000,1.1793900000000002,1.1795300000000002,1.17931,1.1793500000000001
1776421800000,1.17937,1.17952,1.17912,1.1793099999999999
1776422700000,1.1793,1.17953,1.1792,1.1794
1776423600000,1.17939,1.17962,1.17916,1.17953
1776424500000,1.17954,1.17981,1.17948,1.1796600000000002
1776425400000,1.17967,1.17976,1.17943,1.1797
1776426300000,1.17973,1.1798899999999999,1.17915,1.1793099999999999
1776427200000,1.17934,1.18001,1.17929,1.17979
1776428100000,1.1798,1.18083,1.17964,1.18042
1776429000000,1.1804299999999999,1.18126,1.18034,1.18061
1776429900000,1.18063,1.18367,1.18058,1.18347
1776430800000,1.18351,1.18486,1.183,1.1846700000000001
1776431700000,1.18464,1.18464,1.18295,1.18339
1776432600000,1.18343,1.18428,1.18302,1.18351
1776433500000,1.18357,1.1836799999999998,1.18234,1.1833099999999999
1776434400000,1.18333,1.18354,1.1819,1.1820199999999998
1776435300000,1.1820300000000001,1.1831800000000001,1.18198,1.18261
1776436200000,1.1826400000000001,1.1831500000000001,1.18171,1.18249
1776437100000,1.1825,1.18262,1.18127,1.18131
1776438000000,1.1813,1.1815900000000001,1.18073,1.18109
1776438900000,1.1810800000000001,1.18136,1.17995,1.18034
1776439800000,1.18037,1.1809699999999999,1.17993,1.18007
1776440700000,1.1801,1.1806299999999998,1.17996,1.1800199999999998
1776441600000,1.1800000000000002,1.1800000000000002,1.17914,1.1799000000000002
1776442500000,1.17989,1.18041,1.17978,1.1798
1776443400000,1.1797900000000001,1.18008,1.17974,1.18005
1776444300000,1.18003,1.18014,1.17974,1.17982
1776445200000,1.1798,1.1798,1.17844,1.17892
1776446100000,1.17892,1.17953,1.17861,1.17889
1776447000000,1.17888,1.17918,1.17882,1.1788399999999999
1776447900000,1.17883,1.17954,1.17883,1.1794900000000001
1776448800000,1.17951,1.17955,1.17887,1.1789100000000001
1776449700000,1.17894,1.17972,1.17893,1.1790800000000001
1776450600000,1.17909,1.17931,1.17839,1.17863
1776451500000,1.17862,1.17866,1.17736,1.17793
1776452400000,1.17791,1.17832,1.17775,1.17825
1776453300000,1.17826,1.17832,1.17745,1.1775000000000002
1776454200000,1.1775,1.17759,1.17686,1.17703
1776455100000,1.17702,1.17713,1.17664,1.1768299999999998
1776456000000,1.17684,1.17709,1.17659,1.17706
1776456900000,1.17705,1.1771399999999999,1.17637,1.17637
1776457800000,1.17638,1.17686,1.17638,1.17658
1776458700000,1.1765700000000001,1.17668,1.17598,1.17624
1776632400000,1.17351,1.17402,1.17351,1.17374
1776633300000,1.17392,1.17392,1.17371,1.1738600000000001
1776634200000,1.17385,1.17385,1.17292,1.17306
1776635100000,1.17306,1.1733699999999998,1.17298,1.1730999999999998
1776636000000,1.17294,1.17391,1.17287,1.17348
1776636900000,1.17347,1.17367,1.17287,1.17311
1776637800000,1.17313,1.17374,1.17312,1.1736799999999998
1776638700000,1.1737,1.17394,1.17369,1.1739199999999999
1776639600000,1.17392,1.17439,1.17391,1.17438
1776640500000,1.17434,1.1744899999999998,1.17413,1.1741499999999998
1776641400000,1.17419,1.1744999999999999,1.17387,1.17402
1776642300000,1.17403,1.17404,1.17359,1.17383
1776643200000,1.17385,1.1750500000000001,1.17365,1.17484
1776644100000,1.17485,1.1754099999999998,1.17481,1.1753799999999999
1776645000000,1.1754,1.17562,1.17528,1.17557
1776645900000,1.17559,1.17564,1.1752,1.17539
1776646800000,1.1754200000000001,1.17562,1.17521,1.1753
1776647700000,1.1753200000000001,1.1753500000000001,1.17501,1.1751
1776648600000,1.17509,1.1759,1.17509,1.17571
1776649500000,1.1756900000000001,1.17594,1.17558,1.1756300000000002
1776650400000,1.17562,1.17584,1.17551,1.17577
1776651300000,1.17576,1.17597,1.17573,1.17597
1776652200000,1.17596,1.17611,1.1757,1.17577
1776653100000,1.17582,1.17582,1.17541,1.17564
1776654000000,1.1756499999999999,1.1757,1.17542,1.1756
1776654900000,1.17561,1.17592,1.17551,1.17587
1776655800000,1.17585,1.1762000000000001,1.17582,1.1760700000000002
1776656700000,1.17605,1.17608,1.17591,1.1759600000000001
1776657600000,1.17595,1.17616,1.17588,1.17598
1776658500000,1.17598,1.17598,1.17566,1.17577
1776659400000,1.17576,1.17581,1.17557,1.17577
1776660300000,1.1757900000000001,1.17605,1.17574,1.17587
1776661200000,1.17584,1.17603,1.17566,1.1757
1776662100000,1.1756900000000001,1.1758300000000002,1.17534,1.17538
1776663000000,1.17534,1.1754200000000001,1.17466,1.17469
1776663900000,1.17468,1.17542,1.17468,1.17526
1776664800000,1.17522,1.17539,1.17496,1.17503
1776665700000,1.17502,1.1750699999999998,1.17471,1.17496
1776666600000,1.175,1.17618,1.175,1.17617
1776667500000,1.17618,1.17651,1.17571,1.17644
1776668400000,1.17645,1.17676,1.17616,1.1766500000000002
1776669300000,1.1766400000000001,1.17714,1.17639,1.1766
1776670200000,1.17659,1.17662,1.17599,1.17619
1776671100000,1.17616,1.17616,1.17531,1.17587
1776672000000,1.17589,1.1763000000000001,1.17562,1.1760400000000002
1776672900000,1.17603,1.17616,1.17567,1.17609
1776673800000,1.17611,1.17622,1.17588,1.17614
1776674700000,1.1761300000000001,1.17642,1.17578,1.17605
1776675600000,1.17604,1.17643,1.17601,1.17626
1776676500000,1.17625,1.17629,1.17547,1.17551
1776677400000,1.17555,1.17619,1.17554,1.17611
1776678300000,1.17607,1.17652,1.17601,1.17648
1776679200000,1.1764999999999999,1.17688,1.1764,1.17655
1776680100000,1.17657,1.17671,1.17617,1.1763599999999999
1776681000000,1.17639,1.1767100000000001,1.17629,1.17659
1776681900000,1.1766100000000002,1.1770800000000001,1.17646,1.1770100000000001
1776682800000,1.17703,1.17724,1.17682,1.17724
1776683700000,1.1772399999999998,1.17742,1.17715,1.1772099999999999
1776684600000,1.1772200000000002,1.1773200000000001,1.1769,1.1771
1776685500000,1.1771099999999999,1.1775,1.17647,1.17665
1776686400000,1.17664,1.17678,1.17553,1.1757
1776687300000,1.17574,1.1760599999999999,1.17556,1.1757499999999999
1776688200000,1.17579,1.17641,1.17573,1.1763599999999999
1776689100000,1.17635,1.1767,1.17609,1.17645
1776690000000,1.17649,1.17709,1.17607,1.17671
1776690900000,1.1766999999999999,1.1773799999999999,1.17651,1.17726
1776691800000,1.17731,1.1780599999999999,1.17699,1.1780599999999999
1776692700000,1.1780499999999998,1.1781,1.17735,1.17746
1776693600000,1.17745,1.17745,1.17663,1.1770500000000002
1776694500000,1.17702,1.17754,1.177,1.1775
1776695400000,1.17751,1.17765,1.17713,1.1776
1776696300000,1.17761,1.17776,1.17618,1.17715
1776697200000,1.17714,1.1774,1.1768,1.1774
1776698100000,1.17746,1.17862,1.17717,1.1785
1776699000000,1.1784599999999998,1.17889,1.1781,1.17851
1776699900000,1.1785,1.17856,1.17816,1.17835
1776700800000,1.1783800000000002,1.1787,1.17833,1.17853
1776701700000,1.17854,1.17876,1.17835,1.17861
1776702600000,1.1786,1.17865,1.17812,1.17845
1776703500000,1.17844,1.1785999999999999,1.17824,1.17852
1776704400000,1.17854,1.17896,1.17848,1.1786699999999999
1776705300000,1.17866,1.17871,1.17818,1.1782
1776706200000,1.17825,1.17854,1.17808,1.17832
1776707100000,1.1783,1.17836,1.17814,1.17832
1776708000000,1.17832,1.17888,1.17827,1.17886
1776708900000,1.17885,1.17892,1.17835,1.1784000000000001
1776709800000,1.17842,1.17852,1.17806,1.17816
1776710700000,1.1781700000000002,1.17825,1.17782,1.1779700000000002
1776711600000,1.1779499999999998,1.17872,1.17793,1.17869
1776712500000,1.1786999999999999,1.1787599999999998,1.1784,1.1785599999999998
1776713400000,1.17856,1.17882,1.17851,1.17866
1776714300000,1.17866,1.17873,1.17848,1.17855
1776715200000,1.17856,1.17882,1.17846,1.17865
1776716100000,1.17866,1.1786699999999999,1.17841,1.17852
1776717000000,1.17851,1.17861,1.17831,1.1784999999999999
1776717900000,1.17849,1.1787400000000001,1.17846,1.17862
1776718800000,1.17869,1.17869,1.17802,1.1783000000000001
1776719700000,1.17835,1.1784599999999998,1.17827,1.17845
1776720600000,1.17843,1.1784500000000002,1.17823,1.1783800000000002
1776721500000,1.17839,1.1785,1.17819,1.17849
1776722400000,1.17849,1.1788299999999998,1.17844,1.1785599999999998
1776723300000,1.17857,1.17864,1.17855,1.1786
1776724200000,1.1786100000000002,1.1786500000000002,1.1785,1.17856
1776725100000,1.17863,1.17899,1.17859,1.17899
1776726000000,1.179,1.17905,1.17855,1.17856
1776726900000,1.17854,1.17857,1.17844,1.17847
1776727800000,1.1784800000000002,1.17849,1.17826,1.17849
1776728700000,1.17848,1.1784999999999999,1.17831,1.17835
1776729600000,1.17841,1.17844,1.1781,1.1783599999999999
1776730500000,1.1783700000000001,1.17849,1.17815,1.17817
1776731400000,1.1782000000000001,1.17841,1.17802,1.17836
1776732300000,1.1783700000000001,1.1785100000000002,1.17809,1.17823
1776733200000,1.17824,1.17835,1.17811,1.17816
1776734100000,1.17815,1.17856,1.17815,1.17845
1776735000000,1.17845,1.17851,1.17822,1.17831
1776735900000,1.17832,1.17835,1.1779,1.1779899999999999
1776736800000,1.17801,1.17818,1.17785,1.17815
1776737700000,1.1781599999999999,1.1781599999999999,1.1777,1.17793
1776738600000,1.17792,1.1779300000000001,1.17765,1.17777
1776739500000,1.17778,1.1779400000000002,1.17772,1.17788
1776740400000,1.1779,1.17791,1.17761,1.17772
1776741300000,1.17771,1.17774,1.1774,1.17763
1776742200000,1.17764,1.17764,1.17728,1.1773200000000001
1776743100000,1.17733,1.17762,1.17733,1.1775
1776744000000,1.17751,1.1775900000000001,1.17738,1.1773900000000002
1776744900000,1.1773799999999999,1.1775499999999999,1.17736,1.1775499999999999
1776745800000,1.17756,1.17761,1.1774,1.17751
1776746700000,1.1775200000000001,1.1775900000000001,1.17744,1.1775
1776747600000,1.17751,1.17794,1.17746,1.17787
1776748500000,1.17785,1.1781700000000002,1.17785,1.17809
1776749400000,1.1780799999999998,1.1781499999999998,1.17796,1.17797
1776750300000,1.17796,1.17802,1.17777,1.17777
1776751200000,1.17776,1.17796,1.17716,1.1776
1776752100000,1.1776,1.17761,1.17716,1.17741
1776753000000,1.17743,1.17758,1.17716,1.17751
1776753900000,1.1775,1.17762,1.17715,1.1774099999999998
1776754800000,1.17737,1.17765,1.1771,1.17734
1776755700000,1.17736,1.17761,1.17723,1.17743
1776756600000,1.17741,1.17746,1.17703,1.17713
1776757500000,1.1770999999999998,1.17736,1.1763,1.1763599999999999
1776758400000,1.17637,1.1765700000000001,1.17564,1.1757
1776759300000,1.17569,1.17651,1.17567,1.17628
1776760200000,1.17627,1.17664,1.17611,1.17653
1776761100000,1.17655,1.17657,1.17618,1.17649
1776762000000,1.1764400000000002,1.1764400000000002,1.17575,1.1758300000000002
1776762900000,1.17583,1.17617,1.17564,1.17574
1776763800000,1.1757499999999999,1.17601,1.17566,1.17593
1776764700000,1.17592,1.17619,1.1756,1.1758899999999999
1776765600000,1.1759,1.1760899999999999,1.17573,1.1758499999999998
1776766500000,1.17584,1.1759,1.17559,1.17573
1776767400000,1.1757199999999999,1.17603,1.1757,1.17592
1776768300000,1.1759300000000001,1.17609,1.17582,1.1760300000000001
1776769200000,1.1760400000000002,1.17623,1.17555,1.17581
1776770100000,1.17583,1.17658,1.17571,1.17658
1776771000000,1.17659,1.1767800000000002,1.17636,1.1764100000000002
1776771900000,1.17642,1.17672,1.17638,1.17666
1776772800000,1.17667,1.17677,1.17646,1.17675
1776773700000,1.17677,1.17678,1.17594,1.17601
1776774600000,1.17601,1.1763299999999999,1.17536,1.17578
1776775500000,1.1757900000000001,1.17605,1.17555,1.1758700000000002
1776776400000,1.17588,1.1762899999999998,1.17573,1.1761599999999999
1776777300000,1.17615,1.17668,1.17607,1.17666
1776778200000,1.17665,1.1771,1.17653,1.1767100000000001
1776779100000,1.1766999999999999,1.17696,1.17647,1.17651
1776780000000,1.17651,1.17687,1.17645,1.17676
1776780900000,1.17677,1.1769800000000001,1.17636,1.17652
1776781800000,1.1765500000000002,1.17754,1.17633,1.1771
1776782700000,1.17708,1.17708,1.17513,1.1751800000000001
1776783600000,1.17519,1.17587,1.17479,1.17574
1776784500000,1.17572,1.17592,1.17462,1.17464
1776785400000,1.1746299999999998,1.17488,1.17407,1.1746999999999999
1776786300000,1.17472,1.17514,1.17462,1.17508
1776787200000,1.1751,1.1755,1.17509,1.1752099999999999
1776788100000,1.1752,1.17523,1.17448,1.17451
1776789000000,1.1744700000000001,1.17478,1.17422,1.1743000000000001
1776789900000,1.1743100000000002,1.17443,1.17399,1.1741000000000001
1776790800000,1.17409,1.17418,1.17219,1.17248
1776791700000,1.17251,1.1731800000000001,1.17198,1.17317
1776792600000,1.1731500000000001,1.17629,1.17314,1.1757900000000001
1776793500000,1.1758,1.1758499999999998,1.1739,1.1742299999999999
1776794400000,1.1742199999999998,1.17465,1.17379,1.17379
1776795300000,1.1737799999999998,1.17404,1.17288,1.17316
1776796200000,1.17316,1.1736900000000001,1.17314,1.17326
1776797100000,1.17325,1.17431,1.17319,1.17401
1776798000000,1.17405,1.17517,1.17401,1.17466
1776798900000,1.1746699999999999,1.17504,1.17428,1.17494
1776799800000,1.1749500000000002,1.1749500000000002,1.17185,1.1723700000000001
1776800700000,1.1723800000000002,1.17307,1.17223,1.1725100000000002
1776801600000,1.1725,1.1752799999999999,1.17228,1.17447
1776802500000,1.1745,1.1751800000000001,1.17416,1.1748200000000002
1776803400000,1.1748,1.17489,1.17435,1.17439
1776804300000,1.17438,1.17438,1.17401,1.17427
1776805200000,1.17399,1.1749500000000002,1.17399,1.17428
1776806100000,1.17427,1.17427,1.17315,1.17326
1776807000000,1.1733,1.17446,1.1733,1.17417
1776807900000,1.17418,1.17419,1.17362,1.17398
1776808800000,1.17398,1.17429,1.17388,1.17398
1776809700000,1.174,1.17405,1.17381,1.17385
1776810600000,1.1738700000000002,1.1740300000000001,1.17382,1.1738700000000002
1776811500000,1.17388,1.1739000000000002,1.17382,1.17382
1776812400000,1.1738300000000002,1.1739000000000002,1.17368,1.17382
1776813300000,1.1738199999999999,1.1740899999999999,1.17379,1.17403
1776814200000,1.17404,1.17413,1.17397,1.174
1776815100000,1.17405,1.17436,1.17404,1.17434
1776816000000,1.1743,1.17508,1.1743,1.1748599999999998
1776816900000,1.1748699999999999,1.1750699999999998,1.17461,1.17461
1776817800000,1.17462,1.1749800000000001,1.1746,1.17473
1776818700000,1.17473,1.17478,1.17425,1.17433
1776819600000,1.17432,1.17464,1.1738,1.17397
1776820500000,1.17397,1.17425,1.17388,1.17411
1776821400000,1.1741,1.1746299999999998,1.17407,1.17427
1776822300000,1.17423,1.17453,1.17422,1.1744
1776823200000,1.17441,1.17478,1.17441,1.17469
1776824100000,1.17469,1.17472,1.17444,1.17458
1776825000000,1.17457,1.17462,1.17437,1.17438
1776825900000,1.17439,1.17443,1.17391,1.17401
1776826800000,1.174,1.1741899999999998,1.1738,1.1739899999999999
1776827700000,1.17401,1.17405,1.17391,1.17402
1776828600000,1.1740700000000002,1.17418,1.17385,1.17398
1776829500000,1.1739600000000001,1.17399,1.17371,1.1737900000000001
1776830400000,1.17379,1.1740199999999998,1.17379,1.17393
1776831300000,1.17397,1.17403,1.17386,1.17401
1776832200000,1.1739899999999999,1.17413,1.17379,1.1740899999999999
1776833100000,1.17408,1.17419,1.17382,1.17389
1776834000000,1.17389,1.17428,1.17384,1.17418
1776834900000,1.17412,1.17621,1.17412,1.17563
1776835800000,1.17565,1.17568,1.17507,1.17521
1776836700000,1.17522,1.17535,1.17491,1.1749999999999998
1776837600000,1.1750800000000001,1.1751800000000001,1.17442,1.17485
1776838500000,1.17484,1.1753200000000001,1.17467,1.1753
1776839400000,1.17529,1.1754499999999999,1.17478,1.1748399999999999
1776840300000,1.17483,1.17515,1.17478,1.17488
1776841200000,1.17487,1.1751500000000001,1.17484,1.17504
1776842100000,1.17503,1.17503,1.17454,1.1748399999999999
1776843000000,1.17483,1.17529,1.17469,1.17523
1776843900000,1.17522,1.17559,1.17492,1.1754799999999999
1776844800000,1.17549,1.1757499999999999,1.17512,1.17564
1776845700000,1.1756499999999999,1.17586,1.17498,1.17526
1776846600000,1.17527,1.17538,1.17469,1.17499
1776847500000,1.1750099999999999,1.17539,1.17498,1.1753099999999999
1776848400000,1.17528,1.17568,1.17513,1.17553
1776849300000,1.17552,1.17553,1.17499,1.17514
1776850200000,1.17513,1.17534,1.17507,1.17516
1776851100000,1.17517,1.1752,1.17459,1.1747
1776852000000,1.1747100000000001,1.17503,1.17433,1.1745500000000002
1776852900000,1.17454,1.17499,1.17454,1.17491
1776853800000,1.1749,1.17513,1.17482,1.17496
1776854700000,1.1749399999999999,1.1752699999999998,1.17488,1.1751099999999999
1776855600000,1.17508,1.17509,1.17452,1.17452
1776856500000,1.17455,1.1747699999999999,1.17421,1.17438
1776857400000,1.17435,1.17452,1.17376,1.17379
1776858300000,1.17378,1.17401,1.17314,1.17341
1776859200000,1.1734,1.17371,1.17297,1.17317
1776860100000,1.17318,1.17366,1.17268,1.17273
1776861000000,1.1726800000000002,1.17284,1.17243,1.1725700000000001
1776861900000,1.17258,1.1729999999999998,1.17247,1.17271
1776862800000,1.17269,1.1734,1.17234,1.1725299999999999
1776863700000,1.1725400000000001,1.1738000000000002,1.17243,1.1731800000000001
1776864600000,1.1732,1.17408,1.17275,1.174
1776865500000,1.1740199999999998,1.17427,1.17366,1.1740199999999998
1776866400000,1.17403,1.17425,1.17333,1.1734
1776867300000,1.17339,1.1739600000000001,1.1731,1.1733200000000001
1776868200000,1.17329,1.17343,1.17259,1.17282
1776869100000,1.17283,1.17312,1.17178,1.1718
1776870000000,1.1717899999999999,1.17214,1.17149,1.17194
1776870900000,1.17195,1.17226,1.17162,1.1721300000000001
1776871800000,1.17215,1.17234,1.17127,1.17133
1776872700000,1.1713,1.17162,1.1712,1.17128
1776873600000,1.1713500000000001,1.1714900000000001,1.17114,1.17138
1776874500000,1.17139,1.17139,1.17096,1.17121
1776875400000,1.1712,1.1715099999999998,1.17095,1.1713
1776876300000,1.17129,1.17149,1.17113,1.17122
1776877200000,1.17121,1.17162,1.17107,1.17126
1776878100000,1.17127,1.17162,1.17124,1.17144
1776879000000,1.17144,1.17163,1.17124,1.17143
1776879900000,1.17142,1.17147,1.17095,1.17099
1776880800000,1.17096,1.17124,1.17082,1.17108
1776881700000,1.17107,1.17109,1.1707,1.1708500000000002
1776882600000,1.17085,1.1711299999999998,1.17074,1.1711299999999998
1776883500000,1.17111,1.17116,1.17073,1.17083
1776884400000,1.17084,1.1709500000000002,1.17053,1.1708800000000001
1776885300000,1.1709,1.17106,1.1708,1.17097
1776886200000,1.1709800000000001,1.1709800000000001,1.17063,1.1707100000000001
1776887100000,1.1706999999999999,1.1707299999999998,1.17044,1.17051
1776888000000,1.17052,1.17052,1.17026,1.1705
1776888900000,1.1704999999999999,1.17062,1.17044,1.17061
1776889800000,1.1706,1.1707,1.17026,1.17057
1776890700000,1.17056,1.17073,1.17042,1.1706
1776891600000,1.17037,1.17046,1.17001,1.17045
1776892500000,1.17044,1.17046,1.17021,1.1703999999999999
1776893400000,1.1704,1.17049,1.17033,1.1704700000000001
1776894300000,1.17043,1.17066,1.17043,1.1706500000000002
1776895200000,1.17067,1.1708100000000001,1.17056,1.17057
1776896100000,1.17056,1.17067,1.17056,1.17059
1776897000000,1.1705899999999998,1.1706699999999999,1.17047,1.17047
1776897900000,1.17047,1.1706599999999998,1.17047,1.1705699999999999
1776898800000,1.1705999999999999,1.1705999999999999,1.17041,1.17051
1776899700000,1.17051,1.17061,1.17047,1.1705999999999999
1776900600000,1.17061,1.17065,1.17052,1.17061
1776901500000,1.17062,1.17066,1.17046,1.1705100000000002
1776902400000,1.1705500000000002,1.17072,1.16972,1.16972
1776903300000,1.1697300000000002,1.17124,1.16918,1.1709900000000002
1776904200000,1.1709800000000001,1.17131,1.17094,1.1710500000000001
1776905100000,1.17102,1.17123,1.17091,1.1711099999999999
1776906000000,1.17109,1.17125,1.17086,1.1709
1776906900000,1.17087,1.17114,1.17073,1.1708100000000001
1776907800000,1.17085,1.17119,1.17076,1.1711
1776908700000,1.17109,1.17116,1.17075,1.1708699999999999
1776909600000,1.17086,1.171,1.17038,1.1703999999999999
1776910500000,1.17039,1.17065,1.17026,1.1703700000000001
1776911400000,1.17039,1.17059,1.17028,1.1703999999999999
1776912300000,1.1704,1.17049,1.16954,1.16968
1776913200000,1.16969,1.17011,1.16946,1.16964
1776914100000,1.16965,1.1697700000000002,1.16955,1.1696600000000001
1776915000000,1.16965,1.16986,1.1696,1.16964
1776915900000,1.16963,1.16975,1.16944,1.16951
1776916800000,1.1695,1.16974,1.16947,1.16971
1776917700000,1.16971,1.1699,1.1697,1.16976
1776918600000,1.1697600000000001,1.16991,1.16975,1.16988
1776919500000,1.16988,1.17001,1.16984,1.1699599999999999
1776920400000,1.16995,1.1702,1.1699,1.17012
1776921300000,1.17011,1.17026,1.17011,1.17017
1776922200000,1.17016,1.17032,1.17005,1.17017
1776923100000,1.17018,1.17064,1.17018,1.17063
1776924000000,1.1706400000000001,1.1707400000000001,1.17033,1.1703800000000002
1776924900000,1.17036,1.17056,1.17014,1.17041
1776925800000,1.1704,1.1707400000000001,1.17036,1.1707100000000001
1776926700000,1.1707,1.1708500000000002,1.17023,1.1703100000000002
1776927600000,1.1703000000000001,1.17115,1.16998,1.1703000000000001
1776928500000,1.17017,1.17068,1.16997,1.17017
1776929400000,1.16976,1.17001,1.16949,1.1697199999999999
1776930300000,1.16971,1.17031,1.16971,1.17019
1776931200000,1.17018,1.17039,1.16999,1.1701000000000001
1776932100000,1.17011,1.17047,1.17,1.1702
1776933000000,1.1703599999999998,1.1703899999999998,1.16959,1.1697099999999998
1776933900000,1.16971,1.17019,1.16968,1.17011
1776934800000,1.1701000000000001,1.17018,1.16941,1.1694600000000002
1776935700000,1.16948,1.17005,1.16931,1.16943
1776936600000,1.1694499999999999,1.1696099999999998,1.16898,1.16956
1776937500000,1.16955,1.16962,1.16913,1.16932
1776938400000,1.16928,1.1695600000000002,1.16843,1.1686
1776939300000,1.16861,1.16865,1.16817,1.1682899999999998
1776940200000,1.16828,1.16861,1.16814,1.16821
1776941100000,1.16822,1.1683000000000001,1.16796,1.1681700000000002
1776942000000,1.16819,1.16823,1.16788,1.1681300000000001
1776942900000,1.16814,1.16828,1.16788,1.1681000000000001
1776943800000,1.1681000000000001,1.16835,1.16785,1.16832
1776944700000,1.1683,1.1697099999999998,1.1683,1.1690099999999999
1776945600000,1.16902,1.16976,1.16862,1.16952
1776946500000,1.1695000000000002,1.1695000000000002,1.16857,1.16883
1776947400000,1.16884,1.1697000000000002,1.16867,1.1695300000000002
1776948300000,1.16954,1.1697600000000001,1.1686,1.1691500000000001
1776949200000,1.16916,1.1693,1.16824,1.16844
1776950100000,1.1683999999999999,1.169,1.16834,1.16879
1776951000000,1.16878,1.16946,1.16875,1.16919
1776951900000,1.16855,1.1696199999999999,1.16855,1.16905
1776952800000,1.16907,1.16974,1.16867,1.1697300000000002
1776953700000,1.16974,1.17068,1.16963,1.17051
1776954600000,1.17054,1.17071,1.17024,1.17071
1776955500000,1.1707,1.1715900000000001,1.1707,1.1710200000000002
1776956400000,1.17103,1.1712500000000001,1.17053,1.17067
1776957300000,1.17068,1.1714900000000001,1.17056,1.17101
1776958200000,1.171,1.17107,1.17024,1.17024
1776959100000,1.1702299999999999,1.17075,1.17003,1.1702899999999998
1776960000000,1.1702800000000002,1.17033,1.16979,1.16981
1776960900000,1.1698,1.17035,1.16978,1.17028
1776961800000,1.17025,1.17045,1.16998,1.17036
1776962700000,1.17038,1.1704999999999999,1.16997,1.1701599999999999
1776963600000,1.17017,1.1702199999999998,1.16813,1.16837
1776964500000,1.16836,1.1687400000000001,1.16775,1.16822
1776965400000,1.16824,1.16869,1.16702,1.1671099999999999
1776966300000,1.16712,1.16928,1.16686,1.16923
1776967200000,1.16927,1.1699499999999998,1.16905,1.1695099999999998
1776968100000,1.16953,1.16979,1.16924,1.1695
1776969000000,1.16951,1.16979,1.16911,1.16937
1776969900000,1.16938,1.16944,1.16877,1.1688800000000001
1776970800000,1.16884,1.1689800000000001,1.16839,1.16856
1776971700000,1.1685800000000002,1.16872,1.16836,1.16848
1776972600000,1.1684800000000002,1.16856,1.16799,1.16819
1776973500000,1.16817,1.16873,1.16798,1.1686
1776974400000,1.16856,1.16862,1.16812,1.1681700000000002
1776975300000,1.16816,1.16845,1.16801,1.16829
1776976200000,1.1683000000000001,1.16848,1.16829,1.16842
1776977100000,1.16841,1.16845,1.16812,1.16822
1776978000000,1.16821,1.1686,1.16784,1.16833
1776978900000,1.1683100000000002,1.16876,1.16755,1.16808
1776979800000,1.16808,1.16865,1.16784,1.16807
1776980700000,1.16816,1.16852,1.16794,1.16852
1776981600000,1.16852,1.16861,1.16842,1.16854
1776982500000,1.1685400000000001,1.1685400000000001,1.16846,1.16853
1776983400000,1.1685299999999998,1.1685899999999998,1.16847,1.16855
1776984300000,1.16853,1.16862,1.16849,1.16855
1776985200000,1.16856,1.16856,1.16828,1.1683
1776986100000,1.16829,1.16836,1.16815,1.16836
1776987000000,1.16839,1.16839,1.16829,1.16833
1776987900000,1.1683400000000002,1.1683800000000002,1.16823,1.1683000000000001
1776988800000,1.1682899999999998,1.16861,1.16813,1.16861
1776989700000,1.16862,1.16871,1.16845,1.16865
1776990600000,1.1686400000000001,1.16879,1.16829,1.16839
1776991500000,1.16841,1.16857,1.16825,1.16848
1776992400000,1.16849,1.16863,1.16829,1.16853
1776993300000,1.1685,1.16868,1.16842,1.16842
1776994200000,1.16841,1.16872,1.16817,1.16839
1776995100000,1.16838,1.1688100000000001,1.16836,1.1688
1776996000000,1.16881,1.16888,1.1683,1.1683299999999999
1776996900000,1.16833,1.1684,1.16798,1.16798
1776997800000,1.1679899999999999,1.1682599999999999,1.16797,1.16798
1776998700000,1.16797,1.16797,1.16776,1.1678499999999998
1776999600000,1.16786,1.1679599999999999,1.16756,1.16764
1777000500000,1.1676199999999999,1.16771,1.16749,1.16749
1777001400000,1.1675,1.1676900000000001,1.16724,1.1675900000000001
1777002300000,1.1676,1.16781,1.1676,1.16775
1777003200000,1.16774,1.1679599999999999,1.16759,1.16786
1777004100000,1.1678899999999999,1.1679,1.16769,1.1677499999999998
1777005000000,1.16774,1.16794,1.16773,1.1677899999999999
1777005900000,1.16781,1.16812,1.1678,1.16786
1777006800000,1.16788,1.16798,1.1676,1.1677899999999999
1777007700000,1.16779,1.1680000000000001,1.16775,1.16787
1777008600000,1.16789,1.16825,1.16788,1.16814
1777009500000,1.16812,1.16825,1.16801,1.16815
1777010400000,1.16815,1.16818,1.16793,1.1681
1777011300000,1.16814,1.1681499999999998,1.16776,1.168
1777012200000,1.16801,1.16831,1.16784,1.16819
1777013100000,1.1682,1.16821,1.16769,1.1678
1777014000000,1.16778,1.1681199999999998,1.16756,1.1680599999999999
1777014900000,1.1680599999999999,1.1682599999999999,1.16797,1.1680599999999999
1777015800000,1.16805,1.1684599999999998,1.16783,1.1684599999999998
1777016700000,1.16845,1.16933,1.16842,1.16904
1777017600000,1.1689800000000001,1.16904,1.16833,1.1686500000000002
1777018500000,1.16867,1.16954,1.16866,1.16911
1777019400000,1.1690699999999998,1.1691099999999999,1.16861,1.16865
1777020300000,1.16864,1.16932,1.16862,1.16893
1777021200000,1.1689500000000002,1.16903,1.1686,1.1687400000000001
1777022100000,1.1687,1.1689100000000001,1.16839,1.16846
1777023000000,1.16845,1.16888,1.16835,1.1687
1777023900000,1.1687100000000001,1.1687500000000002,1.1685,1.16859
1777024800000,1.1685999999999999,1.1689699999999998,1.16851,1.1687699999999999
1777025700000,1.16876,1.1695900000000001,1.16876,1.16956
1777026600000,1.16957,1.1700599999999999,1.16935,1.1699599999999999
1777027500000,1.16995,1.1703,1.16974,1.17027
1777028400000,1.17028,1.17119,1.17022,1.17073
1777029300000,1.17071,1.17178,1.17032,1.17175
1777030200000,1.17177,1.1717899999999999,1.17109,1.17161
1777031100000,1.17161,1.1718,1.17123,1.17139
1777032000000,1.1714099999999998,1.17169,1.17108,1.17149
1777032900000,1.1714799999999999,1.17157,1.17095,1.1713099999999999
1777033800000,1.17132,1.17134,1.17062,1.17069
1777034700000,1.1707,1.17109,1.17022,1.17082
1777035600000,1.17083,1.17119,1.17055,1.17075
1777036500000,1.17082,1.17087,1.17012,1.1701700000000002
1777037400000,1.17018,1.17035,1.16981,1.17033
1777038300000,1.17036,1.1707200000000002,1.17023,1.1706100000000002
1777039200000,1.17058,1.17145,1.16998,1.17103
1777040100000,1.17099,1.17155,1.17069,1.1711
1777041000000,1.1711200000000002,1.17165,1.17107,1.1711200000000002
1777041900000,1.17113,1.17118,1.17026,1.1705800000000002
1777042800000,1.17057,1.1707400000000001,1.17036,1.1704700000000001
1777043700000,1.17049,1.17079,1.17026,1.17066
1777044600000,1.17067,1.17114,1.17001,1.17092
1777045500000,1.17099,1.1719300000000001,1.1709,1.1717
1777046400000,1.1717300000000002,1.1718700000000002,1.17128,1.1715300000000002
1777047300000,1.17152,1.17164,1.17126,1.1712799999999999
1777048200000,1.1713,1.17178,1.1713,1.17143
1777049100000,1.17144,1.17192,1.17143,1.17185
1777050000000,1.17184,1.17204,1.17175,1.1718600000000001
1777050900000,1.1718700000000002,1.17189,1.17145,1.1715600000000002
1777051800000,1.1715499999999999,1.17156,1.17115,1.1713799999999999
1777052700000,1.17137,1.17182,1.17121,1.1713
1777053600000,1.17129,1.17139,1.17105,1.1713399999999998
1777054500000,1.1713300000000002,1.1715200000000001,1.17118,1.17144
1777055400000,1.17145,1.1718,1.1713,1.17175
1777056300000,1.17174,1.17191,1.17155,1.17172
1777057200000,1.1717300000000002,1.17199,1.17168,1.17195
1777058100000,1.17199,1.17203,1.17164,1.17175
1777059000000,1.17174,1.17189,1.17165,1.1716900000000001
1777059900000,1.1716499999999999,1.1718499999999998,1.17146,1.17181
1777060800000,1.1717899999999999,1.17203,1.17166,1.17194
1777061700000,1.17194,1.17201,1.17169,1.1718899999999999
1777062600000,1.17188,1.17205,1.17167,1.17204
1777063500000,1.17204,1.17224,1.17154,1.17167
1777237200000,1.16917,1.16972,1.16917,1.16945
1777238100000,1.16945,1.1699,1.16944,1.1699
1777239000000,1.16972,1.17059,1.16972,1.17056
1777239900000,1.1705,1.1705800000000002,1.17036,1.1705800000000002
1777240800000,1.17062,1.17116,1.17041,1.17064
1777241700000,1.1706500000000002,1.1707500000000002,1.1705,1.17063
1777242600000,1.1706299999999998,1.17078,1.17051,1.17066
1777243500000,1.17067,1.17079,1.17056,1.1707400000000001
1777244400000,1.1707299999999998,1.17086,1.17071,1.17078
1777245300000,1.17079,1.1709,1.17059,1.17061
1777246200000,1.1706,1.1706,1.17049,1.1705400000000001
1777247100000,1.17058,1.17069,1.17048,1.17049
1777248000000,1.1705,1.17096,1.1705,1.1709500000000002
1777248900000,1.17096,1.17116,1.17075,1.17112
1777249800000,1.17114,1.17133,1.17107,1.17133
1777250700000,1.17135,1.17165,1.17123,1.17155
1777251600000,1.17158,1.17261,1.17157,1.17194
1777252500000,1.17195,1.17263,1.17194,1.17219
1777253400000,1.1722299999999999,1.1723899999999998,1.17203,1.1723899999999998
1777254300000,1.17241,1.1725999999999999,1.17224,1.17238
1777255200000,1.17238,1.1725,1.17191,1.17225
1777256100000,1.17224,1.17251,1.17214,1.1723299999999999
1777257000000,1.17234,1.17276,1.17234,1.17262
1777257900000,1.17262,1.17277,1.17253,1.17259
1777258800000,1.17259,1.1729,1.17258,1.1728
1777259700000,1.17282,1.17286,1.1727,1.1728
1777260600000,1.17281,1.17312,1.17274,1.17308
1777261500000,1.1730699999999998,1.1732,1.17288,1.17288
1777262400000,1.17285,1.17291,1.17274,1.1728599999999998
1777263300000,1.17288,1.1730099999999999,1.17281,1.1729999999999998
1777264200000,1.17304,1.1731,1.17289,1.17295
1777265100000,1.17293,1.17294,1.17246,1.17262
1777266000000,1.17262,1.17274,1.17237,1.17238
1777266900000,1.17238,1.17259,1.17234,1.17254
1777267800000,1.1725400000000001,1.1725500000000002,1.17233,1.1725
1777268700000,1.17249,1.1726400000000001,1.17216,1.17219
1777269600000,1.1722000000000001,1.17224,1.17178,1.17187
1777270500000,1.17186,1.17207,1.1716,1.17183
1777271400000,1.1717899999999999,1.17217,1.1717,1.17193
1777272300000,1.17194,1.17292,1.17188,1.17292
1777273200000,1.1729100000000001,1.17358,1.17287,1.1733500000000001
1777274100000,1.17334,1.1734,1.17292,1.1730399999999999
1777275000000,1.17305,1.1733500000000001,1.17293,1.17324
1777275900000,1.1732,1.17446,1.17319,1.17434
1777276800000,1.17432,1.17471,1.17398,1.1743000000000001
1777277700000,1.17429,1.17455,1.17387,1.1743299999999999
1777278600000,1.17436,1.1745400000000001,1.17392,1.17448
1777279500000,1.17449,1.17503,1.17449,1.1748
1777280400000,1.17482,1.1750399999999999,1.17474,1.17489
1777281300000,1.1749,1.17491,1.17438,1.1743999999999999
1777282200000,1.17441,1.17456,1.17431,1.1743999999999999
1777283100000,1.17439,1.17455,1.17404,1.17418
1777284000000,1.17417,1.1743599999999998,1.17397,1.1739899999999999
1777284900000,1.174,1.1742,1.17384,1.17419
1777285800000,1.1741899999999998,1.17438,1.17407,1.17428
1777286700000,1.17421,1.17473,1.17418,1.17455
1777287600000,1.1745599999999998,1.17465,1.174,1.17403
1777288500000,1.17402,1.1744400000000002,1.17392,1.17433
1777289400000,1.1743199999999998,1.17438,1.17379,1.174
1777290300000,1.17401,1.17413,1.17373,1.17408
1777291200000,1.1740899999999999,1.17513,1.17403,1.17509
1777292100000,1.1751200000000002,1.1754300000000002,1.1746,1.17487
1777293000000,1.17488,1.17493,1.17451,1.17475
1777293900000,1.17476,1.17498,1.17431,1.17438
1777294800000,1.17442,1.17526,1.17427,1.1748999999999998
1777295700000,1.17489,1.17534,1.17485,1.17485
1777296600000,1.17486,1.1749,1.17424,1.17429
1777297500000,1.1743,1.1743299999999999,1.17349,1.17394
1777298400000,1.17393,1.17414,1.17354,1.17374
1777299300000,1.17375,1.1741300000000001,1.17371,1.1737900000000001
1777300200000,1.1738,1.17449,1.1737,1.17434
1777301100000,1.17435,1.17476,1.17327,1.17355
1777302000000,1.1735600000000002,1.1736300000000002,1.17311,1.17327
1777302900000,1.1732600000000002,1.1736300000000002,1.17294,1.1733
1777303800000,1.17331,1.1735,1.1731,1.17339
1777304700000,1.17337,1.1734099999999998,1.17288,1.17302
1777305600000,1.17303,1.17333,1.17288,1.17299
1777306500000,1.1729800000000001,1.1732,1.17277,1.1728500000000002
1777307400000,1.17284,1.17299,1.17283,1.1728800000000001
1777308300000,1.17285,1.17318,1.17247,1.1725599999999998
1777309200000,1.17254,1.17266,1.17215,1.17244
1777310100000,1.1724299999999999,1.17247,1.17196,1.17221
1777311000000,1.17225,1.17295,1.17225,1.17254
1777311900000,1.17253,1.17254,1.17221,1.17226
1777312800000,1.17225,1.1723,1.17204,1.17228
1777313700000,1.1722899999999998,1.17242,1.17217,1.1721899999999998
1777314600000,1.17218,1.1723,1.1721,1.1721599999999999
1777315500000,1.17215,1.17228,1.17183,1.17194
1777316400000,1.1719199999999999,1.17221,1.17186,1.1722
1777317300000,1.17219,1.17248,1.17211,1.17243
1777318200000,1.17242,1.17246,1.17221,1.17236
1777319100000,1.17237,1.1725299999999999,1.17197,1.1719899999999999
1777320000000,1.1720300000000001,1.17226,1.17202,1.17211
1777320900000,1.1721,1.1722,1.17201,1.17206
1777321800000,1.17209,1.17228,1.17204,1.17228
1777322700000,1.17225,1.17225,1.17192,1.1719700000000002
1777323600000,1.17173,1.17208,1.17173,1.1719199999999999
1777324500000,1.17173,1.17193,1.17173,1.1718899999999999
1777325400000,1.17189,1.17197,1.17178,1.1719300000000001
1777326300000,1.1719,1.17206,1.17178,1.1719300000000001
1777327200000,1.17193,1.17221,1.17186,1.17217
1777328100000,1.17217,1.1722000000000001,1.17205,1.17214
1777329000000,1.17214,1.17225,1.17212,1.1721700000000002
1777329900000,1.1721599999999999,1.1722599999999999,1.17214,1.17217
1777330800000,1.1721700000000002,1.17225,1.17216,1.1722000000000001
1777331700000,1.1722,1.17226,1.17208,1.17214
1777332600000,1.1721300000000001,1.1721700000000002,1.17209,1.1721700000000002
1777333500000,1.17217,1.1722499999999998,1.17213,1.1722499999999998
1777334400000,1.17226,1.1726400000000001,1.17222,1.17232
1777335300000,1.17231,1.17238,1.1718,1.17195
1777336200000,1.1719600000000001,1.1721400000000002,1.17182,1.1720000000000002
1777337100000,1.1719899999999999,1.17213,1.17166,1.17183
1777338000000,1.1717899999999999,1.17183,1.17136,1.17144
1777338900000,1.17144,1.17161,1.17133,1.17157
1777339800000,1.1716,1.17178,1.17146,1.17151
1777340700000,1.17154,1.17154,1.17117,1.1712200000000001
1777341600000,1.17121,1.17131,1.17106,1.1712
1777342500000,1.1711900000000002,1.17124,1.17111,1.1712
1777343400000,1.1711900000000002,1.1712200000000001,1.17097,1.171
1777344300000,1.1710099999999999,1.1710399999999999,1.17074,1.17079
1777345200000,1.1708,1.17134,1.17075,1.17125
1777346100000,1.17122,1.17166,1.1712,1.17163
1777347000000,1.17164,1.1717300000000002,1.17131,1.1713500000000001
1777347900000,1.17134,1.1714,1.17119,1.1712799999999999
1777348800000,1.1712900000000002,1.17131,1.17111,1.1713
1777349700000,1.17129,1.1713799999999999,1.17126,1.17136
1777350600000,1.1713399999999998,1.17156,1.17132,1.1715499999999999
1777351500000,1.17156,1.17158,1.17113,1.17119
1777352400000,1.1712,1.1712799999999999,1.17089,1.1710099999999999
1777353300000,1.17103,1.1712500000000001,1.17094,1.1712200000000001
1777354200000,1.1711900000000002,1.17121,1.1707,1.17073
1777355100000,1.1707400000000001,1.1708800000000001,1.1705,1.17056
1777356000000,1.1705299999999998,1.17076,1.1701,1.17045
1777356900000,1.17048,1.1705,1.17005,1.17034
1777357800000,1.17033,1.17039,1.16989,1.16995
1777358700000,1.16996,1.17005,1.16867,1.1687100000000001
1777359600000,1.16868,1.1693799999999999,1.16854,1.16929
1777360500000,1.16931,1.17003,1.16926,1.1695499999999999
1777361400000,1.16954,1.16975,1.1693,1.16949
1777362300000,1.1695,1.16992,1.16921,1.16962
1777363200000,1.16961,1.17037,1.16943,1.17002
1777364100000,1.17004,1.1707299999999998,1.17003,1.1706299999999998
1777365000000,1.17058,1.17065,1.16988,1.17007
1777365900000,1.17004,1.17033,1.16998,1.17017
1777366800000,1.17015,1.17016,1.16972,1.1699700000000002
1777367700000,1.16995,1.16995,1.16945,1.16947
1777368600000,1.16949,1.1695,1.16858,1.16907
1777369500000,1.1690600000000002,1.1698600000000001,1.16901,1.16917
1777370400000,1.16917,1.16935,1.16899,1.16908
1777371300000,1.16907,1.1692799999999999,1.16899,1.1691
1777372200000,1.16908,1.16952,1.16908,1.16939
1777373100000,1.16934,1.16953,1.16906,1.16927
1777374000000,1.16926,1.1698899999999999,1.16922,1.1695499999999999
1777374900000,1.16954,1.1697,1.16926,1.16942
1777375800000,1.1694099999999998,1.1694099999999998,1.16874,1.16898
1777376700000,1.1689900000000002,1.1689900000000002,1.16816,1.1682400000000002
1777377600000,1.16827,1.1683199999999998,1.16769,1.16824
1777378500000,1.16823,1.16926,1.16819,1.1688800000000001
1777379400000,1.16886,1.16964,1.1685,1.16941
1777380300000,1.16942,1.16994,1.1694,1.16963
1777381200000,1.16964,1.16972,1.1693,1.16939
1777382100000,1.16937,1.16992,1.1688,1.16985
1777383000000,1.16984,1.1703199999999998,1.16908,1.1700899999999999
1777383900000,1.17006,1.1702100000000002,1.16962,1.1696900000000001
1777384800000,1.16967,1.16981,1.169,1.16968
1777385700000,1.16969,1.1698799999999998,1.16932,1.1696099999999998
1777386600000,1.1696199999999999,1.17028,1.16943,1.16961
1777387500000,1.1696099999999998,1.17004,1.16922,1.17004
1777388400000,1.17003,1.17091,1.17003,1.1704199999999998
1777389300000,1.1703999999999999,1.17122,1.17027,1.1710099999999999
1777390200000,1.17096,1.17153,1.17072,1.1711
1777391100000,1.1710900000000002,1.1713500000000001,1.17094,1.17131
1777392000000,1.17134,1.17165,1.17118,1.1712600000000002
1777392900000,1.17125,1.17126,1.17054,1.1705999999999999
1777393800000,1.17059,1.1709,1.1705,1.17086
1777394700000,1.17083,1.1711500000000001,1.1707,1.171
1777395600000,1.17099,1.17112,1.17061,1.17095
1777396500000,1.17096,1.1710200000000002,1.1706,1.1709100000000001
1777397400000,1.17092,1.17139,1.17088,1.1712
1777398300000,1.17122,1.17171,1.1712,1.17131
1777399200000,1.17133,1.1715200000000001,1.1711,1.17122
1777400100000,1.17121,1.1715200000000001,1.1712,1.17148
1777401000000,1.17149,1.17154,1.17129,1.17151
1777401900000,1.1715,1.17155,1.17107,1.17111
1777402800000,1.17112,1.17146,1.17103,1.17105
1777403700000,1.17103,1.1710500000000001,1.1708,1.1708800000000001
1777404600000,1.17087,1.17097,1.17077,1.1708200000000002
1777405500000,1.1708299999999998,1.1709299999999998,1.17064,1.17092
1777406400000,1.1709,1.17138,1.17089,1.17116
1777407300000,1.1711799999999999,1.17122,1.17109,1.17119
1777408200000,1.1712200000000001,1.17145,1.17121,1.17138
1777409100000,1.17138,1.17141,1.17114,1.17118
1777410000000,1.1709800000000001,1.1712500000000001,1.17073,1.1709100000000001
1777410900000,1.17093,1.17105,1.17093,1.17103
1777411800000,1.17081,1.1711799999999999,1.17079,1.171
1777412700000,1.17107,1.17122,1.17099,1.17102
1777413600000,1.17111,1.17178,1.17111,1.1716900000000001
1777414500000,1.1717,1.1717,1.17137,1.17137
1777415400000,1.17142,1.1715399999999998,1.17142,1.1715099999999998
1777416300000,1.1715,1.17155,1.17148,1.17151
1777417200000,1.17151,1.17158,1.17147,1.17148
1777418100000,1.17148,1.17158,1.17148,1.17151
1777419000000,1.17151,1.17161,1.17147,1.1716
1777419900000,1.17157,1.1717,1.17157,1.1717
1777420800000,1.17171,1.17201,1.17171,1.17178
1777421700000,1.1717899999999999,1.17181,1.1714,1.17151
1777422600000,1.17152,1.17181,1.1715,1.17176
1777423500000,1.17176,1.17177,1.17143,1.17151
1777424400000,1.17152,1.17157,1.17065,1.1706699999999999
1777425300000,1.1706800000000002,1.1710900000000002,1.17067,1.171
1777426200000,1.17092,1.17153,1.17088,1.17143
1777427100000,1.17143,1.17144,1.17096,1.17115
1777428000000,1.17119,1.17163,1.17117,1.17141
1777428900000,1.17144,1.1716,1.1712,1.1712500000000001
1777429800000,1.17124,1.1712600000000002,1.17067,1.1707500000000002
1777430700000,1.17079,1.17102,1.17069,1.1707
1777431600000,1.17071,1.17102,1.17071,1.17085
1777432500000,1.17086,1.17101,1.1708,1.17089
1777433400000,1.17088,1.17089,1.17059,1.17061
1777434300000,1.1706,1.1706100000000002,1.17046,1.17052
1777435200000,1.17054,1.17069,1.17047,1.17062
1777436100000,1.17062,1.17065,1.17045,1.17054
1777437000000,1.17055,1.17071,1.17054,1.17055
1777437900000,1.17056,1.17057,1.1704,1.1705
1777438800000,1.1705,1.17053,1.17025,1.17025
1777439700000,1.17026,1.17028,1.17005,1.17012
1777440600000,1.1701300000000001,1.17026,1.16975,1.1700000000000002
1777441500000,1.17001,1.17015,1.16983,1.1700199999999998
1777442400000,1.1699899999999999,1.1703599999999998,1.16969,1.1697099999999998
1777443300000,1.16967,1.16993,1.16963,1.16984
1777444200000,1.1698199999999999,1.1703299999999999,1.16959,1.17001
1777445100000,1.17,1.17029,1.16977,1.16993
1777446000000,1.16988,1.1706699999999999,1.16977,1.17056
1777446900000,1.1705899999999998,1.17062,1.1702,1.17045
1777447800000,1.17046,1.1707,1.17036,1.17043
1777448700000,1.1704400000000001,1.17077,1.17036,1.1704700000000001
1777449600000,1.17031,1.17052,1.1693,1.16948
1777450500000,1.1694900000000001,1.17019,1.16948,1.16981
1777451400000,1.1698199999999999,1.1699199999999998,1.16949,1.16986
1777452300000,1.1698799999999998,1.17007,1.16976,1.1699599999999999
1777453200000,1.16995,1.17021,1.16984,1.16993
1777454100000,1.1699199999999998,1.1701599999999999,1.16966,1.1700899999999999
1777455000000,1.1701,1.1703999999999999,1.1699,1.16993
1777455900000,1.16992,1.17015,1.16955,1.1697000000000002
1777456800000,1.16966,1.1701599999999999,1.16959,1.17011
1777457700000,1.17014,1.17025,1.16994,1.1700599999999999
1777458600000,1.17005,1.1701400000000002,1.16996,1.17005
1777459500000,1.17004,1.17089,1.17003,1.1708699999999999
1777460400000,1.17091,1.17091,1.17041,1.17044
1777461300000,1.17043,1.1707,1.17032,1.17048
1777462200000,1.1704700000000001,1.17086,1.17026,1.17033
1777463100000,1.17032,1.1704700000000001,1.16995,1.1700300000000001
1777464000000,1.17004,1.17076,1.16997,1.17035
1777464900000,1.17038,1.17072,1.17008,1.17041
1777465800000,1.17037,1.17041,1.16963,1.16991
1777466700000,1.16991,1.17005,1.1693,1.16986
1777467600000,1.1698499999999998,1.17027,1.16976,1.1698499999999998
1777468500000,1.16983,1.16983,1.16891,1.1690399999999999
1777469400000,1.16899,1.16915,1.16818,1.16865
1777470300000,1.16866,1.16891,1.16838,1.16883
1777471200000,1.1688,1.1688500000000002,1.16833,1.1687
1777472100000,1.16869,1.16922,1.16866,1.169
1777473000000,1.1690099999999999,1.1694799999999999,1.16892,1.1690099999999999
1777473900000,1.16902,1.17025,1.16869,1.17003
1777474800000,1.17004,1.1700899999999999,1.16942,1.16942
1777475700000,1.1694300000000002,1.16968,1.16901,1.16917
1777476600000,1.16917,1.16997,1.16913,1.16982
1777477500000,1.16982,1.17035,1.1687,1.16941
1777478400000,1.16941,1.16981,1.16904,1.16911
1777479300000,1.16912,1.16944,1.16886,1.16919
1777480200000,1.16917,1.16923,1.16859,1.16861
1777481100000,1.16862,1.16873,1.16831,1.16841
1777482000000,1.16842,1.16842,1.16793,1.1680499999999998
1777482900000,1.1680599999999999,1.16846,1.16797,1.1681599999999999
1777483800000,1.16815,1.16839,1.16798,1.16827
1777484700000,1.16828,1.1688399999999999,1.16828,1.16854
1777485600000,1.1684999999999999,1.1689999999999998,1.16708,1.1674399999999998
1777486500000,1.16744,1.16829,1.16737,1.16751
1777487400000,1.16749,1.16834,1.16631,1.1663299999999999
1777488300000,1.16632,1.16729,1.16607,1.16715
1777489200000,1.1671399999999998,1.1676099999999998,1.16664,1.1675799999999998
1777490100000,1.16757,1.16799,1.1673,1.16739
1777491000000,1.16738,1.1674200000000001,1.1667,1.1670800000000001
1777491900000,1.16709,1.16764,1.16703,1.16756
1777492800000,1.16757,1.16768,1.1671,1.16718
1777493700000,1.16719,1.16744,1.16703,1.16736
1777494600000,1.16737,1.1674900000000001,1.16717,1.16737
1777495500000,1.1673900000000001,1.16745,1.16707,1.16745
1777496400000,1.1675200000000001,1.16785,1.16674,1.1668
1777497300000,1.16686,1.1672399999999998,1.16678,1.16722
1777498200000,1.16721,1.16764,1.16703,1.16746
1777499100000,1.1675,1.16763,1.16696,1.16696
1777500000000,1.16726,1.1676099999999998,1.16705,1.16719
1777500900000,1.16717,1.16772,1.16717,1.1677
1777501800000,1.1676900000000001,1.1678000000000002,1.16762,1.16768
1777502700000,1.16768,1.16779,1.16768,1.1677300000000002
1777503600000,1.16772,1.16779,1.16754,1.1676900000000001
1777504500000,1.16768,1.1679000000000002,1.16768,1.16788
1777505400000,1.16788,1.1685400000000001,1.16782,1.1685400000000001
1777506300000,1.1684999999999999,1.16859,1.16834,1.16839
1777507200000,1.16842,1.1688699999999999,1.16837,1.1686699999999999
1777508100000,1.16859,1.1688,1.16848,1.16849
1777509000000,1.16849,1.1686699999999999,1.16811,1.16817
1777509900000,1.16817,1.16835,1.16786,1.16787
1777510800000,1.16785,1.16798,1.16768,1.1679300000000001
1777511700000,1.1679499999999998,1.1681199999999998,1.16783,1.16784
1777512600000,1.16785,1.16809,1.16743,1.16747
1777513500000,1.16748,1.16783,1.16726,1.16739
1777514400000,1.16738,1.16754,1.16718,1.16751
1777515300000,1.16753,1.1676,1.16693,1.16705
1777516200000,1.16703,1.16703,1.16637,1.16641
1777517100000,1.16642,1.16665,1.16619,1.16663
1777518000000,1.16663,1.16704,1.1665,1.1666400000000001
1777518900000,1.1666500000000002,1.16696,1.1666,1.16689
1777519800000,1.1669,1.16694,1.16653,1.16663
1777520700000,1.16663,1.16664,1.16641,1.16652
1777521600000,1.1665299999999998,1.16654,1.16617,1.16637
1777522500000,1.16638,1.1663899999999998,1.16569,1.16583
1777523400000,1.16581,1.16589,1.16545,1.16579
1777524300000,1.16578,1.16604,1.16575,1.16595
1777525200000,1.1659700000000002,1.1664,1.16596,1.1662700000000001
1777526100000,1.16628,1.16638,1.16599,1.1660400000000002
1777527000000,1.1660400000000002,1.1663800000000002,1.16596,1.16609
1777527900000,1.16608,1.1661599999999999,1.16583,1.16587
1777528800000,1.16584,1.16646,1.16572,1.1660000000000001
1777529700000,1.16601,1.16655,1.16593,1.1664899999999998
1777530600000,1.16658,1.16697,1.16648,1.16672
1777531500000,1.16673,1.1669900000000002,1.16657,1.16697
1777532400000,1.16696,1.1680300000000001,1.16694,1.16799
1777533300000,1.16799,1.16809,1.16761,1.16807
1777534200000,1.1680599999999999,1.16808,1.16753,1.1678199999999999
1777535100000,1.1678300000000001,1.1683400000000002,1.16751,1.1679
1777536000000,1.1679199999999998,1.1697,1.1679,1.16898
1777536900000,1.1689699999999998,1.1690699999999998,1.16837,1.16868
1777537800000,1.1686699999999999,1.1690099999999999,1.16821,1.16856
1777538700000,1.1685699999999999,1.1685699999999999,1.16736,1.16794
1777539600000,1.1678899999999999,1.16808,1.16726,1.1679899999999999
1777540500000,1.16797,1.1686,1.16768,1.1686
1777541400000,1.16862,1.16947,1.16845,1.16903
1777542300000,1.1690200000000002,1.1696700000000002,1.16901,1.16938
1777543200000,1.16938,1.16955,1.16884,1.1689100000000001
1777544100000,1.1689,1.17067,1.16887,1.17056
1777545000000,1.1705899999999998,1.17112,1.1702,1.17081
1777545900000,1.17082,1.17146,1.17007,1.17143
1777546800000,1.17141,1.17189,1.17025,1.17076
1777547700000,1.1707699999999999,1.17186,1.17064,1.17163
1777548600000,1.1716300000000002,1.17189,1.17094,1.1715600000000002
1777549500000,1.17155,1.1718600000000001,1.17029,1.17042
1777550400000,1.1703999999999999,1.17049,1.16973,1.1701199999999998
1777551300000,1.1701000000000001,1.1704400000000001,1.1689,1.17005
1777552200000,1.1699199999999998,1.1702199999999998,1.16891,1.1689399999999999
1777553100000,1.16895,1.16991,1.16888,1.1692099999999999
1777554000000,1.1692099999999999,1.17003,1.16847,1.16932
1777554900000,1.16931,1.16931,1.16812,1.16912
1777555800000,1.16909,1.16938,1.16828,1.16907
1777556700000,1.16908,1.16961,1.16885,1.16895
1777557600000,1.1689399999999999,1.16994,1.16871,1.1698
1777558500000,1.16979,1.17145,1.16974,1.17128
1777559400000,1.17124,1.17142,1.17042,1.1713500000000001
1777560300000,1.1713500000000001,1.17327,1.17128,1.17273
1777561200000,1.1727100000000001,1.17351,1.17223,1.17341
1777562100000,1.17338,1.17345,1.17249,1.17262
1777563000000,1.17263,1.17331,1.17243,1.1730800000000001
1777563900000,1.1730500000000001,1.1730500000000001,1.17226,1.17279
1777564800000,1.17278,1.17349,1.17261,1.1731099999999999
1777565700000,1.1731200000000002,1.1731800000000001,1.1724,1.17253
1777566600000,1.17251,1.17265,1.17232,1.17253
1777567500000,1.17252,1.1728,1.17223,1.1724800000000002
1777568400000,1.17251,1.17306,1.17238,1.17238
1777569300000,1.17238,1.17285,1.17215,1.17272
1777570200000,1.17271,1.17318,1.17261,1.1727699999999999
1777571100000,1.17278,1.17288,1.17242,1.17244
1777572000000,1.17247,1.1729299999999998,1.17247,1.17257
1777572900000,1.1725700000000001,1.17321,1.17252,1.1729
1777573800000,1.1729100000000001,1.17364,1.1729,1.17354
1777574700000,1.1735499999999999,1.17394,1.17349,1.17359
1777575600000,1.17357,1.1741,1.17357,1.17388
1777576500000,1.17388,1.17401,1.17317,1.17341
1777577400000,1.17342,1.17383,1.17326,1.17364
1777578300000,1.17364,1.17381,1.17329,1.17329
1777579200000,1.17335,1.17358,1.17289,1.17313
1777580100000,1.1731500000000001,1.1735200000000001,1.17314,1.17331
1777581000000,1.1733,1.17358,1.17299,1.1730099999999999
1777581900000,1.17302,1.17322,1.17295,1.17298
1777582800000,1.17292,1.17305,1.17252,1.17302
1777583700000,1.1730299999999998,1.17308,1.17274,1.17274
1777584600000,1.17276,1.17284,1.17269,1.17278
1777585500000,1.17276,1.1732500000000001,1.17276,1.17287
1777586400000,1.17298,1.17341,1.17286,1.17305
1777587300000,1.17305,1.17317,1.17303,1.17309
1777588200000,1.1731099999999999,1.17315,1.17288,1.17303
1777589100000,1.17304,1.17309,1.17293,1.1730800000000001
1777590000000,1.17307,1.17326,1.17307,1.17309
1777590900000,1.1730800000000001,1.17323,1.17307,1.17313
1777591800000,1.17313,1.17323,1.17291,1.17291
1777592700000,1.17289,1.17303,1.17278,1.17282
1777593600000,1.17288,1.17292,1.17237,1.1724899999999998
1777594500000,1.1725,1.1727,1.17236,1.17267
1777595400000,1.17266,1.1728699999999999,1.17258,1.17285
1777596300000,1.17286,1.17291,1.17265,1.17272
1777597200000,1.17273,1.17275,1.17246,1.1727400000000001
1777598100000,1.1727500000000002,1.1729800000000001,1.1725,1.1728500000000002
1777599000000,1.17286,1.17324,1.17286,1.17302
1777599900000,1.1729999999999998,1.17313,1.17298,1.17305
1777600800000,1.1730399999999999,1.17335,1.17298,1.17322
1777601700000,1.17322,1.17335,1.17312,1.17323
1777602600000,1.1732200000000002,1.17334,1.17307,1.1731500000000001
1777603500000,1.1731399999999998,1.1733399999999998,1.17288,1.17332
1777604400000,1.17333,1.1734,1.17319,1.1734
1777605300000,1.17341,1.17357,1.17331,1.1735200000000001
1777606200000,1.17353,1.17358,1.17316,1.1732
1777607100000,1.17321,1.17329,1.173,1.17306
1777608000000,1.17305,1.17318,1.17271,1.17285
1777608900000,1.1728399999999999,1.17289,1.17257,1.17258
1777609800000,1.1725800000000002,1.1727100000000001,1.17253,1.1726400000000001
1777610700000,1.17265,1.17271,1.17254,1.17261
1777611600000,1.17262,1.17266,1.17244,1.1724999999999999
1777612500000,1.17249,1.17251,1.17234,1.17241
1777613400000,1.1723999999999999,1.17256,1.17234,1.17248
1777614300000,1.17245,1.1724599999999998,1.17213,1.17218
1777615200000,1.17219,1.17237,1.17208,1.17215
1777616100000,1.17215,1.1722000000000001,1.17189,1.17201
1777617000000,1.172,1.1721,1.17183,1.1720899999999999
1777617900000,1.1721,1.17444,1.1721,1.17349
1777618800000,1.1735,1.1738,1.17312,1.17336
1777619700000,1.17335,1.17393,1.17309,1.1738899999999999
1777620600000,1.17393,1.17393,1.1732,1.17363
1777621500000,1.17361,1.17415,1.17309,1.17339
1777622400000,1.17342,1.17381,1.17313,1.1731800000000001
1777623300000,1.1731900000000002,1.17475,1.17314,1.17438
1777624200000,1.17436,1.17468,1.17414,1.1744299999999999
1777625100000,1.17443,1.17453,1.17412,1.17429
1777626000000,1.1743000000000001,1.17433,1.17362,1.1737300000000002
1777626900000,1.17373,1.17384,1.17322,1.1733399999999998
1777627800000,1.17332,1.17378,1.17329,1.17364
1777628700000,1.17361,1.17367,1.17302,1.17308
1777629600000,1.17307,1.17417,1.17303,1.17412
1777630500000,1.17414,1.17437,1.17403,1.1741499999999998
1777631400000,1.17414,1.17432,1.17387,1.17398
1777632300000,1.1739899999999999,1.1745299999999999,1.17397,1.17441
1777633200000,1.1744599999999998,1.1750399999999999,1.17434,1.17502
1777634100000,1.1750200000000002,1.1757700000000002,1.17494,1.1754900000000001
1777635000000,1.1754900000000001,1.17564,1.1747,1.1747400000000001
1777635900000,1.1747699999999999,1.1751099999999999,1.17451,1.17508
1777636800000,1.17511,1.17609,1.17477,1.17581
1777637700000,1.17579,1.1768399999999999,1.17569,1.17651
1777638600000,1.17649,1.17663,1.17588,1.1759
1777639500000,1.1758899999999999,1.1761199999999998,1.17559,1.17569
1777640400000,1.17567,1.1761599999999999,1.1756,1.17587
1777641300000,1.17587,1.1760499999999998,1.17525,1.1754499999999999
1777642200000,1.17547,1.17577,1.17521,1.17528
1777643100000,1.17527,1.1763,1.17434,1.17615
1777644000000,1.17615,1.1782700000000002,1.17589,1.17782
1777644900000,1.17782,1.1784700000000001,1.17755,1.17785
1777645800000,1.1778600000000001,1.17799,1.1767,1.17697
1777646700000,1.17699,1.17728,1.17636,1.1766800000000002
1777647600000,1.17669,1.17697,1.17639,1.17692
1777648500000,1.17693,1.17702,1.17618,1.17635
1777649400000,1.17637,1.1767400000000001,1.17608,1.17635
1777650300000,1.1763400000000002,1.1768,1.17528,1.17545
1777651200000,1.17538,1.1756600000000001,1.17501,1.1752900000000002
1777652100000,1.1753,1.17557,1.17461,1.17475
1777653000000,1.17474,1.17485,1.17418,1.17446
1777653900000,1.17445,1.1744700000000001,1.17372,1.1737600000000001
1777654800000,1.17375,1.17398,1.17348,1.17365
1777655700000,1.1736499999999999,1.17387,1.17342,1.1736199999999999
1777656600000,1.17361,1.17373,1.17286,1.173
1777657500000,1.1730099999999999,1.17367,1.17289,1.17325
1777658400000,1.17326,1.1733500000000001,1.17229,1.17249
1777659300000,1.17249,1.17272,1.1719,1.1723299999999999
1777660200000,1.17234,1.17259,1.1719,1.17256
1777661100000,1.17257,1.17287,1.17238,1.1726699999999999
1777662000000,1.17268,1.17278,1.1723,1.1723899999999998
1777662900000,1.17238,1.1724700000000001,1.17222,1.17222
1777663800000,1.17221,1.17228,1.17194,1.172
1777664700000,1.17198,1.1720400000000002,1.17172,1.1719000000000002
1777665600000,1.1719,1.17219,1.17188,1.17198
1777666500000,1.17199,1.17201,1.17162,1.1716300000000002
1777667400000,1.17161,1.17185,1.17148,1.17185
1777668300000,1.17181,1.1720400000000002,1.17155,1.17194
1777842000000,1.17442,1.17463,1.17436,1.17462
1777842900000,1.17455,1.17483,1.174,1.17455
1777843800000,1.17455,1.1747400000000001,1.17452,1.17458
1777844700000,1.17453,1.17453,1.17328,1.1736600000000001
1777845600000,1.17372,1.17416,1.1733,1.1733500000000001
1777846500000,1.17333,1.17335,1.17262,1.17315
1777847400000,1.17316,1.17357,1.17313,1.1735
1777848300000,1.1735,1.1735499999999999,1.17299,1.17327
1777849200000,1.17328,1.17328,1.173,1.17316
1777850100000,1.1731699999999998,1.1731699999999998,1.17298,1.1730099999999999
1777851000000,1.1730200000000002,1.17316,1.1726,1.1726
1777851900000,1.17256,1.17293,1.17245,1.17253
1777852800000,1.17252,1.17282,1.17235,1.17249
1777853700000,1.17256,1.1726100000000002,1.17209,1.17229
1777854600000,1.1722899999999998,1.17255,1.17227,1.17241
1777855500000,1.1723999999999999,1.1726899999999998,1.1723,1.17265
1777856400000,1.1726400000000001,1.17266,1.17195,1.1722000000000001
1777857300000,1.17221,1.17285,1.17208,1.17219
1777858200000,1.17219,1.17251,1.17205,1.1725
1777859100000,1.1725,1.17257,1.17218,1.17245
1777860000000,1.17248,1.17272,1.17229,1.17265
1777860900000,1.17266,1.17266,1.17219,1.1722000000000001
1777861800000,1.17221,1.17259,1.17219,1.17252
1777862700000,1.17253,1.1728100000000001,1.17249,1.1727
1777863600000,1.17264,1.17279,1.17245,1.17266
1777864500000,1.1726699999999999,1.17268,1.17247,1.1725599999999998
1777865400000,1.1725500000000002,1.1726100000000002,1.1724,1.1725500000000002
1777866300000,1.1726100000000002,1.1738300000000002,1.1726,1.1736900000000001
1777867200000,1.1737,1.17377,1.17326,1.17326
1777868100000,1.17326,1.1733,1.17286,1.1729100000000001
1777869000000,1.1729200000000002,1.17296,1.1727,1.1727400000000001
1777869900000,1.17275,1.17287,1.17272,1.17285
1777870800000,1.17282,1.17306,1.17272,1.17277
1777871700000,1.17276,1.17317,1.17258,1.17261
1777872600000,1.17265,1.17285,1.17252,1.17282
1777873500000,1.17283,1.17313,1.17276,1.173
1777874400000,1.17299,1.17352,1.17295,1.17344
1777875300000,1.1734499999999999,1.17366,1.17335,1.17349
1777876200000,1.1735,1.17361,1.17269,1.17276
1777877100000,1.1727400000000001,1.1731,1.17209,1.17283
1777878000000,1.17279,1.17285,1.1723,1.1725599999999998
1777878900000,1.17255,1.17278,1.17197,1.17202
1777879800000,1.1720100000000002,1.1724,1.17179,1.1718000000000002
1777880700000,1.1717899999999999,1.17211,1.17146,1.17174
1777881600000,1.1717300000000002,1.1717300000000002,1.17107,1.17153
1777882500000,1.1715200000000001,1.17183,1.1713,1.17177
1777883400000,1.1717600000000001,1.17212,1.17171,1.17197
1777884300000,1.17197,1.17225,1.17177,1.17185
1777885200000,1.1718899999999999,1.17231,1.17173,1.1719
1777886100000,1.1719099999999998,1.1720199999999998,1.17152,1.1718099999999998
1777887000000,1.17181,1.1720599999999999,1.17176,1.17198
1777887900000,1.17198,1.17198,1.17161,1.17167
1777888800000,1.1716600000000001,1.17168,1.16928,1.1696000000000002
1777889700000,1.16959,1.1703299999999999,1.16882,1.17021
1777890600000,1.17022,1.1713900000000002,1.17016,1.1709500000000002
1777891500000,1.17096,1.17122,1.1703,1.17045
1777892400000,1.1704999999999999,1.17079,1.1696,1.1696
1777893300000,1.16965,1.17014,1.16951,1.1700300000000001
1777894200000,1.17001,1.17007,1.16949,1.1698899999999999
1777895100000,1.1699,1.16998,1.16922,1.16925
1777896000000,1.16926,1.1701599999999999,1.16915,1.1701199999999998
1777896900000,1.1701300000000001,1.17092,1.17002,1.1708100000000001
1777897800000,1.1708,1.17106,1.17049,1.17077
1777898700000,1.17076,1.17118,1.17069,1.17085
1777899600000,1.17086,1.17137,1.17015,1.1709
1777900500000,1.17089,1.17097,1.17045,1.17066
1777901400000,1.17072,1.17172,1.17056,1.17151
1777902300000,1.1715200000000001,1.17168,1.17124,1.17144
1777903200000,1.17141,1.17142,1.17062,1.17091
1777904100000,1.1709,1.17151,1.17084,1.1713300000000002
1777905000000,1.17132,1.17157,1.17078,1.17079
1777905900000,1.17081,1.17098,1.17037,1.1706599999999998
1777906800000,1.17064,1.17151,1.17041,1.1710399999999999
1777907700000,1.17106,1.17148,1.16961,1.1701300000000001
1777908600000,1.17014,1.1702000000000001,1.16958,1.17001
1777909500000,1.17,1.17024,1.16935,1.1696799999999998
1777910400000,1.1696900000000001,1.1700300000000001,1.16846,1.16848
1777911300000,1.16847,1.1696199999999999,1.16838,1.169
1777912200000,1.16892,1.16926,1.16831,1.16832
1777913100000,1.16831,1.16849,1.16804,1.16817
1777914000000,1.16818,1.16892,1.16812,1.16882
1777914900000,1.1688100000000001,1.16954,1.16876,1.16947
1777915800000,1.16946,1.16967,1.16908,1.16923
1777916700000,1.16924,1.16941,1.16906,1.16929
1777917600000,1.16927,1.1696199999999999,1.16909,1.16937
1777918500000,1.16938,1.16938,1.16884,1.1691
1777919400000,1.1691099999999999,1.16923,1.16898,1.16902
1777920300000,1.16902,1.1697199999999999,1.16881,1.16967
1777921200000,1.16966,1.17,1.16929,1.1697
1777922100000,1.16972,1.17016,1.16967,1.16991
1777923000000,1.1699000000000002,1.17002,1.16972,1.1698300000000001
1777923900000,1.16981,1.16983,1.16933,1.16943
1777924800000,1.16943,1.16943,1.16905,1.16905
1777925700000,1.16903,1.16906,1.16865,1.1689
1777926600000,1.1689100000000001,1.16913,1.16884,1.1690900000000002
1777927500000,1.1690800000000001,1.16917,1.16901,1.1690800000000001
1777928400000,1.1687699999999999,1.16883,1.16861,1.16869
1777929300000,1.16869,1.1690099999999999,1.16864,1.16899
1777930200000,1.16899,1.16906,1.16883,1.16896
1777931100000,1.16896,1.16896,1.16877,1.1689100000000001
1777932000000,1.16887,1.16912,1.16886,1.1689
1777932900000,1.16891,1.16905,1.16885,1.1690399999999999
1777933800000,1.16904,1.16911,1.16901,1.1690600000000002
1777934700000,1.16906,1.16906,1.16893,1.16896
1777935600000,1.16896,1.16907,1.16892,1.16906
1777936500000,1.16905,1.16917,1.16903,1.16911
1777937400000,1.1691,1.1692200000000001,1.16907,1.16911
1777938300000,1.16911,1.16917,1.16906,1.16911
1777939200000,1.1691099999999999,1.16932,1.16902,1.16925
1777940100000,1.1692399999999998,1.1692399999999998,1.16854,1.1686599999999998
1777941000000,1.16865,1.16867,1.16845,1.1685699999999999
1777941900000,1.1685699999999999,1.16883,1.16855,1.1685699999999999
1777942800000,1.1685800000000002,1.1686,1.16836,1.1683700000000001
1777943700000,1.16838,1.1684700000000001,1.16792,1.16812
1777944600000,1.1681300000000001,1.1687200000000002,1.16806,1.1684400000000001
1777945500000,1.1684299999999999,1.1687699999999999,1.16841,1.16863
1777946400000,1.16862,1.16878,1.16859,1.16862
1777947300000,1.1686,1.169,1.16857,1.1689100000000001
1777948200000,1.16892,1.1690800000000001,1.16886,1.16906
1777949100000,1.16903,1.1690900000000002,1.16867,1.16869
1777950000000,1.16867,1.16869,1.16846,1.16865
1777950900000,1.1686500000000002,1.1687500000000002,1.1686,1.1686500000000002
1777951800000,1.1686400000000001,1.1686500000000002,1.1684,1.1684700000000001
1777952700000,1.1684700000000001,1.16852,1.16829,1.16833
1777953600000,1.16831,1.1685299999999998,1.1683,1.1684999999999999
1777954500000,1.1685100000000002,1.1686100000000001,1.1685,1.16856
1777955400000,1.16855,1.1686800000000002,1.16836,1.16839
1777956300000,1.16837,1.16837,1.16763,1.16771
1777957200000,1.16767,1.16795,1.1676,1.16785
1777958100000,1.16781,1.16812,1.1677,1.16791
1777959000000,1.16794,1.16837,1.16791,1.16831
1777959900000,1.1683,1.16839,1.16804,1.16825
1777960800000,1.16817,1.1686699999999999,1.16814,1.1684999999999999
1777961700000,1.16851,1.16858,1.1679,1.16842
1777962600000,1.1684,1.1689,1.16835,1.16867
1777963500000,1.16871,1.16877,1.16845,1.16853
1777964400000,1.16856,1.16925,1.16852,1.16891
1777965300000,1.16889,1.16906,1.16871,1.16871
1777966200000,1.1687,1.1696,1.16859,1.16913
1777967100000,1.16914,1.16926,1.16883,1.16883
1777968000000,1.1688100000000001,1.16927,1.1688,1.16911
1777968900000,1.16908,1.1696,1.16908,1.1693699999999998
1777969800000,1.16937,1.16943,1.16844,1.16865
1777970700000,1.16865,1.16903,1.16848,1.16881
1777971600000,1.1688200000000002,1.1689800000000001,1.16833,1.16857
1777972500000,1.16856,1.16862,1.16805,1.16858
1777973400000,1.16859,1.16911,1.16857,1.16907
1777974300000,1.16906,1.16923,1.16856,1.16896
1777975200000,1.16896,1.16899,1.16864,1.16888
1777976100000,1.16888,1.16949,1.16881,1.16939
1777977000000,1.1693799999999999,1.16971,1.16875,1.1688699999999999
1777977900000,1.16887,1.1689100000000001,1.16867,1.1688900000000002
1777978800000,1.16888,1.16896,1.16828,1.16851
1777979700000,1.16852,1.1693099999999998,1.16827,1.1692099999999999
1777980600000,1.16922,1.1694,1.16891,1.16896
1777981500000,1.16897,1.16911,1.1687,1.16886
1777982400000,1.16882,1.1691699999999998,1.16847,1.16902
1777983300000,1.16905,1.16973,1.16902,1.16957
1777984200000,1.16957,1.16965,1.16897,1.1690200000000002
1777985100000,1.1690099999999999,1.1692399999999998,1.16895,1.16919
1777986000000,1.1691799999999999,1.17031,1.16915,1.1700199999999998
1777986900000,1.1700100000000002,1.1704100000000002,1.16996,1.1700300000000001
1777987800000,1.1700400000000002,1.17028,1.16972,1.1697600000000001
1777988700000,1.16977,1.1700199999999998,1.16959,1.16969
1777989600000,1.1697199999999999,1.1705299999999998,1.16953,1.1697199999999999
1777990500000,1.16974,1.17039,1.1691,1.17015
1777991400000,1.17016,1.17036,1.16971,1.1702000000000001
1777992300000,1.17021,1.17053,1.16981,1.1705
1777993200000,1.17052,1.171,1.17046,1.17055
1777994100000,1.1705400000000001,1.17057,1.17005,1.17052
1777995000000,1.17052,1.1712799999999999,1.1703,1.17112
1777995900000,1.17113,1.1713,1.1706,1.1706100000000002
1777996800000,1.17059,1.17082,1.17015,1.17015
1777997700000,1.17015,1.17017,1.1698,1.16997
1777998600000,1.16998,1.17026,1.16974,1.17024
1777999500000,1.17024,1.1703000000000001,1.16981,1.16987
1778000400000,1.16988,1.17011,1.16955,1.16968
1778001300000,1.16968,1.16992,1.16965,1.16988
1778002200000,1.16987,1.17035,1.16984,1.16991
1778003100000,1.1699000000000002,1.1700700000000002,1.16972,1.16981
1778004000000,1.16982,1.17,1.16971,1.16981
1778004900000,1.1698,1.17001,1.16977,1.1698899999999999
1778005800000,1.16988,1.16994,1.16964,1.16983
1778006700000,1.16982,1.1700300000000001,1.16982,1.16992
1778007600000,1.1699599999999999,1.1700599999999999,1.1697,1.1697199999999999
1778008500000,1.16971,1.16973,1.16944,1.16948
1778009400000,1.16949,1.16963,1.16947,1.1695
1778010300000,1.1695,1.16964,1.16936,1.16947
1778011200000,1.16947,1.16963,1.16944,1.16957
1778012100000,1.16955,1.16955,1.16937,1.16941
1778013000000,1.1693900000000002,1.1694200000000001,1.16917,1.16918
1778013900000,1.1691799999999999,1.16942,1.16915,1.16919
1778014800000,1.16913,1.16929,1.16878,1.16916
1778015700000,1.1691500000000001,1.16917,1.16914,1.16916
1778016600000,1.16913,1.1691600000000002,1.16911,1.16914
1778017500000,1.16914,1.1691500000000001,1.16911,1.16913
1778018400000,1.16923,1.16947,1.16913,1.1693500000000001
1778019300000,1.16935,1.16935,1.16912,1.16922
1778020200000,1.16923,1.16932,1.16913,1.1693
1778021100000,1.16931,1.1708800000000001,1.16924,1.1705100000000002
1778022000000,1.1705299999999998,1.1723899999999998,1.17047,1.17227
1778022900000,1.17228,1.17249,1.17171,1.17172
1778023800000,1.17172,1.17208,1.17158,1.1716
1778024700000,1.17159,1.17172,1.1714,1.17142
1778025600000,1.1715,1.17159,1.17116,1.17123
1778026500000,1.17123,1.17175,1.17106,1.17132
1778027400000,1.1713500000000001,1.17199,1.17127,1.17188
1778028300000,1.1718700000000002,1.1721000000000001,1.17165,1.1719600000000001
1778029200000,1.17193,1.1720899999999999,1.1717,1.1718899999999999
1778030100000,1.1718899999999999,1.17247,1.17183,1.17218
1778031000000,1.1721700000000002,1.1722800000000002,1.17179,1.1722700000000001
1778031900000,1.17232,1.17256,1.17204,1.17207
1778032800000,1.17206,1.17243,1.17206,1.17208
1778033700000,1.17209,1.17228,1.17177,1.1717899999999999
1778034600000,1.17178,1.17191,1.17157,1.1716
1778035500000,1.17157,1.17177,1.17151,1.17168
1778036400000,1.1716600000000001,1.17215,1.17162,1.17208
1778037300000,1.1720899999999999,1.17215,1.17183,1.17196
1778038200000,1.1719600000000001,1.17224,1.17171,1.17199
1778039100000,1.1720000000000002,1.1720000000000002,1.17158,1.17172
1778040000000,1.17171,1.17177,1.17157,1.17175
1778040900000,1.17178,1.1727800000000002,1.17168,1.1727800000000002
1778041800000,1.17275,1.1736,1.17259,1.17327
1778042700000,1.17326,1.17424,1.17302,1.17364
1778043600000,1.17364,1.1737600000000001,1.17331,1.1733200000000001
1778044500000,1.1733099999999999,1.17337,1.17295,1.17326
1778045400000,1.17326,1.17328,1.17307,1.17317
1778046300000,1.1731500000000001,1.1732900000000002,1.17301,1.17324
1778047200000,1.1732500000000001,1.17345,1.173,1.17321
1778048100000,1.17321,1.17346,1.173,1.1732
1778049000000,1.17324,1.17333,1.17277,1.1731
1778049900000,1.1731099999999999,1.1735,1.17305,1.17327
1778050800000,1.17328,1.17362,1.17277,1.1727800000000002
1778051700000,1.1727699999999999,1.1730399999999999,1.17265,1.17297
1778052600000,1.17296,1.17304,1.17238,1.17275
1778053500000,1.1727699999999999,1.17376,1.17275,1.17371
1778054400000,1.1736900000000001,1.17391,1.17327,1.17334
1778055300000,1.17331,1.1737600000000001,1.17324,1.17372
1778056200000,1.17373,1.1749,1.17367,1.17473
1778057100000,1.17472,1.17701,1.17468,1.1761899999999998
1778058000000,1.17618,1.1764,1.17556,1.1759
1778058900000,1.17589,1.1769100000000001,1.17585,1.1766100000000002
1778059800000,1.1766,1.17732,1.17645,1.17709
1778060700000,1.1770800000000001,1.1776600000000002,1.17704,1.17745
1778061600000,1.17747,1.17765,1.17684,1.1768500000000002
1778062500000,1.1768399999999999,1.17698,1.17661,1.17688
1778063400000,1.17689,1.17834,1.17689,1.17825
1778064300000,1.17824,1.17961,1.17791,1.17885
1778065200000,1.17881,1.1791099999999999,1.1782,1.1784
1778066100000,1.1784100000000002,1.1789100000000001,1.17816,1.17846
1778067000000,1.1784999999999999,1.17861,1.17736,1.17749
1778067900000,1.17749,1.17761,1.17676,1.17695
1778068800000,1.1769500000000002,1.17696,1.17514,1.1755
1778069700000,1.1754900000000001,1.17618,1.17511,1.1759700000000002
1778070600000,1.17598,1.17633,1.17551,1.17605
1778071500000,1.17604,1.17605,1.17522,1.1753
1778072400000,1.17529,1.1758600000000001,1.17459,1.1755200000000001
1778073300000,1.17552,1.17575,1.17489,1.17502
1778074200000,1.17497,1.17557,1.17467,1.17511
1778075100000,1.17511,1.17545,1.1749,1.1751
1778076000000,1.17507,1.17515,1.17445,1.17475
1778076900000,1.17476,1.1751399999999999,1.17451,1.17462
1778077800000,1.17462,1.1761599999999999,1.17458,1.17614
1778078700000,1.17617,1.1762299999999999,1.17542,1.17546
1778079600000,1.17543,1.17548,1.17482,1.17497
1778080500000,1.1749699999999998,1.17535,1.17491,1.17525
1778081400000,1.17526,1.1758000000000002,1.17514,1.1754900000000001
1778082300000,1.1755,1.17567,1.17517,1.1752200000000002
1778083200000,1.17521,1.17529,1.17486,1.1750800000000001
1778084100000,1.17507,1.17523,1.17494,1.17501
1778085000000,1.17503,1.17523,1.17489,1.17497
1778085900000,1.1749699999999998,1.17498,1.17413,1.1743599999999998
1778086800000,1.17437,1.17523,1.17421,1.17509
1778087700000,1.17509,1.1755,1.175,1.17529
1778088600000,1.17529,1.17534,1.17451,1.17464
1778089500000,1.17465,1.17478,1.17442,1.17475
1778090400000,1.17476,1.1748999999999998,1.17451,1.17455
1778091300000,1.17456,1.1747999999999998,1.17441,1.1744999999999999
1778092200000,1.1745100000000002,1.17476,1.1745,1.1746500000000002
1778093100000,1.17464,1.17511,1.17452,1.17488
1778094000000,1.17487,1.17538,1.17483,1.17528
1778094900000,1.17529,1.1755099999999998,1.17522,1.17527
1778095800000,1.1752799999999999,1.1752799999999999,1.17481,1.17482
1778096700000,1.17482,1.17513,1.1747,1.1747
1778097600000,1.17471,1.17498,1.17458,1.17488
1778098500000,1.17488,1.17499,1.17476,1.17478
1778099400000,1.17477,1.1748,1.17446,1.17449
1778100300000,1.1744999999999999,1.17482,1.17441,1.17474
1778101200000,1.17451,1.17468,1.17428,1.17466
1778102100000,1.17465,1.17472,1.17459,1.17466
1778103000000,1.17466,1.17493,1.17465,1.17491
1778103900000,1.1748999999999998,1.1748999999999998,1.17471,1.17479
1778104800000,1.17481,1.17505,1.17481,1.1750099999999999
1778105700000,1.17503,1.17505,1.17489,1.17493
1778106600000,1.17492,1.17509,1.17489,1.17508
1778107500000,1.17507,1.17509,1.17492,1.17499
1778108400000,1.17499,1.17513,1.17493,1.17507
1778109300000,1.17508,1.17508,1.17481,1.1748699999999999
1778110200000,1.17487,1.17487,1.17476,1.1748
1778111100000,1.17481,1.17488,1.17458,1.17474
1778112000000,1.17469,1.17535,1.17462,1.17535
1778112900000,1.1752799999999999,1.17536,1.17468,1.17481
1778113800000,1.1748,1.175,1.17466,1.17479
1778114700000,1.17476,1.17489,1.17462,1.17479
1778115600000,1.1748,1.17553,1.17458,1.17535
1778116500000,1.17537,1.17572,1.17534,1.17564
1778117400000,1.17562,1.17621,1.17551,1.17619
1778118300000,1.17618,1.17628,1.17577,1.17584
1778119200000,1.17583,1.17604,1.17553,1.17558
1778120100000,1.17559,1.17567,1.17542,1.17559
1778121000000,1.17561,1.17572,1.17541,1.1754900000000001
1778121900000,1.1755,1.17573,1.17547,1.17558
1778122800000,1.17557,1.1756,1.17524,1.17526
1778123700000,1.17527,1.17548,1.1752,1.1752
1778124600000,1.17517,1.17524,1.17497,1.17506
1778125500000,1.17506,1.1750800000000001,1.1748,1.17482
1778126400000,1.17479,1.1750399999999999,1.17471,1.17498
1778127300000,1.17499,1.1752399999999998,1.17498,1.17518
1778128200000,1.17517,1.1753,1.17506,1.17512
1778129100000,1.17514,1.17521,1.17501,1.17503
1778130000000,1.17502,1.17527,1.175,1.17516
1778130900000,1.17511,1.1751900000000002,1.17494,1.1750900000000002
1778131800000,1.17508,1.17529,1.17508,1.17518
1778132700000,1.17519,1.1753099999999999,1.17502,1.17513
1778133600000,1.17511,1.1751500000000001,1.17487,1.17494
1778134500000,1.17495,1.17514,1.17472,1.17472
1778135400000,1.1747299999999998,1.1755799999999998,1.17447,1.1755499999999999
1778136300000,1.17554,1.1756099999999998,1.17444,1.17475
1778137200000,1.17474,1.17665,1.17474,1.1766299999999998
1778138100000,1.17664,1.1767999999999998,1.1759,1.17641
1778139000000,1.1764,1.17672,1.17611,1.17638
1778139900000,1.17639,1.17668,1.17614,1.17663
1778140800000,1.17665,1.17669,1.17644,1.17664
1778141700000,1.17664,1.17709,1.17624,1.17691
1778142600000,1.17692,1.1773,1.17675,1.17693
1778143500000,1.17692,1.17736,1.17689,1.17712
1778144400000,1.17711,1.17713,1.17652,1.17678
1778145300000,1.17679,1.17693,1.17652,1.17679
1778146200000,1.17679,1.1776600000000002,1.17673,1.17761
1778147100000,1.1776200000000001,1.17777,1.17687,1.17697
1778148000000,1.17696,1.1775399999999998,1.17674,1.1774699999999998
1778148900000,1.17747,1.1775399999999998,1.17725,1.17742
1778149800000,1.17743,1.17753,1.17692,1.17712
1778150700000,1.1771099999999999,1.1772,1.17644,1.17665
1778151600000,1.1767,1.1768100000000001,1.17629,1.17631
1778152500000,1.1763,1.1766,1.17618,1.17637
1778153400000,1.17637,1.17674,1.17624,1.1764999999999999
1778154300000,1.17653,1.17697,1.17633,1.17694
1778155200000,1.1769500000000002,1.17716,1.17673,1.17704
1778156100000,1.17706,1.17728,1.17667,1.1769900000000002
1778157000000,1.17694,1.17741,1.17686,1.17739
1778157900000,1.1774,1.17774,1.17721,1.1772200000000002
1778158800000,1.17723,1.17739,1.17692,1.1772099999999999
1778159700000,1.17723,1.17764,1.17713,1.1775
1778160600000,1.1774799999999999,1.1775099999999998,1.17691,1.1772799999999999
1778161500000,1.1772900000000002,1.1774200000000001,1.1766,1.1767800000000002
1778162400000,1.1767999999999998,1.17696,1.17634,1.17685
1778163300000,1.1768299999999998,1.17727,1.17644,1.1768999999999998
1778164200000,1.1769500000000002,1.1771900000000002,1.1767,1.1769500000000002
1778165100000,1.1769500000000002,1.17767,1.17694,1.1775300000000002
1778166000000,1.17752,1.17773,1.17729,1.17732
1778166900000,1.1773,1.1775,1.17625,1.17643
1778167800000,1.17643,1.17707,1.17639,1.17677
1778168700000,1.17677,1.17682,1.17625,1.17631
1778169600000,1.1763,1.17654,1.1758,1.17591
1778170500000,1.1759000000000002,1.17633,1.17558,1.1762700000000001
1778171400000,1.17626,1.17641,1.17594,1.17598
1778172300000,1.17599,1.17608,1.17564,1.17598
1778173200000,1.1760300000000001,1.1760400000000002,1.17562,1.17589
1778174100000,1.17586,1.17588,1.17462,1.17466
1778175000000,1.1746699999999999,1.17489,1.17352,1.1743199999999998
1778175900000,1.17431,1.17498,1.17428,1.17483
1778176800000,1.17486,1.1750800000000001,1.17456,1.17477
1778177700000,1.1747800000000002,1.17509,1.17473,1.17502
1778178600000,1.17503,1.17515,1.17394,1.17428
1778179500000,1.17432,1.17503,1.17398,1.17496
1778180400000,1.17497,1.1753600000000002,1.1745,1.17484
1778181300000,1.1748299999999998,1.17496,1.17359,1.17407
1778182200000,1.17408,1.17479,1.17405,1.17448
1778183100000,1.17449,1.17453,1.17328,1.1733
1778184000000,1.17331,1.17443,1.17327,1.1738
1778184900000,1.1738199999999999,1.1738199999999999,1.17332,1.17343
1778185800000,1.1734499999999999,1.17351,1.17285,1.17289
1778186700000,1.17288,1.17292,1.17214,1.1722299999999999
1778187600000,1.1723599999999998,1.17266,1.17224,1.17266
1778188500000,1.17268,1.1727299999999998,1.17234,1.17269
1778189400000,1.1727,1.17271,1.17225,1.17242
1778190300000,1.17242,1.1726,1.1724,1.1724700000000001
1778191200000,1.1723299999999999,1.17279,1.1722,1.17261
1778192100000,1.17259,1.17311,1.17252,1.17284
1778193000000,1.17284,1.1729500000000002,1.1725,1.17263
1778193900000,1.1726400000000001,1.17269,1.17243,1.1724700000000001
1778194800000,1.17246,1.17256,1.1724,1.1725
1778195700000,1.17251,1.17272,1.17251,1.17271
1778196600000,1.17271,1.17281,1.17262,1.1728
1778197500000,1.17282,1.1731,1.17278,1.173
1778198400000,1.17301,1.1734200000000001,1.1729,1.1731
1778199300000,1.17311,1.17311,1.17259,1.17286
1778200200000,1.17287,1.17307,1.17279,1.17283
1778201100000,1.17284,1.17294,1.17262,1.17263
1778202000000,1.17264,1.1731399999999998,1.17264,1.1730399999999999
1778202900000,1.17306,1.1733099999999999,1.17291,1.1731399999999998
1778203800000,1.17314,1.17327,1.17284,1.17296
1778204700000,1.17295,1.17323,1.17295,1.17319
1778205600000,1.1732,1.1732200000000002,1.17294,1.1729800000000001
1778206500000,1.17299,1.1731500000000001,1.1728,1.1729100000000001
1778207400000,1.1729,1.1729800000000001,1.1724,1.17242
1778208300000,1.1724299999999999,1.1729699999999998,1.17241,1.17269
1778209200000,1.1727,1.17289,1.17263,1.17284
1778210100000,1.17284,1.1729200000000002,1.1727,1.17283
1778211000000,1.17284,1.17327,1.17283,1.17327
1778211900000,1.1732500000000001,1.1733200000000001,1.17277,1.1727800000000002
1778212800000,1.17279,1.1730099999999999,1.17278,1.17283
1778213700000,1.1728299999999998,1.17296,1.17264,1.17288
1778214600000,1.1729,1.17327,1.17284,1.1732600000000002
1778215500000,1.1732799999999999,1.17353,1.17325,1.17347
1778216400000,1.17349,1.1736199999999999,1.17325,1.1733399999999998
1778217300000,1.1733,1.1735900000000001,1.17328,1.17358
1778218200000,1.1736,1.17381,1.17339,1.17364
1778219100000,1.1736300000000002,1.17382,1.17345,1.1736600000000001
1778220000000,1.17368,1.17458,1.17364,1.17401
1778220900000,1.1740000000000002,1.1747,1.17399,1.1747
1778221800000,1.17472,1.17477,1.17425,1.17456
1778222700000,1.1745700000000001,1.17473,1.17436,1.17438
1778223600000,1.1743899999999998,1.17474,1.1742,1.1743999999999999
1778224500000,1.17439,1.17456,1.17419,1.17422
1778225400000,1.17423,1.1746,1.17419,1.1744400000000002
1778226300000,1.17445,1.17445,1.17412,1.17425
1778227200000,1.17428,1.17463,1.17415,1.17443
1778228100000,1.1744400000000002,1.17547,1.17443,1.17547
1778229000000,1.17546,1.1761599999999999,1.17546,1.1761
1778229900000,1.17606,1.17653,1.17578,1.17633
1778230800000,1.17632,1.17701,1.17628,1.17677
1778231700000,1.17678,1.17729,1.17676,1.17678
1778232600000,1.17675,1.177,1.17672,1.17685
1778233500000,1.1768399999999999,1.1771099999999999,1.17661,1.17685
1778234400000,1.1768399999999999,1.1772,1.17678,1.177
1778235300000,1.17699,1.1771,1.17683,1.1769
1778236200000,1.17692,1.17717,1.17666,1.17667
1778237100000,1.17666,1.1768,1.17609,1.17635
1778238000000,1.17634,1.17654,1.17614,1.1764
1778238900000,1.17644,1.17674,1.17637,1.17664
1778239800000,1.17665,1.1768299999999998,1.17644,1.17644
1778240700000,1.17645,1.1766899999999998,1.1763,1.17647
1778241600000,1.17649,1.17649,1.17589,1.1759400000000002
1778242500000,1.17595,1.17666,1.17592,1.17636
1778243400000,1.17634,1.17781,1.1757,1.1776499999999999
1778244300000,1.17764,1.17778,1.1771,1.17736
1778245200000,1.17734,1.17744,1.17658,1.17672
1778246100000,1.1767,1.1778300000000002,1.1766,1.17771
1778247000000,1.17774,1.1786599999999998,1.17759,1.17814
1778247900000,1.1781599999999999,1.1784,1.17769,1.17784
1778248800000,1.17784,1.17791,1.17668,1.1773
1778249700000,1.17729,1.17756,1.17668,1.1766999999999999
1778250600000,1.17669,1.17754,1.17668,1.1772799999999999
1778251500000,1.17727,1.1776,1.17726,1.1773799999999999
1778252400000,1.17739,1.1777900000000001,1.17683,1.17696
1778253300000,1.1769399999999999,1.17723,1.17664,1.1771999999999998
1778254200000,1.17723,1.1776000000000002,1.17677,1.1773
1778255100000,1.17729,1.1778,1.1772,1.17723
1778256000000,1.17722,1.1778,1.17713,1.17743
1778256900000,1.17744,1.17769,1.17743,1.17761
1778257800000,1.17762,1.17769,1.17709,1.17719
1778258700000,1.1772,1.17738,1.17703,1.17707
1778259600000,1.17705,1.1773099999999999,1.17701,1.17708
1778260500000,1.17707,1.17748,1.17703,1.17737
1778261400000,1.1773799999999999,1.1775,1.17726,1.1773799999999999
1778262300000,1.17739,1.17757,1.17712,1.17719
1778263200000,1.1771800000000001,1.17812,1.17703,1.1779600000000001
1778264100000,1.17797,1.17801,1.17768,1.1777900000000001
1778265000000,1.1777799999999998,1.1778499999999998,1.17762,1.1778
1778265900000,1.17778,1.1779700000000002,1.17748,1.1778000000000002
1778266800000,1.1777499999999999,1.17815,1.17773,1.17808
1778267700000,1.17809,1.17816,1.17802,1.17812
1778268600000,1.17811,1.17827,1.17797,1.17817
1778269500000,1.17817,1.1782000000000001,1.17761,1.17797
1778270400000,1.17798,1.17831,1.17784,1.17829
1778271300000,1.17829,1.17844,1.17824,1.1783299999999999
1778272200000,1.1783400000000002,1.17865,1.17829,1.1785700000000001
1778273100000,1.1785800000000002,1.17873,1.17826,1.1784000000000001
1778446800000,1.17469,1.1751800000000001,1.17423,1.17504
1778447700000,1.1750099999999999,1.17552,1.17448,1.17535
1778448600000,1.1753500000000001,1.17675,1.17503,1.17673
1778449500000,1.1766599999999998,1.1767299999999998,1.17566,1.17573
1778450400000,1.1758199999999999,1.1764299999999999,1.17569,1.1760899999999999
1778451300000,1.1761,1.17629,1.17577,1.17629
1778452200000,1.17625,1.17639,1.17617,1.17634
1778453100000,1.1763700000000001,1.1764000000000001,1.17623,1.1763400000000002
1778454000000,1.17633,1.17649,1.17632,1.1764000000000001
1778454900000,1.17639,1.1767100000000001,1.17639,1.17665
1778455800000,1.17666,1.17689,1.17661,1.17688
1778456700000,1.17688,1.1769399999999999,1.17661,1.1766699999999999
1778457600000,1.1766699999999999,1.17709,1.17651,1.17676
1778458500000,1.1767800000000002,1.1770900000000002,1.17667,1.177
1778459400000,1.17702,1.17714,1.17689,1.1769
1778460300000,1.17691,1.177,1.17655,1.17695
1778461200000,1.1769399999999999,1.17706,1.17644,1.17674
1778462100000,1.1767,1.17695,1.17659,1.17685
1778463000000,1.17684,1.1769,1.17626,1.1764400000000002
1778463900000,1.17643,1.17646,1.17612,1.17623
1778464800000,1.17623,1.1765100000000002,1.17623,1.17635
1778465700000,1.17635,1.17649,1.17633,1.17646
1778466600000,1.17646,1.17658,1.17612,1.17612
1778467500000,1.17612,1.17618,1.17585,1.17588
1778468400000,1.1758600000000001,1.17588,1.17565,1.17584
1778469300000,1.17583,1.17588,1.17563,1.17568
1778470200000,1.17565,1.17585,1.17564,1.17582
1778471100000,1.1758,1.17586,1.17556,1.17561
1778472000000,1.17562,1.17568,1.17538,1.1754900000000001
1778472900000,1.1755,1.1755200000000001,1.17538,1.17538
1778473800000,1.17537,1.1754200000000001,1.17514,1.1751900000000002
1778474700000,1.1751900000000002,1.1753,1.17497,1.175
1778475600000,1.1749999999999998,1.1754,1.17498,1.1753399999999998
1778476500000,1.17535,1.17539,1.17518,1.17519
1778477400000,1.17518,1.1752799999999999,1.17502,1.17505
1778478300000,1.17506,1.1751,1.17483,1.17494
1778479200000,1.17496,1.17575,1.17496,1.17568
1778480100000,1.17569,1.17587,1.17543,1.17586
1778481000000,1.17585,1.1762,1.17584,1.17614
1778481900000,1.1761400000000002,1.1767500000000002,1.17606,1.1767
1778482800000,1.17681,1.17684,1.17642,1.17669
1778483700000,1.1767,1.1774200000000001,1.17667,1.1770800000000001
1778484600000,1.17705,1.17716,1.17666,1.17706
1778485500000,1.17709,1.17717,1.17676,1.17716
1778486400000,1.17717,1.17758,1.1771,1.17753
1778487300000,1.17754,1.17816,1.17754,1.17793
1778488200000,1.17794,1.1780700000000002,1.17748,1.17748
1778489100000,1.17749,1.17753,1.17708,1.17709
1778490000000,1.1770800000000001,1.1774,1.17704,1.17728
1778490900000,1.17729,1.17733,1.17701,1.17705
1778491800000,1.17704,1.17726,1.17689,1.177
1778492700000,1.17703,1.17709,1.17668,1.17669
1778493600000,1.17666,1.17671,1.17642,1.17668
1778494500000,1.17666,1.1768100000000001,1.17653,1.1767500000000002
1778495400000,1.1767400000000001,1.17711,1.1766,1.1771
1778496300000,1.17714,1.1773500000000001,1.17684,1.17686
1778497200000,1.1768800000000001,1.17731,1.17684,1.1773
1778498100000,1.17728,1.1774,1.17714,1.1773600000000002
1778499000000,1.17737,1.1774099999999998,1.17712,1.17718
1778499900000,1.1771800000000001,1.17737,1.17629,1.1767800000000002
1778500800000,1.1768299999999998,1.1768299999999998,1.1764,1.1766299999999998
1778501700000,1.17665,1.1773999999999998,1.1764,1.1771299999999998
1778502600000,1.17712,1.17739,1.17682,1.17724
1778503500000,1.17723,1.1774,1.17673,1.1774
1778504400000,1.1774200000000001,1.1784800000000002,1.17738,1.17828
1778505300000,1.17832,1.17843,1.17792,1.17828
1778506200000,1.17829,1.1785700000000001,1.17785,1.1785700000000001
1778507100000,1.17855,1.17872,1.17841,1.17848
1778508000000,1.17846,1.17856,1.17792,1.17848
1778508900000,1.1784899999999998,1.1786999999999999,1.1784,1.1784999999999999
1778509800000,1.17851,1.17872,1.17803,1.1786299999999998
1778510700000,1.17862,1.1786400000000001,1.17785,1.1779000000000002
1778511600000,1.1778899999999999,1.1782899999999998,1.17783,1.17807
1778512500000,1.17809,1.17849,1.17791,1.17809
1778513400000,1.17808,1.17824,1.17784,1.17791
1778514300000,1.1778799999999998,1.1781199999999998,1.17762,1.17794
1778515200000,1.17796,1.1779899999999999,1.17773,1.17787
1778516100000,1.17788,1.17791,1.17753,1.17754
1778517000000,1.17753,1.17784,1.17718,1.1775
1778517900000,1.17749,1.1776399999999998,1.17718,1.1772799999999999
1778518800000,1.1772900000000002,1.17744,1.17704,1.17744
1778519700000,1.17743,1.17768,1.17741,1.17755
1778520600000,1.17754,1.17781,1.17753,1.17764
1778521500000,1.1776499999999999,1.17781,1.17763,1.17774
1778522400000,1.17775,1.17795,1.17774,1.17784
1778523300000,1.17787,1.17798,1.17771,1.17788
1778524200000,1.17789,1.17794,1.17754,1.17754
1778525100000,1.17755,1.1776200000000001,1.1774,1.17745
1778526000000,1.1774,1.1776499999999999,1.17739,1.1774499999999999
1778526900000,1.17747,1.17763,1.17743,1.17751
1778527800000,1.1775,1.1776900000000001,1.17747,1.17759
1778528700000,1.17758,1.1777300000000002,1.17741,1.17768
1778529600000,1.17768,1.17787,1.17734,1.1777900000000001
1778530500000,1.17778,1.17806,1.17778,1.17799
1778531400000,1.17799,1.1782400000000002,1.17799,1.17809
1778532300000,1.17801,1.17818,1.17801,1.17813
1778533200000,1.17824,1.17824,1.17746,1.17808
1778534100000,1.17803,1.17831,1.17779,1.1781799999999998
1778535000000,1.17818,1.17818,1.178,1.1780199999999998
1778535900000,1.17803,1.17835,1.1779,1.17832
1778536800000,1.17833,1.1787,1.17833,1.1786400000000001
1778537700000,1.17864,1.17873,1.17862,1.17864
1778538600000,1.17863,1.17869,1.17859,1.1786
1778539500000,1.1785999999999999,1.17861,1.17844,1.17848
1778540400000,1.17847,1.17848,1.17838,1.17839
1778541300000,1.17838,1.17839,1.17802,1.1780300000000001
1778542200000,1.17804,1.1781,1.17774,1.17784
1778543100000,1.1777900000000001,1.17799,1.17768,1.1777900000000001
1778544000000,1.17779,1.17779,1.17733,1.17754
1778544900000,1.17753,1.17767,1.17729,1.1774499999999999
1778545800000,1.17744,1.1774600000000002,1.17714,1.1771500000000001
1778546700000,1.17716,1.1773,1.17658,1.17666
1778547600000,1.1765999999999999,1.17685,1.17634,1.17642
1778548500000,1.17643,1.17652,1.17609,1.17615
1778549400000,1.1761400000000002,1.1765800000000002,1.17572,1.1760400000000002
1778550300000,1.17605,1.1763100000000002,1.17589,1.17609
1778551200000,1.17613,1.17628,1.17604,1.17611
1778552100000,1.17611,1.17615,1.17594,1.17604
1778553000000,1.17604,1.17609,1.17588,1.17599
1778553900000,1.17601,1.17641,1.176,1.1761899999999998
1778554800000,1.17616,1.17625,1.17574,1.17584
1778555700000,1.17583,1.17587,1.1756,1.17564
1778556600000,1.1756300000000002,1.1757600000000001,1.17562,1.17574
1778557500000,1.17574,1.17577,1.17542,1.1755799999999998
1778558400000,1.1756,1.17573,1.1755,1.17551
1778559300000,1.1755,1.17571,1.1755,1.17554
1778560200000,1.17555,1.1759000000000002,1.17555,1.1759000000000002
1778561100000,1.1758899999999999,1.1759199999999999,1.17563,1.17566
1778562000000,1.17567,1.17578,1.17521,1.17534
1778562900000,1.17531,1.17556,1.17517,1.17545
1778563800000,1.17544,1.17555,1.1753,1.17554
1778564700000,1.17554,1.17675,1.17551,1.1761700000000002
1778565600000,1.17619,1.17652,1.17561,1.1756900000000001
1778566500000,1.1757,1.17579,1.17515,1.1754499999999999
1778567400000,1.1755,1.17585,1.1753,1.17544
1778568300000,1.17545,1.17548,1.17494,1.1749800000000001
1778569200000,1.1749699999999998,1.1750099999999999,1.17437,1.17465
1778570100000,1.17467,1.17527,1.17463,1.17492
1778571000000,1.1749,1.17499,1.17459,1.17459
1778571900000,1.17458,1.17473,1.17429,1.17473
1778572800000,1.1747800000000002,1.1748,1.17419,1.1743400000000002
1778573700000,1.17435,1.17499,1.1743,1.17465
1778574600000,1.1746400000000001,1.1747100000000001,1.17389,1.17415
1778575500000,1.17416,1.17476,1.17415,1.17442
1778576400000,1.1744,1.1747400000000001,1.17433,1.1745700000000001
1778577300000,1.17455,1.1746999999999999,1.17434,1.1745299999999999
1778578200000,1.17454,1.1751099999999999,1.17448,1.17449
1778579100000,1.17452,1.17489,1.17438,1.1747
1778580000000,1.17467,1.17484,1.17449,1.1748
1778580900000,1.17479,1.17479,1.17448,1.17475
1778581800000,1.17476,1.1748500000000002,1.1744,1.1745400000000001
1778582700000,1.1745299999999999,1.17459,1.174,1.1740199999999998
1778583600000,1.17403,1.1744299999999999,1.17343,1.17411
1778584500000,1.1741300000000001,1.17435,1.17399,1.1741000000000001
1778585400000,1.17411,1.1747,1.17411,1.17458
1778586300000,1.17458,1.1747800000000002,1.17412,1.17433
1778587200000,1.17434,1.17439,1.17373,1.17413
1778588100000,1.17414,1.17435,1.17384,1.17405
1778589000000,1.1739899999999999,1.1746999999999999,1.17356,1.1746699999999999
1778589900000,1.1746599999999998,1.1749299999999998,1.1743,1.17472
1778590800000,1.17471,1.17495,1.174,1.174
1778591700000,1.1739899999999999,1.17403,1.17332,1.17391
1778592600000,1.1739,1.1741899999999998,1.17356,1.1736499999999999
1778593500000,1.17366,1.17386,1.17265,1.1729399999999999
1778594400000,1.17299,1.1735,1.17273,1.17346
1778595300000,1.17349,1.17354,1.17295,1.17327
1778596200000,1.17326,1.1734499999999999,1.17285,1.17323
1778597100000,1.1732099999999999,1.17356,1.17274,1.1735399999999998
1778598000000,1.17355,1.17361,1.17272,1.17272
1778598900000,1.17274,1.17285,1.17213,1.17235
1778599800000,1.1723599999999998,1.17316,1.17234,1.1731
1778600700000,1.1731099999999999,1.1733099999999999,1.17288,1.1732099999999999
1778601600000,1.1732200000000002,1.1736900000000001,1.17311,1.1736600000000001
1778602500000,1.17365,1.17381,1.17344,1.17356
1778603400000,1.17355,1.17355,1.1731,1.17314
1778604300000,1.17313,1.17314,1.17273,1.1727800000000002
1778605200000,1.1728100000000001,1.17323,1.17267,1.17303
1778606100000,1.17304,1.17328,1.17293,1.173
1778607000000,1.1729900000000002,1.1732,1.17294,1.17313
1778607900000,1.17314,1.1733200000000001,1.17297,1.17328
1778608800000,1.1732900000000002,1.17345,1.17284,1.1731500000000001
1778609700000,1.17314,1.17366,1.1731,1.17354
1778610600000,1.17355,1.17383,1.17354,1.1738
1778611500000,1.17378,1.17406,1.17362,1.17399
1778612400000,1.1740000000000002,1.17442,1.17395,1.17433
1778613300000,1.1743299999999999,1.17438,1.17403,1.1741899999999998
1778614200000,1.1742000000000001,1.17463,1.17419,1.17425
1778615100000,1.17424,1.1743,1.17393,1.17397
1778616000000,1.1739799999999998,1.17404,1.17379,1.17384
1778616900000,1.1738700000000002,1.17392,1.17382,1.1738300000000002
1778617800000,1.17382,1.17384,1.17372,1.1737600000000001
1778618700000,1.17374,1.17403,1.17373,1.17397
1778619600000,1.17362,1.17362,1.17314,1.1734600000000002
1778620500000,1.17346,1.17394,1.17343,1.17351
1778621400000,1.17351,1.17359,1.17336,1.17357
1778622300000,1.1736199999999999,1.17395,1.17353,1.17358
1778623200000,1.17366,1.17394,1.17366,1.1737
1778624100000,1.17374,1.17389,1.17374,1.17384
1778625000000,1.17385,1.1739,1.17381,1.17385
1778625900000,1.17384,1.17396,1.17384,1.17389
1778626800000,1.17389,1.1740700000000002,1.17382,1.1738300000000002
1778627700000,1.17382,1.17384,1.17368,1.1738
1778628600000,1.17381,1.17385,1.17364,1.17365
1778629500000,1.17365,1.17375,1.1734,1.17346
1778630400000,1.17345,1.1737600000000001,1.17324,1.1732900000000002
1778631300000,1.1733,1.1736799999999998,1.17329,1.17349
1778632200000,1.17348,1.1736,1.17331,1.1735300000000002
1778633100000,1.1735,1.17382,1.17324,1.1737600000000001
1778634000000,1.17375,1.17384,1.17334,1.17334
1778634900000,1.17333,1.17378,1.17314,1.17367
1778635800000,1.1736600000000001,1.17388,1.17361,1.17374
1778636700000,1.1737499999999998,1.1741199999999998,1.17373,1.1738199999999999
1778637600000,1.17381,1.17411,1.1737,1.17373
1778638500000,1.17371,1.17377,1.17365,1.17374
1778639400000,1.17375,1.1737600000000001,1.17361,1.17361
1778640300000,1.17363,1.17383,1.17357,1.17365
1778641200000,1.17365,1.17371,1.17321,1.1734
1778642100000,1.17342,1.17354,1.17333,1.1735
1778643000000,1.17348,1.17372,1.17348,1.17355
1778643900000,1.1735600000000002,1.17362,1.17338,1.1733900000000002
1778644800000,1.1734,1.17347,1.17336,1.17339
1778645700000,1.17338,1.1734600000000002,1.17331,1.1733200000000001
1778646600000,1.17333,1.17338,1.17316,1.1733
1778647500000,1.17331,1.17342,1.1733,1.1734
1778648400000,1.17339,1.1735900000000001,1.17337,1.17345
1778649300000,1.17344,1.17364,1.17338,1.1735900000000001
1778650200000,1.1735799999999998,1.1736199999999999,1.17322,1.17329
1778651100000,1.1732999999999998,1.1734799999999999,1.17318,1.17335
1778652000000,1.17334,1.17336,1.17258,1.17265
1778652900000,1.1726400000000001,1.17284,1.17242,1.17261
1778653800000,1.1726,1.1726,1.17218,1.17244
1778654700000,1.17245,1.17245,1.17175,1.17194
1778655600000,1.17195,1.1722700000000001,1.17168,1.1718
1778656500000,1.17181,1.17191,1.17165,1.17167
1778657400000,1.1716600000000001,1.1717000000000002,1.17104,1.1712
1778658300000,1.17122,1.17142,1.17065,1.17066
1778659200000,1.17065,1.1709,1.17046,1.1708
1778660100000,1.17081,1.1711099999999999,1.17081,1.17102
1778661000000,1.1710399999999999,1.17109,1.17051,1.17058
1778661900000,1.1706,1.1706100000000002,1.16999,1.17023
1778662800000,1.1702400000000002,1.1703700000000001,1.16992,1.16994
1778663700000,1.1699199999999998,1.1700599999999999,1.16952,1.16952
1778664600000,1.1695099999999998,1.17007,1.16949,1.16991
1778665500000,1.1699199999999998,1.17062,1.1699,1.17056
1778666400000,1.1705699999999999,1.17061,1.17014,1.17046
1778667300000,1.17045,1.17066,1.17026,1.1704700000000001
1778668200000,1.17049,1.17093,1.17042,1.17087
1778669100000,1.17088,1.1714,1.17076,1.17122
1778670000000,1.17123,1.17146,1.17108,1.17136
1778670900000,1.1713500000000001,1.17146,1.17113,1.1713
1778671800000,1.17129,1.17166,1.17125,1.1716399999999998
1778672700000,1.1716300000000002,1.1716600000000001,1.17111,1.1711600000000002
1778673600000,1.17123,1.17157,1.17117,1.17119
1778674500000,1.17118,1.17119,1.17029,1.1703000000000001
1778675400000,1.1702899999999998,1.1710099999999999,1.16966,1.1704599999999998
1778676300000,1.17048,1.1705,1.16974,1.17013
1778677200000,1.17014,1.1704999999999999,1.17011,1.17033
1778678100000,1.17032,1.17041,1.17005,1.1703000000000001
1778679000000,1.17028,1.17086,1.17025,1.17085
1778679900000,1.17084,1.17117,1.1706,1.17096
1778680800000,1.17095,1.1712,1.17062,1.171
1778681700000,1.17101,1.17107,1.1705,1.17097
1778682600000,1.17096,1.1711,1.1705,1.17053
1778683500000,1.17055,1.1709699999999998,1.17024,1.17071
1778684400000,1.17069,1.17112,1.17069,1.17082
1778685300000,1.17084,1.17128,1.17079,1.17105
1778686200000,1.17103,1.17157,1.17086,1.17141
1778687100000,1.17138,1.17144,1.17101,1.1710500000000001
1778688000000,1.1710099999999999,1.17127,1.17095,1.17115
1778688900000,1.17116,1.1717,1.17091,1.1716
1778689800000,1.17158,1.17174,1.17104,1.1710500000000001
1778690700000,1.17106,1.17125,1.17075,1.17081
1778691600000,1.1708,1.17101,1.17076,1.1709100000000001
1778692500000,1.1709,1.17102,1.17089,1.17094
1778693400000,1.17092,1.1709399999999999,1.17061,1.17066
1778694300000,1.17067,1.17076,1.17035,1.17037
1778695200000,1.17035,1.17071,1.17035,1.17055
1778696100000,1.17056,1.17072,1.17051,1.17061
1778697000000,1.1706100000000002,1.17087,1.17057,1.1708200000000002
1778697900000,1.17081,1.1709999999999998,1.17037,1.17072
1778698800000,1.17071,1.17099,1.17071,1.17096
1778699700000,1.17092,1.17106,1.17085,1.17106
1778700600000,1.17107,1.1712500000000001,1.17097,1.17099
1778701500000,1.171,1.17111,1.17084,1.1709100000000001
1778702400000,1.1709,1.17116,1.17085,1.17113
1778703300000,1.17114,1.17128,1.1711,1.17118
1778704200000,1.1711699999999998,1.17129,1.17105,1.17127
1778705100000,1.17131,1.1713200000000001,1.17124,1.1713
1778706000000,1.17079,1.17143,1.17037,1.17143
1778706900000,1.17141,1.17144,1.1712,1.17136
1778707800000,1.17136,1.17161,1.1713,1.1714
1778708700000,1.1714,1.1714099999999998,1.17122,1.17122
1778709600000,1.1713200000000001,1.17171,1.17128,1.17168
1778710500000,1.17168,1.17177,1.17164,1.17172
1778711400000,1.17175,1.1718,1.17171,1.1717600000000001
1778712300000,1.17176,1.17176,1.17163,1.1717
1778713200000,1.1717,1.17178,1.17161,1.17167
1778714100000,1.1716700000000002,1.1717300000000002,1.17162,1.1716300000000002
1778715000000,1.1716,1.17163,1.1715,1.17153
1778715900000,1.1715200000000001,1.1715900000000001,1.17148,1.1715200000000001
1778716800000,1.17149,1.17173,1.17137,1.17172
1778717700000,1.17173,1.17179,1.17147,1.1716
1778718600000,1.17159,1.1717199999999999,1.17149,1.17156
1778719500000,1.17157,1.1716900000000001,1.17148,1.1716600000000001
1778720400000,1.17165,1.1716900000000001,1.17138,1.1714900000000001
1778721300000,1.1714799999999999,1.1716,1.17146,1.17154
1778722200000,1.17155,1.1717000000000002,1.17145,1.1716300000000002
1778723100000,1.17161,1.17168,1.17121,1.1713200000000001
1778724000000,1.17131,1.17148,1.17126,1.1712799999999999
1778724900000,1.1712600000000002,1.17137,1.17111,1.17134
1778725800000,1.17134,1.17139,1.17127,1.17134
1778726700000,1.17133,1.1713500000000001,1.17117,1.17118
1778727600000,1.17119,1.17126,1.17091,1.17112
1778728500000,1.17111,1.1714,1.17111,1.1713900000000002
1778729400000,1.1714,1.17146,1.17132,1.17135
1778730300000,1.17135,1.17143,1.17116,1.1711799999999999
1778731200000,1.17117,1.1716,1.1711,1.1714200000000001
1778732100000,1.17142,1.17157,1.17132,1.17147
1778733000000,1.17148,1.17151,1.1714,1.17146
1778733900000,1.17147,1.17168,1.17137,1.17139
1778734800000,1.17141,1.17148,1.17116,1.17117
1778735700000,1.17117,1.1713200000000001,1.17117,1.17128
1778736600000,1.17127,1.17131,1.17111,1.1712200000000001
1778737500000,1.17123,1.17154,1.17096,1.17097
1778738400000,1.17098,1.1711799999999999,1.17062,1.17072
1778739300000,1.1706999999999999,1.17143,1.17068,1.1712799999999999
1778740200000,1.17129,1.17152,1.17112,1.17143
1778741100000,1.17142,1.1720899999999999,1.17142,1.17177
1778742000000,1.1717499999999998,1.1718,1.17125,1.17132
1778742900000,1.1713099999999999,1.1713099999999999,1.17085,1.17108
1778743800000,1.17107,1.17157,1.17107,1.17133
1778744700000,1.1713099999999999,1.17153,1.17054,1.1706999999999999
1778745600000,1.17062,1.17093,1.17043,1.17067
1778746500000,1.1707,1.17123,1.17069,1.17116
1778747400000,1.1711500000000001,1.17133,1.17083,1.1709100000000001
1778748300000,1.1709,1.17115,1.17086,1.17105
1778749200000,1.17106,1.17126,1.17086,1.17115
1778750100000,1.17114,1.1712099999999999,1.17092,1.17095
1778751000000,1.17096,1.17101,1.17052,1.17082
1778751900000,1.17083,1.1711099999999999,1.17065,1.17068
1778752800000,1.17066,1.17123,1.1706,1.17087
1778753700000,1.1709,1.1709800000000001,1.17067,1.17093
1778754600000,1.17094,1.17104,1.17043,1.17057
1778755500000,1.17059,1.17097,1.17055,1.17081
1778756400000,1.1708100000000001,1.17083,1.17039,1.1707100000000001
1778757300000,1.1706999999999999,1.17071,1.17037,1.17041
1778758200000,1.17042,1.17049,1.16992,1.17001
1778759100000,1.1700199999999998,1.17034,1.1699,1.16991
1778760000000,1.1699,1.17049,1.1699,1.17048
1778760900000,1.17046,1.1704999999999999,1.17024,1.17038
1778761800000,1.17033,1.17044,1.16957,1.16958
1778762700000,1.16958,1.1700700000000002,1.16958,1.1696600000000001
1778763600000,1.16967,1.16982,1.16938,1.16967
1778764500000,1.1696600000000001,1.1696900000000001,1.16917,1.16943
1778765400000,1.16942,1.16943,1.16851,1.16929
1778766300000,1.1692399999999998,1.16991,1.16878,1.16891
1778767200000,1.1688900000000002,1.1695900000000001,1.16857,1.16955
1778768100000,1.16956,1.16995,1.16923,1.16958
1778769000000,1.1695900000000001,1.1695900000000001,1.16927,1.16948
1778769900000,1.16949,1.1696,1.16781,1.16782
1778770800000,1.1677899999999999,1.16804,1.16726,1.16747
1778771700000,1.16745,1.16755,1.16711,1.16748
1778772600000,1.16747,1.16781,1.16739,1.16753
1778773500000,1.16754,1.1677499999999998,1.16746,1.16769
1778774400000,1.1677,1.16779,1.16731,1.16774
1778775300000,1.1677499999999998,1.1681,1.16719,1.1673799999999999
1778776200000,1.16736,1.16749,1.16703,1.16724
1778777100000,1.16725,1.16759,1.16722,1.1675799999999998
1778778000000,1.1676,1.16795,1.16754,1.16765
1778778900000,1.16764,1.16784,1.16755,1.16774
1778779800000,1.16773,1.16799,1.16764,1.16795
1778780700000,1.16794,1.16802,1.16768,1.16774
1778781600000,1.16773,1.16775,1.16744,1.16775
1778782500000,1.16774,1.1678,1.16754,1.16761
1778783400000,1.16763,1.16768,1.16734,1.16745
1778784300000,1.16748,1.1676900000000001,1.16738,1.16768
1778785200000,1.1676900000000001,1.16785,1.16762,1.16765
1778786100000,1.16764,1.16767,1.16733,1.16733
1778787000000,1.1673399999999998,1.16743,1.16695,1.16698
1778787900000,1.16697,1.16704,1.1668,1.16703
1778788800000,1.16707,1.16715,1.16675,1.16679
1778789700000,1.16678,1.16692,1.16652,1.16662
1778790600000,1.16663,1.1667800000000002,1.16656,1.16666
1778791500000,1.16667,1.1668500000000002,1.16663,1.16684
1778792400000,1.16669,1.16679,1.16648,1.16663
1778793300000,1.16663,1.16706,1.16641,1.16699
1778794200000,1.1669800000000001,1.1672500000000001,1.16684,1.16686
1778795100000,1.16686,1.16686,1.16675,1.16676
1778796000000,1.16681,1.16706,1.16681,1.1668699999999999
1778796900000,1.16686,1.16699,1.16683,1.16694
1778797800000,1.16691,1.1670399999999999,1.16688,1.1670399999999999
1778798700000,1.1670399999999999,1.1670399999999999,1.16688,1.1668999999999998
1778799600000,1.1669100000000001,1.1669100000000001,1.16622,1.16624
1778800500000,1.16625,1.1663700000000001,1.16616,1.16636
1778801400000,1.16635,1.16638,1.16618,1.16635
1778802300000,1.1663400000000002,1.16645,1.16609,1.16613
1778803200000,1.1661700000000002,1.16623,1.16565,1.16594
1778804100000,1.1659499999999998,1.1663,1.16583,1.16584
1778805000000,1.1658499999999998,1.16587,1.16522,1.16539
1778805900000,1.1654200000000001,1.1656,1.16517,1.1654900000000001
1778806800000,1.1654799999999998,1.1656,1.16532,1.1654799999999998
1778807700000,1.16549,1.16549,1.16486,1.16489
1778808600000,1.16488,1.16516,1.16455,1.165
1778809500000,1.16502,1.16505,1.16461,1.16464
1778810400000,1.16463,1.1648,1.16452,1.16474
1778811300000,1.16473,1.1653,1.1647,1.1650500000000001
1778812200000,1.16506,1.16533,1.16498,1.1653
1778813100000,1.16531,1.1657,1.16524,1.1653
1778814000000,1.16529,1.1654499999999999,1.16512,1.16513
1778814900000,1.16513,1.16521,1.16501,1.1652
1778815800000,1.1652399999999998,1.1653099999999998,1.16495,1.1651799999999999
1778816700000,1.16516,1.16523,1.1651,1.1651500000000001
1778817600000,1.16514,1.16521,1.16501,1.1652
1778818500000,1.1651999999999998,1.1651999999999998,1.16508,1.1651099999999999
1778819400000,1.1651,1.16514,1.16484,1.1648800000000001
1778820300000,1.16487,1.1649,1.16459,1.16467
1778821200000,1.1646800000000002,1.16469,1.16423,1.1644500000000002
1778822100000,1.16446,1.16475,1.16428,1.16469
1778823000000,1.1646599999999998,1.16471,1.16437,1.16437
1778823900000,1.1643400000000002,1.16435,1.16321,1.16321
1778824800000,1.1632,1.1643000000000001,1.1632,1.16405
1778825700000,1.16406,1.16426,1.16372,1.1637700000000002
1778826600000,1.1637799999999998,1.16427,1.16366,1.16387
1778827500000,1.16386,1.16415,1.16323,1.16344
1778828400000,1.1634200000000001,1.16455,1.16314,1.16429
1778829300000,1.1643,1.1648399999999999,1.16411,1.16421
1778830200000,1.1642199999999998,1.1642599999999999,1.16383,1.1639899999999999
1778831100000,1.16398,1.16405,1.16354,1.16361
1778832000000,1.1637,1.16377,1.16324,1.16341
1778832900000,1.1634,1.16344,1.16306,1.16321
1778833800000,1.1632200000000001,1.1635600000000001,1.16304,1.1635600000000001
1778834700000,1.1635499999999999,1.16359,1.16299,1.16324
1778835600000,1.16325,1.1633,1.16194,1.16195
1778836500000,1.16194,1.1626,1.16167,1.16245
1778837400000,1.16244,1.16259,1.16218,1.16228
1778838300000,1.16229,1.16283,1.16215,1.16275
1778839200000,1.16277,1.1635300000000002,1.16267,1.16347
1778840100000,1.16345,1.164,1.16327,1.1636900000000001
1778841000000,1.16368,1.16445,1.16358,1.1644400000000001
1778841900000,1.16442,1.16549,1.16435,1.16487
1778842800000,1.16486,1.1649500000000002,1.16402,1.16455
1778843700000,1.16456,1.16465,1.16388,1.16394
1778844600000,1.16396,1.16398,1.16324,1.1632500000000001
1778845500000,1.16324,1.1634,1.16287,1.16311
1778846400000,1.1630800000000001,1.1631500000000001,1.16256,1.16268
1778847300000,1.16267,1.16305,1.16259,1.16289
1778848200000,1.1629,1.1629099999999999,1.16197,1.1619899999999999
1778849100000,1.16198,1.16286,1.16184,1.1625699999999999
1778850000000,1.1626,1.16291,1.16225,1.16281
1778850900000,1.1627800000000001,1.16317,1.16256,1.16286
1778851800000,1.1629099999999999,1.16296,1.16228,1.1622999999999999
1778852700000,1.16228,1.16252,1.16184,1.1622999999999999
1778853600000,1.16228,1.16296,1.16208,1.1626
1778854500000,1.16259,1.16373,1.16259,1.16318
1778855400000,1.16319,1.16333,1.16264,1.1626599999999998
1778856300000,1.1626500000000002,1.1630200000000002,1.1623,1.1628900000000002
1778857200000,1.1628800000000001,1.1630500000000001,1.1624,1.16279
1778858100000,1.16278,1.1629099999999999,1.16201,1.16227
1778859000000,1.16226,1.16256,1.16216,1.16228
1778859900000,1.16227,1.1625899999999998,1.16203,1.1625899999999998
1778860800000,1.16263,1.16267,1.16225,1.1624
1778861700000,1.16239,1.16272,1.16234,1.16271
1778862600000,1.1627,1.16307,1.16263,1.1630500000000001
1778863500000,1.16306,1.16307,1.16265,1.16295
1778864400000,1.16294,1.16334,1.16283,1.16334
1778865300000,1.1633,1.16351,1.16307,1.1632
1778866200000,1.16317,1.16329,1.16279,1.1628
1778867100000,1.16281,1.16296,1.16261,1.1626299999999998
1778868000000,1.16264,1.16268,1.16228,1.16244
1778868900000,1.1624299999999999,1.16244,1.16203,1.16211
1778869800000,1.16213,1.16213,1.16164,1.16198
1778870700000,1.16197,1.16231,1.1619,1.16214
1778871600000,1.16218,1.1622000000000001,1.16195,1.16196
1778872500000,1.1619599999999999,1.16215,1.1619,1.1620599999999999
1778873400000,1.16209,1.1622599999999998,1.16187,1.1618899999999999
1778874300000,1.16188,1.1622,1.16187,1.16209
1778875200000,1.16206,1.16219,1.16188,1.16211
1778876100000,1.16211,1.16221,1.16201,1.16205
1778877000000,1.16208,1.1624400000000001,1.16206,1.16243
1778877900000,1.16242,1.16252,1.16221,1.16244
1779051600000,1.16167,1.16207,1.16146,1.1619899999999999
1779052500000,1.16199,1.16215,1.16152,1.1615300000000002
1779053400000,1.16155,1.16181,1.16155,1.1616900000000001
1779054300000,1.16162,1.16216,1.16162,1.1620300000000001
1779055200000,1.1619899999999999,1.16238,1.16197,1.1622299999999999
1779056100000,1.1622400000000002,1.16233,1.16202,1.1620300000000001
1779057000000,1.1620300000000001,1.16233,1.16198,1.1623
1779057900000,1.16228,1.16231,1.16218,1.16224
1779058800000,1.1622599999999998,1.16229,1.16197,1.16204
1779059700000,1.16204,1.16214,1.16186,1.16191
1779060600000,1.16191,1.16191,1.16114,1.16141
1779061500000,1.16142,1.1614499999999999,1.16119,1.16132
1779062400000,1.16137,1.16205,1.16129,1.1615
1779063300000,1.1614900000000001,1.16171,1.16135,1.16145
1779064200000,1.16144,1.16154,1.161,1.161
1779065100000,1.16099,1.16121,1.16079,1.16111
1779066000000,1.16114,1.16131,1.16079,1.16108
1779066900000,1.1610800000000001,1.16135,1.16094,1.1612500000000001
1779067800000,1.1612500000000001,1.16161,1.1612,1.16139
1779068700000,1.1613799999999999,1.16183,1.16119,1.1617
1779069600000,1.16166,1.16168,1.16126,1.1616
1779070500000,1.1615900000000001,1.16178,1.16155,1.1617300000000002
1779071400000,1.16171,1.1619,1.16154,1.16163
1779072300000,1.16161,1.16171,1.16133,1.1615
1779073200000,1.16148,1.16171,1.16148,1.1617000000000002
1779074100000,1.1616900000000001,1.162,1.16164,1.16196
1779075000000,1.16197,1.1621,1.16176,1.1621
1779075900000,1.16213,1.1622000000000001,1.16199,1.16213
1779076800000,1.16212,1.16256,1.16211,1.1624999999999999
1779077700000,1.1624999999999999,1.1625599999999998,1.16203,1.1621
1779078600000,1.16209,1.16228,1.16199,1.16216
1779079500000,1.16215,1.1622299999999999,1.16187,1.16202
1779080400000,1.1620300000000001,1.16215,1.16178,1.1618
1779081300000,1.16179,1.16205,1.16164,1.16196
1779082200000,1.16198,1.16215,1.16181,1.16197
1779083100000,1.1619599999999999,1.16227,1.16193,1.1622599999999998
1779084000000,1.16221,1.16276,1.16214,1.16276
1779084900000,1.16275,1.1633099999999998,1.16275,1.163
1779085800000,1.1630099999999999,1.16356,1.16295,1.16344
1779086700000,1.1634300000000002,1.1636000000000002,1.16335,1.16352
1779087600000,1.1635600000000001,1.16362,1.16311,1.16323
1779088500000,1.16323,1.1638899999999999,1.16312,1.16364
1779089400000,1.16363,1.16397,1.16349,1.16354
1779090300000,1.1635499999999999,1.1636099999999998,1.16308,1.1631399999999998
1779091200000,1.16312,1.16331,1.16286,1.16331
1779092100000,1.16329,1.1637199999999999,1.16329,1.1637199999999999
1779093000000,1.16374,1.1644700000000001,1.16365,1.16374
1779093900000,1.16376,1.1644599999999998,1.16373,1.1641
1779094800000,1.16411,1.16421,1.1637,1.16381
1779095700000,1.1638,1.16394,1.16369,1.1639
1779096600000,1.16391,1.1640700000000002,1.16372,1.16382
1779097500000,1.16381,1.1638700000000002,1.16345,1.16345
1779098400000,1.16344,1.16363,1.16316,1.16349
1779099300000,1.1634799999999998,1.16359,1.16332,1.16356
1779100200000,1.16357,1.1635900000000001,1.16317,1.16336
1779101100000,1.16335,1.16338,1.16259,1.16265
1779102000000,1.16264,1.1630399999999999,1.16261,1.1629099999999999
1779102900000,1.16289,1.1633,1.16278,1.16303
1779103800000,1.16302,1.16491,1.16298,1.16486
1779104700000,1.16489,1.1649,1.16381,1.16411
1779105600000,1.16412,1.16486,1.16404,1.1647
1779106500000,1.16469,1.1647,1.16423,1.1646
1779107400000,1.16459,1.1654,1.16452,1.16531
1779108300000,1.16533,1.16567,1.16483,1.16507
1779109200000,1.1650800000000001,1.16534,1.16463,1.1649800000000001
1779110100000,1.16497,1.16497,1.16448,1.16493
1779111000000,1.16494,1.1649900000000002,1.16433,1.1646100000000001
1779111900000,1.1645999999999999,1.1655499999999999,1.16458,1.16506
1779112800000,1.16507,1.16527,1.16424,1.16448
1779113700000,1.16449,1.16466,1.16414,1.1644999999999999
1779114600000,1.16449,1.1647,1.16408,1.16422
1779115500000,1.16424,1.16465,1.16414,1.16414
1779116400000,1.16413,1.16418,1.16328,1.1639000000000002
1779117300000,1.16389,1.1642100000000002,1.16362,1.1640000000000001
1779118200000,1.1639899999999999,1.1648699999999999,1.16383,1.1646999999999998
1779119100000,1.16469,1.16525,1.16447,1.1647999999999998
1779120000000,1.1647800000000001,1.16536,1.16436,1.16536
1779120900000,1.16537,1.16556,1.16483,1.1649100000000001
1779121800000,1.16492,1.16535,1.16476,1.165
1779122700000,1.16503,1.16539,1.165,1.16509
1779123600000,1.16504,1.16526,1.16493,1.16494
1779124500000,1.16493,1.1653,1.16489,1.16509
1779125400000,1.1650900000000002,1.16527,1.16494,1.16511
1779126300000,1.16514,1.16516,1.16476,1.16476
1779127200000,1.1647800000000001,1.16483,1.16446,1.1645100000000002
1779128100000,1.16452,1.16452,1.16362,1.1638300000000001
1779129000000,1.16387,1.16392,1.16351,1.16368
1779129900000,1.16367,1.16367,1.16282,1.16287
1779130800000,1.1628800000000001,1.16557,1.16287,1.1645400000000001
1779131700000,1.1645400000000001,1.16503,1.16439,1.1647
1779132600000,1.1647100000000001,1.16521,1.16467,1.16511
1779133500000,1.16509,1.1655,1.16503,1.16504
1779134400000,1.16507,1.1656900000000001,1.16507,1.16567
1779135300000,1.16568,1.1660300000000001,1.16568,1.16587
1779136200000,1.16586,1.1658799999999998,1.16542,1.1657199999999999
1779137100000,1.16571,1.16571,1.16539,1.16556
1779138000000,1.16547,1.1655200000000001,1.16487,1.16493
1779138900000,1.16495,1.16499,1.16475,1.16495
1779139800000,1.16486,1.1656,1.16486,1.16554
1779140700000,1.16554,1.16604,1.16551,1.16584
1779141600000,1.1658499999999998,1.1661199999999998,1.16573,1.16591
1779142500000,1.16591,1.16596,1.16581,1.16585
1779143400000,1.16585,1.16599,1.16579,1.16581
1779144300000,1.16582,1.16583,1.16571,1.16573
1779145200000,1.16573,1.16579,1.16561,1.16562
1779146100000,1.16563,1.16577,1.16557,1.16575
1779147000000,1.16576,1.16578,1.16553,1.16571
1779147900000,1.1657,1.1657,1.16541,1.1654200000000001
1779148800000,1.1654399999999998,1.1655399999999998,1.16491,1.1650299999999998
1779149700000,1.1650099999999999,1.16534,1.16485,1.1650099999999999
1779150600000,1.165,1.16502,1.16446,1.16452
1779151500000,1.16451,1.16459,1.16432,1.16439
1779152400000,1.1644,1.16456,1.16425,1.16444
1779153300000,1.16446,1.16466,1.16433,1.16457
1779154200000,1.1645599999999998,1.16522,1.16437,1.16516
1779155100000,1.16517,1.16517,1.16458,1.16458
1779156000000,1.1645699999999999,1.1645699999999999,1.16403,1.16427
1779156900000,1.16426,1.16466,1.16415,1.16445
1779157800000,1.16445,1.16461,1.1643,1.16441
1779158700000,1.16446,1.16451,1.16411,1.16427
1779159600000,1.16426,1.16431,1.16401,1.16423
1779160500000,1.16421,1.16451,1.16418,1.16442
1779161400000,1.1644299999999999,1.16447,1.16431,1.16432
1779162300000,1.16431,1.16431,1.16405,1.16405
1779163200000,1.1640700000000002,1.1642400000000002,1.16399,1.1641700000000001
1779164100000,1.1641599999999999,1.1642599999999999,1.164,1.16405
1779165000000,1.1640599999999999,1.16418,1.1637,1.16371
1779165900000,1.1637300000000002,1.16378,1.16348,1.1636
1779166800000,1.16361,1.16391,1.16348,1.16381
1779167700000,1.1638000000000002,1.16384,1.16331,1.1634900000000001
1779168600000,1.1635,1.1638899999999999,1.16339,1.1638
1779169500000,1.1637899999999999,1.1642599999999999,1.16373,1.16415
1779170400000,1.16416,1.1642,1.16374,1.164
1779171300000,1.16399,1.16452,1.16395,1.16423
1779172200000,1.1642,1.16425,1.1638,1.16418
1779173100000,1.16416,1.1642000000000001,1.16354,1.16361
1779174000000,1.16358,1.1635900000000001,1.16301,1.16337
1779174900000,1.16337,1.1634200000000001,1.16294,1.16311
1779175800000,1.1631,1.16331,1.16299,1.16305
1779176700000,1.16306,1.1637,1.16306,1.16343
1779177600000,1.16347,1.1635499999999999,1.16255,1.16276
1779178500000,1.16277,1.16318,1.16267,1.16297
1779179400000,1.16295,1.16333,1.16255,1.1626699999999999
1779180300000,1.16266,1.16278,1.16217,1.1622899999999998
1779181200000,1.16228,1.16228,1.16158,1.16168
1779182100000,1.16168,1.1619000000000002,1.16145,1.1617300000000002
1779183000000,1.16172,1.16191,1.16144,1.16175
1779183900000,1.16174,1.1620000000000001,1.16158,1.16189
1779184800000,1.16185,1.16254,1.1618,1.16249
1779185700000,1.16248,1.16261,1.16227,1.1624299999999999
1779186600000,1.16244,1.16248,1.16105,1.1612
1779187500000,1.16121,1.16229,1.16116,1.1621599999999999
1779188400000,1.1621499999999998,1.1621899999999998,1.16176,1.1617799999999998
1779189300000,1.16177,1.16197,1.16164,1.16183
1779190200000,1.16184,1.1622,1.16183,1.16211
1779191100000,1.1621199999999998,1.16217,1.16159,1.1616
1779192000000,1.16157,1.16224,1.16147,1.16214
1779192900000,1.16213,1.16234,1.16195,1.1621700000000001
1779193800000,1.1621299999999999,1.1622999999999999,1.16163,1.16176
1779194700000,1.16177,1.16212,1.16154,1.16161
1779195600000,1.1616000000000002,1.16174,1.16111,1.1614200000000001
1779196500000,1.16143,1.16147,1.16037,1.16051
1779197400000,1.1605299999999998,1.16093,1.1601,1.1608699999999998
1779198300000,1.1608800000000001,1.16151,1.16074,1.1613
1779199200000,1.1613,1.16163,1.16047,1.16047
1779200100000,1.16046,1.16059,1.15944,1.16002
1779201000000,1.16001,1.16009,1.15944,1.15956
1779201900000,1.1595499999999999,1.16004,1.15949,1.1595
1779202800000,1.15951,1.15976,1.15916,1.15944
1779203700000,1.1594600000000002,1.1597700000000002,1.15928,1.15954
1779204600000,1.15953,1.1602400000000002,1.15941,1.15994
1779205500000,1.15989,1.16023,1.15988,1.16014
1779206400000,1.16015,1.16019,1.15953,1.15983
1779207300000,1.15985,1.16054,1.1597,1.16047
1779208200000,1.16042,1.16089,1.16033,1.16079
1779209100000,1.16081,1.16084,1.16052,1.16065
1779210000000,1.16064,1.16117,1.16062,1.16111
1779210900000,1.16112,1.1611399999999998,1.16081,1.16089
1779211800000,1.16088,1.1610099999999999,1.16068,1.1609699999999998
1779212700000,1.1609800000000001,1.16111,1.16077,1.16101
1779213600000,1.16102,1.16143,1.161,1.16118
1779214500000,1.16117,1.1612200000000001,1.16077,1.16079
1779215400000,1.1607800000000001,1.1609200000000002,1.1606,1.16086
1779216300000,1.16087,1.16087,1.16022,1.16026
1779217200000,1.16024,1.16061,1.16021,1.16049
1779218100000,1.16051,1.16056,1.16022,1.16039
1779219000000,1.1604100000000002,1.16074,1.16033,1.16073
1779219900000,1.1607,1.16072,1.16038,1.16058
1779220800000,1.16059,1.1606,1.16028,1.16038
1779221700000,1.1603700000000001,1.1604400000000001,1.16029,1.16043
1779222600000,1.16044,1.16064,1.16044,1.16048
1779223500000,1.16042,1.16062,1.16038,1.16059
1779224400000,1.16035,1.16035,1.15988,1.1602000000000001
1779225300000,1.1602,1.1606599999999998,1.1602,1.16065
1779226200000,1.16065,1.16077,1.16059,1.16059
1779227100000,1.1606,1.16067,1.1605,1.1606500000000002
1779228000000,1.1606400000000001,1.16074,1.16056,1.1606100000000001
1779228900000,1.16061,1.1607699999999999,1.16061,1.16075
1779229800000,1.1607399999999999,1.16082,1.16061,1.1606299999999998
1779230700000,1.16064,1.16083,1.16061,1.16082
1779231600000,1.1608100000000001,1.1608500000000002,1.1607,1.1608500000000002
1779232500000,1.16086,1.16099,1.16086,1.16097
1779233400000,1.1609800000000001,1.16123,1.16093,1.16107
1779234300000,1.1610800000000001,1.1610800000000001,1.16057,1.1606100000000001
1779235200000,1.1605800000000002,1.1606400000000001,1.16026,1.16043
1779236100000,1.16044,1.1609699999999998,1.16034,1.1607999999999998
1779237000000,1.16082,1.161,1.16032,1.16038
1779237900000,1.1603700000000001,1.1605400000000001,1.16002,1.16008
1779238800000,1.16007,1.16018,1.15977,1.15982
1779239700000,1.1598300000000001,1.15999,1.15948,1.1595300000000002
1779240600000,1.15955,1.1597,1.1593,1.15948
1779241500000,1.1595,1.16022,1.15938,1.15967
1779242400000,1.1597,1.15998,1.15964,1.15997
1779243300000,1.15999,1.16023,1.15978,1.1598600000000001
1779244200000,1.1598499999999998,1.15987,1.15939,1.1597199999999999
1779245100000,1.1597,1.15991,1.15964,1.15973
1779246000000,1.1597,1.1597899999999999,1.15949,1.1597
1779246900000,1.15971,1.16023,1.15968,1.16018
1779247800000,1.16017,1.16049,1.16007,1.16042
1779248700000,1.1604400000000001,1.16049,1.16013,1.1601700000000001
1779249600000,1.16023,1.16062,1.16023,1.1604500000000002
1779250500000,1.16043,1.16043,1.16016,1.16025
1779251400000,1.16024,1.16026,1.15964,1.1598
1779252300000,1.1597799999999998,1.1599,1.15966,1.15967
1779253200000,1.1596600000000001,1.16009,1.15965,1.1598000000000002
1779254100000,1.1598,1.16003,1.15943,1.1594499999999999
1779255000000,1.1594799999999998,1.1598799999999998,1.15942,1.1595199999999999
1779255900000,1.15953,1.15953,1.15912,1.15949
1779256800000,1.1595000000000002,1.1598000000000002,1.15928,1.15978
1779257700000,1.1598300000000001,1.1605400000000001,1.15982,1.1604400000000001
1779258600000,1.16045,1.16045,1.15976,1.15991
1779259500000,1.15992,1.15993,1.15926,1.1596
1779260400000,1.15961,1.16009,1.15945,1.15979
1779261300000,1.15978,1.15998,1.15953,1.15968
1779262200000,1.15967,1.15975,1.15937,1.15937
1779263100000,1.15936,1.15942,1.15915,1.15926
1779264000000,1.1592699999999998,1.15947,1.15864,1.15871
1779264900000,1.15872,1.15892,1.15829,1.15883
1779265800000,1.15886,1.15937,1.15873,1.15928
1779266700000,1.15929,1.15938,1.15896,1.15898
1779267600000,1.15896,1.15939,1.15893,1.15926
1779268500000,1.15927,1.1593900000000001,1.15897,1.15909
1779269400000,1.15908,1.15923,1.15904,1.1590500000000001
1779270300000,1.15908,1.15916,1.15876,1.15876
1779271200000,1.15874,1.1593,1.15869,1.15924
1779272100000,1.15923,1.1596,1.15917,1.15944
1779273000000,1.1594600000000002,1.1602100000000002,1.15938,1.15998
1779273900000,1.15996,1.16023,1.15992,1.16005
1779274800000,1.16002,1.16002,1.15958,1.1597600000000001
1779275700000,1.15977,1.16018,1.15958,1.16016
1779276600000,1.16017,1.1604999999999999,1.16007,1.16015
1779277500000,1.16014,1.16028,1.15975,1.16004
1779278400000,1.16005,1.16038,1.15987,1.16011
1779279300000,1.16008,1.1602100000000002,1.15952,1.1598300000000001
1779280200000,1.15984,1.16011,1.15961,1.15981
1779281100000,1.15978,1.15994,1.15933,1.15948
1779282000000,1.15947,1.1595,1.15915,1.1592699999999998
1779282900000,1.1593099999999998,1.15933,1.15898,1.15903
1779283800000,1.1590200000000002,1.1593,1.15887,1.15923
1779284700000,1.1592399999999998,1.1596499999999998,1.15885,1.1590399999999998
1779285600000,1.15907,1.15907,1.15822,1.1588100000000001
1779286500000,1.15885,1.16198,1.15885,1.16126
1779287400000,1.1612600000000002,1.16235,1.16111,1.1616300000000002
1779288300000,1.1616700000000002,1.1623500000000002,1.16152,1.16175
1779289200000,1.1617600000000001,1.16224,1.16124,1.1614200000000001
1779290100000,1.16142,1.16446,1.1614,1.16246
1779291000000,1.1624700000000001,1.1633900000000001,1.16246,1.16266
1779291900000,1.16269,1.1628399999999999,1.16167,1.16186
1779292800000,1.16183,1.1630099999999999,1.16183,1.1627999999999998
1779293700000,1.16279,1.16302,1.1621,1.1623299999999999
1779294600000,1.1623599999999998,1.16272,1.16193,1.16272
1779295500000,1.16269,1.16297,1.16221,1.1624999999999999
1779296400000,1.16249,1.1625999999999999,1.1618,1.1623299999999999
1779297300000,1.16236,1.16253,1.16208,1.1624
1779298200000,1.1624400000000001,1.1626400000000001,1.16195,1.16195
1779299100000,1.16196,1.1622400000000002,1.16175,1.16175
1779300000000,1.16184,1.1623400000000002,1.16155,1.16232
1779300900000,1.16231,1.1627299999999998,1.16227,1.16272
1779301800000,1.16273,1.16323,1.16263,1.1626400000000001
1779302700000,1.16265,1.1635199999999999,1.16261,1.16303
1779303600000,1.1630099999999999,1.1633499999999999,1.16292,1.16297
1779304500000,1.16298,1.16323,1.16296,1.16321
1779305400000,1.16322,1.1634799999999998,1.16298,1.16302
1779306300000,1.1630099999999999,1.16319,1.16271,1.1627299999999998
1779307200000,1.16271,1.16279,1.16261,1.16276
1779308100000,1.16277,1.16279,1.16256,1.16265
1779309000000,1.16266,1.16269,1.16234,1.1623599999999998
1779309900000,1.16237,1.16258,1.16228,1.16248
1779310800000,1.16208,1.16236,1.16168,1.16236
1779311700000,1.1623599999999998,1.1623599999999998,1.1621,1.1621599999999999
1779312600000,1.16212,1.16245,1.16212,1.16245
1779313500000,1.16222,1.1625400000000001,1.16219,1.16223
1779314400000,1.1623599999999998,1.1627399999999999,1.16224,1.16273
1779315300000,1.1627299999999998,1.1627399999999999,1.16254,1.16258
1779316200000,1.1625800000000002,1.1626400000000001,1.1625,1.16263
1779317100000,1.1626299999999998,1.16264,1.16254,1.1625699999999999
1779318000000,1.1625800000000002,1.16269,1.16253,1.1625800000000002
1779318900000,1.16259,1.16259,1.16234,1.1623999999999999
1779319800000,1.16239,1.1623999999999999,1.16224,1.1622599999999998
1779320700000,1.1622700000000001,1.1626400000000001,1.16226,1.16242
1779321600000,1.16243,1.16259,1.16223,1.16253
1779322500000,1.16252,1.16268,1.16218,1.16258
1779323400000,1.16259,1.16263,1.16241,1.16259
1779324300000,1.16259,1.16285,1.16259,1.1628
1779325200000,1.16281,1.1634,1.16281,1.16326
1779326100000,1.1632600000000002,1.16347,1.16318,1.16324
1779327000000,1.16314,1.16339,1.16293,1.16306
1779327900000,1.1630600000000002,1.1631,1.16223,1.1625500000000002
1779328800000,1.16256,1.1628,1.16246,1.16248
1779329700000,1.1624899999999998,1.1624999999999999,1.16203,1.1620599999999999
1779330600000,1.16207,1.16218,1.16178,1.16195
1779331500000,1.16194,1.16198,1.16151,1.16171
1779332400000,1.1617199999999999,1.16203,1.1617,1.16184
1779333300000,1.16185,1.16221,1.16178,1.16199
1779334200000,1.16198,1.16211,1.16176,1.16204
1779335100000,1.16205,1.1621000000000001,1.16182,1.16185
1779336000000,1.16182,1.16205,1.16179,1.1620300000000001
1779336900000,1.16204,1.16211,1.16193,1.1620599999999999
1779337800000,1.16205,1.1621000000000001,1.16196,1.1621000000000001
1779338700000,1.1620899999999998,1.1622999999999999,1.16203,1.1621599999999999
1779339600000,1.16217,1.1622999999999999,1.16207,1.16211
1779340500000,1.1621000000000001,1.16215,1.16179,1.16185
1779341400000,1.1618600000000001,1.16211,1.16181,1.16202
1779342300000,1.16201,1.16217,1.16174,1.1621299999999999
1779343200000,1.16207,1.16259,1.16207,1.16251
1779344100000,1.16249,1.16261,1.16194,1.16245
1779345000000,1.16243,1.16252,1.16152,1.16165
1779345900000,1.16167,1.16199,1.16158,1.16197
1779346800000,1.16198,1.16205,1.16158,1.1617600000000001
1779347700000,1.1616,1.1616,1.15937,1.15967
1779348600000,1.15989,1.16035,1.15965,1.16029
1779349500000,1.16025,1.16084,1.16025,1.1607
1779350400000,1.16069,1.16255,1.16056,1.1625400000000001
1779351300000,1.1625699999999999,1.16349,1.16237,1.16332
1779352200000,1.16313,1.1631999999999998,1.1622,1.16225
1779353100000,1.16226,1.1628,1.16209,1.1623
1779354000000,1.16229,1.16283,1.16202,1.16273
1779354900000,1.16269,1.16313,1.16264,1.16313
1779355800000,1.16312,1.16329,1.16261,1.16268
1779356700000,1.16269,1.1629099999999999,1.16255,1.16268
1779357600000,1.16269,1.16297,1.16232,1.16239
1779358500000,1.16238,1.16247,1.16081,1.1612799999999999
1779359400000,1.1613200000000001,1.1613200000000001,1.15995,1.16059
1779360300000,1.16058,1.16103,1.16032,1.16068
1779361200000,1.1606500000000002,1.1611900000000002,1.16057,1.1608900000000002
1779362100000,1.1608800000000001,1.16155,1.1608,1.1612500000000001
1779363000000,1.16124,1.16139,1.16065,1.1607
1779363900000,1.16069,1.16073,1.15955,1.15984
1779364800000,1.15985,1.16027,1.15947,1.1597
1779365700000,1.15969,1.15979,1.15928,1.15941
1779366600000,1.15943,1.1605999999999999,1.15939,1.16059
1779367500000,1.16059,1.1608399999999999,1.15966,1.1596799999999998
1779368400000,1.15961,1.15995,1.15924,1.1594900000000001
1779369300000,1.15948,1.15953,1.15869,1.15889
1779370200000,1.15893,1.1589500000000001,1.15758,1.15771
1779371100000,1.15771,1.16005,1.15771,1.15941
1779372000000,1.1594200000000001,1.1595,1.15877,1.15924
1779372900000,1.15925,1.15936,1.15837,1.15882
1779373800000,1.15886,1.1594,1.15855,1.15899
1779374700000,1.159,1.1596,1.15893,1.15923
1779375600000,1.1592399999999998,1.1593399999999998,1.15817,1.1587299999999998
1779376500000,1.1587399999999999,1.15888,1.15845,1.1585
1779377400000,1.15848,1.15878,1.15824,1.15827
1779378300000,1.15828,1.1588500000000002,1.15826,1.1587800000000001
1779379200000,1.15879,1.1591399999999998,1.15841,1.15879
1779380100000,1.15879,1.1593,1.15862,1.15929
1779381000000,1.15927,1.15953,1.15917,1.15948
1779381900000,1.1595,1.1595799999999998,1.15932,1.15947
1779382800000,1.15953,1.1601899999999998,1.15922,1.16014
1779383700000,1.16017,1.16198,1.16017,1.16177
1779384600000,1.16176,1.16241,1.1614,1.16228
1779385500000,1.16229,1.1629500000000002,1.16192,1.16242
1779386400000,1.16232,1.16295,1.16183,1.16221
1779387300000,1.16222,1.16273,1.16201,1.16256
1779388200000,1.1625699999999999,1.16264,1.16231,1.16242
1779389100000,1.16243,1.16249,1.16066,1.16109
1779390000000,1.16103,1.16158,1.16092,1.16143
1779390900000,1.16144,1.16202,1.16143,1.16193
1779391800000,1.1619499999999998,1.16235,1.16176,1.16176
1779392700000,1.16178,1.1623599999999998,1.16136,1.16207
1779393600000,1.16209,1.16223,1.16161,1.1616900000000001
1779394500000,1.16168,1.16191,1.16154,1.1618
1779395400000,1.16181,1.16181,1.16156,1.16169
1779396300000,1.16167,1.16184,1.16157,1.16166
1779397200000,1.16164,1.1619899999999999,1.16136,1.1619899999999999
1779398100000,1.1619899999999999,1.16203,1.1618,1.16195
1779399000000,1.1619499999999998,1.16197,1.16149,1.16157
1779399900000,1.16149,1.1617899999999999,1.16149,1.1617
1779400800000,1.1617300000000002,1.16191,1.16148,1.1616
1779401700000,1.1615900000000001,1.16167,1.16158,1.1616300000000002
1779402600000,1.16162,1.16184,1.16161,1.16181
1779403500000,1.1618199999999999,1.16186,1.16169,1.16169
1779404400000,1.16169,1.1617899999999999,1.16167,1.16173
1779405300000,1.16174,1.16174,1.16155,1.16167
1779406200000,1.16168,1.16168,1.16162,1.16164
1779407100000,1.16163,1.16186,1.16163,1.16173
1779408000000,1.16174,1.16175,1.1613,1.16133
1779408900000,1.1613399999999998,1.1614499999999999,1.16125,1.1613499999999999
1779409800000,1.1613600000000002,1.16145,1.16118,1.16144
1779410700000,1.16145,1.16155,1.1613,1.16138
1779411600000,1.16134,1.16149,1.1612,1.16139
1779412500000,1.1614,1.16152,1.16117,1.16135
1779413400000,1.16133,1.16145,1.16117,1.16135
1779414300000,1.16134,1.16151,1.16094,1.16094
1779415200000,1.16093,1.1611300000000002,1.16091,1.16103
1779416100000,1.1610399999999998,1.1611399999999998,1.16098,1.16109
1779417000000,1.16108,1.1613799999999999,1.16108,1.1612799999999999
1779417900000,1.1612900000000002,1.16138,1.16094,1.1611200000000002
1779418800000,1.16112,1.1612500000000001,1.16083,1.16087
1779419700000,1.16085,1.1610399999999998,1.16081,1.1609699999999998
1779420600000,1.16099,1.1611,1.16097,1.16109
1779421500000,1.1610800000000001,1.1611500000000001,1.16101,1.16114
1779422400000,1.1611399999999998,1.1613699999999998,1.16108,1.16136
1779423300000,1.16134,1.16144,1.16127,1.1613
1779424200000,1.1612900000000002,1.16134,1.16124,1.1613
1779425100000,1.16129,1.1614900000000001,1.16127,1.16148
1779426000000,1.16146,1.16163,1.16142,1.16146
1779426900000,1.1614900000000001,1.16151,1.16138,1.1614
1779427800000,1.16138,1.1615,1.16134,1.16143
1779428700000,1.1614200000000001,1.16164,1.16066,1.16086
1779429600000,1.16086,1.16139,1.16069,1.1612
1779430500000,1.16119,1.1612399999999998,1.16088,1.1611799999999999
1779431400000,1.16119,1.1611999999999998,1.16047,1.1609099999999999
1779432300000,1.16091,1.16104,1.16053,1.16093
1779433200000,1.16092,1.16092,1.16007,1.16015
1779434100000,1.16014,1.16081,1.16014,1.16079
1779435000000,1.16078,1.16078,1.16041,1.16059
1779435900000,1.16057,1.16089,1.16046,1.16079
1779436800000,1.16078,1.16099,1.16054,1.16058
1779437700000,1.16057,1.1615300000000002,1.16057,1.1610800000000001
1779438600000,1.1611,1.1611799999999999,1.16028,1.16068
1779439500000,1.1607,1.16097,1.16055,1.16073
1779440400000,1.16072,1.16074,1.15988,1.1599300000000001
1779441300000,1.1598899999999999,1.16004,1.15956,1.15988
1779442200000,1.15987,1.16034,1.15977,1.16018
1779443100000,1.16019,1.16052,1.16018,1.16037
1779444000000,1.1603800000000002,1.16073,1.16023,1.1603100000000002
1779444900000,1.16028,1.1605299999999998,1.15997,1.15997
1779445800000,1.15995,1.16008,1.15968,1.1598
1779446700000,1.1597899999999999,1.1599,1.15946,1.1596899999999999
1779447600000,1.1596799999999998,1.1597199999999999,1.15929,1.1594799999999998
1779448500000,1.15949,1.1596199999999999,1.15932,1.1593499999999999
1779449400000,1.15934,1.1598199999999999,1.15929,1.15974
1779450300000,1.15976,1.16017,1.1595,1.1596
1779451200000,1.15959,1.1606,1.1594,1.16042
1779452100000,1.16039,1.16065,1.1596,1.1598
1779453000000,1.15983,1.16006,1.15971,1.15995
1779453900000,1.15996,1.16043,1.15995,1.1603700000000001
1779454800000,1.16045,1.16178,1.16034,1.16123
1779455700000,1.16124,1.1613499999999999,1.16072,1.16107
1779456600000,1.1610099999999999,1.1611099999999999,1.1602,1.16038
1779457500000,1.1603700000000001,1.16052,1.15989,1.16032
1779458400000,1.1603100000000002,1.16032,1.15887,1.15893
1779459300000,1.1589200000000002,1.1596000000000002,1.15877,1.1596000000000002
1779460200000,1.15959,1.1601299999999999,1.1595,1.16003
1779461100000,1.16004,1.16018,1.15943,1.15973
1779462000000,1.15972,1.16043,1.15952,1.1602800000000002
1779462900000,1.1603,1.16049,1.15989,1.1602100000000002
1779463800000,1.16021,1.1603299999999999,1.15977,1.16005
1779464700000,1.16006,1.1603800000000002,1.15989,1.16023
1779465600000,1.16024,1.16073,1.15991,1.16063
1779466500000,1.16062,1.16088,1.16048,1.16088
1779467400000,1.16086,1.1610200000000002,1.1605,1.16063
1779468300000,1.16066,1.16107,1.16065,1.16107
1779469200000,1.16109,1.16148,1.16106,1.1613
1779470100000,1.1613099999999998,1.1616799999999998,1.16081,1.16157
1779471000000,1.16158,1.1618600000000001,1.16107,1.16127
1779471900000,1.1612900000000002,1.1614600000000002,1.16101,1.16128
1779472800000,1.16127,1.1614499999999999,1.16089,1.16113
1779473700000,1.16108,1.1611799999999999,1.16095,1.161
1779474600000,1.16098,1.16146,1.16088,1.16113
1779475500000,1.1611200000000002,1.16135,1.16104,1.16113
1779476400000,1.16109,1.16134,1.16075,1.1608
1779477300000,1.16079,1.1609800000000001,1.16076,1.16077
1779478200000,1.16078,1.16083,1.16062,1.16064
1779479100000,1.1606299999999998,1.16068,1.16047,1.16054
1779480000000,1.1605299999999998,1.1605999999999999,1.16037,1.1604299999999999
1779480900000,1.1604500000000002,1.16053,1.1603,1.1603500000000002
1779481800000,1.16033,1.16033,1.15992,1.16011
1779482700000,1.16011,1.1602999999999999,1.15976,1.16014
1779656400000,1.16367,1.16379,1.16328,1.1634
1779657300000,1.16339,1.16356,1.16325,1.1633099999999998
1779658200000,1.1633099999999998,1.16339,1.16302,1.16332
1779659100000,1.16307,1.16326,1.1629,1.1632500000000001
1779660000000,1.1630800000000001,1.16372,1.16284,1.16355
1779660900000,1.16356,1.16414,1.16336,1.16403
1779661800000,1.16404,1.16438,1.164,1.16432
1779662700000,1.16433,1.16442,1.16411,1.16426
1779663600000,1.16425,1.16456,1.16425,1.16443
1779664500000,1.16442,1.16452,1.16437,1.16447
1779665400000,1.1644400000000001,1.16449,1.16436,1.16442
1779666300000,1.16441,1.1645,1.16408,1.16414
1779667200000,1.1641000000000001,1.16419,1.16375,1.1638600000000001
1779668100000,1.16387,1.16418,1.16378,1.16413
1779669000000,1.16414,1.16427,1.1638,1.16388
1779669900000,1.16388,1.16484,1.16348,1.16361
1779670800000,1.1636199999999999,1.1643,1.1635,1.16428
1779671700000,1.16429,1.1646500000000002,1.16423,1.16457
1779672600000,1.1645699999999999,1.1645699999999999,1.1639,1.1639599999999999
1779673500000,1.16397,1.16412,1.16378,1.16385
1779674400000,1.1638600000000001,1.16421,1.16385,1.16398
1779675300000,1.16399,1.16417,1.16391,1.16411
1779676200000,1.16412,1.1641299999999999,1.1639,1.1639899999999999
1779677100000,1.16401,1.1640300000000001,1.16361,1.16371
1779678000000,1.16374,1.16391,1.16355,1.16368
1779678900000,1.16367,1.16384,1.16358,1.16367
1779679800000,1.16368,1.16392,1.16367,1.16369
1779680700000,1.16367,1.16372,1.16355,1.16367
1779681600000,1.16367,1.16371,1.16351,1.16358
1779682500000,1.1635900000000001,1.16367,1.16354,1.16365
1779683400000,1.1636600000000001,1.16396,1.16365,1.16395
1779684300000,1.16396,1.16432,1.16395,1.16415
1779685200000,1.16414,1.16447,1.16407,1.1642599999999999
1779686100000,1.1642400000000002,1.1643100000000002,1.16416,1.16428
1779687000000,1.16426,1.16443,1.16416,1.16423
1779687900000,1.1642700000000001,1.1643400000000002,1.16375,1.1638600000000001
1779688800000,1.16383,1.1640199999999998,1.16376,1.16401
1779689700000,1.16402,1.16408,1.16371,1.16383
1779690600000,1.16384,1.16421,1.16371,1.16402
1779691500000,1.16403,1.16442,1.16393,1.16404
1779692400000,1.16408,1.16413,1.16352,1.16364
1779693300000,1.1636300000000002,1.1636600000000001,1.16291,1.1633200000000001
1779694200000,1.16334,1.16377,1.1633,1.16351
1779695100000,1.1635,1.1637,1.16333,1.16369
1779696000000,1.16368,1.16398,1.16324,1.16388
1779696900000,1.1639,1.1640300000000001,1.16378,1.16398
1779697800000,1.164,1.16437,1.16397,1.16418
1779698700000,1.16419,1.1643800000000002,1.16416,1.16432
1779699600000,1.16431,1.16447,1.16407,1.1640899999999998
1779700500000,1.1641,1.16434,1.16398,1.16417
1779701400000,1.16418,1.16443,1.16415,1.16442
1779702300000,1.16441,1.16441,1.164,1.1640899999999998
1779703200000,1.16408,1.16427,1.16408,1.16421
1779704100000,1.16422,1.16438,1.16414,1.16414
1779705000000,1.16412,1.16433,1.16409,1.16433
1779705900000,1.1643400000000002,1.1643400000000002,1.16413,1.16423
1779706800000,1.16425,1.16425,1.16397,1.1641299999999999
1779707700000,1.1641400000000002,1.16442,1.16413,1.16439
1779708600000,1.1643999999999999,1.1649299999999998,1.16437,1.1649299999999998
1779709500000,1.16492,1.1650099999999999,1.1643,1.16434
1779710400000,1.16435,1.16458,1.16421,1.16452
1779711300000,1.16451,1.16462,1.16431,1.16436
1779712200000,1.16437,1.1649999999999998,1.16437,1.16499
1779713100000,1.1649800000000001,1.16523,1.1647,1.16477
1779714000000,1.16476,1.16492,1.16458,1.16466
1779714900000,1.16467,1.16467,1.16433,1.16435
1779715800000,1.1643599999999998,1.1643899999999998,1.1641,1.1641299999999999
1779716700000,1.1641,1.16424,1.16383,1.16383
1779717600000,1.16382,1.16412,1.16378,1.16388
1779718500000,1.16395,1.16423,1.16392,1.1640700000000002
1779719400000,1.16408,1.1644299999999999,1.16397,1.16439
1779720300000,1.16438,1.16458,1.16402,1.16414
1779721200000,1.16415,1.1648,1.16391,1.16437
1779722100000,1.1643800000000002,1.16473,1.16433,1.1645100000000002
1779723000000,1.1645,1.16455,1.16436,1.16446
1779723900000,1.16443,1.16453,1.16415,1.16417
1779724800000,1.16418,1.16422,1.16374,1.16394
1779725700000,1.1639300000000001,1.16394,1.16375,1.16378
1779726600000,1.1637700000000002,1.16389,1.16362,1.1637700000000002
1779727500000,1.16378,1.1641,1.16377,1.16405
1779728400000,1.1640599999999999,1.16419,1.16397,1.16415
1779729300000,1.16415,1.16435,1.16415,1.16432
1779730200000,1.16431,1.16434,1.16421,1.16427
1779731100000,1.16426,1.16431,1.16411,1.16427
1779732000000,1.16428,1.16432,1.16415,1.16428
1779732900000,1.16429,1.16432,1.16419,1.1642000000000001
1779733800000,1.16421,1.16428,1.1641,1.16414
1779734700000,1.16416,1.16433,1.16416,1.16429
1779735600000,1.16428,1.1643100000000002,1.16416,1.16419
1779736500000,1.16419,1.16428,1.16418,1.16424
1779737400000,1.16425,1.1643000000000001,1.16416,1.16423
1779738300000,1.16423,1.16423,1.16412,1.16416
1779739200000,1.16418,1.1642599999999999,1.16417,1.16424
1779740100000,1.16424,1.16429,1.16414,1.1642599999999999
1779741000000,1.16428,1.16428,1.16408,1.16422
1779741900000,1.16421,1.16429,1.16419,1.1642400000000002
1779742800000,1.16402,1.16402,1.16348,1.16375
1779743700000,1.16366,1.1640199999999998,1.16342,1.16393
1779744600000,1.16393,1.1641599999999999,1.16369,1.16374
1779745500000,1.1637600000000001,1.1639000000000002,1.16341,1.1639000000000002
1779746400000,1.1639,1.16418,1.1638,1.16405
1779747300000,1.16406,1.16407,1.16391,1.16395
1779748200000,1.16397,1.16407,1.16387,1.16407
1779749100000,1.1640700000000002,1.16412,1.16402,1.1640300000000001
1779750000000,1.16404,1.16421,1.16403,1.16417
1779750900000,1.16417,1.16426,1.16401,1.16406
1779751800000,1.1640499999999998,1.1640499999999998,1.16366,1.16369
1779752700000,1.16372,1.1639300000000001,1.16351,1.16353
1779753600000,1.1635499999999999,1.16393,1.16343,1.16377
1779754500000,1.1638,1.1638300000000001,1.16334,1.16352
1779755400000,1.16353,1.1636,1.16344,1.16353
1779756300000,1.16351,1.1639,1.16347,1.16383
1779757200000,1.16382,1.16392,1.16344,1.16388
1779758100000,1.16387,1.16392,1.16357,1.16362
1779759000000,1.16363,1.16364,1.16298,1.16306
1779759900000,1.16307,1.16337,1.16302,1.16333
1779760800000,1.16335,1.16347,1.16318,1.16321
1779761700000,1.1632200000000001,1.1633200000000001,1.16317,1.1632500000000001
1779762600000,1.1632600000000002,1.1633600000000002,1.16311,1.1631200000000002
1779763500000,1.16311,1.1633900000000001,1.16307,1.16334
1779764400000,1.16333,1.1634799999999998,1.16332,1.16342
1779765300000,1.16341,1.16367,1.16341,1.16341
1779766200000,1.1634200000000001,1.16348,1.16338,1.16344
1779767100000,1.16343,1.1635499999999999,1.16336,1.16354
1779768000000,1.1635300000000002,1.16355,1.16328,1.16352
1779768900000,1.16348,1.16348,1.16326,1.16327
1779769800000,1.16328,1.16337,1.16318,1.1632300000000002
1779770700000,1.16324,1.16326,1.16289,1.1629099999999999
1779771600000,1.16292,1.16297,1.1628,1.1628500000000002
1779772500000,1.16282,1.16293,1.16275,1.1629099999999999
1779773400000,1.1628800000000001,1.1630200000000002,1.16284,1.1629200000000002
1779774300000,1.16291,1.16293,1.16269,1.16274
1779775200000,1.16273,1.1629500000000002,1.16267,1.16294
1779776100000,1.16292,1.1635,1.16283,1.16324
1779777000000,1.16323,1.16358,1.16321,1.1635600000000001
1779777900000,1.16357,1.1637,1.16334,1.16347
1779778800000,1.16346,1.16359,1.16235,1.16297
1779779700000,1.16298,1.16334,1.16285,1.16333
1779780600000,1.16327,1.16398,1.16322,1.1635199999999999
1779781500000,1.16351,1.1639199999999998,1.16329,1.1636499999999999
1779782400000,1.16367,1.16401,1.16346,1.16381
1779783300000,1.1638199999999999,1.16415,1.1637,1.16388
1779784200000,1.16386,1.16407,1.16342,1.16343
1779785100000,1.16344,1.16406,1.16338,1.1635900000000001
1779786000000,1.1636199999999999,1.16386,1.16322,1.16374
1779786900000,1.16368,1.16418,1.16363,1.1641299999999999
1779787800000,1.16414,1.1642899999999998,1.16393,1.16404
1779788700000,1.16405,1.16436,1.16394,1.16422
1779789600000,1.1641899999999998,1.16431,1.16393,1.1642199999999998
1779790500000,1.16423,1.1643000000000001,1.16402,1.1642400000000002
1779791400000,1.16426,1.16445,1.16371,1.16399
1779792300000,1.16399,1.1643000000000001,1.16388,1.1641000000000001
1779793200000,1.16411,1.16443,1.16398,1.16428
1779794100000,1.1642899999999998,1.1643999999999999,1.16393,1.1639499999999998
1779795000000,1.16396,1.16416,1.16344,1.16344
1779795900000,1.1634499999999999,1.16359,1.16329,1.16342
1779796800000,1.16336,1.16355,1.16307,1.1633200000000001
1779797700000,1.16329,1.16347,1.16317,1.16346
1779798600000,1.16347,1.16361,1.16327,1.16335
1779799500000,1.16334,1.1634200000000001,1.16311,1.16314
1779800400000,1.1631200000000002,1.1632500000000001,1.1628,1.16303
1779801300000,1.1630399999999999,1.16325,1.16261,1.16262
1779802200000,1.16267,1.16297,1.16249,1.16275
1779803100000,1.16276,1.16308,1.16167,1.1625
1779804000000,1.16252,1.16293,1.16216,1.16242
1779804900000,1.16243,1.16259,1.16208,1.16239
1779805800000,1.1623800000000002,1.16283,1.16223,1.1625500000000002
1779806700000,1.1625400000000001,1.1628200000000002,1.16233,1.16245
1779807600000,1.1624299999999999,1.1625299999999998,1.16193,1.1622199999999998
1779808500000,1.1622,1.16224,1.1617,1.16203
1779809400000,1.16204,1.16218,1.16158,1.1619300000000001
1779810300000,1.16194,1.1621599999999999,1.16183,1.1618899999999999
1779811200000,1.16194,1.16253,1.16191,1.16244
1779812100000,1.1624299999999999,1.16283,1.16241,1.1626699999999999
1779813000000,1.16266,1.1629,1.16245,1.16248
1779813900000,1.1624700000000001,1.16257,1.16219,1.16235
1779814800000,1.16233,1.1627,1.16223,1.16259
1779815700000,1.16257,1.1627,1.16235,1.16236
1779816600000,1.16235,1.1625599999999998,1.16217,1.1622299999999999
1779817500000,1.16224,1.16236,1.16208,1.16235
1779818400000,1.1623400000000002,1.1626,1.16229,1.1625400000000001
1779819300000,1.16258,1.16269,1.16249,1.16265
1779820200000,1.16266,1.16281,1.16258,1.16275
1779821100000,1.16274,1.16304,1.16274,1.1629
1779822000000,1.16289,1.16296,1.16269,1.16278
1779822900000,1.16279,1.163,1.16276,1.16289
1779823800000,1.1629,1.16313,1.16289,1.16307
1779824700000,1.16308,1.1632,1.16302,1.1631399999999998
1779825600000,1.16313,1.16324,1.16309,1.16315
1779826500000,1.16316,1.1632,1.16299,1.16299
1779827400000,1.16303,1.16316,1.16303,1.16304
1779828300000,1.16305,1.16313,1.16302,1.16313
1779829200000,1.16282,1.16282,1.16203,1.1627999999999998
1779830100000,1.1628,1.16301,1.1628,1.1628800000000001
1779831000000,1.1629,1.16306,1.16277,1.1628100000000001
1779831900000,1.1629,1.16295,1.16276,1.16277
1779832800000,1.16282,1.16332,1.16282,1.16312
1779833700000,1.16313,1.16322,1.16308,1.16319
1779834600000,1.1631900000000002,1.16324,1.16314,1.16324
1779835500000,1.1632399999999998,1.16329,1.16322,1.16327
1779836400000,1.1632799999999999,1.16336,1.16325,1.16333
1779837300000,1.16333,1.16364,1.16333,1.16363
1779838200000,1.1635900000000001,1.16388,1.16358,1.16388
1779839100000,1.16393,1.16393,1.16354,1.1635900000000001
1779840000000,1.16358,1.16384,1.16354,1.16383
1779840900000,1.1638199999999999,1.16398,1.16373,1.16387
1779841800000,1.16388,1.16394,1.16371,1.16384
1779842700000,1.16385,1.164,1.16371,1.1637600000000001
1779843600000,1.16374,1.16388,1.16368,1.1638300000000001
1779844500000,1.16382,1.16388,1.16362,1.1636600000000001
1779845400000,1.1636300000000002,1.1636600000000001,1.16321,1.1634200000000001
1779846300000,1.1634099999999998,1.16343,1.16325,1.1633399999999998
1779847200000,1.16333,1.16378,1.16333,1.16353
1779848100000,1.16354,1.16366,1.16339,1.16343
1779849000000,1.1634200000000001,1.16357,1.16334,1.16338
1779849900000,1.1633900000000001,1.16379,1.16338,1.16378
1779850800000,1.16379,1.16419,1.16378,1.16387
1779851700000,1.1638600000000001,1.1639300000000001,1.16372,1.1638600000000001
1779852600000,1.16387,1.16391,1.16363,1.16376
1779853500000,1.16377,1.16388,1.16367,1.16382
1779854400000,1.1638,1.16396,1.16378,1.16394
1779855300000,1.16393,1.16403,1.1639,1.1639
1779856200000,1.16388,1.16413,1.16388,1.16413
1779857100000,1.16414,1.16418,1.16397,1.16408
1779858000000,1.16407,1.1642899999999998,1.16403,1.1642299999999999
1779858900000,1.1642,1.16439,1.16411,1.16433
1779859800000,1.16438,1.16438,1.16402,1.1640700000000002
1779860700000,1.16408,1.1642400000000002,1.16382,1.16391
1779861600000,1.16392,1.16409,1.16368,1.16379
1779862500000,1.1638000000000002,1.1640400000000002,1.16372,1.16395
1779863400000,1.16396,1.16459,1.16382,1.1645800000000002
1779864300000,1.16459,1.16487,1.16438,1.1644999999999999
1779865200000,1.1645299999999998,1.1648299999999998,1.16437,1.1643999999999999
1779866100000,1.16439,1.1645699999999999,1.16417,1.16447
1779867000000,1.16448,1.16474,1.16432,1.16469
1779867900000,1.1646999999999998,1.16471,1.16397,1.16401
1779868800000,1.16397,1.16439,1.16378,1.1643000000000001
1779869700000,1.1643199999999998,1.1646599999999998,1.1642,1.1646599999999998
1779870600000,1.16467,1.16467,1.16429,1.16453
1779871500000,1.16451,1.16455,1.16424,1.16444
1779872400000,1.16442,1.16449,1.16419,1.1643400000000002
1779873300000,1.16433,1.1646400000000001,1.16433,1.1644800000000002
1779874200000,1.16447,1.16452,1.16428,1.16439
1779875100000,1.1644,1.1648,1.16436,1.1644100000000002
1779876000000,1.1644,1.16442,1.16423,1.16432
1779876900000,1.1643000000000001,1.16436,1.16361,1.1637
1779877800000,1.16369,1.164,1.16357,1.16379
1779878700000,1.16381,1.16392,1.16355,1.1638600000000001
1779879600000,1.16388,1.16402,1.16358,1.16401
1779880500000,1.1640400000000002,1.1641400000000002,1.16362,1.16374
1779881400000,1.16373,1.1638899999999999,1.16353,1.1638199999999999
1779882300000,1.1638300000000001,1.1639300000000001,1.16324,1.16372
1779883200000,1.16373,1.1638899999999999,1.16356,1.1636799999999998
1779884100000,1.16369,1.16595,1.1634,1.16556
1779885000000,1.16558,1.16608,1.16531,1.1653200000000001
1779885900000,1.16531,1.1654600000000002,1.16413,1.16432
1779886800000,1.16431,1.16473,1.16422,1.16448
1779887700000,1.16447,1.16471,1.16393,1.16408
1779888600000,1.16404,1.16453,1.16387,1.16414
1779889500000,1.16415,1.16456,1.16371,1.16408
1779890400000,1.16409,1.16483,1.16361,1.16479
1779891300000,1.16478,1.1651799999999999,1.16434,1.16483
1779892200000,1.16481,1.16513,1.16411,1.16482
1779893100000,1.16482,1.16502,1.16244,1.16249
1779894000000,1.16248,1.16334,1.16219,1.1632900000000002
1779894900000,1.1633,1.1634,1.16289,1.16333
1779895800000,1.16334,1.16358,1.16297,1.16303
1779896700000,1.16302,1.16332,1.16259,1.16296
1779897600000,1.16297,1.16297,1.16236,1.16287
1779898500000,1.16288,1.16316,1.16276,1.1628100000000001
1779899400000,1.1628299999999998,1.16322,1.16271,1.1630699999999998
1779900300000,1.16308,1.16323,1.16298,1.1631699999999998
1779901200000,1.16318,1.16325,1.16225,1.16227
1779902100000,1.1622700000000001,1.16252,1.16216,1.1623
1779903000000,1.16225,1.16254,1.16218,1.16248
1779903900000,1.1624899999999998,1.1627999999999998,1.16247,1.16268
1779904800000,1.16267,1.1627,1.16225,1.16236
1779905700000,1.16237,1.16242,1.16221,1.16241
1779906600000,1.16242,1.16276,1.16234,1.16272
1779907500000,1.1627,1.1629800000000001,1.1626,1.16289
1779908400000,1.1628999999999998,1.1631,1.16278,1.16298
1779909300000,1.1629900000000002,1.1631500000000001,1.16291,1.1630500000000001
1779910200000,1.16304,1.16311,1.16284,1.16284
1779911100000,1.16282,1.16294,1.16262,1.16283
1779912000000,1.1628399999999999,1.16302,1.16275,1.16281
1779912900000,1.16282,1.16288,1.16272,1.16275
1779913800000,1.16274,1.16284,1.16259,1.16273
1779914700000,1.1627200000000002,1.16273,1.1625,1.16253
1779915600000,1.16231,1.1627399999999999,1.16214,1.1626699999999999
1779916500000,1.16267,1.16279,1.1626,1.1626
1779917400000,1.16241,1.16283,1.16241,1.16269
1779918300000,1.16269,1.16293,1.16232,1.16274
1779919200000,1.1627399999999999,1.16298,1.16264,1.16296
1779920100000,1.1629500000000002,1.16299,1.16273,1.16276
1779921000000,1.16275,1.1628999999999998,1.16264,1.1626599999999998
1779921900000,1.1626699999999999,1.1626699999999999,1.16254,1.16254
1779922800000,1.1625299999999998,1.16275,1.16251,1.16271
1779923700000,1.16272,1.16281,1.16211,1.16212
1779924600000,1.1621299999999999,1.16222,1.162,1.16215
1779925500000,1.16216,1.16216,1.16154,1.1617
1779926400000,1.1616900000000001,1.16202,1.16161,1.16196
1779927300000,1.16197,1.1622899999999998,1.16193,1.16227
1779928200000,1.1622899999999998,1.1622899999999998,1.1619,1.16194
1779929100000,1.16195,1.16207,1.16163,1.16201
1779930000000,1.16203,1.16207,1.16173,1.1618899999999999
1779930900000,1.1619000000000002,1.1619700000000002,1.16179,1.1618000000000002
1779931800000,1.16181,1.16191,1.16154,1.16157
1779932700000,1.1615600000000001,1.16157,1.16087,1.16094
1779933600000,1.16095,1.1612,1.16089,1.1612
1779934500000,1.1611900000000002,1.1613600000000002,1.16114,1.16131
1779935400000,1.1613099999999998,1.16146,1.16108,1.16112
1779936300000,1.16113,1.16123,1.16099,1.16121
1779937200000,1.1612,1.16132,1.16051,1.16051
1779938100000,1.16048,1.16051,1.16004,1.16005
1779939000000,1.16005,1.1600599999999999,1.15922,1.15925
1779939900000,1.15924,1.15937,1.15866,1.15866
1779940800000,1.1586500000000002,1.15907,1.15857,1.1590500000000001
1779941700000,1.15906,1.15912,1.15875,1.15876
1779942600000,1.15875,1.1592,1.15875,1.1591099999999999
1779943500000,1.1591,1.15918,1.15897,1.1591200000000002
1779944400000,1.15913,1.15926,1.15885,1.15903
1779945300000,1.15902,1.15944,1.15896,1.15938
1779946200000,1.15941,1.15995,1.15937,1.15991
1779947100000,1.15992,1.16015,1.15985,1.15987
1779948000000,1.15988,1.1604400000000001,1.15982,1.16035
1779948900000,1.1603599999999998,1.1608699999999998,1.16027,1.16065
1779949800000,1.16066,1.1609200000000002,1.1605,1.1607200000000002
1779950700000,1.16073,1.16116,1.16056,1.16096
1779951600000,1.1609999999999998,1.1617099999999998,1.16098,1.16166
1779952500000,1.16165,1.1616600000000001,1.16118,1.1612
1779953400000,1.1612099999999999,1.1613399999999998,1.16095,1.16119
1779954300000,1.1612,1.16133,1.16107,1.1611200000000002
1779955200000,1.1611799999999999,1.1615499999999999,1.16088,1.16106
1779956100000,1.1610699999999998,1.16116,1.16061,1.1609099999999999
1779957000000,1.1609,1.16116,1.16085,1.16103
1779957900000,1.16102,1.16163,1.16098,1.1615099999999998
1779958800000,1.1615,1.16176,1.1614,1.16175
1779959700000,1.16175,1.1618600000000001,1.16151,1.1617300000000002
1779960600000,1.16174,1.16179,1.16138,1.16161
1779961500000,1.16157,1.1617300000000002,1.16124,1.16126
1779962400000,1.16125,1.1613499999999999,1.16085,1.1612399999999998
1779963300000,1.1613,1.16151,1.16093,1.16141
1779964200000,1.1614,1.16141,1.16052,1.16057
1779965100000,1.16058,1.1610099999999999,1.16031,1.16031
1779966000000,1.1603,1.16076,1.16029,1.16073
1779966900000,1.16074,1.16106,1.16069,1.16103
1779967800000,1.16102,1.16113,1.16075,1.16108
1779968700000,1.16106,1.16222,1.16099,1.16164
1779969600000,1.16162,1.16192,1.16151,1.16187
1779970500000,1.16188,1.16251,1.16184,1.16231
1779971400000,1.1622999999999999,1.16337,1.16227,1.1632099999999999
1779972300000,1.1632,1.16376,1.16316,1.1636
1779973200000,1.16363,1.1642599999999999,1.16322,1.16322
1779974100000,1.16323,1.1634900000000001,1.16321,1.16324
1779975000000,1.1632799999999999,1.1638,1.16315,1.16369
1779975900000,1.16366,1.1638,1.16286,1.16301
1779976800000,1.16298,1.1653399999999998,1.16264,1.1645599999999998
1779977700000,1.16462,1.1657499999999998,1.16414,1.16537
1779978600000,1.1653499999999999,1.16563,1.16461,1.1651399999999998
1779979500000,1.16513,1.1655,1.16425,1.16471
1779980400000,1.16473,1.16548,1.1647,1.1653
1779981300000,1.16531,1.16541,1.165,1.1652500000000001
1779982200000,1.16526,1.16562,1.16493,1.16506
1779983100000,1.16507,1.1653200000000001,1.16473,1.16476
1779984000000,1.1647500000000002,1.16501,1.1645,1.1649800000000001
1779984900000,1.1650099999999999,1.1660599999999999,1.16488,1.16567
1779985800000,1.16568,1.16591,1.16534,1.1655900000000001
1779986700000,1.16561,1.16584,1.16531,1.16562
1779987600000,1.16564,1.1656900000000001,1.16528,1.1654300000000002
1779988500000,1.16544,1.16544,1.16503,1.16505
1779989400000,1.1650800000000001,1.1653200000000001,1.16504,1.16507
1779990300000,1.1650800000000001,1.16538,1.16507,1.16528
1779991200000,1.16527,1.16544,1.16496,1.16516
1779992100000,1.16517,1.16548,1.1648,1.1648500000000002
1779993000000,1.1648399999999999,1.1648699999999999,1.16461,1.1646999999999998
1779993900000,1.16469,1.16496,1.16467,1.16474
1779994800000,1.16473,1.16486,1.16459,1.16466
1779995700000,1.1646699999999999,1.1648399999999999,1.16465,1.1648399999999999
1779996600000,1.16483,1.16506,1.16483,1.16495
1779997500000,1.16494,1.1651,1.16463,1.16473
1779998400000,1.16471,1.1647299999999998,1.16444,1.1646699999999999
1779999300000,1.16466,1.16473,1.16455,1.16461
1780000200000,1.16459,1.16478,1.16459,1.16472
1780001100000,1.16473,1.16492,1.16472,1.16489
1780002000000,1.1650299999999998,1.16523,1.16447,1.16506
1780002900000,1.16506,1.16506,1.16496,1.16498
1780003800000,1.16498,1.1651099999999999,1.16498,1.16499
1780004700000,1.16502,1.1650399999999999,1.16495,1.165
1780005600000,1.16497,1.1651500000000001,1.16497,1.16514
1780006500000,1.16509,1.16515,1.16506,1.16508
1780007400000,1.16509,1.1650999999999998,1.16498,1.1649999999999998
1780008300000,1.16501,1.16511,1.16494,1.16497
1780009200000,1.16496,1.16526,1.16496,1.16511
1780010100000,1.1650999999999998,1.16516,1.16508,1.1651099999999999
1780011000000,1.1651,1.1652,1.16502,1.1651
1780011900000,1.16509,1.16526,1.16508,1.1651999999999998
1780012800000,1.16515,1.1654099999999998,1.16515,1.16529
1780013700000,1.16528,1.16551,1.16518,1.1653300000000002
1780014600000,1.16534,1.16534,1.16492,1.1651099999999999
1780015500000,1.1651,1.16516,1.16469,1.16482
1780016400000,1.16483,1.16553,1.16473,1.16546
1780017300000,1.16547,1.1656,1.16532,1.1653399999999998
1780018200000,1.16533,1.16535,1.16487,1.16489
1780019100000,1.1649,1.1649,1.16428,1.1643999999999999
1780020000000,1.16441,1.1646999999999998,1.1643,1.1646699999999999
1780020900000,1.16466,1.16473,1.16451,1.16459
1780021800000,1.16458,1.16487,1.16452,1.1648
1780022700000,1.1648100000000001,1.16487,1.16443,1.16443
1780023600000,1.16444,1.16446,1.16398,1.1640300000000001
1780024500000,1.16404,1.16411,1.16391,1.16405
1780025400000,1.16406,1.16408,1.16358,1.16378
1780026300000,1.16379,1.16385,1.16354,1.16367
1780027200000,1.16364,1.1638600000000001,1.16364,1.16371
1780028100000,1.16369,1.16376,1.16349,1.1635199999999999
1780029000000,1.16351,1.16387,1.16337,1.16383
1780029900000,1.16384,1.1638600000000001,1.16364,1.16385
1780030800000,1.1638799999999998,1.1642,1.16376,1.16418
1780031700000,1.1641599999999999,1.16431,1.16407,1.1641
1780032600000,1.16411,1.1641899999999998,1.1639,1.1639599999999999
1780033500000,1.16395,1.16423,1.16391,1.16416
1780034400000,1.16418,1.16473,1.16416,1.16472
1780035300000,1.16471,1.16471,1.16447,1.1644999999999999
1780036200000,1.1645100000000002,1.16496,1.16446,1.1649
1780037100000,1.1649100000000001,1.16539,1.16483,1.16529
1780038000000,1.16527,1.16528,1.1648,1.16486
1780038900000,1.16485,1.16502,1.1641,1.1643
1780039800000,1.16431,1.16439,1.16373,1.16428
1780040700000,1.16427,1.16441,1.16391,1.16414
1780041600000,1.16398,1.16398,1.16336,1.1634499999999999
1780042500000,1.16346,1.1638499999999998,1.16332,1.16383
1780043400000,1.16382,1.16392,1.16352,1.16368
1780044300000,1.16366,1.16366,1.16244,1.16276
1780045200000,1.1627699999999999,1.16359,1.16261,1.1635799999999998
1780046100000,1.16356,1.1638,1.16336,1.1636
1780047000000,1.16361,1.16367,1.16326,1.1636199999999999
1780047900000,1.16361,1.16423,1.16361,1.16411
1780048800000,1.16409,1.16446,1.16374,1.16444
1780049700000,1.16443,1.16446,1.16395,1.1642000000000001
1780050600000,1.16421,1.16438,1.16408,1.16421
1780051500000,1.1641899999999998,1.16435,1.16403,1.1642599999999999
1780052400000,1.1642199999999998,1.16444,1.16403,1.16417
1780053300000,1.16418,1.16431,1.16394,1.16428
1780054200000,1.1642299999999999,1.1646299999999998,1.164,1.16451
1780055100000,1.1645400000000001,1.16476,1.16409,1.16472
1780056000000,1.16472,1.16481,1.16424,1.16452
1780056900000,1.1645,1.16466,1.16432,1.16459
1780057800000,1.1646,1.1646400000000001,1.16409,1.16448
1780058700000,1.16446,1.16485,1.16432,1.16484
1780059600000,1.16483,1.16489,1.16459,1.16468
1780060500000,1.16469,1.16526,1.16469,1.16494
1780061400000,1.16491,1.16517,1.16475,1.16503
1780062300000,1.1649999999999998,1.16506,1.16444,1.1646699999999999
1780063200000,1.1647,1.16504,1.16428,1.16429
1780064100000,1.1643100000000002,1.16456,1.16413,1.1645500000000002
1780065000000,1.1645400000000001,1.16476,1.16399,1.1647100000000001
1780065900000,1.1647,1.1674,1.16463,1.1668100000000001
1780066800000,1.1668,1.16774,1.16667,1.1675900000000001
1780067700000,1.16761,1.16815,1.16735,1.1674600000000002
1780068600000,1.1675,1.16852,1.16738,1.16755
1780069500000,1.16752,1.1679899999999999,1.16752,1.1677499999999998
1780070400000,1.16776,1.16787,1.16689,1.16691
1780071300000,1.1669,1.16704,1.16673,1.16693
1780072200000,1.16694,1.16743,1.16662,1.16703
1780073100000,1.16704,1.16718,1.16686,1.16715
1780074000000,1.16716,1.16728,1.16683,1.16686
1780074900000,1.1668999999999998,1.1669999999999998,1.16654,1.16672
1780075800000,1.1667299999999998,1.1667699999999999,1.16627,1.1663899999999998
1780076700000,1.1664,1.1665100000000002,1.16616,1.16618
1780077600000,1.1661299999999999,1.16637,1.16611,1.16636
1780078500000,1.16635,1.1665299999999998,1.1662,1.16641
1780079400000,1.1664,1.1668,1.1664,1.1664700000000001
1780080300000,1.16645,1.16672,1.166,1.16637
1780081200000,1.16638,1.16686,1.16637,1.1667399999999999
1780082100000,1.1667100000000001,1.16689,1.1665,1.16674
1780083000000,1.16676,1.16682,1.16659,1.16671
1780083900000,1.1667,1.16674,1.16632,1.16641
1780084800000,1.16643,1.1664400000000001,1.16612,1.16625
1780085700000,1.16624,1.16625,1.16603,1.16608
1780086600000,1.1660700000000002,1.1662000000000001,1.16599,1.16615
1780087500000,1.16614,1.16614,1.1658,1.16604
1780261200000,1.1652200000000001,1.16553,1.16497,1.16534
1780262100000,1.16534,1.16534,1.16503,1.16534
1780263000000,1.1653399999999998,1.16557,1.16525,1.1655099999999998
1780263900000,1.16552,1.166,1.16546,1.16576
1780264800000,1.1658,1.1658,1.16508,1.16539
1780265700000,1.16538,1.16553,1.16524,1.1652500000000001
1780266600000,1.16526,1.16533,1.16514,1.16531
1780267500000,1.16532,1.16546,1.16529,1.16539
1780268400000,1.1654,1.16551,1.1653,1.16539
1780269300000,1.16534,1.1655000000000002,1.16528,1.1654900000000001
1780270200000,1.16549,1.16552,1.16532,1.16536
1780271100000,1.16534,1.16541,1.16479,1.1648
1780272000000,1.1648100000000001,1.1653200000000001,1.1647,1.16507
1780272900000,1.16508,1.16515,1.16451,1.16471
1780273800000,1.16472,1.16478,1.16455,1.1646699999999999
1780274700000,1.16471,1.16479,1.16445,1.16473
1780275600000,1.16472,1.16478,1.16437,1.16454
1780276500000,1.16453,1.16465,1.16432,1.16433
1780277400000,1.16434,1.16449,1.16418,1.16435
1780278300000,1.16435,1.16445,1.16414,1.16442
1780279200000,1.16442,1.16446,1.16432,1.16441
1780280100000,1.1643999999999999,1.16449,1.16438,1.16441
1780281000000,1.16438,1.16452,1.16431,1.16439
1780281900000,1.16438,1.16464,1.16438,1.16459
1780282800000,1.1646,1.16485,1.16452,1.16452
1780283700000,1.16449,1.16477,1.16429,1.1647100000000001
1780284600000,1.1647,1.16479,1.16411,1.16412
1780285500000,1.16413,1.1643700000000001,1.16413,1.16432
1780286400000,1.16433,1.16452,1.16428,1.16449
1780287300000,1.16448,1.16469,1.16448,1.16468
1780288200000,1.1646699999999999,1.1647999999999998,1.16461,1.16476
1780289100000,1.16475,1.16477,1.16456,1.16476
1780290000000,1.16477,1.16518,1.16473,1.16511
1780290900000,1.1651,1.1652,1.16507,1.1650800000000001
1780291800000,1.16509,1.1651699999999998,1.16498,1.16516
1780292700000,1.16517,1.16528,1.16503,1.1650800000000001
1780293600000,1.1651200000000002,1.16555,1.16511,1.16541
1780294500000,1.1654,1.16551,1.16497,1.1650800000000001
1780295400000,1.1651200000000002,1.16535,1.16504,1.16534
1780296300000,1.16533,1.16643,1.1652,1.16641
1780297200000,1.16639,1.16643,1.16554,1.16581
1780298100000,1.1658199999999999,1.1660599999999999,1.16552,1.1657799999999998
1780299000000,1.16577,1.16584,1.16521,1.1652900000000002
1780299900000,1.1652799999999999,1.1658499999999998,1.16512,1.16561
1780300800000,1.1656900000000001,1.1658300000000001,1.16545,1.1657700000000002
1780301700000,1.16581,1.16596,1.16544,1.16583
1780302600000,1.1658499999999998,1.16591,1.16566,1.16586
1780303500000,1.16587,1.1659599999999999,1.16529,1.16573
1780304400000,1.16571,1.166,1.16506,1.16516
1780305300000,1.16518,1.1654200000000001,1.16477,1.1649200000000002
1780306200000,1.1648999999999998,1.16506,1.16481,1.16481
1780307100000,1.16482,1.1650800000000001,1.1648,1.16503
1780308000000,1.16504,1.16506,1.16482,1.16486
1780308900000,1.16487,1.1649,1.16467,1.1648
1780309800000,1.16479,1.16497,1.16469,1.16489
1780310700000,1.16491,1.16497,1.16455,1.1647
1780311600000,1.16468,1.16475,1.16412,1.16442
1780312500000,1.16441,1.16461,1.16434,1.16458
1780313400000,1.16459,1.16459,1.16424,1.16449
1780314300000,1.1644700000000001,1.16476,1.16432,1.16458
1780315200000,1.16459,1.16478,1.16451,1.16456
1780316100000,1.1645699999999999,1.16496,1.16451,1.1649399999999999
1780317000000,1.16493,1.16499,1.16446,1.16476
1780317900000,1.1647800000000001,1.1648500000000002,1.16453,1.1646800000000002
1780318800000,1.16469,1.16477,1.16273,1.16316
1780319700000,1.16317,1.16375,1.16249,1.16266
1780320600000,1.1627500000000002,1.1629,1.16199,1.16202
1780321500000,1.16198,1.16223,1.16094,1.16094
1780322400000,1.1609500000000001,1.16147,1.16063,1.16136
1780323300000,1.16135,1.1617600000000001,1.16107,1.16138
1780324200000,1.16137,1.1617600000000001,1.16121,1.1616900000000001
1780325100000,1.16171,1.1617799999999998,1.16105,1.1617
1780326000000,1.16171,1.16192,1.16147,1.1616
1780326900000,1.16161,1.16222,1.16157,1.16212
1780327800000,1.16213,1.1628200000000002,1.16213,1.16243
1780328700000,1.1624400000000001,1.16249,1.16212,1.16225
1780329600000,1.1622700000000001,1.16256,1.16168,1.16184
1780330500000,1.16183,1.16217,1.16159,1.1620899999999998
1780331400000,1.1621000000000001,1.1623700000000001,1.16202,1.1620700000000002
1780332300000,1.16208,1.1629900000000002,1.16206,1.1629200000000002
1780333200000,1.16295,1.1629699999999998,1.16247,1.16258
1780334100000,1.1625699999999999,1.16314,1.16248,1.16314
1780335000000,1.16315,1.16374,1.16292,1.1634799999999998
1780335900000,1.16347,1.16367,1.16332,1.16342
1780336800000,1.1634300000000002,1.16347,1.16328,1.1633600000000002
1780337700000,1.16337,1.16347,1.16324,1.16326
1780338600000,1.16327,1.1634200000000001,1.16318,1.16341
1780339500000,1.1634,1.1634200000000001,1.16301,1.1630200000000002
1780340400000,1.16301,1.16333,1.1629,1.16311
1780341300000,1.1631,1.16329,1.1631,1.16316
1780342200000,1.16317,1.16329,1.16313,1.16313
1780343100000,1.1631200000000002,1.1631900000000002,1.1626,1.16311
1780344000000,1.1631200000000002,1.16333,1.16307,1.16314
1780344900000,1.16316,1.16317,1.163,1.1631
1780345800000,1.16307,1.1632600000000002,1.16304,1.16324
1780346700000,1.16322,1.16327,1.16306,1.16317
1780347600000,1.16282,1.16282,1.16245,1.16269
1780348500000,1.16269,1.16311,1.16267,1.16303
1780349400000,1.16305,1.16327,1.16296,1.16324
1780350300000,1.1632699999999998,1.16349,1.16315,1.16315
1780351200000,1.16325,1.16341,1.16316,1.16332
1780352100000,1.16333,1.16334,1.16326,1.16326
1780353000000,1.16325,1.16336,1.16325,1.16333
1780353900000,1.16332,1.1633499999999999,1.16329,1.16334
1780354800000,1.16334,1.16353,1.16334,1.16344
1780355700000,1.1634499999999999,1.16349,1.16342,1.16342
1780356600000,1.16343,1.16357,1.16323,1.16354
1780357500000,1.16353,1.1635499999999999,1.16343,1.16348
1780358400000,1.1634900000000001,1.1634900000000001,1.16294,1.16327
1780359300000,1.1632799999999999,1.1633799999999999,1.16312,1.16326
1780360200000,1.16325,1.16342,1.16312,1.16319
1780361100000,1.1631799999999999,1.16323,1.16288,1.16308
1780362000000,1.1631,1.16363,1.16307,1.16355
1780362900000,1.1635199999999999,1.16353,1.16322,1.16332
1780363800000,1.1633099999999998,1.1634799999999998,1.16319,1.16325
1780364700000,1.16324,1.1632500000000001,1.1628,1.163
1780365600000,1.1630200000000002,1.16317,1.16297,1.16313
1780366500000,1.16316,1.16336,1.16308,1.16332
1780367400000,1.16333,1.1633900000000001,1.16297,1.16301
1780368300000,1.16302,1.16311,1.163,1.16303
1780369200000,1.16306,1.1633,1.16305,1.1632399999999998
1780370100000,1.1632200000000001,1.1633200000000001,1.16311,1.1632600000000002
1780371000000,1.1632500000000001,1.1634,1.16321,1.16334
1780371900000,1.16334,1.16347,1.16329,1.16336
1780372800000,1.16337,1.1634799999999998,1.16336,1.16347
1780373700000,1.16345,1.1635900000000001,1.16345,1.16354
1780374600000,1.16353,1.16367,1.16353,1.1636199999999999
1780375500000,1.1636199999999999,1.16383,1.16359,1.16373
1780376400000,1.16374,1.1638700000000002,1.16372,1.1638600000000001
1780377300000,1.16384,1.1639199999999998,1.16363,1.16371
1780378200000,1.16372,1.16382,1.16371,1.16373
1780379100000,1.16372,1.16373,1.16357,1.16366
1780380000000,1.16365,1.16466,1.16365,1.1644800000000002
1780380900000,1.1644700000000001,1.16498,1.16442,1.16486
1780381800000,1.16485,1.16517,1.16475,1.1647699999999999
1780382700000,1.16476,1.16502,1.16475,1.16499
1780383600000,1.1649800000000001,1.1650200000000002,1.1646,1.1646
1780384500000,1.1646100000000001,1.1647100000000001,1.16443,1.16463
1780385400000,1.1646100000000001,1.16483,1.16453,1.1647800000000001
1780386300000,1.1647699999999999,1.16489,1.16464,1.1647999999999998
1780387200000,1.16483,1.1652,1.16458,1.16458
1780388100000,1.16459,1.16471,1.16444,1.16458
1780389000000,1.1645899999999998,1.16472,1.16447,1.16448
1780389900000,1.16449,1.16449,1.16415,1.1643000000000001
1780390800000,1.16431,1.16432,1.16397,1.1640599999999999
1780391700000,1.16404,1.16429,1.16398,1.16428
1780392600000,1.1642700000000001,1.16443,1.16422,1.16431
1780393500000,1.16432,1.16441,1.16405,1.16426
1780394400000,1.16427,1.16449,1.16408,1.16433
1780395300000,1.16432,1.16435,1.16379,1.1642000000000001
1780396200000,1.16421,1.16434,1.16411,1.16434
1780397100000,1.16435,1.16455,1.16418,1.16431
1780398000000,1.16432,1.16453,1.16431,1.16437
1780398900000,1.16438,1.16463,1.16435,1.16462
1780399800000,1.16463,1.165,1.16458,1.16498
1780400700000,1.16496,1.16522,1.16489,1.16489
1780401600000,1.16492,1.1650699999999998,1.16478,1.16483
1780402500000,1.16482,1.16534,1.1647,1.16518
1780403400000,1.1651699999999998,1.1655099999999998,1.16488,1.16506
1780404300000,1.16507,1.16518,1.16487,1.16499
1780405200000,1.165,1.16518,1.16469,1.1648
1780406100000,1.16481,1.1649699999999998,1.16451,1.16451
1780407000000,1.16452,1.16475,1.16436,1.1643700000000001
1780407900000,1.1643599999999998,1.1644599999999998,1.1639,1.1642899999999998
1780408800000,1.16428,1.16428,1.16356,1.16411
1780409700000,1.1640899999999998,1.1643,1.16359,1.1639199999999998
1780410600000,1.1639300000000001,1.16494,1.16388,1.1646
1780411500000,1.1646,1.16462,1.16418,1.1643
1780412400000,1.16431,1.16441,1.16381,1.16412
1780413300000,1.16411,1.16446,1.1635,1.16363
1780414200000,1.16362,1.1640300000000001,1.16358,1.16397
1780415100000,1.1639599999999999,1.16412,1.16387,1.164
1780416000000,1.1640300000000001,1.16406,1.16352,1.16372
1780416900000,1.1637099999999998,1.16376,1.16298,1.16302
1780417800000,1.1630299999999998,1.1631099999999999,1.16264,1.16279
1780418700000,1.1627800000000001,1.16289,1.16263,1.1627800000000001
1780419600000,1.16279,1.16292,1.16244,1.16254
1780420500000,1.16255,1.16265,1.16227,1.16238
1780421400000,1.1623700000000001,1.1624700000000001,1.16216,1.16225
1780422300000,1.16224,1.16225,1.16197,1.1621
1780423200000,1.16209,1.1622100000000002,1.16172,1.16178
1780424100000,1.16177,1.16205,1.1613,1.162
1780425000000,1.16203,1.1625599999999998,1.16203,1.1624299999999999
1780425900000,1.16242,1.16295,1.16242,1.1628
1780426800000,1.16283,1.16317,1.16283,1.16317
1780427700000,1.16318,1.16326,1.16303,1.16313
1780428600000,1.1631399999999998,1.1632,1.16302,1.16309
1780429500000,1.16308,1.1632099999999999,1.16302,1.16317
1780430400000,1.16318,1.1634200000000001,1.16317,1.16329
1780431300000,1.1632799999999999,1.16331,1.16309,1.16314
1780432200000,1.16315,1.1631799999999999,1.16295,1.16308
1780433100000,1.1631099999999999,1.16315,1.16299,1.16308
1780434000000,1.16309,1.16309,1.16242,1.16293
1780434900000,1.16289,1.1630099999999999,1.16289,1.16296
1780435800000,1.16293,1.16297,1.16275,1.16297
1780436700000,1.16297,1.16306,1.1627,1.16273
1780437600000,1.16279,1.16292,1.16263,1.16265
1780438500000,1.16266,1.16282,1.16265,1.16279
1780439400000,1.1628,1.16285,1.16276,1.1628100000000001
1780440300000,1.1628399999999999,1.1628399999999999,1.16258,1.1625999999999999
1780441200000,1.1626100000000001,1.1626800000000002,1.1624,1.1624500000000002
1780442100000,1.16244,1.16249,1.16217,1.16225
1780443000000,1.16226,1.1622999999999999,1.16194,1.16212
1780443900000,1.1621299999999999,1.1621299999999999,1.16193,1.1620599999999999
1780444800000,1.16205,1.1623400000000002,1.16199,1.16228
1780445700000,1.1622700000000001,1.1626800000000002,1.16219,1.16266
1780446600000,1.16267,1.16302,1.16263,1.1628500000000002
1780447500000,1.16284,1.16289,1.1627,1.16283
1780448400000,1.16284,1.16291,1.16257,1.16274
1780449300000,1.16273,1.1630399999999999,1.16265,1.1630099999999999
1780450200000,1.16299,1.16319,1.1628,1.16313
1780451100000,1.1631200000000002,1.16328,1.1627,1.1629
1780452000000,1.1629099999999999,1.1631399999999998,1.16288,1.16302
1780452900000,1.163,1.1630200000000002,1.16277,1.1628
1780453800000,1.1628100000000001,1.1629200000000002,1.16267,1.16276
1780454700000,1.16275,1.16281,1.16244,1.16276
1780455600000,1.1627699999999999,1.1629,1.16268,1.16278
1780456500000,1.16279,1.16285,1.16266,1.16266
1780457400000,1.1626699999999999,1.1629,1.16258,1.16278
1780458300000,1.16281,1.16284,1.16262,1.1627
1780459200000,1.16271,1.16276,1.16251,1.16254
1780460100000,1.16253,1.16259,1.16243,1.16243
1780461000000,1.16242,1.1625299999999998,1.16241,1.16252
1780461900000,1.16251,1.16255,1.16239,1.16251
1780462800000,1.1624999999999999,1.16264,1.16241,1.16258
1780463700000,1.1626,1.16267,1.16213,1.1621800000000002
1780464600000,1.16217,1.16235,1.16207,1.1621299999999999
1780465500000,1.16212,1.16228,1.16181,1.16181
1780466400000,1.16182,1.16219,1.16138,1.1616900000000001
1780467300000,1.16171,1.16179,1.16118,1.16155
1780468200000,1.16154,1.16181,1.16129,1.1613799999999999
1780469100000,1.16137,1.16168,1.16127,1.16158
1780470000000,1.1615499999999999,1.16203,1.16126,1.16178
1780470900000,1.1617899999999999,1.16192,1.16133,1.16133
1780471800000,1.16136,1.16239,1.16124,1.16213
1780472700000,1.16214,1.16218,1.16153,1.16156
1780473600000,1.16158,1.1616199999999999,1.16116,1.16116
1780474500000,1.1611500000000001,1.16124,1.16093,1.16114
1780475400000,1.1611500000000001,1.1614900000000001,1.16046,1.16058
1780476300000,1.1606,1.16099,1.16059,1.16077
1780477200000,1.16076,1.16128,1.16074,1.16114
1780478100000,1.16113,1.16154,1.16105,1.16119
1780479000000,1.16118,1.16137,1.16091,1.1613600000000002
1780479900000,1.16137,1.16151,1.16103,1.1613
1780480800000,1.16131,1.16224,1.16123,1.16149
1780481700000,1.1614499999999999,1.1615499999999999,1.16129,1.16149
1780482600000,1.16145,1.16172,1.16141,1.16161
1780483500000,1.16162,1.16165,1.1614,1.16156
1780484400000,1.16157,1.16184,1.16148,1.16177
1780485300000,1.1617600000000001,1.16198,1.16168,1.16196
1780486200000,1.1619700000000002,1.1620300000000001,1.16172,1.16175
1780487100000,1.16174,1.16221,1.16159,1.16173
1780488000000,1.1617199999999999,1.16181,1.16119,1.16137
1780488900000,1.16136,1.16136,1.16064,1.16065
1780489800000,1.16064,1.16064,1.15963,1.16046
1780490700000,1.1604700000000001,1.16049,1.15969,1.15999
1780491600000,1.1600000000000001,1.1603,1.15985,1.16009
1780492500000,1.16013,1.16043,1.15968,1.16035
1780493400000,1.1604,1.16058,1.16018,1.16025
1780494300000,1.16024,1.1604299999999999,1.15983,1.1602199999999998
1780495200000,1.16021,1.1608100000000001,1.15995,1.1606
1780496100000,1.16059,1.16071,1.15991,1.16033
1780497000000,1.16032,1.1603800000000002,1.15955,1.15958
1780497900000,1.15957,1.1611799999999999,1.15943,1.16117
1780498800000,1.16118,1.1612500000000001,1.16019,1.16065
1780499700000,1.16062,1.16109,1.16047,1.16071
1780500600000,1.16069,1.16098,1.16037,1.16058
1780501500000,1.16059,1.1607,1.16036,1.16043
1780502400000,1.16044,1.16045,1.15966,1.1597799999999998
1780503300000,1.15979,1.1599700000000002,1.15952,1.1599000000000002
1780504200000,1.1598899999999999,1.1599599999999999,1.15946,1.15959
1780505100000,1.15962,1.16012,1.15951,1.15996
1780506000000,1.15997,1.16031,1.15977,1.15998
1780506900000,1.15997,1.16,1.15966,1.1596899999999999
1780507800000,1.1596799999999998,1.15991,1.15966,1.15977
1780508700000,1.15978,1.15987,1.15963,1.1597899999999999
1780509600000,1.15979,1.15987,1.15954,1.15958
1780510500000,1.15959,1.15976,1.15946,1.15973
1780511400000,1.15974,1.15974,1.1595,1.15967
1780512300000,1.1596600000000001,1.1599300000000001,1.15965,1.15978
1780513200000,1.15977,1.1599599999999999,1.15973,1.1597499999999998
1780514100000,1.15976,1.1600499999999998,1.15966,1.1596799999999998
1780515000000,1.15969,1.1598600000000001,1.15969,1.15975
1780515900000,1.15976,1.15984,1.15966,1.15976
1780516800000,1.15977,1.15988,1.15965,1.1598300000000001
1780517700000,1.15984,1.15999,1.15977,1.1599
1780518600000,1.15988,1.15997,1.15974,1.15977
1780519500000,1.15978,1.1599400000000002,1.15969,1.15979
1780520400000,1.15965,1.1598000000000002,1.15948,1.1597300000000001
1780521300000,1.15964,1.1596899999999999,1.1596,1.15968
1780522200000,1.15969,1.15985,1.15961,1.1598300000000001
1780523100000,1.15985,1.15987,1.15963,1.1597
1780524000000,1.1597000000000002,1.1598600000000001,1.15945,1.1595300000000002
1780524900000,1.15954,1.15968,1.15941,1.15964
1780525800000,1.15964,1.15982,1.15962,1.15969
1780526700000,1.15968,1.16118,1.15964,1.16052
1780527600000,1.16053,1.1607800000000001,1.16009,1.16045
1780528500000,1.16047,1.16056,1.16034,1.16048
1780529400000,1.16049,1.1606800000000002,1.16043,1.16063
1780530300000,1.16063,1.16103,1.16063,1.1608500000000002
1780531200000,1.16084,1.16106,1.1605,1.1608
1780532100000,1.16079,1.16121,1.1607,1.1609
1780533000000,1.16089,1.16114,1.16077,1.1610900000000002
1780533900000,1.1611,1.16111,1.16053,1.1606100000000001
1780534800000,1.1605999999999999,1.16069,1.16034,1.16058
1780535700000,1.1605599999999998,1.1607999999999998,1.16047,1.1607299999999998
1780536600000,1.16074,1.16097,1.16066,1.16073
1780537500000,1.16074,1.16094,1.16069,1.16091
1780538400000,1.1609399999999999,1.16098,1.16071,1.16071
1780539300000,1.16072,1.1607699999999999,1.16058,1.16072
1780540200000,1.16073,1.1609099999999999,1.16072,1.16088
1780541100000,1.16092,1.16107,1.1609,1.1609500000000001
1780542000000,1.16096,1.16096,1.16036,1.1604
1780542900000,1.16042,1.16058,1.1602,1.1602999999999999
1780543800000,1.16029,1.1604400000000001,1.16023,1.16029
1780544700000,1.16028,1.16057,1.16022,1.16055
1780545600000,1.16056,1.16056,1.16034,1.1603999999999999
1780546500000,1.1604100000000002,1.1605500000000002,1.1604,1.16053
1780547400000,1.16054,1.16126,1.16054,1.16105
1780548300000,1.16104,1.1612,1.16079,1.16092
1780549200000,1.16091,1.16099,1.16069,1.16078
1780550100000,1.16077,1.1608500000000002,1.1605,1.16053
1780551000000,1.16054,1.16083,1.16048,1.16078
1780551900000,1.16079,1.16099,1.1607,1.16093
1780552800000,1.16095,1.1612099999999999,1.16085,1.1611799999999999
1780553700000,1.16117,1.16122,1.16066,1.161
1780554600000,1.16099,1.1614499999999999,1.16081,1.16126
1780555500000,1.16125,1.16125,1.16075,1.16102
1780556400000,1.16101,1.16121,1.16087,1.16099
1780557300000,1.1609800000000001,1.1610900000000002,1.16033,1.16059
1780558200000,1.16056,1.16066,1.1598,1.1600899999999998
1780559100000,1.16008,1.16039,1.15994,1.16034
1780560000000,1.1603500000000002,1.1607100000000001,1.1603,1.16049
1780560900000,1.16054,1.16103,1.16048,1.16099
1780561800000,1.1610099999999999,1.1613499999999999,1.16062,1.1607
1780562700000,1.16071,1.16135,1.16069,1.16127
1780563600000,1.16126,1.16194,1.16126,1.16183
1780564500000,1.16182,1.1622000000000001,1.16178,1.16201
1780565400000,1.162,1.16268,1.16187,1.16262
1780566300000,1.1626299999999998,1.16278,1.16237,1.16252
1780567200000,1.1624999999999999,1.1630099999999999,1.16247,1.16292
1780568100000,1.16293,1.16301,1.16253,1.16282
1780569000000,1.16283,1.1633,1.16275,1.16319
1780569900000,1.16318,1.16336,1.16273,1.16299
1780570800000,1.1629999999999998,1.16363,1.16298,1.16347
1780571700000,1.16348,1.16429,1.16345,1.16401
1780572600000,1.16405,1.16434,1.16364,1.16433
1780573500000,1.16432,1.16448,1.16405,1.16413
1780574400000,1.16411,1.16447,1.16339,1.16373
1780575300000,1.1637600000000001,1.16395,1.16362,1.1637700000000002
1780576200000,1.16385,1.16408,1.16377,1.16395
1780577100000,1.16394,1.16429,1.16364,1.16365
1780578000000,1.16363,1.16394,1.16337,1.16343
1780578900000,1.1634200000000001,1.1637300000000002,1.16335,1.1636000000000002
1780579800000,1.16361,1.1639,1.16343,1.1639
1780580700000,1.16389,1.16391,1.16348,1.1635600000000001
1780581600000,1.16355,1.1639300000000001,1.16317,1.16329
1780582500000,1.1632799999999999,1.16343,1.16308,1.1631099999999999
1780583400000,1.1631,1.16324,1.16284,1.1630800000000001
1780584300000,1.16309,1.16327,1.16289,1.16299
1780585200000,1.16301,1.1631,1.1623,1.1624400000000001
1780586100000,1.16245,1.16258,1.16219,1.1623
1780587000000,1.16231,1.1625999999999999,1.1622,1.16231
1780587900000,1.16232,1.16293,1.16222,1.16277
1780588800000,1.16278,1.16286,1.16258,1.1626999999999998
1780589700000,1.16272,1.16292,1.16263,1.16276
1780590600000,1.16279,1.16283,1.1625,1.1625800000000002
1780591500000,1.1625699999999999,1.1625699999999999,1.16227,1.1622899999999998
1780592400000,1.16228,1.16235,1.16205,1.16209
1780593300000,1.1620599999999999,1.16215,1.16194,1.16197
1780594200000,1.1619599999999999,1.16215,1.16194,1.162
1780595100000,1.16199,1.16206,1.16189,1.16202
1780596000000,1.1620000000000001,1.16219,1.16192,1.16199
1780596900000,1.162,1.16201,1.1616,1.1616
1780597800000,1.1615900000000001,1.16174,1.16145,1.1615900000000001
1780598700000,1.16158,1.1616900000000001,1.16128,1.16144
1780599600000,1.16145,1.1615600000000001,1.16107,1.16114
1780600500000,1.1611500000000001,1.16124,1.16114,1.16118
1780601400000,1.16119,1.16123,1.16103,1.1610800000000001
1780602300000,1.16109,1.16126,1.161,1.16119
1780603200000,1.1612,1.1613,1.16097,1.16097
1780604100000,1.16096,1.16108,1.16081,1.1608699999999998
1780605000000,1.16086,1.16101,1.16076,1.161
1780605900000,1.1610099999999999,1.16115,1.16099,1.16104
1780606800000,1.1609200000000002,1.1612200000000001,1.16091,1.16107
1780607700000,1.16104,1.16138,1.16094,1.16135
1780608600000,1.1611099999999999,1.1615,1.16098,1.16119
1780609500000,1.1611799999999999,1.16134,1.16112,1.16119
1780610400000,1.16119,1.1613,1.16109,1.16125
1780611300000,1.16124,1.1612600000000002,1.16118,1.1612500000000001
1780612200000,1.16123,1.16127,1.16109,1.16109
1780613100000,1.1610900000000002,1.16116,1.16104,1.16116
1780614000000,1.1611699999999998,1.16125,1.16115,1.1612399999999998
1780614900000,1.16125,1.16131,1.16123,1.16125
1780615800000,1.1612500000000001,1.16126,1.16114,1.1611900000000002
1780616700000,1.16118,1.1612900000000002,1.16114,1.16118
1780617600000,1.1611399999999998,1.1613499999999999,1.16105,1.1611
1780618500000,1.1611,1.16128,1.16106,1.16124
1780619400000,1.1612500000000001,1.16128,1.1611,1.16111
1780620300000,1.16106,1.1613,1.16104,1.16123
1780621200000,1.16122,1.1613499999999999,1.16109,1.16114
1780622100000,1.16115,1.1612799999999999,1.16092,1.1611
1780623000000,1.16112,1.16137,1.16105,1.1613
1780623900000,1.16131,1.16144,1.16124,1.16131
1780624800000,1.16132,1.1615499999999999,1.16119,1.1614799999999998
1780625700000,1.1614900000000001,1.16161,1.16141,1.16155
1780626600000,1.16153,1.16154,1.16129,1.16136
1780627500000,1.16137,1.16148,1.16131,1.16135
1780628400000,1.1613600000000002,1.16144,1.16131,1.16137
1780629300000,1.16138,1.1615199999999999,1.16133,1.16141
1780630200000,1.1614,1.1614499999999999,1.16132,1.16132
1780631100000,1.1613600000000002,1.16143,1.16131,1.1614200000000001
1780632000000,1.1614300000000002,1.16152,1.16138,1.1614200000000001
1780632900000,1.16141,1.16159,1.16133,1.16133
1780633800000,1.16135,1.16155,1.16134,1.1614900000000001
1780634700000,1.1615,1.16165,1.16144,1.16156
1780635600000,1.16155,1.1615900000000001,1.16144,1.1615
1780636500000,1.16152,1.16158,1.16147,1.16154
1780637400000,1.16155,1.16188,1.16155,1.16165
1780638300000,1.16168,1.1617600000000001,1.16148,1.16151
1780639200000,1.16149,1.1615499999999999,1.16125,1.16143
1780640100000,1.1614399999999998,1.1617499999999998,1.16125,1.16173
1780641000000,1.16172,1.16213,1.16164,1.16213
1780641900000,1.16214,1.16222,1.1618,1.16218
1780642800000,1.16217,1.1626699999999999,1.16211,1.16256
1780643700000,1.1626,1.16296,1.16255,1.16296
1780644600000,1.16295,1.16366,1.16289,1.16327
1780645500000,1.16326,1.16355,1.16314,1.16314
1780646400000,1.16315,1.1639,1.16313,1.16389
1780647300000,1.16388,1.16394,1.16358,1.1637300000000002
1780648200000,1.16372,1.16392,1.16361,1.16373
1780649100000,1.16374,1.16385,1.1636,1.16361
1780650000000,1.1636,1.16433,1.16341,1.16415
1780650900000,1.16418,1.16438,1.16386,1.1639
1780651800000,1.16391,1.16398,1.16371,1.16379
1780652700000,1.1638,1.1639199999999998,1.16369,1.1638199999999999
1780653600000,1.16381,1.16398,1.1638,1.16394
1780654500000,1.16392,1.16419,1.16388,1.16416
1780655400000,1.1641700000000001,1.1643700000000001,1.16399,1.1640700000000002
1780656300000,1.1640599999999999,1.1642,1.16383,1.1639899999999999
1780657200000,1.16396,1.1640000000000001,1.16348,1.16355
1780658100000,1.16357,1.1639,1.16349,1.1638499999999998
1780659000000,1.16384,1.16391,1.16339,1.16353
1780659900000,1.1635600000000001,1.16415,1.16351,1.1641000000000001
1780660800000,1.16411,1.16424,1.16381,1.164
1780661700000,1.1639799999999998,1.16401,1.16342,1.16342
1780662600000,1.1633799999999999,1.16341,1.16048,1.16066
1780663500000,1.16065,1.1607699999999999,1.15858,1.15859
1780664400000,1.1586,1.15991,1.15835,1.1595
1780665300000,1.1594900000000001,1.15985,1.15833,1.15842
1780666200000,1.1584299999999998,1.15862,1.15763,1.15803
1780667100000,1.15804,1.1585,1.15713,1.15714
1780668000000,1.15711,1.1580000000000001,1.15606,1.15619
1780668900000,1.1561800000000002,1.1562000000000001,1.15535,1.1555300000000002
1780669800000,1.15554,1.15613,1.15491,1.1551
1780670700000,1.15509,1.15597,1.15509,1.15585
1780671600000,1.15586,1.15595,1.15456,1.1546100000000001
1780672500000,1.15462,1.1550399999999998,1.15434,1.15461
1780673400000,1.1546,1.1547399999999999,1.1534,1.1536
1780674300000,1.15356,1.15361,1.1531,1.1532
1780675200000,1.15321,1.15321,1.15259,1.15275
1780676100000,1.1527399999999999,1.1530099999999999,1.15227,1.1526299999999998
1780677000000,1.15261,1.15261,1.1522,1.15244
1780677900000,1.15242,1.1532499999999999,1.15241,1.15317
1780678800000,1.15319,1.1532499999999999,1.15262,1.15283
1780679700000,1.15282,1.1529,1.15255,1.15266
1780680600000,1.1526500000000002,1.1527,1.15216,1.1522000000000001
1780681500000,1.15221,1.15249,1.15188,1.1523700000000001
1780682400000,1.1524,1.15246,1.15189,1.15206
1780683300000,1.1520299999999999,1.15254,1.15197,1.1522
1780684200000,1.15219,1.15262,1.15214,1.15225
1780685100000,1.15224,1.15284,1.15205,1.15225
1780686000000,1.15224,1.1522999999999999,1.15183,1.15194
1780686900000,1.1519300000000001,1.15219,1.15178,1.15214
1780687800000,1.1521299999999999,1.1524299999999998,1.152,1.1523599999999998
1780688700000,1.1523400000000001,1.15268,1.15229,1.15247
1780689600000,1.15248,1.15249,1.15175,1.1517600000000001
1780690500000,1.15175,1.15236,1.15175,1.1523
1780691400000,1.15231,1.15256,1.15211,1.15219
1780692300000,1.15224,1.15241,1.15181,1.15226
1780866000000,1.1509200000000002,1.15113,1.15067,1.15094
1780866900000,1.1509399999999999,1.1509399999999999,1.15082,1.1509399999999999
1780867800000,1.1509399999999999,1.1510099999999999,1.15078,1.1508099999999999
1780868700000,1.15076,1.15102,1.15071,1.15099
1780869600000,1.1511,1.15166,1.15082,1.15164
1780870500000,1.15162,1.15182,1.1513,1.15131
1780871400000,1.15133,1.1516,1.15115,1.1513399999999998
1780872300000,1.15134,1.15148,1.151,1.15125
1780873200000,1.15126,1.15173,1.15126,1.1517
1780874100000,1.15171,1.1519700000000002,1.15169,1.1517700000000002
1780875000000,1.15178,1.152,1.15173,1.1518899999999999
1780875900000,1.1519000000000001,1.15222,1.15179,1.1521400000000002
1780876800000,1.15215,1.15241,1.15202,1.15225
1780877700000,1.15221,1.15241,1.15204,1.15221
1780878600000,1.1522,1.1527599999999998,1.1522,1.1527599999999998
1780879500000,1.15278,1.1533,1.15271,1.1533
1780880400000,1.1532499999999999,1.15343,1.15296,1.15299
1780881300000,1.153,1.15303,1.15173,1.1519
1780882200000,1.15191,1.15241,1.15112,1.1523299999999999
1780883100000,1.15235,1.15265,1.1521,1.15259
1780884000000,1.1525999999999998,1.1527399999999999,1.152,1.1523599999999998
1780884900000,1.15234,1.15295,1.15227,1.15285
1780885800000,1.15285,1.15288,1.15254,1.1528399999999999
1780886700000,1.15283,1.15311,1.15274,1.1528
1780887600000,1.1528,1.15286,1.15255,1.15269
1780888500000,1.15268,1.1528100000000001,1.15256,1.1527
1780889400000,1.15269,1.15296,1.15267,1.1529500000000001
1780890300000,1.15296,1.15319,1.15286,1.15318
1780891200000,1.15317,1.15321,1.15294,1.1531900000000002
1780892100000,1.1532,1.1532900000000001,1.15304,1.1532900000000001
1780893000000,1.15328,1.15334,1.15297,1.15301
1780893900000,1.15303,1.15318,1.15296,1.15309
1780894800000,1.1531099999999999,1.15349,1.15309,1.15314
1780895700000,1.15315,1.15393,1.15315,1.1534099999999998
1780896600000,1.1534,1.15344,1.15243,1.15274
1780897500000,1.1527,1.15286,1.15172,1.15186
1780898400000,1.15187,1.1521899999999998,1.15156,1.15184
1780899300000,1.15183,1.15244,1.15181,1.1523
1780900200000,1.15228,1.15229,1.15155,1.15186
1780901100000,1.15182,1.15209,1.15131,1.15147
1780902000000,1.15151,1.15255,1.15138,1.1523400000000001
1780902900000,1.1523100000000002,1.15264,1.15199,1.15229
1780903800000,1.15228,1.1525999999999998,1.1519,1.15234
1780904700000,1.15235,1.1524899999999998,1.15159,1.1516
1780905600000,1.15157,1.1522700000000001,1.15138,1.15186
1780906500000,1.15185,1.15192,1.15138,1.15191
1780907400000,1.15193,1.15205,1.15109,1.1515199999999999
1780908300000,1.15151,1.15165,1.15074,1.15077
1780909200000,1.15076,1.15105,1.15051,1.15061
1780910100000,1.1506200000000002,1.1507,1.15013,1.15016
1780911000000,1.15015,1.15101,1.14991,1.15049
1780911900000,1.15047,1.1514,1.15043,1.1512
1780912800000,1.15119,1.15175,1.15096,1.15167
1780913700000,1.15166,1.15197,1.15137,1.1517
1780914600000,1.15172,1.15314,1.15151,1.15242
1780915500000,1.1524299999999998,1.15271,1.15227,1.1523899999999998
1780916400000,1.1524,1.15344,1.15229,1.1534
1780917300000,1.1533900000000001,1.15416,1.15304,1.15401
1780918200000,1.1540199999999998,1.1543299999999999,1.15346,1.15354
1780919100000,1.1535499999999999,1.1538499999999998,1.15329,1.1536
1780920000000,1.15361,1.1542999999999999,1.1536,1.15368
1780920900000,1.15367,1.1539799999999998,1.15359,1.1538599999999999
1780921800000,1.15387,1.15431,1.15354,1.15405
1780922700000,1.15406,1.1542000000000001,1.15345,1.15415
1780923600000,1.15418,1.15463,1.15409,1.15433
1780924500000,1.15432,1.1554200000000001,1.15416,1.1549
1780925400000,1.15488,1.1552,1.15444,1.15448
1780926300000,1.1544899999999998,1.15471,1.1541,1.1541
1780927200000,1.15409,1.1544,1.15369,1.1538000000000002
1780928100000,1.15381,1.15388,1.15313,1.1536
1780929000000,1.15357,1.1539599999999999,1.15329,1.1535499999999999
1780929900000,1.1535600000000001,1.15422,1.15321,1.15422
1780930800000,1.15424,1.15474,1.15395,1.15445
1780931700000,1.1544299999999998,1.1546999999999998,1.1539,1.15391
1780932600000,1.15394,1.15409,1.1536,1.15397
1780933500000,1.1539599999999999,1.15465,1.15393,1.15437
1780934400000,1.15436,1.15456,1.15416,1.1543
1780935300000,1.1543100000000002,1.1543800000000002,1.15406,1.15406
1780936200000,1.15409,1.1543,1.15399,1.15418
1780937100000,1.15416,1.15425,1.15384,1.15384
1780938000000,1.15383,1.15404,1.15376,1.1539899999999998
1780938900000,1.154,1.1541,1.15376,1.1539
1780939800000,1.15392,1.15392,1.15351,1.15385
1780940700000,1.15384,1.15403,1.15374,1.15374
1780941600000,1.15376,1.1541599999999999,1.15376,1.1539199999999998
1780942500000,1.1539300000000001,1.1540400000000002,1.15382,1.15402
1780943400000,1.15404,1.1541299999999999,1.15357,1.1536
1780944300000,1.15358,1.1536000000000002,1.15277,1.1527800000000001
1780945200000,1.15277,1.15331,1.15277,1.15304
1780946100000,1.15303,1.1532200000000001,1.15297,1.1531500000000001
1780947000000,1.15314,1.15337,1.153,1.15306
1780947900000,1.15307,1.15317,1.15287,1.15303
1780948800000,1.1530200000000002,1.1531900000000002,1.15301,1.15311
1780949700000,1.15312,1.15333,1.15299,1.15321
1780950600000,1.1532200000000001,1.15323,1.15304,1.15311
1780951500000,1.1531,1.1532,1.15306,1.15313
1780952400000,1.1531900000000002,1.15384,1.15311,1.15334
1780953300000,1.1533600000000002,1.1533600000000002,1.15321,1.1532600000000002
1780954200000,1.15321,1.15361,1.15321,1.15355
1780955100000,1.1536,1.15368,1.15344,1.15356
1780956000000,1.15346,1.15346,1.15316,1.1533499999999999
1780956900000,1.1533600000000002,1.1533600000000002,1.15325,1.1532600000000002
1780957800000,1.15325,1.1533,1.1532,1.15321
1780958700000,1.1532,1.15334,1.1532,1.1533
1780959600000,1.1533,1.15336,1.15329,1.1533
1780960500000,1.15331,1.15334,1.15304,1.1530500000000001
1780961400000,1.15303,1.15306,1.1529,1.1529800000000001
1780962300000,1.15297,1.15299,1.15273,1.15276
1780963200000,1.15269,1.15297,1.15265,1.15278
1780964100000,1.1527699999999999,1.1529399999999999,1.15275,1.1528399999999999
1780965000000,1.15285,1.15309,1.15271,1.1529999999999998
1780965900000,1.15299,1.15311,1.15273,1.15308
1780966800000,1.1531,1.15336,1.153,1.15335
1780967700000,1.1533499999999999,1.15361,1.15329,1.1535
1780968600000,1.15351,1.15371,1.15345,1.15361
1780969500000,1.15362,1.15391,1.15361,1.15391
1780970400000,1.15393,1.1539899999999998,1.15383,1.1539
1780971300000,1.15386,1.15388,1.15361,1.15384
1780972200000,1.15384,1.15391,1.15371,1.15381
1780973100000,1.1538,1.15388,1.15367,1.1537
1780974000000,1.1536899999999999,1.15391,1.15357,1.1538599999999999
1780974900000,1.15388,1.15394,1.15343,1.15361
1780975800000,1.15362,1.15372,1.15355,1.15369
1780976700000,1.15369,1.1537600000000001,1.15344,1.15374
1780977600000,1.15374,1.15392,1.15364,1.15389
1780978500000,1.15388,1.15414,1.15385,1.15413
1780979400000,1.15412,1.1546,1.15401,1.15454
1780980300000,1.15454,1.15476,1.15445,1.15449
1780981200000,1.1544999999999999,1.1545299999999998,1.1539,1.1539199999999998
1780982100000,1.15393,1.1542899999999998,1.15393,1.1541299999999999
1780983000000,1.1541199999999998,1.1546699999999999,1.1541,1.1544999999999999
1780983900000,1.1545299999999998,1.1546999999999998,1.15434,1.15441
1780984800000,1.1544400000000001,1.1549500000000001,1.15429,1.15494
1780985700000,1.1549200000000002,1.1552900000000002,1.15484,1.1549200000000002
1780986600000,1.15491,1.15491,1.1544,1.1545800000000002
1780987500000,1.15452,1.15465,1.15434,1.15435
1780988400000,1.1543599999999998,1.1546299999999998,1.15393,1.1539499999999998
1780989300000,1.1539400000000002,1.1542100000000002,1.15369,1.1539400000000002
1780990200000,1.1539300000000001,1.15416,1.15378,1.15414
1780991100000,1.1541299999999999,1.15433,1.15384,1.15387
1780992000000,1.15385,1.15421,1.1536,1.1539
1780992900000,1.15391,1.15448,1.15385,1.15439
1780993800000,1.1544,1.15468,1.15435,1.15458
1780994700000,1.15455,1.15521,1.15446,1.15501
1780995600000,1.15503,1.15562,1.15497,1.15555
1780996500000,1.15556,1.15591,1.15543,1.15554
1780997400000,1.1555499999999999,1.15594,1.15549,1.1559
1780998300000,1.15591,1.1563299999999999,1.1559,1.1560899999999998
1780999200000,1.1560700000000002,1.1562700000000001,1.15596,1.1562100000000002
1781000100000,1.1562,1.1565599999999998,1.15617,1.15648
1781001000000,1.15649,1.15681,1.15642,1.15679
1781001900000,1.1567999999999998,1.1568999999999998,1.15644,1.15648
1781002800000,1.15649,1.1569099999999999,1.15648,1.15679
1781003700000,1.1567800000000001,1.1572200000000001,1.15667,1.15718
1781004600000,1.1572,1.15726,1.15668,1.1566999999999998
1781005500000,1.15672,1.1573699999999998,1.15664,1.1572099999999998
1781006400000,1.15724,1.15744,1.15699,1.15706
1781007300000,1.15708,1.15715,1.15686,1.15687
1781008200000,1.15687,1.15739,1.15686,1.15729
1781009100000,1.1572799999999999,1.15744,1.15716,1.15732
1781010000000,1.15738,1.15775,1.15733,1.15763
1781010900000,1.1576199999999999,1.15764,1.15705,1.15716
1781011800000,1.15718,1.1571900000000002,1.1563,1.1564400000000001
1781012700000,1.15643,1.15759,1.15635,1.15657
1781013600000,1.1565800000000002,1.15728,1.15633,1.15633
1781014500000,1.15632,1.15664,1.15577,1.15625
1781015400000,1.15623,1.1568800000000001,1.15613,1.1562000000000001
1781016300000,1.15618,1.1565899999999998,1.15603,1.15618
1781017200000,1.15619,1.1566800000000002,1.15599,1.15639
1781018100000,1.15638,1.15641,1.1557,1.15578
1781019000000,1.15577,1.15594,1.15453,1.1552900000000002
1781019900000,1.1553,1.15565,1.15504,1.1554600000000002
1781020800000,1.15547,1.15568,1.15452,1.15456
1781021700000,1.15455,1.15468,1.15403,1.15454
1781022600000,1.1545,1.15469,1.15279,1.15351
1781023500000,1.1535,1.15404,1.15329,1.15404
1781024400000,1.1540300000000001,1.15447,1.15398,1.15424
1781025300000,1.15423,1.15525,1.15415,1.15502
1781026200000,1.1550099999999999,1.1552099999999998,1.15478,1.15499
1781027100000,1.155,1.15506,1.15458,1.15475
1781028000000,1.15477,1.15493,1.15457,1.1549
1781028900000,1.1548900000000002,1.15525,1.15474,1.1551
1781029800000,1.1550900000000002,1.15526,1.15487,1.15491
1781030700000,1.1549,1.1549800000000001,1.15477,1.15493
1781031600000,1.1549399999999999,1.15498,1.15458,1.15463
1781032500000,1.15462,1.15462,1.15415,1.15423
1781033400000,1.15424,1.15431,1.15403,1.1540899999999998
1781034300000,1.15408,1.15433,1.15391,1.15409
1781035200000,1.15408,1.15431,1.15401,1.15423
1781036100000,1.1542400000000002,1.1545100000000001,1.15423,1.1542700000000001
1781037000000,1.1542899999999998,1.15434,1.1542,1.15425
1781037900000,1.15425,1.15439,1.15424,1.1542999999999999
1781038800000,1.15418,1.15429,1.15406,1.15425
1781039700000,1.15426,1.15428,1.15392,1.15394
1781040600000,1.15394,1.15394,1.15348,1.1534900000000001
1781041500000,1.15349,1.15387,1.15347,1.15373
1781042400000,1.15378,1.15394,1.15358,1.15385
1781043300000,1.15386,1.15396,1.15378,1.15396
1781044200000,1.15396,1.15399,1.15368,1.15368
1781045100000,1.1536899999999999,1.15371,1.15357,1.15359
1781046000000,1.15359,1.1538499999999998,1.15356,1.1537899999999999
1781046900000,1.1537899999999999,1.1537899999999999,1.15342,1.15343
1781047800000,1.15343,1.15365,1.15341,1.1535900000000001
1781048700000,1.15359,1.15361,1.15326,1.15344
1781049600000,1.1534499999999999,1.15408,1.15333,1.1540599999999999
1781050500000,1.15405,1.1541299999999999,1.15384,1.15409
1781051400000,1.15408,1.1541100000000002,1.15328,1.1533900000000001
1781052300000,1.15339,1.15429,1.15327,1.15417
1781053200000,1.1542000000000001,1.15423,1.15378,1.15392
1781054100000,1.1538899999999999,1.1542,1.1538,1.1538899999999999
1781055000000,1.1539,1.15399,1.15367,1.1537899999999999
1781055900000,1.1538000000000002,1.15399,1.15348,1.15372
1781056800000,1.15373,1.154,1.15364,1.15397
1781057700000,1.15398,1.1542400000000002,1.15389,1.1542400000000002
1781058600000,1.15426,1.1543700000000001,1.15416,1.15435
1781059500000,1.1543500000000002,1.1544400000000001,1.15413,1.1542000000000001
1781060400000,1.15421,1.15476,1.15418,1.1547
1781061300000,1.1547,1.15493,1.15456,1.1546100000000001
1781062200000,1.15462,1.1547399999999999,1.15445,1.15446
1781063100000,1.15446,1.15516,1.15445,1.15498
1781064000000,1.1549999999999998,1.1550099999999999,1.15471,1.15472
1781064900000,1.15473,1.15486,1.15463,1.1548100000000001
1781065800000,1.15482,1.15482,1.15441,1.15445
1781066700000,1.15447,1.1546,1.15439,1.15459
1781067600000,1.15458,1.15483,1.15448,1.15463
1781068500000,1.15461,1.15493,1.15449,1.1549
1781069400000,1.15492,1.1555,1.15489,1.15539
1781070300000,1.1554,1.15545,1.15523,1.15537
1781071200000,1.15541,1.15578,1.15531,1.1556
1781072100000,1.1555900000000001,1.1557000000000002,1.15521,1.15552
1781073000000,1.15551,1.1556000000000002,1.15535,1.1554600000000002
1781073900000,1.15544,1.1555099999999998,1.15478,1.15483
1781074800000,1.15482,1.15557,1.15461,1.15556
1781075700000,1.15555,1.15582,1.15523,1.1553
1781076600000,1.15529,1.15547,1.15523,1.15534
1781077500000,1.15535,1.15547,1.15513,1.15532
1781078400000,1.15534,1.15535,1.15476,1.15487
1781079300000,1.1548800000000001,1.1553,1.15487,1.15526
1781080200000,1.1552499999999999,1.15526,1.15495,1.15498
1781081100000,1.15497,1.1553,1.1548,1.1553
1781082000000,1.15531,1.15562,1.15503,1.15504
1781082900000,1.1550399999999998,1.15529,1.15502,1.1552099999999998
1781083800000,1.1552,1.15564,1.1552,1.15554
1781084700000,1.15556,1.15591,1.15556,1.15573
1781085600000,1.15574,1.15587,1.15549,1.1555499999999999
1781086500000,1.15556,1.1556799999999998,1.15542,1.1555399999999998
1781087400000,1.1555499999999999,1.15566,1.15515,1.1552499999999999
1781088300000,1.15526,1.15543,1.15498,1.15515
1781089200000,1.15512,1.15519,1.15356,1.15468
1781090100000,1.15467,1.15485,1.15395,1.15428
1781091000000,1.15427,1.15442,1.1535,1.15373
1781091900000,1.1537199999999999,1.15401,1.15356,1.1536
1781092800000,1.15365,1.15422,1.15355,1.15395
1781093700000,1.15395,1.15459,1.1539,1.15458
1781094600000,1.15458,1.15587,1.15422,1.15587
1781095500000,1.1559,1.15641,1.15475,1.15479
1781096400000,1.15476,1.15547,1.15469,1.15542
1781097300000,1.15541,1.15591,1.1553,1.15565
1781098200000,1.1556099999999998,1.15703,1.15559,1.15703
1781099100000,1.15704,1.15726,1.15615,1.1562000000000001
1781100000000,1.15621,1.1566599999999998,1.15593,1.1562899999999998
1781100900000,1.1562999999999999,1.15631,1.15549,1.1556499999999998
1781101800000,1.15564,1.1559000000000001,1.15545,1.15562
1781102700000,1.15561,1.1559,1.15496,1.15517
1781103600000,1.15516,1.15548,1.15465,1.15506
1781104500000,1.15507,1.15561,1.15469,1.1554
1781105400000,1.1554499999999999,1.15563,1.15498,1.1552
1781106300000,1.15519,1.15527,1.1534,1.15486
1781107200000,1.15487,1.15584,1.1548,1.15561
1781108100000,1.15562,1.15576,1.1554,1.15566
1781109000000,1.15568,1.1558899999999999,1.1555,1.1555
1781109900000,1.15549,1.1555199999999999,1.15515,1.15533
1781110800000,1.15534,1.15561,1.15493,1.15503
1781111700000,1.1550200000000002,1.15511,1.1548,1.1549
1781112600000,1.1549099999999999,1.1549099999999999,1.15441,1.15446
1781113500000,1.15445,1.15527,1.15442,1.15519
1781114400000,1.1552,1.15572,1.1552,1.15536
1781115300000,1.1553399999999998,1.1554099999999998,1.15498,1.15503
1781116200000,1.1550500000000001,1.1551,1.1548,1.15496
1781117100000,1.1549500000000001,1.15516,1.15477,1.15477
1781118000000,1.1548,1.1548200000000002,1.1543,1.15432
1781118900000,1.15433,1.1544100000000002,1.15423,1.15432
1781119800000,1.15431,1.15467,1.15429,1.15462
1781120700000,1.15462,1.15463,1.15406,1.15409
1781121600000,1.15406,1.15409,1.15368,1.15368
1781122500000,1.15369,1.15393,1.15364,1.15386
1781123400000,1.15385,1.15394,1.1535,1.15359
1781124300000,1.15356,1.15365,1.15344,1.15353
1781125200000,1.15343,1.15385,1.15323,1.15382
1781126100000,1.15381,1.1538599999999999,1.1535,1.15353
1781127000000,1.15341,1.15366,1.1534,1.15366
1781127900000,1.15362,1.15371,1.15338,1.1534200000000001
1781128800000,1.1534200000000001,1.1535,1.15277,1.15297
1781129700000,1.15298,1.1531099999999999,1.15282,1.15302
1781130600000,1.15301,1.15353,1.153,1.15337
1781131500000,1.15336,1.1536,1.1529,1.15292
1781132400000,1.1529099999999999,1.15298,1.15251,1.15262
1781133300000,1.15262,1.15358,1.15256,1.15352
1781134200000,1.15353,1.15373,1.15317,1.15358
1781135100000,1.15357,1.15367,1.15331,1.15347
1781136000000,1.15349,1.1540499999999998,1.15349,1.15387
1781136900000,1.15388,1.15421,1.15382,1.1540700000000002
1781137800000,1.15408,1.15419,1.15384,1.1539599999999999
1781138700000,1.1539499999999998,1.15424,1.15393,1.15418
1781139600000,1.1542,1.15519,1.15411,1.15517
1781140500000,1.15517,1.1555199999999999,1.15492,1.15543
1781141400000,1.1554200000000001,1.15555,1.1552,1.15537
1781142300000,1.15538,1.15549,1.15523,1.15534
1781143200000,1.15535,1.15537,1.15511,1.15513
1781144100000,1.1551200000000001,1.15517,1.15467,1.15473
1781145000000,1.1547399999999999,1.15482,1.15455,1.15469
1781145900000,1.15468,1.1548100000000001,1.15456,1.15474
1781146800000,1.1547399999999999,1.15485,1.15437,1.1543899999999998
1781147700000,1.15439,1.15468,1.15438,1.15465
1781148600000,1.1546599999999998,1.15472,1.15454,1.15462
1781149500000,1.15463,1.15467,1.15445,1.15448
1781150400000,1.15448,1.15454,1.1542,1.15445
1781151300000,1.15446,1.1546800000000002,1.15443,1.15462
1781152200000,1.15466,1.15483,1.15455,1.15477
1781153100000,1.15476,1.15498,1.15469,1.15477
1781154000000,1.1547800000000001,1.15496,1.1546,1.15493
1781154900000,1.15492,1.15508,1.15483,1.15496
1781155800000,1.15496,1.15508,1.15477,1.1548800000000001
1781156700000,1.15488,1.1549,1.15449,1.15468
1781157600000,1.15466,1.15468,1.15417,1.1545699999999999
1781158500000,1.1545800000000002,1.15469,1.15423,1.1542800000000002
1781159400000,1.1543100000000002,1.15464,1.15423,1.1544100000000002
1781160300000,1.1544,1.15452,1.15398,1.1541
1781161200000,1.15412,1.1547399999999999,1.15407,1.15465
1781162100000,1.1546399999999999,1.1555,1.15461,1.15527
1781163000000,1.1552799999999999,1.1553799999999999,1.15461,1.1546299999999998
1781163900000,1.15462,1.1547299999999998,1.15437,1.15445
1781164800000,1.1544599999999998,1.1544899999999998,1.15403,1.15407
1781165700000,1.15407,1.1541299999999999,1.1538,1.15383
1781166600000,1.15382,1.15397,1.15368,1.1537600000000001
1781167500000,1.1537700000000002,1.1538000000000002,1.15301,1.1531600000000002
1781168400000,1.15317,1.15337,1.15294,1.15337
1781169300000,1.1533799999999998,1.15364,1.15315,1.1531799999999999
1781170200000,1.15319,1.1533499999999999,1.15299,1.15333
1781171100000,1.15334,1.15367,1.15306,1.15334
1781172000000,1.15332,1.15339,1.15251,1.1525699999999999
1781172900000,1.1525800000000002,1.1526800000000001,1.15226,1.15247
1781173800000,1.1524800000000002,1.15283,1.15243,1.15264
1781174700000,1.15265,1.15313,1.15261,1.1530699999999998
1781175600000,1.15308,1.15389,1.15307,1.15382
1781176500000,1.15381,1.15387,1.15343,1.15371
1781177400000,1.1537,1.15411,1.15361,1.15371
1781178300000,1.1537,1.1538499999999998,1.15349,1.15376
1781179200000,1.15379,1.15398,1.15324,1.15333
1781180100000,1.15331,1.15384,1.1516,1.15265
1781181000000,1.15265,1.15346,1.15191,1.15302
1781181900000,1.15301,1.1543,1.15284,1.15392
1781182800000,1.15391,1.15398,1.15246,1.1525
1781183700000,1.15251,1.15312,1.1517,1.15296
1781184600000,1.1529500000000001,1.15338,1.1526,1.1531500000000001
1781185500000,1.15316,1.1539000000000001,1.15287,1.1529
1781186400000,1.1529099999999999,1.15299,1.15204,1.15226
1781187300000,1.1522599999999998,1.1523999999999999,1.152,1.1521
1781188200000,1.15211,1.15215,1.15149,1.1517
1781189100000,1.15171,1.1519000000000001,1.15142,1.1518700000000002
1781190000000,1.15188,1.15219,1.15136,1.1516499999999998
1781190900000,1.15167,1.15238,1.15165,1.15215
1781191800000,1.15217,1.15224,1.15167,1.15187
1781192700000,1.15188,1.15195,1.15136,1.15139
1781193600000,1.1514,1.1515600000000001,1.15077,1.1509200000000002
1781194500000,1.1509099999999999,1.1510799999999999,1.15065,1.15088
1781195400000,1.15087,1.15118,1.15073,1.15093
1781196300000,1.15092,1.15096,1.15076,1.15085
1781197200000,1.15084,1.15087,1.1503,1.15042
1781198100000,1.15041,1.1523299999999999,1.15024,1.1522299999999999
1781199000000,1.15226,1.15655,1.15226,1.15601
1781199900000,1.156,1.15625,1.15455,1.15504
1781200800000,1.15507,1.15534,1.15409,1.1551900000000002
1781201700000,1.15518,1.15599,1.1551,1.15551
1781202600000,1.1555300000000002,1.1557300000000001,1.15477,1.15571
1781203500000,1.1557199999999999,1.15661,1.1557,1.15573
1781204400000,1.15574,1.15744,1.15574,1.15736
1781205300000,1.15737,1.15808,1.1572,1.15802
1781206200000,1.1580400000000002,1.1589200000000002,1.15789,1.1579000000000002
1781207100000,1.15791,1.15802,1.15767,1.15782
1781208000000,1.15785,1.15829,1.1578,1.15797
1781208900000,1.1579899999999999,1.15824,1.15773,1.15798
1781209800000,1.1579899999999999,1.15811,1.15763,1.1576499999999998
1781210700000,1.15766,1.15797,1.15759,1.15781
1781211600000,1.15777,1.15794,1.15741,1.1579300000000001
1781212500000,1.15793,1.15793,1.15759,1.1576099999999998
1781213400000,1.1576300000000002,1.15769,1.15752,1.15754
1781214300000,1.1575600000000001,1.15787,1.15751,1.1575600000000001
1781215200000,1.1575600000000001,1.15812,1.15752,1.1575300000000002
1781216100000,1.15753,1.15759,1.15725,1.15746
1781217000000,1.15745,1.1579000000000002,1.15728,1.15785
1781217900000,1.15785,1.1584400000000001,1.15785,1.15843
1781218800000,1.1584400000000001,1.15859,1.15813,1.1581800000000002
1781219700000,1.15816,1.15825,1.15764,1.15773
1781220600000,1.15769,1.15774,1.15747,1.15754
1781221500000,1.15754,1.15764,1.15738,1.1575
1781222400000,1.1575,1.1576,1.15686,1.15707
1781223300000,1.15706,1.15713,1.15683,1.1569800000000001
1781224200000,1.15697,1.15714,1.15656,1.15657
1781225100000,1.1566,1.15703,1.15656,1.15691
1781226000000,1.15692,1.15696,1.15627,1.15651
1781226900000,1.1564899999999998,1.15658,1.1561,1.1561599999999999
1781227800000,1.15615,1.15659,1.15615,1.15621
1781228700000,1.15622,1.15653,1.15615,1.15627
1781229600000,1.15628,1.15698,1.15621,1.15682
1781230500000,1.15681,1.15682,1.15642,1.15643
1781231400000,1.15644,1.15667,1.15632,1.1565
1781232300000,1.1565100000000001,1.1566800000000002,1.15646,1.15662
1781233200000,1.1566299999999998,1.15678,1.15644,1.1566699999999999
1781234100000,1.15666,1.15706,1.15661,1.15699
1781235000000,1.15699,1.15747,1.15698,1.1573
1781235900000,1.15729,1.15729,1.15695,1.15715
1781236800000,1.1571699999999998,1.1571999999999998,1.15681,1.1570999999999998
1781237700000,1.15712,1.15715,1.15699,1.15712
1781238600000,1.15711,1.1574499999999999,1.15706,1.15734
1781239500000,1.1573499999999999,1.1573799999999999,1.15699,1.15709
1781240400000,1.1570799999999999,1.15733,1.15661,1.1568399999999999
1781241300000,1.1568399999999999,1.15685,1.15637,1.15645
1781242200000,1.15643,1.15659,1.15622,1.15632
1781243100000,1.15635,1.15635,1.15565,1.1557000000000002
1781244000000,1.1557300000000001,1.15677,1.15572,1.15652
1781244900000,1.15651,1.15676,1.15644,1.15669
1781245800000,1.15667,1.15702,1.15645,1.15683
1781246700000,1.15687,1.15737,1.15666,1.1572500000000001
1781247600000,1.15728,1.15728,1.15622,1.15641
1781248500000,1.15644,1.15664,1.15601,1.15601
1781249400000,1.15598,1.1562599999999998,1.15566,1.15601
1781250300000,1.156,1.15669,1.15566,1.1565999999999999
1781251200000,1.15666,1.15707,1.15648,1.1569
1781252100000,1.1569,1.1584999999999999,1.15682,1.15756
1781253000000,1.15758,1.15828,1.15748,1.15799
1781253900000,1.15798,1.15819,1.15747,1.15762
1781254800000,1.15763,1.15772,1.1573,1.15766
1781255700000,1.15769,1.1589,1.15769,1.1587500000000002
1781256600000,1.15876,1.15884,1.15835,1.15853
1781257500000,1.1585400000000001,1.1586500000000002,1.15799,1.15835
1781258400000,1.1583400000000001,1.1585,1.15809,1.1582400000000002
1781259300000,1.15825,1.15836,1.15684,1.15737
1781260200000,1.15738,1.1579000000000002,1.15728,1.15755
1781261100000,1.1575600000000001,1.15778,1.15714,1.15734
1781262000000,1.15737,1.1574300000000002,1.15711,1.1574300000000002
1781262900000,1.1574099999999998,1.15773,1.15732,1.1574099999999998
1781263800000,1.15739,1.15788,1.15726,1.1578
1781264700000,1.15781,1.1578300000000001,1.15701,1.1570900000000002
1781265600000,1.1570699999999998,1.15719,1.15661,1.15678
1781266500000,1.1567999999999998,1.1568399999999999,1.15607,1.1560899999999998
1781267400000,1.15611,1.15647,1.15605,1.15624
1781268300000,1.15625,1.15639,1.15596,1.15629
1781269200000,1.1563,1.15683,1.15613,1.1565500000000002
1781270100000,1.1565400000000001,1.1576,1.15649,1.15754
1781271000000,1.15755,1.15785,1.15632,1.1567
1781271900000,1.15671,1.1573499999999999,1.15668,1.15689
1781272800000,1.1569,1.1577000000000002,1.15674,1.1572900000000002
1781273700000,1.15728,1.15745,1.15657,1.15687
1781274600000,1.1568500000000002,1.15758,1.15684,1.1572600000000002
1781275500000,1.1572399999999998,1.15784,1.15678,1.1572799999999999
1781276400000,1.15727,1.15773,1.1571,1.15767
1781277300000,1.15768,1.15825,1.15758,1.15819
1781278200000,1.15818,1.15829,1.15728,1.15752
1781279100000,1.1574799999999998,1.1578,1.15725,1.15725
1781280000000,1.1572,1.15772,1.15689,1.15719
1781280900000,1.1572,1.15755,1.15694,1.1571900000000002
1781281800000,1.15723,1.1575,1.15713,1.15718
1781282700000,1.15719,1.15749,1.15713,1.15741
1781283600000,1.1574,1.1577,1.15712,1.15729
1781284500000,1.1573,1.15753,1.15719,1.1575
1781285400000,1.1575099999999998,1.1575799999999998,1.15732,1.1575099999999998
1781286300000,1.1575,1.15751,1.1573,1.1574
1781287200000,1.15741,1.15747,1.15717,1.1573
1781288100000,1.1573,1.15755,1.1573,1.15748
1781289000000,1.15749,1.1578,1.15749,1.1577199999999999
1781289900000,1.15771,1.15777,1.15738,1.1574200000000001
1781290800000,1.15739,1.15771,1.15727,1.15743
1781291700000,1.1574200000000001,1.15757,1.15727,1.1574200000000001
1781292600000,1.15743,1.15746,1.15702,1.15702
1781293500000,1.1569999999999998,1.1571799999999999,1.15681,1.15709
1781294400000,1.15708,1.1571200000000001,1.15684,1.1568800000000001
1781295300000,1.15687,1.15704,1.15676,1.15677
1781296200000,1.1567500000000002,1.1567800000000001,1.1566,1.1566500000000002
1781297100000,1.15662,1.15687,1.1565,1.1566100000000001
1781470800000,1.15743,1.15751,1.15693,1.1574200000000001
1781471700000,1.15742,1.1592799999999999,1.15729,1.1592799999999999
1781472600000,1.15928,1.1598,1.1588,1.15935
1781473500000,1.15948,1.16042,1.15931,1.16042
1781474400000,1.1603700000000001,1.16167,1.16002,1.1610800000000001
1781475300000,1.16103,1.1614399999999998,1.16071,1.16081
1781476200000,1.1608,1.16109,1.16031,1.1608
1781477100000,1.16082,1.16107,1.1608,1.1608100000000001
1781478000000,1.1607800000000001,1.1608800000000001,1.16036,1.16043
1781478900000,1.16041,1.16063,1.16031,1.16036
1781479800000,1.16036,1.16063,1.16025,1.16058
1781480700000,1.16059,1.16086,1.16016,1.1602400000000002
1781481600000,1.16023,1.16102,1.16022,1.161
1781482500000,1.161,1.16113,1.16066,1.16068
1781483400000,1.16069,1.16071,1.16041,1.16052
1781484300000,1.16052,1.16055,1.15975,1.1598300000000001
1781485200000,1.15982,1.15984,1.15937,1.15967
1781486100000,1.15968,1.1598899999999999,1.15963,1.15976
1781487000000,1.15977,1.1598,1.15956,1.1595799999999998
1781487900000,1.15959,1.16011,1.15953,1.15976
1781488800000,1.15975,1.15988,1.15938,1.1594200000000001
1781489700000,1.1594,1.15975,1.15937,1.15972
1781490600000,1.1597899999999999,1.16008,1.15977,1.15982
1781491500000,1.1598000000000002,1.15992,1.15969,1.15989
1781492400000,1.15988,1.1600300000000001,1.15978,1.15982
1781493300000,1.15982,1.1601400000000002,1.15982,1.16012
1781494200000,1.16011,1.16037,1.16007,1.16028
1781495100000,1.16028,1.16047,1.16027,1.16037
1781496000000,1.16038,1.1604700000000001,1.16026,1.16042
1781496900000,1.16041,1.16085,1.16038,1.1608399999999999
1781497800000,1.16085,1.1610699999999998,1.16081,1.16102
1781498700000,1.16102,1.16129,1.16098,1.1612
1781499600000,1.16121,1.1621400000000002,1.16121,1.16188
1781500500000,1.16187,1.16197,1.16171,1.16178
1781501400000,1.1618,1.1619,1.16133,1.1613499999999999
1781502300000,1.16134,1.16172,1.16128,1.1616300000000002
1781503200000,1.16162,1.16173,1.16079,1.16092
1781504100000,1.16097,1.1610800000000001,1.1606,1.16072
1781505000000,1.1607,1.1608,1.16002,1.1606800000000002
1781505900000,1.16067,1.1608100000000001,1.16039,1.16058
1781506800000,1.1605699999999999,1.16088,1.1601,1.16061
1781507700000,1.1605699999999999,1.16099,1.16034,1.16081
1781508600000,1.16082,1.16088,1.16037,1.16075
1781509500000,1.1607399999999999,1.16085,1.16035,1.16056
1781510400000,1.1605299999999998,1.1607699999999999,1.16037,1.1605299999999998
1781511300000,1.16052,1.1609699999999998,1.16041,1.1606999999999998
1781512200000,1.16071,1.16097,1.15994,1.1600599999999999
1781513100000,1.16007,1.1601299999999999,1.15966,1.1601
1781514000000,1.16011,1.16103,1.16001,1.16068
1781514900000,1.16069,1.16069,1.16029,1.16048
1781515800000,1.16049,1.16098,1.16045,1.16073
1781516700000,1.16072,1.16083,1.16045,1.16063
1781517600000,1.16064,1.16065,1.16027,1.1605999999999999
1781518500000,1.1606100000000001,1.1610900000000002,1.1606,1.1609800000000001
1781519400000,1.16099,1.1613900000000001,1.16097,1.16127
1781520300000,1.16128,1.16131,1.16094,1.161
1781521200000,1.16099,1.16136,1.16098,1.1611699999999998
1781522100000,1.16116,1.16116,1.16063,1.1606400000000001
1781523000000,1.1606299999999998,1.1610099999999999,1.16051,1.1606299999999998
1781523900000,1.16065,1.16134,1.16063,1.16084
1781524800000,1.16081,1.16116,1.16052,1.16057
1781525700000,1.16058,1.16092,1.16039,1.16091
1781526600000,1.1609,1.1614,1.16079,1.1614
1781527500000,1.16139,1.16192,1.16126,1.16149
1781528400000,1.1614799999999998,1.1616099999999998,1.16115,1.16147
1781529300000,1.16146,1.16173,1.16144,1.16161
1781530200000,1.16159,1.162,1.16126,1.16167
1781531100000,1.16168,1.1618000000000002,1.16131,1.1616300000000002
1781532000000,1.1616199999999999,1.16181,1.16119,1.16129
1781532900000,1.16131,1.16147,1.16082,1.1611799999999999
1781533800000,1.1612099999999999,1.1612799999999999,1.16051,1.16062
1781534700000,1.16061,1.16119,1.16051,1.16072
1781535600000,1.16068,1.16068,1.16037,1.1603999999999999
1781536500000,1.16039,1.1605800000000002,1.16009,1.1602700000000001
1781537400000,1.16028,1.16029,1.15972,1.15972
1781538300000,1.15973,1.1598300000000001,1.15961,1.15979
1781539200000,1.15978,1.1602400000000002,1.15969,1.16023
1781540100000,1.1602000000000001,1.16044,1.16005,1.16043
1781541000000,1.16044,1.16045,1.15976,1.15984
1781541900000,1.15983,1.1604700000000001,1.15981,1.16031
1781542800000,1.16032,1.16035,1.15997,1.16014
1781543700000,1.1601299999999999,1.1601899999999998,1.15983,1.16
1781544600000,1.16002,1.16003,1.15974,1.15992
1781545500000,1.1599300000000001,1.1600300000000001,1.15978,1.15989
1781546400000,1.15988,1.16025,1.15981,1.1601
1781547300000,1.16011,1.16015,1.15971,1.15971
1781548200000,1.15972,1.15974,1.15945,1.1596000000000002
1781549100000,1.15961,1.1598,1.15934,1.1594200000000001
1781550000000,1.15943,1.15957,1.15896,1.15915
1781550900000,1.15916,1.15936,1.15906,1.15911
1781551800000,1.1591200000000002,1.15937,1.15911,1.15924
1781552700000,1.15923,1.1593499999999999,1.15838,1.1584699999999999
1781553600000,1.1584500000000002,1.1588200000000002,1.1583,1.1588100000000001
1781554500000,1.1588,1.15887,1.15866,1.15885
1781555400000,1.15886,1.15894,1.15866,1.15884
1781556300000,1.15883,1.15893,1.15867,1.1588900000000002
1781557200000,1.1589,1.15901,1.15846,1.1587800000000001
1781558100000,1.15878,1.15882,1.15858,1.15866
1781559000000,1.1586400000000001,1.1593,1.1585,1.1592
1781559900000,1.1590900000000002,1.15921,1.15884,1.15891
1781560800000,1.15887,1.15905,1.15862,1.15868
1781561700000,1.15868,1.15868,1.15849,1.1586
1781562600000,1.1586100000000001,1.1587500000000002,1.15857,1.1587500000000002
1781563500000,1.1587399999999999,1.1589,1.15865,1.15881
1781564400000,1.1588,1.15904,1.1588,1.15896
1781565300000,1.15893,1.15914,1.15887,1.15908
1781566200000,1.15907,1.15927,1.15904,1.1592600000000002
1781567100000,1.1592799999999999,1.1593099999999998,1.15902,1.15906
1781568000000,1.15908,1.1591500000000001,1.15891,1.1589200000000002
1781568900000,1.15893,1.159,1.15873,1.1588
1781569800000,1.15879,1.1591399999999998,1.15878,1.1590799999999999
1781570700000,1.15907,1.1593,1.15882,1.15925
1781571600000,1.15924,1.15946,1.15902,1.1591399999999998
1781572500000,1.15916,1.15916,1.15889,1.15903
1781573400000,1.1590399999999998,1.1591799999999999,1.15875,1.15885
1781574300000,1.1588399999999999,1.15919,1.15864,1.15872
1781575200000,1.15872,1.1587399999999999,1.15841,1.15848
1781576100000,1.15847,1.15857,1.15822,1.15856
1781577000000,1.15858,1.15888,1.15858,1.15878
1781577900000,1.15879,1.1588,1.15856,1.15873
1781578800000,1.15875,1.15878,1.15844,1.15865
1781579700000,1.15864,1.15868,1.15837,1.15851
1781580600000,1.1585,1.1587,1.1585,1.15863
1781581500000,1.1586400000000001,1.1588100000000001,1.15853,1.15859
1781582400000,1.1585800000000002,1.1586400000000001,1.15782,1.15789
1781583300000,1.1579,1.1580599999999999,1.15753,1.15778
1781584200000,1.15778,1.1580000000000001,1.15769,1.1578400000000002
1781585100000,1.1578600000000001,1.15788,1.15758,1.15784
1781586000000,1.15785,1.1580400000000002,1.15769,1.15769
1781586900000,1.1577,1.1578899999999999,1.15766,1.15788
1781587800000,1.1578899999999999,1.158,1.15766,1.1576799999999998
1781588700000,1.15769,1.1577300000000001,1.15748,1.15751
1781589600000,1.15745,1.15772,1.15744,1.15764
1781590500000,1.15765,1.15783,1.15744,1.1578
1781591400000,1.15778,1.1585,1.15772,1.15809
1781592300000,1.15809,1.1587,1.15808,1.15868
1781593200000,1.1587,1.1589800000000001,1.15846,1.15875
1781594100000,1.15874,1.15908,1.15866,1.15905
1781595000000,1.15906,1.15933,1.15888,1.15925
1781595900000,1.15924,1.1595,1.15913,1.1595
1781596800000,1.15951,1.1599,1.15926,1.15984
1781597700000,1.15987,1.16013,1.15968,1.1601000000000001
1781598600000,1.16009,1.16017,1.15984,1.16002
1781599500000,1.1600300000000001,1.1606100000000001,1.15989,1.1605100000000002
1781600400000,1.1605,1.16087,1.16028,1.16066
1781601300000,1.1606699999999999,1.16069,1.16,1.1601
1781602200000,1.16009,1.16029,1.15995,1.1600300000000001
1781603100000,1.1600199999999998,1.16018,1.15993,1.1600499999999998
1781604000000,1.1600599999999999,1.1607299999999998,1.16,1.16065
1781604900000,1.16066,1.16124,1.16063,1.1608500000000002
1781605800000,1.16086,1.1611699999999998,1.16071,1.16108
1781606700000,1.16109,1.16119,1.16088,1.16113
1781607600000,1.16112,1.16113,1.16069,1.16083
1781608500000,1.1608,1.1608399999999999,1.16028,1.16036
1781609400000,1.16034,1.16061,1.15973,1.1599199999999998
1781610300000,1.15991,1.16003,1.15966,1.1598499999999998
1781611200000,1.15986,1.15988,1.1593,1.1597
1781612100000,1.15975,1.15975,1.15908,1.15944
1781613000000,1.1594499999999999,1.1601299999999999,1.15942,1.16003
1781613900000,1.16004,1.1600599999999999,1.1596,1.1599
1781614800000,1.15989,1.1602,1.15984,1.15994
1781615700000,1.15995,1.1599899999999999,1.15946,1.1597199999999999
1781616600000,1.15973,1.1602899999999998,1.15966,1.15987
1781617500000,1.15988,1.1599000000000002,1.15908,1.15921
1781618400000,1.1592200000000001,1.15961,1.15874,1.1594300000000002
1781619300000,1.1594200000000001,1.1596600000000001,1.159,1.159
1781620200000,1.15901,1.15963,1.15873,1.15958
1781621100000,1.15959,1.16078,1.15953,1.16064
1781622000000,1.1606599999999998,1.16076,1.15993,1.1601299999999999
1781622900000,1.16011,1.16045,1.16008,1.16015
1781623800000,1.16016,1.1608,1.16008,1.16063
1781624700000,1.1606400000000001,1.16181,1.16032,1.16135
1781625600000,1.16137,1.16175,1.16121,1.1616600000000001
1781626500000,1.16168,1.16192,1.16151,1.16163
1781627400000,1.16164,1.16171,1.1613,1.16136
1781628300000,1.16133,1.16144,1.1611,1.16126
1781629200000,1.1612699999999998,1.16133,1.16108,1.16116
1781630100000,1.16117,1.1612500000000001,1.16103,1.16114
1781631000000,1.16114,1.1612500000000001,1.16103,1.16118
1781631900000,1.16117,1.16122,1.16103,1.16107
1781632800000,1.16108,1.1613499999999999,1.16102,1.16109
1781633700000,1.16107,1.1611500000000001,1.16091,1.16097
1781634600000,1.16098,1.1610399999999998,1.16061,1.16066
1781635500000,1.16067,1.16107,1.16059,1.161
1781636400000,1.16101,1.1613200000000001,1.161,1.16106
1781637300000,1.1610500000000001,1.1611500000000001,1.161,1.16111
1781638200000,1.1611,1.1611200000000002,1.1607,1.16073
1781639100000,1.16073,1.1608800000000001,1.16053,1.16076
1781640000000,1.16075,1.1608,1.16062,1.1607
1781640900000,1.1607100000000001,1.1609200000000002,1.1607,1.16087
1781641800000,1.16088,1.16089,1.16061,1.16065
1781642700000,1.1606400000000001,1.16083,1.16059,1.16078
1781643600000,1.1607500000000002,1.1608200000000002,1.1604,1.1607200000000002
1781644500000,1.16073,1.16107,1.1606,1.1610500000000001
1781645400000,1.1610099999999999,1.16106,1.16058,1.16059
1781646300000,1.16069,1.16077,1.16053,1.16055
1781647200000,1.16061,1.1610099999999999,1.16061,1.1609399999999999
1781648100000,1.16094,1.16103,1.1609,1.161
1781649000000,1.1610099999999999,1.1611799999999999,1.16081,1.16116
1781649900000,1.16116,1.16123,1.16115,1.16115
1781650800000,1.16116,1.16139,1.16113,1.16129
1781651700000,1.16129,1.1613799999999999,1.16125,1.16136
1781652600000,1.1613799999999999,1.1614,1.16115,1.16125
1781653500000,1.16124,1.16127,1.16084,1.1609200000000002
1781654400000,1.1609399999999999,1.16136,1.16082,1.16129
1781655300000,1.1613,1.1616,1.1613,1.16149
1781656200000,1.16148,1.16154,1.16138,1.16147
1781657100000,1.1614799999999998,1.1614799999999998,1.16119,1.1614
1781658000000,1.1614099999999998,1.16154,1.16132,1.1613499999999999
1781658900000,1.1613399999999998,1.16137,1.16115,1.16116
1781659800000,1.16117,1.16128,1.16097,1.16127
1781660700000,1.16126,1.1613499999999999,1.16109,1.1611799999999999
1781661600000,1.1611500000000001,1.1612500000000001,1.16114,1.1612
1781662500000,1.16119,1.16145,1.16113,1.16131
1781663400000,1.1613200000000001,1.16135,1.16117,1.1612200000000001
1781664300000,1.1612,1.16121,1.16087,1.16087
1781665200000,1.16088,1.16106,1.16079,1.16104
1781666100000,1.161,1.16105,1.16086,1.161
1781667000000,1.1610200000000002,1.16117,1.16097,1.16104
1781667900000,1.16104,1.16111,1.16097,1.1609800000000001
1781668800000,1.16098,1.16125,1.16095,1.16119
1781669700000,1.1612,1.1613,1.16109,1.1611
1781670600000,1.16109,1.16117,1.161,1.1610800000000001
1781671500000,1.16106,1.16125,1.16105,1.1611799999999999
1781672400000,1.16119,1.1613200000000001,1.16107,1.1611500000000001
1781673300000,1.16116,1.16139,1.1611,1.16117
1781674200000,1.1611799999999999,1.16137,1.16109,1.16136
1781675100000,1.1613499999999999,1.1614499999999999,1.16099,1.16115
1781676000000,1.16124,1.16141,1.1609,1.16111
1781676900000,1.1610999999999998,1.16112,1.16054,1.16055
1781677800000,1.16056,1.1606800000000002,1.16033,1.16066
1781678700000,1.16065,1.16082,1.16049,1.16074
1781679600000,1.16072,1.1613499999999999,1.16062,1.16134
1781680500000,1.1613200000000001,1.16143,1.16063,1.16063
1781681400000,1.16059,1.16082,1.16039,1.16053
1781682300000,1.16052,1.1608500000000002,1.16043,1.1607800000000001
1781683200000,1.16076,1.16077,1.16002,1.16041
1781684100000,1.1604,1.16045,1.15975,1.16016
1781685000000,1.1601700000000001,1.1602700000000001,1.15999,1.16008
1781685900000,1.16007,1.16025,1.15995,1.16014
1781686800000,1.16013,1.16028,1.16002,1.1601000000000001
1781687700000,1.16009,1.16054,1.16008,1.1604
1781688600000,1.16043,1.16053,1.16011,1.1601299999999999
1781689500000,1.1601000000000001,1.1603700000000001,1.16009,1.1603400000000001
1781690400000,1.16032,1.1603999999999999,1.16014,1.16035
1781691300000,1.16036,1.16036,1.15952,1.15955
1781692200000,1.15957,1.1599599999999999,1.15957,1.15978
1781693100000,1.1597899999999999,1.16003,1.1595,1.15965
1781694000000,1.15967,1.15967,1.15905,1.1591
1781694900000,1.15909,1.1594499999999999,1.15889,1.15893
1781695800000,1.15892,1.15895,1.15849,1.15861
1781696700000,1.1586,1.1591,1.1586,1.1591
1781697600000,1.15911,1.15937,1.159,1.1591500000000001
1781698500000,1.15916,1.15975,1.15906,1.15956
1781699400000,1.1595300000000002,1.15988,1.15921,1.15969
1781700300000,1.15971,1.1602100000000002,1.15969,1.16016
1781701200000,1.1601499999999998,1.16018,1.15976,1.1600499999999998
1781702100000,1.16004,1.16023,1.15974,1.15977
1781703000000,1.15978,1.15991,1.1595,1.1597
1781703900000,1.15969,1.16009,1.15952,1.15965
1781704800000,1.15964,1.1597899999999999,1.15916,1.15922
1781705700000,1.15921,1.1593900000000001,1.15897,1.15921
1781706600000,1.1592,1.15951,1.15907,1.15921
1781707500000,1.1592,1.15927,1.15804,1.15888
1781708400000,1.15887,1.15916,1.15865,1.15897
1781709300000,1.1589399999999999,1.15934,1.15892,1.1592099999999999
1781710200000,1.15918,1.15934,1.15887,1.15924
1781711100000,1.15926,1.15933,1.1591,1.1592
1781712000000,1.15921,1.15927,1.15886,1.15889
1781712900000,1.1589,1.15926,1.15889,1.15913
1781713800000,1.15912,1.15916,1.15882,1.15897
1781714700000,1.15896,1.15923,1.1589,1.15911
1781715600000,1.1590999999999998,1.15913,1.15871,1.1590099999999999
1781716500000,1.159,1.15911,1.15893,1.15902
1781717400000,1.15898,1.1593,1.15898,1.1592399999999998
1781718300000,1.1592500000000001,1.15957,1.15903,1.15946
1781719200000,1.1594,1.1594,1.1541,1.15442
1781720100000,1.15442,1.1555900000000001,1.1544,1.1548200000000002
1781721000000,1.15481,1.1566,1.1535,1.15622
1781721900000,1.1562,1.15628,1.15363,1.1538199999999998
1781722800000,1.15381,1.15413,1.15046,1.15153
1781723700000,1.15154,1.1515900000000001,1.14951,1.14954
1781724600000,1.14953,1.1496899999999999,1.14774,1.14834
1781725500000,1.14836,1.14967,1.14836,1.14936
1781726400000,1.14934,1.1496700000000002,1.14864,1.14903
1781727300000,1.14903,1.14991,1.14885,1.14991
1781728200000,1.14992,1.1504800000000002,1.14982,1.15012
1781729100000,1.15014,1.15027,1.14997,1.1501
1781730000000,1.15003,1.15025,1.14988,1.15005
1781730900000,1.15,1.1501899999999998,1.15,1.15018
1781731800000,1.15018,1.15022,1.14999,1.15005
1781732700000,1.15007,1.1502599999999998,1.15007,1.1502
1781733600000,1.1502,1.15043,1.15001,1.15024
1781734500000,1.15025,1.15034,1.15008,1.15015
1781735400000,1.15015,1.15049,1.15012,1.1503700000000001
1781736300000,1.1503599999999998,1.1504999999999999,1.15024,1.15039
1781737200000,1.15038,1.15072,1.15038,1.15069
1781738100000,1.15069,1.15079,1.15053,1.1505800000000002
1781739000000,1.15058,1.1506699999999999,1.15031,1.15065
1781739900000,1.15066,1.1507,1.15052,1.1506399999999999
1781740800000,1.15063,1.15202,1.15062,1.1511
1781741700000,1.1511,1.15131,1.15084,1.1509900000000002
1781742600000,1.1509800000000001,1.15121,1.15091,1.1510600000000002
1781743500000,1.15105,1.15161,1.15085,1.1515
1781744400000,1.15149,1.15197,1.15147,1.15191
1781745300000,1.1519,1.15213,1.15178,1.15206
1781746200000,1.15207,1.15218,1.15194,1.1521
1781747100000,1.15209,1.1521000000000001,1.15155,1.1516000000000002
1781748000000,1.15162,1.15177,1.15134,1.15138
1781748900000,1.1514000000000002,1.1515900000000001,1.15125,1.15158
1781749800000,1.15157,1.15195,1.15148,1.1519300000000001
1781750700000,1.1519400000000002,1.15202,1.15172,1.15172
1781751600000,1.1517300000000001,1.15188,1.15172,1.1518700000000002
1781752500000,1.15187,1.15228,1.15183,1.1522
1781753400000,1.15221,1.15238,1.15205,1.15218
1781754300000,1.1521800000000002,1.1523400000000001,1.15213,1.15229
1781755200000,1.15228,1.15258,1.15201,1.15202
1781756100000,1.15203,1.1522700000000001,1.15203,1.1522000000000001
1781757000000,1.15221,1.15246,1.15211,1.1522999999999999
1781757900000,1.15229,1.1524400000000001,1.15226,1.15226
1781758800000,1.1522700000000001,1.15243,1.15213,1.15219
1781759700000,1.15218,1.15218,1.15171,1.15174
1781760600000,1.15173,1.15181,1.15153,1.1516899999999999
1781761500000,1.1517,1.1517099999999998,1.15098,1.1510099999999999
1781762400000,1.15099,1.15228,1.15099,1.15221
1781763300000,1.1522,1.15266,1.1519,1.15265
1781764200000,1.1526399999999999,1.15278,1.15187,1.1524999999999999
1781765100000,1.15249,1.15253,1.15184,1.1519
1781766000000,1.15189,1.15221,1.15114,1.1511900000000002
1781766900000,1.15117,1.1514600000000002,1.15074,1.1509900000000002
1781767800000,1.1509800000000001,1.15148,1.1506,1.15147
1781768700000,1.15146,1.1520299999999999,1.15119,1.15123
1781769600000,1.15127,1.15133,1.15046,1.15047
1781770500000,1.15048,1.1507,1.15005,1.15018
1781771400000,1.15019,1.1502700000000001,1.14917,1.14921
1781772300000,1.1492,1.14923,1.14816,1.1482100000000002
1781773200000,1.14823,1.14852,1.14744,1.14755
1781774100000,1.14754,1.1481400000000002,1.14748,1.1475600000000001
1781775000000,1.14757,1.14829,1.14741,1.1480700000000001
1781775900000,1.14808,1.14828,1.14761,1.14761
1781776800000,1.1476000000000002,1.14768,1.14616,1.147
1781777700000,1.14701,1.14737,1.14659,1.14709
1781778600000,1.14709,1.1472,1.14622,1.14629
1781779500000,1.14631,1.14651,1.1459,1.1460199999999998
1781780400000,1.1460299999999999,1.14663,1.14577,1.14592
1781781300000,1.1459300000000001,1.14646,1.14538,1.1461700000000001
1781782200000,1.14618,1.14648,1.14575,1.14589
1781783100000,1.14588,1.1460299999999999,1.1455,1.14568
1781784000000,1.14567,1.1469200000000002,1.14528,1.14686
1781784900000,1.1468299999999998,1.1481199999999998,1.14644,1.14705
1781785800000,1.14706,1.14724,1.14632,1.14641
1781786700000,1.14642,1.14713,1.14638,1.14689
1781787600000,1.14687,1.14703,1.14625,1.14699
1781788500000,1.14693,1.14714,1.14625,1.14708
1781789400000,1.14707,1.14835,1.14702,1.14756
1781790300000,1.14753,1.14767,1.14706,1.14716
1781791200000,1.14716,1.14737,1.14673,1.14716
1781792100000,1.1471500000000001,1.14769,1.14691,1.14741
1781793000000,1.1474000000000002,1.1474900000000001,1.14691,1.1470200000000002
1781793900000,1.14701,1.14869,1.14701,1.1485800000000002
1781794800000,1.14859,1.1486999999999998,1.14776,1.1477799999999998
1781795700000,1.14779,1.14806,1.14752,1.14772
1781796600000,1.1477,1.14778,1.14707,1.14735
1781797500000,1.1473600000000002,1.14764,1.14684,1.14686
1781798400000,1.14688,1.1471500000000001,1.14649,1.14665
1781799300000,1.1466399999999999,1.14706,1.14627,1.14696
1781800200000,1.14695,1.147,1.14634,1.1466299999999998
1781801100000,1.14661,1.1467,1.14611,1.1464699999999999
1781802000000,1.14649,1.14715,1.14627,1.1470699999999998
1781802900000,1.14709,1.1473,1.14697,1.1471
1781803800000,1.14706,1.1471,1.14645,1.1465699999999999
1781804700000,1.1465400000000001,1.1465400000000001,1.14619,1.14619
1781805600000,1.14619,1.14648,1.14598,1.14634
1781806500000,1.14632,1.14651,1.14618,1.14625
1781807400000,1.14624,1.14646,1.14615,1.1463700000000001
1781808300000,1.14636,1.1464,1.14585,1.1459000000000001
1781809200000,1.1459100000000002,1.14596,1.14525,1.14552
1781810100000,1.14554,1.1455499999999998,1.14509,1.14517
1781811000000,1.14516,1.1459599999999999,1.14515,1.1457899999999999
1781811900000,1.14578,1.14623,1.14568,1.14569
1781812800000,1.1457300000000001,1.14621,1.14551,1.1461700000000001
1781813700000,1.14616,1.14626,1.14598,1.14616
1781814600000,1.14617,1.1461899999999998,1.14583,1.1458499999999998
1781815500000,1.1458000000000002,1.1458300000000001,1.14562,1.1456700000000002
1781816400000,1.14572,1.14675,1.14534,1.14578
1781817300000,1.14584,1.14584,1.1457,1.14574
1781818200000,1.14572,1.14611,1.14572,1.1458300000000001
1781819100000,1.1459,1.14614,1.14576,1.1459499999999998
1781820000000,1.14595,1.1462599999999998,1.1458,1.14608
1781820900000,1.1460899999999998,1.1460899999999998,1.14583,1.1459499999999998
1781821800000,1.14594,1.1460299999999999,1.14587,1.146
1781822700000,1.1460000000000001,1.14628,1.14599,1.1462700000000001
1781823600000,1.14626,1.1462700000000001,1.14599,1.1461000000000001
1781824500000,1.14609,1.14613,1.14595,1.14599
1781825400000,1.146,1.1460599999999999,1.1459,1.1459199999999998
1781826300000,1.1459300000000001,1.14596,1.14565,1.14578
1781827200000,1.1457899999999999,1.14641,1.14577,1.14614
1781828100000,1.14618,1.1463400000000001,1.14599,1.14602
1781829000000,1.14605,1.1465,1.14601,1.1461999999999999
1781829900000,1.14618,1.1464,1.14612,1.14613
1781830800000,1.1461400000000002,1.1462800000000002,1.14596,1.14602
1781831700000,1.14603,1.14612,1.14588,1.14605
1781832600000,1.14606,1.14606,1.14571,1.14575
1781833500000,1.1457600000000001,1.14578,1.14521,1.14525
1781834400000,1.14526,1.14537,1.14512,1.14527
1781835300000,1.1452600000000002,1.14569,1.14518,1.14565
1781836200000,1.14566,1.14573,1.14556,1.14566
1781837100000,1.14565,1.1456600000000001,1.14535,1.1453900000000001
1781838000000,1.1454,1.14541,1.14494,1.14497
1781838900000,1.14498,1.145,1.14429,1.14433
1781839800000,1.1443400000000001,1.14459,1.1443,1.14453
1781840700000,1.14454,1.1445699999999999,1.14414,1.14418
1781841600000,1.14419,1.14423,1.14382,1.14406
1781842500000,1.14407,1.14408,1.14374,1.14389
1781843400000,1.14392,1.14429,1.14348,1.1435
1781844300000,1.14346,1.14347,1.14268,1.14283
1781845200000,1.1428099999999999,1.14285,1.14224,1.14242
1781846100000,1.1424299999999998,1.14245,1.14173,1.1421999999999999
1781847000000,1.14221,1.1425400000000001,1.14182,1.14225
1781847900000,1.14225,1.14333,1.14225,1.14301
1781848800000,1.1430200000000001,1.14354,1.14297,1.14338
1781849700000,1.14337,1.14383,1.14319,1.14364
1781850600000,1.14363,1.1437,1.14285,1.1433
1781851500000,1.14329,1.14416,1.1432,1.14414
1781852400000,1.14414,1.14487,1.14412,1.1443400000000001
1781853300000,1.14435,1.14467,1.14415,1.14455
1781854200000,1.1445400000000001,1.1448200000000002,1.14433,1.1446
1781855100000,1.14461,1.14482,1.14442,1.14458
1781856000000,1.1445999999999998,1.14549,1.14458,1.1449399999999998
1781856900000,1.14491,1.14598,1.14486,1.14572
1781857800000,1.14575,1.14653,1.14567,1.14635
1781858700000,1.14636,1.14638,1.14608,1.14638
1781859600000,1.1463700000000001,1.1463800000000002,1.14579,1.1461100000000002
1781860500000,1.14612,1.14628,1.14591,1.146
1781861400000,1.14599,1.14642,1.14599,1.14625
1781862300000,1.14624,1.14626,1.14588,1.14589
1781863200000,1.14588,1.14615,1.14584,1.14585
1781864100000,1.14581,1.1459,1.1452,1.14558
1781865000000,1.14559,1.14591,1.14545,1.14586
1781865900000,1.14585,1.14629,1.14578,1.14619
1781866800000,1.1461999999999999,1.1464999999999999,1.14607,1.1463599999999998
1781867700000,1.14637,1.14674,1.14625,1.14626
1781868600000,1.14625,1.14641,1.14602,1.1464
1781869500000,1.14646,1.1465100000000001,1.14586,1.14606
1781870400000,1.14607,1.14675,1.14607,1.14658
1781871300000,1.14659,1.14669,1.14634,1.1463599999999998
1781872200000,1.14636,1.14657,1.14616,1.1464100000000002
1781873100000,1.1463999999999999,1.1474199999999999,1.14638,1.14705
1781874000000,1.14709,1.1472,1.14621,1.14621
1781874900000,1.14625,1.14641,1.14597,1.1463599999999998
1781875800000,1.14637,1.14646,1.14563,1.1460899999999998
1781876700000,1.1461000000000001,1.14656,1.14606,1.1462400000000001
1781877600000,1.14623,1.14643,1.14586,1.14588
1781878500000,1.14591,1.14615,1.14574,1.14611
1781879400000,1.14612,1.14659,1.14612,1.14648
1781880300000,1.14648,1.14697,1.14618,1.14679
1781881200000,1.1467999999999998,1.1475499999999998,1.14678,1.14696
1781882100000,1.14695,1.14716,1.14683,1.14686
1781883000000,1.14684,1.14684,1.14626,1.14635
1781883900000,1.14636,1.1466100000000001,1.14619,1.14643
1781884800000,1.1464400000000001,1.1465500000000002,1.1463,1.14642
1781885700000,1.1464299999999998,1.14685,1.14614,1.1468099999999999
1781886600000,1.14682,1.14683,1.14636,1.14648
1781887500000,1.14649,1.14688,1.14645,1.1468399999999999
1781888400000,1.1468399999999999,1.14715,1.14672,1.1468399999999999
1781889300000,1.14684,1.1469500000000001,1.14684,1.14694
1781890200000,1.14694,1.1474900000000001,1.14687,1.14745
1781891100000,1.14746,1.14758,1.147,1.14743
1781892000000,1.1474399999999998,1.1475,1.14732,1.14737
1781892900000,1.14737,1.1477199999999999,1.14736,1.1476499999999998
1781893800000,1.14765,1.14798,1.14764,1.14798
1781894700000,1.14798,1.14799,1.14744,1.14759
1781895600000,1.1475799999999998,1.1477899999999999,1.14756,1.1476799999999998
1781896500000,1.1476899999999999,1.1477199999999999,1.14763,1.1476899999999999
1781897400000,1.1476899999999999,1.14773,1.14746,1.1474799999999998
1781898300000,1.14748,1.1477,1.14744,1.14752
1781899200000,1.1475199999999999,1.14767,1.1474,1.14757
1781900100000,1.14757,1.1475899999999999,1.14699,1.14721
1781901000000,1.14719,1.14744,1.14713,1.1473
1781901900000,1.1473,1.1473,1.14638,1.1464999999999999
1782075600000,1.1461199999999998,1.14641,1.14522,1.1454499999999999
1782076500000,1.14545,1.1455000000000002,1.14545,1.1454600000000001
1782077400000,1.14546,1.14659,1.14546,1.14638
1782078300000,1.14643,1.14652,1.14571,1.14571
1782079200000,1.14561,1.14654,1.14539,1.14624
1782080100000,1.14624,1.14654,1.14621,1.1462999999999999
1782081000000,1.14633,1.14635,1.14605,1.14615
1782081900000,1.14616,1.14628,1.14609,1.1461700000000001
1782082800000,1.14616,1.1465100000000001,1.14616,1.1463700000000001
1782083700000,1.14634,1.14641,1.14611,1.14627
1782084600000,1.14626,1.14632,1.14579,1.14585
1782085500000,1.14582,1.14618,1.14572,1.1461700000000001
1782086400000,1.14618,1.1464699999999999,1.14617,1.1462899999999998
1782087300000,1.1462999999999999,1.1464299999999998,1.14607,1.1462299999999999
1782088200000,1.14622,1.14628,1.14582,1.14586
1782089100000,1.14587,1.14661,1.14571,1.14659
1782090000000,1.1467,1.14731,1.14667,1.1470900000000002
1782090900000,1.14708,1.14713,1.14659,1.14678
1782091800000,1.1467599999999998,1.1467599999999998,1.14637,1.14671
1782092700000,1.1467,1.14681,1.1463,1.1463100000000002
1782093600000,1.1463400000000001,1.1464400000000001,1.14612,1.14613
1782094500000,1.1461400000000002,1.1462800000000002,1.14596,1.14623
1782095400000,1.14624,1.1465999999999998,1.14624,1.14648
1782096300000,1.14648,1.14672,1.14638,1.14648
1782097200000,1.1465,1.14663,1.14622,1.14625
1782098100000,1.14624,1.14648,1.14617,1.1462299999999999
1782099000000,1.14624,1.1462999999999999,1.14577,1.14582
1782099900000,1.1458300000000001,1.14615,1.14538,1.14557
1782100800000,1.14558,1.1456199999999999,1.14523,1.14543
1782101700000,1.14544,1.1456,1.14533,1.14549
1782102600000,1.14548,1.1456,1.14541,1.1455
1782103500000,1.14549,1.14563,1.14526,1.1455499999999998
1782104400000,1.14557,1.1457,1.14543,1.14566
1782105300000,1.14566,1.14589,1.14557,1.14588
1782106200000,1.14588,1.14623,1.14585,1.14603
1782107100000,1.14602,1.14603,1.14537,1.14538
1782108000000,1.14537,1.14571,1.1452,1.14558
1782108900000,1.1455899999999999,1.14593,1.14532,1.14576
1782109800000,1.14575,1.14582,1.14527,1.14534
1782110700000,1.14535,1.1462800000000002,1.14518,1.14596
1782111600000,1.14595,1.1461999999999999,1.14577,1.14588
1782112500000,1.14589,1.14605,1.14514,1.14514
1782113400000,1.1451399999999998,1.1451399999999998,1.14441,1.14454
1782114300000,1.1445500000000002,1.1448500000000001,1.14437,1.14453
1782115200000,1.14454,1.14465,1.1441,1.1442899999999998
1782116100000,1.1442700000000001,1.1452600000000002,1.14413,1.1447500000000002
1782117000000,1.1447399999999999,1.14524,1.14435,1.14467
1782117900000,1.14467,1.14509,1.14463,1.14504
1782118800000,1.1450600000000002,1.14626,1.14498,1.1457300000000001
1782119700000,1.14575,1.14594,1.14553,1.14571
1782120600000,1.1457300000000001,1.14609,1.14548,1.14555
1782121500000,1.14554,1.14618,1.14549,1.14573
1782122400000,1.14575,1.1462,1.14559,1.14609
1782123300000,1.1461000000000001,1.1461000000000001,1.14568,1.14596
1782124200000,1.14599,1.1460000000000001,1.14541,1.14579
1782125100000,1.1457899999999999,1.14591,1.1455,1.14558
1782126000000,1.1455899999999999,1.1459599999999999,1.14519,1.14523
1782126900000,1.14522,1.14529,1.14489,1.14516
1782127800000,1.1451799999999999,1.14543,1.14509,1.14529
1782128700000,1.1453,1.14536,1.14469,1.1448
1782129600000,1.1448099999999999,1.1458199999999998,1.14471,1.14564
1782130500000,1.1456300000000001,1.14613,1.14542,1.14592
1782131400000,1.14588,1.1461299999999999,1.14573,1.146
1782132300000,1.14602,1.14604,1.14543,1.14543
1782133200000,1.14544,1.14546,1.1435,1.14441
1782134100000,1.14439,1.14439,1.14344,1.14356
1782135000000,1.14357,1.14424,1.14333,1.1434499999999999
1782135900000,1.14344,1.14371,1.1428,1.14282
1782136800000,1.14278,1.14388,1.14252,1.14344
1782137700000,1.14343,1.1438199999999998,1.14288,1.1436499999999998
1782138600000,1.14369,1.14379,1.14304,1.14354
1782139500000,1.14355,1.145,1.14355,1.14442
1782140400000,1.1444100000000001,1.14497,1.14437,1.1446100000000001
1782141300000,1.14462,1.1447399999999999,1.14401,1.14408
1782142200000,1.14407,1.14413,1.14371,1.14374
1782143100000,1.14373,1.14374,1.143,1.14312
1782144000000,1.14314,1.14318,1.1426,1.14276
1782144900000,1.1427399999999999,1.1429799999999999,1.14261,1.1426399999999999
1782145800000,1.14263,1.14303,1.14248,1.14262
1782146700000,1.1426100000000001,1.14314,1.14253,1.1430500000000001
1782147600000,1.1430399999999998,1.14329,1.14292,1.1429799999999999
1782148500000,1.14299,1.14321,1.1429,1.1429
1782149400000,1.1429,1.143,1.14266,1.14282
1782150300000,1.1428099999999999,1.14296,1.14278,1.14285
1782151200000,1.14284,1.14309,1.1428,1.14298
1782152100000,1.14298,1.143,1.14264,1.1426900000000002
1782153000000,1.1427,1.14273,1.14239,1.1425400000000001
1782153900000,1.14255,1.1426100000000001,1.14226,1.14238
1782154800000,1.14241,1.14249,1.14224,1.1422999999999999
1782155700000,1.14231,1.14231,1.14204,1.14204
1782156600000,1.14204,1.14209,1.14185,1.14189
1782157500000,1.1419000000000001,1.1425,1.14185,1.14243
1782158400000,1.14242,1.1428699999999998,1.14241,1.1428099999999999
1782159300000,1.1428,1.14286,1.1426,1.14269
1782160200000,1.14267,1.14271,1.14259,1.14268
1782161100000,1.14265,1.14282,1.14252,1.14274
1782162000000,1.14246,1.14246,1.14186,1.1423500000000002
1782162900000,1.14235,1.14249,1.14233,1.14243
1782163800000,1.1424299999999998,1.14279,1.14217,1.14259
1782164700000,1.1425800000000002,1.1427,1.14253,1.14269
1782165600000,1.1426800000000001,1.14283,1.14263,1.14276
1782166500000,1.14276,1.14281,1.14259,1.14261
1782167400000,1.14263,1.14266,1.14249,1.1425400000000001
1782168300000,1.14255,1.1427,1.14253,1.1426800000000001
1782169200000,1.1426699999999999,1.14287,1.14265,1.14268
1782170100000,1.14268,1.14271,1.14254,1.1425999999999998
1782171000000,1.14259,1.14267,1.14256,1.14257
1782171900000,1.1425699999999999,1.1426699999999999,1.14251,1.1426299999999998
1782172800000,1.1426,1.1426,1.1422,1.1422
1782173700000,1.14223,1.14248,1.14222,1.14248
1782174600000,1.14249,1.1427,1.14238,1.14254
1782175500000,1.14255,1.14272,1.14249,1.14264
1782176400000,1.14265,1.14273,1.14229,1.14229
1782177300000,1.1423,1.1424500000000002,1.1422,1.14232
1782178200000,1.14233,1.14249,1.14218,1.1424699999999999
1782179100000,1.14246,1.14277,1.14229,1.14262
1782180000000,1.14263,1.14303,1.14259,1.14301
1782180900000,1.1430200000000001,1.1431300000000002,1.14291,1.14294
1782181800000,1.1429500000000001,1.143,1.1428,1.1428500000000001
1782182700000,1.14285,1.14285,1.14249,1.14252
1782183600000,1.14253,1.14265,1.14219,1.1424
1782184500000,1.14239,1.1425699999999999,1.1418,1.14249
1782185400000,1.1425,1.14266,1.14235,1.14263
1782186300000,1.14262,1.1429399999999998,1.14254,1.1429099999999999
1782187200000,1.14292,1.14295,1.14269,1.1427
1782188100000,1.14269,1.1427200000000002,1.1424,1.1425
1782189000000,1.14249,1.14254,1.14231,1.14246
1782189900000,1.1424699999999999,1.14251,1.14191,1.14204
1782190800000,1.14202,1.14225,1.14184,1.14204
1782191700000,1.14204,1.14245,1.14204,1.1423699999999999
1782192600000,1.14235,1.14251,1.14207,1.1422599999999998
1782193500000,1.14227,1.14228,1.14187,1.14225
1782194400000,1.1422599999999998,1.14256,1.14214,1.1424999999999998
1782195300000,1.14249,1.14295,1.14228,1.14261
1782196200000,1.1426,1.14282,1.14211,1.14214
1782197100000,1.14212,1.1424100000000001,1.14189,1.1422400000000001
1782198000000,1.14223,1.14351,1.14219,1.14299
1782198900000,1.14323,1.1438700000000002,1.14311,1.14369
1782199800000,1.14344,1.14347,1.14118,1.1415300000000002
1782200700000,1.14154,1.14176,1.14093,1.14112
1782201600000,1.14117,1.14169,1.14094,1.1413
1782202500000,1.1412900000000001,1.14135,1.1404,1.1407
1782203400000,1.1406699999999999,1.14083,1.14041,1.1405999999999998
1782204300000,1.1406100000000001,1.1408800000000001,1.14053,1.14077
1782205200000,1.14076,1.1409799999999999,1.14055,1.14089
1782206100000,1.14086,1.14106,1.1406,1.14091
1782207000000,1.14089,1.14106,1.14062,1.14077
1782207900000,1.14076,1.1410799999999999,1.14072,1.14104
1782208800000,1.14109,1.14121,1.14055,1.14073
1782209700000,1.14072,1.1409799999999999,1.14041,1.14045
1782210600000,1.14046,1.14066,1.14038,1.14042
1782211500000,1.14043,1.14052,1.13951,1.14001
1782212400000,1.14002,1.14019,1.13978,1.14015
1782213300000,1.14014,1.14023,1.13944,1.1394900000000001
1782214200000,1.13954,1.13956,1.13906,1.1393
1782215100000,1.13931,1.13936,1.13838,1.13851
1782216000000,1.1384999999999998,1.1394,1.13848,1.1387
1782216900000,1.13871,1.13894,1.1382,1.1383500000000002
1782217800000,1.1383599999999998,1.13913,1.13834,1.1385999999999998
1782218700000,1.13861,1.1390399999999998,1.13858,1.13883
1782219600000,1.13885,1.1394199999999999,1.13851,1.1385699999999999
1782220500000,1.13858,1.13932,1.13846,1.13904
1782221400000,1.13906,1.1399599999999999,1.13896,1.13965
1782222300000,1.13965,1.13991,1.13883,1.13891
1782223200000,1.13892,1.13905,1.13838,1.13839
1782224100000,1.1383999999999999,1.13852,1.13756,1.13791
1782225000000,1.1379,1.13805,1.13761,1.13795
1782225900000,1.13794,1.13842,1.1378,1.13815
1782226800000,1.13816,1.1383400000000001,1.13755,1.1382100000000002
1782227700000,1.13824,1.1385,1.13798,1.13804
1782228600000,1.1380199999999998,1.1384299999999998,1.13773,1.13784
1782229500000,1.13785,1.13824,1.13774,1.13824
1782230400000,1.13825,1.13832,1.13783,1.13824
1782231300000,1.13825,1.13832,1.13794,1.13794
1782232200000,1.1379299999999999,1.13833,1.13784,1.13832
1782233100000,1.1383100000000002,1.13833,1.13779,1.13789
1782234000000,1.13788,1.1380299999999999,1.1376,1.1379299999999999
1782234900000,1.1379400000000002,1.1380100000000002,1.13779,1.1378000000000001
1782235800000,1.13781,1.1381100000000002,1.13779,1.13806
1782236700000,1.13805,1.1380599999999998,1.1378,1.1379
1782237600000,1.13791,1.13801,1.13781,1.13794
1782238500000,1.13795,1.1380000000000001,1.13782,1.13782
1782239400000,1.13781,1.13792,1.13757,1.1375899999999999
1782240300000,1.13758,1.13784,1.13757,1.13782
1782241200000,1.13783,1.13823,1.13781,1.13815
1782242100000,1.1381400000000002,1.13819,1.13796,1.13808
1782243000000,1.13808,1.13814,1.13795,1.1380000000000001
1782243900000,1.13799,1.13808,1.13784,1.13784
1782244800000,1.13785,1.138,1.13774,1.13791
1782245700000,1.13792,1.13795,1.13778,1.13791
1782246600000,1.1379,1.13798,1.13784,1.1379599999999999
1782247500000,1.13795,1.1381,1.13794,1.13809
1782248400000,1.13806,1.13825,1.13764,1.13825
1782249300000,1.13821,1.13825,1.13819,1.13819
1782250200000,1.13819,1.13825,1.13798,1.13819
1782251100000,1.13826,1.13833,1.13819,1.13821
1782252000000,1.13825,1.13825,1.13779,1.13798
1782252900000,1.13798,1.13799,1.13788,1.13788
1782253800000,1.13789,1.13805,1.13788,1.13805
1782254700000,1.13804,1.13817,1.13804,1.13807
1782255600000,1.1380800000000002,1.1382,1.13803,1.1381000000000001
1782256500000,1.1381,1.1381599999999998,1.13797,1.13798
1782257400000,1.13796,1.13816,1.13782,1.1381400000000002
1782258300000,1.13815,1.1382899999999998,1.13783,1.13784
1782259200000,1.13784,1.1381700000000001,1.13768,1.13778
1782260100000,1.13778,1.13788,1.13728,1.1373900000000001
1782261000000,1.1374,1.1376199999999999,1.13729,1.1374799999999998
1782261900000,1.13748,1.13779,1.13747,1.13757
1782262800000,1.13758,1.13759,1.13707,1.13742
1782263700000,1.13742,1.13743,1.13704,1.13713
1782264600000,1.1371200000000001,1.13752,1.13704,1.1373900000000001
1782265500000,1.13738,1.13764,1.13727,1.1376
1782266400000,1.13758,1.1376300000000001,1.13738,1.13752
1782267300000,1.1375199999999999,1.13761,1.1374,1.13743
1782268200000,1.13743,1.13759,1.13724,1.1372900000000001
1782269100000,1.1372799999999998,1.13729,1.13661,1.13669
1782270000000,1.13665,1.13679,1.13612,1.13628
1782270900000,1.13627,1.13644,1.13608,1.13643
1782271800000,1.13646,1.13683,1.13632,1.13672
1782272700000,1.13673,1.13679,1.13663,1.13667
1782273600000,1.1366800000000001,1.1367,1.13606,1.13623
1782274500000,1.13624,1.13665,1.13624,1.1363699999999999
1782275400000,1.1363800000000002,1.1364800000000002,1.1363,1.13636
1782276300000,1.1363500000000002,1.13643,1.13613,1.1362400000000001
1782277200000,1.13625,1.13669,1.13622,1.13659
1782278100000,1.1366,1.1367500000000001,1.13647,1.1365800000000001
1782279000000,1.13657,1.13671,1.13643,1.1364400000000001
1782279900000,1.13643,1.1367800000000001,1.13643,1.13674
1782280800000,1.13673,1.1374499999999999,1.13665,1.13733
1782281700000,1.1372900000000001,1.1372900000000001,1.1364,1.13647
1782282600000,1.13647,1.1367,1.13632,1.13666
1782283500000,1.13663,1.13675,1.1357,1.1359
1782284400000,1.1358700000000002,1.1360400000000002,1.13511,1.13531
1782285300000,1.13531,1.13566,1.13526,1.13548
1782286200000,1.13547,1.1359,1.13517,1.13587
1782287100000,1.13586,1.13603,1.13508,1.1351300000000002
1782288000000,1.13512,1.13553,1.13373,1.1339299999999999
1782288900000,1.13392,1.13528,1.13385,1.13526
1782289800000,1.13521,1.13549,1.13436,1.13499
1782290700000,1.13498,1.13544,1.13493,1.13522
1782291600000,1.1352099999999998,1.1353099999999998,1.13441,1.1350799999999999
1782292500000,1.13509,1.1352499999999999,1.13451,1.1346999999999998
1782293400000,1.1347099999999999,1.1348799999999999,1.13438,1.1344699999999999
1782294300000,1.13446,1.1349399999999998,1.13441,1.1345399999999999
1782295200000,1.13453,1.13458,1.13395,1.13425
1782296100000,1.13424,1.1342999999999999,1.13387,1.13402
1782297000000,1.13401,1.13449,1.13384,1.13417
1782297900000,1.13418,1.1342800000000002,1.13379,1.13391
1782298800000,1.13393,1.13416,1.13365,1.1339700000000001
1782299700000,1.13396,1.13442,1.13388,1.13434
1782300600000,1.13433,1.13481,1.13419,1.13438
1782301500000,1.13438,1.13484,1.13375,1.13398
1782302400000,1.13395,1.13456,1.13375,1.13388
1782303300000,1.1339000000000001,1.13412,1.13369,1.13379
1782304200000,1.13378,1.13385,1.13247,1.13297
1782305100000,1.1329799999999999,1.1332,1.13258,1.13285
1782306000000,1.13287,1.13313,1.1324,1.13253
1782306900000,1.13255,1.1338,1.13244,1.1337199999999998
1782307800000,1.1336899999999999,1.13424,1.13363,1.13394
1782308700000,1.13391,1.13472,1.13333,1.13436
1782309600000,1.13439,1.1351699999999998,1.13417,1.1346299999999998
1782310500000,1.13462,1.1347399999999999,1.13384,1.13441
1782311400000,1.13439,1.1346,1.13374,1.13415
1782312300000,1.13414,1.1342999999999999,1.13353,1.13411
1782313200000,1.13413,1.13513,1.13395,1.1350500000000001
1782314100000,1.1350699999999998,1.13611,1.13495,1.1354899999999999
1782315000000,1.1354600000000001,1.1355000000000002,1.13481,1.1351900000000001
1782315900000,1.1352,1.1353499999999999,1.13462,1.13475
1782316800000,1.1347800000000001,1.13533,1.13463,1.13514
1782317700000,1.13516,1.13611,1.13505,1.1360999999999999
1782318600000,1.13609,1.13674,1.13586,1.1360100000000002
1782319500000,1.13602,1.13606,1.13572,1.1359000000000001
1782320400000,1.1359100000000002,1.1360700000000001,1.13532,1.1354300000000002
1782321300000,1.13545,1.13551,1.13503,1.13513
1782322200000,1.13514,1.13589,1.1351,1.13522
1782323100000,1.13521,1.13524,1.13484,1.1349
1782324000000,1.13491,1.13544,1.1349,1.1352
1782324900000,1.13521,1.13578,1.13518,1.13571
1782325800000,1.13574,1.13603,1.13545,1.13548
1782326700000,1.1354600000000001,1.13567,1.13528,1.13545
1782327600000,1.13546,1.1358,1.1353,1.1353
1782328500000,1.13531,1.13543,1.13503,1.13541
1782329400000,1.13542,1.13561,1.13532,1.1356000000000002
1782330300000,1.1356000000000002,1.1357000000000002,1.13525,1.13528
1782331200000,1.13527,1.1355600000000001,1.13518,1.1353300000000002
1782332100000,1.1353199999999999,1.13575,1.13523,1.13571
1782333000000,1.13572,1.13591,1.13568,1.13586
1782333900000,1.13585,1.13599,1.13561,1.13579
1782334800000,1.13528,1.13605,1.13521,1.1352200000000001
1782335700000,1.1352300000000002,1.1354000000000002,1.13518,1.1354000000000002
1782336600000,1.1352,1.1353099999999998,1.13512,1.1352
1782337500000,1.13529,1.13577,1.1351,1.1357
1782338400000,1.1357,1.13591,1.1356,1.1356199999999999
1782339300000,1.1355899999999999,1.1356,1.13547,1.13552
1782340200000,1.13552,1.13568,1.13551,1.13562
1782341100000,1.1356300000000001,1.1356300000000001,1.13542,1.13545
1782342000000,1.13545,1.13545,1.13532,1.1354300000000002
1782342900000,1.13543,1.13557,1.13543,1.13543
1782343800000,1.13544,1.1355600000000001,1.13534,1.13546
1782344700000,1.13545,1.1355600000000001,1.13521,1.13533
1782345600000,1.1353300000000002,1.1354600000000001,1.13498,1.1351
1782346500000,1.1351099999999998,1.13517,1.13485,1.1349399999999998
1782347400000,1.1349300000000002,1.1349500000000001,1.13471,1.1348500000000001
1782348300000,1.13484,1.1353600000000001,1.13484,1.13528
1782349200000,1.1353,1.13608,1.13527,1.13605
1782350100000,1.13606,1.1366800000000001,1.13599,1.1361400000000001
1782351000000,1.1361299999999999,1.1363699999999999,1.13563,1.13604
1782351900000,1.136,1.13605,1.13567,1.13575
1782352800000,1.13575,1.13608,1.1356,1.1359899999999998
1782353700000,1.1360000000000001,1.1364400000000001,1.13589,1.13639
1782354600000,1.13636,1.1365,1.13615,1.13625
1782355500000,1.1362400000000001,1.13633,1.1361,1.1363
1782356400000,1.1362999999999999,1.1366299999999998,1.13624,1.13661
1782357300000,1.1366200000000002,1.1367,1.13637,1.1365
1782358200000,1.13651,1.1367399999999999,1.13648,1.13673
1782359100000,1.13672,1.13705,1.13666,1.13694
1782360000000,1.1369500000000001,1.13701,1.13674,1.1369500000000001
1782360900000,1.13696,1.13703,1.13684,1.1369200000000002
1782361800000,1.13696,1.13697,1.13656,1.13663
1782362700000,1.1366100000000001,1.13677,1.13656,1.13665
1782363600000,1.1366200000000002,1.1367600000000002,1.13654,1.13656
1782364500000,1.13656,1.1366100000000001,1.1363,1.1363800000000002
1782365400000,1.13636,1.13651,1.13622,1.13622
1782366300000,1.1362,1.13637,1.13592,1.1360700000000001
1782367200000,1.13604,1.13636,1.13585,1.13633
1782368100000,1.13633,1.13645,1.13615,1.1362
1782369000000,1.1361999999999999,1.1361999999999999,1.13539,1.1356499999999998
1782369900000,1.13564,1.13581,1.13517,1.13523
1782370800000,1.13522,1.13599,1.13496,1.13497
1782371700000,1.1349699999999998,1.1354,1.13441,1.13513
1782372600000,1.13517,1.13552,1.13514,1.1353600000000001
1782373500000,1.1353499999999999,1.1359,1.13522,1.13588
1782374400000,1.1359,1.1363899999999998,1.13583,1.1360899999999998
1782375300000,1.1361,1.13674,1.13603,1.1367200000000002
1782376200000,1.13673,1.13719,1.13669,1.13703
1782377100000,1.13701,1.13714,1.13659,1.1367
1782378000000,1.1367099999999999,1.1367399999999999,1.13627,1.13652
1782378900000,1.1365200000000002,1.1369900000000002,1.13637,1.1369200000000002
1782379800000,1.1369099999999999,1.13734,1.13635,1.13635
1782380700000,1.13636,1.13655,1.13611,1.13611
1782381600000,1.1360999999999999,1.1361299999999999,1.1354,1.1356
1782382500000,1.1355899999999999,1.1355899999999999,1.13526,1.13541
1782383400000,1.13541,1.1354899999999999,1.13482,1.13483
1782384300000,1.1348200000000002,1.1348200000000002,1.13423,1.13452
1782385200000,1.13453,1.13453,1.13412,1.13436
1782386100000,1.13435,1.13438,1.13367,1.13368
1782387000000,1.13367,1.13384,1.13333,1.13368
1782387900000,1.13363,1.13381,1.13329,1.1337
1782388800000,1.13373,1.13418,1.13357,1.13412
1782389700000,1.13411,1.13421,1.1338,1.13401
1782390600000,1.13402,1.13639,1.13402,1.13621
1782391500000,1.13622,1.13637,1.13515,1.1353000000000002
1782392400000,1.13534,1.13572,1.13487,1.13532
1782393300000,1.13536,1.13651,1.13527,1.13648
1782394200000,1.13647,1.13692,1.13605,1.13611
1782395100000,1.1360999999999999,1.1368,1.13584,1.1362999999999999
1782396000000,1.13634,1.1382999999999999,1.13624,1.13734
1782396900000,1.13734,1.13767,1.1365,1.1371
1782397800000,1.1371099999999998,1.13787,1.13695,1.1377499999999998
1782398700000,1.13775,1.1381000000000001,1.13735,1.1374300000000002
1782399600000,1.13744,1.1385399999999999,1.13729,1.13756
1782400500000,1.13755,1.13873,1.13734,1.13866
1782401400000,1.13865,1.13875,1.13795,1.13799
1782402300000,1.13798,1.13843,1.13777,1.1383699999999999
1782403200000,1.13843,1.1385,1.13792,1.1381000000000001
1782404100000,1.13809,1.1386,1.13803,1.1384800000000002
1782405000000,1.13849,1.1385,1.13772,1.13772
1782405900000,1.13772,1.13774,1.13728,1.13735
1782406800000,1.13733,1.13765,1.13727,1.13741
1782407700000,1.1374000000000002,1.13744,1.13715,1.1373300000000002
1782408600000,1.13734,1.13742,1.1371,1.13725
1782409500000,1.1372600000000002,1.1377300000000001,1.13718,1.13737
1782410400000,1.13738,1.13786,1.13694,1.13782
1782411300000,1.1377599999999999,1.138,1.13763,1.13783
1782412200000,1.13786,1.13786,1.13734,1.13742
1782413100000,1.13741,1.13771,1.13721,1.13724
1782414000000,1.13727,1.1373799999999998,1.13702,1.1372499999999999
1782414900000,1.1372499999999999,1.1377,1.13723,1.1377
1782415800000,1.13771,1.1379000000000001,1.13718,1.13725
1782416700000,1.13724,1.1373900000000001,1.1368,1.13721
1782417600000,1.13722,1.1374,1.1371,1.13715
1782418500000,1.13717,1.13728,1.13711,1.13724
1782419400000,1.13721,1.13728,1.13711,1.1371600000000002
1782420300000,1.13713,1.13717,1.13694,1.13694
1782421200000,1.1368099999999999,1.13712,1.13645,1.13712
1782422100000,1.13712,1.13729,1.13668,1.13668
1782423000000,1.13668,1.1370799999999999,1.13661,1.13706
1782423900000,1.13706,1.1372600000000002,1.13704,1.13714
1782424800000,1.13714,1.13726,1.137,1.13701
1782425700000,1.1370099999999999,1.1371,1.13682,1.13682
1782426600000,1.13683,1.13698,1.1368,1.1368
1782427500000,1.1367900000000002,1.1369200000000002,1.13664,1.1368800000000001
1782428400000,1.13687,1.13694,1.13637,1.1366100000000001
1782429300000,1.1366100000000001,1.1366100000000001,1.13629,1.13641
1782430200000,1.13641,1.13644,1.13605,1.13623
1782431100000,1.1362299999999999,1.13628,1.13597,1.13608
1782432000000,1.13613,1.13632,1.13605,1.13631
1782432900000,1.1363,1.13643,1.13616,1.13642
1782433800000,1.13642,1.1365599999999998,1.13627,1.13644
1782434700000,1.13645,1.1366399999999999,1.13624,1.13642
1782435600000,1.1364299999999998,1.1368399999999999,1.13641,1.13665
1782436500000,1.13666,1.1367699999999998,1.13638,1.13651
1782437400000,1.1365399999999999,1.13658,1.13573,1.1358499999999998
1782438300000,1.1358400000000002,1.13592,1.13559,1.1359100000000002
1782439200000,1.13592,1.13623,1.13579,1.1358000000000001
1782440100000,1.1358,1.13585,1.13536,1.1355
1782441000000,1.1355,1.1359599999999999,1.13546,1.1358499999999998
1782441900000,1.13584,1.13594,1.13565,1.13586
1782442800000,1.13587,1.13642,1.1358,1.13625
1782443700000,1.13626,1.1364,1.13619,1.1363400000000001
1782444600000,1.13635,1.1367099999999999,1.13615,1.1367099999999999
1782445500000,1.1367,1.1371,1.13655,1.1371
1782446400000,1.13713,1.13725,1.1369,1.13711
1782447300000,1.1370900000000002,1.1374300000000002,1.13708,1.1373300000000002
1782448200000,1.1373199999999999,1.13734,1.13679,1.13721
1782449100000,1.1372099999999998,1.13766,1.13719,1.13764
1782450000000,1.13765,1.13773,1.1375,1.13756
1782450900000,1.13757,1.1378,1.13746,1.1377199999999998
1782451800000,1.13771,1.13794,1.13761,1.13785
1782452700000,1.13786,1.13817,1.13771,1.13776
1782453600000,1.13784,1.13792,1.13724,1.13744
1782454500000,1.13744,1.13786,1.13735,1.13782
1782455400000,1.13783,1.13819,1.1376,1.1376
1782456300000,1.1375899999999999,1.13775,1.13709,1.13747
1782457200000,1.13744,1.13779,1.13725,1.1376300000000001
1782458100000,1.13761,1.13773,1.13739,1.13747
1782459000000,1.13746,1.13882,1.13743,1.13851
1782459900000,1.13846,1.13881,1.13839,1.1386100000000001
1782460800000,1.13857,1.13973,1.13825,1.13972
1782461700000,1.13972,1.1402100000000002,1.13938,1.1401700000000001
1782462600000,1.14016,1.14028,1.13948,1.14026
1782463500000,1.14026,1.1407100000000001,1.13999,1.1400700000000001
1782464400000,1.14007,1.14008,1.13949,1.13967
1782465300000,1.13966,1.1403299999999998,1.13953,1.14028
1782466200000,1.14027,1.14068,1.13998,1.14049
1782467100000,1.14056,1.14115,1.14046,1.14063
1782468000000,1.14065,1.14077,1.14029,1.14043
1782468900000,1.14043,1.14063,1.13996,1.14029
1782469800000,1.14028,1.1406299999999998,1.14017,1.1402299999999999
1782470700000,1.1402199999999998,1.1404999999999998,1.1401,1.14042
1782471600000,1.1404400000000001,1.14053,1.14003,1.14015
1782472500000,1.14013,1.14058,1.13995,1.14053
1782473400000,1.1405299999999998,1.14055,1.13983,1.13991
1782474300000,1.1399100000000002,1.13996,1.13932,1.13978
1782475200000,1.13981,1.1401999999999999,1.1397,1.14004
1782476100000,1.14005,1.1405900000000002,1.13993,1.14039
1782477000000,1.14032,1.1408999999999998,1.1401,1.14072
1782477900000,1.14073,1.1433300000000002,1.14057,1.14264
1782478800000,1.1426800000000001,1.14293,1.14172,1.14192
1782479700000,1.14181,1.1422899999999998,1.14112,1.14211
1782480600000,1.1421000000000001,1.14242,1.14192,1.1422700000000001
1782481500000,1.14226,1.14245,1.14161,1.1424400000000001
1782482400000,1.14242,1.1427800000000001,1.14182,1.14212
1782483300000,1.14213,1.1426,1.14168,1.14172
1782484200000,1.14171,1.14187,1.1411,1.14153
1782485100000,1.14153,1.1418,1.1393,1.13934
1782486000000,1.1393499999999999,1.14032,1.13916,1.1402299999999999
1782486900000,1.14023,1.1405500000000002,1.14006,1.14042
1782487800000,1.1404400000000001,1.14062,1.14009,1.14046
1782488700000,1.14045,1.14073,1.13944,1.14023
1782489600000,1.1402400000000001,1.14028,1.13972,1.13989
1782490500000,1.13988,1.13995,1.13897,1.13907
1782491400000,1.1390900000000002,1.1394,1.13826,1.1388500000000001
1782492300000,1.13886,1.13909,1.13879,1.13893
1782493200000,1.1389399999999998,1.13927,1.13882,1.1391
1782494100000,1.13909,1.13918,1.1388,1.13882
1782495000000,1.13883,1.1389399999999998,1.13841,1.13883
1782495900000,1.13883,1.1389099999999999,1.13848,1.13858
1782496800000,1.13862,1.13905,1.13848,1.13893
1782497700000,1.13894,1.13898,1.13873,1.1388800000000001
1782498600000,1.13889,1.13907,1.13882,1.13892
1782499500000,1.13888,1.1389799999999999,1.13852,1.13853
1782500400000,1.13852,1.13866,1.13843,1.13857
1782501300000,1.13856,1.13857,1.13806,1.13812
1782502200000,1.13812,1.13834,1.13804,1.13818
1782503100000,1.13816,1.13887,1.13812,1.13863
1782504000000,1.1386800000000001,1.1388200000000002,1.13847,1.1387800000000001
1782504900000,1.13879,1.1391099999999998,1.13878,1.13893
1782505800000,1.13899,1.13914,1.13826,1.1386
1782506700000,1.13859,1.13868,1.13808,1.13848
1782680400000,1.13883,1.13883,1.13776,1.13802
1782681300000,1.13802,1.13819,1.13785,1.13818
1782682200000,1.13817,1.13861,1.13798,1.13806
1782683100000,1.13798,1.13806,1.13759,1.1379700000000001
1782684000000,1.1381100000000002,1.1385800000000001,1.13803,1.1382800000000002
1782684900000,1.13828,1.13834,1.13817,1.13827
1782685800000,1.13827,1.1385299999999998,1.13827,1.13849
1782686700000,1.13848,1.1385699999999999,1.13844,1.13848
1782687600000,1.13849,1.13864,1.13847,1.1385100000000001
1782688500000,1.13851,1.13853,1.13842,1.13845
1782689400000,1.13846,1.13846,1.13816,1.13835
1782690300000,1.13835,1.13858,1.13832,1.13847
1782691200000,1.13845,1.13879,1.13827,1.13855
1782692100000,1.13857,1.1386500000000002,1.13837,1.1384200000000002
1782693000000,1.1384299999999998,1.1387699999999998,1.13834,1.13872
1782693900000,1.13871,1.13887,1.13843,1.1387
1782694800000,1.13874,1.13891,1.1384,1.1386200000000002
1782695700000,1.13861,1.13892,1.13851,1.1388099999999999
1782696600000,1.1388200000000002,1.13904,1.13871,1.1389
1782697500000,1.1389,1.13893,1.1384,1.13846
1782698400000,1.13847,1.1387,1.13842,1.13866
1782699300000,1.13865,1.1392799999999998,1.13865,1.13924
1782700200000,1.13923,1.13924,1.13882,1.13889
1782701100000,1.1389,1.1389,1.1387,1.13872
1782702000000,1.13874,1.1389500000000001,1.13871,1.1388600000000002
1782702900000,1.13885,1.1388699999999998,1.13861,1.13876
1782703800000,1.13876,1.1389500000000001,1.1386,1.1386500000000002
1782704700000,1.13866,1.1386800000000001,1.13826,1.1382700000000001
1782705600000,1.13826,1.13843,1.13818,1.13822
1782706500000,1.1382100000000002,1.13833,1.13806,1.1383100000000002
1782707400000,1.13831,1.1384699999999999,1.13827,1.13834
1782708300000,1.13833,1.1384,1.13806,1.1382100000000002
1782709200000,1.1382,1.13867,1.1382,1.1386500000000002
1782710100000,1.1386399999999999,1.13866,1.13845,1.13863
1782711000000,1.13862,1.13917,1.13862,1.13905
1782711900000,1.13903,1.13948,1.13903,1.13939
1782712800000,1.1393399999999998,1.1395199999999999,1.13922,1.1394799999999998
1782713700000,1.13947,1.13974,1.13935,1.1397000000000002
1782714600000,1.13968,1.1402,1.13962,1.14003
1782715500000,1.14004,1.14145,1.13995,1.14119
1782716400000,1.14115,1.14127,1.14043,1.1405800000000001
1782717300000,1.1406,1.14094,1.14049,1.14076
1782718200000,1.1407699999999998,1.1410399999999998,1.14058,1.14059
1782719100000,1.14067,1.14073,1.13996,1.14019
1782720000000,1.14022,1.14069,1.14011,1.14014
1782720900000,1.14015,1.1402299999999999,1.1397,1.14011
1782721800000,1.14012,1.14048,1.13975,1.1398300000000001
1782722700000,1.13982,1.1398300000000001,1.13921,1.1395300000000002
1782723600000,1.13954,1.1399299999999999,1.13939,1.1397799999999998
1782724500000,1.13977,1.14019,1.1397,1.1399599999999999
1782725400000,1.1399700000000001,1.14021,1.13965,1.13981
1782726300000,1.13982,1.14034,1.13964,1.14028
1782727200000,1.1402800000000002,1.14047,1.14013,1.14015
1782728100000,1.14013,1.14019,1.13991,1.14012
1782729000000,1.1401100000000002,1.14026,1.13993,1.14006
1782729900000,1.14001,1.1405100000000001,1.13992,1.1404
1782730800000,1.14039,1.14072,1.14035,1.14052
1782731700000,1.1405100000000001,1.14059,1.14016,1.14025
1782732600000,1.14024,1.1405399999999999,1.13984,1.13992
1782733500000,1.1399299999999999,1.14111,1.13984,1.1408399999999999
1782734400000,1.14082,1.1408299999999998,1.14044,1.14061
1782735300000,1.1405999999999998,1.14068,1.14,1.14027
1782736200000,1.1402800000000002,1.1406200000000002,1.14003,1.14033
1782737100000,1.1403400000000001,1.14037,1.13999,1.1402100000000002
1782738000000,1.14023,1.14049,1.14018,1.14032
1782738900000,1.14027,1.1404699999999999,1.14001,1.14043
1782739800000,1.14048,1.14069,1.14008,1.14039
1782740700000,1.14035,1.14117,1.14026,1.1409500000000001
1782741600000,1.14099,1.1414,1.14065,1.1409399999999998
1782742500000,1.14093,1.14199,1.1404,1.14147
1782743400000,1.1414600000000001,1.14218,1.14124,1.14137
1782744300000,1.1413600000000002,1.14228,1.14111,1.1421400000000002
1782745200000,1.14215,1.1421800000000002,1.14159,1.14185
1782746100000,1.1419000000000001,1.1423400000000001,1.14185,1.14219
1782747000000,1.14221,1.1423699999999999,1.14184,1.14205
1782747900000,1.14204,1.14245,1.14202,1.14231
1782748800000,1.1423500000000002,1.1427100000000001,1.1423,1.1423500000000002
1782749700000,1.14236,1.14258,1.14228,1.14229
1782750600000,1.1423,1.1426100000000001,1.1423,1.14259
1782751500000,1.14258,1.143,1.14248,1.14253
1782752400000,1.14255,1.14267,1.14239,1.14264
1782753300000,1.14265,1.14266,1.14209,1.1422
1782754200000,1.14219,1.14255,1.14211,1.14236
1782755100000,1.14237,1.14275,1.14219,1.14262
1782756000000,1.14263,1.14285,1.14252,1.14284
1782756900000,1.14283,1.14283,1.14266,1.1427100000000001
1782757800000,1.14273,1.1428099999999999,1.14262,1.14275
1782758700000,1.14275,1.1427999999999998,1.14244,1.14251
1782759600000,1.14247,1.14263,1.14216,1.14225
1782760500000,1.14224,1.14255,1.14224,1.14249
1782761400000,1.1425,1.14256,1.14237,1.1425100000000001
1782762300000,1.1425,1.14263,1.14242,1.14252
1782763200000,1.14251,1.14268,1.14241,1.14254
1782764100000,1.14255,1.14262,1.14252,1.14259
1782765000000,1.1425699999999999,1.1425699999999999,1.14214,1.14229
1782765900000,1.1422999999999999,1.1423599999999998,1.14224,1.14235
1782766800000,1.1421,1.14228,1.14166,1.14217
1782767700000,1.14219,1.14245,1.14214,1.14236
1782768600000,1.1423699999999999,1.14246,1.14224,1.14246
1782769500000,1.14244,1.14248,1.14215,1.1422
1782770400000,1.14233,1.14253,1.14219,1.14243
1782771300000,1.14243,1.14249,1.14233,1.14237
1782772200000,1.1423699999999999,1.14238,1.14218,1.14223
1782773100000,1.14223,1.14249,1.14223,1.1424400000000001
1782774000000,1.14242,1.14248,1.14234,1.1423599999999998
1782774900000,1.14236,1.14244,1.14225,1.14226
1782775800000,1.14225,1.14233,1.14209,1.14212
1782776700000,1.14211,1.14216,1.14184,1.14185
1782777600000,1.14188,1.14199,1.14162,1.14162
1782778500000,1.14161,1.14165,1.1413,1.1414
1782779400000,1.1414,1.14162,1.1413,1.14131
1782780300000,1.1413099999999998,1.14163,1.14119,1.1415799999999998
1782781200000,1.14159,1.14168,1.14054,1.1406
1782782100000,1.14059,1.1415000000000002,1.14057,1.1414300000000002
1782783000000,1.1414000000000002,1.14155,1.14057,1.14059
1782783900000,1.14058,1.14076,1.14014,1.14035
1782784800000,1.14035,1.14055,1.14028,1.1402999999999999
1782785700000,1.14031,1.14051,1.14018,1.14029
1782786600000,1.1402899999999998,1.14059,1.14027,1.14041
1782787500000,1.14043,1.14051,1.14011,1.1402999999999999
1782788400000,1.14031,1.1404699999999999,1.14011,1.1401299999999999
1782789300000,1.1401400000000002,1.14025,1.13979,1.1398700000000002
1782790200000,1.13986,1.13994,1.13964,1.13968
1782791100000,1.13967,1.1399,1.13967,1.1397899999999999
1782792000000,1.13977,1.13984,1.13965,1.13974
1782792900000,1.1397300000000001,1.13977,1.13948,1.13958
1782793800000,1.13956,1.1398599999999999,1.13956,1.13978
1782794700000,1.13977,1.13978,1.13885,1.13885
1782795600000,1.13887,1.13908,1.13859,1.13896
1782796500000,1.1389500000000001,1.13921,1.13894,1.1390500000000001
1782797400000,1.13904,1.1392,1.13903,1.1391
1782798300000,1.1391,1.1392200000000001,1.1382,1.1384200000000002
1782799200000,1.1384,1.1389,1.1383,1.13881
1782800100000,1.13882,1.13979,1.13876,1.13967
1782801000000,1.1396600000000001,1.13997,1.13961,1.13982
1782801900000,1.13963,1.14032,1.13946,1.14025
1782802800000,1.14026,1.14061,1.14008,1.14042
1782803700000,1.14041,1.14088,1.14031,1.14059
1782804600000,1.14061,1.14069,1.14031,1.14052
1782805500000,1.14054,1.1405800000000001,1.13965,1.13981
1782806400000,1.1398199999999998,1.13988,1.13875,1.13893
1782807300000,1.13892,1.1393,1.13876,1.13921
1782808200000,1.1392200000000001,1.13925,1.13836,1.13865
1782809100000,1.1386500000000002,1.13931,1.1383,1.1393
1782810000000,1.1393,1.13962,1.13894,1.1393
1782810900000,1.13926,1.13944,1.13912,1.1391799999999999
1782811800000,1.13921,1.1394,1.13886,1.13937
1782812700000,1.13936,1.1398,1.13929,1.13966
1782813600000,1.1396700000000002,1.1397400000000002,1.13925,1.1394300000000002
1782814500000,1.1394199999999999,1.1396099999999998,1.13922,1.1394799999999998
1782815400000,1.13947,1.1400400000000002,1.13921,1.1399000000000001
1782816300000,1.13988,1.14018,1.1397,1.1401299999999999
1782817200000,1.14016,1.14023,1.13974,1.13985
1782818100000,1.13986,1.14007,1.13944,1.13961
1782819000000,1.13962,1.13979,1.13857,1.13964
1782819900000,1.13965,1.13966,1.1392,1.13924
1782820800000,1.1392499999999999,1.1396,1.13889,1.13953
1782821700000,1.13954,1.13958,1.1388,1.13907
1782822600000,1.13906,1.1398300000000001,1.13887,1.13978
1782823500000,1.13977,1.14022,1.13927,1.13954
1782824400000,1.13955,1.1402100000000002,1.13938,1.13992
1782825300000,1.13993,1.14063,1.13992,1.14012
1782826200000,1.14013,1.14031,1.13964,1.14004
1782827100000,1.14005,1.1401000000000001,1.13955,1.1396000000000002
1782828000000,1.1395899999999999,1.14062,1.13906,1.14061
1782828900000,1.1406,1.1415300000000002,1.14057,1.14125
1782829800000,1.14123,1.14192,1.14083,1.14185
1782830700000,1.14183,1.14343,1.14154,1.14325
1782831600000,1.14324,1.14361,1.1425,1.1425500000000002
1782832500000,1.1425299999999998,1.1426399999999999,1.1421,1.1421
1782833400000,1.14211,1.14255,1.14175,1.14175
1782834300000,1.14176,1.14201,1.14145,1.14165
1782835200000,1.14164,1.14173,1.14117,1.14146
1782836100000,1.14145,1.1415600000000001,1.14118,1.1414300000000002
1782837000000,1.1414499999999999,1.14168,1.14126,1.1415899999999999
1782837900000,1.1415499999999998,1.1417599999999999,1.14119,1.1413499999999999
1782838800000,1.14135,1.1418700000000002,1.14135,1.1413900000000001
1782839700000,1.1414,1.1418499999999998,1.14139,1.1418
1782840600000,1.14181,1.1418899999999998,1.14163,1.14183
1782841500000,1.1418199999999998,1.14217,1.1418,1.1420899999999998
1782842400000,1.1421,1.1426399999999999,1.14208,1.14259
1782843300000,1.1424800000000002,1.14264,1.14233,1.1425400000000001
1782844200000,1.14252,1.14263,1.14198,1.14204
1782845100000,1.1420299999999999,1.14258,1.1419,1.1419899999999998
1782846000000,1.14191,1.1421899999999998,1.1419,1.1420199999999998
1782846900000,1.14203,1.14216,1.14152,1.1415600000000001
1782847800000,1.14153,1.1418599999999999,1.1415,1.14175
1782848700000,1.14176,1.1426100000000001,1.14165,1.1426100000000001
1782849600000,1.1425999999999998,1.14268,1.14244,1.14249
1782850500000,1.14241,1.14256,1.14234,1.1423999999999999
1782851400000,1.1424,1.14243,1.14219,1.14229
1782852300000,1.14225,1.14228,1.142,1.1421199999999998
1782853200000,1.14207,1.14211,1.14168,1.14202
1782854100000,1.1420199999999998,1.1420599999999999,1.14156,1.1419199999999998
1782855000000,1.1419,1.14201,1.1419,1.14201
1782855900000,1.14201,1.14222,1.14192,1.14209
1782856800000,1.14206,1.14225,1.14201,1.14209
1782857700000,1.1420800000000002,1.1421700000000001,1.14203,1.14205
1782858600000,1.14205,1.14208,1.14201,1.14205
1782859500000,1.14205,1.14206,1.14179,1.1419400000000002
1782860400000,1.14194,1.14196,1.14182,1.14185
1782861300000,1.14184,1.14187,1.1416,1.14163
1782862200000,1.14164,1.14178,1.14143,1.14143
1782863100000,1.14144,1.1414499999999999,1.14119,1.1412499999999999
1782864000000,1.14126,1.14135,1.14114,1.14124
1782864900000,1.14125,1.14131,1.14094,1.1412200000000001
1782865800000,1.1412200000000001,1.14125,1.1409,1.1409
1782866700000,1.14091,1.1410200000000001,1.1408,1.1409
1782867600000,1.14091,1.14091,1.1404,1.14046
1782868500000,1.1404699999999999,1.14077,1.14045,1.1406
1782869400000,1.14061,1.14063,1.14041,1.14055
1782870300000,1.1405500000000002,1.1406500000000002,1.1402,1.1403800000000002
1782871200000,1.14039,1.1406200000000002,1.1403,1.1406100000000001
1782872100000,1.1406100000000001,1.1407500000000002,1.14033,1.14037
1782873000000,1.14036,1.14058,1.14021,1.14049
1782873900000,1.14051,1.14065,1.14041,1.1404999999999998
1782874800000,1.14048,1.14077,1.14046,1.14065
1782875700000,1.14065,1.14069,1.14039,1.14046
1782876600000,1.14048,1.14053,1.14011,1.14016
1782877500000,1.14015,1.1403800000000002,1.14013,1.1403500000000002
1782878400000,1.14036,1.1404200000000002,1.1402,1.1404200000000002
1782879300000,1.14041,1.14042,1.14024,1.14041
1782880200000,1.14042,1.14083,1.14039,1.14075
1782881100000,1.14076,1.14102,1.14076,1.1408
1782882000000,1.1407999999999998,1.14092,1.14068,1.14085
1782882900000,1.14084,1.14098,1.14074,1.14093
1782883800000,1.14093,1.141,1.14069,1.14095
1782884700000,1.14096,1.14096,1.14024,1.14052
1782885600000,1.1405299999999998,1.1409,1.14014,1.1401999999999999
1782886500000,1.14019,1.14042,1.14013,1.1401800000000002
1782887400000,1.1402,1.14043,1.13998,1.14013
1782888300000,1.14011,1.1403599999999998,1.1401,1.14025
1782889200000,1.1402299999999999,1.14038,1.13956,1.1396199999999999
1782890100000,1.13958,1.13967,1.13926,1.13927
1782891000000,1.13926,1.13991,1.13926,1.1398199999999998
1782891900000,1.1397799999999998,1.14031,1.13966,1.14015
1782892800000,1.14015,1.14017,1.13988,1.13998
1782893700000,1.13997,1.1403299999999998,1.13949,1.13957
1782894600000,1.1395499999999998,1.13998,1.13936,1.1399
1782895500000,1.1399,1.1401299999999999,1.13943,1.1396
1782896400000,1.13959,1.13991,1.13934,1.13971
1782897300000,1.13972,1.13972,1.13915,1.13918
1782898200000,1.1391600000000002,1.1391600000000002,1.13864,1.1388600000000002
1782899100000,1.13885,1.13889,1.13846,1.13874
1782900000000,1.13873,1.13889,1.13856,1.13889
1782900900000,1.13888,1.1394,1.13888,1.13939
1782901800000,1.1393900000000001,1.13972,1.13935,1.1395600000000001
1782902700000,1.13955,1.13999,1.13954,1.13975
1782903600000,1.13975,1.13985,1.13913,1.1393
1782904500000,1.13929,1.13947,1.13919,1.13946
1782905400000,1.1394499999999999,1.1395499999999998,1.13926,1.13946
1782906300000,1.1394600000000001,1.1394600000000001,1.13843,1.1385
1782907200000,1.1385299999999998,1.1387399999999999,1.138,1.1381899999999998
1782908100000,1.1382800000000002,1.13866,1.13803,1.13805
1782909000000,1.1380599999999998,1.13831,1.13685,1.13727
1782909900000,1.13728,1.13747,1.137,1.1370500000000001
1782910800000,1.1370600000000002,1.13745,1.13613,1.1361400000000001
1782911700000,1.13617,1.13869,1.13617,1.13849
1782912600000,1.13852,1.1404299999999998,1.13827,1.1403999999999999
1782913500000,1.1403800000000002,1.1411200000000001,1.13918,1.13945
1782914400000,1.13974,1.14049,1.13912,1.13997
1782915300000,1.1399599999999999,1.13998,1.13896,1.13912
1782916200000,1.13911,1.1401000000000001,1.13901,1.1394
1782917100000,1.13947,1.13983,1.13842,1.13948
1782918000000,1.13952,1.1395600000000001,1.13853,1.13866
1782918900000,1.13865,1.13924,1.13839,1.13919
1782919800000,1.1391799999999999,1.13937,1.13783,1.13798
1782920700000,1.1379899999999998,1.13869,1.1379,1.13832
1782921600000,1.13836,1.13934,1.13831,1.1387099999999999
1782922500000,1.1386999999999998,1.13888,1.13827,1.13851
1782923400000,1.13852,1.13852,1.13801,1.13808
1782924300000,1.1380700000000001,1.1383500000000002,1.13793,1.1381800000000002
1782925200000,1.13819,1.13845,1.13795,1.13796
1782926100000,1.13795,1.13853,1.13785,1.13842
1782927000000,1.13843,1.13853,1.13795,1.13796
1782927900000,1.13795,1.13822,1.13792,1.13804
1782928800000,1.13806,1.1382400000000001,1.13772,1.1378300000000001
1782929700000,1.13779,1.13779,1.13747,1.13767
1782930600000,1.13767,1.13791,1.13757,1.1379
1782931500000,1.13789,1.13799,1.13772,1.13793
1782932400000,1.13792,1.13811,1.13787,1.13788
1782933300000,1.1378899999999998,1.13795,1.1377,1.1379
1782934200000,1.13791,1.13801,1.13781,1.13798
1782935100000,1.13799,1.13805,1.13772,1.1378300000000001
1782936000000,1.13782,1.13789,1.13769,1.1377400000000002
1782936900000,1.13773,1.13778,1.13754,1.1376
1782937800000,1.1375899999999999,1.13768,1.13736,1.13741
1782938700000,1.1374,1.1377899999999999,1.13733,1.13775
1782939600000,1.13764,1.13772,1.13738,1.13769
1782940500000,1.1376899999999999,1.1377199999999998,1.13749,1.1377199999999998
1782941400000,1.13773,1.13783,1.13773,1.13777
1782942300000,1.1377599999999999,1.1377899999999999,1.1377,1.1377
1782943200000,1.13771,1.1377899999999999,1.13766,1.1377499999999998
1782944100000,1.1377499999999998,1.1379,1.13773,1.1378599999999999
1782945000000,1.13785,1.13789,1.13781,1.13787
1782945900000,1.13785,1.13785,1.13779,1.1378400000000002
1782946800000,1.13783,1.13783,1.13774,1.13778
1782947700000,1.13775,1.1378000000000001,1.13769,1.13775
1782948600000,1.13775,1.1378,1.13771,1.13779
1782949500000,1.1377899999999999,1.1378,1.13766,1.1377
1782950400000,1.1376899999999999,1.13827,1.13756,1.138
1782951300000,1.13798,1.13798,1.13759,1.13762
1782952200000,1.13764,1.13781,1.13745,1.13769
1782953100000,1.1376899999999999,1.1379,1.13753,1.1376
1782954000000,1.1376,1.13795,1.13757,1.13788
1782954900000,1.13789,1.13797,1.13771,1.13788
1782955800000,1.1378700000000002,1.13825,1.13769,1.13808
1782956700000,1.1380700000000001,1.13853,1.13802,1.13811
1782957600000,1.1381,1.13861,1.1381,1.1385999999999998
1782958500000,1.13861,1.13879,1.13835,1.13846
1782959400000,1.13845,1.13859,1.13835,1.1384
1782960300000,1.1384,1.13846,1.13805,1.13816
1782961200000,1.13815,1.13829,1.13784,1.13791
1782962100000,1.13792,1.13799,1.13776,1.13796
1782963000000,1.13795,1.13809,1.13784,1.1380299999999999
1782963900000,1.13802,1.13819,1.13787,1.13817
1782964800000,1.13818,1.13868,1.13817,1.13852
1782965700000,1.13852,1.13856,1.13833,1.1384100000000001
1782966600000,1.13842,1.13858,1.13839,1.13852
1782967500000,1.13851,1.1387699999999998,1.13848,1.13861
1782968400000,1.13863,1.1388,1.13849,1.13858
1782969300000,1.13856,1.13862,1.13833,1.1384
1782970200000,1.13837,1.13847,1.13809,1.1383400000000001
1782971100000,1.13833,1.13857,1.13829,1.13853
1782972000000,1.13852,1.13911,1.13849,1.13886
1782972900000,1.13885,1.1388800000000001,1.13856,1.13869
1782973800000,1.1387099999999999,1.13909,1.13865,1.1390799999999999
1782974700000,1.13908,1.1403800000000002,1.13901,1.13941
1782975600000,1.13943,1.1396600000000001,1.139,1.1394900000000001
1782976500000,1.1395000000000002,1.14009,1.13925,1.1400000000000001
1782977400000,1.14003,1.14067,1.13954,1.14049
1782978300000,1.1405100000000001,1.14087,1.1402,1.14073
1782979200000,1.14072,1.14174,1.14063,1.14164
1782980100000,1.14163,1.14182,1.1413,1.14161
1782981000000,1.14158,1.14194,1.14123,1.1416
1782981900000,1.1416,1.1420599999999999,1.1415,1.14195
1782982800000,1.14196,1.14206,1.14098,1.14125
1782983700000,1.14126,1.14157,1.14087,1.14091
1782984600000,1.1409200000000002,1.14135,1.14084,1.14118
1782985500000,1.14117,1.14143,1.14092,1.14092
1782986400000,1.14087,1.1410500000000001,1.14067,1.14069
1782987300000,1.14068,1.14075,1.14045,1.14066
1782988200000,1.14065,1.14066,1.14025,1.14053
1782989100000,1.14053,1.14107,1.14053,1.14099
1782990000000,1.14102,1.14112,1.14066,1.14096
1782990900000,1.14097,1.1414199999999999,1.14096,1.14127
1782991800000,1.14128,1.1414,1.14069,1.14073
1782992700000,1.14074,1.14077,1.13998,1.14033
1782993600000,1.1403299999999998,1.14042,1.13977,1.13981
1782994500000,1.1398199999999998,1.14007,1.13949,1.13983
1782995400000,1.13981,1.14713,1.13977,1.1471
1782996300000,1.14712,1.14722,1.14478,1.1450799999999999
1782997200000,1.1451200000000001,1.14547,1.1444,1.1449
1782998100000,1.14491,1.1449500000000001,1.14382,1.14405
1782999000000,1.1440299999999999,1.14512,1.1439,1.14472
1782999900000,1.1447100000000001,1.1453200000000001,1.14456,1.14502
1783000800000,1.14505,1.14577,1.14431,1.14561
1783001700000,1.1456,1.14576,1.14415,1.14421
1783002600000,1.1441999999999999,1.14448,1.1433,1.1435
1783003500000,1.14351,1.1444,1.14341,1.14433
1783004400000,1.14435,1.14473,1.14392,1.14445
1783005300000,1.1444599999999998,1.1447299999999998,1.144,1.14401
1783006200000,1.14404,1.14492,1.14404,1.14442
1783007100000,1.1444299999999998,1.1447399999999999,1.14417,1.1446999999999998
1783008000000,1.14469,1.14476,1.14401,1.14425
1783008900000,1.14426,1.14428,1.14354,1.14358
1783009800000,1.1435899999999999,1.14394,1.14347,1.14389
1783010700000,1.14388,1.14405,1.14364,1.14372
1783011600000,1.14369,1.1437000000000002,1.14318,1.14341
1783012500000,1.1434199999999999,1.14344,1.14292,1.1430799999999999
1783013400000,1.14307,1.1432900000000001,1.14287,1.1428800000000001
1783014300000,1.14288,1.1431499999999999,1.14282,1.143
1783015200000,1.14303,1.14359,1.14297,1.14313
1783016100000,1.14314,1.14341,1.14289,1.14326
1783017000000,1.14325,1.14364,1.14318,1.14324
1783017900000,1.14324,1.14335,1.14318,1.14324
1783018800000,1.14325,1.14334,1.14297,1.14318
1783019700000,1.14317,1.1432,1.14285,1.14288
1783020600000,1.14289,1.14304,1.14272,1.14283
1783021500000,1.14284,1.14312,1.14256,1.14303
1783022400000,1.143,1.1432,1.14289,1.14317
1783023300000,1.14318,1.14351,1.14318,1.14344
1783024200000,1.14339,1.1434,1.1432,1.14325
1783025100000,1.14326,1.14348,1.14323,1.1433
1783026000000,1.14299,1.14325,1.14242,1.14324
1783026900000,1.1429500000000001,1.1433200000000001,1.14294,1.14328
1783027800000,1.14327,1.1432799999999999,1.14305,1.14305
1783028700000,1.14306,1.14327,1.14296,1.14327
1783029600000,1.14328,1.14348,1.14328,1.1433300000000002
1783030500000,1.14333,1.14333,1.14305,1.1430799999999999
1783031400000,1.14309,1.14309,1.14273,1.14284
1783032300000,1.1428399999999999,1.14287,1.14272,1.14283
1783033200000,1.14283,1.14289,1.14273,1.14275
1783034100000,1.14275,1.143,1.14275,1.1429399999999998
1783035000000,1.1429500000000001,1.1429500000000001,1.14233,1.1425400000000001
1783035900000,1.1426,1.1426100000000001,1.14212,1.14219
1783036800000,1.1421700000000001,1.14239,1.14202,1.14215
1783037700000,1.14217,1.14228,1.14201,1.14215
1783038600000,1.14214,1.1421700000000001,1.14202,1.14215
1783039500000,1.14215,1.1430399999999998,1.14214,1.1430099999999999
1783040400000,1.14304,1.14368,1.14296,1.14367
1783041300000,1.14367,1.1443999999999999,1.14363,1.14388
1783042200000,1.14387,1.14424,1.14374,1.14404
1783043100000,1.1440299999999999,1.14404,1.14357,1.14365
1783044000000,1.14367,1.14418,1.14353,1.144
1783044900000,1.14401,1.1443999999999999,1.14401,1.14435
1783045800000,1.1443599999999998,1.1444299999999998,1.14407,1.14428
1783046700000,1.14428,1.14432,1.14381,1.14391
1783047600000,1.14389,1.14398,1.14372,1.1439300000000001
1783048500000,1.14394,1.14395,1.14363,1.14385
1783049400000,1.14386,1.1440400000000002,1.14369,1.14392
1783050300000,1.14393,1.14409,1.14387,1.14405
1783051200000,1.14406,1.1442,1.14385,1.14418
1783052100000,1.1441700000000001,1.14426,1.14412,1.14418
1783053000000,1.14417,1.14448,1.14411,1.14443
1783053900000,1.14442,1.14456,1.14434,1.14455
1783054800000,1.1445500000000002,1.1453,1.1445,1.1451900000000002
1783055700000,1.14519,1.14543,1.14499,1.14513
1783056600000,1.14512,1.14532,1.14495,1.14519
1783057500000,1.1452,1.14533,1.14461,1.14482
1783058400000,1.14481,1.14536,1.14476,1.14535
1783059300000,1.14536,1.14578,1.14507,1.14523
1783060200000,1.14524,1.14618,1.14521,1.14592
1783061100000,1.14591,1.1460299999999999,1.14512,1.1453499999999999
1783062000000,1.14536,1.1454199999999999,1.14516,1.14534
1783062900000,1.14533,1.1456300000000001,1.14504,1.1455
1783063800000,1.1454900000000001,1.1456300000000001,1.1447,1.14508
1783064700000,1.14509,1.14573,1.145,1.14539
1783065600000,1.14541,1.14554,1.14499,1.14531
1783066500000,1.1453,1.14543,1.14505,1.14532
1783067400000,1.14531,1.14571,1.14513,1.14541
1783068300000,1.1454,1.14544,1.14504,1.1452200000000001
1783069200000,1.1452099999999998,1.14523,1.14475,1.14495
1783070100000,1.14492,1.14512,1.14469,1.1447
1783071000000,1.14475,1.14487,1.14463,1.14465
1783071900000,1.14462,1.14463,1.14397,1.1440299999999999
1783072800000,1.14401,1.1446800000000001,1.14399,1.14457
1783073700000,1.1445999999999998,1.14468,1.14434,1.14441
1783074600000,1.1444,1.1448099999999999,1.14435,1.14469
1783075500000,1.1446800000000001,1.14496,1.1446,1.14462
1783076400000,1.1446100000000001,1.1454300000000002,1.14457,1.1453900000000001
1783077300000,1.1454000000000002,1.1456600000000001,1.14525,1.1454300000000002
1783078200000,1.1454399999999998,1.1454799999999998,1.14488,1.14492
1783079100000,1.14491,1.14501,1.14464,1.14498
1783080000000,1.1450099999999999,1.14522,1.14462,1.145
1783080900000,1.14501,1.14501,1.14457,1.1447200000000002
1783081800000,1.14471,1.14504,1.14459,1.14472
1783082700000,1.14465,1.14488,1.14459,1.14464
1783083600000,1.14466,1.14474,1.14413,1.1443800000000002
1783084500000,1.1443699999999999,1.14439,1.14407,1.14431
1783085400000,1.14432,1.14432,1.14397,1.1441
1783086300000,1.1441,1.14421,1.14374,1.14399
1783087200000,1.14398,1.14421,1.14381,1.14408
1783088100000,1.14407,1.14471,1.14407,1.1446299999999998
1783089000000,1.14462,1.1447299999999998,1.14427,1.1443299999999998
1783089900000,1.14432,1.1444400000000001,1.14406,1.1441000000000001
1783090800000,1.1441000000000001,1.14439,1.14403,1.14413
1783091700000,1.14412,1.14434,1.14381,1.14396
1783092600000,1.14396,1.14411,1.14381,1.14381
1783093500000,1.1438199999999998,1.14391,1.14346,1.14366
1783094400000,1.14364,1.1439000000000001,1.14358,1.1438000000000001
1783095300000,1.14379,1.1438700000000002,1.14362,1.1436600000000001
1783096200000,1.14365,1.14372,1.14347,1.1435
1783097100000,1.14351,1.14372,1.14348,1.1437000000000002
1783098000000,1.1437199999999998,1.1441599999999998,1.1437,1.14397
1783098900000,1.1439599999999999,1.14408,1.14394,1.14398
1783099800000,1.14399,1.14409,1.14389,1.14399
1783100700000,1.14401,1.14405,1.14387,1.14397
1783101600000,1.14398,1.1440599999999999,1.14373,1.14384
1783102500000,1.14384,1.14397,1.14384,1.14389
1783103400000,1.1438899999999999,1.14395,1.14387,1.14391
1783104300000,1.14391,1.14398,1.14375,1.1438300000000001
1783105200000,1.1438199999999998,1.14398,1.14373,1.1438899999999999
1783106100000,1.1439,1.1439,1.14377,1.14378
1783107000000,1.14377,1.1438,1.14366,1.1437199999999998
1783107900000,1.14371,1.14378,1.14351,1.14357
1783108800000,1.14357,1.14368,1.14344,1.14353
1783109700000,1.14351,1.14357,1.14341,1.14352
1783110600000,1.14352,1.1435600000000001,1.14345,1.14351
1783111500000,1.14353,1.14357,1.14327,1.14354
1783285200000,1.1437700000000002,1.1437700000000002,1.14301,1.14325
1783286100000,1.14335,1.14343,1.1433,1.14334
1783287000000,1.1433499999999999,1.14346,1.14329,1.14344
1783287900000,1.14324,1.14353,1.14296,1.1434199999999999
1783288800000,1.1434499999999999,1.1437,1.14339,1.14354
1783289700000,1.14354,1.14361,1.14348,1.1435600000000001
1783290600000,1.1435499999999998,1.1437199999999998,1.14353,1.14371
1783291500000,1.1437,1.1437300000000001,1.14351,1.14361
1783292400000,1.14361,1.14367,1.14329,1.14336
1783293300000,1.14337,1.14362,1.14325,1.1435600000000001
1783294200000,1.1435600000000001,1.14372,1.14352,1.1436700000000002
1783295100000,1.1436700000000002,1.14375,1.14345,1.14361
1783296000000,1.1436,1.1437,1.14322,1.14357
1783296900000,1.14358,1.14405,1.14358,1.14381
1783297800000,1.1438,1.14402,1.1437,1.1439
1783298700000,1.14391,1.1439599999999999,1.14366,1.14377
1783299600000,1.14378,1.14382,1.14345,1.14362
1783300500000,1.1436,1.14361,1.143,1.14311
1783301400000,1.14311,1.14343,1.143,1.14335
1783302300000,1.1433499999999999,1.1433499999999999,1.14278,1.1428099999999999
1783303200000,1.1427800000000001,1.14296,1.1427,1.14291
1783304100000,1.14291,1.1430200000000001,1.1428,1.14287
1783305000000,1.14289,1.143,1.14282,1.1429
1783305900000,1.1429,1.14346,1.1429,1.1433200000000001
1783306800000,1.14333,1.1435199999999999,1.14323,1.14323
1783307700000,1.14324,1.14328,1.14286,1.14286
1783308600000,1.14285,1.14308,1.14273,1.14307
1783309500000,1.14307,1.14316,1.14292,1.14313
1783310400000,1.14312,1.14337,1.1431,1.14328
1783311300000,1.1432900000000001,1.1433600000000002,1.14315,1.14315
1783312200000,1.14316,1.1433,1.14313,1.1433
1783313100000,1.14327,1.1433,1.14313,1.14323
1783314000000,1.14325,1.14327,1.14281,1.14293
1783314900000,1.1429200000000002,1.14293,1.1427,1.14282
1783315800000,1.1428099999999999,1.1431799999999999,1.14275,1.1429
1783316700000,1.14291,1.14311,1.14223,1.1423
1783317600000,1.1423,1.14284,1.14229,1.14249
1783318500000,1.14247,1.1425100000000001,1.14209,1.14235
1783319400000,1.1423299999999998,1.1424699999999999,1.14193,1.1422999999999999
1783320300000,1.14231,1.14248,1.14195,1.14225
1783321200000,1.14222,1.14248,1.1416,1.14248
1783322100000,1.14245,1.14276,1.14201,1.14218
1783323000000,1.14219,1.14266,1.14212,1.14246
1783323900000,1.14245,1.1426999999999998,1.14217,1.1425999999999998
1783324800000,1.14261,1.14265,1.14153,1.14187
1783325700000,1.1419000000000001,1.14205,1.14162,1.1418400000000002
1783326600000,1.14184,1.1420199999999998,1.14156,1.14161
1783327500000,1.1416199999999999,1.14201,1.14146,1.142
1783328400000,1.1419899999999998,1.14208,1.1417,1.1418199999999998
1783329300000,1.14181,1.14193,1.14164,1.14177
1783330200000,1.14174,1.14196,1.14168,1.1417
1783331100000,1.1416899999999999,1.1417,1.14105,1.14126
1783332000000,1.1412600000000002,1.14154,1.14091,1.14151
1783332900000,1.14152,1.1419300000000001,1.14135,1.14151
1783333800000,1.14151,1.14203,1.14148,1.14186
1783334700000,1.14185,1.14206,1.14165,1.14189
1783335600000,1.1419000000000001,1.14198,1.14152,1.14181
1783336500000,1.14184,1.14188,1.14154,1.14176
1783337400000,1.14177,1.14187,1.14134,1.1413900000000001
1783338300000,1.1413900000000001,1.14161,1.14114,1.1414600000000001
1783339200000,1.14148,1.14193,1.14137,1.14168
1783340100000,1.14168,1.1419000000000001,1.14148,1.1417000000000002
1783341000000,1.1416899999999999,1.1417599999999999,1.14122,1.14132
1783341900000,1.14131,1.14159,1.14101,1.1412600000000002
1783342800000,1.1412600000000002,1.14199,1.14104,1.14175
1783343700000,1.14174,1.14221,1.14173,1.14198
1783344600000,1.14197,1.14209,1.1416,1.14165
1783345500000,1.1416600000000001,1.1416600000000001,1.1408,1.1412
1783346400000,1.1412,1.14195,1.14103,1.14186
1783347300000,1.14189,1.14192,1.14138,1.14145
1783348200000,1.1414600000000001,1.14176,1.14114,1.14115
1783349100000,1.14116,1.14179,1.14107,1.1416600000000001
1783350000000,1.14165,1.1419,1.14147,1.14163
1783350900000,1.14165,1.1418300000000001,1.14151,1.1417300000000001
1783351800000,1.14171,1.14233,1.14161,1.1422700000000001
1783352700000,1.14228,1.14257,1.14222,1.14248
1783353600000,1.1425,1.14279,1.14246,1.14258
1783354500000,1.1426100000000001,1.1430500000000001,1.1426,1.1429500000000001
1783355400000,1.14292,1.1429699999999998,1.14254,1.14275
1783356300000,1.14276,1.1431499999999999,1.14268,1.1430099999999999
1783357200000,1.143,1.14336,1.14296,1.14336
1783358100000,1.1433499999999999,1.14364,1.14329,1.1435499999999998
1783359000000,1.14355,1.1438899999999999,1.1435,1.1438
1783359900000,1.14379,1.14385,1.14354,1.14357
1783360800000,1.14357,1.14377,1.14346,1.1435799999999998
1783361700000,1.1436,1.1438499999999998,1.14356,1.1438499999999998
1783362600000,1.1438499999999998,1.14422,1.14373,1.14415
1783363500000,1.1441599999999998,1.14444,1.14414,1.14424
1783364400000,1.14425,1.14425,1.14405,1.14407
1783365300000,1.14406,1.1441,1.14371,1.14384
1783366200000,1.14388,1.14406,1.14385,1.14391
1783367100000,1.14392,1.14414,1.14391,1.14405
1783368000000,1.14406,1.14414,1.14398,1.144
1783368900000,1.14399,1.14414,1.14391,1.14411
1783369800000,1.1441000000000001,1.14412,1.14392,1.1439700000000002
1783370700000,1.1439700000000002,1.14404,1.14392,1.14401
1783371600000,1.14405,1.14405,1.14388,1.14402
1783372500000,1.14398,1.1441,1.14383,1.1439899999999998
1783373400000,1.14398,1.14411,1.14394,1.14405
1783374300000,1.14405,1.1443999999999999,1.144,1.1443599999999998
1783375200000,1.14446,1.14446,1.14419,1.14435
1783376100000,1.14436,1.14436,1.14425,1.14426
1783377000000,1.14425,1.1443699999999999,1.14425,1.14426
1783377900000,1.14426,1.14446,1.14426,1.1444400000000001
1783378800000,1.14445,1.14474,1.14443,1.14449
1783379700000,1.14449,1.1446299999999998,1.14434,1.1443699999999999
1783380600000,1.1443500000000002,1.14446,1.1443,1.14439
1783381500000,1.14438,1.1443999999999999,1.14407,1.1440899999999998
1783382400000,1.14407,1.14419,1.14397,1.1440599999999999
1783383300000,1.14405,1.14405,1.14375,1.14381
1783384200000,1.14381,1.14396,1.14375,1.14389
1783385100000,1.14388,1.14416,1.14378,1.1438
1783386000000,1.1438,1.14394,1.14378,1.1439
1783386900000,1.14391,1.14396,1.14365,1.14389
1783387800000,1.14389,1.1446,1.14389,1.14391
1783388700000,1.1439,1.14468,1.1439,1.1443299999999998
1783389600000,1.14433,1.1445500000000002,1.1442,1.1442500000000002
1783390500000,1.14425,1.14432,1.14411,1.14411
1783391400000,1.1441,1.1442999999999999,1.144,1.14407
1783392300000,1.14406,1.1440700000000001,1.14389,1.14389
1783393200000,1.1439000000000001,1.14415,1.14386,1.1440000000000001
1783394100000,1.14401,1.14421,1.14388,1.14388
1783395000000,1.14388,1.14395,1.14363,1.1437
1783395900000,1.1437,1.1437499999999998,1.14356,1.1436199999999999
1783396800000,1.1436300000000001,1.14381,1.14358,1.14371
1783397700000,1.1437000000000002,1.14379,1.14359,1.1436400000000002
1783398600000,1.1436600000000001,1.14387,1.14361,1.14373
1783399500000,1.1437,1.1438499999999998,1.14349,1.1435
1783400400000,1.1434600000000001,1.14368,1.14335,1.1433600000000002
1783401300000,1.14336,1.14343,1.14295,1.14302
1783402200000,1.14301,1.14327,1.14284,1.14286
1783403100000,1.14285,1.14313,1.14275,1.14312
1783404000000,1.14313,1.14317,1.14248,1.14265
1783404900000,1.14267,1.143,1.14263,1.14272
1783405800000,1.14273,1.14307,1.14273,1.1428800000000001
1783406700000,1.14287,1.14308,1.1427,1.14293
1783407600000,1.1429299999999998,1.1429299999999998,1.14254,1.14279
1783408500000,1.1428,1.1431499999999999,1.14258,1.1425999999999998
1783409400000,1.14259,1.1429699999999998,1.14254,1.1426999999999998
1783410300000,1.14271,1.14277,1.14242,1.14247
1783411200000,1.1424599999999998,1.1431699999999998,1.14244,1.1430699999999998
1783412100000,1.14306,1.14334,1.14276,1.1432
1783413000000,1.14321,1.14352,1.14303,1.14303
1783413900000,1.14304,1.1432900000000001,1.14264,1.14273
1783414800000,1.14278,1.14284,1.14259,1.14263
1783415700000,1.14264,1.14287,1.1425,1.1427
1783416600000,1.1427100000000001,1.14296,1.14256,1.14279
1783417500000,1.14278,1.14289,1.14241,1.14245
1783418400000,1.1424400000000001,1.14283,1.14229,1.14283
1783419300000,1.14283,1.14299,1.14279,1.14294
1783420200000,1.14294,1.14312,1.14286,1.14295
1783421100000,1.14296,1.14336,1.14285,1.14332
1783422000000,1.14334,1.14338,1.1431,1.14325
1783422900000,1.14326,1.14385,1.14323,1.14366
1783423800000,1.1436300000000001,1.14365,1.14318,1.1432
1783424700000,1.1432300000000002,1.14341,1.14247,1.1431900000000002
1783425600000,1.14323,1.1434,1.14303,1.14334
1783426500000,1.14333,1.14414,1.14306,1.14401
1783427400000,1.144,1.14416,1.1435,1.14355
1783428300000,1.14356,1.1437599999999999,1.1434,1.1436
1783429200000,1.14361,1.14361,1.14298,1.1432900000000001
1783430100000,1.1433,1.14372,1.14321,1.1434600000000001
1783431000000,1.14345,1.14407,1.14344,1.14394
1783431900000,1.14395,1.14413,1.14337,1.14357
1783432800000,1.14356,1.14373,1.14232,1.14259
1783433700000,1.1425999999999998,1.1430799999999999,1.14248,1.14293
1783434600000,1.14297,1.14328,1.14274,1.14321
1783435500000,1.1432200000000001,1.14365,1.14311,1.14325
1783436400000,1.14324,1.1434300000000002,1.14281,1.1429500000000001
1783437300000,1.14295,1.14296,1.14248,1.14279
1783438200000,1.1427999999999998,1.14282,1.14251,1.14252
1783439100000,1.1425100000000001,1.14262,1.14216,1.14223
1783440000000,1.1422400000000001,1.14253,1.14209,1.14219
1783440900000,1.14219,1.14223,1.14174,1.1418
1783441800000,1.1418,1.14209,1.14178,1.14196
1783442700000,1.14198,1.14231,1.14192,1.14228
1783443600000,1.14229,1.1425699999999999,1.14218,1.14226
1783444500000,1.14227,1.14248,1.14217,1.14234
1783445400000,1.14232,1.14259,1.14226,1.14255
1783446300000,1.14255,1.14289,1.14248,1.1427699999999998
1783447200000,1.1427699999999998,1.14283,1.14251,1.14265
1783448100000,1.14266,1.14293,1.1426,1.14272
1783449000000,1.14271,1.1428299999999998,1.14254,1.1427299999999998
1783449900000,1.14274,1.14283,1.14169,1.14179
1783450800000,1.1418000000000001,1.14188,1.14108,1.1411200000000001
1783451700000,1.1411099999999998,1.14133,1.14075,1.14119
1783452600000,1.14123,1.1416099999999998,1.14122,1.14149
1783453500000,1.1415,1.14166,1.14132,1.1416099999999998
1783454400000,1.1415899999999999,1.14166,1.14133,1.14134
1783455300000,1.1413300000000002,1.1414300000000002,1.14118,1.1413300000000002
1783456200000,1.14131,1.14133,1.14104,1.14114
1783457100000,1.1411200000000001,1.1411600000000002,1.14098,1.1410900000000002
1783458000000,1.14113,1.14124,1.14016,1.1407800000000001
1783458900000,1.14078,1.1408099999999999,1.14041,1.1405999999999998
1783459800000,1.14059,1.14059,1.14009,1.14055
1783460700000,1.14052,1.1407299999999998,1.14017,1.14038
1783461600000,1.14064,1.14082,1.14049,1.14052
1783462500000,1.1405,1.14061,1.14042,1.14044
1783463400000,1.14045,1.14049,1.14024,1.14042
1783464300000,1.1404100000000001,1.1406500000000002,1.14037,1.14063
1783465200000,1.14059,1.14078,1.14032,1.14033
1783466100000,1.14033,1.14059,1.14028,1.14043
1783467000000,1.14044,1.14051,1.14035,1.14035
1783467900000,1.14035,1.14037,1.13995,1.14009
1783468800000,1.1401000000000001,1.14059,1.13996,1.14049
1783469700000,1.1404999999999998,1.14079,1.14024,1.14066
1783470600000,1.14065,1.14109,1.14063,1.14096
1783471500000,1.14094,1.1410500000000001,1.14064,1.14074
1783472400000,1.14075,1.14088,1.14051,1.14071
1783473300000,1.1406999999999998,1.14072,1.14034,1.14035
1783474200000,1.1403699999999999,1.14038,1.1398,1.1399199999999998
1783475100000,1.13992,1.14056,1.13992,1.14049
1783476000000,1.1405299999999998,1.14069,1.14041,1.1405399999999999
1783476900000,1.1405500000000002,1.14114,1.14054,1.1410300000000002
1783477800000,1.141,1.1412,1.14082,1.1411499999999999
1783478700000,1.1411600000000002,1.1412,1.14101,1.1410600000000002
1783479600000,1.1411,1.14152,1.1411,1.14152
1783480500000,1.14153,1.1416,1.14139,1.14147
1783481400000,1.14144,1.14149,1.14129,1.14143
1783482300000,1.1414300000000002,1.1414900000000001,1.14128,1.1413900000000001
1783483200000,1.14141,1.14141,1.14107,1.14115
1783484100000,1.14114,1.14131,1.14104,1.1412900000000001
1783485000000,1.1412900000000001,1.14153,1.14124,1.14138
1783485900000,1.14137,1.1415000000000002,1.14128,1.1413900000000001
1783486800000,1.14137,1.14182,1.14134,1.14141
1783487700000,1.14139,1.14157,1.14119,1.1413
1783488600000,1.1413,1.14201,1.1413,1.14191
1783489500000,1.1419,1.142,1.14161,1.1419
1783490400000,1.14192,1.1422999999999999,1.14167,1.14172
1783491300000,1.14175,1.1422400000000001,1.14175,1.14215
1783492200000,1.1421599999999998,1.14234,1.14193,1.1420899999999998
1783493100000,1.14209,1.14224,1.14174,1.14219
1783494000000,1.14222,1.1422400000000001,1.14175,1.14188
1783494900000,1.14189,1.1428,1.14164,1.14274
1783495800000,1.14273,1.14311,1.14259,1.14286
1783496700000,1.14287,1.14299,1.14249,1.14252
1783497600000,1.1425100000000001,1.1427,1.14219,1.14221
1783498500000,1.1421999999999999,1.1425,1.14001,1.14136
1783499400000,1.1413399999999998,1.14163,1.14044,1.14096
1783500300000,1.1409500000000001,1.1418000000000001,1.14081,1.14097
1783501200000,1.14096,1.14105,1.13956,1.1395899999999999
1783502100000,1.1395799999999998,1.1406699999999999,1.13956,1.14051
1783503000000,1.1405,1.1411,1.1404,1.14098
1783503900000,1.1409699999999998,1.1410399999999998,1.14034,1.14038
1783504800000,1.1404,1.14069,1.14006,1.1402700000000001
1783505700000,1.14024,1.14114,1.14015,1.14108
1783506600000,1.1410500000000001,1.14142,1.14098,1.14128
1783507500000,1.14123,1.1413,1.14076,1.1408
1783508400000,1.14076,1.14084,1.14043,1.1406100000000001
1783509300000,1.14062,1.1409099999999999,1.14052,1.14058
1783510200000,1.14059,1.14065,1.13926,1.1403699999999999
1783511100000,1.14036,1.14038,1.13964,1.13977
1783512000000,1.1397599999999999,1.14048,1.1397,1.14018
1783512900000,1.1402,1.14062,1.14019,1.14043
1783513800000,1.14044,1.14058,1.14025,1.14041
1783514700000,1.14041,1.14064,1.13951,1.1395600000000001
1783515600000,1.13952,1.14032,1.13952,1.14002
1783516500000,1.14001,1.1405699999999999,1.13966,1.14027
1783517400000,1.14029,1.14118,1.14029,1.1411
1783518300000,1.14109,1.14132,1.14071,1.1409399999999998
1783519200000,1.14093,1.14128,1.14053,1.14056
1783520100000,1.14057,1.14117,1.14053,1.1407800000000001
1783521000000,1.1407200000000002,1.1408,1.14037,1.1405500000000002
1783521900000,1.14053,1.14078,1.14028,1.14069
1783522800000,1.1407,1.14113,1.14022,1.14024
1783523700000,1.1402599999999998,1.14031,1.13987,1.1399899999999998
1783524600000,1.1400000000000001,1.14006,1.13907,1.1392200000000001
1783525500000,1.13923,1.13964,1.13911,1.1394600000000001
1783526400000,1.13948,1.14005,1.13943,1.13967
1783527300000,1.13968,1.14025,1.13954,1.14009
1783528200000,1.14006,1.1412,1.14003,1.14114
1783529100000,1.14115,1.14142,1.14101,1.1413600000000002
1783530000000,1.14139,1.14232,1.14137,1.14207
1783530900000,1.14209,1.1426100000000001,1.14203,1.1425500000000002
1783531800000,1.1425800000000002,1.14265,1.14209,1.14212
1783532700000,1.14211,1.14221,1.14182,1.1418300000000001
1783533600000,1.1418300000000001,1.1427500000000002,1.14155,1.14273
1783534500000,1.14275,1.14281,1.14249,1.1425400000000001
1783535400000,1.14255,1.14283,1.14232,1.14281
1783536300000,1.1428,1.14284,1.14247,1.1424800000000002
1783537200000,1.14249,1.14289,1.14249,1.14281
1783538100000,1.1428,1.1428900000000002,1.14267,1.14283
1783539000000,1.14284,1.1429900000000002,1.14264,1.1426900000000002
1783539900000,1.14268,1.14285,1.14221,1.14271
1783540800000,1.1426699999999999,1.14273,1.14238,1.1423999999999999
1783541700000,1.14239,1.1424299999999998,1.14197,1.14198
1783542600000,1.1419700000000002,1.1419700000000002,1.14148,1.14159
1783543500000,1.14161,1.14167,1.14155,1.14159
1783544400000,1.14156,1.14187,1.14129,1.14173
1783545300000,1.1417599999999999,1.14185,1.14153,1.14175
1783546200000,1.14174,1.1418,1.14143,1.14156
1783547100000,1.14155,1.14161,1.14148,1.1415600000000001
1783548000000,1.1417000000000002,1.14176,1.14155,1.14164
1783548900000,1.14165,1.14166,1.1416,1.1416199999999999
1783549800000,1.14163,1.14183,1.14163,1.14177
1783550700000,1.14178,1.14188,1.14172,1.14184
1783551600000,1.14182,1.1419,1.14171,1.14173
1783552500000,1.14172,1.14178,1.14167,1.14178
1783553400000,1.14178,1.1420100000000002,1.14176,1.1420000000000001
1783554300000,1.14198,1.14218,1.14192,1.1420700000000001
1783555200000,1.14213,1.1428200000000002,1.14206,1.14273
1783556100000,1.14272,1.14279,1.14248,1.14271
1783557000000,1.14272,1.14296,1.1426,1.14262
1783557900000,1.14261,1.1426399999999999,1.14225,1.14251
1783558800000,1.14252,1.14268,1.14221,1.1422299999999999
1783559700000,1.14224,1.14241,1.1421,1.1421299999999999
1783560600000,1.14212,1.14248,1.14194,1.14229
1783561500000,1.14228,1.14256,1.14207,1.14251
1783562400000,1.1425400000000001,1.14277,1.14249,1.14267
1783563300000,1.14268,1.14278,1.14252,1.14257
1783564200000,1.14257,1.14262,1.14226,1.14242
1783565100000,1.14243,1.14266,1.14237,1.1423800000000002
1783566000000,1.14236,1.14254,1.14235,1.1425
1783566900000,1.14249,1.14262,1.14224,1.14258
1783567800000,1.14257,1.14297,1.14257,1.14274
1783568700000,1.14275,1.14283,1.14255,1.14263
1783569600000,1.14262,1.14268,1.14249,1.14259
1783570500000,1.14259,1.1426,1.14226,1.1424800000000002
1783571400000,1.1424699999999999,1.1426399999999999,1.14245,1.1425
1783572300000,1.14249,1.14267,1.14247,1.1426100000000001
1783573200000,1.14261,1.14334,1.14259,1.1431499999999999
1783574100000,1.1431399999999998,1.1432399999999998,1.14285,1.1431799999999999
1783575000000,1.1432,1.1432900000000001,1.14294,1.14311
1783575900000,1.1431200000000001,1.14331,1.14298,1.1430200000000001
1783576800000,1.14302,1.14363,1.14302,1.1433799999999998
1783577700000,1.1433600000000002,1.1447100000000001,1.14331,1.14463
1783578600000,1.14461,1.14487,1.14411,1.14449
1783579500000,1.14448,1.1445299999999998,1.1439,1.14414
1783580400000,1.1441599999999998,1.14417,1.14346,1.14363
1783581300000,1.14361,1.14386,1.14355,1.1437300000000001
1783582200000,1.14374,1.14379,1.14341,1.1435
1783583100000,1.14348,1.14353,1.1432,1.1435
1783584000000,1.14351,1.14377,1.1433,1.14351
1783584900000,1.14352,1.14372,1.14338,1.1436000000000002
1783585800000,1.1436,1.14367,1.14306,1.14317
1783586700000,1.14318,1.14321,1.1425,1.1426100000000001
1783587600000,1.14259,1.14281,1.14232,1.14253
1783588500000,1.1425400000000001,1.14277,1.14247,1.1426800000000001
1783589400000,1.1427,1.14272,1.14235,1.14257
1783590300000,1.14255,1.1431,1.14253,1.1430200000000001
1783591200000,1.14303,1.14305,1.14269,1.14288
1783592100000,1.14287,1.14296,1.14257,1.14266
1783593000000,1.14264,1.14311,1.1426,1.1426800000000001
1783593900000,1.14269,1.14278,1.14205,1.14228
1783594800000,1.14229,1.14253,1.14215,1.14253
1783595700000,1.14254,1.14259,1.14227,1.14231
1783596600000,1.1422999999999999,1.14262,1.14214,1.14252
1783597500000,1.14253,1.14294,1.14243,1.1429
1783598400000,1.14291,1.14354,1.14291,1.14334
1783599300000,1.1433499999999999,1.1434499999999999,1.14305,1.14319
1783600200000,1.14322,1.14349,1.14262,1.14278
1783601100000,1.1427699999999998,1.14279,1.14221,1.14243
1783602000000,1.14242,1.143,1.14233,1.14298
1783602900000,1.14299,1.1436,1.14299,1.1433799999999998
1783603800000,1.14341,1.1436300000000001,1.14311,1.14342
1783604700000,1.14343,1.14387,1.14329,1.1438599999999999
1783605600000,1.14386,1.1445400000000001,1.14386,1.1440400000000002
1783606500000,1.14402,1.1440400000000002,1.14359,1.14385
1783607400000,1.14384,1.14422,1.14353,1.1436
1783608300000,1.14359,1.14364,1.14307,1.14323
1783609200000,1.14324,1.1435600000000001,1.14287,1.14308
1783610100000,1.14309,1.1434,1.14286,1.14328
1783611000000,1.14329,1.1436899999999999,1.14305,1.1436799999999998
1783611900000,1.14363,1.144,1.14353,1.1438199999999998
1783612800000,1.1438300000000001,1.14399,1.14368,1.1439000000000001
1783613700000,1.14391,1.14408,1.14354,1.14366
1783614600000,1.14365,1.14399,1.14345,1.14392
1783615500000,1.1439100000000002,1.1440100000000002,1.14359,1.14362
1783616400000,1.14361,1.14374,1.14336,1.1435899999999999
1783617300000,1.1435799999999998,1.14401,1.14349,1.1439499999999998
1783618200000,1.14396,1.144,1.14354,1.14363
1783619100000,1.14364,1.14376,1.14361,1.1437
1783620000000,1.14371,1.14376,1.14342,1.1434600000000001
1783620900000,1.14347,1.14354,1.14313,1.1431499999999999
1783621800000,1.14316,1.14331,1.14309,1.1432499999999999
1783622700000,1.14324,1.1433900000000001,1.14317,1.1433
1783623600000,1.1432900000000001,1.14338,1.14301,1.1431
1783624500000,1.1430900000000002,1.14318,1.14281,1.1428600000000002
1783625400000,1.1428500000000001,1.1428900000000002,1.14267,1.1426800000000001
1783626300000,1.14269,1.1428,1.1425,1.1427100000000001
1783627200000,1.14269,1.1429399999999998,1.14268,1.1429
1783628100000,1.14287,1.14296,1.1428,1.14284
1783629000000,1.1428500000000001,1.14294,1.14284,1.14291
1783629900000,1.1429,1.14299,1.1428,1.14296
1783630800000,1.1428999999999998,1.1430399999999998,1.14278,1.1430099999999999
1783631700000,1.14281,1.14301,1.14277,1.14277
1783632600000,1.14281,1.14297,1.14259,1.14283
1783633500000,1.14274,1.14294,1.1427,1.14272
1783634400000,1.1429200000000002,1.1432900000000001,1.1427,1.14323
1783635300000,1.1432200000000001,1.14328,1.14321,1.14323
1783636200000,1.14323,1.1432499999999999,1.14322,1.14323
1783637100000,1.14324,1.1433,1.14323,1.14328
1783638000000,1.1432799999999999,1.1433499999999999,1.14326,1.14332
1783638900000,1.14331,1.14331,1.1431,1.14316
1783639800000,1.1431499999999999,1.14326,1.14312,1.1432499999999999
1783640700000,1.14326,1.1433,1.14316,1.14326
1783641600000,1.1432499999999999,1.14336,1.14312,1.1431499999999999
1783642500000,1.14314,1.14322,1.14303,1.14308
1783643400000,1.14306,1.14346,1.143,1.14345
1783644300000,1.14343,1.14415,1.14343,1.14397
1783645200000,1.14395,1.14442,1.14375,1.1444
1783646100000,1.14441,1.1446599999999998,1.1441,1.1441999999999999
1783647000000,1.14418,1.14451,1.14415,1.14428
1783647900000,1.14429,1.14493,1.14416,1.14466
1783648800000,1.14467,1.14555,1.14464,1.1455000000000002
1783649700000,1.1455099999999998,1.14593,1.14549,1.1456499999999998
1783650600000,1.14565,1.1458599999999999,1.14543,1.14581
1783651500000,1.1458,1.14601,1.14567,1.14577
1783652400000,1.14578,1.14589,1.14552,1.14554
1783653300000,1.1455600000000001,1.14558,1.14531,1.14551
1783654200000,1.1455199999999999,1.1456199999999999,1.14529,1.14537
1783655100000,1.14536,1.14536,1.14468,1.14489
1783656000000,1.14485,1.14485,1.14465,1.14483
1783656900000,1.14482,1.14485,1.14438,1.14453
1783657800000,1.14452,1.14453,1.14412,1.14413
1783658700000,1.14411,1.14422,1.14391,1.14422
1783659600000,1.14423,1.1444,1.14398,1.14399
1783660500000,1.14398,1.14405,1.14368,1.14375
1783661400000,1.14373,1.14377,1.1435,1.1436899999999999
1783662300000,1.1437,1.14407,1.1437,1.14392
1783663200000,1.14391,1.14436,1.14387,1.14424
1783664100000,1.1443,1.14468,1.14398,1.14414
1783665000000,1.14413,1.14456,1.14396,1.14396
1783665900000,1.14397,1.14425,1.14384,1.14415
1783666800000,1.14418,1.14419,1.1437,1.14378
1783667700000,1.14379,1.1441700000000001,1.14368,1.14391
1783668600000,1.14389,1.14406,1.14369,1.1439400000000002
1783669500000,1.14395,1.1441000000000001,1.14359,1.1436600000000001
1783670400000,1.14367,1.14417,1.14347,1.14365
1783671300000,1.14366,1.14366,1.14316,1.1433499999999999
1783672200000,1.14336,1.14353,1.14312,1.14347
1783673100000,1.1434600000000001,1.14348,1.14298,1.143
1783674000000,1.14299,1.14336,1.14299,1.14326
1783674900000,1.14327,1.14332,1.14302,1.1432
1783675800000,1.14321,1.14326,1.14289,1.1429
1783676700000,1.1429099999999999,1.14302,1.14262,1.14267
1783677600000,1.14269,1.14287,1.14262,1.14283
1783678500000,1.14282,1.1433099999999998,1.14278,1.1432799999999999
1783679400000,1.14327,1.14333,1.14297,1.14313
1783680300000,1.14314,1.14348,1.143,1.14328
1783681200000,1.1432900000000001,1.1434600000000001,1.14298,1.143
1783682100000,1.14301,1.14314,1.14266,1.14296
1783683000000,1.14299,1.1430500000000001,1.1426,1.14291
1783683900000,1.14286,1.14314,1.14283,1.14304
1783684800000,1.1430699999999998,1.1441199999999998,1.14261,1.14347
1783685700000,1.14348,1.14358,1.14281,1.14284
1783686600000,1.14285,1.14299,1.14246,1.14255
1783687500000,1.14255,1.14289,1.14227,1.14286
1783688400000,1.1428800000000001,1.14289,1.14192,1.14216
1783689300000,1.1421700000000001,1.14226,1.14192,1.14196
1783690200000,1.14195,1.1426,1.14191,1.14253
1783691100000,1.1425400000000001,1.1425400000000001,1.14189,1.14202
1783692000000,1.14203,1.1423100000000002,1.14162,1.1423
1783692900000,1.1423100000000002,1.1426100000000001,1.14199,1.14256
1783693800000,1.1425800000000002,1.1427800000000001,1.14115,1.1420000000000001
1783694700000,1.14199,1.14225,1.14179,1.14219
1783695600000,1.1421999999999999,1.14282,1.14208,1.1426
1783696500000,1.14262,1.1434199999999999,1.14262,1.14327
1783697400000,1.1432600000000002,1.1434300000000002,1.14308,1.1431
1783698300000,1.14311,1.14384,1.14311,1.14371
1783699200000,1.1437199999999998,1.14398,1.14356,1.14391
1783700100000,1.1439199999999998,1.14407,1.14353,1.14387
1783701000000,1.1438599999999999,1.14389,1.1434,1.14341
1783701900000,1.14344,1.1435,1.14289,1.1429
1783702800000,1.14289,1.14306,1.14255,1.14268
1783703700000,1.14267,1.14271,1.14218,1.14242
1783704600000,1.14242,1.14242,1.14196,1.1421100000000002
1783705500000,1.14212,1.14222,1.14161,1.14171
1783706400000,1.1417400000000002,1.14175,1.14152,1.1416000000000002
1783707300000,1.14161,1.14164,1.14136,1.14141
1783708200000,1.1414,1.14157,1.14111,1.14124
1783709100000,1.14123,1.1415899999999999,1.14123,1.14158
1783710000000,1.14159,1.14159,1.14134,1.14143
1783710900000,1.14144,1.14159,1.14142,1.14154
1783711800000,1.14153,1.14165,1.14141,1.14143
1783712700000,1.14144,1.1416199999999999,1.14133,1.1415199999999999
1783713600000,1.14154,1.14177,1.14137,1.14152
1783714500000,1.14151,1.14164,1.14134,1.1414
1783715400000,1.1413600000000002,1.1413600000000002,1.14108,1.1412300000000002
1783716300000,1.14125,1.14144,1.14124,1.14142
1783890000000,1.14005,1.14035,1.13977,1.14031
1783890900000,1.1404699999999999,1.1404699999999999,1.1401,1.1403699999999999
1783891800000,1.14035,1.14037,1.13995,1.13995
1783892700000,1.1402,1.14048,1.14002,1.14021
1783893600000,1.14023,1.1403699999999999,1.13876,1.13895
1783894500000,1.13896,1.13956,1.13886,1.13943
1783895400000,1.1394000000000002,1.13951,1.13932,1.1393700000000002
1783896300000,1.13937,1.1395199999999999,1.13933,1.13941
1783897200000,1.1394,1.1396499999999998,1.13926,1.13963
1783898100000,1.13961,1.13979,1.13957,1.13977
1783899000000,1.13978,1.1398599999999999,1.13956,1.1398
1783899900000,1.13979,1.14037,1.13978,1.14036
1783900800000,1.14039,1.14039,1.13998,1.14001
1783901700000,1.1400000000000001,1.1404800000000002,1.13972,1.1401000000000001
1783902600000,1.1401,1.1402599999999998,1.13949,1.1396499999999998
1783903500000,1.13968,1.13979,1.13942,1.1394900000000001
1783904400000,1.13946,1.13947,1.13899,1.139
1783905300000,1.1389900000000002,1.1391900000000001,1.13837,1.1388900000000002
1783906200000,1.1389200000000002,1.1394600000000001,1.13884,1.1394600000000001
1783907100000,1.13947,1.1396899999999999,1.13933,1.1396899999999999
1783908000000,1.13972,1.1397700000000002,1.13928,1.13944
1783908900000,1.13943,1.13956,1.13937,1.13949
1783909800000,1.13948,1.13992,1.13937,1.1399
1783910700000,1.13991,1.1399299999999999,1.13936,1.13936
1783911600000,1.1393600000000002,1.13947,1.13901,1.13927
1783912500000,1.1392799999999998,1.1395199999999999,1.13926,1.1394499999999999
1783913400000,1.13944,1.1396400000000002,1.13942,1.13955
1783914300000,1.1395600000000001,1.13984,1.13951,1.13984
1783915200000,1.13982,1.13987,1.13964,1.13987
1783916100000,1.13986,1.14009,1.13978,1.14009
1783917000000,1.14008,1.1401999999999999,1.14004,1.1400599999999999
1783917900000,1.14005,1.14045,1.14005,1.14033
1783918800000,1.1403500000000002,1.14086,1.1403,1.1407500000000002
1783919700000,1.14075,1.1407699999999998,1.14004,1.1401
1783920600000,1.1400899999999998,1.14028,1.1399,1.1400599999999999
1783921500000,1.14005,1.14035,1.13963,1.1398
1783922400000,1.13979,1.13989,1.13952,1.1396000000000002
1783923300000,1.13961,1.14033,1.13961,1.14031
1783924200000,1.14031,1.1407,1.14022,1.14043
1783925100000,1.1404100000000001,1.14064,1.13996,1.1400400000000002
1783926000000,1.14009,1.14099,1.14004,1.14075
1783926900000,1.14076,1.1408800000000001,1.1406,1.14086
1783927800000,1.14085,1.1421299999999999,1.14062,1.14161
1783928700000,1.1416199999999999,1.14256,1.1416,1.14241
1783929600000,1.14246,1.14427,1.14235,1.14392
1783930500000,1.14393,1.1445299999999998,1.14366,1.1437899999999999
1783931400000,1.1438000000000001,1.14402,1.14352,1.14389
1783932300000,1.14388,1.14392,1.14351,1.14354
1783933200000,1.14355,1.14368,1.14304,1.1430900000000002
1783934100000,1.1431,1.1433900000000001,1.1428,1.1431200000000001
1783935000000,1.1431099999999998,1.1432499999999999,1.14271,1.1429099999999999
1783935900000,1.14293,1.1431,1.14268,1.14309
1783936800000,1.1431,1.14342,1.143,1.14313
1783937700000,1.14312,1.14312,1.14272,1.14286
1783938600000,1.14285,1.1430999999999998,1.14254,1.14285
1783939500000,1.14286,1.1435,1.14277,1.1435
1783940400000,1.1435300000000002,1.14367,1.1427,1.1429500000000001
1783941300000,1.14294,1.14298,1.14246,1.14285
1783942200000,1.1427999999999998,1.1430399999999998,1.14261,1.1429699999999998
1783943100000,1.14296,1.14296,1.14261,1.1426999999999998
1783944000000,1.14269,1.14301,1.14199,1.1421700000000001
1783944900000,1.14218,1.1424699999999999,1.14204,1.14236
1783945800000,1.14235,1.1428099999999999,1.14224,1.14249
1783946700000,1.14247,1.14303,1.14212,1.14303
1783947600000,1.1430799999999999,1.1432699999999998,1.14254,1.1425999999999998
1783948500000,1.14259,1.14267,1.14222,1.1424
1783949400000,1.1424299999999998,1.1429099999999999,1.1419,1.1420299999999999
1783950300000,1.14202,1.14216,1.14138,1.1414
1783951200000,1.14139,1.1415499999999998,1.14102,1.14133
1783952100000,1.14131,1.14144,1.13999,1.14073
1783953000000,1.14073,1.14087,1.13991,1.14024
1783953900000,1.14023,1.14067,1.13978,1.14056
1783954800000,1.14057,1.1406100000000001,1.13968,1.13977
1783955700000,1.13976,1.1401400000000002,1.13959,1.13988
1783956600000,1.13992,1.1400400000000002,1.13959,1.13992
1783957500000,1.13993,1.1403400000000001,1.13965,1.1401000000000001
1783958400000,1.14013,1.1402100000000002,1.13993,1.1400800000000002
1783959300000,1.1400899999999998,1.14011,1.13885,1.13906
1783960200000,1.1390500000000001,1.13907,1.13822,1.13892
1783961100000,1.13896,1.13916,1.13828,1.13882
1783962000000,1.1388399999999999,1.13902,1.13848,1.13865
1783962900000,1.13866,1.13886,1.13851,1.13869
1783963800000,1.13864,1.13883,1.13849,1.1388
1783964700000,1.1388200000000002,1.1389500000000001,1.13854,1.13857
1783965600000,1.13858,1.13882,1.13842,1.13861
1783966500000,1.1386,1.13873,1.13845,1.13862
1783967400000,1.13863,1.13883,1.13855,1.13872
1783968300000,1.13873,1.13877,1.13852,1.13868
1783969200000,1.13869,1.13873,1.13815,1.13816
1783970100000,1.13815,1.1384,1.13813,1.1382400000000001
1783971000000,1.13825,1.1384,1.13819,1.13829
1783971900000,1.13828,1.13834,1.13818,1.13829
1783972800000,1.1383,1.13839,1.13789,1.13792
1783973700000,1.13793,1.1379400000000002,1.13769,1.1379100000000002
1783974600000,1.1379,1.1379599999999999,1.13777,1.13791
1783975500000,1.1379100000000002,1.13799,1.13786,1.13798
1783976400000,1.1378599999999999,1.1380899999999998,1.13763,1.1378199999999998
1783977300000,1.1377,1.1381599999999998,1.1377,1.13812
1783978200000,1.1379700000000001,1.13856,1.13779,1.13806
1783979100000,1.13794,1.1382299999999999,1.13783,1.13783
1783980000000,1.13785,1.13858,1.13785,1.13824
1783980900000,1.1382400000000001,1.1383400000000001,1.13823,1.1383100000000002
1783981800000,1.13835,1.13844,1.13824,1.13844
1783982700000,1.13844,1.13844,1.13804,1.13804
1783983600000,1.13804,1.13824,1.13795,1.13808
1783984500000,1.13808,1.13815,1.13794,1.13805
1783985400000,1.13803,1.1383,1.13798,1.13819
1783986300000,1.1382,1.13833,1.13809,1.13828
1783987200000,1.13829,1.1386,1.13806,1.1384100000000001
1783988100000,1.1384100000000001,1.1384200000000002,1.13776,1.1379800000000002
1783989000000,1.13796,1.13875,1.13791,1.1387
1783989900000,1.13869,1.13889,1.13841,1.13842
1783990800000,1.1384,1.13867,1.1384,1.1386
1783991700000,1.13862,1.13896,1.13845,1.13846
1783992600000,1.1384599999999998,1.13879,1.13844,1.13872
1783993500000,1.13873,1.139,1.13859,1.13882
1783994400000,1.13883,1.13907,1.13883,1.139
1783995300000,1.1389900000000002,1.13934,1.13898,1.13931
1783996200000,1.13932,1.13937,1.13917,1.1392
1783997100000,1.13921,1.13925,1.13901,1.13901
1783998000000,1.13902,1.1391799999999999,1.13878,1.1390699999999998
1783998900000,1.13907,1.1392600000000002,1.13881,1.13925
1783999800000,1.13926,1.13961,1.1392,1.13934
1784000700000,1.13935,1.13946,1.13927,1.1393
1784001600000,1.1393,1.1394,1.139,1.13923
1784002500000,1.13924,1.1394,1.13921,1.13921
1784003400000,1.13922,1.13935,1.13913,1.1391499999999999
1784004300000,1.1391499999999999,1.1391499999999999,1.13869,1.139
1784005200000,1.139,1.13926,1.139,1.1392200000000001
1784006100000,1.13921,1.13942,1.13921,1.13934
1784007000000,1.13936,1.13954,1.1392,1.13935
1784007900000,1.1393600000000002,1.1393600000000002,1.13904,1.1391200000000001
1784008800000,1.13911,1.1392,1.13874,1.1387900000000002
1784009700000,1.1388,1.13889,1.13856,1.13866
1784010600000,1.13867,1.13933,1.1386,1.1388
1784011500000,1.13879,1.1388,1.1384,1.1385500000000002
1784012400000,1.13856,1.13896,1.13836,1.1386100000000001
1784013300000,1.1385999999999998,1.1394199999999999,1.13858,1.1393199999999999
1784014200000,1.13931,1.13932,1.13884,1.13911
1784015100000,1.13913,1.1397,1.1391,1.13953
1784016000000,1.13954,1.13977,1.13927,1.13961
1784016900000,1.1396,1.14,1.13949,1.1399499999999998
1784017800000,1.13994,1.1405399999999999,1.13977,1.1404999999999998
1784018700000,1.1404800000000002,1.1405100000000001,1.13986,1.1399000000000001
1784019600000,1.13991,1.14031,1.13987,1.14028
1784020500000,1.14029,1.14029,1.13971,1.13978
1784021400000,1.13979,1.13987,1.13944,1.13946
1784022300000,1.13946,1.14023,1.13944,1.14005
1784023200000,1.14008,1.14011,1.13963,1.13971
1784024100000,1.1397300000000001,1.13986,1.13935,1.13944
1784025000000,1.13944,1.1396600000000001,1.13928,1.13942
1784025900000,1.13941,1.13951,1.13904,1.1391200000000001
1784026800000,1.13915,1.13941,1.13893,1.13936
1784027700000,1.13935,1.13964,1.1392,1.13948
1784028600000,1.13953,1.14008,1.13947,1.14006
1784029500000,1.1400700000000001,1.1408800000000001,1.14006,1.1406
1784030400000,1.14061,1.1406999999999998,1.14034,1.1405699999999999
1784031300000,1.14055,1.1414600000000001,1.14036,1.14131
1784032200000,1.14132,1.14616,1.14069,1.14572
1784033100000,1.1457300000000001,1.14585,1.14406,1.1445500000000002
1784034000000,1.14454,1.14546,1.1441,1.1444699999999999
1784034900000,1.14445,1.1452900000000001,1.14433,1.14494
1784035800000,1.1449799999999999,1.14533,1.14462,1.14522
1784036700000,1.14519,1.14538,1.14472,1.14509
1784037600000,1.14508,1.1458300000000001,1.14498,1.14545
1784038500000,1.14543,1.14547,1.14432,1.14438
1784039400000,1.14437,1.14575,1.14406,1.1447500000000002
1784040300000,1.14476,1.1449,1.14395,1.14446
1784041200000,1.14447,1.14529,1.14415,1.1448
1784042100000,1.14478,1.14487,1.14405,1.14411
1784043000000,1.1441000000000001,1.1443100000000002,1.14298,1.1432600000000002
1784043900000,1.14328,1.14357,1.14252,1.14265
1784044800000,1.14269,1.14284,1.14236,1.14276
1784045700000,1.1427699999999998,1.14303,1.14261,1.1429799999999999
1784046600000,1.14299,1.1433799999999998,1.14299,1.1431799999999999
1784047500000,1.14319,1.14327,1.14292,1.14314
1784048400000,1.14313,1.14328,1.14223,1.14225
1784049300000,1.14227,1.14258,1.14188,1.14253
1784050200000,1.14254,1.14262,1.14235,1.14253
1784051100000,1.1425400000000001,1.14276,1.14222,1.1422700000000001
1784052000000,1.14228,1.14245,1.14224,1.14235
1784052900000,1.14236,1.1425800000000002,1.14196,1.14208
1784053800000,1.14206,1.1422700000000001,1.14155,1.14185
1784054700000,1.14184,1.14234,1.14184,1.14229
1784055600000,1.1422800000000002,1.14256,1.14223,1.14249
1784056500000,1.1425,1.14254,1.14225,1.14239
1784057400000,1.1424,1.1424,1.14205,1.14222
1784058300000,1.14223,1.14235,1.14196,1.14196
1784059200000,1.1419700000000002,1.1422100000000002,1.14179,1.14199
1784060100000,1.14198,1.14204,1.14185,1.14189
1784061000000,1.14188,1.14209,1.14187,1.14198
1784061900000,1.14195,1.14209,1.14188,1.14203
1784062800000,1.14187,1.14187,1.14136,1.1418
1784063700000,1.14186,1.14186,1.14161,1.14172
1784064600000,1.14183,1.1419599999999999,1.14166,1.1418199999999998
1784065500000,1.14184,1.14185,1.14167,1.14171
1784066400000,1.14205,1.14226,1.14165,1.14182
1784067300000,1.1418300000000001,1.14198,1.14175,1.14196
1784068200000,1.14196,1.14212,1.14191,1.14206
1784069100000,1.14205,1.14206,1.14185,1.1420000000000001
1784070000000,1.1419899999999998,1.1421599999999998,1.14193,1.1421299999999999
1784070900000,1.1421400000000002,1.1422,1.14199,1.1422
1784071800000,1.1421899999999998,1.1423999999999999,1.1421,1.14238
1784072700000,1.1423699999999999,1.1424299999999998,1.14227,1.14238
1784073600000,1.1424,1.1427,1.14233,1.1425
1784074500000,1.1425,1.14297,1.1425,1.14289
1784075400000,1.1428800000000001,1.14294,1.14257,1.1426500000000002
1784076300000,1.1426500000000002,1.1433600000000002,1.14264,1.14324
1784077200000,1.14324,1.14351,1.14318,1.14348
1784078100000,1.14348,1.14368,1.14344,1.14353
1784079000000,1.1435300000000002,1.1436300000000001,1.14325,1.1433200000000001
1784079900000,1.14333,1.14352,1.1432,1.14349
1784080800000,1.14347,1.1438599999999999,1.14336,1.14357
1784081700000,1.14354,1.14354,1.14326,1.14346
1784082600000,1.1434499999999999,1.1440599999999999,1.14343,1.1440299999999999
1784083500000,1.14404,1.14417,1.14388,1.14397
1784084400000,1.14398,1.14417,1.14371,1.14371
1784085300000,1.14372,1.14372,1.14328,1.1434300000000002
1784086200000,1.14344,1.14363,1.14336,1.14336
1784087100000,1.14338,1.14379,1.14338,1.14374
1784088000000,1.1437700000000002,1.14385,1.14362,1.14368
1784088900000,1.14367,1.14397,1.14364,1.14388
1784089800000,1.14387,1.14402,1.14371,1.14375
1784090700000,1.14376,1.14391,1.14361,1.14364
1784091600000,1.14364,1.1437300000000001,1.14348,1.14361
1784092500000,1.14362,1.14378,1.14359,1.1437000000000002
1784093400000,1.14368,1.14404,1.14367,1.1440299999999999
1784094300000,1.14401,1.14427,1.14397,1.1439899999999998
1784095200000,1.144,1.1442,1.14388,1.14394
1784096100000,1.14393,1.14432,1.14391,1.14413
1784097000000,1.14414,1.14415,1.14371,1.1438
1784097900000,1.1437899999999999,1.1438,1.14275,1.14282
1784098800000,1.14286,1.14313,1.14255,1.14295
1784099700000,1.14295,1.1429999999999998,1.14193,1.1421999999999999
1784100600000,1.1422,1.1424100000000001,1.14206,1.1423400000000001
1784101500000,1.14233,1.14246,1.14211,1.14228
1784102400000,1.14229,1.1427,1.14209,1.14222
1784103300000,1.1422299999999999,1.14249,1.14217,1.14248
1784104200000,1.14247,1.14261,1.14232,1.1424
1784105100000,1.14239,1.14249,1.14205,1.14238
1784106000000,1.14245,1.1425299999999998,1.14197,1.1423699999999999
1784106900000,1.14238,1.14246,1.14212,1.14213
1784107800000,1.1421299999999999,1.1421999999999999,1.14174,1.14201
1784108700000,1.14203,1.14216,1.14161,1.14164
1784109600000,1.1416499999999998,1.1417599999999999,1.14129,1.14144
1784110500000,1.14145,1.14177,1.14117,1.14126
1784111400000,1.14127,1.1414,1.14102,1.1412099999999998
1784112300000,1.1412,1.14154,1.14113,1.14153
1784113200000,1.14152,1.14189,1.14148,1.14165
1784114100000,1.14165,1.14179,1.14147,1.14153
1784115000000,1.14154,1.14185,1.1414,1.1414199999999999
1784115900000,1.14146,1.1415,1.14095,1.1411099999999998
1784116800000,1.14116,1.1414,1.14055,1.14087
1784117700000,1.14088,1.14144,1.14072,1.14131
1784118600000,1.1413,1.14248,1.14127,1.14246
1784119500000,1.1424699999999999,1.14296,1.14238,1.14278
1784120400000,1.1428099999999999,1.14332,1.14265,1.14266
1784121300000,1.14265,1.14329,1.14232,1.14239
1784122200000,1.14237,1.14276,1.14233,1.14259
1784123100000,1.14262,1.1435,1.14246,1.1429500000000001
1784124000000,1.14298,1.1435,1.14297,1.14314
1784124900000,1.14313,1.14349,1.14296,1.14318
1784125800000,1.1431900000000002,1.1438700000000002,1.14318,1.14382
1784126700000,1.14383,1.14409,1.14323,1.14363
1784127600000,1.14365,1.14408,1.1435,1.1435
1784128500000,1.1434900000000001,1.14395,1.14328,1.14389
1784129400000,1.1439,1.1439,1.14312,1.1433799999999998
1784130300000,1.14339,1.1436499999999998,1.14312,1.1434799999999998
1784131200000,1.14347,1.1435600000000001,1.14297,1.1433900000000001
1784132100000,1.14335,1.14392,1.14335,1.14381
1784133000000,1.14382,1.14385,1.14338,1.14347
1784133900000,1.14348,1.1441700000000001,1.14341,1.1441700000000001
1784134800000,1.14416,1.14496,1.14416,1.14489
1784135700000,1.1448900000000002,1.1455300000000002,1.14474,1.1455300000000002
1784136600000,1.14552,1.14704,1.14551,1.14701
1784137500000,1.14698,1.14742,1.14663,1.14728
1784138400000,1.14729,1.14763,1.14717,1.14728
1784139300000,1.14727,1.14781,1.14718,1.14778
1784140200000,1.1477899999999999,1.1481999999999999,1.14726,1.1472799999999999
1784141100000,1.14727,1.14739,1.14655,1.14661
1784142000000,1.14657,1.14734,1.14652,1.14733
1784142900000,1.14732,1.14741,1.14696,1.14724
1784143800000,1.14723,1.14724,1.14618,1.14626
1784144700000,1.1462700000000001,1.14643,1.14609,1.1463400000000001
1784145600000,1.14633,1.1464,1.14603,1.14609
1784146500000,1.1461,1.14635,1.14607,1.14632
1784147400000,1.14633,1.14634,1.14605,1.1462
1784148300000,1.14621,1.14635,1.14617,1.1462899999999998
1784149200000,1.14593,1.1462899999999998,1.14593,1.1460199999999998
1784150100000,1.1460199999999998,1.1461299999999999,1.14593,1.14593
1784151000000,1.14595,1.1462899999999998,1.1459,1.14614
1784151900000,1.14613,1.1462700000000001,1.14599,1.14615
1784152800000,1.14634,1.14676,1.1461,1.14658
1784153700000,1.14659,1.14668,1.14648,1.1466699999999999
1784154600000,1.14668,1.1467,1.14656,1.14662
1784155500000,1.1466100000000001,1.14664,1.14646,1.14664
1784156400000,1.14663,1.1468200000000002,1.1466,1.1468200000000002
1784157300000,1.1468099999999999,1.14692,1.14671,1.1468699999999998
1784158200000,1.14686,1.14702,1.14679,1.14699
1784159100000,1.1469799999999999,1.14703,1.14686,1.14692
1784160000000,1.14693,1.14734,1.14686,1.14732
1784160900000,1.1473099999999998,1.1473399999999998,1.14695,1.14713
1784161800000,1.14714,1.14718,1.14674,1.1469200000000002
1784162700000,1.1469,1.14741,1.14667,1.1473200000000001
1784163600000,1.1473,1.14734,1.147,1.14724
1784164500000,1.1472300000000002,1.14725,1.14681,1.1469
1784165400000,1.14691,1.14701,1.14646,1.14664
1784166300000,1.1466399999999999,1.14666,1.14645,1.14653
1784167200000,1.14651,1.1465299999999998,1.146,1.1460199999999998
1784168100000,1.14603,1.14641,1.14595,1.14638
1784169000000,1.1463700000000001,1.14646,1.14616,1.1462700000000001
1784169900000,1.14628,1.14643,1.14611,1.1463999999999999
1784170800000,1.14642,1.14663,1.14628,1.14651
1784171700000,1.1465,1.1467800000000001,1.1465,1.14674
1784172600000,1.14673,1.14683,1.14666,1.14667
1784173500000,1.14666,1.14669,1.14649,1.14661
1784174400000,1.1466,1.1466,1.14632,1.14645
1784175300000,1.14645,1.14645,1.14625,1.14626
1784176200000,1.14626,1.14667,1.14625,1.14654
1784177100000,1.14653,1.14662,1.14646,1.14656
1784178000000,1.14658,1.14669,1.14651,1.14668
1784178900000,1.14669,1.1467800000000001,1.14657,1.1466100000000001
1784179800000,1.14662,1.14683,1.14655,1.14665
1784180700000,1.14666,1.14667,1.14616,1.14628
1784181600000,1.14629,1.1468500000000001,1.14626,1.1468500000000001
1784182500000,1.14682,1.1469,1.14652,1.14676
1784183400000,1.14677,1.14677,1.14645,1.14662
1784184300000,1.1466100000000001,1.14704,1.14656,1.14679
1784185200000,1.1467999999999998,1.1469699999999998,1.14661,1.14676
1784186100000,1.14677,1.14715,1.14672,1.14687
1784187000000,1.14684,1.1471500000000001,1.14667,1.1470900000000002
1784187900000,1.14708,1.14759,1.14681,1.14687
1784188800000,1.14686,1.1471300000000002,1.1463,1.1463700000000001
1784189700000,1.1463800000000002,1.1465800000000002,1.1462,1.1464400000000001
1784190600000,1.1464800000000002,1.1467800000000001,1.14647,1.14667
1784191500000,1.14668,1.1467,1.14622,1.14653
1784192400000,1.1465400000000001,1.1465400000000001,1.14622,1.14646
1784193300000,1.14646,1.1466299999999998,1.14624,1.14629
1784194200000,1.14628,1.14648,1.146,1.1464599999999998
1784195100000,1.14647,1.14676,1.14646,1.14657
1784196000000,1.1465599999999998,1.1465699999999999,1.14637,1.14651
1784196900000,1.14652,1.14678,1.14645,1.14648
1784197800000,1.14647,1.14649,1.14615,1.1464
1784198700000,1.14641,1.1465699999999999,1.14587,1.14593
1784199600000,1.14591,1.14618,1.14582,1.14598
1784200500000,1.14598,1.1462599999999998,1.14576,1.14597
1784201400000,1.14596,1.14659,1.14596,1.1464
1784202300000,1.14641,1.14683,1.14563,1.1467999999999998
1784203200000,1.14682,1.14702,1.14631,1.14641
1784204100000,1.14642,1.14648,1.14593,1.1462599999999998
1784205000000,1.14625,1.14645,1.14506,1.14521
1784205900000,1.1452,1.14555,1.14464,1.1447
1784206800000,1.14473,1.1453,1.14439,1.14528
1784207700000,1.14524,1.14578,1.14502,1.14576
1784208600000,1.14577,1.14585,1.14527,1.14529
1784209500000,1.1453,1.1455600000000001,1.1449,1.14491
1784210400000,1.1448999999999998,1.1453399999999998,1.14444,1.1447699999999998
1784211300000,1.14476,1.14518,1.14463,1.14487
1784212200000,1.14488,1.14515,1.14418,1.14442
1784213100000,1.14443,1.14456,1.14395,1.14424
1784214000000,1.14422,1.1442500000000002,1.14359,1.14413
1784214900000,1.1441199999999998,1.14434,1.14393,1.1439899999999998
1784215800000,1.1440000000000001,1.14462,1.14395,1.14459
1784216700000,1.1446,1.1449,1.1445,1.14464
1784217600000,1.14465,1.14465,1.14402,1.14414
1784218500000,1.14415,1.1442299999999999,1.1435,1.14356
1784219400000,1.14357,1.1438,1.14341,1.14365
1784220300000,1.14364,1.1437499999999998,1.14336,1.14343
1784221200000,1.14342,1.14345,1.14307,1.14315
1784222100000,1.14316,1.14347,1.14313,1.14345
1784223000000,1.1434600000000001,1.14352,1.14321,1.1434
1784223900000,1.1434199999999999,1.1437799999999998,1.14339,1.1435899999999999
1784224800000,1.1436,1.14374,1.14344,1.14371
1784225700000,1.1437,1.1438599999999999,1.14357,1.1436
1784226600000,1.14359,1.14372,1.14352,1.14371
1784227500000,1.14371,1.14381,1.14363,1.1437899999999999
1784228400000,1.14378,1.14395,1.14368,1.14369
1784229300000,1.1437000000000002,1.1437000000000002,1.14338,1.1434600000000001
1784230200000,1.14347,1.14374,1.14345,1.1436700000000002
1784231100000,1.14366,1.14411,1.14366,1.1439899999999998
1784232000000,1.14398,1.14414,1.14393,1.14398
1784232900000,1.1439899999999998,1.14402,1.1438,1.1439199999999998
1784233800000,1.14391,1.14434,1.14388,1.14424
1784234700000,1.14423,1.1443800000000002,1.1442,1.14423
1784235600000,1.14392,1.144,1.14374,1.14399
1784236500000,1.14399,1.14403,1.14385,1.14403
1784237400000,1.1440199999999998,1.1440199999999998,1.1439,1.14398
1784238300000,1.14399,1.14402,1.14389,1.14389
1784239200000,1.14411,1.1444400000000001,1.14395,1.14439
1784240100000,1.14438,1.14439,1.14428,1.14431
1784241000000,1.14432,1.14435,1.14424,1.1442599999999998
1784241900000,1.14423,1.14429,1.14416,1.14426
1784242800000,1.1442700000000001,1.1443800000000002,1.1442,1.1443500000000002
1784243700000,1.14437,1.14449,1.14433,1.14442
1784244600000,1.14441,1.14459,1.14438,1.1444699999999999
1784245500000,1.14446,1.14448,1.14431,1.14445
1784246400000,1.1445100000000001,1.14457,1.14433,1.1443800000000002
1784247300000,1.14439,1.14452,1.14412,1.14414
1784248200000,1.14414,1.14428,1.14407,1.14408
1784249100000,1.14409,1.1446399999999999,1.14408,1.1446399999999999
1784250000000,1.14463,1.14476,1.14429,1.1444
1784250900000,1.1443999999999999,1.14461,1.14427,1.1442899999999998
1784251800000,1.14429,1.14438,1.14411,1.14428
1784252700000,1.14426,1.14426,1.14368,1.14386
1784253600000,1.14385,1.14408,1.14384,1.14405
1784254500000,1.14404,1.14409,1.14384,1.14385
1784255400000,1.14386,1.14395,1.14362,1.14375
1784256300000,1.14374,1.1439,1.14361,1.14363
1784257200000,1.14364,1.14396,1.14358,1.1437300000000001
1784258100000,1.14377,1.14395,1.14375,1.14387
1784259000000,1.14388,1.1439199999999998,1.14353,1.14358
1784259900000,1.1435899999999999,1.1438899999999999,1.14353,1.14387
1784260800000,1.14387,1.14389,1.14371,1.14373
1784261700000,1.14373,1.14378,1.14356,1.1435799999999998
1784262600000,1.14357,1.14375,1.14353,1.1436199999999999
1784263500000,1.1436300000000001,1.14374,1.14341,1.1435600000000001
1784264400000,1.14357,1.1436600000000001,1.14351,1.1436
1784265300000,1.14361,1.14376,1.14351,1.14364
1784266200000,1.14365,1.1443,1.14365,1.14412
1784267100000,1.14413,1.1442800000000002,1.14386,1.1439100000000002
1784268000000,1.14392,1.14454,1.14391,1.14453
1784268900000,1.14453,1.14507,1.14452,1.14479
1784269800000,1.14478,1.1451,1.14472,1.14489
1784270700000,1.14488,1.14515,1.14478,1.14493
1784271600000,1.14492,1.14516,1.14466,1.14484
1784272500000,1.1448500000000001,1.1448500000000001,1.14436,1.14462
1784273400000,1.14463,1.1449399999999998,1.14438,1.14463
1784274300000,1.1446,1.14489,1.14442,1.14443
1784275200000,1.14442,1.14473,1.14396,1.14402
1784276100000,1.14403,1.14403,1.14352,1.14396
1784277000000,1.14395,1.14432,1.14391,1.1441999999999999
1784277900000,1.14419,1.1442700000000001,1.14386,1.14406
1784278800000,1.1440499999999998,1.14417,1.14366,1.14381
1784279700000,1.1438,1.14419,1.14368,1.14412
1784280600000,1.14413,1.14414,1.14358,1.1437300000000001
1784281500000,1.14372,1.1440000000000001,1.14369,1.14399
1784282400000,1.14398,1.14398,1.1435,1.14387
1784283300000,1.14386,1.14398,1.14307,1.14318
1784284200000,1.14316,1.14333,1.14303,1.14321
1784285100000,1.1432200000000001,1.14326,1.14256,1.14262
1784286000000,1.1426100000000001,1.14297,1.1424,1.14284
1784286900000,1.1428500000000001,1.14303,1.14267,1.14298
1784287800000,1.14301,1.14355,1.14294,1.1433
1784288700000,1.14328,1.14343,1.14287,1.14296
1784289600000,1.14295,1.1434799999999998,1.14295,1.1432399999999998
1784290500000,1.14323,1.14339,1.14303,1.14337
1784291400000,1.14338,1.14338,1.14255,1.14263
1784292300000,1.14264,1.14287,1.14243,1.1428500000000001
1784293200000,1.14288,1.14312,1.14251,1.1428999999999998
1784294100000,1.14289,1.14293,1.14239,1.14247
1784295000000,1.14248,1.1432499999999999,1.14244,1.1431399999999998
1784295900000,1.14313,1.14362,1.14296,1.14353
1784296800000,1.14354,1.1437000000000002,1.14325,1.14358
1784297700000,1.14359,1.14405,1.14337,1.14348
1784298600000,1.1434900000000001,1.14419,1.14344,1.14415
1784299500000,1.14411,1.14436,1.14375,1.14392
1784300400000,1.14393,1.14427,1.14381,1.14389
1784301300000,1.14391,1.14439,1.14387,1.14409
1784302200000,1.1441,1.1441999999999999,1.14366,1.1436799999999998
1784303100000,1.14369,1.14406,1.14368,1.14394
1784304000000,1.14395,1.1439899999999998,1.14336,1.14393
1784304900000,1.14393,1.1441,1.14373,1.14404
1784305800000,1.1440199999999998,1.1440899999999998,1.14383,1.14393
1784306700000,1.1439199999999998,1.14393,1.14366,1.1437599999999999
1784307600000,1.14377,1.14382,1.14337,1.14341
1784308500000,1.14337,1.14355,1.14328,1.14352
1784309400000,1.1435099999999998,1.1435499999999998,1.14332,1.1433399999999998
1784310300000,1.14333,1.1434499999999999,1.14332,1.1433799999999998
1784311200000,1.1433600000000002,1.14355,1.14331,1.1434600000000001
1784312100000,1.14347,1.14368,1.14338,1.1436300000000001
1784313000000,1.1436199999999999,1.1436899999999999,1.1435,1.14353
1784313900000,1.14353,1.1435899999999999,1.14343,1.14348
1784314800000,1.14347,1.1436,1.14344,1.14354
1784315700000,1.1435499999999998,1.14366,1.14332,1.14353
1784316600000,1.14355,1.14384,1.14334,1.14376
1784317500000,1.14375,1.14409,1.14372,1.1440400000000002
1784318400000,1.14403,1.1441800000000002,1.14386,1.1438700000000002
1784319300000,1.1438599999999999,1.14392,1.14357,1.14371
1784320200000,1.14372,1.14378,1.14362,1.1437000000000002
1784321100000,1.14365,1.1438,1.14357,1.14372
1784494800000,1.1426399999999999,1.1426399999999999,1.14214,1.14238
1784495700000,1.14237,1.1425200000000002,1.14237,1.1425
1784496600000,1.14251,1.14274,1.14242,1.14261
1784497500000,1.14262,1.14276,1.14242,1.14242
1784498400000,1.14266,1.14304,1.14239,1.14289
1784499300000,1.1428800000000001,1.14308,1.14257,1.14267
1784500200000,1.14259,1.14294,1.14257,1.14276
1784501100000,1.14276,1.14277,1.14257,1.1425800000000002
1784502000000,1.14261,1.1426399999999999,1.14245,1.1424699999999999
1784502900000,1.14247,1.14253,1.14232,1.14248
1784503800000,1.14248,1.14264,1.14242,1.14261
1784504700000,1.1426100000000001,1.14269,1.14246,1.1426800000000001
1784505600000,1.14272,1.14305,1.14258,1.1429099999999999
1784506500000,1.14293,1.14322,1.14292,1.14317
1784507400000,1.14316,1.14317,1.14297,1.14311
1784508300000,1.14313,1.1433,1.14311,1.14328
1784509200000,1.14329,1.1435,1.14309,1.14313
1784510100000,1.14313,1.14339,1.1431,1.14339
1784511000000,1.14338,1.1435,1.14311,1.14323
1784511900000,1.14324,1.14359,1.14318,1.14355
1784512800000,1.14355,1.14375,1.14341,1.14358
1784513700000,1.14358,1.14385,1.14354,1.14384
1784514600000,1.14383,1.1442299999999999,1.14373,1.14401
1784515500000,1.1440299999999999,1.14418,1.1439,1.14404
1784516400000,1.1440299999999999,1.14408,1.14391,1.14401
1784517300000,1.1440000000000001,1.14409,1.14396,1.14403
1784518200000,1.14404,1.14419,1.14398,1.14417
1784519100000,1.14418,1.1441999999999999,1.1441,1.14414
1784520000000,1.1441299999999999,1.14424,1.14407,1.14418
1784520900000,1.14419,1.1444,1.14419,1.1444
1784521800000,1.14439,1.14445,1.14432,1.14442
1784522700000,1.14442,1.14445,1.14435,1.14439
1784523600000,1.14438,1.14444,1.14418,1.14425
1784524500000,1.14425,1.14432,1.14413,1.1441400000000002
1784525400000,1.14412,1.14415,1.14397,1.14398
1784526300000,1.14397,1.14418,1.14394,1.14395
1784527200000,1.1439199999999998,1.1441599999999998,1.14356,1.14364
1784528100000,1.14363,1.1438899999999999,1.14356,1.1435899999999999
1784529000000,1.14361,1.14386,1.14335,1.14354
1784529900000,1.14353,1.14388,1.14343,1.1434499999999999
1784530800000,1.14346,1.1438899999999999,1.14336,1.1434199999999999
1784531700000,1.1434300000000002,1.14419,1.14338,1.14419
1784532600000,1.1441800000000002,1.1449,1.14413,1.14473
1784533500000,1.1447500000000002,1.1448200000000002,1.14416,1.14436
1784534400000,1.1443699999999999,1.1444999999999999,1.14411,1.14417
1784535300000,1.1441599999999998,1.14425,1.14373,1.1437499999999998
1784536200000,1.14376,1.14431,1.14368,1.14403
1784537100000,1.14404,1.1441,1.14371,1.14384
1784538000000,1.1438300000000001,1.1439100000000002,1.14325,1.14337
1784538900000,1.14337,1.14348,1.14299,1.14302
1784539800000,1.14303,1.14319,1.14286,1.14311
1784540700000,1.14307,1.14307,1.14269,1.14295
1784541600000,1.14295,1.14327,1.14278,1.1431
1784542500000,1.14309,1.14321,1.14306,1.14311
1784543400000,1.14309,1.14356,1.14306,1.1434
1784544300000,1.14339,1.1434499999999999,1.14299,1.14305
1784545200000,1.1430500000000001,1.1433000000000002,1.14281,1.14298
1784546100000,1.14297,1.14329,1.14296,1.14328
1784547000000,1.1432900000000001,1.14399,1.14328,1.14344
1784547900000,1.14343,1.14346,1.14275,1.14288
1784548800000,1.14286,1.14295,1.14204,1.14218
1784549700000,1.1421899999999998,1.1421899999999998,1.14166,1.14188
1784550600000,1.14186,1.1423,1.14164,1.14194
1784551500000,1.14195,1.14273,1.14195,1.14232
1784552400000,1.1423299999999998,1.1423999999999999,1.14173,1.14191
1784553300000,1.1419,1.14201,1.14164,1.14187
1784554200000,1.1419000000000001,1.14194,1.14141,1.14145
1784555100000,1.14146,1.14178,1.1414,1.14146
1784556000000,1.1414700000000002,1.14158,1.14115,1.1413700000000002
1784556900000,1.1414,1.14171,1.14121,1.14158
1784557800000,1.14157,1.14158,1.1406,1.1406100000000001
1784558700000,1.1406,1.14099,1.14019,1.1406
1784559600000,1.1406100000000001,1.14099,1.14043,1.1406800000000001
1784560500000,1.1406900000000002,1.1409200000000002,1.14047,1.1408900000000002
1784561400000,1.14088,1.1410799999999999,1.14065,1.14076
1784562300000,1.14079,1.14119,1.14076,1.14108
1784563200000,1.14107,1.14153,1.14103,1.14152
1784564100000,1.14152,1.1416600000000001,1.14128,1.14135
1784565000000,1.14137,1.14147,1.14067,1.14106
1784565900000,1.1410500000000001,1.1411300000000002,1.14091,1.1411
1784566800000,1.1411200000000001,1.14141,1.14107,1.14113
1784567700000,1.14112,1.1414799999999998,1.14112,1.1414199999999999
1784568600000,1.14141,1.14144,1.14123,1.14127
1784569500000,1.14127,1.14142,1.14121,1.14134
1784570400000,1.14133,1.1416199999999999,1.14133,1.14161
1784571300000,1.1416300000000001,1.1418300000000001,1.14158,1.1416600000000001
1784572200000,1.14168,1.14168,1.14133,1.14136
1784573100000,1.1413499999999999,1.14151,1.14126,1.14148
1784574000000,1.1415,1.1415899999999999,1.14132,1.14136
1784574900000,1.14137,1.1417300000000001,1.14128,1.14167
1784575800000,1.14168,1.14176,1.14151,1.14157
1784576700000,1.14158,1.1416899999999999,1.1414,1.1415199999999999
1784577600000,1.14151,1.14164,1.14131,1.1413600000000002
1784578500000,1.14137,1.1414300000000002,1.14121,1.14141
1784579400000,1.1414199999999999,1.1414199999999999,1.14122,1.14127
1784580300000,1.14123,1.1413799999999998,1.14122,1.14132
1784581200000,1.14117,1.14145,1.14084,1.14145
1784582100000,1.14145,1.14154,1.14107,1.14107
1784583000000,1.14107,1.1411200000000001,1.14087,1.14098
1784583900000,1.1409799999999999,1.1409799999999999,1.14085,1.14093
1784584800000,1.14095,1.14117,1.14089,1.14114
1784585700000,1.14114,1.1412,1.1411,1.14114
1784586600000,1.14114,1.1411600000000002,1.14108,1.14115
1784587500000,1.1411600000000002,1.1413200000000001,1.14115,1.1412600000000002
1784588400000,1.1412499999999999,1.1413,1.14119,1.14129
1784589300000,1.1413000000000002,1.14135,1.14108,1.1412600000000002
1784590200000,1.14127,1.1413200000000001,1.14125,1.1412600000000002
1784591100000,1.14125,1.14155,1.14124,1.14153
1784592000000,1.14152,1.14178,1.14148,1.14154
1784592900000,1.14155,1.1415600000000001,1.14115,1.1412200000000001
1784593800000,1.1412099999999998,1.14137,1.14109,1.14136
1784594700000,1.14137,1.14156,1.14126,1.14127
1784595600000,1.1412499999999999,1.14148,1.14116,1.14126
1784596500000,1.14126,1.1416,1.14124,1.14141
1784597400000,1.14143,1.1415499999999998,1.14119,1.14153
1784598300000,1.14152,1.14157,1.14137,1.1414
1784599200000,1.14141,1.14156,1.1414,1.14144
1784600100000,1.1414300000000002,1.14157,1.14128,1.1412900000000001
1784601000000,1.14129,1.14146,1.14129,1.14129
1784601900000,1.14128,1.1412900000000001,1.14098,1.1410500000000001
1784602800000,1.1410600000000002,1.1412,1.14084,1.14091
1784603700000,1.1409,1.14111,1.14089,1.14105
1784604600000,1.14105,1.1412499999999999,1.14105,1.14123
1784605500000,1.14124,1.1414900000000001,1.14118,1.1411900000000001
1784606400000,1.14117,1.14146,1.14116,1.14143
1784607300000,1.14144,1.14152,1.14138,1.14141
1784608200000,1.14142,1.1416300000000001,1.14141,1.14161
1784609100000,1.1416,1.1417499999999998,1.14156,1.14174
1784610000000,1.1417199999999998,1.14187,1.14153,1.1415499999999998
1784610900000,1.1415600000000001,1.14171,1.14155,1.14168
1784611800000,1.14167,1.14212,1.14167,1.1421
1784612700000,1.1421000000000001,1.14211,1.14165,1.1417300000000001
1784613600000,1.14168,1.14199,1.14168,1.14186
1784614500000,1.14187,1.14215,1.14183,1.1419499999999998
1784615400000,1.14199,1.14221,1.14185,1.14215
1784616300000,1.14214,1.14231,1.14195,1.14208
1784617200000,1.14207,1.14261,1.14207,1.14214
1784618100000,1.14214,1.14271,1.14214,1.14238
1784619000000,1.14236,1.14246,1.14215,1.14221
1784619900000,1.1421999999999999,1.14229,1.14201,1.14223
1784620800000,1.14224,1.1423299999999998,1.14207,1.14225
1784621700000,1.14224,1.14256,1.14215,1.1422
1784622600000,1.14219,1.14228,1.14178,1.14226
1784623500000,1.14225,1.1422899999999998,1.142,1.1420299999999999
1784624400000,1.14203,1.1422700000000001,1.14202,1.1421700000000001
1784625300000,1.14216,1.14245,1.14201,1.14205
1784626200000,1.1420400000000002,1.14281,1.14196,1.1423
1784627100000,1.14229,1.14249,1.14219,1.14219
1784628000000,1.1421800000000002,1.1427200000000002,1.14213,1.14239
1784628900000,1.14238,1.14269,1.14234,1.14265
1784629800000,1.14264,1.1428,1.14237,1.1424100000000001
1784630700000,1.14238,1.14238,1.14195,1.14196
1784631600000,1.14195,1.1420599999999999,1.1416,1.14191
1784632500000,1.14192,1.1421,1.14177,1.14199
1784633400000,1.14201,1.14224,1.14195,1.1422
1784634300000,1.1422100000000002,1.1422100000000002,1.14172,1.14185
1784635200000,1.14184,1.1420000000000001,1.14158,1.14165
1784636100000,1.14166,1.14171,1.14143,1.14151
1784637000000,1.1415000000000002,1.14182,1.14128,1.1414600000000001
1784637900000,1.14146,1.14179,1.14144,1.14167
1784638800000,1.14171,1.14174,1.14131,1.1416
1784639700000,1.1415899999999999,1.14161,1.14089,1.141
1784640600000,1.14099,1.14131,1.14049,1.14058
1784641500000,1.14056,1.1412000000000002,1.14054,1.14108
1784642400000,1.14109,1.14191,1.14107,1.14184
1784643300000,1.14181,1.14181,1.14091,1.1409500000000001
1784644200000,1.14094,1.14105,1.14032,1.14073
1784645100000,1.14074,1.1408200000000002,1.1402,1.14053
1784646000000,1.14049,1.14057,1.14022,1.14049
1784646900000,1.14048,1.14109,1.14048,1.14082
1784647800000,1.1408099999999999,1.14109,1.14052,1.14052
1784648700000,1.14053,1.1406800000000001,1.14033,1.1406800000000001
1784649600000,1.1407,1.14091,1.14064,1.14074
1784650500000,1.14075,1.14085,1.14068,1.1407699999999998
1784651400000,1.14074,1.14103,1.14064,1.14093
1784652300000,1.14094,1.14095,1.14072,1.14075
1784653200000,1.14074,1.1408800000000001,1.14067,1.14084
1784654100000,1.14083,1.14098,1.14074,1.14097
1784655000000,1.1409500000000001,1.141,1.14064,1.1407200000000002
1784655900000,1.14071,1.1407699999999998,1.14058,1.14062
1784656800000,1.14063,1.14064,1.14005,1.14013
1784657700000,1.14012,1.14026,1.13981,1.1401999999999999
1784658600000,1.1401800000000002,1.14022,1.13986,1.14006
1784659500000,1.14005,1.1402400000000001,1.14002,1.14023
1784660400000,1.1402400000000001,1.1403500000000002,1.14003,1.14012
1784661300000,1.1401299999999999,1.14034,1.14011,1.14026
1784662200000,1.14027,1.14028,1.13998,1.14005
1784663100000,1.1400400000000002,1.1402400000000001,1.14003,1.1401000000000001
1784664000000,1.14011,1.14024,1.14004,1.14005
1784664900000,1.14001,1.14007,1.1399,1.1400599999999999
1784665800000,1.14005,1.1400700000000001,1.13999,1.1400000000000001
1784666700000,1.13998,1.14004,1.13968,1.13972
1784667600000,1.13978,1.13978,1.13928,1.13961
1784668500000,1.13942,1.13972,1.13942,1.1396000000000002
1784669400000,1.13965,1.13994,1.13961,1.13992
1784670300000,1.1399000000000001,1.1399400000000002,1.13986,1.1399100000000002
1784671200000,1.13991,1.13996,1.13982,1.13984
1784672100000,1.13985,1.13998,1.13981,1.13994
1784673000000,1.13995,1.13998,1.13989,1.1399400000000002
1784673900000,1.13994,1.13995,1.13985,1.13986
1784674800000,1.1398599999999999,1.1399,1.13974,1.1398599999999999
1784675700000,1.13987,1.13991,1.1398,1.13985
1784676600000,1.13986,1.14002,1.13985,1.14001
1784677500000,1.14,1.14018,1.13994,1.14017
1784678400000,1.14019,1.14034,1.14005,1.14031
1784679300000,1.14031,1.14066,1.14028,1.14061
1784680200000,1.1406500000000002,1.14066,1.1402,1.1402700000000001
1784681100000,1.14026,1.14038,1.14011,1.14035
1784682000000,1.14036,1.14061,1.14035,1.14051
1784682900000,1.14052,1.1405599999999998,1.14017,1.14031
1784683800000,1.1403,1.1403100000000002,1.13982,1.14005
1784684700000,1.14005,1.14024,1.14005,1.14023
1784685600000,1.14026,1.14044,1.14005,1.1404
1784686500000,1.14039,1.14095,1.14034,1.14072
1784687400000,1.1407100000000001,1.14077,1.14057,1.14066
1784688300000,1.14065,1.14079,1.14049,1.1405
1784689200000,1.1405100000000001,1.1406800000000001,1.14037,1.1405
1784690100000,1.14051,1.14073,1.14051,1.1406999999999998
1784691000000,1.14071,1.14072,1.14052,1.14057
1784691900000,1.14058,1.14069,1.14052,1.14068
1784692800000,1.1407,1.1407,1.14043,1.14052
1784693700000,1.14058,1.14068,1.14051,1.14068
1784694600000,1.1406699999999999,1.14079,1.14065,1.1407699999999998
1784695500000,1.14076,1.14078,1.14068,1.14078
1784696400000,1.14079,1.14089,1.1407,1.1407500000000002
1784697300000,1.14075,1.1409,1.14065,1.14066
1784698200000,1.1406500000000002,1.1407,1.1405,1.1406800000000001
1784699100000,1.1406900000000002,1.1409,1.14054,1.1408900000000002
1784700000000,1.14085,1.14132,1.14082,1.14106
1784700900000,1.1410500000000001,1.14117,1.1407,1.14079
1784701800000,1.14078,1.14112,1.14066,1.14106
1784702700000,1.14108,1.14116,1.14077,1.14115
1784703600000,1.14118,1.14125,1.14081,1.1412
1784704500000,1.14119,1.1414499999999999,1.14102,1.1412499999999999
1784705400000,1.1412399999999998,1.14177,1.14051,1.14061
1784706300000,1.1406,1.14105,1.14028,1.14088
1784707200000,1.14087,1.14097,1.14047,1.1404800000000002
1784708100000,1.1404699999999999,1.1409099999999999,1.14034,1.14079
1784709000000,1.14078,1.14119,1.14078,1.1410799999999999
1784709900000,1.14111,1.14116,1.14076,1.14094
1784710800000,1.14093,1.14117,1.14076,1.14091
1784711700000,1.1408999999999998,1.14095,1.14071,1.14086
1784712600000,1.14085,1.14127,1.14079,1.14082
1784713500000,1.14081,1.1408900000000002,1.14037,1.14043
1784714400000,1.1404100000000001,1.14054,1.13999,1.14023
1784715300000,1.1402400000000001,1.1407,1.14016,1.14045
1784716200000,1.14046,1.14056,1.14028,1.14046
1784717100000,1.14046,1.14064,1.14023,1.1403
1784718000000,1.14029,1.14045,1.14018,1.1404
1784718900000,1.14039,1.14059,1.1402,1.14036
1784719800000,1.14035,1.1406,1.14028,1.14046
1784720700000,1.14043,1.1406800000000001,1.14033,1.14063
1784721600000,1.1406699999999999,1.1410799999999999,1.14061,1.1410799999999999
1784722500000,1.1410900000000002,1.1411,1.14084,1.1409500000000001
1784723400000,1.14096,1.1413099999999998,1.14095,1.1410799999999999
1784724300000,1.14109,1.14109,1.14034,1.1407299999999998
1784725200000,1.14071,1.14119,1.14068,1.14095
1784726100000,1.1409399999999998,1.14163,1.14085,1.14146
1784727000000,1.14149,1.1421,1.14149,1.14173
1784727900000,1.14174,1.14179,1.14113,1.14129
1784728800000,1.1413200000000001,1.14171,1.14101,1.14158
1784729700000,1.1415899999999999,1.14179,1.14103,1.14109
1784730600000,1.14108,1.14128,1.14094,1.14106
1784731500000,1.14107,1.14125,1.14073,1.14087
1784732400000,1.1408800000000001,1.1410900000000002,1.14077,1.14094
1784733300000,1.14093,1.14134,1.14077,1.14131
1784734200000,1.14129,1.14133,1.14069,1.14096
1784735100000,1.14097,1.14133,1.1409,1.14131
1784736000000,1.14132,1.1413499999999999,1.14058,1.14068
1784736900000,1.14069,1.1411200000000001,1.14057,1.14103
1784737800000,1.14104,1.14117,1.1407,1.14083
1784738700000,1.14082,1.14095,1.14071,1.14086
1784739600000,1.14085,1.1412,1.14082,1.14109
1784740500000,1.1411,1.14122,1.14102,1.14109
1784741400000,1.1410799999999999,1.1411,1.14075,1.14093
1784742300000,1.14093,1.14106,1.14083,1.14094
1784743200000,1.14095,1.1410099999999999,1.14075,1.14083
1784744100000,1.14082,1.14102,1.14079,1.1409799999999999
1784745000000,1.14094,1.1410500000000001,1.14084,1.14086
1784745900000,1.1408699999999998,1.14107,1.14085,1.1410399999999998
1784746800000,1.1410500000000001,1.14117,1.14091,1.14093
1784747700000,1.1409200000000002,1.1411200000000001,1.14091,1.1410500000000001
1784748600000,1.14104,1.14108,1.14097,1.14106
1784749500000,1.14109,1.1411499999999999,1.14086,1.14107
1784750400000,1.1410600000000002,1.1412200000000001,1.14101,1.1411200000000001
1784751300000,1.14113,1.1412,1.14109,1.14112
1784752200000,1.14111,1.14119,1.14103,1.14117
1784753100000,1.14116,1.14119,1.14107,1.14113
1784754000000,1.14093,1.14093,1.14036,1.14065
1784754900000,1.1408099999999999,1.1408099999999999,1.14048,1.1405999999999998
1784755800000,1.14052,1.14065,1.14049,1.14055
1784756700000,1.1405500000000002,1.1406900000000002,1.14047,1.1406900000000002
1784757600000,1.14069,1.14088,1.14065,1.14071
1784758500000,1.1407100000000001,1.14076,1.14067,1.1407100000000001
1784759400000,1.1407,1.1407600000000002,1.14054,1.1405800000000001
1784760300000,1.1405699999999999,1.14076,1.14055,1.14075
1784761200000,1.14075,1.1409099999999999,1.14075,1.1408699999999998
1784762100000,1.14089,1.1409799999999999,1.14082,1.14096
1784763000000,1.1409500000000001,1.1410600000000002,1.14091,1.14103
1784763900000,1.14099,1.1411099999999998,1.14095,1.1410799999999999
1784764800000,1.14109,1.1413099999999998,1.14105,1.1410699999999998
1784765700000,1.14107,1.14134,1.14099,1.14114
1784766600000,1.14113,1.14132,1.14112,1.14129
1784767500000,1.14127,1.1417,1.14112,1.14167
1784768400000,1.1417000000000002,1.14198,1.14165,1.14168
1784769300000,1.14168,1.14181,1.14162,1.1417000000000002
1784770200000,1.1417,1.14197,1.14163,1.1417
1784771100000,1.14169,1.14175,1.14155,1.14158
1784772000000,1.14157,1.14181,1.14156,1.14177
1784772900000,1.14178,1.14198,1.14172,1.1419700000000002
1784773800000,1.14196,1.1425400000000001,1.14196,1.1425100000000001
1784774700000,1.1425,1.14277,1.14249,1.1427
1784775600000,1.14274,1.14287,1.14229,1.14229
1784776500000,1.1422999999999999,1.14283,1.14228,1.1428
1784777400000,1.1428099999999999,1.14295,1.14272,1.14292
1784778300000,1.14291,1.143,1.14281,1.1428600000000002
1784779200000,1.14285,1.14349,1.14278,1.14333
1784780100000,1.1433200000000001,1.14345,1.143,1.14343
1784781000000,1.14344,1.1435199999999999,1.14313,1.14314
1784781900000,1.14313,1.14337,1.14292,1.1432
1784782800000,1.1432,1.14344,1.14318,1.14318
1784783700000,1.14319,1.14319,1.14282,1.14299
1784784600000,1.14298,1.14304,1.14284,1.14293
1784785500000,1.14293,1.14311,1.14287,1.14293
1784786400000,1.14292,1.1432499999999999,1.14279,1.14309
1784787300000,1.1431,1.14312,1.14272,1.14279
1784788200000,1.1428,1.14281,1.14239,1.1426
1784789100000,1.14259,1.14273,1.14232,1.14248
1784790000000,1.1425,1.14264,1.14216,1.14263
1784790900000,1.14264,1.1427,1.14233,1.1425
1784791800000,1.1425,1.14269,1.14216,1.14219
1784792700000,1.1421999999999999,1.1425,1.14191,1.14239
1784793600000,1.14243,1.14245,1.14188,1.14189
1784794500000,1.14188,1.1419,1.14153,1.14166
1784795400000,1.1416499999999998,1.1416499999999998,1.14065,1.14086
1784796300000,1.1408500000000001,1.14114,1.1408,1.141
1784797200000,1.14099,1.14146,1.14095,1.14102
1784798100000,1.14103,1.1412600000000002,1.14091,1.1409500000000001
1784799000000,1.1409600000000002,1.14138,1.14091,1.14135
1784799900000,1.1413600000000002,1.14142,1.14111,1.14125
1784800800000,1.14124,1.14128,1.14081,1.14097
1784801700000,1.14096,1.141,1.14053,1.14072
1784802600000,1.14071,1.14093,1.14058,1.1406399999999999
1784803500000,1.14063,1.14076,1.14026,1.14039
1784804400000,1.14037,1.14062,1.14019,1.1405100000000001
1784805300000,1.14052,1.14055,1.13966,1.13973
1784806200000,1.1397499999999998,1.1398,1.13827,1.1386699999999998
1784807100000,1.1387,1.13958,1.1387,1.13941
1784808000000,1.13939,1.13947,1.13896,1.13936
1784808900000,1.13936,1.13946,1.13805,1.13839
1784809800000,1.13827,1.13851,1.13764,1.13778
1784810700000,1.13779,1.13852,1.13752,1.1384500000000002
1784811600000,1.1384699999999999,1.1385699999999999,1.13675,1.13683
1784812500000,1.13678,1.13783,1.13678,1.13777
1784813400000,1.13776,1.1385,1.13769,1.1378000000000001
1784814300000,1.13781,1.1379,1.13716,1.1372
1784815200000,1.13725,1.13755,1.1367,1.13711
1784816100000,1.13713,1.13719,1.13635,1.1369799999999999
1784817000000,1.1369699999999998,1.1373099999999998,1.13668,1.1366999999999998
1784817900000,1.13671,1.13711,1.1364,1.1371
1784818800000,1.13711,1.13748,1.13697,1.1373
1784819700000,1.13729,1.1375,1.13675,1.13707
1784820600000,1.13708,1.13755,1.13654,1.1372900000000001
1784821500000,1.13728,1.1374900000000001,1.137,1.13721
1784822400000,1.13725,1.13771,1.1372,1.13768
1784823300000,1.1377,1.1377899999999999,1.13723,1.13777
1784824200000,1.13778,1.13791,1.13753,1.1377899999999999
1784825100000,1.13778,1.13798,1.13763,1.13795
1784826000000,1.13796,1.1380400000000002,1.13762,1.13762
1784826900000,1.1376099999999998,1.1377899999999999,1.13749,1.13753
1784827800000,1.1375400000000002,1.1375700000000002,1.13732,1.1373300000000002
1784828700000,1.13733,1.13746,1.13707,1.13709
1784829600000,1.1370799999999999,1.1374499999999999,1.13705,1.1373499999999999
1784830500000,1.1373399999999998,1.13749,1.13722,1.1374499999999999
1784831400000,1.13744,1.13757,1.13733,1.13739
1784832300000,1.1374000000000002,1.13759,1.13735,1.1375600000000001
1784833200000,1.1376,1.13776,1.13744,1.13745
1784834100000,1.1374300000000002,1.13765,1.13732,1.13765
1784835000000,1.13764,1.1379299999999999,1.13753,1.13754
1784835900000,1.13755,1.13782,1.13745,1.13768
1784836800000,1.13769,1.13788,1.13769,1.13775
1784837700000,1.13776,1.13786,1.13765,1.13786
1784838600000,1.13786,1.13793,1.13762,1.1377300000000001
1784839500000,1.13774,1.13777,1.13761,1.13771
1784840400000,1.1373,1.13747,1.13689,1.13746
1784841300000,1.13751,1.13751,1.13744,1.1374900000000001
1784842200000,1.1374600000000001,1.13782,1.13741,1.13765
1784843100000,1.1376499999999998,1.13792,1.13726,1.1373199999999999
1784844000000,1.13738,1.1378300000000001,1.13738,1.13774
1784844900000,1.13774,1.13788,1.1377,1.1377199999999998
1784845800000,1.13772,1.1378,1.13764,1.13778
1784846700000,1.13777,1.1379299999999999,1.13777,1.1378899999999998
1784847600000,1.1379,1.13792,1.13781,1.13782
1784848500000,1.13782,1.13788,1.13782,1.1378300000000001
1784849400000,1.13783,1.13792,1.13757,1.13767
1784850300000,1.1376700000000002,1.1378300000000001,1.13752,1.13759
1784851200000,1.1375199999999999,1.13798,1.13746,1.13783
1784852100000,1.13783,1.1379599999999999,1.13777,1.1379
1784853000000,1.13788,1.1379000000000001,1.13765,1.13767
1784853900000,1.13768,1.13836,1.1376,1.13836
1784854800000,1.13839,1.13857,1.13819,1.1383400000000001
1784855700000,1.1383299999999998,1.1385399999999999,1.13814,1.13815
1784856600000,1.1381400000000002,1.13857,1.13813,1.1385500000000002
1784857500000,1.13853,1.13867,1.13829,1.1383400000000001
1784858400000,1.13833,1.13843,1.13823,1.13842
1784859300000,1.13841,1.1385,1.13829,1.13839
1784860200000,1.1383800000000002,1.1387,1.13837,1.1384200000000002
1784861100000,1.1384,1.1384500000000002,1.13803,1.13803
1784862000000,1.13802,1.13808,1.13772,1.13779
1784862900000,1.13778,1.1378899999999998,1.13773,1.13783
1784863800000,1.13789,1.13818,1.13789,1.13815
1784864700000,1.13814,1.13819,1.13801,1.13818
1784865600000,1.13819,1.1383,1.13815,1.13829
1784866500000,1.13828,1.1383400000000001,1.13802,1.13803
1784867400000,1.1380400000000002,1.13809,1.13772,1.13772
1784868300000,1.13773,1.13788,1.13761,1.13786
1784869200000,1.13787,1.13807,1.13777,1.13798
1784870100000,1.13797,1.13819,1.13797,1.13812
1784871000000,1.13813,1.13828,1.13799,1.13803
1784871900000,1.13802,1.1380800000000002,1.13759,1.13772
1784872800000,1.13771,1.13794,1.13768,1.13794
1784873700000,1.13793,1.1385800000000001,1.13793,1.1385
1784874600000,1.13848,1.13859,1.13828,1.13833
1784875500000,1.1383400000000001,1.13864,1.13826,1.13862
1784876400000,1.13866,1.1395300000000002,1.13857,1.13931
1784877300000,1.13939,1.1399,1.13896,1.13966
1784878200000,1.1396899999999999,1.1400599999999999,1.13892,1.13923
1784879100000,1.1392,1.13922,1.13886,1.13892
1784880000000,1.13893,1.13899,1.13853,1.13874
1784880900000,1.13873,1.13878,1.13831,1.13869
1784881800000,1.13869,1.13871,1.13843,1.13853
1784882700000,1.13852,1.13856,1.13807,1.13829
1784883600000,1.13828,1.1386100000000001,1.13819,1.13846
1784884500000,1.1384400000000001,1.13871,1.13829,1.13864
1784885400000,1.1386500000000002,1.1386800000000001,1.1383,1.1385500000000002
1784886300000,1.13857,1.13885,1.13849,1.13885
1784887200000,1.13886,1.13901,1.13867,1.1387500000000002
1784888100000,1.13871,1.13924,1.1387,1.13896
1784889000000,1.1389500000000001,1.1391200000000001,1.13864,1.13866
1784889900000,1.1386399999999999,1.1387399999999999,1.13804,1.13824
1784890800000,1.13825,1.1387500000000002,1.13809,1.1387500000000002
1784891700000,1.1387500000000002,1.13876,1.13816,1.13816
1784892600000,1.13817,1.13822,1.13777,1.13792
1784893500000,1.13797,1.13805,1.13707,1.13741
1784894400000,1.1374199999999999,1.13777,1.13713,1.13771
1784895300000,1.1377,1.13773,1.1372,1.13735
1784896200000,1.13737,1.13756,1.13669,1.13677
1784897100000,1.1367500000000001,1.1371,1.1367,1.1369200000000002
1784898000000,1.1369099999999999,1.1372099999999998,1.13644,1.1369799999999999
1784898900000,1.13699,1.1373600000000001,1.13687,1.137
1784899800000,1.13703,1.13729,1.13672,1.1371
1784900700000,1.1369600000000002,1.13762,1.13681,1.13761
1784901600000,1.13761,1.13788,1.13699,1.1371499999999999
1784902500000,1.1371600000000002,1.13778,1.13715,1.1374900000000001
1784903400000,1.1375000000000002,1.13786,1.13742,1.1375600000000001
1784904300000,1.13755,1.13803,1.13744,1.13777
1784905200000,1.13778,1.13886,1.13765,1.1386800000000001
1784906100000,1.13865,1.13902,1.13838,1.13842
1784907000000,1.13844,1.13887,1.13832,1.1384
1784907900000,1.1384100000000001,1.13859,1.1382,1.1384
1784908800000,1.13839,1.1385399999999999,1.13811,1.1384699999999999
1784909700000,1.13848,1.13859,1.13812,1.1382700000000001
1784910600000,1.13828,1.1383299999999998,1.1379,1.13798
1784911500000,1.13793,1.1380000000000001,1.13772,1.13772
1784912400000,1.13771,1.1377300000000001,1.13697,1.13707
1784913300000,1.13707,1.1371900000000001,1.13681,1.1371300000000002
1784914200000,1.1371200000000001,1.1372,1.13677,1.13687
1784915100000,1.13686,1.13697,1.1367,1.13689
1784916000000,1.1369,1.137,1.13673,1.13692
1784916900000,1.13693,1.13706,1.13672,1.13686
1784917800000,1.13685,1.13692,1.13668,1.13682
1784918700000,1.13682,1.1370099999999999,1.13682,1.13693
1784919600000,1.1369399999999998,1.13707,1.13692,1.1369799999999999
1784920500000,1.1369799999999999,1.1370099999999999,1.13675,1.13679
1784921400000,1.1368,1.13716,1.13676,1.13707
1784922300000,1.13707,1.13711,1.13694,1.13694
1784923200000,1.13696,1.137,1.13692,1.13693
1784924100000,1.13691,1.13691,1.13676,1.13678
1784925000000,1.13679,1.13686,1.13668,1.1368099999999999
1784925900000,1.1368,1.13728,1.1368,1.13698
1785099600000,1.139,1.1391200000000001,1.13853,1.1391200000000001
1785100500000,1.13925,1.13952,1.13897,1.13897
1785101400000,1.13896,1.13922,1.13886,1.139
1785102300000,1.139,1.13931,1.13847,1.13864
1785103200000,1.13869,1.13992,1.13869,1.13926
1785104100000,1.13927,1.13936,1.139,1.13912
1785105000000,1.1391099999999998,1.1391499999999999,1.13899,1.13913
1785105900000,1.13913,1.13914,1.13876,1.13887
1785106800000,1.13886,1.1390500000000001,1.13884,1.1388500000000001
1785107700000,1.13885,1.13895,1.13879,1.13885
1785108600000,1.13886,1.1392499999999999,1.13885,1.1392
1785109500000,1.1392,1.13947,1.13908,1.1394000000000002
1785110400000,1.13941,1.14032,1.13941,1.14031
1785111300000,1.14032,1.14117,1.14006,1.14104
1785112200000,1.14103,1.14124,1.14036,1.1404
1785113100000,1.14038,1.1404800000000002,1.13999,1.14011
1785114000000,1.1401,1.1406699999999999,1.1401,1.1404699999999999
1785114900000,1.14048,1.14071,1.14041,1.14056
1785115800000,1.14056,1.14083,1.14029,1.1407
1785116700000,1.1407,1.14138,1.1407,1.14138
1785117600000,1.14136,1.14138,1.14093,1.14097
1785118500000,1.14098,1.14103,1.1407,1.14097
1785119400000,1.14096,1.141,1.14072,1.1408099999999999
1785120300000,1.1408200000000002,1.14083,1.1405,1.1405
1785121200000,1.1405,1.14066,1.14025,1.14029
1785122100000,1.1402999999999999,1.14041,1.14024,1.14031
1785123000000,1.1403,1.14035,1.14008,1.14028
1785123900000,1.14029,1.14042,1.14026,1.1403100000000002
1785124800000,1.1403,1.14042,1.14026,1.14039
1785125700000,1.1404,1.14046,1.14019,1.14026
1785126600000,1.14025,1.1404299999999998,1.14024,1.14027
1785127500000,1.14028,1.14038,1.14015,1.1403
1785128400000,1.1403,1.14066,1.14019,1.14065
1785129300000,1.14064,1.1407100000000001,1.1404,1.14056
1785130200000,1.14057,1.14063,1.1403,1.1404100000000001
1785131100000,1.14041,1.1406699999999999,1.14031,1.1405699999999999
1785132000000,1.14058,1.14133,1.14051,1.14116
1785132900000,1.14117,1.1412799999999999,1.14068,1.1412399999999998
1785133800000,1.14123,1.14177,1.14092,1.1414499999999999
1785134700000,1.14146,1.14146,1.14066,1.14075
1785135600000,1.1407399999999999,1.14093,1.14041,1.14092
1785136500000,1.14093,1.14093,1.14052,1.14065
1785137400000,1.1406399999999999,1.1406399999999999,1.14007,1.1401999999999999
1785138300000,1.14021,1.14025,1.13956,1.1395799999999998
1785139200000,1.13957,1.13989,1.13948,1.13958
1785140100000,1.13957,1.13967,1.13943,1.13949
1785141000000,1.13951,1.14009,1.1395,1.13983
1785141900000,1.13984,1.14028,1.13961,1.14016
1785142800000,1.14015,1.14028,1.13971,1.13975
1785143700000,1.13974,1.1399000000000001,1.13948,1.13948
1785144600000,1.1394900000000001,1.13978,1.13941,1.13968
1785145500000,1.1396700000000002,1.13981,1.13952,1.13958
1785146400000,1.13956,1.14008,1.13929,1.13947
1785147300000,1.13948,1.1399299999999999,1.13947,1.1397
1785148200000,1.13968,1.14009,1.13961,1.14001
1785149100000,1.13998,1.13999,1.1394,1.13947
1785150000000,1.13948,1.13953,1.1391,1.13911
1785150900000,1.13912,1.13938,1.13906,1.13907
1785151800000,1.13904,1.13948,1.13904,1.13911
1785152700000,1.13917,1.13918,1.13846,1.13859
1785153600000,1.1385999999999998,1.1389799999999999,1.13831,1.13836
1785154500000,1.1383699999999999,1.1385699999999999,1.13827,1.13827
1785155400000,1.13828,1.13833,1.13758,1.13801
1785156300000,1.1380000000000001,1.1385,1.13793,1.1382800000000002
1785157200000,1.1382999999999999,1.1385999999999998,1.13787,1.13832
1785158100000,1.1383,1.13833,1.13768,1.13788
1785159000000,1.13791,1.1383,1.13782,1.13799
1785159900000,1.138,1.13806,1.1372,1.13736
1785160800000,1.13734,1.1376300000000001,1.13704,1.13755
1785161700000,1.1375600000000001,1.13757,1.13697,1.13697
1785162600000,1.1369799999999999,1.13739,1.13692,1.13707
1785163500000,1.13708,1.13744,1.13684,1.13718
1785164400000,1.1371699999999998,1.1372799999999998,1.13678,1.1370799999999999
1785165300000,1.1370699999999998,1.1376099999999998,1.13705,1.13757
1785166200000,1.13757,1.1375899999999999,1.1373,1.13747
1785167100000,1.13748,1.1377599999999999,1.1373,1.13745
1785168000000,1.1374600000000001,1.13768,1.13731,1.13758
1785168900000,1.1375799999999998,1.13832,1.13756,1.13818
1785169800000,1.13819,1.13846,1.13812,1.13821
1785170700000,1.13822,1.13822,1.13782,1.13792
1785171600000,1.13791,1.13791,1.13718,1.1372900000000001
1785172500000,1.13727,1.13731,1.13689,1.13696
1785173400000,1.13697,1.13723,1.13682,1.13688
1785174300000,1.13687,1.13722,1.13682,1.1371799999999999
1785175200000,1.13717,1.1373199999999999,1.13706,1.13722
1785176100000,1.13721,1.13722,1.13686,1.13699
1785177000000,1.13698,1.13721,1.13676,1.13692
1785177900000,1.13692,1.1369799999999999,1.13668,1.13678
1785178800000,1.1367999999999998,1.1369399999999998,1.13668,1.1367099999999999
1785179700000,1.1367200000000002,1.137,1.13667,1.1369900000000002
1785180600000,1.13698,1.13728,1.13697,1.13718
1785181500000,1.1372099999999998,1.13723,1.13692,1.13693
1785182400000,1.13692,1.1371499999999999,1.13692,1.13714
1785183300000,1.13714,1.13717,1.13697,1.13701
1785184200000,1.1369900000000002,1.1369900000000002,1.13664,1.1366800000000001
1785185100000,1.13665,1.13676,1.13665,1.1367399999999999
1785186000000,1.13665,1.1371,1.13628,1.1370799999999999
1785186900000,1.13708,1.13711,1.13667,1.13676
1785187800000,1.1367099999999999,1.13686,1.13662,1.13683
1785188700000,1.13676,1.13698,1.13664,1.1368500000000001
1785189600000,1.13688,1.13713,1.13668,1.13693
1785190500000,1.13694,1.13705,1.13686,1.13687
1785191400000,1.13688,1.13697,1.13686,1.13686
1785192300000,1.13685,1.13688,1.13682,1.13686
1785193200000,1.13686,1.13698,1.13677,1.13693
1785194100000,1.1369200000000002,1.13698,1.13691,1.13698
1785195000000,1.13697,1.13697,1.13682,1.1369099999999999
1785195900000,1.1369,1.13695,1.13672,1.13686
1785196800000,1.1368699999999998,1.1368699999999998,1.13661,1.13678
1785197700000,1.13676,1.13724,1.13675,1.1371499999999999
1785198600000,1.1371600000000002,1.1373,1.13711,1.13717
1785199500000,1.13718,1.1374,1.13696,1.13737
1785200400000,1.1373799999999998,1.13767,1.13736,1.13747
1785201300000,1.1374600000000001,1.13752,1.13731,1.1374600000000001
1785202200000,1.13747,1.13753,1.13724,1.13728
1785203100000,1.13727,1.13734,1.137,1.13725
1785204000000,1.13727,1.13741,1.13714,1.13734
1785204900000,1.1373199999999999,1.13747,1.13712,1.13712
1785205800000,1.13711,1.13726,1.13707,1.13725
1785206700000,1.13725,1.13781,1.13721,1.1376600000000001
1785207600000,1.1376700000000002,1.13772,1.13745,1.13751
1785208500000,1.1374900000000001,1.13774,1.13748,1.13771
1785209400000,1.13772,1.13797,1.13751,1.13755
1785210300000,1.13756,1.13756,1.13733,1.13739
1785211200000,1.1374,1.1374,1.13701,1.13701
1785212100000,1.13697,1.13714,1.1369,1.13702
1785213000000,1.13703,1.13706,1.13694,1.13704
1785213900000,1.1370399999999998,1.1371,1.13675,1.1368
1785214800000,1.13681,1.13683,1.13612,1.13616
1785215700000,1.1361700000000001,1.13646,1.13612,1.13646
1785216600000,1.13647,1.13657,1.13626,1.1364800000000002
1785217500000,1.13648,1.13658,1.13635,1.13653
1785218400000,1.1365100000000001,1.13674,1.13643,1.13662
1785219300000,1.13663,1.13705,1.13662,1.13702
1785220200000,1.13699,1.13723,1.13683,1.13692
1785221100000,1.1369099999999999,1.1371,1.13668,1.1367999999999998
1785222000000,1.1368,1.1373000000000002,1.13664,1.13725
1785222900000,1.13726,1.1373,1.13687,1.13694
1785223800000,1.13693,1.1371499999999999,1.13679,1.13685
1785224700000,1.13686,1.13686,1.13627,1.1364299999999998
1785225600000,1.13641,1.1369799999999999,1.13641,1.13675
1785226500000,1.13678,1.13717,1.13675,1.13695
1785227400000,1.13696,1.13709,1.13676,1.13706
1785228300000,1.13707,1.1372,1.13696,1.13719
1785229200000,1.1372,1.1372499999999999,1.13658,1.13663
1785230100000,1.1366399999999999,1.13675,1.13652,1.13653
1785231000000,1.1364999999999998,1.1364999999999998,1.13617,1.13618
1785231900000,1.13619,1.13619,1.13553,1.13558
1785232800000,1.1355600000000001,1.13568,1.13528,1.13561
1785233700000,1.1356000000000002,1.1357000000000002,1.13542,1.13559
1785234600000,1.1355799999999998,1.13605,1.13556,1.1356799999999998
1785235500000,1.13567,1.13625,1.13567,1.13602
1785236400000,1.1360000000000001,1.13606,1.13562,1.13578
1785237300000,1.13579,1.13651,1.13578,1.13648
1785238200000,1.13648,1.13661,1.13627,1.1362899999999998
1785239100000,1.13629,1.13673,1.13605,1.13647
1785240000000,1.13648,1.13669,1.13612,1.13647
1785240900000,1.1364699999999999,1.13658,1.13618,1.13621
1785241800000,1.13623,1.13646,1.13603,1.1364
1785242700000,1.1364100000000001,1.13679,1.1364,1.13652
1785243600000,1.13653,1.137,1.13652,1.1366399999999999
1785244500000,1.13666,1.13701,1.13657,1.1366800000000001
1785245400000,1.13667,1.1370200000000001,1.13667,1.1368800000000001
1785246300000,1.13689,1.13735,1.13676,1.13718
1785247200000,1.1371600000000002,1.13754,1.13708,1.1373300000000002
1785248100000,1.1373199999999999,1.1377599999999999,1.13709,1.13774
1785249000000,1.1377199999999998,1.1379299999999999,1.13753,1.13784
1785249900000,1.13781,1.1386,1.13757,1.13853
1785250800000,1.1385399999999999,1.13954,1.13835,1.13939
1785251700000,1.1394199999999999,1.13987,1.13922,1.1395499999999998
1785252600000,1.13954,1.14016,1.13937,1.1401
1785253500000,1.14009,1.14009,1.13959,1.1400000000000001
1785254400000,1.1399899999999998,1.1402599999999998,1.13983,1.14018
1785255300000,1.14017,1.1404699999999999,1.14011,1.14044
1785256200000,1.14045,1.14045,1.13997,1.13997
1785257100000,1.13998,1.14003,1.13952,1.1395300000000002
1785258000000,1.13954,1.1396899999999999,1.1393,1.13936
1785258900000,1.13938,1.1397300000000001,1.13924,1.13925
1785259800000,1.1392099999999998,1.13936,1.13912,1.1391499999999999
1785260700000,1.13919,1.1392,1.13878,1.1388699999999998
1785261600000,1.1388800000000001,1.13902,1.13873,1.13887
1785262500000,1.1388800000000001,1.1390900000000002,1.13867,1.13873
1785263400000,1.1387200000000002,1.1388500000000001,1.13871,1.1387800000000001
1785264300000,1.13877,1.13877,1.13856,1.13862
1785265200000,1.13863,1.13898,1.13856,1.13876
1785266100000,1.13877,1.13903,1.13873,1.13884
1785267000000,1.13885,1.139,1.13882,1.13895
1785267900000,1.13894,1.13913,1.13867,1.1386800000000001
1785268800000,1.13867,1.13879,1.13863,1.1387800000000001
1785269700000,1.13883,1.13885,1.13849,1.13858
1785270600000,1.13856,1.13868,1.13848,1.13868
1785271500000,1.13867,1.13873,1.13853,1.13857
1785272400000,1.13855,1.13889,1.13853,1.13882
1785273300000,1.1388200000000002,1.13907,1.13881,1.13894
1785274200000,1.13894,1.13917,1.13891,1.13915
1785275100000,1.13915,1.13916,1.1388,1.13884
1785276000000,1.13884,1.1390600000000002,1.13871,1.13873
1785276900000,1.13872,1.1388,1.13835,1.13844
1785277800000,1.13848,1.13859,1.13839,1.13846
1785278700000,1.1384500000000002,1.1384800000000002,1.13837,1.1384500000000002
1785279600000,1.1384400000000001,1.13845,1.13816,1.13837
1785280500000,1.13838,1.13848,1.13832,1.13847
1785281400000,1.13848,1.13858,1.13839,1.13856
1785282300000,1.13856,1.13858,1.13835,1.13855
1785283200000,1.13857,1.13859,1.13823,1.13832
1785284100000,1.1383100000000002,1.1389500000000001,1.1383,1.1388800000000001
1785285000000,1.13888,1.1389399999999998,1.13875,1.13883
1785285900000,1.1388200000000002,1.13908,1.13864,1.13903
1785286800000,1.13903,1.13911,1.13876,1.1388
1785287700000,1.13879,1.1392,1.13873,1.13896
1785288600000,1.13891,1.13901,1.13847,1.13856
1785289500000,1.1385500000000002,1.13911,1.1385,1.13908
1785290400000,1.13908,1.13943,1.13897,1.1393
1785291300000,1.13931,1.13952,1.1392,1.13933
1785292200000,1.13933,1.1395300000000002,1.13931,1.13941
1785293100000,1.13939,1.13951,1.1392,1.13942
1785294000000,1.1394199999999999,1.1395899999999999,1.13939,1.1395
1785294900000,1.13951,1.13988,1.1395,1.13984
1785295800000,1.13984,1.13997,1.1398,1.13987
1785296700000,1.13988,1.14001,1.13958,1.13965
1785297600000,1.13962,1.13995,1.13957,1.1399
1785298500000,1.1399,1.14019,1.13981,1.13987
1785299400000,1.13985,1.14029,1.13978,1.14022
1785300300000,1.14021,1.14031,1.13985,1.14005
1785301200000,1.14007,1.1402299999999999,1.14,1.14018
1785302100000,1.14018,1.1402100000000002,1.13989,1.13991
1785303000000,1.1399,1.13995,1.13971,1.13994
1785303900000,1.1399299999999999,1.1401,1.1397,1.13977
1785304800000,1.13976,1.14003,1.13945,1.1397000000000002
1785305700000,1.13969,1.13985,1.13924,1.13932
1785306600000,1.13932,1.13943,1.13924,1.13938
1785307500000,1.13935,1.13935,1.13894,1.13914
1785308400000,1.13915,1.1396,1.13897,1.13933
1785309300000,1.13934,1.13967,1.1393,1.13963
1785310200000,1.13964,1.1400299999999999,1.13953,1.13971
1785311100000,1.13968,1.14005,1.13961,1.13973
1785312000000,1.13972,1.13992,1.13948,1.1395300000000002
1785312900000,1.13954,1.13974,1.13937,1.13953
1785313800000,1.1395199999999999,1.13974,1.13926,1.1397199999999998
1785314700000,1.13971,1.1400000000000001,1.13948,1.13959
1785315600000,1.13956,1.13964,1.1394,1.13954
1785316500000,1.1395300000000002,1.13958,1.13932,1.1394700000000002
1785317400000,1.13948,1.13958,1.13913,1.1394
1785318300000,1.1394099999999998,1.1395799999999998,1.13912,1.13913
1785319200000,1.13912,1.13922,1.13899,1.13906
1785320100000,1.13909,1.13909,1.13865,1.1389799999999999
1785321000000,1.13897,1.13915,1.13867,1.13876
1785321900000,1.13875,1.13876,1.13828,1.13848
1785322800000,1.13849,1.13875,1.13849,1.13863
1785323700000,1.13861,1.13879,1.13845,1.13866
1785324600000,1.1387099999999999,1.1387399999999999,1.1381,1.13815
1785325500000,1.1381599999999998,1.1383999999999999,1.13797,1.13815
1785326400000,1.1381599999999998,1.1382299999999999,1.13773,1.13783
1785327300000,1.13784,1.13792,1.1374,1.13763
1785328200000,1.13762,1.13797,1.13741,1.13786
1785329100000,1.13786,1.1379700000000001,1.13762,1.1377700000000002
1785330000000,1.13778,1.13795,1.1376,1.13795
1785330900000,1.1379299999999999,1.13865,1.13791,1.1385
1785331800000,1.13853,1.1387099999999999,1.13828,1.13869
1785332700000,1.1387,1.13918,1.13864,1.1391200000000001
1785333600000,1.13913,1.1392900000000001,1.13874,1.1388
1785334500000,1.13879,1.13941,1.1386,1.1393900000000001
1785335400000,1.1394,1.13964,1.1389,1.13918
1785336300000,1.13919,1.13923,1.13802,1.13802
1785337200000,1.13801,1.13849,1.13787,1.1384299999999998
1785338100000,1.13844,1.13849,1.1378,1.1379199999999998
1785339000000,1.13792,1.1381,1.13774,1.13809
1785339900000,1.13805,1.13828,1.13804,1.1382299999999999
1785340800000,1.13822,1.1382999999999999,1.13773,1.1377599999999999
1785341700000,1.13775,1.1382100000000002,1.13762,1.1381700000000001
1785342600000,1.13818,1.1381999999999999,1.13787,1.1381999999999999
1785343500000,1.13819,1.1385399999999999,1.13814,1.13846
1785344400000,1.1384500000000002,1.13898,1.1384,1.1389200000000002
1785345300000,1.13891,1.1392600000000002,1.13884,1.1390500000000001
1785346200000,1.13906,1.13965,1.13896,1.13953
1785347100000,1.1395300000000002,1.13991,1.13945,1.13945
1785348000000,1.13945,1.14303,1.13879,1.14271
1785348900000,1.14273,1.14292,1.14147,1.14218
1785349800000,1.14218,1.1436099999999998,1.14061,1.14349
1785350700000,1.1434799999999998,1.1451799999999999,1.14332,1.14513
1785351600000,1.1451900000000002,1.1455,1.14392,1.14511
1785352500000,1.14513,1.14662,1.14488,1.1452
1785353400000,1.14522,1.14581,1.14452,1.14571
1785354300000,1.14571,1.14575,1.14472,1.14473
1785355200000,1.14475,1.1452200000000001,1.14463,1.14509
1785356100000,1.1451,1.14557,1.14483,1.1455
1785357000000,1.14549,1.14654,1.14549,1.14654
1785357900000,1.14653,1.14704,1.14639,1.14659
1785358800000,1.14625,1.1464400000000001,1.14517,1.14559
1785359700000,1.14567,1.14625,1.14567,1.14625
1785360600000,1.1462500000000002,1.14639,1.1462,1.1463800000000002
1785361500000,1.14638,1.14638,1.14578,1.14585
1785362400000,1.14585,1.14683,1.14585,1.14677
1785363300000,1.14676,1.1468500000000001,1.14667,1.14673
1785364200000,1.14672,1.14689,1.14671,1.14689
1785365100000,1.14689,1.1470799999999999,1.14688,1.1470699999999998
1785366000000,1.14707,1.14744,1.14696,1.14699
1785366900000,1.14699,1.147,1.14662,1.14665
1785367800000,1.1466699999999999,1.1466999999999998,1.14641,1.1464299999999998
1785368700000,1.14642,1.14689,1.14638,1.14663
1785369600000,1.14659,1.14674,1.1463,1.1466200000000002
1785370500000,1.1466,1.1467,1.14557,1.14564
1785371400000,1.14564,1.14577,1.14553,1.1457
1785372300000,1.1457199999999998,1.14576,1.14556,1.14574
1785373200000,1.14575,1.14606,1.14569,1.14588
1785374100000,1.1458700000000002,1.14588,1.14528,1.14547
1785375000000,1.14546,1.14586,1.14534,1.1455600000000001
1785375900000,1.1455499999999998,1.14577,1.14519,1.14527
1785376800000,1.1452799999999999,1.1454499999999999,1.14512,1.1451799999999999
1785377700000,1.1451900000000002,1.14524,1.14508,1.1452
1785378600000,1.14519,1.14544,1.14517,1.14536
1785379500000,1.14537,1.1454499999999999,1.14522,1.14523
1785380400000,1.1452200000000001,1.14538,1.14507,1.14513
1785381300000,1.14512,1.14515,1.14472,1.14495
1785382200000,1.14496,1.14521,1.14487,1.14513
1785383100000,1.14514,1.14517,1.14489,1.14492
1785384000000,1.14491,1.14523,1.14484,1.14523
1785384900000,1.14523,1.14528,1.14517,1.14523
1785385800000,1.14522,1.14534,1.14519,1.14522
1785386700000,1.14521,1.14528,1.14493,1.14503
1785387600000,1.14504,1.14545,1.14497,1.14544
1785388500000,1.14543,1.14562,1.14537,1.1455
1785389400000,1.1455,1.1455499999999998,1.14509,1.1452
1785390300000,1.14519,1.14548,1.14483,1.14495
1785391200000,1.14494,1.14508,1.14432,1.14443
1785392100000,1.14441,1.14458,1.14432,1.14443
1785393000000,1.1444400000000001,1.14479,1.14426,1.1445400000000001
1785393900000,1.14453,1.1450500000000001,1.14453,1.14464
1785394800000,1.14466,1.14506,1.14419,1.14422
1785395700000,1.14426,1.1444400000000001,1.14358,1.14368
1785396600000,1.14367,1.14384,1.14337,1.14363
1785397500000,1.14364,1.14383,1.14357,1.1437
1785398400000,1.14371,1.14469,1.14366,1.1445299999999998
1785399300000,1.14454,1.14541,1.14452,1.14538
1785400200000,1.1453799999999998,1.14551,1.14448,1.1450799999999999
1785401100000,1.1451,1.14536,1.14461,1.14476
1785402000000,1.14474,1.14579,1.14473,1.14569
1785402900000,1.14564,1.1463299999999998,1.1456,1.14611
1785403800000,1.14609,1.14635,1.14591,1.14623
1785404700000,1.14622,1.1467,1.14603,1.14642
1785405600000,1.1464100000000002,1.1472200000000001,1.14609,1.14714
1785406500000,1.14713,1.1479,1.14682,1.1471799999999999
1785407400000,1.1471699999999998,1.14834,1.14715,1.148
1785408300000,1.14801,1.14831,1.14723,1.14724
1785409200000,1.14722,1.14775,1.14713,1.14715
1785410100000,1.14717,1.14724,1.14649,1.1467100000000001
1785411000000,1.1467299999999998,1.1467299999999998,1.14644,1.14648
1785411900000,1.14649,1.14754,1.14649,1.14753
1785412800000,1.14752,1.1480700000000001,1.14748,1.1480000000000001
1785413700000,1.14799,1.14799,1.14737,1.14756
1785414600000,1.14753,1.14829,1.1472,1.14804
1785415500000,1.14807,1.14809,1.14689,1.14719
1785416400000,1.1472,1.14757,1.1469,1.14719
1785417300000,1.1471799999999999,1.14804,1.14709,1.1479599999999999
1785418200000,1.14798,1.15031,1.14784,1.1500299999999999
1785419100000,1.15005,1.1523400000000001,1.14975,1.1523
1785420000000,1.1523299999999999,1.15364,1.1517,1.15271
1785420900000,1.15271,1.1531799999999999,1.15184,1.15207
1785421800000,1.15208,1.1522400000000002,1.15091,1.15118
1785422700000,1.1512099999999998,1.15143,1.1502,1.15024
1785423600000,1.15025,1.15066,1.14981,1.15063
1785424500000,1.15063,1.15157,1.15062,1.15151
1785425400000,1.1515199999999999,1.15221,1.15129,1.15212
1785426300000,1.15213,1.1524400000000001,1.15199,1.15206
1785427200000,1.15205,1.15276,1.15205,1.15239
1785428100000,1.1523800000000002,1.15297,1.1523,1.15293
1785429000000,1.15294,1.153,1.15246,1.15248
1785429900000,1.1525100000000001,1.1528,1.15219,1.15279
1785430800000,1.1527900000000002,1.1529900000000002,1.15203,1.15203
1785431700000,1.15202,1.1520400000000002,1.15182,1.15186
1785432600000,1.1518499999999998,1.15295,1.15132,1.15288
1785433500000,1.15289,1.1530399999999998,1.15251,1.1528999999999998
1785434400000,1.1529099999999999,1.15349,1.15288,1.1534499999999999
1785435300000,1.15344,1.15346,1.15269,1.15296
1785436200000,1.15298,1.1533099999999998,1.15285,1.1530799999999999
1785437100000,1.15309,1.1535,1.15309,1.15349
1785438000000,1.15348,1.15351,1.1528,1.15287
1785438900000,1.15285,1.15337,1.15275,1.15316
1785439800000,1.15314,1.15319,1.15293,1.15305
1785440700000,1.15306,1.15318,1.1528,1.15306
1785441600000,1.1530799999999999,1.15322,1.15288,1.15302
1785442500000,1.15303,1.1530500000000001,1.1527,1.15272
1785443400000,1.15273,1.15295,1.15259,1.15264
1785444300000,1.1526500000000002,1.1528900000000002,1.15264,1.1527500000000002
1785445200000,1.1526399999999999,1.1526399999999999,1.15214,1.15228
1785446100000,1.15228,1.15242,1.15222,1.15231
1785447000000,1.1522599999999998,1.1523299999999999,1.1522,1.1522599999999998
1785447900000,1.1522999999999999,1.15238,1.15217,1.15234
1785448800000,1.15235,1.15289,1.15235,1.15262
1785449700000,1.15262,1.15276,1.15251,1.15265
1785450600000,1.15265,1.15306,1.15255,1.15295
1785451500000,1.15296,1.1530099999999999,1.15275,1.1528
1785452400000,1.15281,1.15302,1.15241,1.15249
1785453300000,1.15246,1.15267,1.1523,1.1523700000000001
1785454200000,1.1523599999999998,1.15245,1.15217,1.15241
1785455100000,1.15242,1.15256,1.15224,1.15224
1785456000000,1.15225,1.15243,1.15201,1.1522
1785456900000,1.15219,1.15259,1.15212,1.15223
1785457800000,1.15222,1.15228,1.15147,1.15167
1785458700000,1.15166,1.15196,1.15154,1.15174
1785459600000,1.15175,1.1519300000000001,1.15148,1.1516
1785460500000,1.15161,1.15185,1.15148,1.15167
1785461400000,1.15165,1.15207,1.15137,1.15138
1785462300000,1.1513900000000001,1.15144,1.15094,1.15094
1785463200000,1.15095,1.1515799999999998,1.15095,1.15146
1785464100000,1.1514499999999999,1.1515,1.15122,1.1512799999999999
1785465000000,1.15127,1.15143,1.15114,1.15118
1785465900000,1.1511799999999999,1.15123,1.15099,1.15114
1785466800000,1.1511500000000001,1.15128,1.15083,1.151
1785467700000,1.15097,1.15106,1.15077,1.15083
1785468600000,1.15083,1.15098,1.15058,1.15072
1785469500000,1.15073,1.15131,1.15072,1.1512799999999999
1785470400000,1.1512499999999999,1.15136,1.15116,1.15126
1785471300000,1.15125,1.15134,1.15104,1.1510500000000001
1785472200000,1.15104,1.15106,1.15052,1.15057
1785473100000,1.15055,1.15079,1.15038,1.15076
1785474000000,1.15077,1.15087,1.15053,1.15055
1785474900000,1.15054,1.15068,1.15042,1.15045
1785475800000,1.1504599999999998,1.1508999999999998,1.15044,1.15068
1785476700000,1.1506699999999999,1.15068,1.15041,1.1505699999999999
1785477600000,1.15058,1.15164,1.15048,1.15161
1785478500000,1.1516,1.1521000000000001,1.15134,1.1520000000000001
1785479400000,1.15199,1.15199,1.15103,1.15122
1785480300000,1.1512900000000001,1.1521700000000001,1.15128,1.15165
1785481200000,1.15166,1.1517,1.15132,1.1516499999999998
1785482100000,1.1516700000000002,1.1516700000000002,1.15118,1.1513300000000002
1785483000000,1.15133,1.15189,1.1511,1.15182
1785483900000,1.1518300000000001,1.15243,1.15114,1.15138
1785484800000,1.15138,1.15154,1.15076,1.151
1785485700000,1.15101,1.15125,1.1507,1.1507
1785486600000,1.1507100000000001,1.15095,1.15039,1.15086
1785487500000,1.15088,1.15256,1.15086,1.15213
1785488400000,1.15202,1.15243,1.15142,1.15158
1785489300000,1.15162,1.1518,1.15086,1.15087
1785490200000,1.15086,1.1511799999999999,1.15027,1.1502999999999999
1785491100000,1.15029,1.15086,1.15029,1.15048
1785492000000,1.15049,1.15076,1.1503,1.15064
1785492900000,1.15063,1.15065,1.15008,1.15013
1785493800000,1.1501000000000001,1.15039,1.15005,1.15024
1785494700000,1.15023,1.15036,1.15008,1.15013
1785495600000,1.15014,1.15015,1.14967,1.14978
1785496500000,1.14978,1.14979,1.14917,1.14925
1785497400000,1.1492399999999998,1.1493,1.14888,1.14899
1785498300000,1.149,1.14904,1.14842,1.14846
1785499200000,1.14846,1.14863,1.14809,1.14863
1785500100000,1.14862,1.1487399999999999,1.14834,1.14835
1785501000000,1.1483400000000001,1.14865,1.14812,1.14847
1785501900000,1.1484999999999999,1.14902,1.14831,1.1487699999999998
1785502800000,1.14876,1.14913,1.14861,1.1487299999999998
1785503700000,1.1487399999999999,1.1502999999999999,1.14835,1.14999
1785504600000,1.14995,1.15007,1.14546,1.1470399999999998
1785505500000,1.14705,1.1474499999999999,1.14645,1.14661
1785506400000,1.1466,1.14742,1.1462,1.14741
1785507300000,1.14737,1.14797,1.14716,1.14792
1785508200000,1.14796,1.14918,1.14791,1.14916
1785509100000,1.14915,1.15058,1.14889,1.15042
1785510000000,1.1504299999999998,1.1506999999999998,1.14966,1.15031
1785510900000,1.15032,1.15074,1.14986,1.15032
1785511800000,1.1503100000000002,1.15097,1.15009,1.15083
1785512700000,1.1508399999999999,1.1518199999999998,1.15082,1.15176
1785513600000,1.1517499999999998,1.1518599999999999,1.15122,1.15164
1785514500000,1.15161,1.15178,1.15118,1.1512900000000001
1785515400000,1.15133,1.15171,1.15123,1.15134
1785516300000,1.15135,1.15175,1.15135,1.1516600000000001
1785517200000,1.15169,1.1522700000000001,1.15165,1.15222
1785518100000,1.1522000000000001,1.15273,1.15195,1.15266
1785519000000,1.15269,1.1535300000000002,1.15267,1.15351
1785519900000,1.1535,1.1537,1.1527,1.15327
1785520800000,1.1532799999999999,1.15357,1.15272,1.15275
1785521700000,1.15276,1.1530099999999999,1.15258,1.1529
1785522600000,1.1528900000000002,1.15297,1.15267,1.15267
1785523500000,1.15264,1.1530500000000001,1.15239,1.15302
1785524400000,1.15304,1.15337,1.15304,1.15321
1785525300000,1.1532,1.15321,1.15293,1.15303
1785526200000,1.1530399999999998,1.1533499999999999,1.15265,1.1533499999999999
1785527100000,1.15334,1.15356,1.15302,1.15307
1785528000000,1.15308,1.15308,1.15232,1.153
1785528900000,1.1529900000000002,1.15378,1.15291,1.1535600000000001
1785529800000,1.1535900000000001,1.15394,1.15327,1.15394
1785530700000,1.15393,1.15466,1.15275,1.15276
1785704400000,1.15443,1.1546,1.15423,1.1543400000000001
1785705300000,1.15435,1.15444,1.15427,1.15438
1785706200000,1.15439,1.15462,1.15429,1.15462
1785707100000,1.1546399999999999,1.15477,1.15445,1.15468
1785708000000,1.15462,1.15578,1.1546,1.15574
1785708900000,1.1557199999999999,1.1558199999999998,1.15471,1.15499
1785709800000,1.1550099999999999,1.15509,1.15471,1.1547999999999998
1785710700000,1.1548,1.15513,1.15474,1.15477
1785711600000,1.15478,1.1550399999999998,1.15427,1.15445
1785712500000,1.15446,1.15451,1.15421,1.1543999999999999
1785713400000,1.1544,1.15453,1.15419,1.15438
1785714300000,1.15438,1.15441,1.15414,1.15432
1785715200000,1.15433,1.15434,1.15344,1.1536
1785716100000,1.1536000000000002,1.15477,1.15352,1.15466
1785717000000,1.15465,1.15546,1.15454,1.1553399999999998
1785717900000,1.1553799999999999,1.15554,1.15404,1.15419
1785718800000,1.15421,1.15454,1.15356,1.15356
1785719700000,1.1535799999999998,1.15374,1.15315,1.15315
1785720600000,1.1531500000000001,1.1533200000000001,1.15297,1.15316
1785721500000,1.1531600000000002,1.1532600000000002,1.15294,1.1531600000000002
1785722400000,1.15317,1.1533499999999999,1.15289,1.15294
1785723300000,1.15294,1.15327,1.15279,1.15322
1785724200000,1.15321,1.15349,1.15313,1.15313
1785725100000,1.15313,1.1532600000000002,1.15301,1.15304
1785726000000,1.15304,1.15306,1.15267,1.15276
1785726900000,1.15274,1.1529,1.15266,1.15286
1785727800000,1.1528500000000002,1.15287,1.15264,1.1527
1785728700000,1.1526900000000002,1.1529800000000001,1.15264,1.15293
1785729600000,1.15293,1.1531200000000001,1.15284,1.15308
1785730500000,1.15317,1.15325,1.15304,1.1532200000000001
1785731400000,1.15323,1.15354,1.15311,1.15354
1785732300000,1.15353,1.15353,1.15323,1.15336
1785733200000,1.15337,1.15351,1.15311,1.15327
1785734100000,1.15327,1.15338,1.15317,1.1533
1785735000000,1.15329,1.15355,1.15327,1.15354
1785735900000,1.1535499999999999,1.1537,1.15343,1.15367
1785736800000,1.15366,1.15383,1.15323,1.15323
1785737700000,1.15323,1.15353,1.15307,1.15333
1785738600000,1.1533499999999999,1.1534,1.15235,1.15248
1785739500000,1.15248,1.15279,1.15231,1.1526399999999999
1785740400000,1.15263,1.15297,1.15218,1.15288
1785741300000,1.15289,1.153,1.15201,1.15282
1785742200000,1.15284,1.1531600000000002,1.1523,1.1525800000000002
1785743100000,1.15259,1.15268,1.15228,1.15255
1785744000000,1.15256,1.15269,1.15225,1.15265
1785744900000,1.15264,1.1526800000000001,1.15213,1.15239
1785745800000,1.1523999999999999,1.15271,1.15228,1.15245
1785746700000,1.15244,1.15251,1.15204,1.15222
1785747600000,1.1522,1.15259,1.15194,1.15239
1785748500000,1.15238,1.15239,1.15204,1.1523299999999999
1785749400000,1.15234,1.15283,1.15228,1.15279
1785750300000,1.1528,1.15297,1.15213,1.15216
1785751200000,1.15215,1.15241,1.15205,1.15224
1785752100000,1.1522299999999999,1.15237,1.15166,1.1522599999999998
1785753000000,1.15225,1.1523,1.15198,1.15203
1785753900000,1.1520299999999999,1.15241,1.15194,1.15216
1785754800000,1.15213,1.1526200000000002,1.15213,1.1525
1785755700000,1.15249,1.15252,1.15202,1.15214
1785756600000,1.15215,1.15254,1.15208,1.15251
1785757500000,1.15259,1.1532,1.15256,1.15319
1785758400000,1.15318,1.1534600000000002,1.15301,1.1530900000000002
1785759300000,1.1531,1.1532499999999999,1.15285,1.1529099999999999
1785760200000,1.15292,1.15326,1.15234,1.1523999999999999
1785761100000,1.15241,1.15285,1.15222,1.15275
1785762000000,1.15276,1.1533,1.15275,1.15289
1785762900000,1.1529,1.1531,1.15242,1.1531
1785763800000,1.15309,1.15345,1.15249,1.15268
1785764700000,1.15268,1.153,1.15212,1.15269
1785765600000,1.15215,1.1526800000000001,1.15158,1.15158
1785766500000,1.1515900000000001,1.1522400000000002,1.15142,1.1514700000000002
1785767400000,1.15146,1.15174,1.15096,1.1513
1785768300000,1.15131,1.1515600000000001,1.15107,1.15134
1785769200000,1.15133,1.15137,1.15018,1.15028
1785770100000,1.1502700000000001,1.15066,1.15022,1.15035
1785771000000,1.15037,1.15053,1.14998,1.15029
1785771900000,1.1503299999999999,1.1509099999999999,1.15027,1.1508999999999998
1785772800000,1.15092,1.15099,1.15053,1.15077
1785773700000,1.15076,1.15083,1.15041,1.1504999999999999
1785774600000,1.1504999999999999,1.15076,1.15038,1.15066
1785775500000,1.15067,1.1508,1.15045,1.15063
1785776400000,1.15062,1.1506399999999999,1.15027,1.1503299999999999
1785777300000,1.1503100000000002,1.15033,1.15013,1.1503
1785778200000,1.15029,1.15043,1.15023,1.15033
1785779100000,1.15034,1.15055,1.15008,1.15014
1785780000000,1.15015,1.15059,1.1501,1.15045
1785780900000,1.15046,1.15096,1.15045,1.1509
1785781800000,1.15089,1.15116,1.15078,1.15113
1785782700000,1.15109,1.15142,1.15107,1.1513
1785783600000,1.15131,1.15141,1.15123,1.1513
1785784500000,1.15131,1.15134,1.15117,1.15119
1785785400000,1.15118,1.15124,1.15104,1.15121
1785786300000,1.1512,1.15124,1.15089,1.15098
1785787200000,1.15097,1.15102,1.15063,1.15069
1785788100000,1.1506999999999998,1.15086,1.15058,1.15069
1785789000000,1.15067,1.15092,1.15066,1.1508800000000001
1785789900000,1.1508900000000002,1.15091,1.15074,1.15077
1785790800000,1.1505999999999998,1.1508999999999998,1.15027,1.15054
1785791700000,1.15055,1.1508099999999999,1.15055,1.1508
1785792600000,1.1508,1.15083,1.15066,1.15074
1785793500000,1.15077,1.15092,1.15073,1.15086
1785794400000,1.15085,1.15099,1.15062,1.15066
1785795300000,1.15066,1.15078,1.15062,1.15065
1785796200000,1.15064,1.1508,1.15063,1.15074
1785797100000,1.15075,1.1509,1.15072,1.15083
1785798000000,1.15083,1.15094,1.15076,1.15094
1785798900000,1.15093,1.15098,1.15085,1.15088
1785799800000,1.1508800000000001,1.1508900000000002,1.15067,1.15073
1785800700000,1.15073,1.1507500000000002,1.15057,1.15064
1785801600000,1.15066,1.1513200000000001,1.15064,1.1509200000000002
1785802500000,1.15093,1.15119,1.15089,1.15113
1785803400000,1.15114,1.15145,1.15104,1.1512
1785804300000,1.15121,1.15121,1.15042,1.1505
1785805200000,1.15049,1.15053,1.15016,1.1504400000000001
1785806100000,1.15045,1.1508800000000001,1.15043,1.1507800000000001
1785807000000,1.15077,1.1513900000000001,1.15077,1.15138
1785807900000,1.1514,1.1514099999999998,1.15115,1.1511799999999999
1785808800000,1.15119,1.15133,1.15088,1.15116
1785809700000,1.15117,1.15123,1.15072,1.15087
1785810600000,1.15086,1.15113,1.15082,1.15107
1785811500000,1.1510799999999999,1.1512,1.15071,1.15075
1785812400000,1.15074,1.15107,1.1507,1.1508800000000001
1785813300000,1.15093,1.15119,1.15086,1.15115
1785814200000,1.15113,1.15135,1.15069,1.15079
1785815100000,1.1507699999999998,1.1509399999999999,1.15071,1.1507399999999999
1785816000000,1.1507500000000002,1.1508,1.15053,1.15062
1785816900000,1.15062,1.15081,1.1506,1.1507500000000002
1785817800000,1.15075,1.1509399999999999,1.15075,1.15085
1785818700000,1.1508500000000002,1.1510500000000001,1.1508,1.1509800000000001
1785819600000,1.15097,1.1509800000000001,1.15064,1.15067
1785820500000,1.1506800000000001,1.15093,1.15064,1.1508800000000001
1785821400000,1.1508800000000001,1.1509900000000002,1.15047,1.15049
1785822300000,1.15049,1.15069,1.15032,1.15068
1785823200000,1.1506599999999998,1.15072,1.15037,1.15071
1785824100000,1.15072,1.151,1.15053,1.15055
1785825000000,1.15052,1.15075,1.15032,1.1504
1785825900000,1.15039,1.1507,1.15033,1.15067
1785826800000,1.15068,1.151,1.15058,1.15086
1785827700000,1.1508500000000002,1.15165,1.1508,1.15121
1785828600000,1.1512,1.15143,1.15093,1.15093
1785829500000,1.15093,1.15126,1.15082,1.15103
1785830400000,1.15102,1.1513799999999998,1.15082,1.1509099999999999
1785831300000,1.1508800000000001,1.15116,1.15073,1.15114
1785832200000,1.15113,1.15114,1.15057,1.1509
1785833100000,1.1509099999999999,1.1509099999999999,1.15058,1.1507399999999999
1785834000000,1.15073,1.15077,1.15028,1.15063
1785834900000,1.15064,1.15106,1.15063,1.15099
1785835800000,1.15098,1.15107,1.15069,1.15075
1785836700000,1.15076,1.15086,1.1505,1.1507500000000002
1785837600000,1.1507399999999999,1.15106,1.15071,1.15096
1785838500000,1.1509500000000001,1.151,1.15074,1.1509
1785839400000,1.1509099999999999,1.1516899999999999,1.15082,1.15137
1785840300000,1.1513900000000001,1.15184,1.15121,1.15133
1785841200000,1.15133,1.1516,1.1511,1.15157
1785842100000,1.15157,1.15194,1.15153,1.15193
1785843000000,1.1519700000000002,1.1522800000000002,1.15169,1.15222
1785843900000,1.15223,1.15223,1.15144,1.15157
1785844800000,1.1515799999999998,1.15181,1.15132,1.15137
1785845700000,1.1513600000000002,1.1517300000000001,1.15128,1.15138
1785846600000,1.15137,1.15227,1.15137,1.15212
1785847500000,1.15211,1.15212,1.1514,1.15143
1785848400000,1.1514199999999999,1.15146,1.15103,1.15123
1785849300000,1.15126,1.1518899999999999,1.15088,1.15149
1785850200000,1.1515,1.15246,1.15143,1.15228
1785851100000,1.1523,1.15256,1.15208,1.15228
1785852000000,1.15233,1.1529800000000001,1.15215,1.1529
1785852900000,1.1528900000000002,1.1530200000000002,1.15257,1.15263
1785853800000,1.15262,1.1527999999999998,1.15227,1.1522899999999998
1785854700000,1.15228,1.1523899999999998,1.15183,1.1522599999999998
1785855600000,1.15225,1.1524800000000002,1.15179,1.15179
1785856500000,1.15178,1.15179,1.15134,1.15173
1785857400000,1.15171,1.1522100000000002,1.15128,1.15206
1785858300000,1.15205,1.1525999999999998,1.15197,1.15256
1785859200000,1.15257,1.1526,1.15203,1.15212
1785860100000,1.15212,1.1521599999999999,1.15187,1.15188
1785861000000,1.1518700000000002,1.1519300000000001,1.15162,1.15182
1785861900000,1.15181,1.15191,1.1516,1.15181
1785862800000,1.1518,1.1522,1.1518,1.15218
1785863700000,1.15217,1.1522,1.15191,1.1520299999999999
1785864600000,1.15201,1.15252,1.15199,1.1525
1785865500000,1.15251,1.15258,1.15235,1.15235
1785866400000,1.15234,1.15261,1.15227,1.15237
1785867300000,1.15238,1.15251,1.15222,1.15242
1785868200000,1.1524299999999998,1.1526599999999998,1.15237,1.1526599999999998
1785869100000,1.15267,1.1533200000000001,1.15263,1.15323
1785870000000,1.15324,1.1532900000000001,1.15301,1.1530200000000002
1785870900000,1.1530200000000002,1.15317,1.15291,1.15317
1785871800000,1.15317,1.1532200000000001,1.15297,1.15307
1785872700000,1.15307,1.1531,1.1529,1.15302
1785873600000,1.153,1.15316,1.153,1.15311
1785874500000,1.1530900000000002,1.15335,1.15308,1.1532
1785875400000,1.1531799999999999,1.1532099999999998,1.15302,1.15303
1785876300000,1.153,1.15335,1.153,1.15321
1785877200000,1.15296,1.15296,1.15227,1.1526699999999999
1785878100000,1.15267,1.15294,1.15267,1.15277
1785879000000,1.1527699999999999,1.15302,1.15271,1.15272
1785879900000,1.15272,1.15287,1.15272,1.15287
1785880800000,1.15286,1.15309,1.15286,1.15306
1785881700000,1.1530500000000001,1.15307,1.15294,1.15301
1785882600000,1.15306,1.1532,1.15304,1.15318
1785883500000,1.15317,1.15323,1.15302,1.15322
1785884400000,1.1532,1.15326,1.15295,1.15315
1785885300000,1.15315,1.15315,1.15296,1.15297
1785886200000,1.15297,1.15305,1.15293,1.15296
1785887100000,1.15301,1.15319,1.153,1.15314
1785888000000,1.15314,1.1534200000000001,1.15308,1.1532300000000002
1785888900000,1.1532300000000002,1.15348,1.15318,1.1534000000000002
1785889800000,1.1533900000000001,1.1535,1.15317,1.15317
1785890700000,1.15318,1.15327,1.15291,1.15308
1785891600000,1.15309,1.15312,1.15282,1.15295
1785892500000,1.15297,1.15312,1.15262,1.15278
1785893400000,1.15278,1.15282,1.15265,1.1527399999999999
1785894300000,1.15272,1.1528100000000001,1.15263,1.15265
1785895200000,1.15265,1.1530799999999999,1.15262,1.1529099999999999
1785896100000,1.1529099999999999,1.15346,1.15285,1.1533
1785897000000,1.15331,1.15399,1.15325,1.15399
1785897900000,1.15397,1.15399,1.15341,1.1534200000000001
1785898800000,1.15343,1.15398,1.15341,1.15389
1785899700000,1.1538899999999999,1.15398,1.15366,1.1537
1785900600000,1.15369,1.15369,1.15347,1.1535
1785901500000,1.1535,1.15371,1.15349,1.15367
1785902400000,1.15368,1.15388,1.15367,1.1538
1785903300000,1.1538,1.15397,1.15377,1.15387
1785904200000,1.1538599999999999,1.15393,1.15363,1.15364
1785905100000,1.15364,1.15375,1.15341,1.1535600000000001
1785906000000,1.1535499999999999,1.15356,1.15312,1.15333
1785906900000,1.15334,1.1534900000000001,1.15325,1.1533900000000001
1785907800000,1.15339,1.15363,1.15339,1.15354
1785908700000,1.15353,1.15375,1.15337,1.15351
1785909600000,1.15354,1.1537,1.15344,1.1535900000000001
1785910500000,1.15358,1.15358,1.15318,1.15347
1785911400000,1.15348,1.15417,1.1532,1.15414
1785912300000,1.15415,1.15453,1.15415,1.15442
1785913200000,1.15439,1.15462,1.15371,1.15378
1785914100000,1.15378,1.15411,1.15333,1.1533499999999999
1785915000000,1.15335,1.1537300000000001,1.15335,1.15352
1785915900000,1.1535099999999998,1.15393,1.15342,1.1537499999999998
1785916800000,1.15373,1.15398,1.15353,1.15361
1785917700000,1.15363,1.15429,1.15363,1.15429
1785918600000,1.15431,1.15441,1.15327,1.1534200000000001
1785919500000,1.15337,1.15365,1.15306,1.15351
1785920400000,1.1535,1.15379,1.15331,1.15367
1785921300000,1.15368,1.1541,1.1536,1.1539
1785922200000,1.1539000000000001,1.1542000000000001,1.15375,1.15411
1785923100000,1.15408,1.15413,1.15391,1.15392
1785924000000,1.15391,1.1539700000000002,1.15345,1.15357
1785924900000,1.15357,1.15403,1.15353,1.1537199999999999
1785925800000,1.1537199999999999,1.15387,1.1536,1.15373
1785926700000,1.15375,1.15402,1.15355,1.15389
1785927600000,1.15391,1.15458,1.15391,1.15453
1785928500000,1.1545200000000002,1.1550500000000001,1.1543,1.15473
1785929400000,1.15474,1.15547,1.1546,1.15523
1785930300000,1.15522,1.15531,1.15483,1.15521
1785931200000,1.15521,1.15545,1.15507,1.1551200000000001
1785932100000,1.15513,1.15566,1.15513,1.15533
1785933000000,1.15536,1.15542,1.15471,1.1547399999999999
1785933900000,1.15472,1.15496,1.15442,1.15451
1785934800000,1.15453,1.1546800000000002,1.15419,1.1545400000000001
1785935700000,1.15455,1.1552799999999999,1.15451,1.1551799999999999
1785936600000,1.15517,1.15534,1.15446,1.1545
1785937500000,1.1545,1.15459,1.15396,1.1542800000000002
1785938400000,1.15429,1.15551,1.15415,1.15527
1785939300000,1.1552399999999998,1.15564,1.15495,1.15496
1785940200000,1.15498,1.1552099999999998,1.15468,1.1551099999999999
1785941100000,1.1551,1.15533,1.15446,1.1552900000000002
1785942000000,1.1553,1.1556,1.15489,1.15489
1785942900000,1.15488,1.15488,1.15448,1.15468
1785943800000,1.1546699999999999,1.15503,1.15438,1.15487
1785944700000,1.15486,1.1549200000000002,1.15423,1.1545400000000001
1785945600000,1.1545400000000001,1.15474,1.15422,1.15464
1785946500000,1.15464,1.15486,1.15456,1.1547
1785947400000,1.15471,1.15472,1.15432,1.1545
1785948300000,1.15449,1.15463,1.15431,1.15453
1785949200000,1.1545699999999999,1.15468,1.15421,1.15437
1785950100000,1.15437,1.15489,1.15437,1.1548299999999998
1785951000000,1.15482,1.1553399999999998,1.15471,1.1553099999999998
1785951900000,1.1553,1.15568,1.1553,1.15557
1785952800000,1.15558,1.1558000000000002,1.15545,1.1554600000000002
1785953700000,1.15547,1.15588,1.15537,1.15585
1785954600000,1.15584,1.15588,1.15527,1.1553200000000001
1785955500000,1.15531,1.15551,1.15526,1.15532
1785956400000,1.15531,1.1554200000000001,1.15504,1.15507
1785957300000,1.15506,1.15508,1.1547,1.15472
1785958200000,1.15472,1.15503,1.15472,1.15493
1785959100000,1.15492,1.1551799999999999,1.15482,1.15503
1785960000000,1.1550399999999998,1.1552499999999999,1.15495,1.15495
1785960900000,1.15496,1.1551,1.15485,1.15502
1785961800000,1.15501,1.15536,1.155,1.15513
1785962700000,1.15513,1.15532,1.15506,1.15532
1785963600000,1.1552200000000001,1.1553900000000001,1.15501,1.15525
1785964500000,1.1552499999999999,1.15556,1.15486,1.15527
1785965400000,1.1551699999999998,1.1552499999999999,1.15481,1.15495
1785966300000,1.1549500000000001,1.1550500000000001,1.15477,1.1549200000000002
1785967200000,1.15506,1.15543,1.15504,1.15525
1785968100000,1.15525,1.1554000000000002,1.15525,1.1553300000000002
1785969000000,1.15533,1.1554200000000001,1.15527,1.1554
1785969900000,1.1553900000000001,1.15544,1.15534,1.1554200000000001
1785970800000,1.15542,1.1555199999999999,1.15536,1.15551
1785971700000,1.1555,1.15553,1.15542,1.15542
1785972600000,1.15543,1.1555199999999999,1.1554,1.15551
1785973500000,1.15551,1.15572,1.1555,1.15564
1785974400000,1.15563,1.1557,1.1554,1.15548
1785975300000,1.15549,1.15575,1.15547,1.15557
1785976200000,1.15558,1.15575,1.15555,1.1556000000000002
1785977100000,1.1556,1.15591,1.15557,1.15558
1785978000000,1.1555799999999998,1.15567,1.15529,1.15549
1785978900000,1.1554900000000001,1.15569,1.15535,1.15547
1785979800000,1.15545,1.15564,1.1554,1.15561
1785980700000,1.1556000000000002,1.15561,1.15538,1.15544
1785981600000,1.15543,1.1556899999999999,1.15542,1.15553
1785982500000,1.15553,1.15573,1.1554,1.15555
1785983400000,1.15554,1.1556899999999999,1.15543,1.15568
1785984300000,1.15567,1.1557,1.1552,1.15532
1785985200000,1.1553200000000001,1.15534,1.15514,1.15516
1785986100000,1.1551500000000001,1.15518,1.15487,1.1549500000000001
1785987000000,1.15493,1.15503,1.1547,1.15472
1785987900000,1.1547100000000001,1.15483,1.15463,1.15482
1785988800000,1.15481,1.15492,1.15478,1.1548699999999998
1785989700000,1.15486,1.15487,1.1547,1.15477
1785990600000,1.15477,1.15486,1.1547,1.1547100000000001
1785991500000,1.1547200000000002,1.1548600000000002,1.15464,1.1548500000000002
1785992400000,1.1548500000000002,1.1548500000000002,1.1544,1.15447
1785993300000,1.1544699999999999,1.15456,1.15445,1.1545
1785994200000,1.15449,1.1548399999999999,1.15445,1.1548
1785995100000,1.1548,1.155,1.15473,1.1548800000000001
1785996000000,1.15489,1.15511,1.1545,1.1546100000000001
1785996900000,1.15462,1.15472,1.15443,1.15457
1785997800000,1.1545800000000002,1.1546,1.15426,1.1545
1785998700000,1.15452,1.15465,1.15425,1.15442
1785999600000,1.15443,1.15452,1.15416,1.1544100000000002
1786000500000,1.15442,1.1545999999999998,1.15424,1.15441
1786001400000,1.15441,1.15455,1.15425,1.15442
1786002300000,1.15438,1.15445,1.15405,1.1543700000000001
1786003200000,1.15438,1.15445,1.15384,1.15426
1786004100000,1.15427,1.1544299999999998,1.154,1.15405
1786005000000,1.1540400000000002,1.1543800000000002,1.15396,1.15426
1786005900000,1.1542700000000001,1.15439,1.15405,1.1542700000000001
1786006800000,1.15426,1.15435,1.15401,1.15431
1786007700000,1.15432,1.15432,1.15396,1.1541800000000002
1786008600000,1.15419,1.15425,1.15368,1.15372
1786009500000,1.15373,1.15397,1.15359,1.1537899999999999
1786010400000,1.15378,1.15403,1.1536,1.1536199999999999
1786011300000,1.1536099999999998,1.15417,1.15359,1.15407
1786012200000,1.1540700000000002,1.15423,1.15396,1.15402
1786013100000,1.1540100000000002,1.1541700000000001,1.15386,1.1540400000000002
1786014000000,1.15406,1.1544400000000001,1.15406,1.15423
1786014900000,1.1542299999999999,1.1546399999999999,1.15417,1.1544599999999998
1786015800000,1.1544699999999999,1.1544999999999999,1.1538,1.1538
1786016700000,1.15381,1.15446,1.15371,1.15446
1786017600000,1.15447,1.1545100000000001,1.15385,1.1539000000000001
1786018500000,1.15391,1.1543299999999999,1.1539,1.15418
1786019400000,1.15416,1.15447,1.15395,1.15411
1786020300000,1.1541400000000002,1.15418,1.15362,1.1538000000000002
1786021200000,1.1538300000000001,1.15406,1.15351,1.1537600000000001
1786022100000,1.15375,1.15401,1.15361,1.15382
1786023000000,1.15384,1.15431,1.15371,1.15419
1786023900000,1.15416,1.15446,1.15381,1.15423
1786024800000,1.15424,1.15435,1.1532,1.15339
1786025700000,1.1534,1.1538300000000001,1.15334,1.15341
1786026600000,1.15342,1.1536899999999999,1.1533,1.15351
1786027500000,1.1535,1.1535,1.153,1.15346
1786028400000,1.15347,1.15352,1.15269,1.15276
1786029300000,1.15276,1.1528,1.15208,1.15231
1786030200000,1.1523,1.15235,1.15192,1.15221
1786031100000,1.1522800000000002,1.1523800000000002,1.15186,1.1520100000000002
1786032000000,1.15202,1.15216,1.15185,1.15195
1786032900000,1.15196,1.15196,1.15142,1.1518700000000002
1786033800000,1.15188,1.15201,1.15162,1.15172
1786034700000,1.15172,1.15222,1.15171,1.15201
1786035600000,1.1520000000000001,1.1521700000000001,1.15186,1.1519100000000002
1786036500000,1.1518899999999999,1.15204,1.1517,1.15194
1786037400000,1.15195,1.1520000000000001,1.15169,1.15185
1786038300000,1.15184,1.15223,1.15181,1.15223
1786039200000,1.15222,1.15242,1.15218,1.15229
1786040100000,1.15228,1.15236,1.15214,1.1521599999999999
1786041000000,1.15217,1.15227,1.1521,1.15215
1786041900000,1.15216,1.15232,1.15212,1.15232
1786042800000,1.1523400000000001,1.1525100000000001,1.15216,1.1522100000000002
1786043700000,1.1522,1.15234,1.15166,1.1518199999999998
1786044600000,1.15179,1.15204,1.15171,1.15181
1786045500000,1.15182,1.1525,1.15179,1.15226
1786046400000,1.15225,1.1523299999999999,1.15204,1.15207
1786047300000,1.15208,1.15208,1.15182,1.1520000000000001
1786048200000,1.1520100000000002,1.15216,1.15196,1.15215
1786049100000,1.15216,1.1523700000000001,1.15213,1.1523500000000002
1786050000000,1.15233,1.15233,1.15205,1.15206
1786050900000,1.15207,1.15208,1.15195,1.15196
1786051800000,1.1518,1.15195,1.15171,1.15182
1786052700000,1.1517300000000001,1.1519000000000001,1.15168,1.15172
1786053600000,1.15172,1.15215,1.15172,1.1521000000000001
1786054500000,1.15211,1.15218,1.15209,1.15215
1786055400000,1.15215,1.15221,1.15211,1.15215
1786056300000,1.15214,1.15218,1.1521,1.1521199999999998
1786057200000,1.15213,1.15229,1.15212,1.15228
1786058100000,1.1522999999999999,1.1522999999999999,1.1522,1.15225
1786059000000,1.15225,1.15231,1.15218,1.15231
1786059900000,1.1522999999999999,1.15237,1.15228,1.15234
1786060800000,1.1523400000000001,1.1523500000000002,1.15203,1.1520700000000001
1786061700000,1.15208,1.15216,1.15195,1.1521000000000001
1786062600000,1.15209,1.15219,1.15198,1.15202
1786063500000,1.15203,1.15213,1.15175,1.15185
1786064400000,1.15186,1.15219,1.15179,1.15213
1786065300000,1.1521400000000002,1.15216,1.15203,1.1521000000000001
1786066200000,1.1521000000000001,1.1525,1.15195,1.15241
1786067100000,1.1523999999999999,1.1524599999999998,1.15207,1.1521
1786068000000,1.1521,1.15224,1.15208,1.15211
1786068900000,1.1521,1.15224,1.15201,1.15218
1786069800000,1.1522,1.15222,1.15204,1.15208
1786070700000,1.15207,1.15229,1.15204,1.15209
1786071600000,1.1521,1.1521899999999998,1.15193,1.1520499999999998
1786072500000,1.15204,1.15212,1.15197,1.15208
1786073400000,1.15209,1.15217,1.15204,1.15209
1786074300000,1.1520899999999998,1.15228,1.15207,1.15228
1786075200000,1.15227,1.15228,1.1521,1.15215
1786076100000,1.15215,1.15225,1.15211,1.15215
1786077000000,1.15216,1.15235,1.15211,1.15235
1786077900000,1.15235,1.1523800000000002,1.15223,1.15229
1786078800000,1.15229,1.15247,1.15229,1.15242
1786079700000,1.15243,1.1524400000000001,1.15209,1.1521000000000001
1786080600000,1.15211,1.15235,1.15201,1.15229
1786081500000,1.15228,1.15242,1.15216,1.1521700000000001
1786082400000,1.15218,1.1523700000000001,1.15205,1.1523
1786083300000,1.15229,1.15244,1.15208,1.15234
1786084200000,1.15235,1.15236,1.15209,1.15216
1786085100000,1.1521400000000002,1.15242,1.15209,1.15216
1786086000000,1.15215,1.15229,1.15172,1.1522100000000002
1786086900000,1.15221,1.15238,1.15212,1.1522000000000001
1786087800000,1.1521899999999998,1.15227,1.1519,1.1519599999999999
1786088700000,1.15197,1.15226,1.15195,1.15218
1786089600000,1.1522000000000001,1.15223,1.15175,1.15181
1786090500000,1.15181,1.15206,1.15181,1.15188
1786091400000,1.15187,1.1523700000000001,1.15185,1.15236
1786092300000,1.15237,1.1524699999999999,1.1522,1.1522999999999999
1786093200000,1.15229,1.15282,1.15224,1.1527999999999998
1786094100000,1.1527900000000002,1.1529,1.15264,1.15267
1786095000000,1.15267,1.15276,1.1525,1.1527
1786095900000,1.1527100000000001,1.15307,1.1527,1.15284
1786096800000,1.1528299999999998,1.15286,1.15254,1.15261
1786097700000,1.15261,1.1528,1.15255,1.1527
1786098600000,1.1526999999999998,1.15278,1.15251,1.1525299999999998
1786099500000,1.15253,1.15285,1.15252,1.15265
1786100400000,1.15266,1.1529399999999999,1.15265,1.1527699999999999
1786101300000,1.15277,1.1529,1.15259,1.15261
1786102200000,1.15259,1.15317,1.15259,1.15315
1786103100000,1.15316,1.15327,1.15309,1.1532499999999999
1786104000000,1.15327,1.1537300000000001,1.15324,1.15336
1786104900000,1.15337,1.15341,1.15263,1.15272
1786105800000,1.15271,1.15767,1.15268,1.15729
1786106700000,1.1573,1.15803,1.15702,1.15722
1786107600000,1.15718,1.1574300000000002,1.15667,1.1574
1786108500000,1.15739,1.15748,1.15662,1.15694
1786109400000,1.15695,1.15739,1.15615,1.15714
1786110300000,1.15712,1.15717,1.1556,1.1557
1786111200000,1.15573,1.1558,1.15515,1.1557199999999999
1786112100000,1.15571,1.1563700000000001,1.15558,1.15564
1786113000000,1.15565,1.15597,1.155,1.15516
1786113900000,1.1551500000000001,1.1555300000000002,1.15504,1.15525
1786114800000,1.15524,1.15604,1.15496,1.15602
1786115700000,1.1560000000000001,1.15632,1.15562,1.15564
1786116600000,1.15565,1.1562000000000001,1.15538,1.15609
1786117500000,1.1561000000000001,1.15626,1.15561,1.1558
1786118400000,1.15575,1.15646,1.15569,1.15646
1786119300000,1.15645,1.15653,1.15598,1.15619
1786120200000,1.1562000000000001,1.15634,1.15605,1.15624
1786121100000,1.15625,1.15667,1.15582,1.15584
1786122000000,1.1558300000000001,1.15608,1.15569,1.15605
1786122900000,1.15606,1.15626,1.15588,1.15605
1786123800000,1.15605,1.15629,1.15594,1.1562
1786124700000,1.1562,1.15628,1.15604,1.15605
1786125600000,1.1560599999999999,1.15628,1.15583,1.15607
1786126500000,1.1560599999999999,1.15621,1.15594,1.15616
1786127400000,1.15617,1.1563700000000001,1.15615,1.15634
1786128300000,1.15635,1.15656,1.15631,1.15644
1786129200000,1.15645,1.1567500000000002,1.15633,1.1563800000000002
1786130100000,1.15635,1.1569500000000001,1.15633,1.1569
1786131000000,1.1569,1.15694,1.15653,1.15653
1786131900000,1.15654,1.1566299999999998,1.15603,1.1561
1786132800000,1.1561,1.15612,1.15581,1.15584
1786133700000,1.15584,1.15585,1.15554,1.15561
1786134600000,1.1556,1.15587,1.1555,1.15573
1786135500000,1.15574,1.15595,1.15558,1.15577
1786309200000,1.15622,1.15622,1.15591,1.15619
1786310100000,1.15638,1.1564,1.15599,1.1563700000000001
1786311000000,1.15621,1.15637,1.15576,1.1557899999999999
1786311900000,1.15596,1.15598,1.15575,1.15595
1786312800000,1.15599,1.15611,1.15551,1.15557
1786313700000,1.1555799999999998,1.15564,1.15542,1.15543
1786314600000,1.15544,1.15565,1.15543,1.15559
1786315500000,1.1555900000000001,1.15564,1.15545,1.1554900000000001
1786316400000,1.1555,1.15574,1.15549,1.15571
1786317300000,1.15571,1.15576,1.15563,1.15567
1786318200000,1.15567,1.15571,1.15537,1.1557
1786319100000,1.15569,1.1557600000000001,1.15548,1.15548
1786320000000,1.15549,1.1558499999999998,1.15549,1.1558
1786320900000,1.15579,1.1558,1.15544,1.15551
1786321800000,1.15551,1.15555,1.15537,1.15538
1786322700000,1.15538,1.1558300000000001,1.15534,1.15575
1786323600000,1.15575,1.15584,1.1552,1.15543
1786324500000,1.1554399999999998,1.1556,1.15532,1.1553799999999999
1786325400000,1.15538,1.15543,1.15514,1.15534
1786326300000,1.1553099999999998,1.15547,1.15522,1.1553399999999998
1786327200000,1.1553399999999998,1.15543,1.15522,1.1553
1786328100000,1.1553,1.15544,1.15521,1.15535
1786329000000,1.1553499999999999,1.1554499999999999,1.15515,1.15515
1786329900000,1.15516,1.15523,1.15503,1.1551
1786330800000,1.1550900000000002,1.15513,1.15487,1.15503
1786331700000,1.15502,1.15523,1.15492,1.15505
1786332600000,1.15506,1.15507,1.15482,1.15488
1786333500000,1.15489,1.155,1.15483,1.15484
1786334400000,1.1548500000000002,1.15491,1.15474,1.1548900000000002
1786335300000,1.1548800000000001,1.1549500000000001,1.1548,1.15491
1786336200000,1.15488,1.15495,1.15478,1.1549399999999999
1786337100000,1.15495,1.1552,1.15495,1.15509
1786338000000,1.15511,1.1552600000000002,1.15494,1.15504
1786338900000,1.15505,1.15513,1.15499,1.1550799999999999
1786339800000,1.15509,1.15527,1.15497,1.1551
1786340700000,1.15509,1.15557,1.15509,1.15541
1786341600000,1.15539,1.15544,1.15519,1.15534
1786342500000,1.15534,1.15569,1.15531,1.15554
1786343400000,1.15553,1.15557,1.15533,1.1554
1786344300000,1.1554000000000002,1.1554900000000001,1.15518,1.15544
1786345200000,1.1554499999999999,1.1555399999999998,1.15515,1.1553
1786346100000,1.1553,1.15573,1.15527,1.15555
1786347000000,1.15554,1.1562599999999998,1.15549,1.1562599999999998
1786347900000,1.15621,1.15649,1.15578,1.15604
1786348800000,1.1560300000000001,1.1564800000000002,1.15589,1.15645
1786349700000,1.1564699999999999,1.15651,1.15628,1.15641
1786350600000,1.15643,1.1564400000000001,1.15613,1.1562100000000002
1786351500000,1.1562,1.15621,1.15601,1.15604
1786352400000,1.1560300000000001,1.15631,1.15588,1.15628
1786353300000,1.15629,1.1562999999999999,1.15604,1.15619
1786354200000,1.15618,1.1561899999999998,1.15563,1.15595
1786355100000,1.1559400000000002,1.15606,1.15562,1.1556300000000002
1786356000000,1.15562,1.15569,1.15538,1.15547
1786356900000,1.15545,1.15574,1.15544,1.1556
1786357800000,1.15561,1.1556899999999999,1.15539,1.15559
1786358700000,1.1556,1.15564,1.15543,1.15548
1786359600000,1.1555,1.15559,1.15503,1.15518
1786360500000,1.15517,1.15523,1.15495,1.15509
1786361400000,1.1550799999999999,1.1552499999999999,1.15498,1.15503
1786362300000,1.1550099999999999,1.1551799999999999,1.15485,1.1551799999999999
1786363200000,1.15517,1.15545,1.15503,1.1551
1786364100000,1.15509,1.15511,1.15462,1.1548
1786365000000,1.15479,1.15496,1.15453,1.15453
1786365900000,1.1545400000000001,1.15485,1.15446,1.15464
1786366800000,1.1546500000000002,1.15517,1.1545,1.1551500000000001
1786367700000,1.15516,1.15531,1.15489,1.1552
1786368600000,1.15521,1.15529,1.15473,1.15474
1786369500000,1.1547500000000002,1.1550200000000002,1.15433,1.15445
1786370400000,1.15444,1.15497,1.15438,1.15485
1786371300000,1.15484,1.15533,1.1547,1.15523
1786372200000,1.15522,1.15541,1.15506,1.15528
1786373100000,1.15527,1.1555,1.15493,1.15513
1786374000000,1.15512,1.15517,1.15469,1.15505
1786374900000,1.15505,1.15526,1.15459,1.1548
1786375800000,1.15481,1.1549099999999999,1.15458,1.15466
1786376700000,1.15465,1.15515,1.15462,1.15511
1786377600000,1.1551200000000001,1.1553600000000002,1.15511,1.15521
1786378500000,1.1552,1.15521,1.15484,1.1552
1786379400000,1.1552,1.15527,1.15461,1.15462
1786380300000,1.15462,1.15481,1.15445,1.15465
1786381200000,1.15465,1.15471,1.15431,1.15441
1786382100000,1.15441,1.15443,1.15405,1.1543
1786383000000,1.15433,1.1546100000000001,1.15433,1.1544
1786383900000,1.1543999999999999,1.15441,1.15414,1.1542299999999999
1786384800000,1.15424,1.15442,1.1542,1.15431
1786385700000,1.1543,1.1543100000000002,1.15406,1.15416
1786386600000,1.15415,1.15443,1.15406,1.1544
1786387500000,1.15439,1.15441,1.15395,1.15416
1786388400000,1.15415,1.1542,1.15397,1.15408
1786389300000,1.15409,1.1542400000000002,1.15399,1.1541400000000002
1786390200000,1.15418,1.15425,1.15404,1.1542
1786391100000,1.15421,1.15425,1.15404,1.15409
1786392000000,1.1541000000000001,1.1542700000000001,1.15409,1.15425
1786392900000,1.15425,1.15426,1.15409,1.1541000000000001
1786393800000,1.1541000000000001,1.15422,1.15409,1.15419
1786394700000,1.15416,1.1542100000000002,1.15413,1.15419
1786395600000,1.15397,1.15459,1.15387,1.15398
1786396500000,1.15398,1.15401,1.15397,1.154
1786397400000,1.154,1.1540499999999998,1.15393,1.15401
1786398300000,1.15401,1.15408,1.15394,1.15401
1786399200000,1.154,1.15432,1.154,1.1542
1786400100000,1.15419,1.15426,1.15416,1.15422
1786401000000,1.1542299999999999,1.15431,1.15417,1.15428
1786401900000,1.15428,1.15433,1.15426,1.15432
1786402800000,1.1543100000000002,1.15435,1.15423,1.15426
1786403700000,1.15424,1.1542899999999998,1.1542,1.1542299999999999
1786404600000,1.15423,1.1542700000000001,1.15416,1.15425
1786405500000,1.15425,1.15461,1.15425,1.15455
1786406400000,1.15457,1.15467,1.15447,1.15464
1786407300000,1.15464,1.1548,1.15457,1.1547500000000002
1786408200000,1.15475,1.15492,1.15463,1.15482
1786409100000,1.1548299999999998,1.1548399999999999,1.15454,1.15455
1786410000000,1.15456,1.1546699999999999,1.15424,1.1546699999999999
1786410900000,1.15467,1.1548600000000002,1.15464,1.1547800000000001
1786411800000,1.15479,1.15492,1.15458,1.15458
1786412700000,1.15456,1.1548100000000001,1.15456,1.15456
1786413600000,1.1545599999999998,1.1545699999999999,1.15427,1.15442
1786414500000,1.15442,1.15443,1.15399,1.15405
1786415400000,1.15405,1.15417,1.15401,1.1541
1786416300000,1.15411,1.15412,1.15382,1.1539300000000001
1786417200000,1.15394,1.15417,1.1539,1.15415
1786418100000,1.15416,1.15439,1.15412,1.15438
1786419000000,1.15437,1.15444,1.15427,1.15428
1786419900000,1.15428,1.15429,1.15414,1.1542299999999999
1786420800000,1.15424,1.15435,1.15421,1.1543299999999999
1786421700000,1.15432,1.15443,1.15432,1.1544
1786422600000,1.15441,1.15448,1.15398,1.15405
1786423500000,1.15404,1.1542599999999998,1.15387,1.15422
1786424400000,1.15423,1.15423,1.15399,1.1540400000000002
1786425300000,1.15403,1.15408,1.15393,1.15407
1786426200000,1.1540599999999999,1.1542299999999999,1.15393,1.1542
1786427100000,1.15421,1.15421,1.15382,1.15405
1786428000000,1.15407,1.15429,1.15395,1.15398
1786428900000,1.1539700000000002,1.15405,1.15338,1.15362
1786429800000,1.15361,1.15374,1.15324,1.1536
1786430700000,1.1535900000000001,1.15364,1.15334,1.15364
1786431600000,1.15365,1.15395,1.15364,1.15379
1786432500000,1.15378,1.15382,1.15348,1.1537000000000002
1786433400000,1.15369,1.1538000000000002,1.15321,1.1532200000000001
1786434300000,1.15321,1.15345,1.15311,1.15314
1786435200000,1.1531300000000002,1.1533600000000002,1.15308,1.15321
1786436100000,1.1532200000000001,1.15337,1.15318,1.1533600000000002
1786437000000,1.15336,1.15382,1.15334,1.15375
1786437900000,1.15372,1.15376,1.15347,1.15357
1786438800000,1.1535900000000001,1.1535900000000001,1.15331,1.1533600000000002
1786439700000,1.15337,1.1534600000000002,1.15324,1.1533200000000001
1786440600000,1.15333,1.15341,1.15324,1.15336
1786441500000,1.15335,1.15367,1.15334,1.1536600000000001
1786442400000,1.15365,1.15378,1.15338,1.15354
1786443300000,1.15355,1.15375,1.15328,1.15361
1786444200000,1.1536,1.1537899999999999,1.15349,1.1535499999999999
1786445100000,1.15354,1.1536000000000002,1.15338,1.1535900000000001
1786446000000,1.15358,1.15431,1.1534,1.15411
1786446900000,1.15412,1.15414,1.15378,1.15385
1786447800000,1.15385,1.1539000000000001,1.15355,1.15357
1786448700000,1.15357,1.15371,1.15344,1.1535900000000001
1786449600000,1.15359,1.15397,1.1535,1.15372
1786450500000,1.15371,1.15388,1.15333,1.15363
1786451400000,1.1536499999999998,1.1541199999999998,1.15359,1.154
1786452300000,1.15401,1.15436,1.15395,1.15409
1786453200000,1.15408,1.15445,1.15408,1.15412
1786454100000,1.15413,1.1544400000000001,1.15402,1.1541000000000001
1786455000000,1.15409,1.1544100000000002,1.15386,1.1544
1786455900000,1.15441,1.15479,1.15431,1.15434
1786456800000,1.15434,1.15436,1.15384,1.1541
1786457700000,1.15409,1.15422,1.15372,1.1538700000000002
1786458600000,1.15386,1.1542100000000002,1.15379,1.15418
1786459500000,1.1541700000000001,1.15424,1.15395,1.15421
1786460400000,1.15422,1.15442,1.15369,1.15369
1786461300000,1.1536799999999998,1.1540499999999998,1.15359,1.1539799999999998
1786462200000,1.15397,1.1540599999999999,1.1536,1.15375
1786463100000,1.15374,1.1542999999999999,1.15373,1.15424
1786464000000,1.15425,1.15431,1.15392,1.15405
1786464900000,1.1540400000000002,1.1541100000000002,1.15386,1.15409
1786465800000,1.1540700000000002,1.15422,1.15402,1.15408
1786466700000,1.15405,1.1541000000000001,1.15386,1.15389
1786467600000,1.1539,1.1539599999999999,1.15349,1.1535
1786468500000,1.15349,1.15373,1.15337,1.15347
1786469400000,1.15347,1.1537300000000001,1.15341,1.15369
1786470300000,1.1536799999999998,1.15384,1.15366,1.15374
1786471200000,1.1537300000000001,1.15378,1.15355,1.1536000000000002
1786472100000,1.15359,1.15367,1.15349,1.15363
1786473000000,1.15364,1.1541,1.15359,1.15404
1786473900000,1.15405,1.1541700000000001,1.15389,1.15399
1786474800000,1.1540300000000001,1.15419,1.15396,1.15413
1786475700000,1.15414,1.15419,1.15394,1.15419
1786476600000,1.15418,1.1542299999999999,1.15411,1.15415
1786477500000,1.15414,1.15424,1.1541,1.1542299999999999
1786478400000,1.15422,1.15431,1.15415,1.15417
1786479300000,1.15418,1.15418,1.15402,1.15408
1786480200000,1.15408,1.15409,1.15388,1.1539
1786481100000,1.15391,1.15425,1.15388,1.15421
1786482000000,1.15401,1.15401,1.15384,1.15391
1786482900000,1.15391,1.1539300000000001,1.15371,1.15386
1786483800000,1.15387,1.15394,1.1538,1.1539
1786484700000,1.15394,1.15398,1.15383,1.1538599999999999
1786485600000,1.15386,1.15425,1.15386,1.15419
1786486500000,1.15419,1.15424,1.15415,1.15423
1786487400000,1.15424,1.15425,1.15408,1.15417
1786488300000,1.15416,1.15429,1.15415,1.15429
1786489200000,1.15431,1.15431,1.15418,1.15418
1786490100000,1.1542000000000001,1.15425,1.15412,1.15412
1786491000000,1.1541299999999999,1.15428,1.15407,1.15427
1786491900000,1.1542400000000002,1.1543100000000002,1.15416,1.1543
1786492800000,1.15432,1.15441,1.15417,1.15432
1786493700000,1.1542999999999999,1.15441,1.15428,1.15435
1786494600000,1.15434,1.15437,1.1542,1.15421
1786495500000,1.15421,1.1542299999999999,1.1539,1.1540199999999998
1786496400000,1.15401,1.15403,1.1536,1.1537199999999999
1786497300000,1.15372,1.15381,1.15362,1.15378
1786498200000,1.15379,1.15392,1.15369,1.15392
1786499100000,1.1539199999999998,1.15398,1.15373,1.15378
1786500000000,1.1537700000000002,1.15379,1.15362,1.15362
1786500900000,1.15363,1.1536499999999998,1.15346,1.15363
1786501800000,1.15363,1.15395,1.15363,1.15383
1786502700000,1.15382,1.1538599999999999,1.15367,1.15378
1786503600000,1.15378,1.1538,1.15364,1.15368
1786504500000,1.15367,1.1537300000000001,1.15358,1.1536
1786505400000,1.1535900000000001,1.1537000000000002,1.15355,1.15355
1786506300000,1.15355,1.15356,1.15344,1.15347
1786507200000,1.15347,1.15358,1.15337,1.1534
1786508100000,1.1533900000000001,1.1534200000000001,1.15324,1.1533200000000001
1786509000000,1.15333,1.15357,1.15333,1.15353
1786509900000,1.1535199999999999,1.15359,1.15343,1.15353
1786510800000,1.15352,1.15352,1.15328,1.15328
1786511700000,1.15327,1.15329,1.15316,1.1532799999999999
1786512600000,1.1532900000000001,1.1534600000000002,1.15328,1.15337
1786513500000,1.15336,1.1534099999999998,1.15322,1.15332
1786514400000,1.1533200000000001,1.1535000000000002,1.15328,1.15345
1786515300000,1.1534499999999999,1.15354,1.15339,1.15349
1786516200000,1.15348,1.1535600000000001,1.15334,1.15343
1786517100000,1.1534200000000001,1.1536700000000002,1.15335,1.1536600000000001
1786518000000,1.15367,1.15387,1.15354,1.15377
1786518900000,1.15376,1.1538899999999999,1.15366,1.15366
1786519800000,1.1536600000000001,1.15384,1.15365,1.15368
1786520700000,1.15367,1.15378,1.15353,1.15368
1786521600000,1.1536899999999999,1.1537,1.1534,1.15363
1786522500000,1.1536199999999999,1.15391,1.15353,1.15373
1786523400000,1.1537099999999998,1.1539499999999998,1.15359,1.1539499999999998
1786524300000,1.15394,1.15394,1.15361,1.1536600000000001
1786525200000,1.15367,1.1540599999999999,1.15363,1.1540599999999999
1786526100000,1.1540700000000002,1.15494,1.15396,1.15422
1786527000000,1.15423,1.15441,1.15378,1.1538
1786527900000,1.1537899999999999,1.1539599999999999,1.15343,1.1535499999999999
1786528800000,1.15354,1.15383,1.15347,1.15356
1786529700000,1.15355,1.15385,1.15351,1.1537300000000001
1786530600000,1.15373,1.15374,1.15353,1.1536499999999998
1786531500000,1.15364,1.15376,1.15319,1.15344
1786532400000,1.15343,1.15365,1.15334,1.1533900000000001
1786533300000,1.1534,1.15386,1.15338,1.1538300000000001
1786534200000,1.15384,1.15401,1.15375,1.1540000000000001
1786535100000,1.15401,1.15449,1.154,1.1542899999999998
1786536000000,1.15431,1.15452,1.15417,1.15445
1786536900000,1.15444,1.15475,1.15407,1.1544299999999998
1786537800000,1.15443,1.15613,1.15325,1.1557400000000002
1786538700000,1.15574,1.1559300000000001,1.15511,1.15589
1786539600000,1.1559199999999998,1.1562299999999999,1.15498,1.15499
1786540500000,1.155,1.1555300000000002,1.15487,1.15538
1786541400000,1.1553900000000001,1.1556,1.15456,1.15462
1786542300000,1.1545999999999998,1.15529,1.15454,1.15516
1786543200000,1.1551799999999999,1.1553399999999998,1.15488,1.15495
1786544100000,1.15496,1.15539,1.15475,1.15483
1786545000000,1.1548100000000001,1.15506,1.15426,1.15443
1786545900000,1.15444,1.15468,1.15384,1.15425
1786546800000,1.15424,1.15434,1.15377,1.15418
1786547700000,1.15419,1.1542000000000001,1.15385,1.15391
1786548600000,1.1539,1.154,1.15354,1.15363
1786549500000,1.15364,1.15397,1.15347,1.15389
1786550400000,1.1539,1.1539599999999999,1.15329,1.15353
1786551300000,1.15354,1.15354,1.1531,1.15312
1786552200000,1.1531099999999999,1.1531699999999998,1.15278,1.15295
1786553100000,1.15295,1.153,1.15241,1.15276
1786554000000,1.1527500000000002,1.15301,1.15274,1.1527500000000002
1786554900000,1.15274,1.1527800000000001,1.15257,1.15273
1786555800000,1.1527399999999999,1.15282,1.15218,1.1522
1786556700000,1.1522,1.15246,1.15208,1.1521
1786557600000,1.1520899999999998,1.1524899999999998,1.15193,1.1523899999999998
1786558500000,1.1523800000000002,1.15264,1.15233,1.15243
1786559400000,1.15241,1.15245,1.15225,1.1523
1786560300000,1.15232,1.15236,1.15194,1.15205
1786561200000,1.15206,1.15226,1.15201,1.1522
1786562100000,1.15221,1.15241,1.15214,1.15215
1786563000000,1.15216,1.15225,1.15205,1.1522000000000001
1786563900000,1.15221,1.15224,1.15193,1.1521899999999998
1786564800000,1.1521800000000002,1.15236,1.15213,1.15216
1786565700000,1.15215,1.15223,1.15209,1.1522000000000001
1786566600000,1.1521899999999998,1.15239,1.15217,1.15239
1786567500000,1.15238,1.15255,1.15231,1.1524299999999998
1786568400000,1.15224,1.15252,1.15187,1.152
1786569300000,1.1520000000000001,1.15208,1.15199,1.15201
1786570200000,1.15202,1.15212,1.15195,1.1521000000000001
1786571100000,1.1519899999999998,1.1521,1.15197,1.1520299999999999
1786572000000,1.15203,1.15246,1.15203,1.15242
1786572900000,1.15242,1.15246,1.15238,1.15243
1786573800000,1.15243,1.15251,1.15242,1.15251
1786574700000,1.1525,1.15262,1.15249,1.15261
1786575600000,1.1526200000000002,1.15267,1.15257,1.1526200000000002
1786576500000,1.15262,1.15269,1.15261,1.1526399999999999
1786577400000,1.15264,1.15267,1.15257,1.15263
1786578300000,1.15264,1.15274,1.15257,1.1527200000000002
1786579200000,1.15277,1.15296,1.15272,1.15278
1786580100000,1.15279,1.15294,1.15277,1.15289
1786581000000,1.1529,1.15308,1.1529,1.15299
1786581900000,1.15298,1.15298,1.15259,1.15283
1786582800000,1.15283,1.15291,1.15266,1.15282
1786583700000,1.15282,1.15297,1.15282,1.1529
1786584600000,1.1528800000000001,1.1530500000000001,1.15274,1.1527500000000002
1786585500000,1.1527200000000002,1.15274,1.1523,1.15242
1786586400000,1.15242,1.1525,1.15232,1.15234
1786587300000,1.15235,1.15235,1.15211,1.15212
1786588200000,1.1521299999999999,1.15221,1.15193,1.1521199999999998
1786589100000,1.15212,1.15219,1.15204,1.1521299999999999
1786590000000,1.15214,1.15236,1.15202,1.1521700000000001
1786590900000,1.15216,1.1521700000000001,1.15196,1.15212
1786591800000,1.1521299999999999,1.15227,1.1521,1.15224
1786592700000,1.15225,1.15225,1.1521,1.1522
1786593600000,1.15219,1.15219,1.15201,1.15205
1786594500000,1.15204,1.1521,1.15194,1.1521
1786595400000,1.1521000000000001,1.15214,1.15205,1.15209
1786596300000,1.15208,1.1526399999999999,1.15208,1.15253
1786597200000,1.15254,1.15258,1.15242,1.15253
1786598100000,1.15252,1.1526500000000002,1.1525,1.15259
1786599000000,1.1525999999999998,1.1525999999999998,1.15234,1.15235
1786599900000,1.1523599999999998,1.15251,1.15227,1.15244
1786600800000,1.1524699999999999,1.15255,1.15197,1.152
1786601700000,1.1520000000000001,1.15218,1.15168,1.15175
1786602600000,1.15176,1.15176,1.15112,1.15159
1786603500000,1.1516,1.15178,1.15151,1.1517600000000001
1786604400000,1.15176,1.15193,1.15164,1.15174
1786605300000,1.15175,1.15213,1.15171,1.1521
1786606200000,1.1521,1.15245,1.15197,1.15245
1786607100000,1.15244,1.15272,1.15237,1.15251
1786608000000,1.15252,1.1525999999999998,1.15221,1.1524999999999999
1786608900000,1.15249,1.1524999999999999,1.15231,1.15244
1786609800000,1.1524299999999998,1.15269,1.15241,1.15263
1786610700000,1.15262,1.1528,1.15233,1.15235
1786611600000,1.15236,1.1527500000000002,1.15226,1.15274
1786612500000,1.1527399999999999,1.15315,1.15271,1.1530699999999998
1786613400000,1.15306,1.15321,1.15294,1.1530900000000002
1786614300000,1.15308,1.15341,1.15301,1.1533900000000001
1786615200000,1.1533799999999998,1.15358,1.15336,1.15343
1786616100000,1.15344,1.15368,1.15333,1.15368
1786617000000,1.15368,1.1538,1.15363,1.1536499999999998
1786617900000,1.15364,1.15367,1.15341,1.15353
1786618800000,1.1535600000000001,1.15381,1.15341,1.1538
1786619700000,1.1538,1.15381,1.15353,1.15371
1786620600000,1.15369,1.15371,1.15348,1.15352
1786621500000,1.15352,1.15362,1.1532,1.15335
1786622400000,1.15336,1.15343,1.15319,1.1532099999999998
1786623300000,1.15322,1.15322,1.15296,1.15306
1786624200000,1.1531099999999999,1.15337,1.15251,1.1530699999999998
1786625100000,1.15306,1.15438,1.15306,1.15433
1786626000000,1.15435,1.1544699999999999,1.15373,1.1539199999999998
1786626900000,1.1539300000000001,1.15413,1.15341,1.15345
1786627800000,1.15346,1.15357,1.153,1.15337
1786628700000,1.1533600000000002,1.15357,1.15301,1.15338
1786629600000,1.15339,1.15412,1.15309,1.1540899999999998
1786630500000,1.1541,1.15449,1.1538,1.1538
1786631400000,1.15381,1.15415,1.15364,1.15398
1786632300000,1.1539899999999998,1.1544599999999998,1.15383,1.1543299999999999
1786633200000,1.1543400000000001,1.15449,1.15372,1.15375
1786634100000,1.15374,1.15379,1.15321,1.1533200000000001
1786635000000,1.15331,1.15359,1.1532,1.15324
1786635900000,1.1532499999999999,1.15343,1.15296,1.15301
1786636800000,1.15302,1.15323,1.15273,1.15282
1786637700000,1.15281,1.15287,1.15238,1.15258
1786638600000,1.15259,1.1528900000000002,1.15247,1.15283
1786639500000,1.15284,1.15299,1.15283,1.15289
1786640400000,1.1528999999999998,1.15309,1.15271,1.15271
1786641300000,1.15273,1.15285,1.15252,1.15259
1786642200000,1.1526,1.15289,1.15256,1.1528800000000001
1786643100000,1.15289,1.15289,1.15272,1.1527399999999999
1786644000000,1.15273,1.15317,1.15259,1.15309
1786644900000,1.1530799999999999,1.15309,1.15278,1.15286
1786645800000,1.1528500000000002,1.1530200000000002,1.15277,1.15294
1786646700000,1.15293,1.153,1.15283,1.15284
1786647600000,1.15286,1.153,1.15283,1.15295
1786648500000,1.15294,1.15309,1.15293,1.15307
1786649400000,1.15308,1.15308,1.15274,1.1527800000000001
1786650300000,1.15279,1.1528800000000001,1.1527,1.1528100000000001
1786651200000,1.1528200000000002,1.1528800000000001,1.15257,1.15266
1786652100000,1.15265,1.1527699999999999,1.15261,1.1527699999999999
1786653000000,1.15276,1.1528,1.15266,1.15273
1786653900000,1.1527500000000002,1.1529500000000001,1.15274,1.15286
1786654800000,1.1526200000000002,1.15264,1.1523,1.1525
1786655700000,1.1524800000000002,1.1528,1.15247,1.1528
1786656600000,1.15279,1.15308,1.1527,1.1527
1786657500000,1.1527500000000002,1.15276,1.1526,1.15264
1786658400000,1.15267,1.1530200000000002,1.15267,1.1528500000000002
1786659300000,1.15286,1.1530799999999999,1.15285,1.15302
1786660200000,1.1530399999999998,1.1530999999999998,1.15298,1.1530999999999998
1786661100000,1.15309,1.15313,1.15305,1.1531
1786662000000,1.15309,1.15329,1.15309,1.15324
1786662900000,1.1532300000000002,1.15324,1.15318,1.1531900000000002
1786663800000,1.15319,1.15332,1.15319,1.1532799999999999
1786664700000,1.1532900000000001,1.15338,1.15328,1.1533300000000002
1786665600000,1.15333,1.15353,1.15329,1.15342
1786666500000,1.15343,1.15367,1.15341,1.15362
1786667400000,1.1536199999999999,1.1537199999999999,1.15356,1.15361
1786668300000,1.15362,1.15386,1.15354,1.15377
1786669200000,1.15375,1.1537600000000001,1.15328,1.1532900000000001
1786670100000,1.1533,1.15349,1.15315,1.15333
1786671000000,1.15332,1.15374,1.15329,1.1535799999999998
1786671900000,1.1535900000000001,1.15368,1.15334,1.15334
1786672800000,1.15335,1.1535600000000001,1.15334,1.15354
1786673700000,1.1535499999999999,1.15364,1.15343,1.15354
1786674600000,1.1535300000000002,1.15368,1.15352,1.1536600000000001
1786675500000,1.15366,1.15367,1.1533,1.15337
1786676400000,1.15337,1.15351,1.15333,1.15348
1786677300000,1.15348,1.15387,1.15347,1.15376
1786678200000,1.15375,1.15379,1.15364,1.15368
1786679100000,1.15367,1.15371,1.15355,1.15365
1786680000000,1.15365,1.15398,1.15364,1.15388
1786680900000,1.15389,1.1539300000000001,1.15362,1.15365
1786681800000,1.15364,1.15391,1.15362,1.15378
1786682700000,1.15379,1.15393,1.15374,1.15382
1786683600000,1.1538300000000001,1.15395,1.15378,1.15394
1786684500000,1.1539300000000001,1.15407,1.15388,1.15404
1786685400000,1.15405,1.1542400000000002,1.15396,1.1540300000000001
1786686300000,1.1540300000000001,1.15412,1.15398,1.15412
1786687200000,1.15413,1.15435,1.15402,1.1540700000000002
1786688100000,1.15406,1.15411,1.15382,1.15392
1786689000000,1.1539300000000001,1.15423,1.15392,1.15421
1786689900000,1.15422,1.1543999999999999,1.15404,1.15439
1786690800000,1.1544100000000002,1.15466,1.15426,1.15447
1786691700000,1.15446,1.15469,1.15436,1.1545400000000001
1786692600000,1.15455,1.15485,1.15442,1.15477
1786693500000,1.1547800000000001,1.15507,1.15477,1.15504
1786694400000,1.15503,1.1554900000000001,1.155,1.15534
1786695300000,1.1553499999999999,1.15537,1.15499,1.15524
1786696200000,1.15525,1.15571,1.15501,1.1554
1786697100000,1.1553900000000001,1.15553,1.15517,1.15553
1786698000000,1.15547,1.15564,1.15537,1.15543
1786698900000,1.15542,1.15551,1.1553,1.15532
1786699800000,1.15533,1.15546,1.15505,1.15516
1786700700000,1.15519,1.15543,1.15507,1.1554200000000001
1786701600000,1.15537,1.15549,1.15515,1.1553799999999999
1786702500000,1.1553900000000001,1.15547,1.15524,1.15528
1786703400000,1.15527,1.15546,1.15523,1.15546
1786704300000,1.15547,1.1555700000000002,1.15535,1.15551
1786705200000,1.15552,1.1558300000000001,1.15551,1.1558300000000001
1786706100000,1.15584,1.15634,1.15581,1.15621
1786707000000,1.15623,1.15713,1.15616,1.15687
1786707900000,1.15686,1.15698,1.15645,1.15648
1786708800000,1.15655,1.1570500000000001,1.15622,1.15636
1786709700000,1.15634,1.1571099999999999,1.15634,1.15695
1786710600000,1.15696,1.15782,1.15655,1.15656
1786711500000,1.15655,1.1569399999999999,1.15631,1.15655
1786712400000,1.15656,1.15663,1.15615,1.15626
1786713300000,1.15627,1.15689,1.15617,1.15671
1786714200000,1.15672,1.1582,1.15661,1.1581
1786715100000,1.15809,1.1584100000000002,1.15755,1.15799
1786716000000,1.15798,1.15839,1.15772,1.1578700000000002
1786716900000,1.15786,1.15848,1.15766,1.1582899999999998
1786717800000,1.15832,1.15836,1.15775,1.15818
1786718700000,1.1581599999999999,1.15817,1.15776,1.1580199999999998
1786719600000,1.1580300000000001,1.1584100000000002,1.15796,1.1580300000000001
1786720500000,1.15804,1.15823,1.15765,1.15805
1786721400000,1.1580700000000002,1.15846,1.15796,1.1581000000000001
1786722300000,1.15809,1.15846,1.15791,1.15797
1786723200000,1.15801,1.1581299999999999,1.15756,1.15761
1786724100000,1.15759,1.1579599999999999,1.1575,1.1575
1786725000000,1.15751,1.15778,1.15731,1.1573600000000002
1786725900000,1.15738,1.15743,1.15696,1.15706
1786726800000,1.15705,1.1570699999999998,1.15654,1.15665
1786727700000,1.1566500000000002,1.15674,1.15633,1.15647
1786728600000,1.15646,1.15656,1.15631,1.15632
1786729500000,1.1563100000000002,1.15642,1.15623,1.15642
1786730400000,1.15643,1.15654,1.15628,1.15628
1786731300000,1.1562700000000001,1.1566100000000001,1.15626,1.1565800000000002
1786732200000,1.15659,1.15659,1.15639,1.15649
1786733100000,1.1564999999999999,1.15664,1.15641,1.15649
1786734000000,1.15653,1.15675,1.15639,1.15666
1786734900000,1.1566699999999999,1.15685,1.15658,1.15675
1786735800000,1.1567399999999999,1.15685,1.15648,1.15658
1786736700000,1.15659,1.15681,1.15654,1.15678
1786737600000,1.15679,1.15688,1.15669,1.15674
1786738500000,1.15675,1.15688,1.15668,1.1568399999999999
1786739400000,1.15685,1.15693,1.15666,1.15669
1786740300000,1.1566800000000002,1.15697,1.15663,1.15697
1786914000000,1.15622,1.15625,1.15598,1.15625
1786914900000,1.15627,1.15627,1.15597,1.15619
1786915800000,1.15618,1.15619,1.15615,1.15615
1786916700000,1.15615,1.15627,1.15594,1.1562299999999999
1786917600000,1.1562700000000001,1.15674,1.15622,1.15659
1786918500000,1.1565800000000002,1.1568900000000002,1.15657,1.15687
1786919400000,1.15687,1.1571500000000001,1.15687,1.1571
1786920300000,1.15709,1.15747,1.15706,1.15742
1786921200000,1.15741,1.15748,1.15737,1.1574200000000001
1786922100000,1.15743,1.15743,1.15736,1.1573799999999999
1786923000000,1.15737,1.15745,1.1573,1.15742
1786923900000,1.15741,1.1575199999999999,1.15719,1.1573099999999998
1786924800000,1.15731,1.1579300000000001,1.15731,1.15791
1786925700000,1.15789,1.1580000000000001,1.15775,1.1579000000000002
1786926600000,1.1579,1.1580300000000001,1.15778,1.1578600000000001
1786927500000,1.15785,1.158,1.15777,1.15795
1786928400000,1.1579700000000002,1.1580300000000001,1.15775,1.1579000000000002
1786929300000,1.1579,1.15824,1.1578,1.15814
1786930200000,1.15813,1.15819,1.15775,1.15818
1786931100000,1.15816,1.1583,1.15812,1.15829
1786932000000,1.15829,1.15836,1.15811,1.15825
1786932900000,1.1582599999999998,1.15838,1.15814,1.15836
1786933800000,1.15837,1.15838,1.15798,1.15806
1786934700000,1.15802,1.15811,1.15784,1.15791
1786935600000,1.15792,1.15798,1.15779,1.1578600000000001
1786936500000,1.15787,1.1580000000000001,1.15785,1.15792
1786937400000,1.1579300000000001,1.15799,1.15779,1.1579300000000001
1786938300000,1.1579199999999998,1.15831,1.1579,1.1582999999999999
1786939200000,1.15831,1.15875,1.15821,1.15866
1786940100000,1.15865,1.15868,1.15848,1.15861
1786941000000,1.1586100000000001,1.15866,1.15847,1.1586
1786941900000,1.15861,1.15866,1.15838,1.15842
1786942800000,1.15841,1.15854,1.1582,1.15827
1786943700000,1.15826,1.15868,1.15825,1.15865
1786944600000,1.15866,1.15873,1.15845,1.15866
1786945500000,1.15867,1.15887,1.15859,1.15867
1786946400000,1.1586800000000002,1.1588900000000002,1.1583,1.15843
1786947300000,1.15842,1.15917,1.15841,1.15916
1786948200000,1.15913,1.15917,1.15874,1.1590200000000002
1786949100000,1.1590399999999998,1.1596199999999999,1.15902,1.1595199999999999
1786950000000,1.15951,1.15972,1.15921,1.1596600000000001
1786950900000,1.1596700000000002,1.16059,1.15962,1.1605800000000002
1786951800000,1.1605699999999999,1.1611399999999998,1.16054,1.1608399999999999
1786952700000,1.16082,1.16089,1.16051,1.1605999999999999
1786953600000,1.16059,1.1607100000000001,1.16033,1.16057
1786954500000,1.16056,1.16135,1.16056,1.16134
1786955400000,1.1613499999999999,1.1613499999999999,1.16047,1.1604999999999999
1786956300000,1.16051,1.1606299999999998,1.15949,1.1598199999999999
1786957200000,1.15984,1.16003,1.15966,1.1598199999999999
1786958100000,1.15982,1.16018,1.15978,1.16011
1786959000000,1.1601,1.1601899999999998,1.15983,1.1599499999999998
1786959900000,1.15994,1.16004,1.15954,1.15963
1786960800000,1.15964,1.15964,1.1592,1.15943
1786961700000,1.1594099999999998,1.1597499999999998,1.15932,1.1596799999999998
1786962600000,1.1597000000000002,1.15979,1.15908,1.15921
1786963500000,1.1592200000000001,1.1593,1.1589,1.15899
1786964400000,1.159,1.1594799999999998,1.15895,1.1590099999999999
1786965300000,1.1590200000000002,1.15906,1.1587,1.15897
1786966200000,1.15895,1.15913,1.15881,1.1588299999999998
1786967100000,1.1588200000000002,1.1592300000000002,1.15874,1.15918
1786968000000,1.15917,1.15958,1.1591,1.1592
1786968900000,1.1592099999999999,1.15953,1.15865,1.1590099999999999
1786969800000,1.15901,1.1593900000000001,1.15884,1.1593600000000002
1786970700000,1.15934,1.1597199999999999,1.15902,1.1597
1786971600000,1.15973,1.15992,1.1595,1.1595199999999999
1786972500000,1.1595099999999998,1.15987,1.15942,1.15953
1786973400000,1.1595199999999999,1.15987,1.15899,1.159
1786974300000,1.1590099999999999,1.15947,1.15872,1.15941
1786975200000,1.1594200000000001,1.15963,1.1592,1.15957
1786976100000,1.1595799999999998,1.15987,1.15905,1.15926
1786977000000,1.15925,1.15933,1.15864,1.15882
1786977900000,1.1588100000000001,1.15902,1.15856,1.15862
1786978800000,1.1586299999999998,1.1586599999999998,1.15827,1.15842
1786979700000,1.15843,1.15852,1.15813,1.15843
1786980600000,1.15842,1.15857,1.15813,1.15815
1786981500000,1.1581700000000001,1.1589500000000001,1.15812,1.1589500000000001
1786982400000,1.15896,1.15896,1.15846,1.15866
1786983300000,1.15865,1.1590099999999999,1.15865,1.15879
1786984200000,1.1588,1.15913,1.15877,1.15906
1786985100000,1.15907,1.15907,1.15875,1.1587699999999999
1786986000000,1.1587800000000001,1.15891,1.15857,1.1585800000000002
1786986900000,1.1585699999999999,1.1585999999999999,1.1582,1.1583999999999999
1786987800000,1.15841,1.15848,1.15756,1.15791
1786988700000,1.15793,1.15803,1.15764,1.15766
1786989600000,1.15767,1.15778,1.15748,1.15771
1786990500000,1.15773,1.1577899999999999,1.15725,1.1573799999999999
1786991400000,1.15735,1.1573600000000002,1.15704,1.15716
1786992300000,1.15715,1.15733,1.15706,1.1572
1786993200000,1.15727,1.15765,1.15717,1.15763
1786994100000,1.15764,1.1578700000000002,1.15762,1.1578400000000002
1786995000000,1.15786,1.1579899999999999,1.15766,1.15797
1786995900000,1.15798,1.15798,1.15767,1.15783
1786996800000,1.15781,1.15792,1.1577,1.15771
1786997700000,1.1577199999999999,1.15783,1.1577,1.15771
1786998600000,1.1577,1.15783,1.15766,1.1577799999999998
1786999500000,1.15777,1.1579,1.15774,1.1579
1787000400000,1.1576899999999999,1.15826,1.15757,1.15768
1787001300000,1.15777,1.1579499999999998,1.15759,1.1576099999999998
1787002200000,1.1576499999999998,1.15776,1.15759,1.15767
1787003100000,1.1577,1.15778,1.1576,1.15764
1787004000000,1.15767,1.15791,1.15767,1.1578
1787004900000,1.15781,1.1579599999999999,1.1577,1.15792
1787005800000,1.1579199999999998,1.15793,1.15776,1.15783
1787006700000,1.15784,1.15788,1.15777,1.15781
1787007600000,1.15782,1.15798,1.15777,1.15795
1787008500000,1.15796,1.15806,1.15792,1.15806
1787009400000,1.15805,1.15825,1.15802,1.15822
1787010300000,1.15823,1.1583100000000002,1.15816,1.15822
1787011200000,1.15823,1.1584400000000001,1.15813,1.1582100000000002
1787012100000,1.15819,1.15828,1.15789,1.1579300000000001
1787013000000,1.15792,1.15814,1.15771,1.15806
1787013900000,1.15804,1.15822,1.1579,1.1581899999999998
1787014800000,1.1582,1.15852,1.15808,1.15848
1787015700000,1.1584699999999999,1.1584699999999999,1.1579,1.15812
1787016600000,1.15812,1.15837,1.15804,1.15807
1787017500000,1.15805,1.15809,1.15782,1.15791
1787018400000,1.1579,1.15791,1.15761,1.15763
1787019300000,1.1576199999999999,1.1577,1.15753,1.15766
1787020200000,1.1576499999999998,1.15768,1.15746,1.15761
1787021100000,1.1576,1.15798,1.1576,1.15797
1787022000000,1.1579599999999999,1.1579599999999999,1.1577,1.1577
1787022900000,1.15771,1.15771,1.15741,1.15752
1787023800000,1.1575,1.1575199999999999,1.15715,1.15723
1787024700000,1.15722,1.1573499999999999,1.15709,1.15727
1787025600000,1.1572500000000001,1.15735,1.15697,1.157
1787026500000,1.1570099999999999,1.15726,1.15692,1.1571799999999999
1787027400000,1.15717,1.15727,1.15701,1.1572300000000002
1787028300000,1.1572200000000001,1.1574300000000002,1.15708,1.1570900000000002
1787029200000,1.1571,1.15713,1.15687,1.15693
1787030100000,1.15692,1.15723,1.15688,1.1572
1787031000000,1.1572,1.15723,1.15697,1.15718
1787031900000,1.15717,1.15737,1.15716,1.15725
1787032800000,1.15726,1.15742,1.15664,1.1568999999999998
1787033700000,1.15688,1.1572099999999998,1.15682,1.15719
1787034600000,1.1571799999999999,1.15719,1.15661,1.15702
1787035500000,1.1570099999999999,1.15716,1.15675,1.15716
1787036400000,1.1571500000000001,1.15738,1.15701,1.1570200000000002
1787037300000,1.15701,1.1575600000000001,1.1569,1.15741
1787038200000,1.15742,1.15765,1.1573,1.15751
1787039100000,1.1575,1.1577,1.15729,1.15733
1787040000000,1.15732,1.1573499999999999,1.15696,1.15712
1787040900000,1.15711,1.15714,1.15686,1.15709
1787041800000,1.15708,1.1574300000000002,1.15708,1.1574300000000002
1787042700000,1.15742,1.1577,1.1574,1.15755
1787043600000,1.1575600000000001,1.1575600000000001,1.15731,1.1573600000000002
1787044500000,1.1573200000000001,1.15772,1.15721,1.15768
1787045400000,1.15767,1.15788,1.15736,1.1575499999999999
1787046300000,1.15755,1.15794,1.1575,1.15787
1787047200000,1.1578300000000001,1.15787,1.15741,1.1574200000000001
1787048100000,1.15741,1.15762,1.15734,1.15761
1787049000000,1.1576,1.15762,1.1574,1.15747
1787049900000,1.15748,1.15764,1.1574,1.15755
1787050800000,1.15756,1.1576,1.15736,1.15737
1787051700000,1.1573600000000002,1.15747,1.15721,1.15724
1787052600000,1.15723,1.15752,1.1572,1.15736
1787053500000,1.15735,1.15764,1.15724,1.1576
1787054400000,1.15761,1.15788,1.15744,1.1577
1787055300000,1.1576899999999999,1.1578799999999998,1.15732,1.15736
1787056200000,1.15735,1.15752,1.15711,1.15744
1787057100000,1.15748,1.15775,1.1573,1.1574
1787058000000,1.15738,1.15789,1.15737,1.15783
1787058900000,1.1578300000000001,1.1578700000000002,1.15735,1.1574600000000002
1787059800000,1.15745,1.15844,1.15703,1.15798
1787060700000,1.158,1.15825,1.15774,1.158
1787061600000,1.15799,1.15865,1.15798,1.15825
1787062500000,1.15826,1.15878,1.15815,1.15846
1787063400000,1.1584699999999999,1.1584699999999999,1.158,1.15841
1787064300000,1.15842,1.15877,1.15802,1.15804
1787065200000,1.15805,1.15858,1.15768,1.15768
1787066100000,1.15769,1.15809,1.15762,1.15775
1787067000000,1.15773,1.15798,1.15761,1.15785
1787067900000,1.1578300000000001,1.15812,1.15782,1.1578700000000002
1787068800000,1.1578899999999999,1.15839,1.1578,1.15827
1787069700000,1.15828,1.15851,1.15804,1.1580599999999999
1787070600000,1.15805,1.15814,1.15781,1.15813
1787071500000,1.15814,1.1582299999999999,1.1579,1.15791
1787072400000,1.15789,1.15798,1.15752,1.15758
1787073300000,1.15756,1.15776,1.1575,1.15766
1787074200000,1.15765,1.15767,1.15738,1.15758
1787075100000,1.15757,1.1576300000000002,1.15748,1.1576
1787076000000,1.1576099999999998,1.1576899999999999,1.15742,1.1576899999999999
1787076900000,1.15771,1.1578199999999998,1.15766,1.15766
1787077800000,1.15767,1.15769,1.15738,1.15738
1787078700000,1.15737,1.15757,1.15737,1.1575
1787079600000,1.1575099999999998,1.15773,1.15742,1.1576199999999999
1787080500000,1.15763,1.1576899999999999,1.15753,1.1576
1787081400000,1.15759,1.15803,1.15757,1.15783
1787082300000,1.15782,1.1578600000000001,1.15734,1.1574200000000001
1787083200000,1.15741,1.15743,1.15713,1.15724
1787084100000,1.15723,1.15728,1.15717,1.15726
1787085000000,1.15727,1.1574200000000001,1.15724,1.15734
1787085900000,1.15733,1.1576,1.15724,1.15752
1787086800000,1.15739,1.15743,1.15712,1.15742
1787087700000,1.15723,1.1576899999999999,1.15723,1.15757
1787088600000,1.15757,1.1576700000000002,1.15718,1.1573200000000001
1787089500000,1.15721,1.1572900000000002,1.15707,1.15717
1787090400000,1.15716,1.15757,1.15716,1.15739
1787091300000,1.15739,1.1575499999999999,1.15739,1.15742
1787092200000,1.15742,1.15751,1.1574,1.15744
1787093100000,1.1574499999999999,1.15761,1.15743,1.15757
1787094000000,1.15759,1.1577799999999998,1.15759,1.1576199999999999
1787094900000,1.15761,1.15766,1.1574,1.15744
1787095800000,1.15744,1.15751,1.15727,1.15735
1787096700000,1.15736,1.1575499999999999,1.15729,1.1575499999999999
1787097600000,1.15759,1.1581,1.15747,1.15799
1787098500000,1.15801,1.15811,1.15783,1.15788
1787099400000,1.1578600000000001,1.15791,1.15745,1.15748
1787100300000,1.1575000000000002,1.1577700000000002,1.15728,1.1573600000000002
1787101200000,1.1573600000000002,1.15741,1.15708,1.15718
1787102100000,1.15722,1.15733,1.15696,1.15732
1787103000000,1.15733,1.15771,1.15733,1.1576199999999999
1787103900000,1.15761,1.15771,1.15746,1.15766
1787104800000,1.15765,1.1579899999999999,1.1576,1.15785
1787105700000,1.15785,1.15846,1.15769,1.15816
1787106600000,1.15815,1.15845,1.15801,1.15841
1787107500000,1.15843,1.15866,1.15798,1.15817
1787108400000,1.15818,1.15841,1.15811,1.15838
1787109300000,1.15839,1.15842,1.15824,1.15832
1787110200000,1.15834,1.15836,1.15811,1.1582
1787111100000,1.15821,1.15828,1.15804,1.15807
1787112000000,1.15808,1.15832,1.158,1.15831
1787112900000,1.15832,1.15835,1.15825,1.15828
1787113800000,1.1583,1.15852,1.15816,1.15828
1787114700000,1.1582700000000001,1.1586100000000001,1.15823,1.15852
1787115600000,1.1585100000000002,1.1586500000000002,1.1584,1.1585800000000002
1787116500000,1.1585699999999999,1.15871,1.15851,1.15858
1787117400000,1.15858,1.15872,1.15849,1.15869
1787118300000,1.15869,1.1589,1.15858,1.1588
1787119200000,1.1588,1.1590799999999999,1.15872,1.15894
1787120100000,1.1589600000000002,1.15982,1.15891,1.15972
1787121000000,1.15973,1.15978,1.1594,1.15953
1787121900000,1.15954,1.1596700000000002,1.15935,1.1593900000000001
1787122800000,1.15943,1.15958,1.15913,1.15928
1787123700000,1.15929,1.15944,1.1591,1.1594
1787124600000,1.15942,1.15967,1.15925,1.1593399999999998
1787125500000,1.1593499999999999,1.1597199999999999,1.15933,1.1596
1787126400000,1.15961,1.1603999999999999,1.1595,1.1602999999999999
1787127300000,1.1603100000000002,1.1604700000000001,1.15965,1.15977
1787128200000,1.15978,1.16026,1.1596,1.1601599999999999
1787129100000,1.16015,1.16026,1.15965,1.15974
1787130000000,1.1597600000000001,1.16001,1.15958,1.15991
1787130900000,1.15989,1.16043,1.15979,1.16036
1787131800000,1.16034,1.1605999999999999,1.16031,1.16044
1787132700000,1.16043,1.16077,1.16039,1.16059
1787133600000,1.16058,1.1609999999999998,1.16047,1.1609099999999999
1787134500000,1.16092,1.1611,1.16079,1.16099
1787135400000,1.16098,1.16109,1.16089,1.16105
1787136300000,1.1610399999999998,1.1611399999999998,1.16051,1.16061
1787137200000,1.16063,1.1608100000000001,1.16023,1.1605100000000002
1787138100000,1.16053,1.16061,1.16038,1.16042
1787139000000,1.16041,1.16057,1.15988,1.16001
1787139900000,1.16002,1.16049,1.16001,1.16023
1787140800000,1.1602400000000002,1.1605400000000001,1.16019,1.1605100000000002
1787141700000,1.16054,1.1609699999999998,1.16051,1.16061
1787142600000,1.1606400000000001,1.16293,1.16053,1.1628100000000001
1787143500000,1.16283,1.1643,1.16251,1.1635
1787144400000,1.16353,1.16496,1.16351,1.1648
1787145300000,1.16481,1.16522,1.16435,1.1652
1787146200000,1.1652099999999999,1.16584,1.16475,1.16549
1787147100000,1.16548,1.16591,1.16493,1.1655900000000001
1787148000000,1.16557,1.1667299999999998,1.16532,1.16634
1787148900000,1.16635,1.16715,1.16625,1.16715
1787149800000,1.16711,1.16767,1.167,1.1676
1787150700000,1.1675900000000001,1.1676,1.16602,1.16628
1787151600000,1.16626,1.1665100000000002,1.16585,1.1663700000000001
1787152500000,1.16639,1.16656,1.16562,1.1659700000000002
1787153400000,1.16598,1.16676,1.16589,1.1666800000000002
1787154300000,1.16669,1.16675,1.16605,1.16633
1787155200000,1.16635,1.1671,1.16631,1.16698
1787156100000,1.16701,1.1671,1.16656,1.16669
1787157000000,1.1667,1.1670900000000002,1.16667,1.1668500000000002
1787157900000,1.16686,1.1671500000000001,1.16677,1.16679
1787158800000,1.1668,1.16717,1.16632,1.16648
1787159700000,1.16647,1.16647,1.16617,1.16634
1787160600000,1.16633,1.16639,1.16602,1.16612
1787161500000,1.16608,1.16616,1.16578,1.16581
1787162400000,1.1658600000000001,1.1670800000000001,1.16582,1.1668800000000001
1787163300000,1.16685,1.16692,1.16594,1.1660599999999999
1787164200000,1.16604,1.1673699999999998,1.16603,1.16715
1787165100000,1.1671099999999999,1.16746,1.16708,1.16729
1787166000000,1.16732,1.16763,1.16693,1.1673
1787166900000,1.16729,1.16781,1.16729,1.16773
1787167800000,1.1677499999999998,1.16786,1.16722,1.1673
1787168700000,1.16729,1.16773,1.16712,1.16767
1787169600000,1.16771,1.16777,1.16751,1.16753
1787170500000,1.1675200000000001,1.16771,1.16745,1.16748
1787171400000,1.16747,1.16781,1.16747,1.16777
1787172300000,1.16778,1.16785,1.16765,1.16767
1787173200000,1.16758,1.16758,1.16727,1.16745
1787174100000,1.1673900000000001,1.16741,1.16735,1.1673600000000002
1787175000000,1.1673600000000002,1.1674900000000001,1.16731,1.16741
1787175900000,1.16741,1.1677600000000001,1.16741,1.1674600000000002
1787176800000,1.16747,1.16796,1.16747,1.16785
1787177700000,1.1678499999999998,1.1678499999999998,1.16769,1.1677199999999999
1787178600000,1.16771,1.1677700000000002,1.16755,1.16765
1787179500000,1.16765,1.16765,1.16744,1.16747
1787180400000,1.16746,1.1676900000000001,1.16737,1.1675
1787181300000,1.1675,1.1675300000000002,1.16731,1.1674
1787182200000,1.1674200000000001,1.16747,1.16724,1.1672500000000001
1787183100000,1.16724,1.16738,1.16721,1.16738
1787184000000,1.16739,1.1679199999999998,1.16739,1.1676499999999999
1787184900000,1.1676600000000001,1.16789,1.16734,1.16745
1787185800000,1.1674600000000002,1.1676900000000001,1.16741,1.16743
1787186700000,1.16744,1.1675200000000001,1.16717,1.16737
1787187600000,1.16738,1.1674200000000001,1.16694,1.1671900000000002
1787188500000,1.1672099999999999,1.16794,1.16719,1.16787
1787189400000,1.16774,1.16822,1.16741,1.16777
1787190300000,1.16778,1.16788,1.16731,1.16758
1787191200000,1.16759,1.16832,1.16749,1.16766
1787192100000,1.16764,1.1676499999999999,1.16722,1.16749
1787193000000,1.1675,1.16777,1.16737,1.16756
1787193900000,1.16755,1.16764,1.16734,1.16744
1787194800000,1.16745,1.16784,1.16737,1.16774
1787195700000,1.16775,1.16796,1.16751,1.16764
1787196600000,1.1676300000000002,1.16779,1.16748,1.1677300000000002
1787197500000,1.16772,1.16792,1.16772,1.16789
1787198400000,1.1679,1.16797,1.16778,1.16788
1787199300000,1.16789,1.16791,1.16762,1.1676600000000001
1787200200000,1.16767,1.16772,1.16754,1.16754
1787201100000,1.16755,1.16767,1.16711,1.1672200000000001
1787202000000,1.16724,1.16748,1.16721,1.16733
1787202900000,1.1673200000000001,1.16745,1.16707,1.1670800000000001
1787203800000,1.1671,1.16731,1.16697,1.1670200000000002
1787204700000,1.1670200000000002,1.16768,1.16697,1.1675600000000002
1787205600000,1.16757,1.1679700000000002,1.16728,1.16789
1787206500000,1.1679,1.16794,1.1676,1.16766
1787207400000,1.1676499999999999,1.1679499999999998,1.16756,1.1679499999999998
1787208300000,1.16794,1.16878,1.16794,1.16874
1787209200000,1.1687,1.16876,1.16804,1.16812
1787210100000,1.16811,1.16828,1.16776,1.1679199999999998
1787211000000,1.16793,1.16929,1.16793,1.1689999999999998
1787211900000,1.16899,1.1693,1.16854,1.1692099999999999
1787212800000,1.16922,1.1694499999999999,1.16902,1.1694099999999998
1787213700000,1.1694,1.1694099999999998,1.16895,1.1690699999999998
1787214600000,1.16908,1.16991,1.16882,1.1697
1787215500000,1.1697099999999998,1.16993,1.16942,1.1698099999999998
1787216400000,1.1698,1.17043,1.16951,1.1703400000000002
1787217300000,1.1703299999999999,1.17091,1.1703,1.1705699999999999
1787218200000,1.1705800000000002,1.17069,1.17006,1.1704100000000002
1787219100000,1.1703999999999999,1.17073,1.17001,1.17065
1787220000000,1.17061,1.171,1.17034,1.1707699999999999
1787220900000,1.17079,1.17095,1.17044,1.1708399999999999
1787221800000,1.17085,1.17085,1.17017,1.1702
1787222700000,1.17021,1.17022,1.16937,1.16965
1787223600000,1.1696600000000001,1.1697600000000001,1.16897,1.16899
1787224500000,1.169,1.16963,1.16882,1.16906
1787225400000,1.16906,1.1695300000000002,1.1687,1.16873
1787226300000,1.16874,1.16876,1.16821,1.1683999999999999
1787227200000,1.16847,1.16854,1.16774,1.16834
1787228100000,1.16833,1.16896,1.16829,1.16852
1787229000000,1.16854,1.1688299999999998,1.16783,1.1687699999999999
1787229900000,1.1687699999999999,1.1689699999999998,1.16841,1.16881
1787230800000,1.16882,1.16941,1.16862,1.16871
1787231700000,1.1687,1.16903,1.16838,1.16864
1787232600000,1.16865,1.1687999999999998,1.1681,1.16825
1787233500000,1.1682400000000002,1.1683100000000002,1.16745,1.1674900000000001
1787234400000,1.16747,1.1678899999999999,1.16715,1.16716
1787235300000,1.16718,1.16803,1.16703,1.16783
1787236200000,1.16785,1.1682,1.16784,1.1681
1787237100000,1.16811,1.1684700000000001,1.16798,1.16824
1787238000000,1.1682000000000001,1.16932,1.16771,1.16831
1787238900000,1.1683199999999998,1.16844,1.16759,1.16844
1787239800000,1.1684500000000002,1.16849,1.16718,1.1672900000000002
1787240700000,1.1672799999999999,1.16794,1.16716,1.16785
1787241600000,1.1678600000000001,1.16796,1.16734,1.16741
1787242500000,1.1674000000000002,1.16761,1.16718,1.1672200000000001
1787243400000,1.16721,1.16727,1.16687,1.16699
1787244300000,1.16698,1.1673799999999999,1.16695,1.16726
1787245200000,1.16727,1.16746,1.167,1.16707
1787246100000,1.1670800000000001,1.16731,1.16694,1.16731
1787247000000,1.1673,1.16737,1.167,1.16718
1787247900000,1.16717,1.1674,1.16714,1.1674
1787248800000,1.16741,1.16754,1.16711,1.1672
1787249700000,1.16719,1.16726,1.16702,1.16716
1787250600000,1.1671699999999998,1.1674399999999998,1.16715,1.16732
1787251500000,1.16731,1.16759,1.1673,1.16755
1787252400000,1.16754,1.1675900000000001,1.16728,1.1675900000000001
1787253300000,1.1676,1.16771,1.16751,1.16755
1787254200000,1.16754,1.1677,1.16746,1.16749
1787255100000,1.1674799999999999,1.1678,1.16742,1.16774
1787256000000,1.16775,1.16785,1.1676,1.16766
1787256900000,1.16765,1.1677300000000002,1.16755,1.16764
1787257800000,1.1676300000000002,1.1678600000000001,1.16762,1.1678300000000001
1787258700000,1.16784,1.16792,1.1677,1.1678199999999999
1787259600000,1.16773,1.1677499999999998,1.16739,1.16756
1787260500000,1.1676,1.16768,1.1675,1.16768
1787261400000,1.16763,1.16767,1.16761,1.16765
1787262300000,1.16763,1.16771,1.16746,1.16756
1787263200000,1.16774,1.1681599999999999,1.1676,1.16809
1787264100000,1.1681000000000001,1.1683400000000002,1.16802,1.16826
1787265000000,1.16826,1.16826,1.16812,1.1681300000000001
1787265900000,1.1681499999999998,1.16837,1.16813,1.1682599999999999
1787266800000,1.16826,1.16853,1.16826,1.16849
1787267700000,1.16848,1.16865,1.16846,1.1685400000000001
1787268600000,1.16854,1.16864,1.16838,1.1686
1787269500000,1.16859,1.1687400000000001,1.16852,1.1687
1787270400000,1.16872,1.16885,1.16838,1.16883
1787271300000,1.16882,1.16892,1.16862,1.16872
1787272200000,1.16871,1.16876,1.16834,1.16845
1787273100000,1.16844,1.16856,1.16824,1.1682599999999999
1787274000000,1.1683,1.16868,1.16824,1.1685999999999999
1787274900000,1.1685999999999999,1.16906,1.16854,1.16903
1787275800000,1.1690500000000001,1.1692500000000001,1.1688,1.1688500000000002
1787276700000,1.1688399999999999,1.16902,1.16875,1.16899
1787277600000,1.1689800000000001,1.16919,1.16876,1.16919
1787278500000,1.16917,1.16963,1.16906,1.16942
1787279400000,1.16941,1.16962,1.16937,1.16961
1787280300000,1.16961,1.1700300000000001,1.16954,1.16954
1787281200000,1.16955,1.16979,1.16944,1.16973
1787282100000,1.16971,1.1697600000000001,1.16941,1.16941
1787283000000,1.1694,1.16945,1.16911,1.16923
1787283900000,1.16924,1.1694,1.1691,1.16937
1787284800000,1.16936,1.16948,1.16923,1.16932
1787285700000,1.16931,1.1694200000000001,1.16917,1.1692500000000001
1787286600000,1.16924,1.1693200000000001,1.16904,1.16914
1787287500000,1.16913,1.16931,1.16906,1.16926
1787288400000,1.16925,1.16926,1.16906,1.1692
1787289300000,1.16922,1.16928,1.16903,1.16906
1787290200000,1.16904,1.16962,1.16896,1.16962
1787291100000,1.1696,1.1698799999999998,1.16949,1.16974
1787292000000,1.16976,1.16977,1.16912,1.16915
1787292900000,1.16916,1.1694399999999998,1.16898,1.1691399999999998
1787293800000,1.16915,1.16958,1.16913,1.16934
1787294700000,1.16933,1.16975,1.16913,1.16975
1787295600000,1.1697000000000002,1.16999,1.16938,1.1696000000000002
1787296500000,1.1695900000000001,1.16988,1.16914,1.16931
1787297400000,1.16897,1.16959,1.16886,1.16892
1787298300000,1.16893,1.1690399999999999,1.16861,1.16903
1787299200000,1.16903,1.1694900000000001,1.16887,1.1693900000000002
1787300100000,1.1693799999999999,1.16958,1.16909,1.16951
1787301000000,1.1695900000000001,1.17042,1.16944,1.17035
1787301900000,1.1703400000000002,1.17058,1.17012,1.17046
1787302800000,1.17047,1.17108,1.1702,1.17089
1787303700000,1.1709100000000001,1.1710600000000002,1.17023,1.1704100000000002
1787304600000,1.1704299999999999,1.17072,1.17031,1.17041
1787305500000,1.17042,1.17043,1.16995,1.16995
1787306400000,1.1699599999999999,1.17035,1.16984,1.17021
1787307300000,1.1702,1.17081,1.17014,1.17079
1787308200000,1.17078,1.1710099999999999,1.17061,1.17068
1787309100000,1.1707,1.17073,1.16999,1.1701400000000002
1787310000000,1.17015,1.1704,1.16996,1.17035
1787310900000,1.1703599999999998,1.17093,1.17027,1.17082
1787311800000,1.17083,1.1708800000000001,1.16961,1.16985
1787312700000,1.1698600000000001,1.17002,1.16955,1.17001
1787313600000,1.17002,1.17026,1.16965,1.1696600000000001
1787314500000,1.16967,1.16989,1.1694,1.16941
1787315400000,1.1694,1.16942,1.16845,1.16893
1787316300000,1.16894,1.16905,1.16869,1.169
1787317200000,1.16901,1.16906,1.16836,1.1686800000000002
1787318100000,1.16869,1.1687599999999998,1.16803,1.16834
1787319000000,1.16833,1.16838,1.16781,1.16822
1787319900000,1.168,1.1685,1.16791,1.16828
1787320800000,1.1682700000000001,1.16828,1.16761,1.1678300000000001
1787321700000,1.16784,1.16805,1.16722,1.16722
1787322600000,1.16721,1.16739,1.16683,1.1671500000000001
1787323500000,1.16718,1.1676900000000001,1.16693,1.1672500000000001
1787324400000,1.16727,1.16757,1.16703,1.16739
1787325300000,1.1674,1.1676900000000001,1.1672,1.16759
1787326200000,1.16764,1.16801,1.16748,1.16799
1787327100000,1.16801,1.1683299999999999,1.16786,1.16827
1787328000000,1.16829,1.16838,1.16791,1.16822
1787328900000,1.16821,1.1687,1.16801,1.16828
1787329800000,1.1682899999999998,1.1683899999999998,1.16803,1.16814
1787330700000,1.16813,1.1683,1.16807,1.16813
1787331600000,1.1681199999999998,1.1681199999999998,1.16766,1.16777
1787332500000,1.16778,1.16815,1.16771,1.16807
1787333400000,1.16806,1.1682400000000002,1.16796,1.16798
1787334300000,1.16797,1.16804,1.16784,1.16799
1787335200000,1.168,1.1683599999999998,1.168,1.16805
1787336100000,1.16804,1.16823,1.16798,1.16818
1787337000000,1.1681899999999998,1.1682599999999999,1.16803,1.1682199999999998
1787337900000,1.16823,1.16829,1.16795,1.16823
1787338800000,1.16824,1.16827,1.16787,1.16797
1787339700000,1.1679599999999999,1.1679599999999999,1.16777,1.16782
1787340600000,1.16782,1.1679400000000002,1.16772,1.16785
1787341500000,1.16786,1.1680899999999999,1.1677,1.16783
1787342400000,1.1678300000000001,1.16787,1.16768,1.16782
1787343300000,1.1678199999999999,1.16785,1.16753,1.16754
1787344200000,1.16755,1.16755,1.16735,1.1675000000000002
1787345100000,1.16749,1.1677,1.16746,1.1675799999999998
1787518800000,1.16752,1.16752,1.16739,1.16747
1787519700000,1.16753,1.16771,1.16753,1.16768
1787520600000,1.1676900000000001,1.16773,1.16764,1.16764
1787521500000,1.1676,1.16764,1.1675,1.16757
1787522400000,1.16768,1.1678700000000002,1.16718,1.1678000000000002
1787523300000,1.16781,1.16784,1.16771,1.16782
1787524200000,1.1678499999999998,1.1679199999999998,1.16749,1.16756
1787525100000,1.16756,1.16756,1.16746,1.16751
1787526000000,1.16752,1.1676199999999999,1.16742,1.1675099999999998
1787526900000,1.1675,1.16757,1.16742,1.16753
1787527800000,1.16753,1.1675799999999998,1.16746,1.16756
1787528700000,1.16754,1.16819,1.16754,1.16819
1787529600000,1.16818,1.16858,1.16815,1.16848
1787530500000,1.16847,1.16866,1.16831,1.16834
1787531400000,1.16833,1.16839,1.16816,1.1683100000000002
1787532300000,1.16832,1.16851,1.16818,1.16846
1787533200000,1.16845,1.16859,1.16802,1.16806
1787534100000,1.16807,1.16807,1.16764,1.16768
1787535000000,1.1676900000000001,1.16781,1.16761,1.16779
1787535900000,1.1678,1.16817,1.16778,1.16811
1787536800000,1.1681,1.16837,1.168,1.16834
1787537700000,1.16833,1.16843,1.16818,1.16818
1787538600000,1.16815,1.16819,1.16798,1.16808
1787539500000,1.16809,1.16825,1.16789,1.1681400000000002
1787540400000,1.16813,1.1681599999999999,1.16786,1.1680499999999998
1787541300000,1.16806,1.16814,1.16795,1.16805
1787542200000,1.16804,1.1681,1.1679,1.1679199999999998
1787543100000,1.16791,1.16798,1.16775,1.16794
1787544000000,1.1679300000000001,1.16795,1.16748,1.16771
1787544900000,1.16772,1.1681000000000001,1.16761,1.1680300000000001
1787545800000,1.1680199999999998,1.1680499999999998,1.16793,1.1679899999999999
1787546700000,1.168,1.1682299999999999,1.16793,1.1682199999999998
1787547600000,1.16825,1.16825,1.16793,1.16798
1787548500000,1.16797,1.1681300000000001,1.16778,1.16785
1787549400000,1.16784,1.16792,1.16754,1.16756
1787550300000,1.16757,1.16807,1.16756,1.168
1787551200000,1.16801,1.1680400000000002,1.16762,1.16779
1787552100000,1.1678,1.16784,1.16734,1.16743
1787553000000,1.16745,1.1678,1.1674,1.16766
1787553900000,1.16767,1.1679599999999999,1.16749,1.1677
1787554800000,1.16771,1.168,1.16722,1.16727
1787555700000,1.16722,1.16753,1.16702,1.16751
1787556600000,1.1675200000000001,1.1676300000000002,1.16653,1.1665400000000001
1787557500000,1.1665400000000001,1.16693,1.1664,1.16667
1787558400000,1.16668,1.16677,1.16629,1.16632
1787559300000,1.16631,1.16648,1.166,1.1660199999999998
1787560200000,1.16602,1.1666400000000001,1.16599,1.1665100000000002
1787561100000,1.16652,1.16668,1.16617,1.1662599999999999
1787562000000,1.16625,1.1666500000000002,1.16606,1.1662400000000002
1787562900000,1.16625,1.16631,1.16605,1.16625
1787563800000,1.16626,1.16639,1.16598,1.16621
1787564700000,1.1662299999999999,1.16652,1.16621,1.16638
1787565600000,1.1663700000000001,1.1666,1.16632,1.1665
1787566500000,1.16649,1.16663,1.16639,1.16651
1787567400000,1.16652,1.16658,1.16617,1.1662599999999999
1787568300000,1.16627,1.16664,1.16614,1.16638
1787569200000,1.16635,1.16651,1.16624,1.16637
1787570100000,1.16636,1.16675,1.16625,1.16668
1787571000000,1.16669,1.1673,1.16643,1.1665400000000001
1787571900000,1.1665299999999998,1.1667699999999999,1.16637,1.1666299999999998
1787572800000,1.1666200000000002,1.16669,1.16613,1.1664500000000002
1787573700000,1.16644,1.1673,1.16637,1.1672699999999998
1787574600000,1.16724,1.1673200000000001,1.1664,1.1668
1787575500000,1.16682,1.16708,1.16661,1.16688
1787576400000,1.16687,1.1673,1.16677,1.1672600000000002
1787577300000,1.16727,1.1674300000000002,1.16694,1.1669500000000002
1787578200000,1.16696,1.1672,1.1666,1.16663
1787579100000,1.16662,1.1669399999999999,1.16631,1.16646
1787580000000,1.16644,1.16684,1.16625,1.16673
1787580900000,1.16672,1.16712,1.16637,1.16706
1787581800000,1.1670699999999998,1.16715,1.16647,1.16671
1787582700000,1.16672,1.16699,1.16636,1.1665100000000002
1787583600000,1.1665,1.16687,1.16645,1.16673
1787584500000,1.16672,1.16718,1.1666,1.16703
1787585400000,1.16704,1.1671,1.1667,1.16677
1787586300000,1.16676,1.16687,1.16632,1.1664
1787587200000,1.16639,1.1669100000000001,1.16623,1.1666800000000002
1787588100000,1.16669,1.16679,1.16651,1.1665699999999999
1787589000000,1.16656,1.1667800000000002,1.16646,1.16655
1787589900000,1.1665699999999999,1.1665999999999999,1.16624,1.1664299999999999
1787590800000,1.16645,1.16661,1.16611,1.16621
1787591700000,1.16621,1.1663,1.1656,1.1657899999999999
1787592600000,1.1658,1.16598,1.16571,1.16573
1787593500000,1.16574,1.1659,1.16547,1.16588
1787594400000,1.1658899999999999,1.16598,1.16566,1.16591
1787595300000,1.16595,1.16646,1.16589,1.1664400000000001
1787596200000,1.16643,1.1664800000000002,1.16606,1.1662100000000002
1787597100000,1.16623,1.1664,1.16609,1.16635
1787598000000,1.1663100000000002,1.1663100000000002,1.16606,1.1661100000000002
1787598900000,1.16612,1.16614,1.1659,1.1659199999999998
1787599800000,1.16591,1.16612,1.16588,1.1661000000000001
1787600700000,1.16611,1.16628,1.166,1.16608
1787601600000,1.16605,1.16628,1.16599,1.1662400000000002
1787602500000,1.16623,1.16633,1.16623,1.16629
1787603400000,1.16628,1.16631,1.16617,1.16622
1787604300000,1.16625,1.16639,1.16625,1.16635
1787605200000,1.1662899999999998,1.1663299999999999,1.16559,1.1660199999999998
1787606100000,1.16602,1.16626,1.16599,1.16626
1787607000000,1.16626,1.16635,1.16611,1.16635
1787607900000,1.16635,1.16645,1.16612,1.16613
1787608800000,1.16611,1.16643,1.16608,1.16639
1787609700000,1.1663800000000002,1.16645,1.16633,1.1663400000000002
1787610600000,1.16634,1.16642,1.16634,1.16642
1787611500000,1.16641,1.16645,1.16634,1.16639
1787612400000,1.1664299999999999,1.16649,1.16641,1.16644
1787613300000,1.16644,1.1665,1.16635,1.16639
1787614200000,1.16639,1.16645,1.16635,1.16645
1787615100000,1.16648,1.16681,1.16644,1.1667399999999999
1787616000000,1.16673,1.16704,1.1667,1.16699
1787616900000,1.1669800000000001,1.1669800000000001,1.16673,1.1668800000000001
1787617800000,1.16687,1.16696,1.16676,1.16688
1787618700000,1.16689,1.16693,1.16666,1.1668100000000001
1787619600000,1.16682,1.16682,1.16652,1.16666
1787620500000,1.16665,1.16667,1.16632,1.1666
1787621400000,1.16659,1.16663,1.16635,1.16648
1787622300000,1.16646,1.16646,1.16612,1.16625
1787623200000,1.16626,1.16635,1.16609,1.16623
1787624100000,1.16625,1.16642,1.16622,1.1664
1787625000000,1.16641,1.16641,1.16615,1.16622
1787625900000,1.1662299999999999,1.1663,1.16583,1.166
1787626800000,1.16601,1.16618,1.16598,1.16602
1787627700000,1.1660300000000001,1.16611,1.16581,1.1658600000000001
1787628600000,1.16587,1.16604,1.16581,1.16597
1787629500000,1.1659599999999999,1.16603,1.16586,1.1659899999999999
1787630400000,1.16598,1.16601,1.16551,1.16571
1787631300000,1.1657,1.1657,1.16551,1.16553
1787632200000,1.1655200000000001,1.16561,1.16547,1.16555
1787633100000,1.16556,1.16558,1.16544,1.1655200000000001
1787634000000,1.16553,1.1656199999999999,1.16542,1.1655099999999998
1787634900000,1.16552,1.1656199999999999,1.16542,1.1656
1787635800000,1.16561,1.16562,1.1654,1.16541
1787636700000,1.1654,1.16556,1.16525,1.1653099999999998
1787637600000,1.16529,1.16569,1.16526,1.16567
1787638500000,1.16567,1.16574,1.16555,1.16571
1787639400000,1.16572,1.16585,1.16527,1.1653
1787640300000,1.16529,1.1653499999999999,1.16505,1.16522
1787641200000,1.1652,1.16588,1.1652,1.16584
1787642100000,1.1658300000000001,1.1662400000000002,1.16579,1.16581
1787643000000,1.16582,1.1658700000000002,1.16565,1.1657000000000002
1787643900000,1.16572,1.16598,1.16555,1.16582
1787644800000,1.16581,1.1661299999999999,1.1657,1.1658199999999999
1787645700000,1.16583,1.16644,1.16576,1.16618
1787646600000,1.16613,1.16656,1.16606,1.1665
1787647500000,1.16649,1.16672,1.16634,1.16668
1787648400000,1.16669,1.16733,1.16654,1.16723
1787649300000,1.16722,1.16723,1.16658,1.16662
1787650200000,1.1666100000000001,1.16724,1.1666,1.16673
1787651100000,1.1667399999999999,1.16708,1.16671,1.16675
1787652000000,1.1667399999999999,1.16679,1.16635,1.16639
1787652900000,1.16638,1.16652,1.16595,1.16597
1787653800000,1.16598,1.16641,1.16587,1.1662299999999999
1787654700000,1.16624,1.16628,1.16594,1.16618
1787655600000,1.16619,1.16628,1.16587,1.16601
1787656500000,1.1660000000000001,1.1662100000000002,1.16579,1.1661400000000002
1787657400000,1.1661599999999999,1.1662599999999999,1.16593,1.16597
1787658300000,1.1659599999999999,1.1664199999999998,1.16586,1.1659199999999998
1787659200000,1.16591,1.1664,1.16591,1.16626
1787660100000,1.16625,1.16637,1.16611,1.16637
1787661000000,1.16638,1.16644,1.16607,1.1663599999999998
1787661900000,1.1663700000000001,1.1666,1.16623,1.1665800000000002
1787662800000,1.1665699999999999,1.16749,1.16637,1.16712
1787663700000,1.16713,1.1672799999999999,1.16681,1.16713
1787664600000,1.16712,1.16743,1.16675,1.16696
1787665500000,1.16697,1.16738,1.16679,1.16733
1787666400000,1.16733,1.16742,1.16679,1.16725
1787667300000,1.16726,1.16737,1.1668,1.16704
1787668200000,1.16703,1.16715,1.16655,1.16697
1787669100000,1.1669500000000002,1.1673900000000001,1.1666,1.1669
1787670000000,1.16691,1.1671,1.16665,1.1670099999999999
1787670900000,1.16702,1.16721,1.16686,1.16687
1787671800000,1.16688,1.16749,1.16686,1.16717
1787672700000,1.16718,1.16744,1.16704,1.1672500000000001
1787673600000,1.16726,1.16734,1.16692,1.16697
1787674500000,1.16696,1.16698,1.16675,1.16689
1787675400000,1.16688,1.16715,1.16688,1.16703
1787676300000,1.1670200000000002,1.16714,1.16687,1.1670900000000002
1787677200000,1.16708,1.1672,1.16685,1.16695
1787678100000,1.1669399999999999,1.16713,1.16688,1.16702
1787679000000,1.1670099999999999,1.16722,1.16692,1.16708
1787679900000,1.16707,1.1674200000000001,1.16707,1.16737
1787680800000,1.16736,1.16747,1.16712,1.16733
1787681700000,1.1673399999999998,1.16739,1.16722,1.1673499999999999
1787682600000,1.16734,1.1674200000000001,1.16727,1.1673200000000001
1787683500000,1.1673,1.16742,1.16723,1.16736
1787684400000,1.16737,1.16765,1.16731,1.16762
1787685300000,1.16763,1.16784,1.1673,1.16732
1787686200000,1.16729,1.1673,1.16681,1.16696
1787687100000,1.16695,1.16769,1.16695,1.16757
1787688000000,1.1675799999999998,1.1679,1.16746,1.16774
1787688900000,1.16773,1.1678,1.16746,1.16761
1787689800000,1.1676,1.16766,1.16737,1.16741
1787690700000,1.1674,1.16753,1.16737,1.1674
1787691600000,1.16722,1.1674,1.16679,1.16701
1787692500000,1.16698,1.16722,1.16698,1.16715
1787693400000,1.16713,1.16761,1.16695,1.1675
1787694300000,1.16749,1.1675,1.16696,1.16696
1787695200000,1.16697,1.16751,1.16694,1.1673900000000001
1787696100000,1.16739,1.16756,1.16739,1.16746
1787697000000,1.16747,1.16764,1.16742,1.16763
1787697900000,1.16764,1.16764,1.16759,1.1676099999999998
1787698800000,1.16761,1.16764,1.16745,1.16747
1787699700000,1.16748,1.1675300000000002,1.16735,1.16738
1787700600000,1.16737,1.1673900000000001,1.16721,1.16728
1787701500000,1.1672799999999999,1.1674,1.16725,1.1673799999999999
1787702400000,1.16739,1.16745,1.16723,1.16742
1787703300000,1.16741,1.16751,1.16726,1.1673
1787704200000,1.16732,1.16742,1.16705,1.1673
1787705100000,1.16729,1.16746,1.16717,1.1672
1787706000000,1.16719,1.16736,1.167,1.16703
1787706900000,1.16704,1.16717,1.16694,1.16696
1787707800000,1.16697,1.16714,1.16682,1.1669
1787708700000,1.16688,1.16713,1.16685,1.16696
1787709600000,1.16697,1.16723,1.16696,1.16721
1787710500000,1.1672200000000001,1.1672200000000001,1.16677,1.1668500000000002
1787711400000,1.16683,1.16701,1.16676,1.16697
1787712300000,1.16698,1.16698,1.16662,1.16669
1787713200000,1.1667,1.16679,1.16655,1.1666
1787714100000,1.16661,1.16677,1.16649,1.16657
1787715000000,1.16656,1.16658,1.16632,1.16656
1787715900000,1.16656,1.16656,1.16635,1.16641
1787716800000,1.16642,1.16644,1.16634,1.16635
1787717700000,1.1663,1.16642,1.1662,1.16635
1787718600000,1.1663500000000002,1.16643,1.16613,1.16616
1787719500000,1.16615,1.1662000000000001,1.16599,1.16615
1787720400000,1.16615,1.16621,1.166,1.1660599999999999
1787721300000,1.16607,1.1664299999999999,1.16607,1.16637
1787722200000,1.16638,1.1666299999999998,1.16637,1.16652
1787723100000,1.16652,1.16659,1.16632,1.16638
1787724000000,1.1664,1.1664400000000001,1.16612,1.16618
1787724900000,1.1661700000000002,1.1664500000000002,1.16613,1.16613
1787725800000,1.16612,1.1663400000000002,1.16592,1.16633
1787726700000,1.16634,1.1666999999999998,1.16631,1.16664
1787727600000,1.1666699999999999,1.16702,1.16664,1.1668299999999998
1787728500000,1.1668399999999999,1.16708,1.16682,1.16691
1787729400000,1.16692,1.16726,1.16691,1.1669699999999998
1787730300000,1.16696,1.1671,1.16672,1.16704
1787731200000,1.16699,1.1674799999999999,1.16695,1.16743
1787732100000,1.1674200000000001,1.16764,1.16738,1.16764
1787733000000,1.1676300000000002,1.1676300000000002,1.16711,1.16731
1787733900000,1.1673,1.16738,1.1669,1.16707
1787734800000,1.16706,1.1670699999999998,1.16654,1.1665999999999999
1787735700000,1.16661,1.16669,1.16631,1.16635
1787736600000,1.16637,1.1666699999999999,1.16637,1.16658
1787737500000,1.16657,1.16687,1.16652,1.16655
1787738400000,1.16655,1.16658,1.16639,1.16648
1787739300000,1.1664700000000001,1.16653,1.16616,1.1662700000000001
1787740200000,1.16629,1.16652,1.16625,1.16642
1787741100000,1.16643,1.16643,1.16605,1.16613
1787742000000,1.1661400000000002,1.1665400000000001,1.16613,1.1665100000000002
1787742900000,1.1665,1.16651,1.16598,1.16617
1787743800000,1.16618,1.16652,1.16614,1.16649
1787744700000,1.16651,1.16688,1.16644,1.1668399999999999
1787745600000,1.16685,1.16728,1.16676,1.16722
1787746500000,1.16723,1.16741,1.167,1.16718
1787747400000,1.16719,1.16743,1.1662,1.16628
1787748300000,1.16629,1.16647,1.1655,1.16554
1787749200000,1.1655300000000002,1.1656900000000001,1.16511,1.16561
1787750100000,1.16562,1.16574,1.16531,1.16567
1787751000000,1.1656799999999998,1.16583,1.16525,1.1654799999999998
1787751900000,1.1654900000000001,1.16568,1.16518,1.16521
1787752800000,1.1652200000000001,1.16528,1.16474,1.16501
1787753700000,1.16502,1.16503,1.1642,1.1642299999999999
1787754600000,1.16422,1.16497,1.16415,1.16476
1787755500000,1.1647699999999999,1.1647699999999999,1.16438,1.16445
1787756400000,1.1644599999999998,1.1652,1.16444,1.1649399999999999
1787757300000,1.16493,1.16514,1.16483,1.16514
1787758200000,1.16513,1.16537,1.16495,1.1651799999999999
1787759100000,1.16516,1.1653799999999999,1.16471,1.16499
1787760000000,1.165,1.16529,1.16486,1.16523
1787760900000,1.16523,1.1653799999999999,1.16515,1.1652
1787761800000,1.1652099999999999,1.16529,1.16485,1.165
1787762700000,1.1650099999999999,1.16525,1.16485,1.16489
1787763600000,1.16489,1.1651099999999999,1.16481,1.1650099999999999
1787764500000,1.165,1.16527,1.16493,1.1652500000000001
1787765400000,1.16524,1.1653900000000001,1.16518,1.16527
1787766300000,1.16526,1.16527,1.16499,1.16523
1787767200000,1.1652200000000001,1.16538,1.16504,1.16531
1787768100000,1.1653200000000001,1.16537,1.16511,1.1651500000000001
1787769000000,1.16514,1.16518,1.16501,1.16511
1787769900000,1.16512,1.1652099999999999,1.16495,1.1650699999999998
1787770800000,1.1651,1.16519,1.16495,1.1651799999999999
1787771700000,1.16517,1.16526,1.16507,1.1652
1787772600000,1.16519,1.16529,1.1651,1.16514
1787773500000,1.16514,1.16533,1.16503,1.16529
1787774400000,1.1653,1.1653200000000001,1.1651,1.16512
1787775300000,1.16512,1.1653200000000001,1.1651,1.16521
1787776200000,1.16523,1.16544,1.16522,1.16543
1787777100000,1.16543,1.16543,1.16523,1.16529
1787778000000,1.16492,1.1649399999999999,1.16444,1.1647299999999998
1787778900000,1.16474,1.16514,1.16473,1.1651
1787779800000,1.16507,1.16513,1.16486,1.16509
1787780700000,1.16514,1.16515,1.16503,1.16505
1787781600000,1.16511,1.16546,1.16507,1.16531
1787782500000,1.1653,1.1654,1.16519,1.1654
1787783400000,1.1653799999999999,1.16542,1.16526,1.1653499999999999
1787784300000,1.16536,1.1653699999999998,1.16525,1.1653399999999998
1787785200000,1.1653399999999998,1.16547,1.16532,1.16546
1787786100000,1.16547,1.16556,1.1654,1.16542
1787787000000,1.16541,1.16557,1.16541,1.16554
1787787900000,1.16555,1.16557,1.1654,1.16549
1787788800000,1.1655,1.16563,1.1654,1.16547
1787789700000,1.16546,1.16573,1.16542,1.16573
1787790600000,1.1657199999999999,1.16577,1.16546,1.16547
1787791500000,1.16546,1.16573,1.16534,1.1655900000000001
1787792400000,1.1655900000000001,1.1656900000000001,1.16548,1.16564
1787793300000,1.16565,1.1658600000000001,1.16555,1.16567
1787794200000,1.16567,1.1658600000000001,1.16555,1.16561
1787795100000,1.1656199999999999,1.1658,1.1656,1.16573
1787796000000,1.16574,1.1658899999999999,1.16569,1.1657
1787796900000,1.16571,1.16572,1.16544,1.16545
1787797800000,1.16544,1.1656199999999999,1.16539,1.1655
1787798700000,1.1655200000000001,1.16557,1.16541,1.1655
1787799600000,1.16551,1.16557,1.16547,1.1655200000000001
1787800500000,1.16551,1.16555,1.16535,1.1653600000000002
1787801400000,1.16538,1.16541,1.1653,1.16535
1787802300000,1.16534,1.1655,1.16534,1.16538
1787803200000,1.16537,1.16553,1.16536,1.1655
1787804100000,1.16549,1.16554,1.16536,1.1654799999999998
1787805000000,1.16546,1.16548,1.1654,1.16542
1787805900000,1.16541,1.16551,1.16536,1.16551
1787806800000,1.1655099999999998,1.1656,1.16539,1.16556
1787807700000,1.16555,1.16567,1.16533,1.16566
1787808600000,1.16567,1.16571,1.16548,1.1655600000000002
1787809500000,1.16556,1.1656,1.16513,1.16538
1787810400000,1.16537,1.16543,1.16515,1.16532
1787811300000,1.16533,1.16553,1.1652,1.16543
1787812200000,1.16545,1.1654900000000001,1.16524,1.16531
1787813100000,1.16534,1.16544,1.16514,1.16528
1787814000000,1.1653,1.16557,1.16529,1.1655
1787814900000,1.16551,1.16551,1.16514,1.16516
1787815800000,1.16515,1.16544,1.16512,1.16544
1787816700000,1.16545,1.16551,1.16514,1.16543
1787817600000,1.1654200000000001,1.16574,1.16537,1.1654
1787818500000,1.16541,1.1655200000000001,1.16494,1.16501
1787819400000,1.16502,1.16515,1.16472,1.16512
1787820300000,1.16513,1.16516,1.16475,1.16476
1787821200000,1.16477,1.16478,1.16428,1.16463
1787822100000,1.1646500000000002,1.1647100000000001,1.1644,1.1646100000000001
1787823000000,1.16462,1.16462,1.16399,1.16413
1787823900000,1.16414,1.16456,1.16401,1.16403
1787824800000,1.16402,1.16438,1.16385,1.1643700000000001
1787825700000,1.16438,1.16477,1.16422,1.16451
1787826600000,1.1645100000000002,1.1645400000000001,1.16379,1.1641400000000002
1787827500000,1.16411,1.16413,1.16388,1.16392
1787828400000,1.16393,1.16401,1.16374,1.16385
1787829300000,1.1638600000000001,1.1641000000000001,1.16382,1.16402
1787830200000,1.16404,1.16437,1.1637,1.1638899999999999
1787831100000,1.1639,1.16429,1.1636,1.16405
1787832000000,1.16404,1.16452,1.16404,1.1641299999999999
1787832900000,1.16412,1.16444,1.16404,1.16431
1787833800000,1.16428,1.16436,1.16391,1.1642
1787834700000,1.1641899999999998,1.1643299999999999,1.16393,1.1640499999999998
1787835600000,1.16406,1.16484,1.16395,1.1647800000000001
1787836500000,1.16477,1.16594,1.16462,1.1657899999999999
1787837400000,1.16577,1.1659,1.16512,1.1652099999999999
1787838300000,1.1652,1.16547,1.165,1.16534
1787839200000,1.1653499999999999,1.16574,1.16499,1.1651
1787840100000,1.1650800000000001,1.1652600000000002,1.16477,1.1648500000000002
1787841000000,1.16486,1.1654600000000002,1.16484,1.1650500000000001
1787841900000,1.16507,1.16535,1.1644,1.16442
1787842800000,1.16441,1.16521,1.16439,1.16503
1787843700000,1.1650200000000002,1.1652,1.16484,1.165
1787844600000,1.1650099999999999,1.1651799999999999,1.16495,1.16499
1787845500000,1.1649800000000001,1.16538,1.16477,1.16527
1787846400000,1.16528,1.1653,1.1649,1.16506
1787847300000,1.1650699999999998,1.1652799999999999,1.16488,1.16525
1787848200000,1.16526,1.16539,1.16519,1.16529
1787849100000,1.1653,1.16534,1.16501,1.1651600000000002
1787850000000,1.16517,1.16534,1.16502,1.16503
1787850900000,1.1650200000000002,1.1651200000000002,1.16494,1.1650200000000002
1787851800000,1.16503,1.16506,1.16478,1.16483
1787852700000,1.1648399999999999,1.16492,1.16464,1.16486
1787853600000,1.16485,1.16488,1.16455,1.16472
1787854500000,1.1647399999999999,1.1648,1.16462,1.16464
1787855400000,1.1646299999999998,1.1647299999999998,1.16461,1.16472
1787856300000,1.1647299999999998,1.16495,1.16471,1.1648299999999998
1787857200000,1.16485,1.1649999999999998,1.16481,1.16488
1787858100000,1.16492,1.16496,1.1648,1.16483
1787859000000,1.1648100000000001,1.1649100000000001,1.16474,1.1648900000000002
1787859900000,1.16488,1.16498,1.16468,1.16488
1787860800000,1.16487,1.16519,1.16486,1.1650800000000001
1787861700000,1.16509,1.16509,1.16493,1.16495
1787862600000,1.1649500000000002,1.1650900000000002,1.16494,1.1650800000000001
1787863500000,1.16507,1.16513,1.16506,1.16513
1787864400000,1.16513,1.16519,1.16449,1.16493
1787865300000,1.16493,1.1653099999999998,1.16492,1.1652799999999999
1787866200000,1.1652799999999999,1.1653,1.16508,1.1650999999999998
1787867100000,1.16494,1.16521,1.16456,1.1647100000000001
1787868000000,1.16502,1.16533,1.16478,1.16533
1787868900000,1.1653399999999998,1.16539,1.16515,1.16516
1787869800000,1.16516,1.16525,1.16515,1.1651799999999999
1787870700000,1.16517,1.16531,1.16516,1.1652799999999999
1787871600000,1.16527,1.1653799999999999,1.16526,1.16537
1787872500000,1.1653600000000002,1.16537,1.16521,1.16521
1787873400000,1.1652200000000001,1.16537,1.16518,1.16528
1787874300000,1.1652799999999999,1.16542,1.16526,1.1653
1787875200000,1.1653,1.16538,1.16516,1.16521
1787876100000,1.1652,1.16524,1.165,1.16517
1787877000000,1.1651799999999999,1.1652699999999998,1.16508,1.16522
1787877900000,1.1652300000000002,1.1653300000000002,1.16518,1.1652600000000002
1787878800000,1.16526,1.16538,1.16514,1.16527
1787879700000,1.16527,1.16535,1.16521,1.1652200000000001
1787880600000,1.16524,1.1654799999999998,1.16519,1.16532
1787881500000,1.16533,1.16533,1.16488,1.1648999999999998
1787882400000,1.1649100000000001,1.1649800000000001,1.16463,1.1647
1787883300000,1.16467,1.16494,1.16457,1.1647200000000002
1787884200000,1.16473,1.1648399999999999,1.16468,1.1646999999999998
1787885100000,1.16469,1.1650200000000002,1.16467,1.16501
1787886000000,1.1650099999999999,1.16508,1.16492,1.16497
1787886900000,1.16499,1.16503,1.16487,1.1650200000000002
1787887800000,1.1650099999999999,1.16503,1.16472,1.16472
1787888700000,1.16473,1.16476,1.1645,1.16457
1787889600000,1.16458,1.1646,1.16446,1.16448
1787890500000,1.16447,1.1645899999999998,1.16447,1.1644899999999998
1787891400000,1.16448,1.16457,1.16446,1.1645100000000002
1787892300000,1.16452,1.1645699999999999,1.16445,1.1645
1787893200000,1.16449,1.16452,1.16428,1.16431
1787894100000,1.1643299999999999,1.1644299999999999,1.16431,1.16435
1787895000000,1.16434,1.16441,1.16421,1.16422
1787895900000,1.16423,1.16453,1.16422,1.16439
1787896800000,1.1644,1.1646,1.16436,1.16442
1787897700000,1.16441,1.1647399999999999,1.16424,1.16469
1787898600000,1.16468,1.16478,1.16438,1.1647
1787899500000,1.1647100000000001,1.16486,1.16453,1.16477
1787900400000,1.16479,1.16483,1.16432,1.16442
1787901300000,1.16441,1.16451,1.16411,1.16416
1787902200000,1.16415,1.16455,1.16415,1.1644
1787903100000,1.1643899999999998,1.16476,1.16427,1.16459
1787904000000,1.1645800000000002,1.16483,1.16453,1.16457
1787904900000,1.16458,1.16464,1.16435,1.16437
1787905800000,1.16436,1.16466,1.16432,1.16433
1787906700000,1.1643400000000002,1.16442,1.16413,1.16439
1787907600000,1.1643700000000001,1.16446,1.16413,1.1641700000000001
1787908500000,1.1641800000000002,1.16433,1.16413,1.1641800000000002
1787909400000,1.16417,1.16433,1.16398,1.16411
1787910300000,1.1641,1.16422,1.16391,1.16393
1787911200000,1.16392,1.16417,1.16388,1.16401
1787912100000,1.16402,1.16435,1.16394,1.16435
1787913000000,1.16434,1.16464,1.16431,1.1645999999999999
1787913900000,1.16458,1.16487,1.16446,1.16485
1787914800000,1.16486,1.16489,1.1646,1.1646400000000001
1787915700000,1.1646299999999998,1.1647399999999999,1.16447,1.1645699999999999
1787916600000,1.16458,1.16475,1.16448,1.16471
1787917500000,1.16471,1.1647699999999999,1.16441,1.16447
1787918400000,1.1644899999999998,1.16455,1.1642,1.1643
1787919300000,1.16431,1.16437,1.16414,1.16418
1787920200000,1.16417,1.16417,1.16387,1.1640599999999999
1787921100000,1.1640700000000002,1.1649800000000001,1.16406,1.1648500000000002
1787922000000,1.1648399999999999,1.1649399999999999,1.16437,1.16438
1787922900000,1.16437,1.16449,1.16411,1.16427
1787923800000,1.16428,1.16438,1.16401,1.16409
1787924700000,1.16408,1.16465,1.1636,1.16376
1787925600000,1.16368,1.16588,1.16096,1.16112
1787926500000,1.1611099999999999,1.1615799999999998,1.15939,1.1601299999999999
1787927400000,1.16012,1.1611200000000002,1.16006,1.1607
1787928300000,1.16068,1.1622000000000001,1.16015,1.1616900000000001
1787929200000,1.16173,1.16201,1.16052,1.16073
1787930100000,1.16074,1.161,1.16026,1.16036
1787931000000,1.16038,1.1605,1.15958,1.15996
1787931900000,1.15997,1.16021,1.15966,1.15971
1787932800000,1.15968,1.15978,1.15891,1.1589600000000002
1787933700000,1.15895,1.15902,1.15844,1.15852
1787934600000,1.15854,1.15894,1.15845,1.15849
1787935500000,1.1584999999999999,1.1589,1.15841,1.15863
1787936400000,1.15864,1.15885,1.15821,1.15868
1787937300000,1.15868,1.15869,1.15839,1.15849
1787938200000,1.1584999999999999,1.1584999999999999,1.15776,1.1579899999999999
1787939100000,1.158,1.15808,1.15773,1.15803
1787940000000,1.1580000000000001,1.15818,1.15779,1.15795
1787940900000,1.15804,1.1584,1.15785,1.15821
1787941800000,1.1582,1.15825,1.15776,1.1579199999999998
1787942700000,1.1579300000000001,1.1580400000000002,1.15772,1.15798
1787943600000,1.15797,1.15826,1.15791,1.15813
1787944500000,1.15814,1.15859,1.15805,1.1585400000000001
1787945400000,1.15855,1.15866,1.15844,1.1585999999999999
1787946300000,1.15859,1.15872,1.15846,1.1585400000000001
1787947200000,1.15853,1.1586100000000001,1.1583,1.1585
1787948100000,1.15851,1.15854,1.15828,1.15843
1787949000000,1.15842,1.15845,1.15791,1.15808
1787949900000,1.1581000000000001,1.15825,1.15802,1.15814
1788123600000,1.15767,1.15767,1.15725,1.1576
1788124500000,1.1575900000000001,1.15765,1.15755,1.15765
1788125400000,1.15766,1.1579,1.15763,1.1579
1788126300000,1.15791,1.15797,1.15763,1.15763
1788127200000,1.15761,1.15814,1.1576,1.1581
1788128100000,1.1581,1.15815,1.15801,1.1581
1788129000000,1.15811,1.15845,1.15807,1.15828
1788129900000,1.15828,1.15842,1.15827,1.15837
1788130800000,1.1583700000000001,1.15857,1.1583,1.15842
1788131700000,1.15843,1.1586100000000001,1.15839,1.1585
1788132600000,1.1585,1.15879,1.15849,1.15872
1788133500000,1.15872,1.15888,1.15861,1.15882
1788134400000,1.15883,1.1592799999999999,1.15882,1.15914
1788135300000,1.1591500000000001,1.15923,1.1585,1.1586
1788136200000,1.1586100000000001,1.15913,1.1586,1.15904
1788137100000,1.15905,1.15932,1.15902,1.15917
1788138000000,1.15918,1.15923,1.15866,1.15876
1788138900000,1.1587699999999999,1.15899,1.15864,1.15896
1788139800000,1.15897,1.15939,1.15896,1.15927
1788140700000,1.15927,1.15936,1.159,1.15901
1788141600000,1.15903,1.1592200000000001,1.15894,1.1591200000000002
1788142500000,1.15913,1.15922,1.15885,1.15919
1788143400000,1.15921,1.15922,1.15876,1.15887
1788144300000,1.15886,1.1592,1.15886,1.15919
1788145200000,1.15918,1.15923,1.1591,1.15914
1788146100000,1.15915,1.1593099999999998,1.15912,1.1591399999999998
1788147000000,1.1591200000000002,1.15914,1.15887,1.1590200000000002
1788147900000,1.15901,1.1591200000000002,1.15891,1.15908
1788148800000,1.1590900000000002,1.1592200000000001,1.15908,1.1591900000000002
1788149700000,1.1591999999999998,1.1592099999999999,1.15881,1.15882
1788150600000,1.1588299999999998,1.15903,1.15881,1.15902
1788151500000,1.15902,1.1590799999999999,1.15895,1.1590399999999998
1788152400000,1.15905,1.15905,1.15881,1.15899
1788153300000,1.15899,1.1590799999999999,1.15881,1.1590699999999998
1788154200000,1.15906,1.15907,1.15867,1.15887
1788155100000,1.15888,1.159,1.15868,1.15899
1788156000000,1.1589800000000001,1.15899,1.15863,1.15883
1788156900000,1.15882,1.15908,1.15863,1.15869
1788157800000,1.15868,1.1590799999999999,1.15864,1.1587699999999999
1788158700000,1.15876,1.1588699999999998,1.15841,1.15882
1788159600000,1.15883,1.1589,1.15841,1.1587999999999998
1788160500000,1.15881,1.15958,1.15852,1.15935
1788161400000,1.1593799999999999,1.1599,1.15932,1.1598499999999998
1788162300000,1.15984,1.16028,1.15984,1.16021
1788163200000,1.16015,1.16054,1.1597,1.15976
1788164100000,1.15975,1.1598600000000001,1.15958,1.15975
1788165000000,1.1597600000000001,1.15988,1.15962,1.15968
1788165900000,1.15967,1.15984,1.15925,1.15936
1788166800000,1.15937,1.15997,1.15936,1.15994
1788167700000,1.15992,1.16004,1.15965,1.1597600000000001
1788168600000,1.15977,1.15986,1.15946,1.15966
1788169500000,1.15965,1.15994,1.15961,1.1598600000000001
1788170400000,1.15987,1.1601599999999999,1.1598,1.16007
1788171300000,1.16006,1.16015,1.15982,1.16012
1788172200000,1.16013,1.16015,1.15968,1.15968
1788173100000,1.15969,1.15997,1.15961,1.15967
1788174000000,1.1596600000000001,1.1599300000000001,1.15952,1.15982
1788174900000,1.15984,1.16024,1.1598,1.16017
1788175800000,1.16018,1.1602299999999999,1.15987,1.15995
1788176700000,1.1599700000000002,1.15998,1.15952,1.1595900000000001
1788177600000,1.15957,1.15979,1.15927,1.15977
1788178500000,1.15978,1.15995,1.15938,1.15961
1788179400000,1.15962,1.1596300000000002,1.15911,1.1593200000000001
1788180300000,1.15931,1.1596,1.1592,1.15947
1788181200000,1.15948,1.1597600000000001,1.15931,1.1596
1788182100000,1.15958,1.16005,1.15952,1.1599400000000002
1788183000000,1.15993,1.16005,1.15946,1.15953
1788183900000,1.15954,1.15992,1.1594,1.15992
1788184800000,1.1599,1.16019,1.15947,1.16007
1788185700000,1.1600599999999999,1.16049,1.15994,1.16021
1788186600000,1.16022,1.1607,1.16011,1.1605699999999999
1788187500000,1.1605699999999999,1.16176,1.16054,1.1613499999999999
1788188400000,1.16134,1.16167,1.16121,1.16144
1788189300000,1.16143,1.16162,1.16117,1.16161
1788190200000,1.1616,1.16194,1.1616,1.16171
1788191100000,1.1617300000000002,1.16201,1.16151,1.1615900000000001
1788192000000,1.1616,1.16173,1.16149,1.16154
1788192900000,1.1615499999999999,1.1617199999999999,1.16146,1.16161
1788193800000,1.1616300000000002,1.1616300000000002,1.16138,1.1614
1788194700000,1.16141,1.16164,1.16133,1.1616
1788195600000,1.1616099999999998,1.1616799999999998,1.16142,1.16163
1788196500000,1.1616199999999999,1.16173,1.16149,1.16149
1788197400000,1.1615,1.1615900000000001,1.16141,1.1615600000000001
1788198300000,1.16155,1.1616900000000001,1.16147,1.16148
1788199200000,1.16149,1.16169,1.1614,1.16169
1788200100000,1.16168,1.1616900000000001,1.16152,1.1615300000000002
1788201000000,1.16154,1.16159,1.1614,1.16145
1788201900000,1.16146,1.1617,1.16143,1.16151
1788202800000,1.1615,1.16168,1.16144,1.16157
1788203700000,1.16156,1.16173,1.16154,1.16162
1788204600000,1.16161,1.16171,1.1614,1.16147
1788205500000,1.16146,1.16178,1.16143,1.16159
1788206400000,1.16158,1.1617300000000002,1.16148,1.16148
1788207300000,1.1614600000000002,1.1614900000000001,1.16138,1.16141
1788208200000,1.1614200000000001,1.16157,1.16138,1.1615300000000002
1788209100000,1.1615499999999999,1.16169,1.16153,1.1616499999999998
1788210000000,1.16164,1.16164,1.1611,1.16148
1788210900000,1.16147,1.1616000000000002,1.16145,1.1616000000000002
1788211800000,1.16158,1.1617,1.16157,1.16166
1788212700000,1.1616900000000001,1.1617300000000002,1.16165,1.16167
1788213600000,1.16169,1.1618199999999999,1.16163,1.1616499999999998
1788214500000,1.16164,1.16169,1.16159,1.1616099999999998
1788215400000,1.16161,1.1616600000000001,1.16145,1.1614600000000002
1788216300000,1.1614499999999999,1.1614799999999998,1.16136,1.16143
1788217200000,1.1614300000000002,1.1614300000000002,1.16121,1.1613
1788218100000,1.16126,1.16148,1.16126,1.16147
1788219000000,1.1614799999999998,1.16169,1.16146,1.16163
1788219900000,1.16163,1.16178,1.1616,1.16177
1788220800000,1.1617600000000001,1.16219,1.16151,1.16195
1788221700000,1.1619599999999999,1.16237,1.1619,1.1622999999999999
1788222600000,1.16231,1.1624,1.16205,1.16209
1788223500000,1.16211,1.16213,1.16171,1.16177
1788224400000,1.16178,1.16183,1.16129,1.16134
1788225300000,1.16135,1.16151,1.161,1.16106
1788226200000,1.1610800000000001,1.1612500000000001,1.16094,1.1612500000000001
1788227100000,1.16123,1.1612500000000001,1.16067,1.1609500000000001
1788228000000,1.16096,1.16096,1.16056,1.16073
1788228900000,1.16072,1.161,1.16072,1.16095
1788229800000,1.1609299999999998,1.16095,1.16064,1.1607299999999998
1788230700000,1.16074,1.16094,1.16067,1.16094
1788231600000,1.16093,1.16094,1.1606,1.16087
1788232500000,1.16088,1.1609399999999999,1.16051,1.16066
1788233400000,1.1606500000000002,1.16074,1.16057,1.1606400000000001
1788234300000,1.1606299999999998,1.16069,1.16051,1.16051
1788235200000,1.1605,1.16063,1.1604,1.16046
1788236100000,1.16046,1.16048,1.16028,1.16029
1788237000000,1.1603,1.16042,1.16023,1.1604100000000002
1788237900000,1.1603999999999999,1.16052,1.16031,1.16052
1788238800000,1.16051,1.16089,1.16051,1.16076
1788239700000,1.16077,1.16077,1.16055,1.1607399999999999
1788240600000,1.16073,1.16093,1.16065,1.16079
1788241500000,1.1607999999999998,1.1609399999999999,1.16071,1.16078
1788242400000,1.16076,1.16081,1.16054,1.16062
1788243300000,1.16061,1.1607699999999999,1.1601,1.16014
1788244200000,1.16016,1.1602700000000001,1.15996,1.16022
1788245100000,1.1602299999999999,1.16045,1.16007,1.16044
1788246000000,1.16048,1.16065,1.16009,1.1603
1788246900000,1.16028,1.16028,1.15972,1.15972
1788247800000,1.15973,1.1597600000000001,1.15917,1.15917
1788248700000,1.15916,1.15954,1.15914,1.15948
1788249600000,1.15947,1.15969,1.15877,1.1588500000000002
1788250500000,1.15887,1.15937,1.15874,1.15913
1788251400000,1.15912,1.1594,1.15882,1.15926
1788252300000,1.1592500000000001,1.15941,1.1591,1.15935
1788253200000,1.1593499999999999,1.1597499999999998,1.15922,1.1596
1788254100000,1.15961,1.1597300000000001,1.15945,1.1595600000000001
1788255000000,1.15957,1.15998,1.15954,1.15979
1788255900000,1.15977,1.16008,1.15925,1.15926
1788256800000,1.1592500000000001,1.15941,1.15914,1.1592
1788257700000,1.15921,1.15952,1.15918,1.1592900000000002
1788258600000,1.1592799999999999,1.15933,1.15898,1.1590099999999999
1788259500000,1.159,1.1592799999999999,1.15895,1.15917
1788260400000,1.15916,1.15926,1.15895,1.15912
1788261300000,1.1591,1.1595499999999999,1.15905,1.15946
1788262200000,1.1594499999999999,1.1595399999999998,1.15925,1.15939
1788263100000,1.1594,1.15949,1.1591,1.15922
1788264000000,1.1591900000000002,1.1592600000000002,1.15877,1.15906
1788264900000,1.15909,1.1594,1.15899,1.15917
1788265800000,1.15918,1.15929,1.15896,1.15911
1788266700000,1.15912,1.15936,1.1591,1.1592500000000001
1788267600000,1.15926,1.15928,1.15887,1.15903
1788268500000,1.1590200000000002,1.15921,1.15897,1.1591900000000002
1788269400000,1.1592,1.16013,1.1592,1.16009
1788270300000,1.16008,1.16013,1.15971,1.16008
1788271200000,1.16014,1.16076,1.15983,1.1606699999999999
1788272100000,1.1606800000000002,1.16074,1.16006,1.16006
1788273000000,1.16007,1.16027,1.15991,1.15998
1788273900000,1.1599599999999999,1.16014,1.1594,1.15958
1788274800000,1.15959,1.1598199999999999,1.15936,1.15943
1788275700000,1.15944,1.1594900000000001,1.15901,1.1593200000000001
1788276600000,1.15933,1.15934,1.15902,1.15913
1788277500000,1.15912,1.1592,1.15886,1.15917
1788278400000,1.1591799999999999,1.1592699999999998,1.15898,1.15899
1788279300000,1.1589800000000001,1.15911,1.15843,1.15867
1788280200000,1.15866,1.1590399999999998,1.15848,1.15871
1788281100000,1.15872,1.15874,1.15849,1.15851
1788282000000,1.15852,1.15896,1.15845,1.15881
1788282900000,1.1588,1.15929,1.15872,1.15929
1788283800000,1.1593,1.15951,1.15867,1.15879
1788284700000,1.1588,1.15881,1.15855,1.1587
1788285600000,1.15869,1.15903,1.15868,1.15876
1788286500000,1.15875,1.15891,1.15866,1.15872
1788287400000,1.1586900000000002,1.1587500000000002,1.15847,1.1586100000000001
1788288300000,1.15863,1.15899,1.15862,1.15897
1788289200000,1.15898,1.1592399999999998,1.15885,1.1592
1788290100000,1.1592099999999999,1.1592399999999998,1.15898,1.15902
1788291000000,1.15903,1.15916,1.15881,1.15882
1788291900000,1.15883,1.1589500000000001,1.15874,1.15893
1788292800000,1.15894,1.15894,1.1587,1.1587
1788293700000,1.15871,1.15899,1.15868,1.15893
1788294600000,1.15891,1.15919,1.1589,1.15908
1788295500000,1.15909,1.15925,1.15906,1.15919
1788296400000,1.1591500000000001,1.1591500000000001,1.1585,1.15873
1788297300000,1.1587299999999998,1.1588999999999998,1.15861,1.15872
1788298200000,1.15872,1.159,1.15863,1.15891
1788299100000,1.15893,1.15907,1.15886,1.15899
1788300000000,1.15904,1.15952,1.15904,1.15947
1788300900000,1.15946,1.15956,1.1593,1.15931
1788301800000,1.15932,1.1593499999999999,1.15919,1.15919
1788302700000,1.1592,1.15926,1.15915,1.1592099999999999
1788303600000,1.15921,1.15927,1.15917,1.15924
1788304500000,1.15923,1.1592399999999998,1.15915,1.1591699999999998
1788305400000,1.15916,1.15924,1.15909,1.1592099999999999
1788306300000,1.1592200000000001,1.15927,1.159,1.159
1788307200000,1.1590099999999999,1.15913,1.15864,1.1587999999999998
1788308100000,1.1588100000000001,1.1591,1.15856,1.15862
1788309000000,1.1586299999999998,1.15882,1.15851,1.1587699999999999
1788309900000,1.15878,1.15878,1.15828,1.15828
1788310800000,1.1582700000000001,1.1583800000000002,1.15806,1.15816
1788311700000,1.1581599999999999,1.15834,1.15814,1.15822
1788312600000,1.15821,1.15826,1.15764,1.15775
1788313500000,1.15774,1.1578700000000002,1.15765,1.15785
1788314400000,1.15786,1.15797,1.15756,1.1579599999999999
1788315300000,1.15796,1.1581,1.15771,1.15796
1788316200000,1.1579799999999998,1.1582499999999998,1.15786,1.15811
1788317100000,1.15811,1.15815,1.158,1.15811
1788318000000,1.15811,1.1582,1.15797,1.1579899999999999
1788318900000,1.15798,1.15804,1.1578,1.1578
1788319800000,1.15782,1.15789,1.15774,1.15777
1788320700000,1.15777,1.15793,1.15777,1.15793
1788321600000,1.15793,1.15794,1.15756,1.1576199999999999
1788322500000,1.15761,1.1576899999999999,1.15736,1.15757
1788323400000,1.15758,1.15765,1.15748,1.15758
1788324300000,1.15759,1.15776,1.15746,1.15753
1788325200000,1.15753,1.15765,1.1573,1.15762
1788326100000,1.15761,1.15791,1.15761,1.1579
1788327000000,1.1579400000000002,1.1580400000000002,1.15779,1.15792
1788327900000,1.15791,1.15815,1.15791,1.15795
1788328800000,1.15798,1.15844,1.1579,1.1581899999999998
1788329700000,1.15818,1.15819,1.15765,1.15771
1788330600000,1.1577,1.1578,1.15739,1.1577
1788331500000,1.15771,1.15771,1.15668,1.15672
1788332400000,1.15673,1.1573300000000002,1.15657,1.15727
1788333300000,1.1572500000000001,1.15738,1.15707,1.1572900000000002
1788334200000,1.1573,1.1577899999999999,1.15725,1.15757
1788335100000,1.15759,1.15785,1.15753,1.15773
1788336000000,1.1577400000000002,1.15805,1.15769,1.15782
1788336900000,1.15781,1.15804,1.15775,1.15787
1788337800000,1.15788,1.1581599999999999,1.15783,1.15801
1788338700000,1.1580199999999998,1.15807,1.15722,1.1572799999999999
1788339600000,1.15727,1.15773,1.15716,1.15741
1788340500000,1.1574200000000001,1.1575900000000001,1.15731,1.15751
1788341400000,1.15752,1.1575900000000001,1.15724,1.15734
1788342300000,1.1573200000000001,1.15737,1.15701,1.1570900000000002
1788343200000,1.1571,1.1572099999999998,1.15688,1.1572
1788344100000,1.15719,1.15723,1.15681,1.1568999999999998
1788345000000,1.15689,1.1569099999999999,1.15664,1.15675
1788345900000,1.15676,1.15722,1.15665,1.15719
1788346800000,1.1572,1.15763,1.15706,1.15753
1788347700000,1.15755,1.15778,1.15734,1.15735
1788348600000,1.15734,1.15786,1.15723,1.15744
1788349500000,1.15743,1.1578,1.15737,1.15767
1788350400000,1.15768,1.15808,1.1576,1.15782
1788351300000,1.1578300000000001,1.15849,1.15762,1.15818
1788352200000,1.1581700000000001,1.15819,1.15751,1.1575900000000001
1788353100000,1.1576000000000002,1.15823,1.15755,1.15778
1788354000000,1.15779,1.15811,1.15775,1.15781
1788354900000,1.1578,1.16086,1.15774,1.15949
1788355800000,1.1595,1.1596899999999999,1.15879,1.15968
1788356700000,1.15967,1.16045,1.15916,1.16039
1788357600000,1.16038,1.16038,1.15927,1.15936
1788358500000,1.15939,1.15953,1.15881,1.15909
1788359400000,1.15908,1.15938,1.15886,1.15902
1788360300000,1.15903,1.15947,1.15883,1.15928
1788361200000,1.1592900000000002,1.15965,1.15911,1.15921
1788362100000,1.15925,1.15943,1.15885,1.15942
1788363000000,1.15945,1.1595900000000001,1.159,1.159
1788363900000,1.15899,1.15925,1.15889,1.15915
1788364800000,1.15916,1.1593,1.15904,1.1593
1788365700000,1.15928,1.1593600000000002,1.15884,1.15886
1788366600000,1.15885,1.15907,1.15883,1.15896
1788367500000,1.15895,1.15913,1.15866,1.15866
1788368400000,1.15867,1.15885,1.15849,1.15855
1788369300000,1.15856,1.15862,1.15829,1.1586100000000001
1788370200000,1.1585999999999999,1.1587699999999999,1.15841,1.15862
1788371100000,1.1586100000000001,1.15893,1.15857,1.1586100000000001
1788372000000,1.15862,1.15871,1.15854,1.15858
1788372900000,1.15859,1.1589200000000002,1.1584,1.15856
1788373800000,1.1585699999999999,1.1587399999999999,1.15841,1.15841
1788374700000,1.15842,1.15862,1.15841,1.15852
1788375600000,1.15854,1.1585699999999999,1.15821,1.15822
1788376500000,1.15824,1.15858,1.15824,1.15841
1788377400000,1.1584400000000001,1.1585,1.15839,1.15848
1788378300000,1.15849,1.1587100000000001,1.15829,1.15868
1788379200000,1.1587,1.1589500000000001,1.15867,1.15884
1788380100000,1.1588299999999998,1.15895,1.15871,1.15872
1788381000000,1.1587100000000001,1.15887,1.1587,1.1588500000000002
1788381900000,1.15886,1.15889,1.15868,1.15879
1788382800000,1.1586999999999998,1.1586999999999998,1.15827,1.15861
1788383700000,1.1586100000000001,1.1587,1.15847,1.1586100000000001
1788384600000,1.1585999999999999,1.1586999999999998,1.15851,1.15861
1788385500000,1.15863,1.15868,1.15848,1.15848
1788386400000,1.1585,1.1588800000000001,1.1585,1.15862
1788387300000,1.15862,1.15862,1.15848,1.1585699999999999
1788388200000,1.1585699999999999,1.15875,1.15855,1.15864
1788389100000,1.1586400000000001,1.15873,1.15857,1.15863
1788390000000,1.1586400000000001,1.1586800000000002,1.15846,1.15848
1788390900000,1.15848,1.1585699999999999,1.15845,1.15849
1788391800000,1.15849,1.1584999999999999,1.15838,1.15845
1788392700000,1.1584500000000002,1.15849,1.1584,1.1584500000000002
1788393600000,1.15846,1.15865,1.15829,1.15849
1788394500000,1.1584999999999999,1.1589399999999999,1.15848,1.15888
1788395400000,1.15889,1.15892,1.15866,1.15869
1788396300000,1.1586800000000002,1.15903,1.15863,1.15889
1788397200000,1.1589,1.15895,1.15882,1.15889
1788398100000,1.15888,1.1590999999999998,1.15871,1.15909
1788399000000,1.15907,1.1592900000000002,1.15894,1.15896
1788399900000,1.15895,1.1590099999999999,1.15845,1.15856
1788400800000,1.1585699999999999,1.1587699999999999,1.15848,1.15866
1788401700000,1.15865,1.1591,1.15848,1.15892
1788402600000,1.15893,1.15944,1.15887,1.15903
1788403500000,1.1590500000000001,1.15929,1.1589,1.15906
1788404400000,1.15907,1.15968,1.15904,1.15951
1788405300000,1.1595,1.15957,1.15937,1.1595
1788406200000,1.15949,1.15973,1.15939,1.1597
1788407100000,1.1597,1.15974,1.15954,1.1596
1788408000000,1.15961,1.15971,1.15946,1.15966
1788408900000,1.15967,1.15969,1.15955,1.15969
1788409800000,1.1597000000000002,1.1599700000000002,1.15965,1.15989
1788410700000,1.1599,1.15992,1.1594,1.1595
1788411600000,1.15949,1.15956,1.1593,1.15939
1788412500000,1.15941,1.1598600000000001,1.15937,1.15971
1788413400000,1.1597199999999999,1.1599199999999998,1.15966,1.15974
1788414300000,1.15975,1.1599899999999999,1.1597,1.15995
1788415200000,1.15991,1.15998,1.15956,1.1597
1788416100000,1.15971,1.16001,1.15961,1.15999
1788417000000,1.16002,1.16073,1.16002,1.1606400000000001
1788417900000,1.16063,1.16078,1.16039,1.16039
1788418800000,1.16037,1.16141,1.16031,1.16064
1788419700000,1.16063,1.16098,1.16041,1.1604299999999999
1788420600000,1.16045,1.16075,1.16014,1.16019
1788421500000,1.1602000000000001,1.16063,1.16013,1.1603500000000002
1788422400000,1.16036,1.1608,1.15992,1.16006
1788423300000,1.1600499999999998,1.16042,1.15993,1.16042
1788424200000,1.1604100000000002,1.1606100000000001,1.16016,1.1606
1788425100000,1.16061,1.1611,1.16059,1.16086
1788426000000,1.16085,1.16118,1.16042,1.16044
1788426900000,1.16045,1.1606100000000001,1.16016,1.16029
1788427800000,1.1603,1.16045,1.16008,1.16039
1788428700000,1.1604100000000002,1.16059,1.1603,1.1605200000000002
1788429600000,1.16053,1.16065,1.16008,1.16009
1788430500000,1.16008,1.16024,1.15994,1.16005
1788431400000,1.16004,1.1601,1.15973,1.1598199999999999
1788432300000,1.15981,1.1604700000000001,1.15979,1.1603400000000001
1788433200000,1.1603500000000002,1.16076,1.16013,1.1607
1788434100000,1.16071,1.16138,1.16069,1.16095
1788435000000,1.1609399999999999,1.1611099999999999,1.16047,1.1608399999999999
1788435900000,1.16081,1.1614,1.16075,1.1612099999999999
1788436800000,1.16124,1.16164,1.16107,1.16128
1788437700000,1.1612900000000002,1.1614,1.16077,1.16089
1788438600000,1.16086,1.16244,1.16086,1.16185
1788439500000,1.16184,1.16297,1.1617,1.16253
1788440400000,1.16252,1.1628100000000001,1.16209,1.1626
1788441300000,1.1626100000000001,1.16273,1.16195,1.16228
1788442200000,1.16229,1.16245,1.16182,1.16225
1788443100000,1.16226,1.16272,1.16168,1.16267
1788444000000,1.1622400000000002,1.1627100000000001,1.16196,1.1624100000000002
1788444900000,1.1623999999999999,1.16249,1.16194,1.16226
1788445800000,1.16225,1.16235,1.16135,1.16135
1788446700000,1.16134,1.1620000000000001,1.16128,1.16178
1788447600000,1.16177,1.1624,1.16171,1.1623
1788448500000,1.16229,1.16242,1.16207,1.1623599999999998
1788449400000,1.1623999999999999,1.1626999999999998,1.1618,1.16193
1788450300000,1.16194,1.16231,1.16169,1.16224
1788451200000,1.16223,1.1627,1.16208,1.16266
1788452100000,1.16268,1.16349,1.16268,1.1634799999999998
1788453000000,1.16349,1.16369,1.16333,1.16366
1788453900000,1.16365,1.1640700000000002,1.16362,1.1636300000000002
1788454800000,1.16364,1.16381,1.16348,1.1636
1788455700000,1.16359,1.16377,1.16347,1.16364
1788456600000,1.1636499999999999,1.1637499999999998,1.16356,1.16361
1788457500000,1.1636,1.1636600000000001,1.16321,1.1632200000000001
1788458400000,1.16323,1.16349,1.16312,1.16339
1788459300000,1.16338,1.1636,1.1633,1.16346
1788460200000,1.16347,1.16349,1.16326,1.16326
1788461100000,1.1632799999999999,1.16343,1.16316,1.16342
1788462000000,1.1634099999999998,1.16347,1.16285,1.16285
1788462900000,1.1628399999999999,1.16292,1.16251,1.1626299999999998
1788463800000,1.16262,1.16272,1.16247,1.1626599999999998
1788464700000,1.16266,1.16301,1.16266,1.16282
1788465600000,1.16283,1.16296,1.16273,1.16274
1788466500000,1.1627299999999998,1.1627399999999999,1.16254,1.16264
1788467400000,1.16265,1.1627100000000001,1.16253,1.1626100000000001
1788468300000,1.1626100000000001,1.1627200000000002,1.1625,1.16252
1788469200000,1.1625,1.1625,1.16192,1.16236
1788470100000,1.16235,1.16248,1.16219,1.16229
1788471000000,1.1622999999999999,1.1623599999999998,1.16224,1.16227
1788471900000,1.16222,1.16239,1.16222,1.16234
1788472800000,1.1624100000000002,1.16265,1.16236,1.1625800000000002
1788473700000,1.1625699999999999,1.16261,1.16248,1.16254
1788474600000,1.16254,1.16259,1.16242,1.16246
1788475500000,1.1624700000000001,1.16248,1.16222,1.16225
1788476400000,1.16225,1.1624400000000001,1.16222,1.16233
1788477300000,1.16233,1.16249,1.16233,1.1624400000000001
1788478200000,1.1624400000000001,1.16269,1.16243,1.16257
1788479100000,1.16259,1.16279,1.16253,1.16274
1788480000000,1.16275,1.16308,1.16269,1.1628
1788480900000,1.1627999999999998,1.16285,1.16254,1.16255
1788481800000,1.1625599999999998,1.16279,1.16247,1.1627399999999999
1788482700000,1.16277,1.16307,1.16273,1.16273
1788483600000,1.16274,1.16291,1.16267,1.1627
1788484500000,1.16269,1.16311,1.16266,1.16287
1788485400000,1.16286,1.1629,1.16272,1.16288
1788486300000,1.16286,1.1629500000000002,1.16274,1.1629500000000002
1788487200000,1.16296,1.16326,1.16289,1.16294
1788488100000,1.16295,1.16298,1.16254,1.16268
1788489000000,1.16269,1.16285,1.16264,1.16275
1788489900000,1.1627399999999999,1.16292,1.16265,1.1627
1788490800000,1.16269,1.16279,1.16262,1.16276
1788491700000,1.1627599999999998,1.16281,1.16264,1.1626599999999998
1788492600000,1.16265,1.16266,1.16225,1.16226
1788493500000,1.1622700000000001,1.1624,1.16219,1.16223
1788494400000,1.16224,1.1627100000000001,1.16222,1.1625
1788495300000,1.16249,1.16252,1.16229,1.16245
1788496200000,1.16246,1.1627100000000001,1.1624,1.1626500000000002
1788497100000,1.1626599999999998,1.1626999999999998,1.16254,1.1625999999999999
1788498000000,1.16261,1.16266,1.16242,1.16265
1788498900000,1.16263,1.16272,1.16259,1.16268
1788499800000,1.16269,1.16282,1.16258,1.1625999999999999
1788500700000,1.16261,1.16278,1.16245,1.1627399999999999
1788501600000,1.16273,1.16297,1.1627,1.16293
1788502500000,1.1629200000000002,1.16293,1.16274,1.16286
1788503400000,1.16287,1.1629399999999999,1.16265,1.16281
1788504300000,1.1628,1.16289,1.16265,1.16269
1788505200000,1.1626699999999999,1.16293,1.16255,1.16255
1788506100000,1.16256,1.1628100000000001,1.1625,1.16279
1788507000000,1.16278,1.1628399999999999,1.16255,1.16277
1788507900000,1.16278,1.1628,1.16205,1.16221
1788508800000,1.16222,1.16229,1.16181,1.1619
1788509700000,1.16189,1.16226,1.16185,1.16225
1788510600000,1.16226,1.16232,1.16205,1.1623
1788511500000,1.16231,1.1624999999999999,1.16221,1.16246
1788512400000,1.16245,1.16245,1.16209,1.16219
1788513300000,1.1622,1.16235,1.16204,1.16212
1788514200000,1.1621299999999999,1.1622,1.16184,1.1619599999999999
1788515100000,1.16197,1.1620300000000001,1.16158,1.16167
1788516000000,1.1616600000000001,1.1618700000000002,1.16162,1.16185
1788516900000,1.16186,1.16203,1.1617,1.16175
1788517800000,1.16174,1.16198,1.16165,1.16196
1788518700000,1.16197,1.16227,1.16197,1.16202
1788519600000,1.16201,1.16222,1.16198,1.16213
1788520500000,1.16214,1.16231,1.16204,1.16212
1788521400000,1.1621100000000002,1.16216,1.16189,1.1621100000000002
1788522300000,1.16212,1.16232,1.16196,1.1620000000000001
1788523200000,1.16201,1.16235,1.16198,1.16213
1788524100000,1.1621400000000002,1.16263,1.16213,1.16256
1788525000000,1.16259,1.1626100000000001,1.15843,1.1598600000000001
1788525900000,1.15986,1.1603999999999999,1.15899,1.16011
1788526800000,1.16012,1.1603400000000001,1.15958,1.16001
1788527700000,1.1600000000000001,1.16151,1.15999,1.16144
1788528600000,1.16145,1.16178,1.16091,1.1614300000000002
1788529500000,1.1614200000000001,1.16226,1.16083,1.16097
1788530400000,1.16096,1.1615,1.16082,1.16129
1788531300000,1.1612799999999999,1.1617099999999998,1.16108,1.1615
1788532200000,1.16153,1.1621199999999998,1.16142,1.1619499999999998
1788533100000,1.16196,1.16206,1.1613,1.16149
1788534000000,1.1615,1.16218,1.16119,1.1621599999999999
1788534900000,1.16212,1.16222,1.16188,1.1619
1788535800000,1.16191,1.1622199999999998,1.16186,1.16194
1788536700000,1.16195,1.16227,1.1617,1.1617199999999999
1788537600000,1.16171,1.16221,1.16171,1.16215
1788538500000,1.16214,1.16241,1.16201,1.16206
1788539400000,1.1620700000000002,1.1623,1.16196,1.16212
1788540300000,1.16211,1.1622199999999998,1.16186,1.16201
1788541200000,1.1620000000000001,1.16201,1.16145,1.1615300000000002
1788542100000,1.16154,1.16172,1.16128,1.16131
1788543000000,1.1613,1.16144,1.1612,1.16121
1788543900000,1.16123,1.1613799999999999,1.16115,1.16119
1788544800000,1.16121,1.16128,1.16101,1.16104
1788545700000,1.16108,1.1612,1.16098,1.16108
1788546600000,1.16109,1.16119,1.16093,1.16094
1788547500000,1.16093,1.16103,1.1608,1.16101
1788548400000,1.161,1.16123,1.16095,1.1611799999999999
1788549300000,1.16116,1.16142,1.16116,1.16142
1788550200000,1.16141,1.16153,1.16126,1.16151
1788551100000,1.1615,1.16151,1.1613,1.16141
1788552000000,1.1614,1.16148,1.16117,1.16121
1788552900000,1.16122,1.16132,1.16115,1.16126
1788553800000,1.16127,1.16128,1.16114,1.16118
1788554700000,1.1612,1.16138,1.1611,1.16131
1788728400000,1.1612,1.16121,1.16106,1.1611
1788729300000,1.16116,1.16116,1.16068,1.16069
1788730200000,1.16066,1.16096,1.16024,1.1603599999999998
1788731100000,1.16079,1.16079,1.16015,1.16029
1788732000000,1.1605,1.1612,1.1605,1.1611900000000002
1788732900000,1.1612,1.16126,1.16117,1.16121
1788733800000,1.1611799999999999,1.16123,1.16116,1.1612
1788734700000,1.1612,1.1613099999999998,1.16119,1.16124
1788735600000,1.1612500000000001,1.1615,1.16124,1.16147
1788736500000,1.16147,1.16148,1.16141,1.16141
1788737400000,1.1614,1.1615499999999999,1.16136,1.1615
1788738300000,1.1615,1.16152,1.16124,1.16126
1788739200000,1.16127,1.16147,1.16121,1.1614
1788740100000,1.16139,1.16183,1.16139,1.1617499999999998
1788741000000,1.1617600000000001,1.16194,1.16171,1.1618600000000001
1788741900000,1.16186,1.1619599999999999,1.16166,1.16177
1788742800000,1.1617899999999999,1.16181,1.1615,1.16166
1788743700000,1.16169,1.1617099999999998,1.16125,1.1615799999999998
1788744600000,1.16157,1.16159,1.16126,1.1613499999999999
1788745500000,1.16136,1.16159,1.16125,1.16129
1788746400000,1.16129,1.16132,1.16089,1.1609
1788747300000,1.16089,1.16105,1.16082,1.16105
1788748200000,1.16108,1.16114,1.16082,1.16085
1788749100000,1.16084,1.16093,1.16069,1.16086
1788750000000,1.1608699999999998,1.16096,1.16078,1.16088
1788750900000,1.1608800000000001,1.16116,1.16087,1.16114
1788751800000,1.1611500000000001,1.16116,1.16083,1.1609
1788752700000,1.1609099999999999,1.1611099999999999,1.16085,1.1611099999999999
1788753600000,1.1611,1.16114,1.16096,1.16101
1788754500000,1.161,1.16105,1.16093,1.16096
1788755400000,1.16095,1.161,1.16078,1.16089
1788756300000,1.16087,1.16114,1.16086,1.1610800000000001
1788757200000,1.1610900000000002,1.1611200000000002,1.16094,1.1609800000000001
1788758100000,1.16097,1.1610500000000001,1.16084,1.1609800000000001
1788759000000,1.16099,1.16109,1.16088,1.16098
1788759900000,1.16099,1.16139,1.16098,1.1613799999999999
1788760800000,1.16139,1.16139,1.16099,1.16109
1788761700000,1.16107,1.1616199999999999,1.16102,1.1615499999999999
1788762600000,1.16154,1.16188,1.16154,1.16163
1788763500000,1.16164,1.16173,1.16132,1.1614099999999998
1788764400000,1.1614,1.1615099999999998,1.16108,1.1613
1788765300000,1.16126,1.1617099999999998,1.16125,1.16167
1788766200000,1.16166,1.16191,1.16137,1.16161
1788767100000,1.1616,1.16234,1.16144,1.16231
1788768000000,1.1623,1.1631,1.16212,1.1631
1788768900000,1.1631099999999999,1.16353,1.16282,1.1631799999999999
1788769800000,1.16319,1.1633799999999999,1.16244,1.1624999999999999
1788770700000,1.16251,1.16257,1.16205,1.16205
1788771600000,1.16205,1.16229,1.16198,1.16216
1788772500000,1.16215,1.16245,1.16204,1.1623299999999999
1788773400000,1.16235,1.1625400000000001,1.16202,1.16216
1788774300000,1.16217,1.1622599999999998,1.1619,1.16198
1788775200000,1.1619700000000002,1.1623,1.16192,1.16219
1788776100000,1.16217,1.1624700000000001,1.16215,1.16232
1788777000000,1.1623100000000002,1.1624700000000001,1.16223,1.16246
1788777900000,1.16247,1.16262,1.16227,1.1623999999999999
1788778800000,1.16239,1.1625100000000002,1.16213,1.1622800000000002
1788779700000,1.16227,1.16241,1.16218,1.16233
1788780600000,1.16234,1.16244,1.16217,1.1622899999999998
1788781500000,1.1622800000000002,1.1624800000000002,1.16213,1.16225
1788782400000,1.16227,1.16242,1.16214,1.16215
1788783300000,1.16214,1.1626599999999998,1.16203,1.16265
1788784200000,1.1626400000000001,1.16277,1.16256,1.16272
1788785100000,1.16273,1.1627800000000001,1.1624,1.1624400000000001
1788786000000,1.16245,1.1626,1.16235,1.16259
1788786900000,1.1626,1.1626,1.16235,1.16244
1788787800000,1.16241,1.16261,1.16235,1.16256
1788788700000,1.16258,1.1629,1.16258,1.1628399999999999
1788789600000,1.16282,1.16316,1.16275,1.16306
1788790500000,1.1630500000000001,1.16324,1.1629,1.1629800000000001
1788791400000,1.16299,1.16303,1.16288,1.16293
1788792300000,1.1629099999999999,1.16322,1.16265,1.16306
1788793200000,1.16308,1.1631399999999998,1.16264,1.1626999999999998
1788794100000,1.16269,1.1630099999999999,1.16262,1.16299
1788795000000,1.16298,1.16306,1.16279,1.16288
1788795900000,1.1628699999999998,1.1628699999999998,1.16258,1.16271
1788796800000,1.16272,1.16272,1.16255,1.16265
1788797700000,1.16264,1.1627399999999999,1.16258,1.16273
1788798600000,1.16274,1.16291,1.16269,1.16291
1788799500000,1.1629,1.16293,1.16276,1.1628100000000001
1788800400000,1.1627999999999998,1.1627999999999998,1.16254,1.1625999999999999
1788801300000,1.1625999999999999,1.16262,1.16247,1.16248
1788802200000,1.16249,1.16251,1.16242,1.16248
1788803100000,1.16249,1.16251,1.16238,1.1624999999999999
1788804000000,1.16251,1.16252,1.16241,1.16241
1788804900000,1.16242,1.1624500000000002,1.1623,1.1623
1788805800000,1.16231,1.16236,1.16229,1.16235
1788806700000,1.1623400000000002,1.16235,1.16223,1.1623
1788807600000,1.1622999999999999,1.16231,1.16224,1.16225
1788808500000,1.16225,1.16225,1.16207,1.16221
1788809400000,1.1622000000000001,1.1622000000000001,1.16206,1.1620700000000002
1788810300000,1.16208,1.1621700000000001,1.16206,1.1621700000000001
1788811200000,1.16213,1.16216,1.16209,1.1621400000000002
1788812100000,1.16215,1.16221,1.16215,1.16216
1788813000000,1.16215,1.1622,1.16214,1.16218
1788813900000,1.1621800000000002,1.16225,1.16213,1.16225
1788814800000,1.1621400000000002,1.1622700000000001,1.16182,1.1621000000000001
1788815700000,1.16212,1.16226,1.16211,1.16219
1788816600000,1.16216,1.1622000000000001,1.16216,1.1621700000000001
1788817500000,1.16214,1.16229,1.16214,1.16218
1788818400000,1.16219,1.16244,1.16218,1.16236
1788819300000,1.16234,1.16255,1.16234,1.16254
1788820200000,1.16252,1.1625400000000001,1.1624,1.1624500000000002
1788821100000,1.16245,1.1625400000000001,1.16239,1.1625
1788822000000,1.1624999999999999,1.16273,1.16248,1.16273
1788822900000,1.1627299999999998,1.16296,1.16264,1.1627699999999999
1788823800000,1.16278,1.16288,1.16264,1.16288
1788824700000,1.1628900000000002,1.1629,1.16257,1.1627200000000002
1788825600000,1.1627399999999999,1.16307,1.16241,1.16245
1788826500000,1.16244,1.16272,1.16235,1.16268
1788827400000,1.16269,1.16286,1.16256,1.16257
1788828300000,1.16256,1.1626999999999998,1.16251,1.16261
1788829200000,1.16262,1.16275,1.16252,1.16273
1788830100000,1.1627500000000002,1.16324,1.1627,1.16313
1788831000000,1.16314,1.16321,1.1629,1.16306
1788831900000,1.16306,1.16328,1.16297,1.16328
1788832800000,1.16329,1.16341,1.163,1.1630800000000001
1788833700000,1.1631,1.1632900000000002,1.1627,1.16282
1788834600000,1.16283,1.16283,1.16232,1.16252
1788835500000,1.16253,1.16256,1.16231,1.16234
1788836400000,1.1623299999999999,1.16251,1.16224,1.16238
1788837300000,1.16237,1.1625699999999999,1.16234,1.1624999999999999
1788838200000,1.16249,1.16256,1.16235,1.16255
1788839100000,1.16254,1.16267,1.16235,1.16239
1788840000000,1.16243,1.16252,1.16232,1.16235
1788840900000,1.16235,1.16245,1.16218,1.16226
1788841800000,1.1622700000000001,1.16242,1.16226,1.1624100000000002
1788842700000,1.1624,1.16246,1.16225,1.16244
1788843600000,1.1624500000000002,1.1625500000000002,1.1624,1.16249
1788844500000,1.16249,1.16259,1.1623,1.16233
1788845400000,1.1623400000000002,1.1626400000000001,1.16229,1.1626400000000001
1788846300000,1.16264,1.1630399999999999,1.16261,1.1630099999999999
1788847200000,1.16303,1.16353,1.16282,1.16296
1788848100000,1.16295,1.16299,1.16227,1.1623999999999999
1788849000000,1.16241,1.1625299999999998,1.16207,1.16245
1788849900000,1.16245,1.16246,1.16202,1.16202
1788850800000,1.1620300000000001,1.16228,1.16172,1.16184
1788851700000,1.16181,1.16187,1.16127,1.1614200000000001
1788852600000,1.16141,1.1616000000000002,1.16094,1.1612
1788853500000,1.16119,1.16132,1.16093,1.16123
1788854400000,1.16122,1.16159,1.16095,1.16096
1788855300000,1.16095,1.16146,1.16079,1.1613
1788856200000,1.1612900000000002,1.1615300000000002,1.16111,1.1611200000000002
1788857100000,1.1611,1.16136,1.16092,1.161
1788858000000,1.161,1.16144,1.16085,1.1611099999999999
1788858900000,1.1611,1.16125,1.16102,1.16112
1788859800000,1.16111,1.16159,1.16103,1.16135
1788860700000,1.1613600000000002,1.16145,1.16114,1.1613600000000002
1788861600000,1.1613499999999999,1.16137,1.16109,1.1613
1788862500000,1.1612900000000002,1.16162,1.16101,1.16111
1788863400000,1.1611200000000002,1.1611200000000002,1.16084,1.1608900000000002
1788864300000,1.1608999999999998,1.16142,1.16088,1.1612
1788865200000,1.16121,1.16136,1.16086,1.16103
1788866100000,1.16106,1.1615499999999999,1.16099,1.16149
1788867000000,1.1615,1.16184,1.16117,1.1612500000000001
1788867900000,1.1612600000000002,1.1613600000000002,1.16074,1.1612900000000002
1788868800000,1.1612799999999999,1.1614399999999998,1.16115,1.16123
1788869700000,1.1612200000000001,1.16165,1.16101,1.1615900000000001
1788870600000,1.16161,1.16186,1.16143,1.16153
1788871500000,1.1615199999999999,1.16198,1.16143,1.16198
1788872400000,1.1619899999999999,1.16245,1.16193,1.1623299999999999
1788873300000,1.1623,1.16269,1.16215,1.16219
1788874200000,1.1622299999999999,1.16238,1.16183,1.16208
1788875100000,1.1620700000000002,1.16229,1.16192,1.16216
1788876000000,1.16215,1.16246,1.16185,1.16194
1788876900000,1.16193,1.16269,1.16184,1.16254
1788877800000,1.16255,1.16303,1.16254,1.16299
1788878700000,1.163,1.1630600000000002,1.16257,1.1630500000000001
1788879600000,1.16307,1.16334,1.16286,1.1630800000000001
1788880500000,1.16307,1.16325,1.16282,1.1629
1788881400000,1.16291,1.1630500000000001,1.16263,1.1627
1788882300000,1.16271,1.16276,1.16258,1.16258
1788883200000,1.16259,1.16261,1.16218,1.16219
1788884100000,1.1622000000000001,1.16233,1.16202,1.1623
1788885000000,1.1622899999999998,1.16235,1.16203,1.1620899999999998
1788885900000,1.1621,1.16235,1.162,1.1622899999999998
1788886800000,1.1623,1.16268,1.16229,1.16258
1788887700000,1.1625699999999999,1.16264,1.16245,1.1625699999999999
1788888600000,1.1625800000000002,1.16259,1.16233,1.1623800000000002
1788889500000,1.16239,1.16259,1.16238,1.16255
1788890400000,1.16256,1.16264,1.16248,1.16251
1788891300000,1.1625,1.16273,1.16239,1.16272
1788892200000,1.16273,1.163,1.16267,1.163
1788893100000,1.16299,1.163,1.16214,1.16283
1788894000000,1.16284,1.16299,1.16242,1.16256
1788894900000,1.1625699999999999,1.1626599999999998,1.16247,1.16251
1788895800000,1.16252,1.16267,1.16243,1.1626500000000002
1788896700000,1.1626400000000001,1.1626400000000001,1.16219,1.16226
1788897600000,1.16228,1.16249,1.16221,1.1622999999999999
1788898500000,1.16231,1.1623999999999999,1.16214,1.16222
1788899400000,1.1622100000000002,1.1623100000000002,1.16213,1.16223
1788900300000,1.16222,1.16231,1.16217,1.1622299999999999
1788901200000,1.16234,1.16239,1.16197,1.16217
1788902100000,1.16218,1.16224,1.16208,1.16224
1788903000000,1.16224,1.1623299999999999,1.1622,1.1622299999999999
1788903900000,1.16223,1.16245,1.16218,1.16242
1788904800000,1.16234,1.1626,1.16222,1.16258
1788905700000,1.16257,1.16265,1.16256,1.16265
1788906600000,1.1626699999999999,1.16269,1.16247,1.1624999999999999
1788907500000,1.16249,1.16254,1.16245,1.16253
1788908400000,1.1625100000000002,1.16258,1.16246,1.1625400000000001
1788909300000,1.1625699999999999,1.16264,1.16251,1.16264
1788910200000,1.16263,1.1628,1.16252,1.16278
1788911100000,1.16277,1.16284,1.16262,1.16273
1788912000000,1.16274,1.16311,1.16274,1.1629900000000002
1788912900000,1.1629900000000002,1.16313,1.16294,1.1631
1788913800000,1.16311,1.16311,1.1629,1.16301
1788914700000,1.163,1.16318,1.16293,1.16318
1788915600000,1.16319,1.16319,1.16282,1.16309
1788916500000,1.16308,1.1631799999999999,1.16271,1.16282
1788917400000,1.1628100000000001,1.1629200000000002,1.1627,1.16282
1788918300000,1.16283,1.16309,1.16283,1.16306
1788919200000,1.1630399999999999,1.16306,1.16281,1.16295
1788920100000,1.16294,1.1629800000000001,1.16274,1.1627800000000001
1788921000000,1.16277,1.16291,1.16276,1.16284
1788921900000,1.16286,1.16312,1.16286,1.16304
1788922800000,1.16305,1.16312,1.16295,1.16302
1788923700000,1.16302,1.1630399999999999,1.16292,1.1629399999999999
1788924600000,1.16293,1.16309,1.16285,1.16306
1788925500000,1.1630600000000002,1.1631500000000001,1.16291,1.1629600000000002
1788926400000,1.1629500000000002,1.1630800000000001,1.16291,1.16303
1788927300000,1.1630399999999999,1.16329,1.16295,1.1632099999999999
1788928200000,1.1632099999999999,1.16326,1.16305,1.16308
1788929100000,1.16309,1.16323,1.16303,1.16323
1788930000000,1.16324,1.16345,1.16314,1.16334
1788930900000,1.1633499999999999,1.16363,1.16329,1.16353
1788931800000,1.16352,1.1635900000000001,1.16327,1.16327
1788932700000,1.1632699999999998,1.1634499999999999,1.16315,1.16337
1788933600000,1.16339,1.1640199999999998,1.16339,1.164
1788934500000,1.16399,1.1644400000000001,1.16396,1.1639700000000002
1788935400000,1.16398,1.16418,1.16367,1.16372
1788936300000,1.16371,1.16392,1.16365,1.16377
1788937200000,1.16378,1.16448,1.16378,1.16438
1788938100000,1.1643700000000001,1.1645100000000002,1.16372,1.16388
1788939000000,1.16392,1.16442,1.16367,1.16442
1788939900000,1.1644299999999999,1.16488,1.16414,1.16422
1788940800000,1.16423,1.16427,1.16354,1.16383
1788941700000,1.16384,1.1639,1.16354,1.16362
1788942600000,1.16363,1.16368,1.16334,1.1634200000000001
1788943500000,1.16344,1.16363,1.1632,1.16322
1788944400000,1.16323,1.16335,1.163,1.16306
1788945300000,1.1631,1.16341,1.1631,1.1632500000000001
1788946200000,1.1632600000000002,1.1633600000000002,1.16294,1.1629500000000002
1788947100000,1.16294,1.1629800000000001,1.16219,1.16232
1788948000000,1.1622999999999999,1.1627699999999999,1.16214,1.16244
1788948900000,1.16245,1.16268,1.16231,1.16259
1788949800000,1.1626,1.16311,1.16257,1.16273
1788950700000,1.16272,1.1632799999999999,1.16272,1.16299
1788951600000,1.1629800000000001,1.1632900000000002,1.16297,1.1632500000000001
1788952500000,1.16326,1.16473,1.16316,1.16472
1788953400000,1.1647299999999998,1.1647399999999999,1.16417,1.16432
1788954300000,1.16434,1.16482,1.16424,1.16452
1788955200000,1.16453,1.1653600000000002,1.16453,1.16518
1788956100000,1.16519,1.16519,1.16452,1.16462
1788957000000,1.1646299999999998,1.1648399999999999,1.16447,1.16458
1788957900000,1.16461,1.16475,1.16421,1.16458
1788958800000,1.16459,1.16483,1.16453,1.16476
1788959700000,1.1647500000000002,1.1647500000000002,1.16443,1.1647100000000001
1788960600000,1.1646599999999998,1.16489,1.16447,1.16481
1788961500000,1.16482,1.1649399999999999,1.16451,1.1646999999999998
1788962400000,1.16469,1.16521,1.1646,1.16518
1788963300000,1.16519,1.16524,1.16445,1.16465
1788964200000,1.16464,1.16466,1.16438,1.16449
1788965100000,1.1645,1.16479,1.1644,1.1647500000000002
1788966000000,1.16477,1.1651,1.16225,1.1623
1788966900000,1.16229,1.1625,1.16196,1.1624500000000002
1788967800000,1.16246,1.1634200000000001,1.1623,1.1630800000000001
1788968700000,1.1631,1.16324,1.16246,1.16265
1788969600000,1.16266,1.16333,1.16266,1.16294
1788970500000,1.16295,1.16296,1.16264,1.16289
1788971400000,1.16288,1.1635399999999998,1.16281,1.1634499999999999
1788972300000,1.16344,1.16392,1.16343,1.16353
1788973200000,1.16352,1.1640700000000002,1.16345,1.1637600000000001
1788974100000,1.16375,1.16403,1.1637,1.1639899999999999
1788975000000,1.16398,1.16398,1.16358,1.16378
1788975900000,1.16379,1.1638300000000001,1.16372,1.16375
1788976800000,1.16377,1.16391,1.16368,1.1637600000000001
1788977700000,1.16375,1.16375,1.16344,1.16352
1788978600000,1.16353,1.16353,1.16303,1.16303
1788979500000,1.1630399999999999,1.1630399999999999,1.16275,1.16288
1788980400000,1.16287,1.16295,1.16252,1.16262
1788981300000,1.16263,1.1629,1.16258,1.16269
1788982200000,1.16268,1.16293,1.16265,1.16292
1788983100000,1.16294,1.16311,1.16294,1.16306
1788984000000,1.1630500000000001,1.16306,1.16277,1.1628500000000002
1788984900000,1.16286,1.16289,1.16272,1.16289
1788985800000,1.16292,1.16312,1.16292,1.16307
1788986700000,1.1630800000000001,1.16331,1.16307,1.16323
1788987600000,1.16256,1.16346,1.16238,1.1634499999999999
1788988500000,1.1634499999999999,1.16353,1.16333,1.16344
1788989400000,1.16344,1.16346,1.16339,1.1634099999999998
1788990300000,1.16339,1.16342,1.16325,1.16325
1788991200000,1.1632500000000001,1.1636600000000001,1.16324,1.1635
1788992100000,1.1635,1.16378,1.1635,1.16372
1788993000000,1.16374,1.1637499999999998,1.16356,1.1637
1788993900000,1.16367,1.16373,1.1636,1.1637
1788994800000,1.16371,1.16375,1.16362,1.16372
1788995700000,1.1637099999999998,1.16374,1.16359,1.16364
1788996600000,1.1636300000000002,1.1636900000000001,1.16345,1.1635600000000001
1788997500000,1.16357,1.16357,1.16322,1.16333
1788998400000,1.16333,1.1633799999999999,1.16305,1.1633
1788999300000,1.1633,1.1634,1.163,1.16301
1789000200000,1.16302,1.1631799999999999,1.16289,1.16315
1789001100000,1.16312,1.16334,1.16303,1.16306
1789002000000,1.16307,1.1635,1.16302,1.16347
1789002900000,1.16346,1.16358,1.16316,1.1631799999999999
1789003800000,1.1631799999999999,1.1633799999999999,1.16315,1.1633399999999998
1789004700000,1.16335,1.16395,1.1633,1.16391
1789005600000,1.16391,1.16405,1.16371,1.16377
1789006500000,1.16377,1.16379,1.16354,1.16358
1789007400000,1.16359,1.16373,1.16336,1.16357
1789008300000,1.1635600000000001,1.1639400000000002,1.16352,1.1639400000000002
1789009200000,1.1639300000000001,1.16396,1.16361,1.16362
1789010100000,1.16363,1.16371,1.16357,1.16368
1789011000000,1.16367,1.16374,1.16358,1.1636300000000002
1789011900000,1.16364,1.16383,1.16363,1.1638199999999999
1789012800000,1.16382,1.16399,1.16371,1.16388
1789013700000,1.16389,1.1639300000000001,1.16372,1.16372
1789014600000,1.16373,1.1638499999999998,1.16373,1.16374
1789015500000,1.16373,1.16378,1.16357,1.16362
1789016400000,1.16363,1.16378,1.16363,1.16377
1789017300000,1.16378,1.16384,1.16373,1.16383
1789018200000,1.16382,1.1639599999999999,1.16367,1.16369
1789019100000,1.1637,1.1640199999999998,1.16369,1.16397
1789020000000,1.16397,1.16397,1.16371,1.1637600000000001
1789020900000,1.16377,1.1639300000000001,1.16371,1.16391
1789021800000,1.16392,1.1639400000000002,1.16372,1.1637600000000001
1789022700000,1.16377,1.16395,1.1636,1.16393
1789023600000,1.16394,1.16394,1.1635,1.16374
1789024500000,1.16372,1.16391,1.16367,1.16384
1789025400000,1.16386,1.1641299999999999,1.1638,1.16403
1789026300000,1.1640400000000002,1.1640700000000002,1.16382,1.1639300000000001
1789027200000,1.16394,1.16394,1.16349,1.16353
1789028100000,1.16352,1.16382,1.16351,1.1638
1789029000000,1.16381,1.16391,1.16351,1.1636
1789029900000,1.16361,1.16378,1.16338,1.16374
1789030800000,1.16373,1.16398,1.16364,1.16397
1789031700000,1.16396,1.16398,1.16347,1.16364
1789032600000,1.16363,1.16364,1.16307,1.16326
1789033500000,1.1632799999999999,1.1634399999999998,1.16308,1.16342
1789034400000,1.16341,1.16374,1.16331,1.16348
1789035300000,1.16347,1.16356,1.163,1.16301
1789036200000,1.163,1.16304,1.16228,1.16234
1789037100000,1.16232,1.16292,1.16229,1.1627100000000001
1789038000000,1.16269,1.1628,1.16225,1.16239
1789038900000,1.16238,1.16249,1.16211,1.16227
1789039800000,1.16228,1.1625699999999999,1.16217,1.1625699999999999
1789040700000,1.16259,1.1626400000000001,1.16145,1.16165
1789041600000,1.1616199999999999,1.16188,1.16133,1.1614
1789042500000,1.1614399999999998,1.16242,1.16098,1.1621499999999998
1789043400000,1.16214,1.1626699999999999,1.15916,1.16007
1789044300000,1.16003,1.16092,1.15994,1.1603999999999999
1789045200000,1.16041,1.16069,1.15995,1.15999
1789046100000,1.15998,1.16044,1.1597,1.16021
1789047000000,1.16023,1.16173,1.16012,1.16155
1789047900000,1.16154,1.16185,1.16099,1.16107
1789048800000,1.16107,1.16221,1.16107,1.16188
1789049700000,1.1619,1.16244,1.16156,1.16208
1789050600000,1.16208,1.16283,1.16194,1.16241
1789051500000,1.1624,1.1628900000000002,1.1624,1.1628900000000002
1789052400000,1.16288,1.16309,1.16247,1.16279
1789053300000,1.16276,1.16307,1.16236,1.16243
1789054200000,1.16242,1.1628900000000002,1.1624,1.1627200000000002
1789055100000,1.1627299999999998,1.1629699999999998,1.16237,1.1627399999999999
1789056000000,1.16276,1.16282,1.16231,1.16248
1789056900000,1.1624599999999998,1.16281,1.16234,1.16255
1789057800000,1.16253,1.16258,1.16191,1.16213
1789058700000,1.16214,1.1621599999999999,1.1618,1.16188
1789059600000,1.1618899999999999,1.1621199999999998,1.16159,1.1620899999999998
1789060500000,1.1620899999999998,1.16225,1.162,1.16207
1789061400000,1.16208,1.16219,1.16181,1.16192
1789062300000,1.16193,1.1621,1.16181,1.16188
1789063200000,1.1618899999999999,1.1619,1.16122,1.16127
1789064100000,1.16128,1.16162,1.16121,1.1614900000000001
1789065000000,1.16148,1.16153,1.16126,1.1615199999999999
1789065900000,1.1615099999999998,1.16156,1.16122,1.16132
1789066800000,1.1612799999999999,1.1612799999999999,1.16085,1.1609399999999999
1789067700000,1.16093,1.16123,1.1609,1.16113
1789068600000,1.16115,1.16123,1.16095,1.1611
1789069500000,1.16109,1.16117,1.16092,1.16096
1789070400000,1.16093,1.16097,1.16082,1.16089
1789071300000,1.1609,1.16091,1.16049,1.16062
1789072200000,1.1606299999999998,1.16088,1.16061,1.1606699999999999
1789073100000,1.16067,1.1610200000000002,1.16067,1.1608900000000002
1789074000000,1.1611,1.16113,1.16063,1.16074
1789074900000,1.1607399999999999,1.1607399999999999,1.16051,1.1606299999999998
1789075800000,1.1606400000000001,1.16076,1.16063,1.16076
1789076700000,1.16076,1.16084,1.1605,1.16077
1789077600000,1.1607699999999999,1.16105,1.16058,1.1608
1789078500000,1.16081,1.16096,1.16078,1.1608399999999999
1789079400000,1.16084,1.1609500000000001,1.16077,1.1608800000000001
1789080300000,1.16086,1.16106,1.16086,1.16097
1789081200000,1.1609699999999998,1.16106,1.16081,1.16089
1789082100000,1.16089,1.16099,1.1608,1.16083
1789083000000,1.16082,1.16097,1.16076,1.16097
1789083900000,1.16096,1.1610600000000002,1.16084,1.1610500000000001
1789084800000,1.16104,1.16141,1.16103,1.16123
1789085700000,1.16124,1.16138,1.16106,1.16127
1789086600000,1.16126,1.16135,1.16114,1.16128
1789087500000,1.16127,1.16148,1.16124,1.1614600000000002
1789088400000,1.16146,1.16164,1.1614,1.16159
1789089300000,1.16158,1.1616900000000001,1.16141,1.1615
1789090200000,1.16151,1.16161,1.16135,1.16137
1789091100000,1.16138,1.16138,1.16103,1.16119
1789092000000,1.16119,1.16121,1.16083,1.16092
1789092900000,1.1609099999999999,1.1609099999999999,1.16054,1.16055
1789093800000,1.1605500000000002,1.16076,1.1605,1.1606400000000001
1789094700000,1.1606400000000001,1.16082,1.16063,1.16067
1789095600000,1.16068,1.16072,1.16045,1.16064
1789096500000,1.16065,1.16067,1.16005,1.16006
1789097400000,1.16006,1.1601800000000002,1.15996,1.1601000000000001
1789098300000,1.16011,1.16024,1.15991,1.16011
1789099200000,1.16011,1.1606400000000001,1.15998,1.16056
1789100100000,1.16055,1.16075,1.16055,1.16072
1789101000000,1.1607100000000001,1.16074,1.16046,1.1605400000000001
1789101900000,1.16056,1.16062,1.16039,1.1604
1789102800000,1.1603999999999999,1.16086,1.16038,1.1608399999999999
1789103700000,1.1608500000000002,1.16101,1.16084,1.1609800000000001
1789104600000,1.16099,1.16132,1.16099,1.1611
1789105500000,1.16108,1.16126,1.16088,1.16093
1789106400000,1.16097,1.16128,1.16084,1.16121
1789107300000,1.16122,1.16133,1.16098,1.16105
1789108200000,1.16105,1.1612,1.16085,1.16095
1789109100000,1.1609099999999999,1.16117,1.16085,1.1609399999999999
1789110000000,1.16095,1.16106,1.16065,1.1607399999999999
1789110900000,1.16075,1.1610099999999999,1.16054,1.1606599999999998
1789111800000,1.16065,1.16084,1.16035,1.16037
1789112700000,1.16036,1.1605,1.16009,1.1605
1789113600000,1.16052,1.16056,1.16021,1.16037
1789114500000,1.16036,1.16075,1.16012,1.16013
1789115400000,1.16014,1.16045,1.1601,1.16041
1789116300000,1.1603899999999998,1.16045,1.15976,1.15986
1789117200000,1.15985,1.1601800000000002,1.15952,1.1597000000000002
1789118100000,1.1596899999999999,1.1601,1.15959,1.15994
1789119000000,1.15993,1.1599899999999999,1.1597,1.15983
1789119900000,1.1598199999999999,1.1598199999999999,1.15946,1.15956
1789120800000,1.15957,1.15987,1.15932,1.15957
1789121700000,1.15956,1.15956,1.1591,1.15916
1789122600000,1.15917,1.15927,1.15897,1.15908
1789123500000,1.1590699999999998,1.1591799999999999,1.15895,1.15916
1789124400000,1.15917,1.15943,1.1591,1.15935
1789125300000,1.1593600000000002,1.1593600000000002,1.15908,1.1593000000000002
1789126200000,1.1593200000000001,1.1594300000000002,1.15908,1.15931
1789127100000,1.15932,1.15951,1.15902,1.15909
1789128000000,1.1591099999999999,1.15943,1.15909,1.15919
1789128900000,1.1592,1.15965,1.15903,1.15957
1789129800000,1.15961,1.15971,1.15689,1.15936
1789130700000,1.15937,1.1603199999999998,1.15932,1.16025
1789131600000,1.1602400000000002,1.16087,1.15992,1.16023
1789132500000,1.16022,1.1607999999999998,1.1598,1.16037
1789133400000,1.16036,1.161,1.16004,1.16028
1789134300000,1.16029,1.1613,1.16023,1.16117
1789135200000,1.16118,1.16147,1.1607,1.1610500000000001
1789136100000,1.16104,1.16127,1.16067,1.1607500000000002
1789137000000,1.16074,1.16106,1.16053,1.16087
1789137900000,1.16086,1.16144,1.16083,1.16135
1789138800000,1.16134,1.16148,1.16049,1.1607
1789139700000,1.16069,1.16087,1.16036,1.16042
1789140600000,1.16043,1.1605,1.16006,1.1602100000000002
1789141500000,1.16022,1.16031,1.15997,1.16029
1789142400000,1.1603,1.1604400000000001,1.16012,1.16015
1789143300000,1.16014,1.16068,1.16014,1.16044
1789144200000,1.16045,1.16051,1.15991,1.15997
1789145100000,1.15996,1.1602100000000002,1.15979,1.15991
1789146000000,1.15992,1.15992,1.15955,1.15965
1789146900000,1.15964,1.1600199999999998,1.15959,1.1598799999999998
1789147800000,1.1598899999999999,1.15999,1.15977,1.15987
1789148700000,1.15988,1.15998,1.15972,1.1597600000000001
1789149600000,1.15975,1.15992,1.15974,1.15978
1789150500000,1.15978,1.15982,1.15945,1.15954
1789151400000,1.15955,1.15957,1.15917,1.15921
1789152300000,1.15921,1.15953,1.15913,1.15951
1789153200000,1.15952,1.15967,1.15927,1.15966
1789154100000,1.15965,1.15971,1.1595,1.15955
1789155000000,1.15957,1.15968,1.15941,1.15952
1789155900000,1.15951,1.1596000000000002,1.15938,1.15954
1789156800000,1.1595900000000001,1.15963,1.15924,1.15936
1789157700000,1.15938,1.1594200000000001,1.15924,1.15933
1789158600000,1.15934,1.15937,1.15911,1.15937
1789159500000,1.15935,1.1598000000000002,1.15931,1.15975
1789333200000,1.1595199999999999,1.1595199999999999,1.15912,1.1595
1789334100000,1.15954,1.15954,1.15926,1.15953
1789335000000,1.1594200000000001,1.15946,1.15927,1.15928
1789335900000,1.15942,1.1595799999999998,1.15905,1.1592
1789336800000,1.1592900000000002,1.15967,1.15921,1.1593600000000002
1789337700000,1.15936,1.15941,1.1589,1.1590500000000001
1789338600000,1.1590900000000002,1.15913,1.15887,1.15913
1789339500000,1.1591300000000002,1.15914,1.15891,1.15903
1789340400000,1.15903,1.1592200000000001,1.159,1.15904
1789341300000,1.1590500000000001,1.1590500000000001,1.1589,1.1590500000000001
1789342200000,1.15905,1.1591099999999999,1.15892,1.15907
1789343100000,1.1590500000000001,1.15938,1.15904,1.1592900000000002
1789344000000,1.15927,1.1595199999999999,1.15912,1.1592099999999999
1789344900000,1.1592200000000001,1.1593,1.15846,1.15852
1789345800000,1.15851,1.15873,1.15845,1.15853
1789346700000,1.15853,1.15882,1.15852,1.15871
1789347600000,1.15872,1.1587500000000002,1.15833,1.15835
1789348500000,1.1583400000000001,1.1587100000000001,1.15829,1.15869
1789349400000,1.1587,1.15881,1.15845,1.1588
1789350300000,1.15879,1.15881,1.15852,1.15855
1789351200000,1.1585400000000001,1.15879,1.1585,1.1586800000000002
1789352100000,1.1586699999999999,1.1587299999999998,1.15861,1.15866
1789353000000,1.15867,1.1587,1.15835,1.15843
1789353900000,1.15842,1.15851,1.15804,1.1581
1789354800000,1.15809,1.1581100000000002,1.15745,1.15748
1789355700000,1.1574900000000001,1.1575600000000001,1.15721,1.1573200000000001
1789356600000,1.15733,1.15733,1.15689,1.15692
1789357500000,1.1569099999999999,1.1570399999999998,1.15685,1.15699
1789358400000,1.15698,1.15702,1.15665,1.15676
1789359300000,1.15675,1.15681,1.15645,1.1564699999999999
1789360200000,1.1564699999999999,1.15659,1.15618,1.15623
1789361100000,1.15624,1.15658,1.15617,1.1564999999999999
1789362000000,1.15648,1.1565100000000001,1.15629,1.15643
1789362900000,1.15642,1.1568,1.1564,1.1567200000000002
1789363800000,1.15671,1.1569699999999998,1.15668,1.1569
1789364700000,1.15689,1.1569999999999998,1.15671,1.1569399999999999
1789365600000,1.15695,1.1569699999999998,1.15563,1.15584
1789366500000,1.15581,1.1558300000000001,1.15508,1.1554600000000002
1789367400000,1.15547,1.15594,1.15546,1.1558499999999998
1789368300000,1.15585,1.15591,1.15503,1.1552
1789369200000,1.1552,1.1556600000000001,1.15508,1.1556600000000001
1789370100000,1.15565,1.15572,1.15535,1.1553900000000001
1789371000000,1.15538,1.1554,1.15472,1.15485
1789371900000,1.15486,1.15495,1.15422,1.15439
1789372800000,1.1543999999999999,1.1544299999999998,1.15359,1.1536
1789373700000,1.15356,1.15371,1.15339,1.15349
1789374600000,1.15347,1.1540000000000001,1.15338,1.15368
1789375500000,1.15367,1.15402,1.15365,1.15375
1789376400000,1.15376,1.15407,1.15367,1.15376
1789377300000,1.15375,1.15429,1.15348,1.1542700000000001
1789378200000,1.15431,1.15449,1.15402,1.15422
1789379100000,1.15421,1.15434,1.15403,1.1541299999999999
1789380000000,1.15412,1.15413,1.15372,1.1540000000000001
1789380900000,1.15399,1.1541400000000002,1.15365,1.15405
1789381800000,1.15406,1.15412,1.15391,1.15403
1789382700000,1.15402,1.15412,1.15375,1.15398
1789383600000,1.15397,1.1544299999999998,1.15397,1.1544299999999998
1789384500000,1.15442,1.15482,1.15436,1.15477
1789385400000,1.15477,1.1549200000000002,1.15464,1.15464
1789386300000,1.1546399999999999,1.15478,1.15437,1.1547299999999998
1789387200000,1.1547200000000002,1.1551500000000001,1.15464,1.1548500000000002
1789388100000,1.15486,1.15505,1.15391,1.15404
1789389000000,1.1540300000000001,1.15415,1.15291,1.15335
1789389900000,1.15334,1.1535300000000002,1.15291,1.1531900000000002
1789390800000,1.1531799999999999,1.1536099999999998,1.15288,1.1535799999999998
1789391700000,1.15356,1.15365,1.1533,1.15344
1789392600000,1.15343,1.15368,1.15317,1.15337
1789393500000,1.1533600000000002,1.15344,1.15226,1.15247
1789394400000,1.15246,1.15351,1.15232,1.15346
1789395300000,1.15347,1.15364,1.15277,1.1531200000000001
1789396200000,1.1531300000000002,1.15416,1.15308,1.1541400000000002
1789397100000,1.15415,1.15421,1.15354,1.15365
1789398000000,1.1536899999999999,1.15469,1.15353,1.1540599999999999
1789398900000,1.1540499999999998,1.15428,1.15376,1.15411
1789399800000,1.1541000000000001,1.1549500000000001,1.15386,1.1547800000000001
1789400700000,1.15479,1.1548800000000001,1.15446,1.15475
1789401600000,1.15475,1.1551799999999999,1.15472,1.1550099999999999
1789402500000,1.15502,1.15531,1.15499,1.15505
1789403400000,1.15504,1.15584,1.15489,1.15575
1789404300000,1.15578,1.15629,1.15572,1.15596
1789405200000,1.15597,1.15609,1.15577,1.1557899999999999
1789406100000,1.1558,1.15588,1.1557,1.15574
1789407000000,1.15575,1.15581,1.15543,1.15549
1789407900000,1.1555,1.15575,1.15538,1.1555600000000001
1789408800000,1.15557,1.1558,1.15543,1.1557
1789409700000,1.15569,1.1557300000000001,1.15555,1.1556000000000002
1789410600000,1.15559,1.15587,1.15559,1.1557
1789411500000,1.15569,1.1557000000000002,1.15545,1.15564
1789412400000,1.15565,1.15571,1.15551,1.15561
1789413300000,1.15561,1.15564,1.15521,1.15525
1789414200000,1.15524,1.15525,1.15504,1.1550900000000002
1789415100000,1.1551,1.15511,1.15463,1.15467
1789416000000,1.15466,1.15466,1.1544,1.1546
1789416900000,1.15462,1.15469,1.1545,1.15462
1789417800000,1.1546100000000001,1.15484,1.1546,1.15483
1789418700000,1.15482,1.15501,1.1548,1.15497
1789419600000,1.15474,1.15474,1.15392,1.15467
1789420500000,1.15466,1.15468,1.15432,1.15468
1789421400000,1.15462,1.15475,1.15445,1.15471
1789422300000,1.15464,1.15492,1.15456,1.15469
1789423200000,1.1546699999999999,1.15496,1.15455,1.15489
1789424100000,1.15489,1.15493,1.15488,1.1549099999999999
1789425000000,1.1549,1.15509,1.1549,1.15502
1789425900000,1.1550200000000002,1.15513,1.15497,1.1551
1789426800000,1.1550799999999999,1.1551399999999998,1.15505,1.1550799999999999
1789427700000,1.15508,1.15508,1.15491,1.15493
1789428600000,1.15493,1.15493,1.15472,1.15482
1789429500000,1.15482,1.15484,1.15462,1.15473
1789430400000,1.1547399999999999,1.15478,1.15454,1.15458
1789431300000,1.15459,1.15463,1.15431,1.15432
1789432200000,1.15433,1.1544,1.15425,1.15432
1789433100000,1.15434,1.1544999999999999,1.15427,1.1542999999999999
1789434000000,1.1543,1.1543400000000001,1.15409,1.15418
1789434900000,1.15417,1.1542899999999998,1.15373,1.1537899999999999
1789435800000,1.15378,1.1539300000000001,1.15368,1.15369
1789436700000,1.1536799999999998,1.15391,1.15366,1.15376
1789437600000,1.15377,1.1539300000000001,1.15361,1.15362
1789438500000,1.15362,1.15374,1.15357,1.15363
1789439400000,1.1536199999999999,1.15365,1.1535,1.15357
1789440300000,1.15358,1.1540300000000001,1.15358,1.15399
1789441200000,1.15398,1.1540400000000002,1.15382,1.15384
1789442100000,1.1537899999999999,1.1539499999999998,1.15366,1.15383
1789443000000,1.1538199999999998,1.15388,1.15366,1.1537199999999999
1789443900000,1.15371,1.15378,1.15367,1.15368
1789444800000,1.1537,1.15373,1.15356,1.1536199999999999
1789445700000,1.15362,1.1536600000000001,1.15341,1.15353
1789446600000,1.15354,1.15378,1.15351,1.15363
1789447500000,1.15363,1.15373,1.1536,1.15364
1789448400000,1.1536300000000002,1.15369,1.15345,1.15361
1789449300000,1.15363,1.15364,1.15337,1.15354
1789450200000,1.15354,1.1536899999999999,1.15329,1.1536499999999998
1789451100000,1.15366,1.15376,1.15339,1.15346
1789452000000,1.1534499999999999,1.15356,1.15315,1.1534
1789452900000,1.15338,1.15339,1.15266,1.15283
1789453800000,1.1528500000000002,1.15296,1.15267,1.1527800000000001
1789454700000,1.15277,1.15334,1.15266,1.15333
1789455600000,1.1533399999999998,1.1537199999999999,1.15315,1.1536
1789456500000,1.15361,1.15385,1.15352,1.15382
1789457400000,1.1538300000000001,1.15394,1.15351,1.15384
1789458300000,1.15385,1.1540300000000001,1.15362,1.15401
1789459200000,1.154,1.15401,1.15346,1.15373
1789460100000,1.1537300000000001,1.1539300000000001,1.15358,1.15367
1789461000000,1.15368,1.1539300000000001,1.15338,1.15338
1789461900000,1.1533900000000001,1.15347,1.15317,1.15326
1789462800000,1.1532600000000002,1.15362,1.15321,1.15358
1789463700000,1.15357,1.1535799999999998,1.15319,1.1534799999999998
1789464600000,1.15347,1.15354,1.1533,1.15335
1789465500000,1.15334,1.15381,1.15333,1.15368
1789466400000,1.15369,1.15388,1.15355,1.1536000000000002
1789467300000,1.1535900000000001,1.15392,1.15355,1.15379
1789468200000,1.15379,1.1539400000000002,1.15369,1.15369
1789469100000,1.1537,1.1538,1.15339,1.15344
1789470000000,1.15345,1.15372,1.15337,1.15371
1789470900000,1.1537,1.1542299999999999,1.1537,1.1541
1789471800000,1.15409,1.15419,1.15394,1.154
1789472700000,1.15401,1.15418,1.1538,1.1538899999999999
1789473600000,1.15388,1.15415,1.15381,1.15397
1789474500000,1.15396,1.15415,1.15378,1.15413
1789475400000,1.1541400000000002,1.15469,1.15413,1.15452
1789476300000,1.15452,1.15491,1.15442,1.15459
1789477200000,1.15458,1.15478,1.15454,1.15468
1789478100000,1.1546699999999999,1.15468,1.15411,1.15427
1789479000000,1.15429,1.15435,1.15387,1.1543299999999999
1789479900000,1.15434,1.15509,1.1542,1.1548699999999998
1789480800000,1.1548800000000001,1.1549200000000002,1.1545,1.1547800000000001
1789481700000,1.15478,1.15495,1.15448,1.15472
1789482600000,1.1547100000000001,1.15513,1.15399,1.1542100000000002
1789483500000,1.15422,1.15472,1.15415,1.15424
1789484400000,1.15424,1.15442,1.1539,1.15398
1789485300000,1.15397,1.15456,1.15394,1.15446
1789486200000,1.15441,1.15449,1.15394,1.15399
1789487100000,1.15403,1.15427,1.15383,1.15411
1789488000000,1.15411,1.15421,1.15393,1.1540199999999998
1789488900000,1.15401,1.15411,1.15385,1.15394
1789489800000,1.15394,1.1542,1.1539,1.15404
1789490700000,1.15405,1.1542700000000001,1.15395,1.15424
1789491600000,1.15423,1.15432,1.15388,1.15398
1789492500000,1.15397,1.15403,1.15367,1.15372
1789493400000,1.1537300000000001,1.15396,1.15372,1.15386
1789494300000,1.15388,1.15391,1.15361,1.15369
1789495200000,1.15371,1.1540000000000001,1.15358,1.15392
1789496100000,1.15392,1.15429,1.15389,1.15426
1789497000000,1.15424,1.15424,1.15393,1.1540199999999998
1789497900000,1.1540300000000001,1.15431,1.15398,1.15421
1789498800000,1.15422,1.15425,1.15406,1.1541000000000001
1789499700000,1.15409,1.1541400000000002,1.15396,1.15402
1789500600000,1.15401,1.15421,1.154,1.1541299999999999
1789501500000,1.15412,1.1542000000000001,1.15399,1.15402
1789502400000,1.15402,1.15405,1.15385,1.15386
1789503300000,1.15387,1.1539199999999998,1.1538,1.15391
1789504200000,1.1539,1.154,1.15388,1.1539
1789505100000,1.15389,1.15409,1.15389,1.1540700000000002
1789506000000,1.15422,1.15429,1.15325,1.15334
1789506900000,1.15334,1.1535,1.15331,1.1533900000000001
1789507800000,1.15339,1.15344,1.15339,1.15344
1789508700000,1.15344,1.1537899999999999,1.15322,1.1535499999999999
1789509600000,1.15355,1.15435,1.15345,1.15416
1789510500000,1.15412,1.15421,1.15412,1.15419
1789511400000,1.15417,1.15418,1.15403,1.15403
1789512300000,1.15402,1.15405,1.15384,1.15384
1789513200000,1.15384,1.15385,1.15365,1.15367
1789514100000,1.15368,1.1538000000000002,1.15358,1.1536300000000002
1789515000000,1.15363,1.15368,1.15337,1.15354
1789515900000,1.15353,1.1538,1.15353,1.15359
1789516800000,1.1536,1.1537600000000001,1.15358,1.1536600000000001
1789517700000,1.15367,1.15385,1.15365,1.15368
1789518600000,1.15367,1.15372,1.1534,1.1534
1789519500000,1.15341,1.1535300000000002,1.15331,1.15347
1789520400000,1.15348,1.1535700000000002,1.15325,1.15341
1789521300000,1.15342,1.15346,1.15326,1.15327
1789522200000,1.1532799999999999,1.1534,1.15312,1.1534
1789523100000,1.1533900000000001,1.15343,1.15317,1.15319
1789524000000,1.1531900000000002,1.1536600000000001,1.15318,1.1536000000000002
1789524900000,1.15359,1.15384,1.15359,1.15376
1789525800000,1.15376,1.1541899999999998,1.15376,1.15398
1789526700000,1.1539899999999998,1.15417,1.15387,1.1541599999999999
1789527600000,1.15417,1.1542999999999999,1.1541,1.15418
1789528500000,1.15418,1.15431,1.15418,1.15419
1789529400000,1.15419,1.15419,1.15397,1.15401
1789530300000,1.154,1.1540899999999998,1.15393,1.1540899999999998
1789531200000,1.15414,1.15426,1.15411,1.15421
1789532100000,1.15422,1.15435,1.15404,1.15434
1789533000000,1.1543400000000001,1.1545400000000001,1.15433,1.1544
1789533900000,1.15439,1.15441,1.15428,1.15441
1789534800000,1.15443,1.15453,1.15428,1.15445
1789535700000,1.1544400000000001,1.15477,1.15439,1.15463
1789536600000,1.1546299999999998,1.1547299999999998,1.15444,1.15451
1789537500000,1.15451,1.15511,1.15449,1.15492
1789538400000,1.1550200000000002,1.15504,1.15457,1.15497
1789539300000,1.15495,1.15504,1.15466,1.15474
1789540200000,1.15476,1.1548100000000001,1.1545,1.15463
1789541100000,1.1546399999999999,1.1547399999999999,1.15437,1.1546699999999999
1789542000000,1.15464,1.15504,1.15457,1.155
1789542900000,1.1550099999999999,1.15505,1.15461,1.15499
1789543800000,1.1549999999999998,1.1556,1.15498,1.15512
1789544700000,1.15513,1.1552,1.15468,1.15472
1789545600000,1.15473,1.1547999999999998,1.15441,1.15448
1789546500000,1.15444,1.15492,1.15442,1.15455
1789547400000,1.15455,1.15462,1.15427,1.15427