time,open,high,low,close
1772157600000,67365.5,67492.5,67308.5,67334.5
1772158500000,67333.5,67539.5,67274.5,67417.5
1772159400000,67416.5,67551.5,67363.5,67444.5
1772160300000,67446.5,67499.5,67262.5,67272.5
1772161200000,67272.5,67308.5,67123.5,67189.5
1772162100000,67189.5,67245.5,67102.5,67123.5
1772163000000,67122.5,67415.5,67120.5,67411.5
1772163900000,67407.5,67727.5,67340.5,67613.5
1772164800000,67614.5,67979.5,67586.5,67940.5
1772165700000,67940.5,68236.5,67885.5,67960.5
1772166600000,67960.5,67982.5,67685.5,67776.5
1772167500000,67775.5,67980.5,67692.5,67763.5
1772168400000,67751.5,67928.5,67718.5,67871.5
1772169300000,67870.5,67902.5,67692.5,67813.5
1772170200000,67813.5,67895.5,67784.5,67855.5
1772171100000,67853.5,67876.5,67669.5,67739.5
1772172000000,67738.5,67798.5,67666.5,67678.5
1772172900000,67677.5,67721.5,67539.5,67619.5
1772173800000,67619.5,67791.5,67598.5,67759.5
1772174700000,67759.5,67842.5,67659.5,67668.5
1772175600000,67665.5,67739.5,67581.5,67666.5
1772176500000,67667.5,67682.5,67490.5,67519.5
1772177400000,67519.5,67644.5,67458.5,67547.5
1772178300000,67546.5,67776.5,67524.5,67684.5
1772179200000,67688.5,68062.5,67652.5,67908.5
1772180100000,67909.5,67998.5,67864.5,67973.5
1772181000000,67974.5,68045.5,67741.5,67936.5
1772181900000,67942.5,68083.5,67895.5,67946.5
1772182800000,67946.5,68080.5,67847.5,67996.5
1772183700000,67992.5,68165.5,67892.5,68053.5
1772184600000,68054.5,68077.5,67628.5,67644.5
1772185500000,67643.5,67648.5,67305.5,67375.5
1772186400000,67375.5,67436.5,66843.5,66888.5
1772187300000,66892.5,67071.5,66689.5,66798.5
1772188200000,66799.5,66961.5,66707.5,66816.5
1772189100000,66815.5,66851.5,66575.5,66610.5
1772190000000,66609.5,66785.5,66606.5,66706.5
1772190900000,66702.5,66710.5,66360.5,66539.5
1772191800000,66536.5,66578.5,65965.5,66012.5
1772192700000,66010.5,66170.5,65983.5,66124.5
1772193600000,66119.5,66204.5,65920.5,65989.5
1772194500000,65990.5,66122.5,65847.5,65913.5
1772195400000,65907.5,66053.5,65851.5,65905.5
1772196300000,65901.5,65942.5,65722.5,65942.5
1772197200000,65937.5,66179.5,65904.5,66050.5
1772198100000,66056.5,66169.5,65900.5,66011.5
1772199000000,66000.5,66075.5,65622.5,66049.5
1772199900000,66050.5,66353.5,66027.5,66280.5
1772200800000,66275.5,66339.5,66142.5,66328.5
1772201700000,66326.5,66336.5,65972.5,66133.5
1772202600000,66131.5,66335.5,65777.5,65897.5
1772203500000,65894.5,66011.5,65652.5,65896.5
1772204400000,65900.5,66254.5,65821.5,66045.5
1772205300000,66041.5,66240.5,65889.5,66120.5
1772206200000,66123.5,66142.5,65856.5,66080.5
1772207100000,66078.5,66317.5,66047.5,66099.5
1772208000000,66099.5,66125.5,65723.5,65907.5
1772208900000,65902.5,66079.5,65841.5,66007.5
1772209800000,66002.5,66068.5,65691.5,65725.5
1772210700000,65726.5,65809.5,65429.5,65455.5
1772211600000,65454.5,65674.5,65389.5,65459.5
1772212500000,65457.5,65554.5,65158.5,65203.5
1772213400000,65204.5,65526.5,65082.5,65410.5
1772214300000,65409.5,65744.5,65367.5,65697.5
1772215200000,65696.5,65781.5,65498.5,65542.5
1772216100000,65543.5,65609.5,65378.5,65575.5
1772217000000,65579.5,65680.5,65460.5,65565.5
1772217900000,65568.5,65587.5,65202.5,65307.5
1772218800000,65303.5,65439.5,65161.5,65285.5
1772219700000,65285.5,65418.5,65190.5,65330.5
1772220600000,65334.5,65414.5,65226.5,65291.5
1772221500000,65288.5,65463.5,65244.5,65382.5
1772222400000,65384.5,65597.5,65381.5,65564.5
1772223300000,65563.5,65642.5,65540.5,65571.5
1772224200000,65565.5,65664.5,65415.5,65634.5
1772225100000,65635.5,65673.5,65513.5,65584.5
1772226000000,65597.5,65712.5,65484.5,65575.5
1772226900000,65574.5,65741.5,65566.5,65690.5
1772227800000,65691.5,65723.5,65565.5,65618.5
1772228700000,65617.5,65627.5,65393.5,65520.5
1772402400000,65632.4,66438.5,65499.5,66026.5
1772403300000,66026.5,66228.5,65724.5,65901.5
1772404200000,65905.5,65980.5,65094.5,65402.5
1772405100000,65402.5,65416.5,65025.5,65261.5
1772406000000,65258.5,66104.5,65107.5,65821.5
1772406900000,65824.5,65914.5,65621.5,65651.5
1772407800000,65650.5,65886.5,65615.5,65757.5
1772408700000,65765.5,65883.5,65664.5,65790.5
1772409600000,65787.5,66234.5,65767.5,65989.5
1772410500000,65989.5,66083.5,65807.5,65946.5
1772411400000,65945.5,66601.5,65934.5,66589.5
1772412300000,66602.5,66815.5,66465.5,66527.5
1772413200000,66527.5,67080.5,66351.5,66944.5
1772414100000,66947.5,67026.5,66493.5,66572.5
1772415000000,66577.5,66723.5,66547.5,66595.5
1772415900000,66595.5,66685.5,66406.5,66549.5
1772416800000,66544.5,66629.5,65876.5,66108.5
1772417700000,66108.5,66268.5,66038.5,66205.5
1772418600000,66208.5,66462.5,66164.5,66328.5
1772419500000,66328.5,66415.5,66191.5,66288.5
1772420400000,66287.5,66604.5,66077.5,66497.5
1772421300000,66496.5,66872.5,66466.5,66786.5
1772422200000,66790.5,67052.5,66714.5,66889.5
1772423100000,66891.5,67039.5,66815.5,66829.5
1772424000000,66829.5,66858.5,66684.5,66746.5
1772424900000,66747.5,66960.5,66670.5,66939.5
1772425800000,66938.5,66994.5,66753.5,66815.5
1772426700000,66814.5,66873.5,66624.5,66869.5
1772427600000,66862.5,66908.5,66553.5,66714.5
1772428500000,66712.5,66834.5,66570.5,66685.5
1772429400000,66684.5,67004.5,66675.5,66984.5
1772430300000,66983.5,66993.5,66686.5,66739.5
1772431200000,66737.5,66756.5,66491.5,66614.5
1772432100000,66610.5,66650.5,66061.5,66283.5
1772433000000,66288.5,66324.5,66184.5,66271.5
1772433900000,66272.5,66278.5,66042.5,66211.5
1772434800000,66210.5,66222.5,65625.5,65703.5
1772435700000,65704.5,65867.5,65551.5,65794.5
1772436600000,65795.5,65996.5,65763.5,65977.5
1772437500000,65975.5,66014.5,65893.5,66014.5
1772438400000,66015.5,66071.5,65644.5,66064.5
1772439300000,66070.5,66116.5,65649.5,65747.5
1772440200000,65744.5,66035.5,65731.5,65982.5
1772441100000,65983.5,66316.5,65972.5,66285.5
1772442000000,66280.5,66502.5,66165.5,66394.5
1772442900000,66394.5,66730.5,66379.5,66406.5
1772443800000,66406.5,66546.5,66298.5,66381.5
1772444700000,66385.5,66392.5,66172.5,66172.5
1772445600000,66173.5,66364.5,66079.5,66145.5
1772446500000,66142.5,66274.5,66137.5,66256.5
1772447400000,66252.5,66385.5,66154.5,66289.5
1772448300000,66295.5,66329.5,66133.5,66317.5
1772449200000,66316.5,66320.5,66046.5,66092.5
1772450100000,66099.5,66241.5,65999.5,66063.5
1772451000000,66064.5,66367.5,66000.5,66290.5
1772451900000,66292.5,66473.5,66243.5,66365.5
1772452800000,66368.5,66410.5,66264.5,66358.5
1772453700000,66358.5,66358.5,66105.5,66148.5
1772454600000,66152.5,66166.5,65965.5,65995.5
1772455500000,65995.5,66066.5,65873.5,65962.5
1772456400000,65960.5,66003.5,65782.5,65859.5
1772457300000,65852.5,66141.5,65723.5,65820.5
1772458200000,65820.5,65942.5,65517.5,65588.5
1772459100000,65593.5,65647.5,65347.5,65443.5
1772460000000,65441.5,65605.5,65249.5,65541.5
1772460900000,65541.5,65658.5,65358.5,65575.5
1772461800000,65565.5,66672.5,65550.5,66630.5
1772462700000,66627.5,67220.5,66478.5,67178.5
1772463600000,67160.5,68458.5,66966.5,68425.5
1772464500000,68431.5,68813.5,68283.5,68562.5
1772465400000,68569.5,69546.5,68423.5,69533.5
1772466300000,69533.5,69631.5,68802.5,69147.5
1772467200000,69148.5,69792.5,68945.5,69684.5
1772468100000,69679.5,69770.5,69286.5,69411.5
1772469000000,69405.5,69907.5,69065.5,69888.5
1772469900000,69857.5,70118.5,69423.5,69456.5
1772470800000,69448.5,69600.5,69266.5,69437.5
1772471700000,69440.5,69569.5,69182.5,69414.5
1772472600000,69416.5,69473.5,68793.5,68844.5
1772473500000,68847.5,69215.5,68779.5,69208.5
1772474400000,69204.5,69217.5,68733.5,69217.5
1772475300000,69217.5,69218.5,68959.5,69110.5
1772476200000,69117.5,69286.5,68920.5,69147.5
1772477100000,69148.5,69197.5,68798.5,68904.5
1772478000000,68904.5,68962.5,68556.5,68760.5
1772478900000,68764.5,68983.5,68745.5,68849.5
1772479800000,68851.5,69082.5,68717.5,68806.5
1772480700000,68809.5,69036.5,68793.5,68990.5
1772481600000,68991.5,69244.5,68582.5,68759.5
1772482500000,68759.5,69091.5,68694.5,68976.5
1772483400000,68978.5,69258.5,68934.5,69249.5
1772484300000,69249.5,69539.5,69048.5,69048.5
1772485200000,69033.5,69329.5,68985.5,69309.5
1772486100000,69309.5,69463.5,69189.5,69443.5
1772487000000,69447.5,69493.5,69347.5,69493.5
1772487900000,69489.5,69556.5,69389.5,69403
1772488800000,69413.8,69527.5,69208.5,69269.5
1772489700000,69265.5,69408.5,69156.5,69389.5
1772490600000,69381.5,69466.5,69283.5,69418.5
1772491500000,69432.5,69466.5,69294.5,69458.5
1772492400000,69458.5,69492.5,69219.5,69237.5
1772493300000,69238.5,69288.5,68997.5,69024.5
1772494200000,69022.5,69034.5,68756.5,68803.5
1772495100000,68806.5,68972.5,68734.5,68835.5
1772496000000,68836.5,69012.5,68741.5,68815.5
1772496900000,68816.5,68890.5,68620.5,68807.5
1772497800000,68814.5,69173.5,68683.5,69105.5
1772498700000,69112.5,69177.5,68911.5,69092.5
1772499600000,69096.5,69259.5,68905.5,69130.5
1772500500000,69132.5,69154.5,68872.5,68906.5
1772501400000,68905.5,69064.5,68751.5,69026.5
1772502300000,69021.5,69054.5,68740.5,68757.5
1772503200000,68761.5,68775.5,68384.5,68598.5
1772504100000,68598.5,68652.5,68222.5,68445.5
1772505000000,68447.5,68525.5,68357.5,68445.5
1772505900000,68446.5,68626.5,68416.5,68500.5
1772506800000,68501.5,68548.5,68279.5,68452.5
1772507700000,68451.5,68479.5,68221.5,68420.5
1772508600000,68421.5,68546.5,68328.5,68414.5
1772509500000,68407.5,68427.5,68276.5,68365.5
1772510400000,68376.5,68453.5,68313.5,68368.5
1772511300000,68365.5,68424.5,68233.5,68317.5
1772512200000,68318.5,68395.5,68148.5,68195.5
1772513100000,68194.5,68218.5,68043.5,68119.5
1772514000000,68118.5,68392.5,68022.5,68389.5
1772514900000,68388.5,68572.5,68307.5,68402.5
1772515800000,68407.5,68417.5,68049.5,68074.5
1772516700000,68079.5,68123.5,67821.5,67938.5
1772517600000,67942.5,68038.5,67769.5,67964.5
1772518500000,67963.5,68011.5,67849.5,67897.5
1772519400000,67888.5,68004.5,67819.5,67996.5
1772520300000,67997.5,68203.5,67778.5,68099.5
1772521200000,68095.5,68163.5,67936.5,68149.5
1772522100000,68148.5,68246.5,68026.5,68238.5
1772523000000,68239.5,68239.5,68049.5,68213.5
1772523900000,68215.5,68251.5,68101.5,68171.5
1772524800000,68175.5,68310.5,67924.5,67994.5
1772525700000,67999.5,68094.5,67685.5,67748.5
1772526600000,67737.5,67751.5,67294.5,67332.5
1772527500000,67332.5,67350.5,66861.5,66990.5
1772528400000,66990.5,67184.5,66835.5,67089.5
1772529300000,67091.5,67137.5,66529.5,66607.5
1772530200000,66602.5,66685.5,66311.5,66521.5
1772531100000,66520.5,66645.5,66370.5,66620.5
1772532000000,66619.5,66641.5,66438.5,66480.5
1772532900000,66478.5,66698.5,66413.5,66499.5
1772533800000,66494.5,66702.5,66398.5,66696.5
1772534700000,66694.5,66984.5,66677.5,66848.5
1772535600000,66840.5,67057.5,66773.5,66947.5
1772536500000,66943.5,66986.5,66708.5,66813.5
1772537400000,66819.5,67070.5,66796.5,67049.5
1772538300000,67054.5,67151.5,66924.5,67005.5
1772539200000,67005.5,67947.5,66997.5,67710.5
1772540100000,67709.5,67732.5,67337.5,67548.5
1772541000000,67551.5,67573.5,67255.5,67341.5
1772541900000,67345.5,67465.5,67199.5,67372.5
1772542800000,67372.5,67420.5,66935.5,66958.5
1772543700000,66953.5,67185.5,66948.5,67083.5
1772544600000,67080.5,67094.5,66820.5,66848.5
1772545500000,66846.5,66952.5,66595.5,66917.5
1772546400000,66918.5,67239.5,66823.5,67157.5
1772547300000,67152.5,67354.5,66994.5,67101.5
1772548200000,67096.5,67565.5,66336.5,66415.5
1772549100000,66429.5,66794.5,66122.5,66536.5
1772550000000,66543.5,66893.5,66457.5,66864.5
1772550900000,66837.5,67000.5,66446.5,66800.5
1772551800000,66799.5,67824.5,66792.5,67523.5
1772552700000,67530.5,67822.5,67450.5,67710.5
1772553600000,67722.5,68633.5,67634.5,68470.5
1772554500000,68467.5,69000.5,68240.5,68831.5
1772555400000,68826.5,68827.5,67445.5,67734.5
1772556300000,67737.5,68470.5,67702.5,68179.5
1772557200000,68181.5,68241.5,67612.5,67932.5
1772558100000,67946.5,68293.5,67881.5,68249.5
1772559000000,68248.5,68248.5,67716.5,68157.5
1772559900000,68157.5,68413.5,68006.5,68325.5
1772560800000,68322.5,68459.5,67961.5,68095.5
1772561700000,68098.5,68619.5,68089.5,68486.5
1772562600000,68481.5,68924.5,68447.5,68709.5
1772563500000,68709.5,68794.5,68535.5,68648.5
1772564400000,68648.5,68711.5,68331.5,68640.5
1772565300000,68640.5,68904.5,68495.5,68670.5
1772566200000,68668.5,68815.5,68363.5,68716.5
1772567100000,68716.5,68775.5,68407.5,68453.5
1772568000000,68450.5,68526.5,68226.5,68244.5
1772568900000,68249.5,68503.5,68144.5,68399.5
1772569800000,68399.5,68611.5,68326.5,68488.5
1772570700000,68490.5,68518.5,68070.5,68246.5
1772571600000,68266.5,68267.5,67861.5,68050.5
1772572500000,68059.5,68128.5,67820.5,67949.5
1772573400000,67949.5,68062.5,67881.5,68036.5
1772574300000,68036.5,68109.5,67973.5,68033.6
1772575200000,68005.5,68518.8,68005.5,68320.5
1772576100000,68322.5,68402.5,68169.5,68261.5
1772577000000,68265.5,68415.5,68187.5,68415.5
1772577900000,68415.5,68437.5,68175.5,68318.5
1772578800000,68318.5,68877.5,68244.5,68701.5
1772579700000,68702.5,68730.5,68441.5,68492.5
1772580600000,68494.5,68594.5,68411.5,68459.5
1772581500000,68466.5,68521.5,68254.5,68349.5
1772582400000,68349.5,68353.5,68072.5,68116.5
1772583300000,68113.5,68427.5,68110.5,68299.5
1772584200000,68307.5,68342.5,67864.5,67972.5
1772585100000,67972.5,68272.5,67972.5,68099.5
1772586000000,68098.5,68277.5,68008.5,68144.5
1772586900000,68137.5,68353.5,67958.5,68260.5
1772587800000,68257.5,68918.5,68210.5,68711.5
1772588700000,68711.5,68726.5,68353.5,68424.5
1772589600000,68422.5,68455.5,68140.5,68228.5
1772590500000,68231.5,68319.5,68038.5,68076.5
1772591400000,68078.5,68164.5,67947.5,68134.5
1772592300000,68137.5,68409.5,68078.5,68318.5
1772593200000,68315.5,68367.5,68073.5,68272.5
1772594100000,68267.5,68391.5,67938.5,67984.5
1772595000000,67984.5,68007.5,67382.5,67572.5
1772595900000,67579.5,67758.5,67425.5,67727.5
1772596800000,67724.5,67954.5,67541.5,67808.5
1772597700000,67809.5,67852.5,67490.5,67581.5
1772598600000,67583.5,67693.5,67446.5,67635.5
1772599500000,67648.5,67844.5,67587.5,67787.5
1772600400000,67783.5,67918.5,67664.5,67914.5
1772601300000,67920.5,67952.5,67670.5,67833.5
1772602200000,67834.5,68306.5,67728.5,68198.5
1772603100000,68194.5,68394.5,68092.5,68204.5
1772604000000,68205.5,68236.5,68062.5,68184.5
1772604900000,68192.5,68222.5,68023.5,68116.5
1772605800000,68128.5,68677.5,68117.5,68676.5
1772606700000,68679.5,68688.5,68402.5,68507.5
1772607600000,68510.5,68625.5,68348.5,68400.5
1772608500000,68399.5,68780.5,68336.5,68777.5
1772609400000,68776.5,68986.5,68657.5,68982.5
1772610300000,68981.5,69646.5,68884.5,69492.5
1772611200000,69489.5,69731.5,69342.5,69425.5
1772612100000,69425.5,69425.5,69113.5,69329.5
1772613000000,69329.5,69933.5,69314.5,69924.5
1772613900000,69893.5,71174.5,69893.5,71019.5
1772614800000,71022.5,71256.5,70709.5,71085.5
1772615700000,71066.5,71497.5,71066.5,71323.5
1772616600000,71324.5,71875.5,71210.5,71762.5
1772617500000,71764.5,71905.5,71328.5,71519.5
1772618400000,71519.5,71867.5,71399.5,71656.5
1772619300000,71658.5,71694.5,71329.5,71522.5
1772620200000,71516.5,71558.5,71234.5,71310.5
1772621100000,71309.5,71458.5,71154.5,71322.5
1772622000000,71336.5,71455.5,71184.5,71424.5
1772622900000,71430.5,71501.5,71186.5,71221.5
1772623800000,71223.5,71313.5,70904.5,71111.5
1772624700000,71111.5,71234.5,70966.5,71122.5
1772625600000,71122.5,71159.5,70806.5,70884.5
1772626500000,70883.5,70932.5,70614.5,70625.5
1772627400000,70623.5,71056.5,70565.5,70971.5
1772628300000,70969.5,71358.5,70871.5,71342.5
1772629200000,71337.5,71611.5,71264.5,71285.5
1772630100000,71296.5,71424.5,71202.5,71355.5
1772631000000,71355.5,71539.5,71233.5,71431.5
1772631900000,71434.5,71534.5,71309.5,71474.5
1772632800000,71476.5,71844.5,71396.5,71810.5
1772633700000,71815.5,72014.5,71591.5,71755.5
1772634600000,71756.5,72637.5,71406.5,71430.5
1772635500000,71431.5,71823.5,71298.5,71640.5
1772636400000,71640.5,72267.5,71615.5,72030.5
1772637300000,72020.5,73011.5,72004.5,72993.5
1772638200000,72993.5,73126.5,72573.5,72725.5
1772639100000,72718.5,73516.5,72706.5,73428.5
1772640000000,73427.5,73536.5,72773.5,72874.5
1772640900000,72873.5,73078.5,72550.5,73001.5
1772641800000,72999.5,73336.5,72924.5,73184.5
1772642700000,73177.5,73495.5,73098.5,73329.5
1772643600000,73339.5,73744.5,73216.5,73576.5
1772644500000,73578.5,73793.5,72943.5,73094.5
1772645400000,73093.5,73325.5,73090.5,73188.5
1772646300000,73188.5,73433.5,73158.5,73255.5
1772647200000,73251.5,73448.5,72943.5,73086.5
1772648100000,73086.5,73461.5,73050.5,73435.5
1772649000000,73435.5,73584.5,73138.5,73550.5
1772649900000,73550.5,73742.5,73457.5,73729.5
1772650800000,73729.5,74039.5,73599.5,73911.5
1772651700000,73912.5,74075.5,73533.5,73592.5
1772652600000,73594.5,73910.5,73537.5,73753.5
1772653500000,73755.5,73828.5,73635.5,73663.5
1772654400000,73663.5,73765.5,73353.5,73473.5
1772655300000,73473.5,73641.5,73316.5,73519.5
1772656200000,73521.5,73619.5,73347.5,73546.5
1772657100000,73545.5,73583.5,73055.5,73055.5
1772658000000,73069.5,73187.5,72875.5,73092.5
1772658900000,73073.5,73260.5,72989.5,73201.5
1772659800000,73212.5,73349.5,73075.5,73270.5
1772660700000,73272.5,73351.5,73205.5,73339.5
1772661600000,73335.5,73555,73252.5,73266.5
1772662500000,73266.5,73390.5,73201.5,73294.5
1772663400000,73294.5,73344.5,72859.5,72945.5
1772664300000,72953.5,72953.5,72608.5,72732.5
1772665200000,72726.5,72842.5,72635.5,72748.5
1772666100000,72749.5,72893.5,72453.5,72565.5
1772667000000,72566.5,72791.5,72327.5,72778.5
1772667900000,72778.5,72856.5,72629.5,72700.5
1772668800000,72700.5,72887.5,72573.5,72731.5
1772669700000,72733.5,72994.5,72710.5,72846.5
1772670600000,72841.5,73013.5,72743.5,72931.5
1772671500000,72929.5,73032.5,72727.5,72788.5
1772672400000,72789.5,73316.5,72692.5,73153.5
1772673300000,73148.5,73263.5,72796.5,72977.5
1772674200000,72975.5,72995.5,72602.5,72674.5
1772675100000,72672.5,72719.5,72399.5,72564.5
1772676000000,72569.5,72888.5,72528.5,72816.5
1772676900000,72823.5,72902.5,72663.5,72723.5
1772677800000,72729.5,72740.5,72299.5,72372.5
1772678700000,72373.5,72623.5,72345.5,72519.5
1772679600000,72536.5,72780.5,72492.5,72649.5
1772680500000,72648.5,72694.5,72479.5,72549.5
1772681400000,72558.5,72567.5,72350.5,72374.5
1772682300000,72374.5,72577.5,72326.5,72522.5
1772683200000,72519.5,72738.5,72440.5,72683.5
1772684100000,72687.5,72858.5,72587.5,72822.5
1772685000000,72821.5,72980.5,72547.5,72953.5
1772685900000,72950.5,73099.5,72717.5,72836.5
1772686800000,72837.5,72942.5,72734.5,72844.5
1772687700000,72846.5,72848.5,72467.5,72497.5
1772688600000,72499.5,72609.5,72366.5,72438.5
1772689500000,72439.5,72529.5,72281.5,72438.5
1772690400000,72438.5,72478.5,72061.5,72175.5
1772691300000,72174.5,72569.5,72087.5,72423.5
1772692200000,72424.5,72548.5,72295.5,72446.5
1772693100000,72446.5,72684.5,72407.5,72578.5
1772694000000,72577.5,72695.5,72449.5,72674.5
1772694900000,72670.5,72694.5,72550.5,72556.5
1772695800000,72553.5,72553.5,72199.5,72203.5
1772696700000,72203.5,72264.5,71781.5,72076.5
1772697600000,72076.5,72105.5,71810.5,71848.5
1772698500000,71850.5,72091.5,71748.5,71858.5
1772699400000,71858.5,72233.5,71805.5,72205.5
1772700300000,72202.5,72396.5,72126.5,72359.5
1772701200000,72362.5,72784.5,72317.5,72633.5
1772702100000,72634.5,72767.5,72490.5,72717.5
1772703000000,72719.5,72896.5,72498.5,72582.5
1772703900000,72582.5,72643.5,72441.5,72614.5
1772704800000,72620.5,72789.5,72526.5,72751.5
1772705700000,72751.5,73383.5,72679.5,73181.5
1772706600000,73181.5,73544.5,73174.5,73329.5
1772707500000,73326.5,73587.5,73267.5,73418.5
1772708400000,73418.5,73479.5,73070.5,73218.5
1772709300000,73217.5,73217.5,72929.5,73148.5
1772710200000,73148.5,73148.5,72783.5,72859.5
1772711100000,72861.5,72978.5,72816.5,72926.5
1772712000000,72928.5,73030.5,72662.5,72965.5
1772712900000,72964.5,72991.5,72695.5,72829.5
1772713800000,72830.5,72957.5,72702.5,72916.5
1772714700000,72921.5,73092.5,72885.5,72897.5
1772715600000,72899.5,72954.5,72576.5,72690.5
1772716500000,72691.5,72787.5,72328.5,72542.5
1772717400000,72545.5,72563.5,72196.5,72538.5
1772718300000,72538.5,72722.5,72387.5,72498.5
1772719200000,72498.5,72666.5,72320.5,72604.5
1772720100000,72625.5,72654.5,72422.5,72569.5
1772721000000,72569.5,72853.5,71962.5,72032.5
1772721900000,72032.5,72801.5,71971.5,72637.5
1772722800000,72637.5,72803.5,71615.5,71827.5
1772723700000,71827.5,71939.5,71230.5,71294.5
1772724600000,71298.5,71693.5,71141.5,71485.5
1772725500000,71485.5,71773.5,71302.5,71688.5
1772726400000,71688.5,71688.5,70786.5,71036.5
1772727300000,71039.5,71155.5,70784.5,71017.5
1772728200000,71022.5,71642.5,70990.5,71355.5
1772729100000,71356.5,71444.5,71200.5,71323.5
1772730000000,71315.5,71594.5,71027.5,71196.5
1772730900000,71197.5,71224.5,70892.5,70956.5
1772731800000,70953.5,71040.5,70716.5,70883.5
1772732700000,70877.5,70956.5,70652.5,70703.5
1772733600000,70704.5,71067.5,70651.5,71043.5
1772734500000,71044.5,71079.5,70770.5,70814.5
1772735400000,70811.5,71095.5,70796.5,70952.5
1772736300000,70951.5,71037.5,70809.5,71004.5
1772737200000,71008.5,71414.5,70982.5,71373.5
1772738100000,71373.5,71434.5,71032.5,71113.5
1772739000000,71107.5,71176.5,70935.5,71000.5
1772739900000,71006.5,71119.5,70857.5,70919.5
1772740800000,70915.5,71113.5,70828.5,71095.5
1772741700000,71100.5,71353.5,71067.5,71180.5
1772742600000,71179.5,71387.5,71117.5,71160.5
1772743500000,71160.5,71373.5,71030.5,71250.5
1772744400000,71244.5,71375.5,71230.5,71324.5
1772745300000,71321.5,71546.5,71314.5,71541.5
1772746200000,71543.5,71595.5,71088.5,71208.5
1772747100000,71205.5,71349.5,71040.5,71136.1
1772748000000,71133,71261.5,71058.5,71183.5
1772748900000,71183.5,71315.5,71064.5,71173.5
1772749800000,71171.5,71359.5,71145.5,71283.5
1772750700000,71283.5,71350.5,71209.5,71215.5
1772751600000,71214.5,71289.5,71179.5,71206.5
1772752500000,71210.5,71310.5,71154.5,71216.5
1772753400000,71219.5,71229.5,70844.5,70928.5
1772754300000,70926.5,70941.5,70749.5,70888.5
1772755200000,70889.5,71069.5,70826.5,71019.5
1772756100000,71017.5,71053.5,70868.5,70925.5
1772757000000,70925.5,71024.5,70860.5,70900.5
1772757900000,70902.5,71011.5,70742.5,70998.5
1772758800000,70992.5,71038.5,70764.5,70800.5
1772759700000,70801.5,70913.5,70383.5,70468.5
1772760600000,70470.5,71169.5,70442.5,71160.5
1772761500000,71157.5,71303.5,71071.5,71259.5
1772762400000,71254.5,71393.5,71157.5,71331.5
1772763300000,71328.5,71429.5,71019.5,71345.5
1772764200000,71344.5,71369.5,71123.5,71352.5
1772765100000,71359.5,71386.5,71179.5,71246.5
1772766000000,71242.5,71305.5,71019.5,71077.5
1772766900000,71074.5,71278.5,70996.5,71183.5
1772767800000,71185.5,71239.5,71065.5,71102.5
1772768700000,71102.5,71163.5,71014.5,71094.5
1772769600000,71095.5,71137.5,70889.5,70924.5
1772770500000,70920.5,70993.5,70862.5,70877.5
1772771400000,70875.5,70970.5,70263.5,70531.5
1772772300000,70545.5,70640.5,70489.5,70625.5
1772773200000,70621.5,70679.5,70396.5,70550.5
1772774100000,70550.5,70651.5,70323.5,70409.5
1772775000000,70402.5,70512.5,70140,70191.5
1772775900000,70192.5,70508.5,70120.5,70426.5
1772776800000,70429.5,70449.5,70239.5,70310.5
1772777700000,70316.5,70528.5,70308.5,70428.5
1772778600000,70426.5,70679.5,70376.5,70675.5
1772779500000,70675.5,70857.5,70585.5,70612.5
1772780400000,70609.5,70823.5,70427.5,70569.5
1772781300000,70570.5,70889.5,70546.5,70868.5
1772782200000,70867.5,71090.5,70845.5,71080.5
1772783100000,71084.5,71188.5,71045.5,71066.5
1772784000000,71067.5,71085.5,70896.5,70954.5
1772784900000,70952.5,71001.5,70831.5,70931.5
1772785800000,70932.5,71041.5,70865.5,70916.5
1772786700000,70918.5,70961.5,70712.5,70801.5
1772787600000,70802.5,70824.5,70500.5,70580.5
1772788500000,70584.5,70618.5,70357.5,70411.5
1772789400000,70410.5,70564.5,70287.5,70546.5
1772790300000,70551.5,70637.5,70443.5,70563.5
1772791200000,70565.5,70712.5,70518.5,70687.5
1772792100000,70686.5,70808.5,70642.5,70786.5
1772793000000,70779.5,70799.5,70469.5,70572.5
1772793900000,70571.5,70623.5,70464.5,70537.5
1772794800000,70540.5,70629.5,70421.5,70568.5
1772795700000,70569.5,70592.5,70513.5,70564.5
1772796600000,70562.5,70662.5,70357.5,70388.5
1772797500000,70389.5,70399.5,70178.5,70219.5
1772798400000,70215.5,70243.5,69788.5,69932.5
1772799300000,69936.5,70203.5,69925.5,70007.5
1772800200000,70008.5,70060.5,69704.5,69753.5
1772801100000,69750.5,70078.5,69656.5,69923.5
1772802000000,69922.5,70055.5,69900.5,69995.5
1772802900000,69996.5,70219.5,69835.5,70063.5
1772803800000,70056.5,70352.5,69727.5,70085.5
1772804700000,70089.5,70090.5,69214.5,69225.5
1772805600000,69224.5,69283.5,68618.5,68823.5
1772806500000,68821.5,69093.5,68680.5,68982.5
1772807400000,68988.5,69101.5,68358.5,68740.5
1772808300000,68739.5,68904.5,68162.5,68411.5
1772809200000,68400.5,68674.5,68317.5,68638.5
1772810100000,68629.5,69044.5,68569.5,68905.5
1772811000000,68908.5,69122.5,68649.5,68753.5
1772811900000,68752.5,68775.5,68290.5,68505.5
1772812800000,68504.5,68813.5,68278.5,68349.5
1772813700000,68349.5,68582.5,68214.5,68558.5
1772814600000,68554.5,68686.5,68342.5,68596.5
1772815500000,68594.5,68716.5,68303.5,68449.5
1772816400000,68443.5,68659.5,68379.5,68400.5
1772817300000,68400.5,68596.5,68164.5,68246.5
1772818200000,68238.5,68291.5,67738.5,67833.5
1772819100000,67834.5,68047.5,67811.5,67946.5
1772820000000,67945.5,68383.5,67930.5,68326.5
1772820900000,68327.5,68435.5,68234.5,68280.5
1772821800000,68285.5,68482.5,68259.5,68443.5
1772822700000,68444.5,68477.5,68142.5,68170.5
1772823600000,68167.5,68449.5,68167.5,68436.5
1772824500000,68435.5,68483.5,68087.5,68218.5
1772825400000,68209.5,68314.5,68115.5,68125.5
1772826300000,68124.5,68166.5,67996.5,68115.5
1772827200000,68114.5,68300.5,67983.5,68018.5
1772828100000,68017.5,68150.5,67744.5,67828.5
1772829000000,67825.5,68084.5,67778.5,67988.5
1772829900000,67989.5,68178.5,67976.5,68063.5
1772830800000,68093.5,68194.5,68064.5,68161.5
1772831700000,68162.5,68182.5,67935.5,68024.5
1772832600000,68023.5,68271.5,67997.5,68256.5
1772833500000,68257.5,68355.5,68187.5,68315.5
1773003600000,67224,67244.4,66691.5,66761.5
1773004500000,66768.5,66993.5,66760.5,66938.5
1773005400000,66937.5,67022.5,66873.5,67001.5
1773006300000,67010.5,67036.5,66883.5,67005.5
1773007200000,67006.5,67006.5,65639.5,66049.5
1773008100000,66050.5,66173.5,65572.5,65902.5
1773009000000,65902.5,66284.5,65709.5,66032.5
1773009900000,66035.5,66315.5,66015.5,66232.5
1773010800000,66224.5,66437.5,66086.5,66336.5
1773011700000,66313.5,66570.5,66233.5,66470.5
1773012600000,66464.5,66516.5,66064.5,66105.5
1773013500000,66104.5,66221.5,65902.5,65970.5
1773014400000,65970.5,66394.5,65917.5,66304.5
1773015300000,66305.5,66362.5,65807.5,66160.5
1773016200000,66161.5,66755.5,66158.5,66441.5
1773017100000,66439.5,66558.5,66225.5,66360.5
1773018000000,66364.5,66434.5,66096.5,66349.5
1773018900000,66356.5,66626.5,66206.5,66456.5
1773019800000,66456.5,66689.5,66368.5,66604.5
1773020700000,66602.5,66632.5,66161.5,66177.5
1773021600000,66180.5,66359.5,66043.5,66162.5
1773022500000,66161.5,66161.5,65938.5,66104.5
1773023400000,66101.5,66580.5,66069.5,66563.5
1773024300000,66563.5,66706.5,66520.5,66537.5
1773025200000,66536.5,67465.5,66497.5,67452.5
1773026100000,67450.5,67667.5,67074.5,67199.5
1773027000000,67201.5,67374.5,67056.5,67088.5
1773027900000,67094.5,67255.5,67028.5,67203.5
1773028800000,67203.5,67295.5,67155.5,67176.5
1773029700000,67175.5,67611.5,67164.5,67566.5
1773030600000,67565.5,67566.5,67402.5,67507.5
1773031500000,67505.5,67529.5,67107.5,67144.5
1773032400000,67144.5,67270.5,67108.5,67168.5
1773033300000,67165.5,67425.5,67132.5,67393.5
1773034200000,67403.5,67976.5,67339.5,67914.5
1773035100000,67924.5,68061.5,67764.5,67905.5
1773036000000,67909.5,67936.5,67569.5,67613.5
1773036900000,67613.5,67734.5,67456.5,67492.5
1773037800000,67493.5,67552.5,67244.5,67352.5
1773038700000,67351.5,67384.5,67208.5,67257.5
1773039600000,67255.5,67316.5,67104.5,67181.5
1773040500000,67180.5,67279.5,66875.5,67202.5
1773041400000,67207.5,67475.5,67189.5,67411.5
1773042300000,67401.5,67564.5,67353.5,67537.5
1773043200000,67539.5,67661.5,67431.5,67567.5
1773044100000,67567.5,67831.5,67386.5,67801.5
1773045000000,67799.5,67884.5,67666.5,67779.5
1773045900000,67779.5,67928.5,67718.5,67808.5
1773046800000,67812.5,67836.5,67555.5,67824.5
1773047700000,67823.5,68039.5,67779.5,67995.5
1773048600000,67996.5,68448.5,67876.5,68341.5
1773049500000,68348.5,68438.5,67912.5,67975.5
1773050400000,67978.5,68083.5,67854.5,67925.5
1773051300000,67927.5,67976.5,67746.5,67784.5
1773052200000,67781.5,67828.5,67510.5,67665.5
1773053100000,67659.5,67698.5,67521.5,67589.5
1773054000000,67594.5,67765.5,67520.5,67682.5
1773054900000,67683.5,67716.5,67284.5,67454.5
1773055800000,67452.5,67658.5,67431.5,67623.5
1773056700000,67619.5,67852.5,67561.5,67752.5
1773057600000,67754.5,67906.5,67741.5,67901.5
1773058500000,67901.5,68165.5,67857.5,68139.5
1773059400000,68138.5,68342.5,67950.5,68115.5
1773060300000,68116.5,68214.5,67999.5,68141.5
1773061200000,68144.5,68589.5,68112.5,68458.5
1773062100000,68459.5,68779.5,68184.5,68773.5
1773063000000,68771.5,69277.5,68694.5,69251.5
1773063900000,69228.5,69313.5,68802.5,68989.5
1773064800000,68971.5,69266.5,68709.5,68847.5
1773065700000,68850.5,69287.5,68850.5,69170.5
1773066600000,69170.5,69500.5,69098.5,69437.5
1773067500000,69437.5,69447.5,69077.5,69165.5
1773068400000,69165.5,69268.5,68979.5,69186.5
1773069300000,69186.5,69262.5,68977.5,69098.5
1773070200000,69098.5,69189.5,68749.5,68778.5
1773071100000,68778.5,69075.5,68744.5,68884.5
1773072000000,68884.5,69075.5,68760.5,68795.5
1773072900000,68795.5,69052.5,68758.5,68981.5
1773073800000,68981.5,69149.5,68619.5,69095.5
1773074700000,69096.5,69252.5,68894.5,68978.5
1773075600000,68980.5,69112.5,68885.5,68994.5
1773076500000,68994.5,69082.5,68613.5,68636.5
1773077400000,68625.5,68778.5,68230.5,68418.5
1773078300000,68411.5,68680.5,68394.5,68612.5
1773079200000,68613.5,68640.5,68244.5,68448.5
1773080100000,68449.5,68665.5,68431.5,68568.5
1773081000000,68565.5,68733.5,68496.5,68505.5
1773081900000,68505.5,68562.5,68329.5,68372.5
1773082800000,68373.5,68530.5,68373.5,68419.5
1773083700000,68418.5,69389.5,68389.5,69383.5
1773084600000,69387.5,69526.5,68806.5,68984.5
1773085500000,68982.5,69087.5,68839.5,69015.5
1773086400000,69016.5,69170.5,68864.5,69023.5
1773087300000,69023.5,69098.5,68933.5,68980.5
1773088200000,68979.5,68991.5,68830.5,68908.5
1773089100000,68907.5,69056.5,68742.5,69011.1
1773090000000,68964.4,69119.5,68953.4,69048.5
1773090900000,69049.5,69060.5,68799.5,68857.5
1773091800000,68857.5,69019.5,68653.5,68957.5
1773092700000,68956.5,69053.5,68886.5,68926.5
1773093600000,68925.5,69040.5,68676.5,68834.5
1773094500000,68829.5,68883.5,68718.5,68832.5
1773095400000,68832.5,68887.5,68598.5,68753.5
1773096300000,68750.5,68772.5,68578.5,68645.5
1773097200000,68646.5,68712.5,68543.5,68662.5
1773098100000,68648.5,68662.5,68528.5,68608.5
1773099000000,68609.5,68639.5,68500.5,68559.5
1773099900000,68559.5,68576.5,68382.5,68437.5
1773100800000,68440.5,68521.5,68383.5,68427.5
1773101700000,68427.5,69032.5,68399.5,68992.5
1773102600000,68993.5,69219.5,68892.5,69196.5
1773103500000,69200.5,69305.5,69069.5,69159.5
1773104400000,69155.5,69273.5,69035.5,69120.5
1773105300000,69119.5,69171.5,68855.5,68989.5
1773106200000,68985.5,69098.5,68784.5,68994.5
1773107100000,68986.5,69401.5,68939.5,69274.5
1773108000000,69262.5,69383.5,69114.5,69242.5
1773108900000,69238.5,69406.5,69143.5,69379.5
1773109800000,69371.5,70438.5,69364.5,70330.5
1773110700000,70328.5,70595.5,70229.5,70280.5
1773111600000,70280.5,70388.5,70040.5,70177.5
1773112500000,70179.5,70290.5,70090.5,70121.5
1773113400000,70118.5,70135.5,69841.5,69849.5
1773114300000,69849.5,69856.5,69373.5,69432.5
1773115200000,69432.5,69772.5,69432.5,69729.5
1773116100000,69728.5,69830.5,69580.5,69741.5
1773117000000,69738.5,70035.5,69738.5,69953.5
1773117900000,69950.5,70138.5,69848.5,70088.5
1773118800000,70088.5,70375.5,69996.5,70182.5
1773119700000,70183.5,70333.5,70001.5,70045.5
1773120600000,70046.5,70139.5,69896.5,69918.5
1773121500000,69921.5,69992.5,69887.5,69977.5
1773122400000,69983.5,69984.5,69839.5,69884.5
1773123300000,69887.5,70198.5,69761.5,70147.5
1773124200000,70145.5,70176.5,69947.5,69968.5
1773125100000,69970.5,70068.5,69845.5,69924.5
1773126000000,69921.5,70432.5,69825.5,70246.5
1773126900000,70247.5,70543.5,70209.5,70324.5
1773127800000,70317.5,70421.5,70274.5,70331.5
1773128700000,70332.5,70510.5,70261.5,70421.5
1773129600000,70429.5,70946.5,70347.5,70905.5
1773130500000,70904.5,70993.5,70725.5,70850.5
1773131400000,70851.5,71099.5,70831.5,70921.5
1773132300000,70921.5,70921.5,70560.5,70697.5
1773133200000,70704.5,70907.5,70657.5,70813.5
1773134100000,70812.5,71289.5,70742.5,71228.5
1773135000000,71229.5,71308.5,71021.5,71077.5
1773135900000,71075.5,71108.5,70898.5,71064.5
1773136800000,71065.5,71091.5,70853.5,70899.5
1773137700000,70897.5,70927.5,70735.5,70773.5
1773138600000,70769.5,70946.5,70640.5,70732.5
1773139500000,70736.5,70880.5,70653.5,70775.5
1773140400000,70776.5,70887.5,70614.5,70636.5
1773141300000,70632.5,70771.5,70564.5,70663.5
1773142200000,70663.5,70685.5,70495.5,70591.5
1773143100000,70589.5,70707.5,70540.5,70597.5
1773144000000,70598.5,70647.5,70368.5,70433.5
1773144900000,70440.5,70579.5,70331.5,70400.5
1773145800000,70405.5,70495.5,70300.5,70455.5
1773146700000,70456.5,70598.5,70451.5,70535.5
1773147600000,70541.5,70768.5,70538.5,70764.5
1773148500000,70768.5,70920.5,70650.5,70876.5
1773149400000,70877.5,70938.5,69704.5,69933.5
1773150300000,69935.5,70299.5,69797.5,69935.5
1773151200000,69936.5,70171.5,69425.5,69502.5
1773152100000,69501.5,69946.5,69276.5,69809.5
1773153000000,69810.5,70504.5,69807.5,70475.5
1773153900000,70467.5,71543.5,70379.5,71472.5
1773154800000,71459.5,71793.5,71089.5,71226.5
1773155700000,71209.5,71475.5,70955.5,71365.5
1773156600000,71360.5,71654.5,70968.5,71133.5
1773157500000,71137.5,71386.5,70915.5,71371.5
1773158400000,71374.5,71452.5,70945.5,71182.5
1773159300000,71181.5,71720.5,71158.5,71391.5
1773160200000,71391.5,71488.5,71213.5,71417.5
1773161100000,71414.5,71428.5,71146.5,71294.5
1773162000000,71295.5,71484.5,71211.5,71289.5
1773162900000,71288.5,71403.5,70988.5,71073.5
1773163800000,71073.5,71264.5,70524.5,70718.5
1773164700000,70718.5,71006.5,70575.5,70889.5
1773165600000,70891.5,70958.5,70373.5,70402.5
1773166500000,70403.5,70607.5,70145.5,70344.5
1773167400000,70343.5,70476.5,69991.5,70068.5
1773168300000,70075.5,70265.5,69900.5,70032.5
1773169200000,70031.5,70186.5,69883.5,70081.5
1773170100000,70082.5,70313.5,69917.5,69990.5
1773171000000,69992.5,70141.5,69745.5,70003.5
1773171900000,70006.5,70103.5,69960.5,70065.5
1773172800000,70064.5,70287.5,70019.5,70131.5
1773173700000,70133.5,70305.5,70012.5,70263.5
1773174600000,70262.5,70382.5,70221.5,70305.5
1773175500000,70307.5,70330.5,70233.5,70237.1
1773176400000,70245.2,70428.5,70071.5,70099.5
1773177300000,70098.5,70193.5,69932.5,69947.5
1773178200000,69948.5,70066.5,69578.5,69755.5
1773179100000,69755.5,69849.5,69516.5,69768.5
1773180000000,69747.5,69888.5,69458.5,69621.5
1773180900000,69608.5,69780.5,69479.5,69615.5
1773181800000,69617.5,69707.5,69486.5,69625.5
1773182700000,69624.5,69786.5,69589.5,69724.5
1773183600000,69721.5,69863.5,69691.5,69804.5
1773184500000,69803.5,69889.5,69705.5,69824.5
1773185400000,69823.5,69979.5,69788.5,69951.5
1773186300000,69946.5,69995.5,69845.5,69960.5
1773187200000,69965.5,70103.5,69771.5,70064.5
1773188100000,70063.5,70156.5,69883.5,70056.5
1773189000000,70059.5,70061.5,69809.5,69854.5
1773189900000,69854.5,70185.5,69852.5,70059.5
1773190800000,70060.5,70167.5,69990.5,70059.5
1773191700000,70059.5,70160.5,69974.5,70107.5
1773192600000,70105.5,70116.5,69882.5,69969.5
1773193500000,69975.5,70146.5,69915.5,70082.5
1773194400000,70087.5,70147.5,69989.5,70010.5
1773195300000,70011.5,70065.5,69930.5,69988.5
1773196200000,69986.5,69986.5,69616.5,69715.5
1773197100000,69715.5,69835.5,69639.5,69827.5
1773198000000,69823.5,69923.5,69681.5,69715.5
1773198900000,69713.5,69728.5,69509.5,69537.5
1773199800000,69538.5,69649.5,69521.5,69554.5
1773200700000,69552.5,69662.5,69499.5,69574.5
1773201600000,69576.5,69693.5,69505.5,69664.5
1773202500000,69666.5,70006.5,69646.5,69996.5
1773203400000,69995.5,70034.5,69922.5,70008.5
1773204300000,70007.5,70279.5,69977.5,70140.5
1773205200000,70142.5,70215.5,69959.5,70019.5
1773206100000,70022.5,70039.5,69882.5,69949.5
1773207000000,69945.5,69953.5,69382.5,69549.5
1773207900000,69553.5,69643.5,69465.5,69516.5
1773208800000,69513.5,69741.5,69502.5,69723.5
1773209700000,69720.5,69837.5,69683.5,69814.5
1773210600000,69817.5,69951.5,69805.5,69843.5
1773211500000,69836.5,70016.5,69712.5,69958.5
1773212400000,69956.5,70048.5,69878.5,69916.5
1773213300000,69915.5,69932.5,69752.5,69799.5
1773214200000,69799.5,69806.5,69457.5,69549.5
1773215100000,69550.5,69767.5,69522.5,69668.5
1773216000000,69669.5,69784.5,69586.5,69642.5
1773216900000,69645.5,69663.5,69506.5,69511.5
1773217800000,69513.5,69786.5,69484.5,69675.5
1773218700000,69673.5,69696.5,69503.5,69661.5
1773219600000,69664.5,69682.5,69519.5,69550.5
1773220500000,69552.5,69683.5,69533.5,69538.5
1773221400000,69532.5,69654.5,69384.5,69563.5
1773222300000,69564.5,69762.5,69365.5,69475.5
1773223200000,69477.5,69548.5,69396.5,69513.5
1773224100000,69515.5,69613.5,69446.5,69511.5
1773225000000,69514.5,69733.5,69478.5,69697.5
1773225900000,69698.5,69718.5,69568.5,69613.5
1773226800000,69620.5,69698.5,69543.5,69616.5
1773227700000,69614.5,69672.5,69400.5,69465.5
1773228600000,69467.5,69576.5,69397.5,69459.5
1773229500000,69464.5,69495.5,69116.5,69174.5
1773230400000,69174.5,69260.5,68960.5,69163.5
1773231300000,69162.5,69466.5,69153.5,69446.5
1773232200000,69446.5,69777.5,69165.5,69257.5
1773233100000,69257.5,69410.5,69123.5,69366.5
1773234000000,69365.5,69992.5,69297.5,69870.5
1773234900000,69864.5,70385.5,69800.5,70239.5
1773235800000,70243.5,71101.5,70185.5,70461.5
1773236700000,70463.5,70587.5,69783.5,70195.5
1773237600000,70195.5,70786.5,69949.5,70243.5
1773238500000,70245.5,70743.5,70190.5,70682.5
1773239400000,70686.5,70994.5,70445.5,70859.5
1773240300000,70864.5,71022.5,70498.5,70602.5
1773241200000,70601.5,70683.5,70013.5,70171.5
1773242100000,70170.5,70505.5,70047.5,70231.5
1773243000000,70231.5,70305.5,69683.5,70097.5
1773243900000,70094.5,70358.5,69896.5,70258.5
1773244800000,70258.5,70515.5,70182.5,70478.5
1773245700000,70477.5,70628.5,70289.5,70486.5
1773246600000,70485.5,70802.5,70467.5,70790.5
1773247500000,70784.5,70858.5,70498.5,70595.5
1773248400000,70595.5,71044.5,70563.5,70886.5
1773249300000,70893.5,71352.5,70866.5,71286.5
1773250200000,71273.5,71367.5,70488.5,70846.5
1773251100000,70848.5,70998.5,70621.5,70806.5
1773252000000,70805.5,70916.5,70661.5,70781.5
1773252900000,70778.5,70927.5,70637.5,70736.5
1773253800000,70735.5,70789.5,70433.5,70539.5
1773254700000,70538.5,70821.5,70436.5,70682.5
1773255600000,70656.5,70698.5,70421.5,70505.5
1773256500000,70505.5,70608.5,70408.5,70564.5
1773257400000,70564.5,70782.5,70507.5,70714.5
1773258300000,70712.5,70765.5,70605.5,70672.5
1773259200000,70672.5,70678.5,70459.5,70463.5
1773260100000,70484.5,70553.5,70416.5,70471.5
1773261000000,70473.5,70608.5,70466.5,70578.5
1773261900000,70576.5,70719.5,70480.5,70681.2
1773262800000,70641.7,70777.9,70508.5,70565.5
1773263700000,70564.5,70627.5,70516.5,70587.5
1773264600000,70588.5,70716.5,70546.5,70557.5
1773265500000,70560.5,70800.5,70541.5,70764.5
1773266400000,70764.5,70955.5,70659.5,70830.5
1773267300000,70838.5,70838.5,70445.5,70503.5
1773268200000,70503.5,70544.5,70280.5,70391.5
1773269100000,70389.5,70529.5,70250.5,70399.5
1773270000000,70398.5,70537.5,70382.5,70480.5
1773270900000,70478.5,70480.5,70337.5,70392.5
1773271800000,70389.5,70455.5,70229.5,70270.5
1773272700000,70270.5,70327.5,70142.5,70220.5
1773273600000,70219.5,70352.5,70144.5,70287.5
1773274500000,70289.5,70393.5,70193.5,70278.5
1773275400000,70277.5,70380.5,70152.5,70304.5
1773276300000,70304.5,70319.5,70210.5,70244.5
1773277200000,70237.5,70255.5,69878.5,69928.5
1773278100000,69924.5,70018.5,69887.5,69924.5
1773279000000,69926.5,70009.5,69798.5,69992.5
1773279900000,69993.5,70025.5,69757.5,69852.5
1773280800000,69852.5,69906.5,69766.5,69803.5
1773281700000,69803.5,69853.5,69507.5,69612.5
1773282600000,69611.5,69652.5,69334.5,69478.5
1773283500000,69476.5,69515.5,69235.5,69308.5
1773284400000,69308.5,69435.5,69245.5,69387.5
1773285300000,69386.5,69512.5,69373.5,69430.5
1773286200000,69429.5,69635.5,69400.5,69574.5
1773287100000,69573.5,69579.5,69286.5,69453.5
1773288000000,69455.5,69694.5,69441.5,69604.5
1773288900000,69606.5,69627.5,69456.5,69497.5
1773289800000,69497.5,69503.5,69283.5,69397.5
1773290700000,69397.5,69427.5,69298.5,69377.5
1773291600000,69373.5,69499.5,69334.5,69353.5
1773292500000,69353.5,69423.5,69187.5,69273.5
1773293400000,69272.5,69562.5,69272.5,69522.5
1773294300000,69523.5,69537.5,69404.5,69481.5
1773295200000,69481.5,69494.5,69343.5,69470.5
1773296100000,69471.5,69566.5,69411.5,69548.5
1773297000000,69547.5,69569.5,69405.5,69500.5
1773297900000,69485.5,69536.5,69433.5,69514.5
1773298800000,69518.5,69544.5,69423.5,69510.5
1773299700000,69509.5,69652.5,69497.5,69625.5
1773300600000,69625.5,69779.5,69605.5,69688.5
1773301500000,69687.5,69873.5,69687.5,69829.5
1773302400000,69831.5,69933.5,69715.5,69782.5
1773303300000,69782.5,70134.5,69754.5,69812.5
1773304200000,69810.5,69924.5,69701.5,69841.5
1773305100000,69841.5,69932.5,69777.5,69928.5
1773306000000,69928.5,69941.5,69687.5,69785.5
1773306900000,69791.5,69793.5,69591.5,69692.5
1773307800000,69693.5,70339.5,69693.5,70278.5
1773308700000,70278.5,70414.5,69845.5,69967.5
1773309600000,69971.5,70087.5,69862.5,69981.5
1773310500000,69978.5,70228.5,69952.5,70159.5
1773311400000,70158.5,70482.5,70137.5,70392.5
1773312300000,70391.5,70538.5,70276.5,70429.5
1773313200000,70430.5,70566.5,70373.5,70434.5
1773314100000,70435.5,70652.5,70401.5,70572.5
1773315000000,70571.5,70769.5,70493.5,70703.5
1773315900000,70701.5,70821.5,70372.5,70445.5
1773316800000,70428.5,70480.5,70283.5,70384.5
1773317700000,70383.5,70505.5,70320.5,70436.5
1773318600000,70435.5,70504.5,70276.5,70470.5
1773319500000,70470.5,70642.5,70343.5,70400.5
1773320400000,70398.5,70550.5,70345.5,70427.5
1773321300000,70430.5,70455.5,69976.5,70123.5
1773322200000,70121.5,70473.5,69928.5,70097.5
1773323100000,70100.5,70177.5,69706.5,70005.5
1773324000000,70004.5,70459.5,69988.5,70415.5
1773324900000,70413.5,70687.5,69936.5,69969.5
1773325800000,69965.5,70027.5,69399.5,69611.5
1773326700000,69612.5,69780.5,69352.5,69607.5
1773327600000,69609.5,69796.5,69486.5,69763.5
1773328500000,69763.5,70434.5,69705.5,70310.5
1773329400000,70310.5,70596.5,70137.5,70393.5
1773330300000,70392.5,70526.5,70208.5,70348.5
1773331200000,70346.5,70520.5,69912.5,70150.5
1773332100000,70148.5,70592.5,70070.5,70091.5
1773333000000,70088.5,70509.5,70053.5,70397.5
1773333900000,70393.5,70577.5,70259.5,70398.5
1773334800000,70398.5,70591.5,70356.5,70481.5
1773335700000,70446.5,70559.5,70205.5,70322.5
1773336600000,70321.5,70490.5,70290.5,70397.5
1773337500000,70396.5,70456.5,70047.5,70241.5
1773338400000,70239.5,70327.5,70097.5,70234.5
1773339300000,70236.5,70308.5,69888.5,70047.5
1773340200000,70046.5,70134.5,69872.5,69941.5
1773341100000,69944.5,69967.5,69815.5,69845.5
1773342000000,69846.5,69981.5,69772.5,69966.5
1773342900000,69966.5,70259.5,69966.5,70246.5
1773343800000,70246.5,70387.5,70233.5,70325.5
1773344700000,70322.5,70592.5,70278.5,70471.5
1773345600000,70461.5,70602.5,70367.5,70416.5
1773346500000,70417.5,70452.5,70244.5,70337.5
1773347400000,70334.5,70338.5,70157.5,70163.5
1773348300000,70164.5,70271.5,70124.5,70174.2
1773349200000,70163.70000000001,70506.5,70163.6,70412.5
1773350100000,70414.5,70443.5,70265.5,70319.5
1773351000000,70318.5,70322.5,70194.5,70307.5
1773351900000,70308.5,70405.5,70246.5,70289.5
1773352800000,70289.5,70321.5,70165.5,70224.5
1773353700000,70223.5,70308.5,70130.5,70202.5
1773354600000,70198.5,70249.5,70036.5,70085.5
1773355500000,70084.5,70216.5,70028.5,70191.5
1773356400000,70191.5,70502.5,70175.5,70476.5
1773357300000,70479.5,70753.5,70474.5,70554.5
1773358200000,70553.5,70683.5,70475.5,70642.5
1773359100000,70651.5,70677.5,70475.5,70538.5
1773360000000,70530.5,71143.5,70402.5,71142.5
1773360900000,71142.5,71777.5,71125.5,71497.5
1773361800000,71496.5,72030.5,71468.5,71523.5
1773362700000,71524.5,71577.5,71241.5,71486.5
1773363600000,71485.5,71722.5,71480.5,71611.5
1773364500000,71612.5,71776.5,71446.5,71538.5
1773365400000,71539.5,71723.5,71283.5,71630.5
1773366300000,71628.5,71720.5,71548.5,71673.5
1773367200000,71674.5,71713.5,71512.5,71566.5
1773368100000,71565.5,71639.5,71428.5,71476.5
1773369000000,71476.5,71510.5,71158.5,71191.5
1773369900000,71188.5,71290.5,71040.5,71159.5
1773370800000,71162.5,71290.5,71093.5,71183.5
1773371700000,71184.5,71301.5,71074.5,71117.5
1773372600000,71115.5,71216.5,70961.5,71155.5
1773373500000,71155.5,71526.5,71137.5,71421.5
1773374400000,71420.5,71508.5,71348.5,71384.5
1773375300000,71385.5,71385.5,71237.5,71334.5
1773376200000,71334.5,71442.5,71276.5,71413.5
1773377100000,71413.5,71455.5,71316.5,71393.5
1773378000000,71391.5,71448.5,71250.5,71290.5
1773378900000,71289.5,71476.5,71267.5,71430.5
1773379800000,71429.5,71640.5,71426.5,71613.5
1773380700000,71614.5,71652.5,71478.5,71564.5
1773381600000,71563.5,71605.5,71455.5,71483.5
1773382500000,71484.5,71520.5,71218.5,71255.5
1773383400000,71250.5,71347.5,71175.5,71268.5
1773384300000,71268.5,71407.5,71199.5,71353.5
1773385200000,71352.5,71526.5,71240.5,71444.5
1773386100000,71439.5,71607.5,71413.5,71522.5
1773387000000,71527.5,71605.5,71392.5,71591.5
1773387900000,71592.5,71699.5,71546.5,71638.5
1773388800000,71639.5,71676.5,71389.5,71481.5
1773389700000,71478.5,71620.5,71447.5,71607.5
1773390600000,71608.5,72168.5,71595.5,71947.5
1773391500000,71958.5,71984.5,71737.5,71841.5
1773392400000,71840.5,71997.5,71759.5,71783.5
1773393300000,71787.5,71854.5,71592.5,71833.5
1773394200000,71831.5,71961.5,71797.5,71892.5
1773395100000,71892.5,72122.5,71860.5,72022.5
1773396000000,72024.5,72294.5,72018.5,72288.5
1773396900000,72287.5,72519.5,72267.5,72381.5
1773397800000,72383.5,72598.5,72336.5,72523.5
1773398700000,72524.5,72612.5,72367.5,72476.5
1773399600000,72476.5,72563.5,72265.5,72322.5
1773400500000,72322.5,72517.5,72309.5,72342.5
1773401400000,72340.5,72389.5,72261.5,72330.5
1773402300000,72333.5,72379.5,72197.5,72239.5
1773403200000,72238.5,72467.5,72201.5,72438.5
1773404100000,72433.5,72534.5,72345.5,72439.5
1773405000000,72439.5,72635.5,72329.5,72367.5
1773405900000,72368.5,72896.5,72358.5,72804.5
1773406800000,72800.5,72950.5,72673.5,72816.5
1773407700000,72812.5,73279.5,72715.5,73046.5
1773408600000,73047.5,73361.5,72770.5,73313.5
1773409500000,73303.5,73622.5,73220.5,73378.5
1773410400000,73397.5,73640.5,73276.5,73523.5
1773411300000,73523.5,73931.5,73350.5,73754.5
1773412200000,73756.5,73935.5,72934.5,72959.5
1773413100000,72959.5,73010.5,72368.5,72402.5
1773414000000,72406.5,72737.5,72203.5,72675.5
1773414900000,72676.5,72852.5,72487.5,72496.5
1773415800000,72497.5,72620.5,71890.5,71998.5
1773416700000,72000.5,72272.5,71748.5,71859.5
1773417600000,71858.5,71975.5,71568.5,71755.5
1773418500000,71756.5,71798.5,71151.5,71401.5
1773419400000,71404.5,71904.5,71385.5,71853.5
1773420300000,71843.5,72120.5,71764.5,71901.5
1773421200000,71901.5,72161.5,71877.5,72135.5
1773422100000,72138.5,72272.5,71568.5,71671.5
1773423000000,71665.5,71699.5,71028.5,71198.5
1773423900000,71208.5,71290.5,70893.5,71051.5
1773424800000,71052.5,71221.5,70924.5,71215.5
1773425700000,71214.5,71237.5,70833.5,71198.5
1773426600000,71199.5,71350.5,71172.5,71225.5
1773427500000,71227.5,71249.5,70996.5,71055.5
1773428400000,71057.5,71294.5,70994.5,71231.5
1773429300000,71232.5,71325.5,71024.5,71104.5
1773430200000,71108.5,71239.5,71055.5,71160.5
1773431100000,71162.5,71281.5,71094.5,71191.5
1773432000000,71188.5,71381.5,71151.5,71367.5
1773432900000,71368.5,71493.5,71268.5,71328.5
1773433800000,71329.5,71364.5,71282.5,71331.5
1773434700000,71327.5,71486.5,71281.5,71334.8
1773608400000,71743.9,71745.2,71617.5,71654.5
1773609300000,71653.5,71826.5,71651.5,71770.5
1773610200000,71769.5,72224.5,71768.5,72113.5
1773611100000,72114.5,72227.5,71982.5,72113.5
1773612000000,72103.5,72302.5,71744.5,71809.5
1773612900000,71815.5,71981.5,71718.5,71936.5
1773613800000,71937.5,72516.5,71937.5,72412.5
1773614700000,72409.5,73067.5,72407.5,72761.5
1773615600000,72763.5,73228.5,72746.5,73026.5
1773616500000,73025.5,73141.5,72461.5,72506.5
1773617400000,72507.5,72769.5,72425.5,72713.5
1773618300000,72712.5,72849.5,72557.5,72823.5
1773619200000,72824.5,73037.5,72700.5,72732.5
1773620100000,72733.5,72890.5,72516.5,72530.5
1773621000000,72535.5,72708.5,72460.5,72533.5
1773621900000,72530.5,72686.5,72520.5,72548.5
1773622800000,72546.5,72644.5,72273.5,72332.5
1773623700000,72330.5,72697.5,72330.5,72658.5
1773624600000,72658.5,72686.5,72484.5,72606.5
1773625500000,72610.5,72878.5,72590.5,72775.5
1773626400000,72775.5,72873.5,72675.5,72721.5
1773627300000,72721.5,72765.5,72389.5,72457.5
1773628200000,72459.5,72501.5,72367.5,72458.5
1773629100000,72459.5,72621.5,72426.5,72529.5
1773630000000,72533.5,72619.5,72444.5,72535.5
1773630900000,72535.5,72908.5,72497.5,72880.5
1773631800000,72871.5,74309.5,72870.5,73790.5
1773632700000,73790.5,73885.5,73535.5,73587.5
1773633600000,73581.5,73825.5,73581.5,73708.5
1773634500000,73711.5,74059.5,73590.5,73616.5
1773635400000,73618.5,73843.5,73614.5,73644.5
1773636300000,73642.5,74454.5,73601.5,73835.5
1773637200000,73836.5,74106.5,73737.5,73880.5
1773638100000,73878.5,73984.5,73799.5,73919.5
1773639000000,73916.5,74104.5,73721.5,74057.5
1773639900000,74058.5,74264.5,73996.5,74206.5
1773640800000,74207.5,74216.5,73602.5,73712.5
1773641700000,73718.5,73845.5,73659.5,73721.5
1773642600000,73720.5,73875.5,73701.5,73832.5
1773643500000,73829.5,73844.5,73717.5,73717.5
1773644400000,73718.5,73936.5,73658.5,73858.5
1773645300000,73857.5,73874.5,73704.5,73834.5
1773646200000,73836.5,73870.5,73461.5,73490.5
1773647100000,73482.5,73544.5,73394.5,73462.5
1773648000000,73462.5,73783.5,73462.5,73517.5
1773648900000,73512.5,73576.5,73325.5,73363.5
1773649800000,73362.5,73373.5,72910.5,72910.5
1773650700000,72913.5,73212.5,72898.5,73154.5
1773651600000,73156.5,73234.5,73070.5,73150.5
1773652500000,73151.5,73301.5,73142.5,73282.5
1773653400000,73282.5,73289.5,73179.5,73201.5
1773654300000,73207.5,73345.5,73190.5,73263.5
1773655200000,73267.5,73456.5,73267.5,73353.5
1773656100000,73356.5,73498.5,73285.5,73445.5
1773657000000,73450.5,73460.5,73206.5,73270.5
1773657900000,73271.5,73801.5,73231.5,73801.5
1773658800000,73800.5,73827.5,73617.5,73623.5
1773659700000,73622.5,73766.5,73541.5,73566.5
1773660600000,73568.5,73673.5,73493,73634.5
1773661500000,73623.5,73678.5,73493,73560.5
1773662400000,73565.5,73813.5,73455.5,73595.5
1773663300000,73593.5,73894.5,73461.5,73871.5
1773664200000,73864.5,74044.5,73736.5,73803.5
1773665100000,73808.5,73888.5,73716.5,73870.5
1773666000000,73869.5,74026.5,73819.5,73973.5
1773666900000,73971.5,74000.5,73771.5,73905.5
1773667800000,73895.5,74534.5,73825.5,74078.5
1773668700000,74082.5,74419.5,73867.5,74137.5
1773669600000,74142.5,74477.5,73979.5,74324.5
1773670500000,74327.5,74402.5,73574.5,73614.5
1773671400000,73614.5,73632.5,72996,73145.5
1773672300000,73138.5,73590.5,73003.5,73574.5
1773673200000,73570.5,73794.5,73319.5,73691.5
1773674100000,73687.5,73911.5,73554.5,73857.5
1773675000000,73854.5,74045.5,73502.5,73553.5
1773675900000,73551.5,73624.5,73172.5,73274.5
1773676800000,73275.5,73487.5,73151.5,73350.5
1773677700000,73352.5,73497.5,73332.5,73416.5
1773678600000,73418.5,73691.5,73314.5,73671.5
1773679500000,73671.5,73924.5,73597.5,73776.5
1773680400000,73778.5,73959.5,73701.5,73843.5
1773681300000,73847.5,73911.5,73677.5,73693.5
1773682200000,73698.5,73981.5,73646.5,73897.5
1773683100000,73903.5,74059.5,73754.5,73952.5
1773684000000,73950.5,74347.5,73903.5,74218.5
1773684900000,74218.5,74315.5,74091.5,74248.5
1773685800000,74251.5,74370.5,74012.5,74211.5
1773686700000,74210.5,74214.5,73839.5,73909.5
1773687600000,73913.5,74417.5,73761.5,74159.5
1773688500000,74165.5,74270.5,73947.5,74118.5
1773689400000,74118.5,74253.5,74098.5,74136.5
1773690300000,74137.5,74157.5,73824.5,73938.5
1773691200000,73942.5,73996.5,73847.5,73902.5
1773692100000,73906.5,74077.5,73869.5,73962.5
1773693000000,73965.5,74120.5,73965.5,74045.5
1773693900000,74048.5,74258.5,74035.5,74223.8
1773694800000,74233.3,74503.8,74075.5,74353.5
1773695700000,74352.5,74471.5,74174.5,74284.5
1773696600000,74275.5,74798.5,74224.5,74428.5
1773697500000,74416.5,74611.5,74319.5,74391.5
1773698400000,74392.5,74909.5,74352.5,74867.5
1773699300000,74869.5,74890.5,74575.5,74659.5
1773700200000,74661.5,74786.5,74576.5,74763.5
1773701100000,74761.5,74866.5,74672.5,74768.5
1773702000000,74767.5,74770.5,74234.5,74399.5
1773702900000,74396.5,74621.5,74395.5,74611.5
1773703800000,74602.5,74883.5,74591.5,74862.5
1773704700000,74863.5,74914.5,74674.5,74876.5
1773705600000,74877.5,75460.5,74598.5,75409.5
1773706500000,75403.5,75502.5,74820.5,75088.5
1773707400000,75085.5,75242.5,74889.5,74985.5
1773708300000,74981.5,75323.5,74901.5,75305.5
1773709200000,75308.5,75955.5,75043.5,75838.5
1773710100000,75841.5,75966.5,75589.5,75926.5
1773711000000,75927.5,75997.5,75458.5,75672.5
1773711900000,75661.5,75773.5,75425.5,75614.5
1773712800000,75611.5,75680.5,75122.5,75241.5
1773713700000,75242.5,75277.5,75084.5,75170.5
1773714600000,75169.5,75465.5,75091.5,75393.5
1773715500000,75397.5,75432.5,75123.5,75198.5
1773716400000,75190.5,75335.5,74917.5,74945.5
1773717300000,74949.5,75010.5,74734.5,74835.5
1773718200000,74830.5,74846.5,74333.5,74429.5
1773719100000,74430.5,74524.5,74263.5,74466.5
1773720000000,74464.5,74680.5,74409.5,74680.5
1773720900000,74683.5,74686.5,74269.5,74424.5
1773721800000,74426.5,74514.5,73979.5,74059.5
1773722700000,74042.5,74298.5,74042.5,74249.5
1773723600000,74248.5,74401.5,74087.5,74283.5
1773724500000,74288.5,74430.5,74205.5,74410.5
1773725400000,74409.5,74471.5,73911.5,73946.5
1773726300000,73937.5,74121.5,73758.5,74051.5
1773727200000,74044.5,74175.5,73866.5,74145.5
1773728100000,74147.5,74283.5,74080.5,74217.5
1773729000000,74214.5,74285.5,73976.5,74014.5
1773729900000,74015.5,74104.5,73935.5,74080.5
1773730800000,74078.5,74344.5,74061.5,74329.5
1773731700000,74327.5,74449.5,74318.5,74405.5
1773732600000,74401.5,74413.5,74301.5,74404.5
1773733500000,74410.5,74410.5,74214.5,74251.5
1773734400000,74252.5,74466.5,74159.5,74226.5
1773735300000,74225.5,74421.5,74092.5,74321.5
1773736200000,74322.5,74453.5,74159.5,74402.5
1773737100000,74402.5,74443.5,74128.5,74185.5
1773738000000,74189.5,74268.5,73994.5,74051.5
1773738900000,74049.5,74416.5,73995.5,74318.5
1773739800000,74314.5,74336.5,74139.5,74201.5
1773740700000,74198.5,74198.5,73808.5,73943.5
1773741600000,73942.5,73977.5,73471.5,73693.5
1773742500000,73692.5,73845.5,73547.5,73746.5
1773743400000,73749.5,73795.5,73587.5,73752.5
1773744300000,73746.5,73793.5,73639.5,73734.5
1773745200000,73732.5,73968.5,73673.5,73945.5
1773746100000,73951.5,74097.5,73875.5,74018.5
1773747000000,74016.5,74147.5,73943.5,74119.5
1773747900000,74122.5,74226.5,73999.5,74034.5
1773748800000,74036.5,74198.5,74006.5,74065.5
1773749700000,74067.5,74157.5,73766.5,73798.5
1773750600000,73797.5,73926.5,73672.5,73843.5
1773751500000,73842.5,73842.5,73643.5,73739.5
1773752400000,73729.5,73843.5,73680.5,73839.5
1773753300000,73840.5,73888.5,73645.5,73705.5
1773754200000,73708.5,74157.5,73669.5,73745.5
1773755100000,73736.5,73904.5,73377.5,73635.5
1773756000000,73636.5,73821.5,73414.5,73709.5
1773756900000,73726.5,73957.5,73525.5,73901.5
1773757800000,73902.5,74300.5,73901.5,74272.5
1773758700000,74275.5,74440.5,74114.5,74409.5
1773759600000,74406.5,74916.5,74094.5,74139.5
1773760500000,74139.5,74324.5,74007.5,74077.5
1773761400000,74074.5,74187.5,73685.5,73924.5
1773762300000,73922.5,74087.5,73741.5,73941.5
1773763200000,73940.5,74181.5,73877.5,73991.5
1773764100000,73992.5,74368.5,73964.5,74226.5
1773765000000,74227.5,74260.5,73971.5,74159.5
1773765900000,74152.5,74279.5,74012.5,74186.5
1773766800000,74187.5,74329.5,74015.5,74236.5
1773767700000,74236.5,74479.5,74187.5,74312.5
1773768600000,74312.5,74515.5,74228.5,74448.5
1773769500000,74449.5,74626.5,74379.5,74539.5
1773770400000,74541.5,74700.5,74458.5,74610.5
1773771300000,74608.5,74690.5,74402.5,74441.5
1773772200000,74444.5,74758.5,74435.5,74639.5
1773773100000,74636.5,74801.5,74598.5,74709.5
1773774000000,74706.5,74830.5,74653.5,74766.5
1773774900000,74768.5,74830.5,74524.5,74650.5
1773775800000,74648.5,74803.5,74542.5,74697.5
1773776700000,74702.5,74725.5,74450.5,74555.5
1773777600000,74542.5,74548.5,74385.5,74390.5
1773778500000,74392.5,74714.5,74384.5,74680.5
1773779400000,74683.5,74688.5,74526.5,74582.5
1773780300000,74585.5,74618.5,74484.5,74566.8
1773781200000,74523.4,74820.5,74449.5,74727.5
1773782100000,74735.5,74754.5,74582.5,74590.5
1773783000000,74590.5,74822.5,74499.5,74754.5
1773783900000,74750.5,74805.5,74660.5,74709.5
1773784800000,74709.5,74804.5,74554.5,74613.5
1773785700000,74614.5,74637.5,74388.5,74393.5
1773786600000,74393.5,74419.5,73947.5,74189.5
1773787500000,74186.5,74378.5,74155.5,74331.5
1773788400000,74330.5,74433.5,74239.5,74351.5
1773789300000,74348.5,74361.5,74107.5,74209.5
1773790200000,74210.5,74210.5,73934.5,73959.5
1773791100000,73962.5,74086.5,73884.5,73933.5
1773792000000,73934.5,74099.5,73817.5,74016.5
1773792900000,74015.5,74043.5,73691.5,73797.5
1773793800000,73796.5,73835.5,73536.5,73755.5
1773794700000,73754.5,73915.5,73754.5,73889.5
1773795600000,73888.5,74021.5,73835.5,73931.5
1773796500000,73932.5,74075.5,73873.5,74040.5
1773797400000,74041.5,74237.5,74037.5,74166.5
1773798300000,74165.5,74236.5,74018.5,74094.5
1773799200000,74095.5,74313.5,74048.5,74305.5
1773800100000,74306.5,74328.5,74196.5,74248.5
1773801000000,74253.5,74454.5,74216.5,74451.5
1773801900000,74451.5,74499.5,74344.5,74366.5
1773802800000,74366.5,74439.5,74271.5,74298.5
1773803700000,74299.5,74661.5,74287.5,74552.5
1773804600000,74553.5,74711.5,74474.5,74518.5
1773805500000,74517.5,74560.5,74437.5,74480.5
1773806400000,74480.5,74529.5,74418.5,74459.5
1773807300000,74456.5,74478.5,74272.5,74284.5
1773808200000,74282.5,74284.5,74188.5,74254.5
1773809100000,74253.5,74294.5,74162.5,74199.5
1773810000000,74199.5,74337.5,74170.5,74314.5
1773810900000,74314.5,74318.5,74071.5,74099.5
1773811800000,74098.5,74188.5,74002.5,74025.5
1773812700000,74026.5,74099.5,73859.5,73981.5
1773813600000,73980.5,74136.5,73967.5,74117.5
1773814500000,74118.5,74262.5,74054.5,74208.5
1773815400000,74207.5,74252.5,74027.5,74087.5
1773816300000,74087.5,74144.5,73962.5,73977.5
1773817200000,73981.5,74031.5,73882.5,74006.5
1773818100000,74006.5,74021.5,73822.5,73865.5
1773819000000,73865.5,73866.5,73716.5,73733.5
1773819900000,73736.5,73929.5,73709.5,73900.5
1773820800000,73899.5,74047.5,73870.5,74027.5
1773821700000,74024.5,74091.5,73979.5,74057.5
1773822600000,74059.5,74138.5,73979.5,74106.5
1773823500000,74102.5,74153.5,74029.5,74068.5
1773824400000,74067.5,74219.5,74049.5,74183.5
1773825300000,74182.5,74254.5,74128.5,74178.5
1773826200000,74181.5,74315.5,74153.5,74265.5
1773827100000,74264.5,74304.5,74129.5,74203.5
1773828000000,74203.5,74287.5,74103.5,74268.5
1773828900000,74266.5,74270.5,74186.5,74201.5
1773829800000,74200.5,74229.5,73878.5,73898.5
1773830700000,73896.5,73969.5,73812.5,73949.5
1773831600000,73950.5,74090.5,73745.5,73965.5
1773832500000,73966.5,74044.5,73568.5,73615.5
1773833400000,73618.5,73642.5,72796.5,73107.5
1773834300000,73107.5,73158.5,72882.5,72957.5
1773835200000,72962.5,72993.5,72680.5,72764.5
1773836100000,72769.5,72898.5,72661.5,72822.5
1773837000000,72811.5,72811.5,72311.5,72427.5
1773837900000,72433.5,72505.5,72266.5,72368.5
1773838800000,72368.5,72462.5,72119.5,72434.5
1773839700000,72437.5,72552.5,72298.5,72482.5
1773840600000,72486.5,72561.5,72217.5,72327.5
1773841500000,72328.5,72387.5,71970.5,72140.5
1773842400000,72137.5,72230.5,71845.5,71867.5
1773843300000,71869.5,72024.5,71597.5,71641.5
1773844200000,71644.5,71864.5,71468.5,71491.5
1773845100000,71490.5,71614.5,71085.5,71195.5
1773846000000,71184.5,71474.5,70853.5,71073.5
1773846900000,71076.5,71343.5,71002.5,71292.5
1773847800000,71291.5,71486.5,71201.5,71354.5
1773848700000,71352.5,71543.5,71179.5,71465.5
1773849600000,71467.5,71572.5,71176.5,71244.5
1773850500000,71249.5,71341.5,71084.5,71224.5
1773851400000,71223.5,71295.5,71013.5,71284.5
1773852300000,71283.5,71445.5,71244.5,71321.5
1773853200000,71318.5,71389.5,71184.5,71289.5
1773854100000,71294.5,71522.5,71189.5,71483.5
1773855000000,71488.5,71721.5,71344.5,71592.5
1773855900000,71591.5,71763.5,71539.5,71587.5
1773856800000,71599.5,71980.5,71546.5,71886.5
1773857700000,71887.5,71887.5,71552.5,71697.5
1773858600000,71692.5,71859.5,71460.5,71616.5
1773859500000,71617.5,71617.5,70927.5,71099.5
1773860400000,71099.5,71423.5,71068.5,71333.5
1773861300000,71334.5,71497.5,71198.5,71275.5
1773862200000,71274.5,71349.5,70969.5,71062.5
1773863100000,71062.5,71153.5,70911.5,71055.5
1773864000000,71052.5,71053.5,70460.5,70745.5
1773864900000,70748.5,71031.5,70711.5,70965.5
1773865800000,70967.5,71302.5,70940.5,71166.5
1773866700000,71166.5,71325.5,71119.5,71206.5
1773867600000,71212.2,71433.5,71163.3,71275.5
1773868500000,71266.5,71384.5,71220.5,71236.5
1773869400000,71236.5,71384.5,71135.5,71320.5
1773870300000,71319.5,71360.5,71236.5,71256.5
1773871200000,71256.5,71257.5,70923.5,70985.5
1773872100000,70984.5,71121.5,70947.5,71088.5
1773873000000,71088.5,71118.5,70934.5,71051.5
1773873900000,71052.5,71150.5,71007.5,71146.5
1773874800000,71147.5,71261.5,71053.5,71152.5
1773875700000,71150.5,71218.5,71065.5,71200.5
1773876600000,71198.5,71350.5,71197.5,71273.5
1773877500000,71265.5,71368.5,71201.5,71238.5
1773878400000,71239.5,71311.5,71075.5,71183.5
1773879300000,71180.5,71315.5,71082.5,71291.5
1773880200000,71287.5,71296.5,71031.5,71053.5
1773881100000,71049.5,71123.5,70969.5,70999.5
1773882000000,71003.5,71111.5,70951.5,71008.5
1773882900000,71009.5,71088.5,70946.5,71070.5
1773883800000,71072.5,71168.5,70999.5,71139.5
1773884700000,71141.5,71192.5,71077.5,71113.5
1773885600000,71117.5,71218.5,70885.5,71179.5
1773886500000,71178.5,71252.5,71130.5,71251.5
1773887400000,71263.5,71266.5,71161.5,71199.5
1773888300000,71199.5,71222.5,71033.5,71057.5
1773889200000,71060.5,71246.5,71058.5,71194.5
1773890100000,71194.5,71610.5,71181.5,71502.5
1773891000000,71509.5,71545.5,71243.5,71252.5
1773891900000,71251.5,71311.5,71195.5,71209.5
1773892800000,71208.5,71214.5,70717.5,70863.5
1773893700000,70863.5,70936.5,70670.5,70742.5
1773894600000,70700.5,70832.5,70643.5,70782.5
1773895500000,70782.5,70881.5,70726.5,70821.5
1773896400000,70823.5,70919.5,70744.5,70816.5
1773897300000,70815.5,70894.5,70674.5,70690.5
1773898200000,70685.5,70874.5,70649.5,70788.5
1773899100000,70788.5,70857.5,70709.5,70825.5
1773900000000,70826.5,70953.5,70726.5,70868.5
1773900900000,70868.5,70948.5,70724.5,70724.5
1773901800000,70724.5,70767.5,70544.5,70710.5
1773902700000,70717.5,70736.5,70475.5,70582.5
1773903600000,70581.5,70607.5,69969.5,69989.5
1773904500000,69989.5,70042.5,69484.5,69815.5
1773905400000,69817.5,70239.5,69768.5,70098.5
1773906300000,70099.5,70310.5,69995.5,70185.5
1773907200000,70189.5,70299.5,70091.5,70172.5
1773908100000,70171.5,70246.5,70043.5,70063.5
1773909000000,70065.5,70179.5,69876.5,70021.5
1773909900000,70017.5,70135.5,69920.5,69990.5
1773910800000,69991.5,70173.5,69956.5,70037.5
1773911700000,70029.5,70459.5,69998.5,70254.5
1773912600000,70249.5,70461.5,70079.5,70445.5
1773913500000,70441.5,70569.5,70402.5,70500.5
1773914400000,70492.5,70530.5,70381.5,70409.5
1773915300000,70414.5,70502.5,70346.5,70397.5
1773916200000,70398.5,70418.5,70168.5,70214.5
1773917100000,70213.5,70265.5,70095.5,70123.5
1773918000000,70127.5,70243.5,70058.5,70128.5
1773918900000,70127.5,70230.5,70096.5,70190.5
1773919800000,70189.5,70242.5,69995.5,70018.5
1773920700000,70019.5,70064.5,69888.5,69947.5
1773921600000,69946.5,69946.5,69567.5,69794.5
1773922500000,69794.5,69804.5,69526.5,69589.5
1773923400000,69576.5,69740.5,69523.5,69621.5
1773924300000,69624.5,69656.5,69053.5,69285.5
1773925200000,69283.5,69429.5,69069.5,69083.5
1773926100000,69082.5,69514.5,69053.5,69328.5
1773927000000,69329.5,69819.5,69214.5,69698.5
1773927900000,69694.5,70074.5,69525.5,69885.5
1773928800000,69891.5,70151.5,69469.5,69504.5
1773929700000,69501.5,69558.5,69104.5,69146.5
1773930600000,69147.5,69349.5,69072.5,69269.5
1773931500000,69270.5,69576.5,69173.5,69463.5
1773932400000,69456.5,69917.5,69420.5,69687.5
1773933300000,69688.5,69807.5,69179.5,69188.5
1773934200000,69187.5,69374.5,68852.5,68872.5
1773935100000,68875.5,69558.5,68724.5,69406.5
1773936000000,69405.5,69537.5,69195.5,69338.5
1773936900000,69339.5,69592.5,69153.5,69512.5
1773937800000,69515.5,69638.5,69234.5,69505.5
1773938700000,69505.5,69526.5,69267.5,69444.5
1773939600000,69446.5,69488.5,69093.5,69210.5
1773940500000,69206.5,69731.5,69153.5,69651.5
1773941400000,69652.5,69764.5,69475.5,69568.5
1773942300000,69569.5,69938.5,69528.5,69842.5
1773943200000,69841.5,69931.5,69712.5,69821.5
1773944100000,69820.5,69910.5,69615.5,69651.5
1773945000000,69647.5,69747.5,69581.5,69710.5
1773945900000,69709.5,69847.5,69556.5,69802.5
1773946800000,69799.5,70544.5,69749.5,70343.5
1773947700000,70336.5,70583.5,70219.5,70278.5
1773948600000,70277.5,70496.5,70148.5,70443.5
1773949500000,70443.5,70443.5,70160.5,70259.5
1773950400000,70256.5,70315.5,70177.5,70277.5
1773951300000,70277.5,70475.5,70277.5,70322.5
1773952200000,70315.5,70675.5,70294.5,70491.5
1773953100000,70493.5,70521.5,70403.5,70488.7
1773954000000,70465.3,70696.5,70355.5,70676.5
1773954900000,70682.5,70683.5,70464.5,70552.5
1773955800000,70548.5,70598.5,70411.5,70448.5
1773956700000,70445.5,70525.5,70349.5,70398.5
1773957600000,70396.5,70493.5,70291.5,70434.5
1773958500000,70417.5,70450.5,70344.5,70363.5
1773959400000,70362.5,70369.5,69942.5,70061.5
1773960300000,70060.5,70189.5,69999.5,70187.5
1773961200000,70192.5,70292.5,70172.5,70193.5
1773962100000,70193.5,70195.5,69964.5,70145.5
1773963000000,70143.5,70191.5,69693.5,69840.5
1773963900000,69841.5,69974.5,69784.5,69910.5
1773964800000,69910.5,70120.5,69815.5,70076.5
1773965700000,70078.5,70170.5,69924.5,70096.5
1773966600000,70098.5,70275.5,70043.5,70219.5
1773967500000,70222.5,70316.5,70153.5,70197.5
1773968400000,70199.5,70442.5,70174.5,70390.5
1773969300000,70398.5,70453.5,70332.5,70399.5
1773970200000,70395.5,70594.5,70376.5,70576.5
1773971100000,70567.5,70591.5,70365.5,70409.5
1773972000000,70409.5,70500.5,70282.5,70351.5
1773972900000,70352.5,70355.5,70165.5,70254.5
1773973800000,70248.5,70288.5,70044.5,70270.5
1773974700000,70272.5,70523.5,70219.5,70410.5
1773975600000,70413.5,70493.5,70378.5,70407.5
1773976500000,70409.5,70672.5,70401.5,70666.5
1773977400000,70657.5,70811.5,70556.5,70603.5
1773978300000,70604.5,70791.5,70560.5,70727.5
1773979200000,70730.5,70964.5,70694.5,70921.5
1773980100000,70921.5,70927.5,70796.5,70919.5
1773981000000,70928.5,70929.5,70542.5,70595.5
1773981900000,70594.5,70798.5,70570.5,70776.5
1773982800000,70774.5,70852.5,70721.5,70846.5
1773983700000,70845.5,70870.5,70603.5,70628.5
1773984600000,70628.5,70727.5,70565.5,70693.5
1773985500000,70692.5,70721.5,70502.5,70600.5
1773986400000,70597.5,70648.5,70474.5,70525.5
1773987300000,70526.5,70534.5,70409.5,70473.5
1773988200000,70487.5,70535.5,70331.5,70459.5
1773989100000,70460.5,70531.5,70423.5,70507.5
1773990000000,70505.5,70505.5,70191.5,70270.5
1773990900000,70269.5,70554.5,70258.5,70451.5
1773991800000,70454.5,70871.5,70413.5,70852.5
1773992700000,70851.5,70936.5,70805.5,70847.5
1773993600000,70846.5,71365.5,70778.5,71272.5
1773994500000,71269.5,71303.5,71144.5,71241.5
1773995400000,71233.5,71243.5,71093.5,71106.5
1773996300000,71107.5,71162.5,71006.5,71037.5
1773997200000,71041.5,71041.5,70819.5,70832.5
1773998100000,70827.5,70859.5,70399.5,70500.5
1773999000000,70503.5,70725.5,70498.5,70639.5
1773999900000,70635.5,70636.5,70461.5,70570.5
1774000800000,70571.5,70598.5,70268.5,70353.5
1774001700000,70357.5,70444.5,70200.5,70319.5
1774002600000,70320.5,70677.5,70294.5,70531.5
1774003500000,70538.5,70657.5,70493.5,70607.5
1774004400000,70609.5,70799.5,70557.5,70773.5
1774005300000,70773.5,70773.5,70578.5,70705.5
1774006200000,70704.5,70723.5,70293.5,70394.5
1774007100000,70391.5,70481.5,70290.5,70468.5
1774008000000,70469.5,70681.5,70386.5,70575.5
1774008900000,70576.5,70647.5,70405.5,70436.5
1774009800000,70438.5,70457.5,70223.5,70349.5
1774010700000,70349.5,70368.5,70243.5,70326.5
1774011600000,70327.5,70446.5,70217.5,70311.5
1774012500000,70313.5,70612.5,70289.5,70491.5
1774013400000,70473.5,70511.5,69798.5,70316.5
1774014300000,70311.5,70387.5,69751.5,69846.5
1774015200000,69844.5,70047.5,69636.5,69794.5
1774016100000,69793.5,69975.5,69549.5,69910.5
1774017000000,69917.5,70262.5,69917.5,69930.5
1774017900000,69973.5,70108.5,69618.5,69712.5
1774018800000,69713.5,69841.5,69445.5,69747.5
1774019700000,69748.5,69999.5,69546.5,69799.5
1774020600000,69802.5,69989.5,69716.5,69890.5
1774021500000,69888.5,69986.5,69729.5,69843.5
1774022400000,69842.5,70076.5,69824.5,69972.5
1774023300000,69972.5,70088.5,69855.5,70009.5
1774024200000,70010.5,70017.5,69643.5,69745.5
1774025100000,69754.5,69888.5,69560.5,69807.5
1774026000000,69810.5,69957.5,69635.5,69792.5
1774026900000,69790.5,69884.5,69597.5,69634.5
1774027800000,69629.5,69681.5,69357.5,69552.5
1774028700000,69549.5,70003.5,69541.5,69980.5
1774029600000,69979.5,70064.5,69875.5,69948.5
1774030500000,69949.5,70009.5,69589.5,69646.5
1774031400000,69645.5,69775.5,69499.5,69673.5
1774032300000,69674.5,69899.5,69653.5,69743.5
1774033200000,69747.5,69903.5,69660.5,69856.5
1774034100000,69853.5,69972.5,69753.5,69858.5
1774035000000,69859.5,70005.5,69639.5,69984.5
1774035900000,69981.5,70178.5,69867.5,70146.5
1774036800000,70148.5,70243.5,70042.5,70188.5
1774037700000,70189.5,70189.5,69918.5,69959.5
1774038600000,69964.5,69964.5,69713.5,69907.5
1774039500000,69901.5,70081.5,69885.5,70022.1
1774213200000,68170.8,68206.4,67508.5,67742.5
1774214100000,67758.5,67861.5,67293.5,67796.5
1774215000000,67781.5,67971.5,67641.5,67855.5
1774215900000,67853.5,67886.5,67684.5,67883.5
1774216800000,67884.5,68115.5,67531.5,67893.5
1774217700000,67888.5,68353.5,67831.5,68232.5
1774218600000,68233.5,68316.5,68070.5,68110.5
1774219500000,68109.5,68377.5,68109.5,68315.5
1774220400000,68318.5,68439.5,68170.5,68299.5
1774221300000,68304.5,68316.5,68060.5,68072.5
1774222200000,68070.5,68132.5,67950.5,68093.5
1774223100000,68094.5,68119.5,67794.5,67836.5
1774224000000,67836.5,68108.5,67739.5,67931.5
1774224900000,67930.5,68135.5,67770.5,67963.5
1774225800000,67962.5,67984.5,67416.49,67655.5
1774226700000,67656.5,67866.5,67587.5,67645.5
1774227600000,67638.5,67916.5,67501.5,67824.5
1774228500000,67827.5,68107.5,67822.5,68066.5
1774229400000,68071.5,68134.5,67946.5,68025.5
1774230300000,68033.5,68104.5,67871.5,67888.5
1774231200000,67889.5,68062.5,67803.5,67827.5
1774232100000,67824.5,68278.5,67773.5,68248.5
1774233000000,68249.5,68380.5,68163.5,68215.5
1774233900000,68203.5,68307.5,68144.5,68290.5
1774234800000,68291.5,68574.5,68210.5,68215.5
1774235700000,68215.5,68264.5,68140.5,68190.5
1774236600000,68192.5,68216.5,68049.5,68188.5
1774237500000,68186.5,68212.5,68025.5,68059.5
1774238400000,68060.5,68196.5,67997.5,68153.5
1774239300000,68151.5,68207.5,68086.5,68205.5
1774240200000,68207.5,68354.5,68194.5,68230.5
1774241100000,68233.5,68520.5,68233.5,68515.5
1774242000000,68516.5,68767.5,68513.5,68746.5
1774242900000,68747.5,68864.5,68636.5,68667.5
1774243800000,68666.5,68822.5,68550.5,68589.5
1774244700000,68590.5,68884.5,68535.5,68872.5
1774245600000,68871.5,68883.5,68537.5,68581.5
1774246500000,68583.5,68666.5,68458.5,68551.5
1774247400000,68550.5,68554.5,67673.5,67790.5
1774248300000,67794.5,67923.5,67666.5,67853.5
1774249200000,67864.5,67957.5,67476.5,67910.5
1774250100000,67910.5,67973.5,67604.5,67784.5
1774251000000,67774.5,68315.5,67730.5,68298.5
1774251900000,68296.5,68440.5,68249.5,68289.5
1774252800000,68315.5,68664.5,68315.5,68633.5
1774253700000,68631.5,68687.5,68416.5,68439.5
1774254600000,68438.5,68633.5,68371.5,68518.5
1774255500000,68509.5,68544.5,68287.5,68407.5
1774256400000,68411.5,68454.5,68180.5,68252.5
1774257300000,68253.5,68336.5,68109.5,68223.5
1774258200000,68224.5,68224.5,67883.5,68118.5
1774259100000,68117.5,68312.5,68104.5,68307.5
1774260000000,68308.5,68701.5,68263.5,68575.5
1774260900000,68577.5,68603.5,68375.5,68434.5
1774261800000,68429.5,68463.5,68241.5,68398.5
1774262700000,68392.5,68558.5,68324.5,68521.5
1774263600000,68522.5,71451.5,68491.5,70915.5
1774264500000,70904.5,71233.5,70265.5,70690.5
1774265400000,70691.5,71194.5,70352.5,70660.5
1774266300000,70660.5,70691.5,69993.5,70101.5
1774267200000,70092.5,70259.5,69627.5,69954.5
1774268100000,69956.5,70484.5,69931.5,70325.5
1774269000000,70323.5,70748.5,70138.5,70677.5
1774269900000,70677.5,70839.5,70511.5,70714.5
1774270800000,70720.5,70866.5,70539.5,70711.5
1774271700000,70717.5,70882.5,70707.5,70786.5
1774272600000,70782.5,71404.5,70612.5,71195.5
1774273500000,71185.5,71582.5,70986.5,71476.5
1774274400000,71475.5,71807.5,71365.5,71526.5
1774275300000,71525.5,71733.5,71283.5,71337.5
1774276200000,71333.5,71524.5,71189.5,71366.5
1774277100000,71364.5,71496.5,71068.5,71430.5
1774278000000,71434.5,71642.5,71316.5,71360.5
1774278900000,71355.5,71385.5,70833.5,70877.5
1774279800000,70878.5,70928.5,70544.5,70641.5
1774280700000,70640.5,70846.5,70072.5,70106.5
1774281600000,70107.5,70534.5,70106.5,70502.5
1774282500000,70499.5,70541.5,70181.5,70191.5
1774283400000,70189.5,70497.5,70085.5,70437.5
1774284300000,70433.5,70740.5,70404.5,70547.5
1774285200000,70552.5,70726.5,70446.5,70613.5
1774286100000,70615.5,70646.5,70327.5,70514.5
1774287000000,70502.5,71065.5,70486.5,70862.5
1774287900000,70863.5,71115.5,70816.5,71072.5
1774288800000,71060.5,71156.5,70833.5,70948.5
1774289700000,70948.5,71035.5,70847.5,70867.5
1774290600000,70866.5,71148.5,70864.5,71034.5
1774291500000,71032.5,71187.5,70934.5,71055.5
1774292400000,71053.5,71230.5,70794.5,70918.5
1774293300000,70914.5,71062.5,70774.5,71011.5
1774294200000,71010.5,71051.5,70806.5,70890.5
1774295100000,70888.5,70975.5,70597.5,70646.5
1774296000000,70646.5,70787.5,70491.5,70773.5
1774296900000,70778.5,70808.5,70717.5,70783.5
1774297800000,70781.5,70980.5,70740.5,70920.5
1774298700000,70916.5,70939.5,70823.5,70891.5
1774299600000,70886,70959.8,70776.5,70797.5
1774300500000,70798.5,70905.5,70774.5,70874.5
1774301400000,70873.5,70969.5,70826.5,70910.5
1774302300000,70910.5,70961.5,70745.5,70824.5
1774303200000,70825.5,70874.5,70516.5,70694.5
1774304100000,70693.5,70714.5,70561.5,70622.5
1774305000000,70622.5,70707.5,70488.5,70707.5
1774305900000,70706.5,70783.5,70636.5,70753.5
1774306800000,70754.5,70788.5,70473.5,70521.5
1774307700000,70521.5,70686.5,70360.5,70684.5
1774308600000,70685.5,70784.5,70578.5,70742.5
1774309500000,70743.5,70965.5,70689.5,70881.5
1774310400000,70878.5,71074.5,70727.5,70749.5
1774311300000,70746.5,70809.5,70610.5,70692.5
1774312200000,70693.5,70717.5,70383.5,70564.5
1774313100000,70565.5,70809.5,70551.5,70665.5
1774314000000,70666.5,70704.5,70449.5,70537.5
1774314900000,70534.5,70868.5,70445.5,70808.5
1774315800000,70805.5,70849.5,70254.5,70381.5
1774316700000,70378.5,70555.5,70352.5,70487.5
1774317600000,70481.5,70674.5,70380.5,70436.5
1774318500000,70436.5,70619.5,70352.5,70530.5
1774319400000,70535.5,70616.5,70314.5,70505.5
1774320300000,70501.5,70569.5,70385.5,70423.5
1774321200000,70417.5,70519.5,70335.5,70467.5
1774322100000,70468.5,70564.5,70400.5,70511.5
1774323000000,70512.5,70525.5,70374.5,70466.5
1774323900000,70466.5,70550.5,70376.5,70519.5
1774324800000,70518.5,70724.5,70460.5,70607.5
1774325700000,70606.5,70635.5,70465.5,70497.5
1774326600000,70496.5,70496.5,70267.5,70306.5
1774327500000,70307.5,70417.5,70190.5,70352.5
1774328400000,70353.5,70357.5,70093.5,70140.5
1774329300000,70081.5,70314.5,70053.5,70155.5
1774330200000,70153.5,70343.5,70110.5,70291.5
1774331100000,70289.5,70347.5,70213.5,70253.5
1774332000000,70255.5,70380.5,70205.5,70329.5
1774332900000,70331.5,70436.5,70270.5,70353.5
1774333800000,70354.5,70487.5,70349.5,70440.5
1774334700000,70443.5,70558.5,70385.5,70513.5
1774335600000,70512.5,70901.5,70416.5,70808.5
1774336500000,70809.5,71003.5,70728.5,70903.5
1774337400000,70904.5,70933.5,70765.5,70890.5
1774338300000,70891.5,71393.5,70802.5,71274.5
1774339200000,71256.5,71332.5,71030.5,71105.5
1774340100000,71106.5,71120.5,70833.5,70880.5
1774341000000,70881.5,71063.5,70800.5,71042.5
1774341900000,71043.5,71088.5,70836.5,70936.5
1774342800000,70938.5,71023.5,70818.5,70847.5
1774343700000,70850.5,71029.5,70801.5,70993.5
1774344600000,70992.5,71235.5,70948.5,71227.5
1774345500000,71226.5,71361.5,71118.5,71308.5
1774346400000,71307.5,71321.5,71184.5,71244.5
1774347300000,71244.5,71244.5,71039.5,71100.5
1774348200000,71100.5,71263.5,71046.5,71234.5
1774349100000,71234.5,71274.5,71126.5,71255.5
1774350000000,71227.5,71253.5,70931.5,71082.5
1774350900000,71095.5,71118.5,70937.5,71040.5
1774351800000,71039.5,71298.5,71001.5,71224.5
1774352700000,71222.5,71305.5,70984.5,71139.5
1774353600000,71141.5,71166.5,70939.5,71053.5
1774354500000,71052.5,71102.5,70965.5,71071.5
1774355400000,71068.5,71068.5,70817.5,70874.5
1774356300000,70878.5,71016.5,70841.5,70944.5
1774357200000,70946.5,71049.5,70613.5,70809.5
1774358100000,70808.5,70853.5,70532.5,70581.5
1774359000000,70574.5,70774.5,70204.5,70294.5
1774359900000,70294.5,70435.5,69947.5,70083.5
1774360800000,70082.5,70449.5,69706.5,69824.5
1774361700000,69824.5,70062.5,69751.5,69956.5
1774362600000,69960.5,70101.5,69686.5,69808.5
1774363500000,69813.5,70020.5,69424.5,69843.5
1774364400000,69847.5,70030.5,69802.5,69922.5
1774365300000,69923.5,70228.5,69867.5,69997.5
1774366200000,70000.5,70142.5,69691.5,70018.5
1774367100000,70019.5,70164.5,69818.5,69829.5
1774368000000,69830.5,69915.5,69753.5,69880.5
1774368900000,69887.5,69984.5,69632.5,69774.5
1774369800000,69773.5,69819.5,69328.5,69551.5
1774370700000,69553.5,69601.5,69355.5,69446.5
1774371600000,69446.5,69490.5,69069.5,69203.5
1774372500000,69200.5,69268.5,69069.5,69147.5
1774373400000,69145.5,69312.5,68853.5,68910.5
1774374300000,68910.5,69230.5,68868.5,69201.5
1774375200000,69205.5,69345.5,69133.5,69318.5
1774376100000,69321.5,69451.5,69221.5,69376.5
1774377000000,69380.5,69726.5,69318.5,69491.5
1774377900000,69489.5,69541.5,69367.5,69389.5
1774378800000,69388.5,69610.5,69388.5,69603.5
1774379700000,69603.5,69667.5,69472.5,69499.5
1774380600000,69499.5,69503.5,69320.5,69408.5
1774381500000,69408.5,69408.5,69223.5,69328.5
1774382400000,69322.5,69372.5,69239.5,69372.5
1774383300000,69371.5,70251.5,69371.5,69961.5
1774384200000,69963.5,70174.5,69895.5,70019.5
1774385100000,70019.5,70214.5,69829.5,70017.5
1774386000000,70051.1,70175.5,69837.5,69944.5
1774386900000,69947.5,70046.5,69824.5,70012.5
1774387800000,70012.5,70357.5,69944.5,70232.5
1774388700000,70232.5,70351.5,70116.5,70309.5
1774389600000,70308.5,70558.5,70162.5,70498.5
1774390500000,70501.5,70518.5,70115.5,70216.5
1774391400000,70208.5,70292.5,70083.5,70247.5
1774392300000,70246.5,70356.5,70199.5,70279.5
1774393200000,70278.5,70553.5,70215.5,70507.5
1774394100000,70506.5,70741.5,70459.5,70728.5
1774395000000,70729.5,70818.5,70629.5,70629.5
1774395900000,70631.5,70673.5,70473.5,70526.5
1774396800000,70525.5,70735.5,70489.5,70690.5
1774397700000,70691.5,70709.5,70525.5,70640.5
1774398600000,70642.5,71017.5,70456.5,70886.5
1774399500000,70888.5,70957.5,70746.5,70799.5
1774400400000,70801.5,70949.5,70633.5,70770.5
1774401300000,70771.5,70818.5,70650.5,70732.5
1774402200000,70731.5,70785.5,70560.5,70706.5
1774403100000,70697.5,70793.5,70611.5,70647.5
1774404000000,70649.5,70677.5,70478.5,70573.5
1774404900000,70574.5,70639.5,70458.5,70569.5
1774405800000,70570.5,70744.5,70480.5,70666.5
1774406700000,70670.5,70718.5,70457.5,70502.5
1774407600000,70502.5,70549.5,70367.5,70465.5
1774408500000,70466.5,70529.5,70366.5,70499.5
1774409400000,70503.5,70777.5,70503.5,70721.5
1774410300000,70723.5,70777.5,70634.5,70689.5
1774411200000,70690.5,70877.5,70660.5,70811.5
1774412100000,70808.5,70920.5,70747.5,70841.5
1774413000000,70840.5,70862.5,70701.5,70739.5
1774413900000,70738.5,70955.5,70686.5,70941.5
1774414800000,70942.5,71323.5,70909.5,71225.5
1774415700000,71224.5,71238.5,71050.5,71167.5
1774416600000,71167.5,71231.5,71064.5,71196.5
1774417500000,71196.5,71228.5,71030.5,71094.5
1774418400000,71095.5,71131.5,70986.5,71060.5
1774419300000,71059.5,71248.5,71058.5,71212.5
1774420200000,71213.5,71237.5,71142.5,71178.5
1774421100000,71181.5,71220.5,70944.5,70980.5
1774422000000,70979.5,71132.5,70931.5,71121.5
1774422900000,71120.5,71142.5,71024.5,71053.5
1774423800000,71054.5,71264.5,70988.5,71060.5
1774424700000,71057.5,71085.5,70823.5,70909.5
1774425600000,70912.5,70997.5,70765.5,70790.5
1774426500000,70792.5,71230.5,70790.5,71160.5
1774427400000,71165.5,71485.5,71146.5,71457.5
1774428300000,71457.5,71457.5,71174.5,71217.5
1774429200000,71187.5,71361.5,71185.5,71305.5
1774430100000,71304.5,71388.5,71109.5,71243.5
1774431000000,71244.5,71313.5,71194.5,71238.5
1774431900000,71238.5,71402.5,71068.5,71322.5
1774432800000,71321.5,71437.5,71266.5,71409.5
1774433700000,71407.5,71475.5,71345.5,71390.5
1774434600000,71389.5,71428.5,71275.5,71426.5
1774435500000,71424.5,71598.5,71420.5,71479.5
1774436400000,71480.5,71592.5,71441.5,71578.5
1774437300000,71580.5,71948.5,71580.5,71857.5
1774438200000,71852.5,72028.5,71774.5,71815.5
1774439100000,71810.5,71819.5,71505.5,71681.5
1774440000000,71680.5,71852.5,71680.5,71755.5
1774440900000,71755.5,71760.5,71081.5,71333.5
1774441800000,71333.5,71468.5,71131.5,71344.5
1774442700000,71352.5,71942.5,71254.5,71702.5
1774443600000,71702.5,71856.5,71610.5,71698.5
1774444500000,71698.5,71702.5,71536.5,71607.5
1774445400000,71602.5,71948.5,71588.5,71719.5
1774446300000,71725.5,71822.5,71475.5,71556.5
1774447200000,71555.5,71693.5,71274.5,71376.5
1774448100000,71375.5,71526.5,71203.5,71348.5
1774449000000,71350.5,71545.5,71263.5,71339.5
1774449900000,71340.5,71438.5,71192.5,71214.5
1774450800000,71215.5,71294.5,70708.5,70799.5
1774451700000,70798.5,71011.5,70516.5,70996.5
1774452600000,70995.5,71067.5,70764.5,70859.5
1774453500000,70858.5,70936.5,70702.5,70807.5
1774454400000,70808.5,70978.5,70680.5,70843.5
1774455300000,70843.5,71714.5,70788.5,71480.5
1774456200000,71479.5,71626.5,71319.5,71447.5
1774457100000,71449.5,71462.5,71226.5,71301.5
1774458000000,71302.5,71383.5,71056.5,71132.5
1774458900000,71127.5,71193.5,70921.5,71042.5
1774459800000,71043.5,71046.5,70779.5,70887.5
1774460700000,70886.5,70954.5,70665.5,70753.5
1774461600000,70745.5,70916.5,70712.5,70896.5
1774462500000,70896.5,71120.5,70895.5,70938.5
1774463400000,70941.5,70991.5,70759.5,70817.5
1774464300000,70821.5,70960.5,70637.5,70782.5
1774465200000,70784.5,70989.5,70696.5,70822.5
1774466100000,70823.5,70952.5,70786.5,70934.5
1774467000000,70932.5,71065.5,70806.5,70910.5
1774467900000,70915.5,70978.5,70702.5,70850.5
1774468800000,70847.5,70867.5,70639.5,70714.5
1774469700000,70713.5,70782.5,70609.5,70687.5
1774470600000,70684.5,70921.5,70664.5,70917.5
1774471500000,70915.5,71033.5,70856.5,70975.6
1774472400000,70971.7,71145.5,70870.5,71130.5
1774473300000,71130.5,71144.5,70848.5,70953.5
1774474200000,70959.5,71078.5,70878.5,71032.5
1774475100000,71032.5,71072.5,70928.5,71008.5
1774476000000,71008.5,71114.5,70925.5,70965.5
1774476900000,70966.5,71071.5,70911.5,71014.5
1774477800000,71015.5,71555.5,70997.5,71362.5
1774478700000,71355.5,71444.5,71265.5,71349.5
1774479600000,71350.5,71430.5,71281.5,71291.5
1774480500000,71290.5,71409.5,71204.5,71340.5
1774481400000,71339.5,71350.5,71158.5,71187.5
1774482300000,71186.5,71351.5,71148.5,71301.5
1774483200000,71302.5,71342.5,71153.5,71230.5
1774484100000,71225.5,71351.5,71195.5,71269.5
1774485000000,71268.5,71361.5,71237.5,71315.5
1774485900000,71315.5,71410.5,71094.5,71266.5
1774486800000,71265.5,71347.5,71141.5,71236.5
1774487700000,71236.5,71344.5,71107.5,71286.5
1774488600000,71288.5,71329.5,71176.5,71218.5
1774489500000,71217.5,71269.5,71142.5,71217.5
1774490400000,71217.5,71262.5,70994.5,71065.5
1774491300000,71064.5,71068.5,70818.5,70855.5
1774492200000,70856.5,70872.5,70610.5,70829.5
1774493100000,70830.5,70890.5,70796.5,70851.5
1774494000000,70853.5,70945.5,70693.5,70938.5
1774494900000,70929.5,70938.5,70633.5,70678.5
1774495800000,70680.5,70867.5,70656.5,70826.5
1774496700000,70824.5,70889.5,70741.5,70874.5
1774497600000,70876.5,70880.5,70702.5,70714.5
1774498500000,70714.5,70845.5,70676.5,70840.5
1774499400000,70841.5,70868.5,70791.5,70807.5
1774500300000,70806.5,70854.5,70726.5,70736.5
1774501200000,70733.5,70775.5,70454.5,70527.5
1774502100000,70526.5,70613.5,70465.5,70533.5
1774503000000,70532.5,70585.5,70230.5,70275.5
1774503900000,70273.5,70339.5,69859.5,69965.5
1774504800000,69959.5,70055.5,69783.5,70020.5
1774505700000,70025.5,70092.5,69836.5,70018.5
1774506600000,70019.5,70060.5,69920.5,69946.5
1774507500000,69948.5,70117.5,69934.5,70051.5
1774508400000,70052.5,70132.5,69960.5,70005.5
1774509300000,70006.5,70067.5,69818.5,69928.5
1774510200000,69927.5,70074.5,69744.5,70027.5
1774511100000,70026.5,70130.5,70004.5,70053.5
1774512000000,70054.5,70099.5,69840.5,69888.5
1774512900000,69887.5,69973.5,69748.5,69774.5
1774513800000,69775.5,69912.5,69731.5,69908.5
1774514700000,69905.5,70014.5,69860.5,69986.5
1774515600000,69986.5,70104.5,69888.5,69990.5
1774516500000,69985.5,70005.5,69819.5,69973.5
1774517400000,69973.5,69973.5,69366.5,69465.5
1774518300000,69462.5,69580.5,69355.5,69528.5
1774519200000,69527.5,69601.5,69434.5,69543.5
1774520100000,69545.5,69670.5,69525.5,69614.5
1774521000000,69611.5,69631.5,69439.5,69504.5
1774521900000,69503.5,69535.5,69408.5,69476.5
1774522800000,69475.5,69619.5,69382.5,69516.5
1774523700000,69515.5,69544.5,69111.5,69283.5
1774524600000,69280.5,69430.5,69268.5,69356.5
1774525500000,69363.5,69407.5,69223.5,69236.5
1774526400000,69238.5,69378.5,69169.5,69340.5
1774527300000,69340.5,69392.5,69286.5,69375.5
1774528200000,69376.5,69438.5,69195.5,69324.5
1774529100000,69324.5,69429.5,69321.5,69395.5
1774530000000,69390.5,69486.5,69339.5,69437.5
1774530900000,69437.5,69490.5,69295.5,69354.5
1774531800000,69356.5,69511.5,69139.5,69510.5
1774532700000,69518.5,69835.5,69428.5,69602.5
1774533600000,69599.5,69800.5,69454.5,69572.5
1774534500000,69572.5,69680.5,69333.5,69572.5
1774535400000,69570.5,69747.5,69448.5,69477.5
1774536300000,69472.5,69519.5,69177.5,69435.5
1774537200000,69432.5,69461.5,68831.5,68901.5
1774538100000,68887.5,69045.5,68631.5,68981.5
1774539000000,68977.5,69031.5,68843.5,68948.5
1774539900000,68949.5,69190.5,68928.5,69038.5
1774540800000,69036.5,69036.5,68881.5,68965.5
1774541700000,68966.5,69005.5,68776.5,68825.5
1774542600000,68821.5,68951.5,68762.5,68872.5
1774543500000,68874.5,68928.5,68796.5,68873.5
1774544400000,68876.5,68989.5,68838.5,68859.5
1774545300000,68857.5,69037.5,68848.5,69034.5
1774546200000,69037.5,69113.5,68858.5,68895.5
1774547100000,68894.5,68910.5,68328.5,68424.5
1774548000000,68423.5,68557.5,68219.5,68396.5
1774548900000,68393.5,68393.5,68057.5,68136.5
1774549800000,68135.5,68297.5,68118.5,68265.5
1774550700000,68267.5,68438.5,68239.5,68436.5
1774551600000,68437.5,68469.5,68316.5,68396.5
1774552500000,68395.5,68531.5,68309.5,68377.5
1774553400000,68384.5,68627.5,68291.5,68566.5
1774554300000,68567.5,68630.5,68431.5,68475.5
1774555200000,68475.5,69409.5,68370.5,69142.5
1774556100000,69143.5,69290.5,68988.5,69117.5
1774557000000,69117.5,69252.5,69010.5,69111.5
1774557900000,69114.5,69153.5,68854.5,68946.8
1774558800000,68938.2,68956.5,68770.5,68860.5
1774559700000,68852.5,69137.5,68818.5,69026.5
1774560600000,69032.5,69085.5,68852.5,68970.5
1774561500000,68970.5,68970.5,68816.5,68868.5
1774562400000,68868.5,68979.5,68785.5,68910.5
1774563300000,68909.5,68932.5,68545.5,68698.5
1774564200000,68698.5,68782.5,68652.5,68747.5
1774565100000,68746.5,68840.5,68712.5,68835.5
1774566000000,68842.5,68944.5,68696.5,68767.5
1774566900000,68767.5,68805.5,68559.5,68686.5
1774567800000,68687.5,68734.5,68578.5,68701.5
1774568700000,68695.5,68799.5,68676.5,68767.5
1774569600000,68769.5,68916.5,68649.5,68872.5
1774570500000,68872.5,68909.5,68670.5,68673.5
1774571400000,68668.5,68730.5,68464.5,68654.5
1774572300000,68654.5,68738.5,68533.5,68722.5
1774573200000,68716.5,68841.5,68640.5,68817.5
1774574100000,68815.5,68899.5,68769.5,68861.5
1774575000000,68857.5,68896.5,68787.5,68849.5
1774575900000,68849.5,69016.5,68814.5,68998.5
1774576800000,69008.5,69131.5,68986.5,69003.5
1774577700000,69008.5,69010.5,68896.5,68975.5
1774578600000,68974.5,69026.5,68810.5,68867.5
1774579500000,68868.5,68936.5,68812.5,68853.5
1774580400000,68857.5,68873.5,68607.5,68706.5
1774581300000,68704.5,68805.5,68664.5,68783.5
1774582200000,68784.5,68865.5,68747.5,68812.5
1774583100000,68809.5,68820.5,68699.5,68715.5
1774584000000,68715.5,68752.5,68244.5,68356.5
1774584900000,68357.5,68521.5,68306.5,68484.5
1774585800000,68480.5,68573.5,68442.5,68531.5
1774586700000,68532.5,68591.5,68507.5,68524.5
1774587600000,68521.5,68780.5,68490.5,68760.5
1774588500000,68762.5,68819.5,68520.5,68553.5
1774589400000,68554.5,68656.5,68454.5,68551.5
1774590300000,68552.5,68583.5,68498.5,68576.5
1774591200000,68577.5,68708.5,68501.5,68699.5
1774592100000,68701.5,68800.5,68641.5,68740.5
1774593000000,68739.5,68788.5,68655.5,68684.5
1774593900000,68684.5,68684.5,68583.5,68607.5
1774594800000,68610.5,68847.5,68511.5,68803.5
1774595700000,68804.5,68914.5,68746.5,68878.5
1774596600000,68877.5,68904.5,68479.5,68544.5
1774597500000,68545.5,68579.5,68404.5,68487.5
1774598400000,68487.5,68588.5,68370.5,68408.5
1774599300000,68409.5,68464.5,68159.5,68181.5
1774600200000,68177.5,68255.5,67545.5,67779.5
1774601100000,67778.5,68005.5,67696.5,67868.5
1774602000000,67867.5,67900.5,67495.5,67704.5
1774602900000,67705.5,67900.5,67687.5,67886.5
1774603800000,67887.5,67889.5,67648.5,67667.5
1774604700000,67665.5,67832.5,67618.5,67636.5
1774605600000,67635.5,67721.5,67542.5,67613.5
1774606500000,67606.5,67731.5,67601.5,67712.5
1774607400000,67713.5,67723.5,66739.5,66856.5
1774608300000,66845.5,66897.5,66287.5,66461.5
1774609200000,66465.5,66582.5,66170.5,66577.5
1774610100000,66576.5,66697.5,66546.5,66673.5
1774611000000,66670.5,66734.5,66607.5,66721.5
1774611900000,66720.5,66810.5,66620.5,66662.5
1774612800000,66665.5,66731.5,66553.5,66596.5
1774613700000,66595.5,66681.5,66478.5,66493.5
1774614600000,66497.5,66594.5,66354.5,66570.5
1774615500000,66576.5,66644.5,66420.5,66568.5
1774616400000,66572.5,66685.5,66463.5,66495.5
1774617300000,66494.5,66684.5,66438.5,66662.5
1774618200000,66661.5,66694.5,66099.5,66459.5
1774619100000,66456.5,66525.5,65963.5,66130.5
1774620000000,66138.5,66355.5,66022.5,66299.5
1774620900000,66300.5,66320.5,65650.5,65666.5
1774621800000,65665.5,65917.5,65665.5,65845.5
1774622700000,65844.5,66195.5,65712.5,66142.5
1774623600000,66141.5,66250.5,66035.5,66186.5
1774624500000,66187.5,66389.5,65899.5,66276.5
1774625400000,66279.5,66595.5,66220.5,66347.5
1774626300000,66349.5,66419.5,66019.5,66073.5
1774627200000,66074.5,66074.5,65747.5,65924.5
1774628100000,65923.5,66049.5,65755.5,65910.5
1774629000000,65912.5,65987.5,65758.5,65969.5
1774629900000,65969.5,66137.5,65787.5,65932.5
1774630800000,65934.5,66249.5,65882.5,66160.5
1774631700000,66158.5,66230.5,65810.5,65815.5
1774632600000,65819.5,65891.5,65544.5,65574.5
1774633500000,65577.5,65684.5,65545.5,65578.5
1774634400000,65577.5,65734.5,65526.5,65566.5
1774635300000,65567.5,65807.5,65479.5,65697.5
1774636200000,65699.5,65822.5,65661.5,65750.5
1774637100000,65756.5,65894.5,65736.5,65775.5
1774638000000,65776.5,65798.5,65635.5,65713.5
1774638900000,65709.5,65891.5,65670.5,65866.5
1774639800000,65870.5,65982.5,65796.5,65866.5
1774640700000,65864.5,66081.5,65805.5,65962.5
1774641600000,65976.5,66093.5,65924.5,65934.5
1774642500000,65933.5,66029.5,65731.5,65834.5
1774643400000,65831.5,65898.5,65753.5,65838.5
1774644300000,65836.5,66038.5,65814.5,65963.8
1774818000000,66529.5,66592.2,66421.5,66489.5
1774818900000,66488.5,66606.5,66450.5,66587.5
1774819800000,66583.5,66644.5,66510.5,66578.5
1774820700000,66572.5,66695.5,66572.5,66636.5
1774821600000,66638.5,66638.5,66163.5,66247.5
1774822500000,66230.5,66429.5,66199.5,66320.5
1774823400000,66321.5,66370.5,65573.5,65630.5
1774824300000,65631.5,65909.5,64913.5,65803.5
1774825200000,65804.5,66317.5,65785.5,66048.5
1774826100000,66049.5,66258.5,65886.5,65944.5
1774827000000,65947.5,66039.5,65796.5,65967.5
1774827900000,65972.5,66108.5,65797.5,65940.5
1774828800000,65946.5,66019.5,65724.5,65784.5
1774829700000,65785.5,66968.5,65712.5,66500.5
1774830600000,66502.5,66670.5,66101.5,66260.5
1774831500000,66259.5,66351.5,66036.5,66204.5
1774832400000,66204.5,66495.5,66203.5,66331.5
1774833300000,66333.5,66593.5,66248.5,66522.5
1774834200000,66523.5,66671.5,66414.5,66577.5
1774835100000,66579.5,66758.5,66527.5,66583.5
1774836000000,66582.5,66780.5,66493.5,66770.5
1774836900000,66771.5,66837.5,66604.5,66676.5
1774837800000,66678.5,66975.5,66516.5,66975.5
1774838700000,66976.5,67375.5,66918.5,67048.5
1774839600000,67038.5,67078.5,66869.5,66940.5
1774840500000,66941.5,67225.5,66924.5,67168.5
1774841400000,67169.5,67212.5,67055.5,67131.5
1774842300000,67129.5,67246.5,67046.5,67102.5
1774843200000,67101.5,67425.5,67091.5,67357.5
1774844100000,67357.5,67556.5,67259.5,67376.5
1774845000000,67377.5,67497.5,67309.5,67351.5
1774845900000,67351.5,67582.5,67348.5,67539.5
1774846800000,67540.5,67733.5,67511.5,67580.5
1774847700000,67576.5,67664.5,67528.5,67595.5
1774848600000,67596.5,67643.5,67358.5,67427.5
1774849500000,67429.5,67498.5,67359.5,67417.5
1774850400000,67418.5,67518.5,67346.5,67373.5
1774851300000,67374.5,67395.5,67196.5,67250.5
1774852200000,67248.5,67334.5,67193.5,67297.5
1774853100000,67296.5,67363.5,67222.5,67236.5
1774854000000,67236.5,67393.5,67160.5,67312.5
1774854900000,67311.5,67365.5,67221.5,67259.5
1774855800000,67261.5,67355.5,67212.5,67240.5
1774856700000,67240.5,67561.5,67224.5,67552.5
1774857600000,67550.5,67843.5,67516.5,67816.5
1774858500000,67814.5,67844.5,67650.5,67685.5
1774859400000,67680.5,67871.5,67654.5,67689.5
1774860300000,67688.5,67748.5,67575.5,67598.5
1774861200000,67595.5,67638.5,67505.5,67518.5
1774862100000,67517.5,67599.5,67425.5,67445.5
1774863000000,67446.5,67502.5,67380.5,67489.5
1774863900000,67489.5,67524.5,67392.5,67432.5
1774864800000,67433.5,67439.5,67313.5,67372.5
1774865700000,67373.5,67427.5,67334.5,67340.5
1774866600000,67342.5,67363.5,67262.5,67357.5
1774867500000,67358.5,67451.5,67337.5,67417.5
1774868400000,67415.5,67521.5,67402.5,67515.5
1774869300000,67516.5,67899.5,67460.5,67618.5
1774870200000,67619.5,67684.5,67429.5,67533.5
1774871100000,67532.5,67674.5,67511.5,67611.5
1774872000000,67615.5,67818.5,67592.5,67782.5
1774872900000,67783.5,67923.5,67726.5,67806.5
1774873800000,67807.5,67921.5,67751.5,67825.5
1774874700000,67824.5,67899.5,67771.5,67842.5
1774875600000,67843.5,67911.5,67774.5,67850.5
1774876500000,67849.5,68101.5,67810.5,67815.5
1774877400000,67816.5,67986.5,67633.5,67647.5
1774878300000,67651.5,67780.5,67344.5,67470.5
1774879200000,67462.5,67713.5,67397.5,67619.5
1774880100000,67617.5,67654.5,67162.5,67256.5
1774881000000,67258.5,67351.5,67031.5,67066.5
1774881900000,67068.5,67818.5,67017.5,67737.5
1774882800000,67740.5,67820.5,67469.5,67513.5
1774883700000,67515.5,67537.5,67333.5,67468.5
1774884600000,67470.5,67851.5,67386.5,67695.5
1774885500000,67696.5,67737.5,67506.5,67567.5
1774886400000,67562.5,67594.5,67252.5,67390.5
1774887300000,67388.5,67428.5,67223.5,67286.5
1774888200000,67286.5,67433.5,67248.5,67314.5
1774889100000,67312.5,67384.5,67148.5,67297.5
1774890000000,67299.5,67412.5,67099.5,67117.5
1774890900000,67116.5,67130.5,66556.5,66733.5
1774891800000,66735.5,66890.5,66620.5,66884.5
1774892700000,66879.5,66928.5,66705.5,66762.5
1774893600000,66763.5,66854.5,66625.5,66747.5
1774894500000,66746.5,66786.5,66517.5,66637.5
1774895400000,66638.5,66758.5,66511.5,66672.5
1774896300000,66674.5,66726.5,66434.5,66583.5
1774897200000,66584.5,66599.5,66226.5,66357.5
1774898100000,66358.5,66400.5,66165.5,66246.5
1774899000000,66247.5,66349.5,66179.5,66275.5
1774899900000,66277.5,66496.5,66203.5,66478.5
1774900800000,66480.5,66626.5,66443.5,66530.5
1774901700000,66527.5,66606.5,66469.5,66589.5
1774902600000,66588.5,66618.5,66469.5,66595.5
1774903500000,66594.5,66614.5,66536.5,66589.9
1774904400000,66580.4,66737.5,66508.5,66719.5
1774905300000,66713.5,66934.5,66702.5,66788.5
1774906200000,66787.5,66907.5,66754.5,66872.5
1774907100000,66868.5,66889.5,66694.5,66743.5
1774908000000,66734.5,66936.5,66629.5,66706.5
1774908900000,66702.5,66840.5,66655.5,66751.5
1774909800000,66751.5,66799.5,66669.5,66764.5
1774910700000,66767.5,66784.5,66612.5,66713.5
1774911600000,66710.5,66727.5,66340.5,66488.5
1774912500000,66488.5,66663.5,66462.5,66644.5
1774913400000,66642.5,66721.5,66598.5,66697.5
1774914300000,66696.5,66742.5,66647.5,66740.5
1774915200000,66739.5,66768.5,66488.5,66593.5
1774916100000,66593.5,66762.5,66467.5,66753.5
1774917000000,66753.5,66893.5,66701.5,66885.5
1774917900000,66890.5,67237.5,66874.5,67144.5
1774918800000,67143.5,67232.5,66977.5,67163.5
1774919700000,67163.5,67818.5,67160.5,67723.5
1774920600000,67725.5,68344.5,67661.5,67888.5
1774921500000,67860.5,67993.5,67740.5,67871.5
1774922400000,67872.5,67917.5,67705.5,67856.5
1774923300000,67853.5,68039.5,67847.5,67984.5
1774924200000,67985.5,68009.5,67784.5,67922.5
1774925100000,67921.5,68035.5,67844.5,67896.5
1774926000000,67888.5,67959.5,67745.5,67859.5
1774926900000,67859.5,67917.5,67737.5,67787.5
1774927800000,67785.5,67870.5,67586.5,67671.5
1774928700000,67668.5,67706.5,67559.5,67649.5
1774929600000,67650.5,67730.5,67512.5,67611.5
1774930500000,67611.5,67812.5,67439.5,67535.5
1774931400000,67534.5,67602.5,67444.5,67535.5
1774932300000,67530.5,67630.5,67439.5,67482.5
1774933200000,67481.5,67566.5,67335.5,67352.5
1774934100000,67356.5,67601.5,67323.5,67560.5
1774935000000,67561.5,67662.5,67501.5,67609.5
1774935900000,67611.5,67721.5,67587.5,67621.5
1774936800000,67622.5,67651.5,67402.5,67414.5
1774937700000,67413.5,67451.5,67252.5,67342.5
1774938600000,67340.5,67422.5,67250.5,67342.5
1774939500000,67344.5,67474.5,67341.5,67428.5
1774940400000,67429.5,67460.5,67160.5,67232.5
1774941300000,67231.5,67258.5,67011.5,67228.5
1774942200000,67224.5,67324.5,67106.5,67264.5
1774943100000,67264.5,67388.5,67246.5,67309.5
1774944000000,67312.5,67445.5,67155.5,67286.5
1774944900000,67285.5,67393.5,67213.5,67247.5
1774945800000,67242.5,67248.5,66749.5,66799.5
1774946700000,66790.5,66877.5,66619.5,66708.5
1774947600000,66706.5,66852.5,66513.5,66625.5
1774948500000,66630.5,66641.5,66300.5,66367.5
1774949400000,66369.5,66455.5,66315.5,66438.5
1774950300000,66439.5,66444.5,65909.5,66054.5
1774951200000,66054.5,66333.5,66027.5,66310.5
1774952100000,66313.5,66406.5,66283.5,66323.5
1774953000000,66321.5,66375.5,66160.5,66225.5
1774953900000,66223.5,66413.5,66189.5,66305.5
1774954800000,66312.5,66520.5,66177.5,66517.5
1774955700000,66522.5,66821.5,66467.5,66587.5
1774956600000,66583.5,66778.5,66575.5,66665.5
1774957500000,66660.5,66665.5,66498.5,66615.5
1774958400000,66614.5,66733.5,66497.5,66517.5
1774959300000,66512.5,66767.5,66446.5,66729.5
1774960200000,66728.5,66880.5,66657.5,66847.5
1774961100000,66847.5,66864.5,66564.5,66582.5
1774962000000,66586.5,66784.5,66581.5,66761.5
1774962900000,66767.5,66895.5,66692.5,66743.5
1774963800000,66745.5,67126.5,66668.5,66911.5
1774964700000,66909.5,67361.5,66909.5,67233.5
1774965600000,67231.5,67479.5,67058.5,67282.5
1774966500000,67279.5,67710.5,67262.5,67675.5
1774967400000,67679.5,67703.5,66981.5,67152.5
1774968300000,67152.5,67152.5,66361.5,66518.5
1774969200000,66519.5,67219.5,66519.5,67172.5
1774970100000,67171.5,67222.5,66820.5,66894.5
1774971000000,66896.5,67095.5,66798.5,66876.5
1774971900000,66869.5,66999.5,66627.5,66671.5
1774972800000,66671.5,66937.5,66658.5,66859.5
1774973700000,66858.5,67138.5,66837.5,67025.5
1774974600000,67025.5,67947.5,66889.5,67711.5
1774975500000,67711.5,67836.5,67385.5,67596.5
1774976400000,67597.5,68419.5,67513.5,68388.5
1774977300000,68375.5,68525.5,67907.5,67969.5
1774978200000,67968.5,68061.5,67535.5,67650.5
1774979100000,67651.5,67708.5,67320.5,67459.5
1774980000000,67459.5,67725.5,67455.5,67704.5
1774980900000,67703.5,67877.5,67562.5,67708.5
1774981800000,67707.5,67827.5,67574.5,67762.5
1774982700000,67765.5,67878.5,67647.5,67785.5
1774983600000,67785.5,67964.5,67765.5,67921.5
1774984500000,67919.5,67961.5,67777.5,67818.5
1774985400000,67821.5,67884.5,67621.5,67770.5
1774986300000,67773.5,67914.5,67623.5,67756.5
1774987200000,67757.5,68130.5,67743.5,68069.5
1774988100000,68069.5,68106.5,67848.5,67932.5
1774989000000,67921.5,68072.5,67871.5,67983.5
1774989900000,67986.5,68208.5,67954.5,68169.4
1774990800000,68183.7,68188.2,67889.5,67974.5
1774991700000,67976.5,68020.5,67811.5,67997.5
1774992600000,67997.5,68137.5,67988.5,68107.5
1774993500000,68107.5,68362.5,68072.5,68222.5
1774994400000,68220.5,68298.5,67987.5,68165.5
1774995300000,68154.5,68246.5,68038.5,68063.5
1774996200000,68062.5,68192.5,67883.5,68119.5
1774997100000,68121.5,68174.5,68037.5,68121.5
1774998000000,68118.5,68228.5,68025.5,68159.5
1774998900000,68159.5,68321.5,68111.5,68199.5
1774999800000,68196.5,68308.5,68176.5,68246.5
1775000700000,68247.5,68275.5,68151.5,68223.5
1775001600000,68221.5,68221.5,67949.5,67989.5
1775002500000,67989.5,68163.5,67846.5,67941.5
1775003400000,67943.5,68007.5,67766.5,68006.5
1775004300000,68007.5,68273.5,67964.5,68265.5
1775005200000,68265.5,68302.5,68070.5,68204.5
1775006100000,68203.5,68203.5,67937.5,67979.5
1775007000000,67981.5,68028.5,67721.5,67891.5
1775007900000,67895.5,67898.5,67681.5,67724.5
1775008800000,67723.5,67845.5,67643.5,67777.5
1775009700000,67779.5,67862.5,67549.5,67585.5
1775010600000,67584.5,67676.5,67519.5,67607.5
1775011500000,67608.5,67689.5,67542.5,67613.5
1775012400000,67613.5,68054.5,67613.5,67931.5
1775013300000,67930.5,67981.5,67866.5,67917.5
1775014200000,67918.5,68030.5,67851.5,68004.5
1775015100000,68006.5,68187.5,68006.5,68109.5
1775016000000,68111.5,68213.5,67970.5,68017.5
1775016900000,68017.5,68168.5,67972.5,68094.5
1775017800000,68093.5,68228.5,68042.5,68167.5
1775018700000,68168.5,68414.5,68137.5,68255.5
1775019600000,68255.5,68379.5,68093.5,68355.5
1775020500000,68355.5,68705.5,68309.5,68535.5
1775021400000,68536.5,68602.5,68394.5,68454.5
1775022300000,68454.5,68516.5,68381.5,68401.5
1775023200000,68402.5,68658.5,68399.5,68603.5
1775024100000,68598.5,68851.5,68554.5,68805.5
1775025000000,68806.5,69196.5,68751.5,69175.5
1775025900000,69177.5,69206.5,68978.5,69071.5
1775026800000,69075.5,69259.5,69075.5,69147.5
1775027700000,69147.5,69161.5,68795.5,68876.5
1775028600000,68878.5,68973.5,68813.5,68876.5
1775029500000,68873.5,68900.5,68645.5,68665.5
1775030400000,68662.5,68747.5,68480.5,68503.5
1775031300000,68504.5,68718.5,68421.5,68712.5
1775032200000,68713.5,68828.5,68682.5,68748.5
1775033100000,68746.5,68766.5,68527.5,68643.5
1775034000000,68643.5,68716.5,68424.5,68476.5
1775034900000,68477.5,68546.5,68363.5,68527.5
1775035800000,68529.5,68594.5,68371.5,68455.5
1775036700000,68457.5,68679.5,68456.5,68619.5
1775037600000,68624.5,68648.5,68475.5,68484.5
1775038500000,68484.5,68614.5,68456.5,68493.5
1775039400000,68496.5,68557.5,68373.5,68471.5
1775040300000,68472.5,68595.5,68401.5,68553.5
1775041200000,68553.5,68640.5,68478.5,68593.5
1775042100000,68593.5,68629.5,68479.5,68535.5
1775043000000,68534.5,68616.5,68506.5,68587.5
1775043900000,68588.5,68721.5,68567.5,68680.5
1775044800000,68676.5,68699.5,68444.5,68552.5
1775045700000,68553.5,68648.5,68478.5,68497.5
1775046600000,68504.5,68713.5,68224.5,68656.5
1775047500000,68599.5,68761.5,68294.5,68361.5
1775048400000,68366.5,68408.5,68121.5,68395.5
1775049300000,68387.5,68565.5,68385.5,68528.5
1775050200000,68527.5,68661.5,67888.5,68080.5
1775051100000,68079.5,68257.5,67887.5,68095.5
1775052000000,68045.5,68271.5,68019.5,68227.5
1775052900000,68226.5,68492.5,68181.5,68492.5
1775053800000,68490.5,68617.5,68192.5,68372.5
1775054700000,68372.5,68650.5,68319.5,68566.5
1775055600000,68568.5,68648.5,68426.5,68452.5
1775056500000,68455.5,68861.5,68366.5,68712.5
1775057400000,68711.5,68853.5,68623.5,68730.5
1775058300000,68729.5,68944.5,68729.5,68889.5
1775059200000,68891.5,68911.5,68613.5,68649.5
1775060100000,68651.5,68922.5,68580.5,68848.5
1775061000000,68850.5,68977.5,68669.5,68924.5
1775061900000,68927.5,68935.5,68788.5,68793.5
1775062800000,68791.5,69155.5,68704.5,68729.5
1775063700000,68727.5,68780.5,68458.5,68507.5
1775064600000,68508.5,68526.5,68252.5,68413.5
1775065500000,68410.5,68423.5,68207.5,68244.5
1775066400000,68243.5,68276.5,67922.5,68065.5
1775067300000,68060.5,68151.5,67958.5,68075.5
1775068200000,68073.5,68306.5,68018.5,68196.5
1775069100000,68198.5,68206.5,67976.5,68064.5
1775070000000,68065.5,68221.5,68036.5,68039.5
1775070900000,68040.5,68254.5,68001.5,68250.5
1775071800000,68251.5,68269.5,68036.5,68143.5
1775072700000,68142.5,68271.5,68083.5,68167.5
1775073600000,68169.5,68192.5,67990.5,68077.5
1775074500000,68081.5,68136.5,68005.5,68044.5
1775075400000,68043.5,68181.5,67948.5,68171.5
1775076300000,68170.5,68244.5,68136.5,68150.1
1775077200000,68171,68371.5,68143.6,68279.5
1775078100000,68279.5,68531.5,68250.5,68434.5
1775079000000,68435.5,68516.5,68312.5,68340.5
1775079900000,68344.5,68469.5,68260.5,68354.5
1775080800000,68352.5,68352.5,68103.5,68215.5
1775081700000,68214.5,68263.5,68056.5,68177.5
1775082600000,68178.5,68301.5,68119.5,68234.5
1775083500000,68234.5,68257.5,68064.5,68120.5
1775084400000,68122.5,68254.5,68120.5,68186.5
1775085300000,68187.5,68188.5,68072.5,68107.5
1775086200000,68108.5,68177.5,67973.5,68105.5
1775087100000,68105.5,68175.5,68052.5,68105.5
1775088000000,68105.5,68234.5,68039.5,68210.5
1775088900000,68206.5,68279.5,68121.5,68212.5
1775089800000,68210.5,68523.5,68189.5,68523.5
1775090700000,68522.5,68649.5,68419.5,68592.5
1775091600000,68593.5,68593.5,67578.5,68131.5
1775092500000,68135.5,68142.5,67252.5,67587.5
1775093400000,67571.5,67588.5,67115.5,67171.5
1775094300000,67153.5,67390.5,67025.5,67351.5
1775095200000,67352.5,67352.5,66839.5,66852.5
1775096100000,66850.5,66993.5,66749.5,66884.5
1775097000000,66885.5,67031.5,66571.5,66686.5
1775097900000,66690.5,66930.5,66669.5,66836.5
1775098800000,66838.5,66952.5,66708.5,66737.5
1775099700000,66742.5,66879.5,66595.5,66845.5
1775100600000,66846.5,66871.5,66455.5,66593.5
1775101500000,66592.5,66630.5,66481.5,66555.5
1775102400000,66556.5,66627.5,66473.5,66511.5
1775103300000,66513.5,66607.5,66335.5,66386.5
1775104200000,66388.5,66436.5,66164.5,66257.5
1775105100000,66255.5,66369.5,66225.5,66307.5
1775106000000,66311.5,66446.5,66267.5,66363.5
1775106900000,66365.5,66467.5,66325.5,66458.5
1775107800000,66464.5,66594.5,66365.5,66558.5
1775108700000,66559.5,66620.5,66440.5,66561.5
1775109600000,66565.5,66614.5,66534.5,66557.5
1775110500000,66556.5,66817.5,66544.5,66622.5
1775111400000,66623.5,66680.5,66504.5,66544.5
1775112300000,66545.5,66676.5,66543.5,66668.5
1775113200000,66671.5,66706.5,66539.5,66559.5
1775114100000,66559.5,66706.5,66558.5,66661.5
1775115000000,66662.5,66871.5,66655.5,66836.5
1775115900000,66835.5,66915.5,66833.5,66906.5
1775116800000,66902.5,66903.5,66703.5,66762.5
1775117700000,66765.5,66767.5,66565.5,66664.5
1775118600000,66663.5,66728.5,66462.5,66492.5
1775119500000,66492.5,66548.5,66376.5,66420.5
1775120400000,66420.5,66462.5,66249.5,66400.5
1775121300000,66407.5,66495.5,66338.5,66456.5
1775122200000,66456.5,66491.5,66377.5,66416.5
1775123100000,66420.5,66464.5,66333.5,66441.5
1775124000000,66440.5,66485.5,66193.5,66245.5
1775124900000,66245.5,66371.5,66208.5,66355.5
1775125800000,66353.5,66490.5,66337.5,66459.5
1775126700000,66462.5,66498.5,66404.5,66445.5
1775127600000,66446.5,66476.5,66241.5,66275.5
1775128500000,66272.5,66448.5,66141.5,66433.5
1775129400000,66432.5,66467.5,66291.5,66313.5
1775130300000,66315.5,66375.5,66155.5,66191.5
1775131200000,66194.5,66222.5,66014.5,66146.5
1775132100000,66146.5,66167.5,65919.5,66126.5
1775133000000,66127.5,66201.5,66073.5,66190.5
1775133900000,66188.5,66229.5,65971.5,66021.5
1775134800000,66022.5,66149.5,65931.5,65982.5
1775135700000,65983.5,66172.5,65854.5,66121.5
1775136600000,66118.5,66217.5,65676.5,65830.5
1775137500000,65829.5,66251.5,65802.5,66235.5
1775138400000,66240.5,66425.5,66129.5,66374.5
1775139300000,66367.5,66477.5,66177.5,66242.5
1775140200000,66241.5,67053.5,66228.5,67038.5
1775141100000,67043.5,67104.5,66652.5,66849.5
1775142000000,66837.5,66970.5,66665.5,66890.5
1775142900000,66894.5,66899.5,66605.5,66833.5
1775143800000,66830.5,66988.5,66679.5,66919.5
1775144700000,66923.5,66937.5,66706.5,66834.5
1775145600000,66836.5,66961.5,66788.5,66897.5
1775146500000,66896.5,66961.5,66725.5,66864.5
1775147400000,66863.5,67269.5,66835.5,67150.5
1775148300000,67154.5,67247.5,67066.5,67077.5
1775149200000,67074.5,67192.5,66845.5,67159.5
1775150100000,67145.5,67429.5,67145.5,67235.5
1775151000000,67235.5,67264.5,66916.5,66981.5
1775151900000,66981.5,66993.5,66642.5,66672.5
1775152800000,66673.5,66793.5,66583.5,66693.5
1775153700000,66698.5,66834.5,66605.5,66626.5
1775154600000,66624.5,66811.5,66624.5,66744.5
1775155500000,66745.5,67058.5,66715.5,66969.5
1775156400000,66979.5,67110.5,66934.5,67051.5
1775157300000,67053.5,67107.5,66915.5,67024.5
1775158200000,67023.5,67054.5,66846.5,66950.5
1775159100000,66951.5,67054.5,66901.5,66969.5
1775160000000,66968.5,66975.5,66762.5,66872.5
1775160900000,66875.5,67050.5,66838.5,67029.5
1775161800000,67029.5,67093.5,66914.5,67019.5
1775162700000,67021.5,67040.5,66907.5,66922.3
1775163600000,66925.5,66998.3,66693.5,66818.5
1775164500000,66820.5,66940.5,66791.5,66824.5
1775165400000,66818.5,66870.5,66718.5,66770.5
1775166300000,66772.5,66931.5,66768.5,66925.5
1775167200000,66923.5,67024.5,66878.5,66896.5
1775168100000,66897.5,66997.5,66815.5,66908.5
1775169000000,66916.5,67006.5,66905.5,66966.5
1775169900000,66965.5,67041.5,66907.5,66981.5
1775170800000,66979.5,67095.5,66910.5,66943.5
1775171700000,66941.5,67037.5,66923.5,66929.5
1775172600000,66929.5,66964.5,66871.5,66874.5
1775173500000,66876.5,66906.5,66842.5,66898.5
1775174400000,66900.5,67005.5,66761.5,66877.5
1775175300000,66868.5,66967.5,66792.5,66817.5
1775176200000,66818.5,66914.5,66758.5,66793.5
1775177100000,66792.5,66794.5,66687.5,66776.5
1775178000000,66777.5,66837.5,66715.5,66816.5
1775178900000,66817.5,66891.5,66731.5,66855.5
1775179800000,66855.5,66898.5,66452.5,66561.5
1775180700000,66564.5,66623.5,66477.5,66615.5
1775181600000,66613.5,66613.5,66384.5,66493.5
1775182500000,66492.5,66747.5,66432.5,66449.5
1775183400000,66451.5,66503.5,66255.5,66326.5
1775184300000,66327.5,66543.5,66301.5,66528.5
1775185200000,66524.5,66653.5,66455.5,66643.5
1775186100000,66642.5,66721.5,66591.5,66623.5
1775187000000,66624.5,66699.5,66516.5,66591.5
1775187900000,66592.5,66639.5,66542.5,66577.5
1775188800000,66574.5,66659.5,66551.5,66628.5
1775189700000,66627.5,66698.5,66532.5,66533.5
1775190600000,66532.5,66612.5,66495.5,66571.5
1775191500000,66575.5,66680.5,66554.5,66606.5
1775192400000,66604.5,66670.5,66583.5,66586.5
1775193300000,66582.5,66595.5,66406.5,66580.5
1775194200000,66581.5,66810.5,66578.5,66771.5
1775195100000,66770.5,66779.5,66519.5,66608.5
1775196000000,66608.5,66670.5,66548.5,66668.5
1775196900000,66670.5,66701.5,66599.5,66627.5
1775197800000,66628.5,66781.5,66578.5,66735.5
1775198700000,66735.5,66806.5,66700.5,66793.5
1775199600000,66794.5,66917.5,66752.5,66828.5
1775200500000,66829.5,66949.5,66797.5,66946.5
1775201400000,66945.5,67260.5,66916.5,67081.5
1775202300000,67077.5,67126.5,66994.5,67031.5
1775203200000,67041.5,67286.5,67020.5,67168.5
1775204100000,67164.5,67223.5,67050.5,67057.5
1775205000000,67056.5,67129.5,66904.5,66935.5
1775205900000,66934.5,67014.5,66902.5,66964.5
1775206800000,66962.5,67010.5,66874.5,66892.5
1775207700000,66890.5,66923.5,66739.5,66817.5
1775208600000,66818.5,66922.5,66783.5,66890.5
1775209500000,66891.5,66902.5,66787.5,66861.5
1775210400000,66860.5,66861.5,66766.5,66817.5
1775211300000,66822.5,66871.5,66752.5,66757.5
1775212200000,66757.5,66800.5,66674.5,66783.5
1775213100000,66782.5,66900.5,66782.5,66875.5
1775214000000,66875.5,66911.5,66806.5,66850.5
1775214900000,66853.5,66964.5,66832.5,66929.5
1775215800000,66931.5,67056.5,66911.5,67003.5
1775216700000,67003.5,67045.5,66952.5,67020.5
1775217600000,67019.5,67058.5,66910.5,67014.5
1775218500000,67013.5,67135.5,66938.5,67121.5
1775219400000,67124.5,67361.5,66787.5,66871.5
1775220300000,66866.5,66907.5,66610.5,66726.5
1775221200000,66726.5,66741.5,66532.5,66670.5
1775222100000,66669.5,66733.5,66593.5,66690.5
1775223000000,66690.5,66690.5,66575.5,66600.5
1775223900000,66601.5,66691.5,66502.5,66676.5
1775224800000,66675.5,66805.5,66627.5,66789.5
1775225700000,66788.5,66996.5,66719.5,66915.5
1775226600000,66914.5,66939.5,66797.5,66807.5
1775227500000,66809.5,66989.5,66809.5,66927.5
1775228400000,66925.5,67023.5,66903.5,66960.5
1775229300000,66960.5,66960.5,66844.5,66928.5
1775230200000,66924.5,66979.5,66805.5,66839.5
1775231100000,66838.5,66860.5,66798.5,66815.5
1775232000000,66817.5,66905.5,66800.5,66888.5
1775232900000,66889.5,66991.5,66851.5,66976.5
1775233800000,66971.5,67008.5,66913.5,66965.5
1775234700000,66966.5,67066.5,66913.5,66991.5
1775235600000,66993.5,67066.5,66943.5,66944.5
1775236500000,66945.5,66961.5,66751.5,66869.5
1775237400000,66867.5,66949.5,66840.5,66886.5
1775238300000,66885.5,66893.5,66798.5,66832.5
1775239200000,66834.5,66857.5,66757.5,66830.5
1775240100000,66829.5,66926.5,66803.5,66867.5
1775241000000,66868.5,66911.5,66824.5,66845.5
1775241900000,66844.5,66848.5,66782.5,66802.5
1775242800000,66802.5,66847.5,66754.5,66773.5
1775243700000,66772.5,66845.5,66764.5,66785.5
1775244600000,66786.5,66851.5,66735.5,66837.5
1775245500000,66838.5,66904.5,66830.5,66870.5
1775246400000,66869.5,66902.5,66834.5,66887.5
1775247300000,66889.5,66899.5,66849.5,66868.5
1775248200000,66867.5,66908.5,66833.5,66868.5
1775249100000,66869.5,66891.5,66823.5,66823.5
1775422800000,67615.7,67629.5,67354.5,67503.5
1775423700000,67502.5,67533.5,67373.5,67459.5
1775424600000,67460.5,67504.5,67353.5,67471.5
1775425500000,67471.5,67652.5,67437.5,67528.5
1775426400000,67527.5,67772.5,67412.5,67499.5
1775427300000,67500.5,67588.5,67311.5,67408.5
1775428200000,67408.5,67965.5,67382.5,67939.5
1775429100000,67931.5,68351.5,67923.5,68311.5
1775430000000,68313.5,68577.5,68231.5,68577.5
1775430900000,68574.5,68951.5,68563.5,68774.5
1775431800000,68771.5,69113.5,68756.5,68922.5
1775432700000,68925.5,69033.5,68857.5,69000.5
1775433600000,69000.5,69562.5,68999.5,69210.5
1775434500000,69206.5,69332.5,69042.5,69154.5
1775435400000,69151.5,69416.5,69081.5,69292.5
1775436300000,69287.5,69320.5,69033.5,69060.5
1775437200000,69059.5,69114.5,68818.5,68826.5
1775438100000,68828.5,68971.5,68764.5,68954.5
1775439000000,68952.5,68952.5,68761.5,68771.5
1775439900000,68772.5,68853.5,68743.5,68783.5
1775440800000,68779.5,69305.5,68742.5,69089.5
1775441700000,69091.5,69291.5,69062.5,69205.5
1775442600000,69206.5,69391.5,69121.5,69201.5
1775443500000,69202.5,69282.5,69174.5,69182.5
1775444400000,69182.5,69238.5,69092.5,69110.5
1775445300000,69111.5,69185.5,69023.5,69156.5
1775446200000,69155.5,69212.5,69050.5,69089.5
1775447100000,69094.5,69134.5,69012.5,69099.5
1775448000000,69100.5,69184.5,68973.5,69051.5
1775448900000,69056.5,69061.5,68947.5,68972.5
1775449800000,68971.5,69195.5,68964.5,69153.5
1775450700000,69152.5,69191.5,69084.5,69112.5
1775451600000,69112.5,69162.5,69085.5,69140.5
1775452500000,69144.5,69201.5,69055.5,69151.5
1775453400000,69151.5,69223.5,69125.5,69212.5
1775454300000,69181.5,69222.5,69121.5,69171.5
1775455200000,69172.5,69333.5,69073.5,69278.5
1775456100000,69280.5,69280.5,68748.5,68827.5
1775457000000,68824.5,68960.5,68793.5,68908.5
1775457900000,68907.5,69085.5,68897.5,68961.5
1775458800000,68977.5,68979.5,68812.5,68883.5
1775459700000,68884.5,69096.5,68884.5,69057.5
1775460600000,69059.5,69122.5,68946.5,68967.5
1775461500000,68966.5,69201.5,68925.5,69100.5
1775462400000,69105.5,69199.5,69048.5,69154.5
1775463300000,69160.5,69244.5,69105.5,69215.5
1775464200000,69216.5,69342.5,69184.5,69283.5
1775465100000,69280.5,69301.5,69199.5,69210.5
1775466000000,69213.5,69736.5,69191.5,69630.5
1775466900000,69631.5,70262.5,69601.5,69925.5
1775467800000,69929.5,69973.5,69662.5,69847.5
1775468700000,69846.5,69902.5,69657.5,69727.5
1775469600000,69726.5,69851.5,69719.5,69824.5
1775470500000,69817.5,69875.5,69730.5,69761.5
1775471400000,69760.5,69947.5,69751.5,69886.5
1775472300000,69882.5,69882.5,69687.5,69770.5
1775473200000,69767.5,69768.5,69630.5,69672.5
1775474100000,69674.5,69724.5,69578.5,69623.5
1775475000000,69624.5,69716.5,69567.5,69649.5
1775475900000,69650.5,69712.5,69557.5,69619.5
1775476800000,69620.5,69642.5,69459.5,69481.5
1775477700000,69482.5,69532.5,69431.5,69465.5
1775478600000,69467.5,69546.5,69378.5,69496.5
1775479500000,69495.5,69544.5,69322.5,69369.5
1775480400000,69373.5,69452.5,69363.5,69406.5
1775481300000,69409.5,69485.5,69312.5,69474.5
1775482200000,69473.5,69552.5,69217.5,69323.5
1775483100000,69324.5,69483.5,69237.5,69433.5
1775484000000,69408.5,69614.5,69145.5,69343.5
1775484900000,69353.5,69646.5,69337.5,69547.5
1775485800000,69547.5,69822.5,69313.5,69461.5
1775486700000,69461.5,69708.5,69285.5,69654.5
1775487600000,69653.5,69801.5,69523.5,69710.5
1775488500000,69712.5,69777.5,69598.5,69752.5
1775489400000,69750.5,69873.5,69639.5,69832.5
1775490300000,69833.5,69983.5,69777.5,69972.5
1775491200000,69972.5,70125.5,69849.5,70079.5
1775492100000,70081.5,70106.5,69894.5,69918.5
1775493000000,69918.5,70138.5,69853.5,70135.5
1775493900000,70140.5,70363.5,69768.5,69808.5
1775494800000,69815.5,69835.5,69299.5,69345.5
1775495700000,69339.5,69581.5,69245.5,69536.5
1775496600000,69537.5,69638.5,69438.5,69466.5
1775497500000,69467.5,69615.5,69415.5,69573.5
1775498400000,69574.5,69789.5,69468.5,69742.5
1775499300000,69750.5,69951.5,69707.5,69856.5
1775500200000,69854.5,69942.5,69737.5,69781.5
1775501100000,69782.5,69920.5,69697.5,69894.5
1775502000000,69893.5,69893.5,69574.5,69730.5
1775502900000,69731.5,69905.5,69730.5,69834.5
1775503800000,69835.5,69889.5,69649.5,69758.5
1775504700000,69757.5,69770.5,69656.5,69675.5
1775505600000,69711.5,69767.5,69602.5,69762.5
1775506500000,69761.5,69968.5,69758.5,69959.5
1775507400000,69959.5,69988.5,69881.5,69902.5
1775508300000,69903.5,69927.5,69812.5,69830.6
1775509200000,69818.8,69823.3,69567.5,69720.5
1775510100000,69720.5,69766.5,69633.5,69656.5
1775511000000,69655.5,69664.5,69415.5,69423.5
1775511900000,69424.5,69572.5,69422.5,69512.5
1775512800000,69513.5,69590.5,69387.5,69550.5
1775513700000,69550.5,69555.5,69290.5,69373.5
1775514600000,69371.5,69374.5,69181.5,69235.5
1775515500000,69228.5,69230.5,68794.5,68801.5
1775516400000,68799.5,68814.5,68330.5,68596.5
1775517300000,68596.5,68684.5,68472.5,68523.5
1775518200000,68519.5,68855.5,68476.5,68781.5
1775519100000,68782.5,68913.5,68771.5,68843.5
1775520000000,68839.5,69130.5,68788.5,68940.5
1775520900000,68942.5,69069.5,68843.5,68928.5
1775521800000,68928.5,69050.5,68713.5,68781.5
1775522700000,68778.5,68902.5,68740.5,68766.5
1775523600000,68765.5,68769.5,68525.5,68583.5
1775524500000,68583.5,68901.5,68583.5,68725.5
1775525400000,68721.5,68805.5,68572.5,68627.5
1775526300000,68632.5,68650.5,68322.5,68398.5
1775527200000,68395.5,68496.5,68250.5,68414.5
1775528100000,68415.5,68573.5,68401.5,68564.5
1775529000000,68565.5,68707.5,68486.5,68607.5
1775529900000,68610.5,68685.5,68534.5,68654.5
1775530800000,68656.5,68738.5,68605.5,68670.5
1775531700000,68670.5,68787.5,68637.5,68771.5
1775532600000,68771.5,68799.5,68698.5,68787.5
1775533500000,68785.5,68789.5,68722.5,68765.5
1775534400000,68766.5,68782.5,68616.5,68667.5
1775535300000,68667.5,68679.5,68526.5,68591.5
1775536200000,68592.5,68870.5,68591.5,68849.5
1775537100000,68844.5,68986.5,68819.5,68851.5
1775538000000,68851.5,68866.5,68782.5,68801.5
1775538900000,68801.5,68836.5,68655.5,68695.5
1775539800000,68692.5,68750.5,68639.5,68640.5
1775540700000,68640.5,68690.5,68577.5,68657.5
1775541600000,68656.5,68658.5,68468.5,68515.5
1775542500000,68516.5,68580.5,68414.5,68563.5
1775543400000,68564.5,68579.5,68469.5,68551.5
1775544300000,68548.5,68600.5,68485.5,68561.5
1775545200000,68559.5,68572.5,68486.5,68552.5
1775546100000,68550.5,68652.5,68492.5,68575.5
1775547000000,68574.5,68703.5,68574.5,68671.5
1775547900000,68667.5,68677.5,68599.5,68613.5
1775548800000,68612.5,68841.5,68590.5,68720.5
1775549700000,68721.5,68856.5,68653.5,68755.5
1775550600000,68757.5,68947.5,68750.5,68905.5
1775551500000,68903.5,68997.5,68875.5,68937.5
1775552400000,68937.5,69253.5,68914.5,69107.5
1775553300000,69106.5,69163.5,68974.5,69056.5
1775554200000,69056.5,69251.5,69011.5,69180.5
1775555100000,69180.5,69205.5,69111.5,69143.5
1775556000000,69145.5,69208.5,68703.5,68911.5
1775556900000,68910.5,69016.5,68644.5,68740.5
1775557800000,68740.5,68780.5,68433.5,68473.5
1775558700000,68474.5,68485.5,68189.5,68228.5
1775559600000,68226.5,68344.5,68054.5,68335.5
1775560500000,68332.5,68403.5,68231.5,68361.5
1775561400000,68360.5,68446.5,68275.5,68397.5
1775562300000,68399.5,68425.5,68300.5,68325.5
1775563200000,68325.5,68443.5,68063.5,68257.5
1775564100000,68257.5,68449.5,68185.5,68426.5
1775565000000,68427.5,68469.5,68265.5,68310.5
1775565900000,68310.5,68568.96,68223.5,68387.5
1775566800000,68383.5,68607.16,68358.5,68603.66
1775567700000,68603.16,68611.66,68442.5,68468.5
1775568600000,68469.5,68592.5,68262.5,68321.5
1775569500000,68315.5,68447.5,68169.5,68213.5
1775570400000,68218.5,68246.5,67759.5,67877.5
1775571300000,67872.5,68152.5,67745.5,68131.5
1775572200000,68130.5,68207.5,67965.5,67988.5
1775573100000,67986.5,68196.5,67834.5,67836.5
1775574000000,67838.5,67974.5,67709.5,67863.5
1775574900000,67876.5,68193.5,67862.5,68167.5
1775575800000,68168.5,68202.5,68030.5,68065.5
1775576700000,68066.5,68246.5,68051.5,68145.5
1775577600000,68146.5,68443.5,68061.5,68128.5
1775578500000,68129.5,68378.5,68052.5,68368.5
1775579400000,68365.5,68373.5,68261.5,68311.5
1775580300000,68309.5,68384.5,68179.5,68220.5
1775581200000,68219.5,68353.5,68180.5,68287.5
1775582100000,68285.5,68399.5,68168.5,68390.5
1775583000000,68392.5,68988.5,68392.5,68676.5
1775583900000,68675.5,68820.5,68655.5,68688.5
1775584800000,68696.5,68767.5,68592.5,68631.5
1775585700000,68630.5,68668.5,68521.5,68631.5
1775586600000,68628.5,68727.5,68422.5,68503.5
1775587500000,68502.5,68503.5,68323.5,68427.5
1775588400000,68427.5,68474.5,68311.5,68435.5
1775589300000,68434.5,68811.5,68434.5,68555.5
1775590200000,68556.5,68570.5,68435.5,68488.5
1775591100000,68496.5,69089.5,68465.5,68987.5
1775592000000,69005.5,69537.5,69005.5,69434.5
1775592900000,69431.5,69489.5,69258.5,69359.5
1775593800000,69358.5,69421.5,69203.5,69287.5
1775594700000,69286.5,69308.5,69147.5,69300.5
1775595600000,69300.6,70207.5,69285.5,69973.5
1775596500000,69965.5,69973.5,69465.5,69571.5
1775597400000,69569.5,69891.5,69533.5,69891.5
1775598300000,69891.5,70085.5,69769.5,69911.5
1775599200000,69911.5,70554.5,69898.5,70274.5
1775600100000,70273.5,70460.5,70163.5,70406.5
1775601000000,70405.5,71282.5,70405.5,70743.5
1775601900000,70736.5,71509.5,70712.5,71502.5
1775602800000,71488.5,71710.5,71162.5,71482.5
1775603700000,71480.5,72744.5,71286.5,72744.5
1775604600000,72715.5,72738.5,71870.5,72000.5
1775605500000,72001.5,72230.5,71861.5,71908.5
1775606400000,71907.5,72112.5,71765.5,71956.5
1775607300000,71957.5,72084.5,71832.5,71920.5
1775608200000,71917.5,72007.5,71718.5,71835.5
1775609100000,71834.5,71853.5,71523.5,71702.5
1775610000000,71700.5,71761.5,71479.5,71687.5
1775610900000,71685.5,71695.5,71436.5,71475.5
1775611800000,71474.5,71579.5,71431.5,71469.5
1775612700000,71470.5,71590.5,71398.5,71469.5
1775613600000,71478.5,71729.5,71344.5,71717.5
1775614500000,71717.5,71732.5,71399.5,71460.5
1775615400000,71459.5,71490.5,71210.5,71303.5
1775616300000,71302.5,71395.5,71282.5,71358.5
1775617200000,71356.5,71442.5,71248.5,71289.5
1775618100000,71290.5,71481.5,71260.5,71472.5
1775619000000,71469.5,71475.5,71341.5,71360.5
1775619900000,71357.5,71358.5,71271.1,71284.5
1775620800000,71286.5,71546.5,71284.5,71519.5
1775621700000,71518.5,71603.5,71449.5,71564.5
1775622600000,71565.5,71682.5,71517.5,71611.5
1775623500000,71608.5,71676.5,71516.5,71535.5
1775624400000,71542.5,71679.5,71542.5,71667.5
1775625300000,71666.5,71768.5,71627.5,71711.5
1775626200000,71713.5,71765.5,71653.5,71702.5
1775627100000,71701.5,71839.5,71635.5,71731.5
1775628000000,71734.5,71849.5,71558.5,71802.5
1775628900000,71800.5,71946.5,71729.5,71855.5
1775629800000,71849.5,71871.5,71749.5,71821.5
1775630700000,71822.5,71826.5,71711.5,71733.5
1775631600000,71735.5,71802.5,71613.5,71753.5
1775632500000,71754.5,71910.5,71698.5,71812.5
1775633400000,71810.5,71810.5,71632.5,71655.5
1775634300000,71657.5,71657.5,71578.5,71647.5
1775635200000,71649.5,71826.5,71646.5,71721.5
1775636100000,71721.5,71817.5,71685.5,71752.5
1775637000000,71753.5,71837.5,71640.5,71734.5
1775637900000,71733.5,71812.5,71691.5,71806.5
1775638800000,71806.5,71952.5,71798.5,71819.5
1775639700000,71818.5,71888.5,71647.5,71671.5
1775640600000,71671.5,71749.5,71585.5,71589.5
1775641500000,71589.5,71705.5,71574.5,71680.5
1775642400000,71683.5,71786.5,71575.5,71604.5
1775643300000,71606.5,71686.5,71582.5,71637.5
1775644200000,71640.5,71652.5,71423.5,71552.5
1775645100000,71551.5,71584.5,71462.5,71473.5
1775646000000,71474.5,71667.5,71440.5,71628.5
1775646900000,71629.5,71678.5,71509.5,71661.5
1775647800000,71664.5,71664.5,71400.5,71518.5
1775648700000,71518.5,71728.5,71478.5,71683.5
1775649600000,71681.5,71855.5,71681.5,71838.5
1775650500000,71830.5,71859.5,71548.5,71775.5
1775651400000,71776.5,71959.5,71742.5,71948.5
1775652300000,71946.5,72152.5,71898.5,72079.5
1775653200000,72076.5,72780.5,72073.5,72621.5
1775654100000,72626.5,72860.5,72389.5,72484.5
1775655000000,72487.5,72612.5,71643.5,71671.5
1775655900000,71672.5,71965.5,71473.5,71588.5
1775656800000,71593.5,71761.5,71277.5,71513.5
1775657700000,71514.5,71650.5,71344.5,71461.5
1775658600000,71466.5,71526.5,70899.5,71088.5
1775659500000,71089.5,71188.5,70660.5,70911.5
1775660400000,70911.5,71096.5,70816.5,71091.5
1775661300000,71093.5,71228.5,71024.5,71185.5
1775662200000,71186.5,71332.5,71063.5,71195.5
1775663100000,71195.5,71356.5,71191.5,71308.5
1775664000000,71307.5,71439.5,71262.5,71342.5
1775664900000,71342.5,71510.5,71267.5,71395.5
1775665800000,71400.5,71497.5,71238.5,71471.5
1775666700000,71469.5,71655.5,71438.5,71613.5
1775667600000,71614.5,71816.5,71595.5,71800.5
1775668500000,71799.5,71800.5,71437.5,71655.5
1775669400000,71656.5,71978.5,71643.5,71863.5
1775670300000,71868.5,71950.5,71828.5,71898.5
1775671200000,71895.5,71897.5,71631.5,71716.5
1775672100000,71717.5,71778.5,71294.5,71401.5
1775673000000,71397.5,71626.5,71239.5,71293.5
1775673900000,71301.5,71360.5,71056.5,71100.5
1775674800000,71099.5,71280.5,71003.5,71271.5
1775675700000,71271.5,71301.5,71118.5,71130.5
1775676600000,71130.5,71354.5,71044.5,71312.5
1775677500000,71314.5,71389.5,71207.5,71327.5
1775678400000,71293.5,71464.5,71293.5,71444.5
1775679300000,71444.5,71499.5,71323.5,71449.5
1775680200000,71448.5,71450.5,71286.5,71312.5
1775681100000,71312.5,71384.5,71247.5,71364.8
1775682000000,71373.9,71583.5,71229.5,71524.5
1775682900000,71505.5,71770.5,71499.5,71675.5
1775683800000,71674.5,71725.5,71530.5,71555.5
1775684700000,71555.5,71648.5,71493.5,71556.5
1775685600000,71557.5,71567.5,71391.5,71454.5
1775686500000,71451.5,71491.5,71139.5,71171.5
1775687400000,71172.5,71368.5,71088.5,71241.5
1775688300000,71242.5,71290.5,71044.5,71062.5
1775689200000,71061.5,71186.5,70889.5,71166.5
1775690100000,71169.5,71207.5,70902.5,71030.5
1775691000000,71033.5,71141.5,70950.5,71085.5
1775691900000,71086.5,71174.5,71065.5,71070.5
1775692800000,71078.5,71144.5,70982.5,70998.5
1775693700000,70999.5,71015.5,70870.5,70922.5
1775694600000,70917.5,70948.5,70747.5,70805.5
1775695500000,70808.5,70887.5,70642.5,70806.5
1775696400000,70810.5,70891.5,70473.5,70670.5
1775697300000,70667.5,70685.5,70462.5,70621.5
1775698200000,70623.5,70853.5,70587.5,70761.5
1775699100000,70766.5,70963.5,70679.5,70927.5
1775700000000,70929.5,71030.5,70818.5,70832.5
1775700900000,70833.5,71075.5,70801.5,71025.5
1775701800000,71022.5,71096.5,70912.5,71050.5
1775702700000,71051.5,71206.5,70992.5,71068.5
1775703600000,71069.5,71122.5,70943.5,70984.5
1775704500000,70984.5,71013.5,70865.5,70915.5
1775705400000,70916.5,70998.5,70859.5,70903.5
1775706300000,70904.5,71058.5,70837.5,70991.5
1775707200000,70990.5,71021.5,70888.5,70910.5
1775708100000,70912.5,70936.5,70793.5,70849.5
1775709000000,70851.5,70941.5,70840.5,70869.5
1775709900000,70871.5,70908.5,70727.5,70789.5
1775710800000,70790.5,70885.5,70692.5,70875.5
1775711700000,70870.5,71016.5,70848.5,70982.5
1775712600000,70983.5,71097.5,70962.5,71051.5
1775713500000,71052.5,71053.5,70912.5,71001.5
1775714400000,71001.5,71099.5,71001.5,71022.5
1775715300000,71020.5,71028.5,70803.5,70868.5
1775716200000,70867.5,70989.5,70818.5,70949.5
1775717100000,70950.5,71041.5,70906.5,71038.5
1775718000000,71037.5,71124.5,70976.5,71100.5
1775718900000,71080.5,71082.5,70959.5,70992.5
1775719800000,70992.5,71091.5,70956.5,71011.5
1775720700000,71011.5,71047.5,70958.5,70989.5
1775721600000,70988.5,71029.5,70876.5,70959.5
1775722500000,70959.5,71033.5,70902.5,70989.5
1775723400000,70990.5,71353.5,70988.5,71339.5
1775724300000,71340.5,71381.5,71209.5,71257.5
1775725200000,71258.5,71344.5,71106.5,71331.5
1775726100000,71336.5,71496.5,71233.5,71289.5
1775727000000,71289.5,71349.5,71196.5,71282.5
1775727900000,71281.5,71594.5,71273.5,71538.5
1775728800000,71535.5,71554.5,71345.5,71384.5
1775729700000,71384.5,71500.5,71375.5,71403.5
1775730600000,71402.5,71441.5,71355.5,71410.5
1775731500000,71410.5,71478.5,71275.5,71277.5
1775732400000,71277.5,71366.5,71171.5,71198.5
1775733300000,71196.5,71249.5,71020.5,71082.5
1775734200000,71082.5,71221.5,71082.5,71170.5
1775735100000,71169.5,71228.5,71130.5,71142.5
1775736000000,71141.5,71251.5,71141.5,71192.5
1775736900000,71191.5,71331.5,71009.5,71253.5
1775737800000,71256.5,71299.5,71123.5,71203.5
1775738700000,71206.5,71306.5,71089.5,71285.5
1775739600000,71283.5,71360.5,71096.5,71112.5
1775740500000,71115.5,71148.5,71057.5,71105.5
1775741400000,71107.5,71171.5,70785.5,70894.5
1775742300000,70895.5,70913.5,70604.5,70800.5
1775743200000,70801.5,70855.5,70637.5,70786.5
1775744100000,70785.5,70833.5,70486.5,70639.5
1775745000000,70641.5,70920.5,70599.5,70894.5
1775745900000,70895.5,71257.5,70895.5,71140.5
1775746800000,71141.5,71380.5,70937.5,71353.5
1775747700000,71349.5,71641.5,71327.5,71345.5
1775748600000,71350.5,72225.5,71279.5,72091.5
1775749500000,72089.5,72378.5,72032.5,72164.5
1775750400000,72165.5,72423.5,72095.5,72190.5
1775751300000,72193.5,72410.5,72083.5,72088.5
1775752200000,72087.5,72104.5,71792.5,71993.5
1775753100000,71990.5,72106.5,71725.5,72104.5
1775754000000,72104.5,72559.5,72087.5,72505.5
1775754900000,72505.5,72582.5,72251.5,72367.5
1775755800000,72368.5,72545.5,72111.5,72444.5
1775756700000,72444.5,72514.5,72282.5,72371.5
1775757600000,72371.5,72411.5,71867.5,71919.5
1775758500000,71921.5,72019.5,71779.5,71923.5
1775759400000,71916.5,71963.5,71734.5,71867.5
1775760300000,71869.5,71934.5,71750.5,71900.5
1775761200000,71897.5,72149.5,71820.5,72046.5
1775762100000,72045.5,72099.5,71753.5,71832.5
1775763000000,71832.5,72170.5,71821.5,72132.5
1775763900000,72132.5,72318.5,71996.5,72120.5
1775764800000,72120.5,72213.5,71988.5,72207.5
1775765700000,72208.5,72376.5,72186.5,72321.5
1775766600000,72323.5,72477.5,72281.5,72448.5
1775767500000,72448.5,72452.5,72323.5,72377.3
1775768400000,72414.1,72729.5,72174.5,72361.5
1775769300000,72360.5,72381.5,72131.5,72199.5
1775770200000,72198.5,72479.5,72111.5,72460.5
1775771100000,72467.5,72483.5,72245.5,72286.5
1775772000000,72286.5,72553.5,72261.5,72529.5
1775772900000,72526.5,73148.5,72517.5,72648.5
1775773800000,72647.5,72655.5,72284.5,72329.5
1775774700000,72327.5,72466.5,71934.5,71963.5
1775775600000,71961.5,72050.5,71747.5,71820.5
1775776500000,71819.5,71936.5,71597.5,71801.5
1775777400000,71799.5,71869.5,71610.5,71782.5
1775778300000,71781.5,71849.5,71701.5,71807.5
1775779200000,71808.5,71917.5,71709.5,71834.5
1775780100000,71820.5,71855.5,71581.5,71851.5
1775781000000,71853.5,71983.5,71802.5,71945.5
1775781900000,71948.5,72042.5,71846.5,71988.5
1775782800000,71987.5,72103.5,71828.5,72021.5
1775783700000,72020.5,72069.5,71669.5,71889.5
1775784600000,71890.5,72414.5,71859.5,72318.5
1775785500000,72316.5,72382.5,72152.5,72178.5
1775786400000,72177.5,72312.5,72102.5,72248.5
1775787300000,72247.5,72283.5,72178.5,72196.5
1775788200000,72193.5,72248.5,72132.5,72174.5
1775789100000,72174.5,72174.5,71925.5,71978.5
1775790000000,71979.5,72043.5,71856.5,71869.5
1775790900000,71870.5,71955.5,71803.5,71828.5
1775791800000,71827.5,71982.5,71818.5,71934.5
1775792700000,71911.5,71974.5,71817.5,71880.5
1775793600000,71881.5,71979.5,71879.5,71880.5
1775794500000,71882.5,71967.5,71857.5,71884.5
1775795400000,71887.5,71929.5,71801.5,71923.5
1775796300000,71921.5,72213.5,71897.5,72133.5
1775797200000,72135.5,72190.5,72015.5,72082.5
1775798100000,72076.5,72292.5,72032.5,72241.5
1775799000000,72241.5,72282.5,72139.5,72169.5
1775799900000,72173.5,72238.5,72099.5,72144.5
1775800800000,72145.5,72206.5,72066.5,72151.5
1775801700000,72149.5,72151.5,71952.5,71975.5
1775802600000,71980.5,72035.5,71877.5,71957.5
1775803500000,71957.5,72013.5,71800.5,71821.5
1775804400000,71817.5,71859.5,71722.5,71724.5
1775805300000,71723.5,71795.5,71689.5,71735.5
1775806200000,71732.5,71786.5,71638.5,71669.5
1775807100000,71668.5,71708.5,71403.5,71496.5
1775808000000,71499.5,71679.5,71430.5,71615.5
1775808900000,71614.5,71703.5,71530.5,71653.5
1775809800000,71653.5,71775.5,71621.5,71714.5
1775810700000,71713.5,71727.5,71503.5,71618.5
1775811600000,71619.5,71716.5,71595.5,71705.5
1775812500000,71704.5,71867.5,71692.5,71773.5
1775813400000,71773.5,71887.5,71750.5,71809.5
1775814300000,71808.5,71838.5,71747.5,71780.5
1775815200000,71779.5,71822.5,71695.5,71821.5
1775816100000,71820.5,71828.5,71708.5,71743.5
1775817000000,71749.5,71832.5,71727.5,71811.5
1775817900000,71808.5,71940.5,71792.5,71912.5
1775818800000,71910.5,72164.5,71901.5,72125.5
1775819700000,72125.5,72226.5,72100.5,72225.5
1775820600000,72221.5,72276.5,72136.5,72190.5
1775821500000,72189.5,72261.5,72092.5,72128.5
1775822400000,72132.5,72207.5,72064.5,72095.5
1775823300000,72096.5,72324.5,71969.5,72141.5
1775824200000,72171.5,72460.5,72014.5,72314.5
1775825100000,72312.5,72418.5,72195.5,72268.5
1775826000000,72271.5,72283.5,72185.5,72218.5
1775826900000,72219.5,72309.5,72146.5,72309.5
1775827800000,72310.5,72424.5,71904.5,72075.5
1775828700000,72076.5,72397.5,72062.5,72349.5
1775829600000,72351.5,72799.5,72281.5,72742.5
1775830500000,72742.5,73104.5,72655.5,73009.5
1775831400000,72991.5,73204.5,72777.5,72904.5
1775832300000,72901.5,73010.5,72723.5,72946.5
1775833200000,72948.5,73161.5,72884.5,73060.5
1775834100000,73059.5,73328.5,72791.5,72821.5
1775835000000,72819.5,72887.5,72622.5,72776.5
1775835900000,72775.5,72801.5,72375.5,72491.5
1775836800000,72491.5,72738.5,72404.5,72726.5
1775837700000,72725.5,72842.5,72607.5,72798.5
1775838600000,72799.5,72824.5,72639.5,72747.5
1775839500000,72747.5,73094.5,72733.5,73023.5
1775840400000,73024.5,73038.5,72830.5,72890.5
1775841300000,72893.5,73070.5,72843.5,73006.5
1775842200000,73001.5,73002.5,72824.5,72961.5
1775843100000,72958.5,73180.5,72955.5,73162.5
1775844000000,73164.5,73179.5,72917.5,73122.5
1775844900000,73121.5,73195.5,72918.5,73026.5
1775845800000,73027.5,73062.5,72962.5,72989.5
1775846700000,72988.5,73157.5,72973.5,73140.5
1775847600000,73142.5,73294.5,73108.5,73212.5
1775848500000,73215.5,73224.5,73018.5,73039.5
1775849400000,73037.5,73066.5,72936.5,72996.5
1775850300000,72997.5,73310.5,72941.5,73282.5
1775851200000,73277.5,73327.5,73171.5,73289.5
1775852100000,73283.5,73320.5,73152.5,73290.5
1775853000000,73290.5,73466.5,73073.5,73279.5
1775853900000,73282.5,73461.5,73183.5,73378
1776027600000,71350.1,71460.7,71158.5,71229.5
1776028500000,71235.5,71353.5,71235.5,71334.5
1776029400000,71331.5,71374.5,71243.5,71337.5
1776030300000,71337.5,71370.5,71225.5,71370.5
1776031200000,71337.5,71343.5,70687.5,70955.5
1776032100000,70962.5,70978.5,70577.5,70680.5
1776033000000,70666.5,70946.5,70493.5,70812.5
1776033900000,70823.5,70945.5,70778.5,70915.5
1776034800000,70918.5,70918.5,70624.5,70648.5
1776035700000,70639.5,70764.5,70591.5,70719.5
1776036600000,70718.5,70740.5,70553.5,70736.5
1776037500000,70737.5,70804.5,70587.5,70748.5
1776038400000,70701.5,70926.5,70602.5,70920.5
1776039300000,70917.5,71097.5,70820.5,70987.5
1776040200000,70971.5,71144.5,70943.5,71066.5
1776041100000,71076.5,71278.5,71028.5,71190.5
1776042000000,71192.5,71252.5,71110.5,71128.5
1776042900000,71154.5,71186.5,71063.5,71114.5
1776043800000,71113.5,71222.5,71018.5,71161.5
1776044700000,71160.5,71238.5,71124.5,71212.5
1776045600000,71229.5,71286.5,70990.5,71020.5
1776046500000,71018.5,71281.5,71015.5,71214.5
1776047400000,71256.5,71280.5,71049.5,71049.5
1776048300000,71043.5,71100.5,70996.5,71077.5
1776049200000,71083.5,71138.5,70998.5,71069.5
1776050100000,71071.5,71179.5,71006.5,71042.5
1776051000000,71042.5,71071.5,70907.5,70993.5
1776051900000,70991.5,71017.5,70939.5,70988.5
1776052800000,70988.5,71019.5,70905.5,70966.5
1776053700000,70967.5,71057.5,70925.5,71044.5
1776054600000,71045.5,71165.5,71027.5,71032.5
1776055500000,71032.5,71034.5,70856.5,70906.5
1776056400000,70905.5,70942.5,70790.5,70837.5
1776057300000,70837.5,70885.5,70756.5,70879.5
1776058200000,70871.5,70872.5,70648.5,70764.5
1776059100000,70765.5,70904.5,70765.5,70876.5
1776060000000,70898.5,71027.5,70892.5,71019.5
1776060900000,71012.5,71097.5,70989.5,71042.5
1776061800000,71024.5,71067.5,71011.5,71063.5
1776062700000,71063.5,71101.5,71017.5,71042.5
1776063600000,71044.5,71089.5,70900.5,70913.5
1776064500000,70890.5,70924.5,70675.5,70729.5
1776065400000,70728.5,70813.5,70690.5,70785.5
1776066300000,70791.5,70853.5,70768.5,70835.5
1776067200000,70836.5,70890.5,70709.5,70744.5
1776068100000,70747.5,70839.5,70675.5,70774.5
1776069000000,70776.5,70780.5,70565.5,70605.5
1776069900000,70610.5,70709.5,70538.5,70699.5
1776070800000,70709.5,70927.5,70690.5,70730.5
1776071700000,70731.5,70831.5,70651.5,70799.5
1776072600000,70799.5,70836.5,70769.5,70801.5
1776073500000,70795.5,70822.5,70760.5,70802.5
1776074400000,70803.5,70862.5,70765.5,70829.5
1776075300000,70830.5,70833.5,70714.5,70772.5
1776076200000,70773.5,70854.5,70693.5,70776.5
1776077100000,70774.5,70815.5,70691.5,70767.5
1776078000000,70764.5,70887.5,70742.5,70879.5
1776078900000,70880.5,70918.5,70851.5,70877.5
1776079800000,70877.5,70966.5,70810.5,70952.5
1776080700000,70949.5,71000.5,70918.5,70934.5
1776081600000,70936.5,71056.5,70816.5,70969.5
1776082500000,70969.5,70990.5,70834.5,70862.5
1776083400000,70864.5,70921.5,70747.5,70843.5
1776084300000,70844.5,71237.5,70843.5,71084.5
1776085200000,71086.5,71222.5,71079.5,71217.5
1776086100000,71211.5,71287.5,71088.5,71192.5
1776087000000,71193.5,71231.5,70801.5,71048.5
1776087900000,71043.5,71705.5,70955.5,71683.5
1776088800000,71680.5,71787.5,71491.5,71657.5
1776089700000,71658.5,71771.5,71416.5,71677.5
1776090600000,71679.5,72041.5,71642.5,72022.5
1776091500000,72016.5,72449.5,71879.5,72442.5
1776092400000,72441.5,72526.5,71950.5,71994.5
1776093300000,71994.5,72065.5,71889.5,71996.5
1776094200000,71995.5,72076.5,71671.5,71888.5
1776095100000,71882.5,71978.5,71774.5,71913.5
1776096000000,71911.5,72092.5,71687.5,72070.5
1776096900000,72072.5,72314.5,71951.5,72284.5
1776097800000,72284.5,72422.5,72177.5,72350.5
1776098700000,72350.5,72485.5,72106.5,72245.5
1776099600000,72250.5,72472.5,72155.5,72343.5
1776100500000,72339.5,72482.5,72303.5,72482.5
1776101400000,72483.5,72640.5,72421.5,72486.5
1776102300000,72484.5,72545.5,72102.5,72193.5
1776103200000,72193.5,72263.5,72114.5,72235.5
1776104100000,72234.5,72327.5,72097.5,72222.5
1776105000000,72216.5,72478.5,72214.5,72383.5
1776105900000,72382.5,72519.5,72330.5,72471.5
1776106800000,72470.5,72486.5,72335.5,72360.5
1776107700000,72361.5,72951.5,72361.5,72897.5
1776108600000,72896.5,73211.5,72864.5,73047.5
1776109500000,73047.5,73521.5,73046.5,73362.5
1776110400000,73362.5,73441.5,73095.5,73114.5
1776111300000,73120.5,73208.5,73044.5,73153.5
1776112200000,73154.5,73335.5,73101.5,73279.5
1776113100000,73279.5,73311.5,73120.5,73197.3
1776114000000,73179.1,73356.5,73032.5,73275.5
1776114900000,73275.5,73334.5,73129.5,73175.5
1776115800000,73175.5,73407.5,73132.5,73302.5
1776116700000,73302.5,73325.5,73203.5,73213.5
1776117600000,73210.5,73929.5,73199.5,73781.5
1776118500000,73783.5,74452.5,73777.5,74172.5
1776119400000,74171.5,74388.5,74075.5,74289.5
1776120300000,74288.5,74757.5,74176.5,74662.5
1776121200000,74662.5,74921.5,74464.5,74690.5
1776122100000,74691.5,74838.5,74553.5,74768.5
1776123000000,74763.5,74928.5,74552.5,74601.5
1776123900000,74602.5,74637.5,74428.5,74453.5
1776124800000,74452.5,74559.5,74268.5,74366.5
1776125700000,74368.5,74500.5,74242.5,74299.5
1776126600000,74302.5,74485.5,74165.5,74456.5
1776127500000,74460.5,74460.5,74100.5,74198.5
1776128400000,74199.5,74346.5,73995.5,74339.5
1776129300000,74336.5,74428.5,74254.5,74331.5
1776130200000,74328.5,74366.5,74243.5,74362.5
1776131100000,74361.5,74480.5,74353.5,74424.5
1776132000000,74423.5,74529.5,74395.5,74517.5
1776132900000,74524.5,74601.5,74417.5,74426.5
1776133800000,74425.5,74503.5,74302.5,74465.5
1776134700000,74464.5,74474.5,74339.5,74370.5
1776135600000,74376.5,74459.5,74313.5,74385.5
1776136500000,74386.5,74408.5,74276.5,74327.5
1776137400000,74327.5,74527.5,74309.5,74503.5
1776138300000,74503.5,74522.5,74421.5,74487.5
1776139200000,74488.5,74537.5,74409.5,74501.5
1776140100000,74500.5,74542.5,74426.5,74534.5
1776141000000,74527.5,74547.5,74392.5,74424.5
1776141900000,74424.5,74477.5,74374.5,74427.5
1776142800000,74424.5,74427.5,74320.5,74375.5
1776143700000,74374.5,74479.5,74332.5,74375.5
1776144600000,74373.5,74403.5,74274.5,74335.5
1776145500000,74331.5,74337.5,74167.5,74258.5
1776146400000,74260.5,74398.5,74258.5,74366.5
1776147300000,74365.5,74486.5,74344.5,74424.5
1776148200000,74423.5,74498.5,74388.5,74432.5
1776149100000,74429.5,74598.5,74414.5,74565.5
1776150000000,74566.5,74969.5,74470.5,74815.5
1776150900000,74815.5,74839.5,74629.5,74716.5
1776151800000,74715.5,74727.5,74501.5,74543.5
1776152700000,74543.5,74606.5,74493.5,74589.5
1776153600000,74589.5,74653.5,74493.5,74592.5
1776154500000,74593.5,74682.5,74536.5,74682.5
1776155400000,74681.5,74955.5,74668.5,74692.5
1776156300000,74691.5,74892.5,74648.5,74798.5
1776157200000,74799.5,74846.5,74690.5,74840.5
1776158100000,74843.5,74872.5,74661.5,74717.5
1776159000000,74716.5,74731.5,74518.5,74544.5
1776159900000,74543.5,74580.5,74437.5,74543.5
1776160800000,74542.5,74598.5,74476.5,74588.5
1776161700000,74587.5,74629.5,74531.5,74594.5
1776162600000,74595.5,74651.5,74391.5,74395.5
1776163500000,74395.5,74479.5,74348.5,74382.5
1776164400000,74384.5,74480.5,74309.5,74430.5
1776165300000,74429.5,74486.5,74380.5,74390.5
1776166200000,74382.5,74438.5,74346.5,74354.5
1776167100000,74353.5,74489.5,74294.5,74408.5
1776168000000,74406.5,74466.5,74298.5,74320.5
1776168900000,74321.5,74439.5,74276.5,74305.5
1776169800000,74294.5,74431.5,74279.5,74327.5
1776170700000,74325.5,74496.5,74322.5,74480.5
1776171600000,74483.5,74633.5,74423.5,74600.5
1776172500000,74601.5,74770.5,74527.5,74532.5
1776173400000,74527.5,75296.5,74527.5,75231.5
1776174300000,75231.5,75644.5,75101.5,75573.5
1776175200000,75573.5,75687.5,75383.5,75628.5
1776176100000,75627.5,75923.5,75558.5,75914.5
1776177000000,75919.5,76114.5,75217.5,75444.5
1776177900000,75444.5,75475.5,75037.5,75064.5
1776178800000,75060.5,75186.5,74570.5,74808.5
1776179700000,74803.5,74993.5,74696.5,74859.5
1776180600000,74861.5,75368.5,74838.5,75346.5
1776181500000,75337.5,75498.5,75206.5,75377.5
1776182400000,75375.5,75738.5,75357.5,75544.5
1776183300000,75544.5,75557.5,75218.5,75301.5
1776184200000,75301.5,75347.5,75151.5,75262.5
1776185100000,75262.5,75288.5,74559.5,74702.5
1776186000000,74696.5,74876.5,74635.5,74858.5
1776186900000,74856.5,75010.5,74685.5,74687.5
1776187800000,74686.5,74743.5,74297.5,74606.5
1776188700000,74606.5,74821.5,74594.5,74802.5
1776189600000,74803.5,74868.5,74658.5,74730.5
1776190500000,74732.5,74803.5,74496.5,74573.5
1776191400000,74570.5,74628.5,74161.5,74339.5
1776192300000,74339.5,74401.5,73888.5,74150.5
1776193200000,74150.5,74451.5,74111.5,74318.5
1776194100000,74314.5,74420.5,73916.5,74213.5
1776195000000,74213.5,74330.5,74059.5,74180.5
1776195900000,74177.5,74319.5,74140.5,74285.5
1776196800000,74283.5,74500.5,74280.5,74474.5
1776197700000,74471.5,74491.5,74163.5,74241.5
1776198600000,74240.5,74337.5,74182.5,74297.5
1776199500000,74298.5,74352.5,74055.5,74057.9
1776200400000,74137,74324.5,74135.1,74241.5
1776201300000,74238.5,74248.5,74078.5,74166.5
1776202200000,74164.5,74195.5,73965.5,74059.5
1776203100000,74057.5,74355.5,74022.5,74312.5
1776204000000,74312.5,74421.5,74167.5,74349.5
1776204900000,74350.5,74351.5,73941.5,73959.5
1776205800000,73958.5,74145.5,73830.5,74012.5
1776206700000,74015.5,74170.5,73996.5,74069.5
1776207600000,74072.5,74202.5,74041.5,74146.5
1776208500000,74146.5,74273.5,74087.5,74156.5
1776209400000,74155.5,74256.5,74064.5,74174.5
1776210300000,74184.5,74284.5,74057.5,74183.5
1776211200000,74184.5,74725.5,74142.5,74588.5
1776212100000,74582.5,74686.5,74393.5,74626.5
1776213000000,74627.5,74652.5,74457.5,74587.5
1776213900000,74585.5,74634.5,74454.5,74601.5
1776214800000,74605.5,74796.5,74528.5,74793.5
1776215700000,74792.5,74813.5,74610.5,74719.5
1776216600000,74717.5,74752.5,74535.5,74673.5
1776217500000,74673.5,74795.5,74606.5,74638.5
1776218400000,74632.5,74738.5,74557.5,74585.5
1776219300000,74584.5,74634.5,74329.5,74388.5
1776220200000,74391.5,74391.5,74188.5,74317.5
1776221100000,74317.5,74395.5,74205.5,74363.5
1776222000000,74363.5,74376.5,74231.5,74266.5
1776222900000,74266.5,74408.5,74189.5,74332.5
1776223800000,74332.5,74380.5,74235.5,74274.5
1776224700000,74276.5,74413.5,74251.5,74381.5
1776225600000,74382.5,74482.5,74372.5,74383.5
1776226500000,74382.5,74447.5,74326.5,74354.5
1776227400000,74351.5,74434.5,74284.5,74374.5
1776228300000,74375.5,74392.5,74253.5,74362.5
1776229200000,74375.5,74470.5,74192.5,74240.5
1776230100000,74242.5,74274.5,74012.5,74051.5
1776231000000,74053.5,74073.5,73854.5,73988.5
1776231900000,73988.5,74083.5,73898.5,74056.5
1776232800000,74056.5,74095.5,73895.5,73986.5
1776233700000,73987.5,74068.5,73941.5,73961.5
1776234600000,73962.5,74046.5,73917.5,74041.5
1776235500000,74045.5,74062.5,73886.5,73933.5
1776236400000,73934.5,74053.5,73818.5,73948.5
1776237300000,73948.5,73949.5,73587.5,73750.5
1776238200000,73751.5,73755.5,73590.5,73630.5
1776239100000,73628.5,73819.5,73507.5,73776.5
1776240000000,73777.5,73893.5,73688.5,73877.5
1776240900000,73877.5,74031.5,73861.5,74030.5
1776241800000,74029.5,74201.5,73994.5,74130.5
1776242700000,74130.5,74226.5,74053.5,74147.5
1776243600000,74146.5,74219.5,73981.5,74062.5
1776244500000,74064.5,74119.5,73918.5,73982.5
1776245400000,73981.5,74041.5,73882.5,73995.5
1776246300000,73994.5,74052.5,73936.5,74031.5
1776247200000,74035.5,74206.5,74001.5,74142.5
1776248100000,74143.5,74149.5,73850.5,73927.5
1776249000000,73928.5,74081.5,73792.5,74081.5
1776249900000,74082.5,74270.5,73839.5,73884.5
1776250800000,73890.5,74106.5,73870.5,74047.5
1776251700000,74047.5,74050.5,73903.5,73982.5
1776252600000,73982.5,74091.5,73959.5,74071.5
1776253500000,74071.5,74284.5,74039.5,74230.5
1776254400000,74226.5,74270.5,74068.5,74230.5
1776255300000,74232.5,74292.5,74116.5,74209.5
1776256200000,74208.5,74480.5,74187.5,74365.5
1776257100000,74366.5,74391.5,74297.5,74297.5
1776258000000,74298.5,74386.5,74166.5,74339.5
1776258900000,74334.5,74465.5,74244.5,74422.5
1776259800000,74421.5,74444.5,73826.5,73900.5
1776260700000,73894.5,74142.5,73823.5,74068.5
1776261600000,74070.5,74156.1,73823.5,74151.6
1776262500000,74165.6,74534.5,74096.5,74456.5
1776263400000,74461.5,74499.5,73906.5,73986.5
1776264300000,73983.5,74284.5,73961.5,74166.5
1776265200000,74167.5,74312.5,73975.5,74282.5
1776266100000,74294.5,74315.5,73991.5,74046.5
1776267000000,74051.5,74051.5,73593.5,73873.5
1776267900000,73875.5,74020.5,73730.5,73857.5
1776268800000,73856.5,74044.5,73739.5,74039.5
1776269700000,74038.5,74203.5,73980.5,74112.5
1776270600000,74113.5,74181.5,73872.5,73917.5
1776271500000,73916.5,74048.5,73815.5,73953.5
1776272400000,73957.5,74125.5,73921.5,74045.5
1776273300000,74042.5,74263.5,73960.5,74143.5
1776274200000,74139.5,74220.5,73909.5,73995.5
1776275100000,73995.5,74184.5,73915.5,74149.5
1776276000000,74150.5,74330.5,74085.5,74306.5
1776276900000,74309.5,74388.5,74158.5,74221.5
1776277800000,74220.5,74352.5,74192.5,74334.5
1776278700000,74336.5,74429.5,74291.5,74409.5
1776279600000,74412.5,74737.5,74360.5,74665.5
1776280500000,74666.5,74754.5,74564.5,74748.5
1776281400000,74744.5,75310.5,74744.5,75097.5
1776282300000,75098.5,75170.5,74932.5,75028.5
1776283200000,75020.5,75075.5,74611.5,74696.5
1776284100000,74697.5,74807.5,74508.5,74796.5
1776285000000,74798.5,74952.5,74656.5,74770.5
1776285900000,74774.5,74906.5,74749.5,74852.6
1776286800000,74856.6,74873.4,74660.5,74749.5
1776287700000,74750.5,74750.5,74595.5,74660.5
1776288600000,74664.5,74842.5,74559.5,74744.5
1776289500000,74746.5,74851.5,74695.5,74765.5
1776290400000,74765.5,75171.5,74757.5,75066.5
1776291300000,75065.5,75081.5,74915.5,75014.5
1776292200000,75011.5,75446.5,74933.5,75068.5
1776293100000,75068.5,75227.5,74913.5,74989.5
1776294000000,74994.5,74994.5,74671.5,74775.5
1776294900000,74773.5,74789.5,74646.5,74759.5
1776295800000,74760.5,74802.5,74620.5,74679.5
1776296700000,74680.5,74883.5,74667.5,74835.5
1776297600000,74835.5,74858.5,74587.5,74620.5
1776298500000,74620.5,74679.5,74438.5,74622.5
1776299400000,74623.5,74902.5,74623.5,74787.5
1776300300000,74789.5,74876.5,74698.5,74836.5
1776301200000,74835.5,74835.5,74465.5,74590.5
1776302100000,74591.5,74710.5,74530.5,74630.5
1776303000000,74630.5,74729.5,74594.5,74706.5
1776303900000,74707.5,74736.5,74575.5,74675.5
1776304800000,74673.5,74780.5,74614.5,74696.5
1776305700000,74695.5,74933.5,74617.5,74917.5
1776306600000,74921.5,75250.5,74920.5,75225.5
1776307500000,75223.5,75296.5,74818.5,74907.5
1776308400000,74903.5,75144.5,74888.5,74969.5
1776309300000,74973.5,75186.5,74968.5,75054.5
1776310200000,75053.5,75070.5,74954.5,74992.5
1776311100000,74995.5,75008.5,74830.5,74909.5
1776312000000,74901.5,75033.5,74844.5,74957.5
1776312900000,74958.5,75000.5,74892.5,74945.5
1776313800000,74944.5,75193.5,74882.5,75120.5
1776314700000,75118.5,75120.5,74707.5,74961.5
1776315600000,74960.5,75036.5,74917.5,74939.5
1776316500000,74940.5,75143.5,74906.5,75090.5
1776317400000,75089.5,75166.5,74998.5,75075.5
1776318300000,75076.5,75093.5,75026.5,75073.5
1776319200000,75073.5,75139.5,75018.5,75025.5
1776320100000,75026.5,75104.5,74982.5,75030.5
1776321000000,75029.5,75053.5,74825.5,74961.5
1776321900000,74963.5,75060.5,74926.5,75052.5
1776322800000,75050.5,75102.5,74901.5,74930.5
1776323700000,74931.5,74961.5,74859.5,74922.5
1776324600000,74917.5,74926.5,74795.5,74882.5
1776325500000,74881.5,74883.5,74630.5,74718.5
1776326400000,74717.5,74766.5,74520.5,74549.5
1776327300000,74548.5,74760.5,74530.5,74701.5
1776328200000,74701.5,74754.5,74540.5,74687.5
1776329100000,74688.5,74761.5,74652.5,74684.5
1776330000000,74685.5,74765.5,74629.5,74758.5
1776330900000,74789.5,74912.5,74789.5,74842.5
1776331800000,74841.5,74849.5,74697.5,74714.5
1776332700000,74713.5,74737.5,74578.5,74613.5
1776333600000,74613.5,74670.5,74385.5,74441.5
1776334500000,74440.5,74538.5,74315.5,74473.5
1776335400000,74472.5,74528.5,74388.5,74410.5
1776336300000,74408.5,74424.5,74281.5,74327.5
1776337200000,74328.5,74391.5,74293.5,74331.5
1776338100000,74332.5,74404.5,74295.5,74395.5
1776339000000,74396.5,74499.5,74351.5,74471.5
1776339900000,74470.5,74602.5,74431.5,74588.5
1776340800000,74589.5,74876.5,74585.5,74764.5
1776341700000,74766.5,74825.5,74648.5,74729.5
1776342600000,74730.5,74763.5,74611.5,74673.5
1776343500000,74674.5,74678.5,74567.5,74631.5
1776344400000,74631.5,74857.5,74592.5,74834.5
1776345300000,74835.5,75028.5,74793.5,74984.5
1776346200000,74983.5,75026.5,74462.5,74613.5
1776347100000,74616.5,74616.5,73282.5,73786.5
1776348000000,73751.5,73966.5,73574.5,73825.5
1776348900000,73826.5,73898.5,73391.5,73774.5
1776349800000,73767.5,74058.5,73751.5,73976.5
1776350700000,73977.5,74192.5,73830.5,73975.5
1776351600000,73957.5,74454.5,73912.5,74308.5
1776352500000,74308.5,74430.5,74142.5,74174.5
1776353400000,74189.5,74880.5,74143.5,74563.5
1776354300000,74555.5,74803.5,74446.5,74712.5
1776355200000,74711.5,74954.5,74623.5,74676.5
1776356100000,74678.5,74887.5,74564.5,74576.5
1776357000000,74577.5,74648.5,74178.5,74334.5
1776357900000,74332.5,74427.5,74055.5,74181.5
1776358800000,74182.5,74213.5,73960.5,73968.5
1776359700000,73971.5,74284.5,73893.5,74220.5
1776360600000,74215.5,74428.5,74083.5,74392.5
1776361500000,74391.5,74457.5,74192.5,74346.5
1776362400000,74348.5,74539.5,74232.5,74425.5
1776363300000,74422.5,74505.5,74263.5,74409.5
1776364200000,74410.5,74603.5,74366.5,74584.5
1776365100000,74586.5,75107.5,74586.5,75047.5
1776366000000,75050.5,75112.5,74722.5,74836.5
1776366900000,74838.5,75088.5,74798.5,75027.5
1776367800000,75039.5,75330.5,74966.5,75243.5
1776368700000,75245.5,75426.5,75216.5,75362.5
1776369600000,75362.5,75533.5,75241.5,75431.5
1776370500000,75430.5,75448.5,75082.5,75204.5
1776371400000,75202.5,75204.5,74993.5,75086.5
1776372300000,75085.5,75259.5,75046.5,75238.7
1776373200000,75231.2,75293.5,75004.5,75148.5
1776374100000,75149.5,75177.5,74766.5,74922.5
1776375000000,74927.5,75007.5,74819.5,74942.5
1776375900000,74942.5,75020.5,74904.5,74946.5
1776376800000,74952.5,75128.5,74952.5,74989.5
1776377700000,74989.5,75002.5,74826.5,74934.5
1776378600000,74933.5,75002.5,74891.5,74936.5
1776379500000,74938.5,74987.5,74842.5,74877.5
1776380400000,74877.5,75042.5,74842.5,74996.5
1776381300000,74996.5,75140.5,74896.5,75035.5
1776382200000,75041.5,75191.5,75009.5,75147.5
1776383100000,75146.5,75192.5,75016.5,75164.5
1776384000000,75164.5,75177.5,74937.5,74984.5
1776384900000,74983.5,75017.5,74885.5,75012.5
1776385800000,75011.5,75128.5,74953.5,74973.5
1776386700000,74975.5,75011.5,74896.5,74951.5
1776387600000,74950.5,75055.5,74882.5,74908.5
1776388500000,74909.5,74953.5,74614.5,74766.5
1776389400000,74768.5,74835.5,74650.5,74732.5
1776390300000,74731.5,74854.5,74565.5,74764.5
1776391200000,74764.5,74823.5,74649.5,74724.5
1776392100000,74725.5,74744.5,74590.5,74617.5
1776393000000,74612.5,74768.5,74511.5,74683.5
1776393900000,74688.5,74732.5,74631.5,74719.5
1776394800000,74720.5,74727.5,74588.5,74705.5
1776395700000,74707.5,74770.5,74675.5,74750.5
1776396600000,74750.5,74858.5,74678.5,74791.5
1776397500000,74790.5,74828.5,74597.5,74627.5
1776398400000,74628.5,74707.5,74597.5,74686.5
1776399300000,74689.5,74813.5,74684.5,74767.5
1776400200000,74768.5,74869.5,74733.5,74829.5
1776401100000,74827.5,74852.5,74760.5,74803.5
1776402000000,74804.5,74830.5,74553.5,74640.5
1776402900000,74643.5,74780.5,74560.5,74691.5
1776403800000,74690.5,74712.5,74624.5,74670.5
1776404700000,74666.5,74745.5,74597.5,74656.5
1776405600000,74653.5,74797.5,74607.5,74773.5
1776406500000,74772.5,74833.5,74718.5,74826.5
1776407400000,74825.5,74883.5,74766.5,74866.5
1776408300000,74867.5,74961.5,74831.5,74957.5
1776409200000,74960.5,75116.5,74945.5,75054.5
1776410100000,75053.5,75053.5,74944.5,74998.5
1776411000000,74999.5,75032.5,74932.5,75021.5
1776411900000,75020.5,75095.5,74923.5,75095.5
1776412800000,75097.5,75185.5,75021.5,75074.5
1776413700000,75077.5,75174.5,74987.5,75121.5
1776414600000,75122.5,75427.5,75100.5,75358.5
1776415500000,75357.5,75878.5,75280.5,75794.5
1776416400000,75792.5,75924.5,75620.5,75911.5
1776417300000,75913.5,76378.5,75714.5,76256.5
1776418200000,76299.5,76340.5,75473.5,75763.5
1776419100000,75745.5,75916.5,75661.5,75793.5
1776420000000,75793.5,75902.5,75595.5,75638.5
1776420900000,75638.5,75748.5,75220.5,75221.5
1776421800000,75222.5,75378.5,75085.5,75207.5
1776422700000,75211.5,75331.5,75107.5,75297.5
1776423600000,75297.5,75437.5,75226.5,75336.5
1776424500000,75335.5,75505.5,75326.5,75485.5
1776425400000,75489.5,75596.5,75393.5,75412.5
1776426300000,75411.5,75626.5,75361.5,75608.5
1776427200000,75611.5,75740.5,75527.5,75707.5
1776428100000,75705.5,76005.5,75593.5,75802.5
1776429000000,75803.5,75930.5,75656.5,75777.5
1776429900000,75778.5,76305.5,75698.5,76261.5
1776430800000,76267.5,76949.5,76036.5,76921.5
1776431700000,76944.5,77027.5,76451.5,76629.5
1776432600000,76626.5,76963.5,76125.5,76918.5
1776433500000,76918.5,77461.5,76642.5,77381.5
1776434400000,77385.5,77590.5,77008.5,77126.5
1776435300000,77128.5,77798.5,77111.5,77511.5
1776436200000,77512.5,78113.5,77510.5,78037.5
1776437100000,78027.5,78120.5,77766.5,77948.5
1776438000000,77950.5,78026.5,77604.5,77890.5
1776438900000,77890.5,78044.5,77727.5,77803.5
1776439800000,77801.5,77910.5,77488.5,77569.5
1776440700000,77569.5,77940.5,77490.5,77832.5
1776441600000,77831.5,78101.5,77761.5,77916.5
1776442500000,77921.5,78383.5,77842.5,78218.5
1776443400000,78218.5,78340.5,78027.5,78140.5
1776444300000,78140.5,78151.5,77838.5,77912.5
1776445200000,77912.5,77969.5,77393.5,77549.5
1776446100000,77550.5,77648.5,77135.5,77293.5
1776447000000,77290.5,77592.5,77290.5,77500.5
1776447900000,77509.5,77710.5,77467.5,77566.5
1776448800000,77567.5,77620.5,77077.5,77194.5
1776449700000,77192.5,77414.5,77081.5,77248.5
1776450600000,77247.5,77439.5,77170.5,77417.5
1776451500000,77417.5,77424.5,77098.5,77197.5
1776452400000,77199.5,77310.5,77001.5,77269.5
1776453300000,77272.5,77433.5,77248.5,77313.5
1776454200000,77312.5,77445.5,77209.5,77386.5
1776455100000,77386.5,77520.5,77262.5,77454.5
1776456000000,77454.5,77669.5,77399.5,77574.5
1776456900000,77574.5,77582.5,77378.5,77414.5
1776457800000,77413.5,77443.5,77181.5,77294.5
1776458700000,77289.5,77410.5,77246.5,77358.4
1776632400000,74633,74777.5,74568.5,74710.5
1776633300000,74709.5,74791.5,74583.5,74765.5
1776634200000,74764.5,74838.5,74707.5,74762.5
1776635100000,74762.5,74817.5,74346.5,74446.5
1776636000000,74439.5,74439.5,73804.5,74041.5
1776636900000,74041.5,74100.5,73742.5,73962.5
1776637800000,73961.5,74206.5,73924.5,74158.5
1776638700000,74162.5,74222.5,74015.5,74066.5
1776639600000,74063.5,74078.5,73831.5,74047.5
1776640500000,74049.5,74049.5,73791.5,73909.5
1776641400000,73908.5,73987.5,73810.5,73925.5
1776642300000,73924.5,74008.5,73803.5,73828.5
1776643200000,73809.5,74204.5,73702.5,74065.5
1776644100000,74065.5,74313.5,74062.5,74256.5
1776645000000,74255.5,74303.5,74147.5,74199.5
1776645900000,74202.5,74381.5,74183.5,74294.5
1776646800000,74299.5,74393.5,74215.5,74391.5
1776647700000,74391.5,74394.5,74232.5,74313.5
1776648600000,74315.5,74736.5,74311.5,74702.5
1776649500000,74704.5,74764.5,74562.5,74616.5
1776650400000,74618.5,74656.5,74345.5,74420.5
1776651300000,74420.5,74503.5,74317.5,74478.5
1776652200000,74479.5,74549.5,74401.5,74546.5
1776653100000,74547.5,74547.5,74424.5,74431.5
1776654000000,74432.5,74517.5,74367.5,74517.5
1776654900000,74516.5,74609.5,74423.5,74538.5
1776655800000,74537.5,74608.5,74470.5,74600.5
1776656700000,74600.5,74668.5,74559.5,74660.5
1776657600000,74661.5,74669.5,74519.5,74537.5
1776658500000,74538.5,74555.5,74460.5,74535.5
1776659400000,74533.5,74546.5,74454.5,74496.5
1776660300000,74495.5,74642.5,74495.5,74586.5
1776661200000,74586.5,74586.5,74283.5,74386.5
1776662100000,74360.5,74369.5,74146.5,74168.5
1776663000000,74166.5,74256.5,74129.5,74153.5
1776663900000,74154.5,74335.5,74119.5,74295.5
1776664800000,74296.5,74462.5,74285.5,74323.5
1776665700000,74323.5,74431.5,74265.5,74367.5
1776666600000,74370.5,74919.5,74370.5,74807.5
1776667500000,74805.5,74858.5,74671.5,74827.5
1776668400000,74824.5,74894.5,74718.5,74825.5
1776669300000,74826.5,75591.5,74743.5,75238.5
1776670200000,75240.5,75273.5,74837.5,74957.5
1776671100000,74958.5,75036.5,74682.5,74855.5
1776672000000,74856.5,74898.5,74655.5,74855.5
1776672900000,74851.5,75027.5,74716.5,74842.5
1776673800000,74843.5,74963.5,74723.5,74846.5
1776674700000,74846.5,74884.5,74635.5,74754.5
1776675600000,74752.5,75102.5,74699.5,75050.5
1776676500000,75056.5,75168.5,75007.5,75053.5
1776677400000,75051.5,75225.5,74968.5,75177.5
1776678300000,75178.5,75259.5,75022.5,75089.5
1776679200000,75089.5,75380.5,75089.5,75370.5
1776680100000,75369.5,75434.5,75288.5,75336.5
1776681000000,75336.5,75336.5,75149.5,75198.5
1776681900000,75197.5,75225.5,75021.5,75055.5
1776682800000,75056.5,75208.5,74945.5,75193.5
1776683700000,75195.5,75290.5,75076.5,75187.5
1776684600000,75191.5,75316.5,75098.5,75237.5
1776685500000,75240.5,75308.5,75154.5,75202.5
1776686400000,75206.5,75420.5,75086.5,75371.5
1776687300000,75370.5,75672.5,75308.5,75436.5
1776688200000,75438.5,75484.5,75070.5,75227.5
1776689100000,75237.5,75410.5,75216.5,75316.5
1776690000000,75309.5,75378.5,75135.5,75254.5
1776690900000,75253.5,75300.5,75007.5,75216.5
1776691800000,75206.5,75464.5,74870.5,75254.5
1776692700000,75248.5,75360.5,74987.5,75299.5
1776693600000,75290.5,75345.5,75043.5,75102.5
1776694500000,75103.5,75772.5,75060.5,75594.5
1776695400000,75613.5,75713.5,75197.5,75364.5
1776696300000,75364.5,75470.5,74921.5,75063.5
1776697200000,75066.5,75114.5,74706.5,75088.5
1776698100000,75089.5,75798.5,75039.5,75779.5
1776699000000,75735.5,75749.5,75522.5,75603.5
1776699900000,75614.5,75753.5,75531.5,75734.5
1776700800000,75735.5,75746.5,75417.5,75439.5
1776701700000,75440.5,75541.5,75324.5,75383.5
1776702600000,75384.5,75602.5,75277.5,75509.5
1776703500000,75510.5,75597.5,75307.5,75370.5
1776704400000,75372.5,75723.5,75305.5,75667.5
1776705300000,75668.5,75917.5,75618.5,75744.5
1776706200000,75745.5,75875.5,75588.5,75784.5
1776707100000,75780.5,75998.5,75710.5,75923.5
1776708000000,75922.5,76335.5,75922.5,76311.5
1776708900000,76309.5,76348.5,76087.5,76127.5
1776709800000,76133.5,76288.5,75973.5,76191.5
1776710700000,76192.5,76482.5,76113.5,76450.5
1776711600000,76456.5,76510.5,76277.5,76377.5
1776712500000,76376.5,76377.5,76173.5,76225.5
1776713400000,76220.5,76287.5,76153.5,76275.5
1776714300000,76274.5,76353.5,76209.5,76323.5
1776715200000,76321.5,76393.5,76098.5,76360.5
1776716100000,76359.5,76590.5,76296.5,76351.5
1776717000000,76350.5,76353.5,76204.5,76273.5
1776717900000,76272.5,76342.5,76233.5,76312.4
1776718800000,76302.5,76391,75897.5,76031.5
1776719700000,76027.5,76080.5,75828.5,75953.5
1776720600000,75954.5,75984.5,75742.5,75911.5
1776721500000,75910.5,76001.5,75871.5,75977.5
1776722400000,75976.5,76175.5,75973.5,76099.5
1776723300000,76100.5,76152.5,75918.5,75948.5
1776724200000,75948.5,76109.5,75895.5,76015.5
1776725100000,76014.5,76025.5,75940.5,76000.5
1776726000000,75996.5,75996.5,75723.5,75775.5
1776726900000,75774.5,75790.5,75635.5,75684.5
1776727800000,75684.5,75838.5,75646.5,75798.5
1776728700000,75794.5,75904.5,75756.5,75844.5
1776729600000,75842.5,75950.5,75693.5,75888.5
1776730500000,75885.5,75950.5,75816.5,75918.5
1776731400000,75922.5,76008.5,75852.5,75852.5
1776732300000,75883.5,76118.5,75882.5,76112.5
1776733200000,76106.5,76270.5,76034.5,76144.5
1776734100000,76118.5,76166.5,75993.5,76146.5
1776735000000,76145.5,76250.5,75997.5,76093.5
1776735900000,76092.5,76092.5,75860.5,75944.5
1776736800000,75944.5,75952.5,75708.5,75736.5
1776737700000,75738.5,75815.5,75644.5,75737.5
1776738600000,75737.5,75822.5,75578.5,75624.5
1776739500000,75625.5,75692.5,75580.5,75600.5
1776740400000,75601.5,75657.5,75471.5,75574.5
1776741300000,75573.5,75675.5,75510.5,75644.5
1776742200000,75644.5,75735.5,75503.5,75575.5
1776743100000,75570.5,75743.5,75562.5,75730.5
1776744000000,75731.5,75779.5,75617.5,75630.5
1776744900000,75633.5,75726.5,75576.5,75649.5
1776745800000,75648.5,75747.5,75626.5,75743.5
1776746700000,75739.5,75842.5,75679.5,75829.5
1776747600000,75828.5,75998.5,75806.5,75920.5
1776748500000,75918.5,76003.5,75822.5,75918.5
1776749400000,75917.5,75919.5,75830.5,75865.5
1776750300000,75863.5,75863.5,75790.5,75822.5
1776751200000,75823.5,75840.5,75734.5,75806.5
1776752100000,75808.5,75826.5,75706.5,75781.5
1776753000000,75784.5,76151.5,75769.5,76015.5
1776753900000,76016.5,76069.5,75974.5,75988.5
1776754800000,75991.5,76003.5,75800.5,75971.5
1776755700000,75972.5,76328.5,75944.5,76203.5
1776756600000,76204.5,76321.5,76010.5,76217.5
1776757500000,76215.5,76326.5,76087.5,76108.5
1776758400000,76107.5,76239.5,76041.5,76156.5
1776759300000,76157.5,76404.5,76135.5,76370.5
1776760200000,76371.5,76534.5,76282.5,76481.5
1776761100000,76479.5,76911.5,76456.5,76542.5
1776762000000,76532.5,76596.5,76371.5,76498.5
1776762900000,76501.5,76562.5,76192.5,76272.5
1776763800000,76275.5,76354.5,76169.5,76328.5
1776764700000,76327.5,76408.5,76239.5,76394.5
1776765600000,76392.5,76532.5,76371.5,76456.5
1776766500000,76456.5,76602.5,76378.5,76533.5
1776767400000,76534.5,76625.5,76481.5,76587.5
1776768300000,76586.5,76898.5,76558.5,76758.5
1776769200000,76751.5,76778.5,76356.5,76419.5
1776770100000,76419.5,76750.5,76349.5,76691.5
1776771000000,76692.5,76716.5,76451.5,76488.5
1776771900000,76487.5,76507.5,76417.5,76467.5
1776772800000,76468.5,76517.5,76243.5,76265.5
1776773700000,76264.5,76407.5,76250.5,76389.5
1776774600000,76391.5,76544.5,75698.5,75849.5
1776775500000,75851.5,76074.5,75739.5,76021.5
1776776400000,76020.5,76102.5,75905.5,75995.5
1776777300000,75996.5,76149.5,75975.5,76045.5
1776778200000,76041.5,76208.5,75733.5,76018.5
1776779100000,76015.5,76062.5,75771.5,75912.5
1776780000000,75911.5,75946.5,75683.5,75843.5
1776780900000,75844.5,76306.5,75841.5,76124.5
1776781800000,76121.5,76614.5,76111.5,76473.5
1776782700000,76472.5,76495.5,75592.5,75675.5
1776783600000,75665.5,75858.5,75409.5,75777.5
1776784500000,75776.5,76002.5,75581.5,75698.5
1776785400000,75696.5,75833.5,75495.5,75699.5
1776786300000,75704.5,75852.5,75608.5,75848.5
1776787200000,75843.5,76002.5,75810.5,75967.5
1776788100000,75970.5,76002.5,75836.5,75870.5
1776789000000,75869.5,76203.5,75817.5,75901.5
1776789900000,75897.5,76066.5,75715.5,75779.5
1776790800000,75777.5,75832.5,75420.5,75540.5
1776791700000,75541.5,75554.5,75033.5,75334.5
1776792600000,75326.5,75890.5,75259.5,75767.5
1776793500000,75767.5,75836.5,75485.5,75558.5
1776794400000,75559.5,75651.5,75490.5,75591.5
1776795300000,75595.5,75673.5,75362.5,75474.5
1776796200000,75473.5,75613.5,75448.5,75523.5
1776797100000,75525.5,75646.5,75297.5,75613.5
1776798000000,75613.5,75809.5,75551.5,75613.5
1776798900000,75614.5,75923.5,75529.5,75788.5
1776799800000,75787.5,75806.5,74812.5,74867.5
1776800700000,74873.5,75106.5,74809.5,75021.5
1776801600000,75012.5,75623.5,74979.5,75579.5
1776802500000,75579.5,75805.5,75408.5,75655.5
1776803400000,75649.5,75870.5,75649.5,75677.5
1776804300000,75674.5,75782.5,75580.5,75747.6
1776805200000,75700.1,75782.1,75516.5,75585.5
1776806100000,75584.5,75688.5,75542.5,75589.5
1776807000000,75584.5,75654.5,75451.5,75454.5
1776807900000,75457.5,75606.5,75449.5,75548.5
1776808800000,75554.5,75616.5,75480.5,75555.5
1776809700000,75556.5,75564.5,75295.5,75376.5
1776810600000,75372.5,75568.5,75301.5,75533.5
1776811500000,75529.5,75666.5,75491.5,75653.5
1776812400000,75652.5,75880.5,75614.5,75784.5
1776813300000,75783.5,75890.5,75760.5,75788.5
1776814200000,75788.5,76128.5,75780.5,76083.5
1776815100000,76088.5,76448.5,76079.5,76343.5
1776816000000,76346.5,76529.5,76311.5,76429.5
1776816900000,76427.5,76460.5,76255.5,76288.5
1776817800000,76291.5,76422.5,76223.5,76361.5
1776818700000,76355.5,76394.5,76249.5,76385.5
1776819600000,76379.5,76445.5,76290.5,76403.5
1776820500000,76400.5,76413.5,76144.5,76165.5
1776821400000,76163.5,76295.5,76137.5,76263.5
1776822300000,76260.5,76376.5,76209.5,76314.5
1776823200000,76311.5,76895.5,76222.5,76754.5
1776824100000,76760.5,77274.5,76760.5,77262.5
1776825000000,77243.5,77377.5,77074.5,77267.5
1776825900000,77263.5,77662.5,77152.5,77614.5
1776826800000,77603.5,77746.5,77463.5,77606.5
1776827700000,77599.5,77616.5,77411.5,77538.5
1776828600000,77536.5,77596.5,77403.5,77577.5
1776829500000,77586.5,77634.5,77493.5,77523.5
1776830400000,77518.5,77641.5,77483.5,77491.5
1776831300000,77490.5,77531.5,77362.5,77508.5
1776832200000,77505.5,77723.5,77478.5,77565.5
1776833100000,77569.5,77605.5,77445.5,77522.5
1776834000000,77520.5,77606.5,77446.5,77548.5
1776834900000,77555.5,78452.5,77535.5,78245.5
1776835800000,78237.5,78355.5,77986.5,78116.5
1776836700000,78117.5,78206.5,77940.5,77976.5
1776837600000,77985.5,78024.5,77887.5,77957.5
1776838500000,77963.5,78050.5,77917.5,77973.5
1776839400000,77971.5,78025.5,77897.5,77959.5
1776840300000,77959.5,78023.5,77915.5,78011.5
1776841200000,78009.5,78128.5,77959.5,78103.5
1776842100000,78104.5,78110.5,77786.5,77899.5
1776843000000,77903.5,78081.5,77845.5,78078.5
1776843900000,78071.5,78133.5,77979.5,78020.5
1776844800000,78016.5,78193.5,77980.5,78151.5
1776845700000,78153.5,78221.5,77944.5,77963.5
1776846600000,77963.5,78033.5,77938.5,77946.5
1776847500000,77941.5,78086.5,77940.5,78007.5
1776848400000,78010.5,78107.5,77949.5,78043.5
1776849300000,78042.5,78174.5,77952.5,78160.5
1776850200000,78161.5,78211.5,78055.5,78156.5
1776851100000,78155.5,78162.5,77977.5,78015.5
1776852000000,78013.5,78074.5,77949.5,78041.5
1776852900000,78039.5,78091.5,77973.5,78073.5
1776853800000,78075.5,78200.5,78068.5,78133.5
1776854700000,78136.5,78192.5,78082.5,78172.5
1776855600000,78170.5,78307.5,78094.5,78164.5
1776856500000,78159.5,78343.5,78159.5,78342.5
1776857400000,78344.5,78425.5,78171.5,78230.5
1776858300000,78229.5,78342.5,78229.5,78322.5
1776859200000,78316.5,78482.5,78233.5,78443.5
1776860100000,78433.5,78523.5,78161.5,78204.5
1776861000000,78204.5,78301.5,78110.5,78210.5
1776861900000,78211.5,78366.5,78198.5,78252.5
1776862800000,78249.5,78444.5,78173.5,78398.5
1776863700000,78394.5,78524.5,78349.5,78489.5
1776864600000,78489.5,78692.5,78287.5,78633.5
1776865500000,78630.5,78873.5,78526.5,78862.5
1776866400000,78861.5,79113.5,78715.5,79096.5
1776867300000,79096.5,79199.5,78805.5,79048.5
1776868200000,79048.5,79076.5,78586.5,78730.5
1776869100000,78734.5,79135.5,78720.5,79071.5
1776870000000,79070.5,79166.5,78874.5,78987.5
1776870900000,78986.5,79150.5,78858.5,79089.5
1776871800000,79086.5,79356.5,79035.5,79315.5
1776872700000,79313.5,79453.5,79239.5,79314.5
1776873600000,79323.5,79508.5,79142.5,79229.5
1776874500000,79230.5,79244.5,78916.5,78963.5
1776875400000,78961.5,79070.5,78792.5,78842.5
1776876300000,78840.5,78883.5,78616.5,78774.5
1776877200000,78774.5,79069.5,78765.5,79005.5
1776878100000,79006.5,79038.5,78719.5,78857.5
1776879000000,78859.5,78924.5,78769.5,78836.5
1776879900000,78837.5,79031.5,78730.5,78932.5
1776880800000,78933.5,79030.5,78847.5,78981.5
1776881700000,78985.5,79023.5,78899.5,78919.5
1776882600000,78924.5,79041.5,78866.5,78980.5
1776883500000,78984.5,79190.5,78969.5,79058.5
1776884400000,79055.5,79082.5,78702.5,78880.5
1776885300000,78881.5,79102.5,78835.5,79052.5
1776886200000,79053.5,79101.5,78785.5,78888.5
1776887100000,78887.5,79006.5,78808.5,78878.5
1776888000000,78875.5,78957.5,78751.5,78769.5
1776888900000,78770.5,78789.5,78484.5,78612.5
1776889800000,78613.5,78642.5,78503.5,78545.5
1776890700000,78545.5,78546.5,78430.5,78441.5
1776891600000,78444.5,78620.5,78431.7,78597.5
1776892500000,78596.5,78628.5,78562.5,78599.5
1776893400000,78601.5,78785.5,78596.5,78775.5
1776894300000,78775.5,78845.5,78660.5,78783.5
1776895200000,78786.5,78870.5,78682.5,78791.5
1776896100000,78787.5,78804.5,78546.5,78567.5
1776897000000,78573.5,78638.5,78495.5,78527.5
1776897900000,78526.5,78667.5,78477.5,78634.5
1776898800000,78638.5,78639.5,78472.5,78595.5
1776899700000,78596.5,78619.5,78208.5,78366.5
1776900600000,78367.5,78368.5,78201.5,78278.5
1776901500000,78280.5,78342.5,78161.5,78206.5
1776902400000,78208.5,78433.5,77910.5,77913.5
1776903300000,77912.5,78511.5,77571.5,78477.5
1776904200000,78467.5,78608.5,78330.5,78450.5
1776905100000,78454.5,78493.5,78277.5,78465.5
1776906000000,78468.5,78475.5,78243.5,78300.5
1776906900000,78298.5,78310.5,78051.5,78115.5
1776907800000,78121.5,78431.5,78083.5,78324.5
1776908700000,78323.5,78470.5,78243.5,78387.5
1776909600000,78391.5,78394.5,78181.5,78182.5
1776910500000,78183.5,78254.5,77996.5,78064.5
1776911400000,78063.5,78157.5,77739.5,77901.5
1776912300000,77900.5,78051.5,77765.5,77967.5
1776913200000,77968.5,78061.5,77744.5,77744.5
1776914100000,77749.5,77782.5,77642.5,77719.5
1776915000000,77717.5,77752.5,77487.5,77657.5
1776915900000,77656.5,77790.5,77518.5,77769.5
1776916800000,77768.5,77906.5,77671.5,77873.5
1776917700000,77876.5,77937.5,77761.5,77823.5
1776918600000,77824.5,77944.5,77822.5,77898.5
1776919500000,77899.5,77985.5,77860.5,77938.5
1776920400000,77939.5,78051.5,77914.5,78017.5
1776921300000,78014.5,78039.5,77904.5,77923.5
1776922200000,77925.5,77935.5,77776.5,77899.5
1776923100000,77898.5,78114.5,77885.5,78063.5
1776924000000,78061.5,78305.5,78061.5,78230.5
1776924900000,78229.5,78368.5,78171.5,78297.5
1776925800000,78298.5,78380.5,78135.5,78194.5
1776926700000,78181.5,78262.5,78105.5,78229.5
1776927600000,78230.5,78273.5,78126.5,78158.5
1776928500000,78158.5,78218.5,78105.5,78179.5
1776929400000,78175.5,78210.5,78048.5,78120.5
1776930300000,78125.5,78180.5,77971.5,78082.5
1776931200000,78045.5,78212.5,77922.5,78134.5
1776932100000,78136.5,78155.5,77972.5,77994.5
1776933000000,78005.5,78007.5,77730.5,77756.5
1776933900000,77755.5,77925.5,77744.5,77883.5
1776934800000,77882.5,77893.5,77428.5,77587.5
1776935700000,77588.5,77716.5,77497.5,77643.5
1776936600000,77641.5,77787.5,77641.5,77736.5
1776937500000,77733.5,77761.5,77539.5,77658.5
1776938400000,77663.5,77736.5,77161.5,77234.5
1776939300000,77237.5,77417.5,77214.5,77403.5
1776940200000,77406.5,77468.5,77356.5,77391.5
1776941100000,77392.5,77500.5,77307.5,77428.5
1776942000000,77433.5,77529.5,77380.5,77413.5
1776942900000,77411.5,77524.5,77402.5,77489.5
1776943800000,77488.5,77620.5,77399.5,77611.5
1776944700000,77603.5,77769.5,77602.5,77720.5
1776945600000,77715.5,77877.5,77705.5,77730.5
1776946500000,77727.5,77794.5,77622.5,77792.5
1776947400000,77794.5,77901.5,77727.5,77780.5
1776948300000,77781.5,77896.5,77513.5,77883.5
1776949200000,77881.5,77942.5,77646.5,77666.5
1776950100000,77683.5,77747.5,77586.5,77622.5
1776951000000,77617.5,77723.5,77533.5,77564.5
1776951900000,77565.5,77699.5,77401.5,77549.5
1776952800000,77542.5,77677.5,77420.5,77539.5
1776953700000,77538.5,77967.5,77487.5,77757.5
1776954600000,77759.5,78006.5,77747.5,77921.5
1776955500000,77920.5,78236.5,77853.5,78203.5
1776956400000,78206.5,78220.5,77991.5,78137.5
1776957300000,78141.5,78695.5,78085.5,78416.5
1776958200000,78413.5,78645.5,78319.5,78521.5
1776959100000,78517.5,78520.5,78249.5,78405.5
1776960000000,78406.5,78543.5,78314.5,78325.5
1776960900000,78323.5,78470.5,78223.5,78313.5
1776961800000,78314.5,78487.5,78255.5,78347.5
1776962700000,78345.5,78396.5,78018.5,78129.5
1776963600000,78128.5,78210.5,77685.5,77860.5
1776964500000,77861.5,77875.5,77548.5,77618.5
1776965400000,77613.5,77757.5,76963.5,77211.5
1776966300000,77214.5,77843.5,76971.5,77777.5
1776967200000,77785.5,78182.5,77742.5,77994.5
1776968100000,77988.5,78088.5,77835.5,77927.5
1776969000000,77922.5,78152.5,77922.5,78049.5
1776969900000,78058.5,78081.5,77657.5,77677.5
1776970800000,77684.5,77794.5,77602.5,77716.5
1776971700000,77716.5,77906.5,77716.5,77858.5
1776972600000,77857.5,77906.5,77638.5,77649.5
1776973500000,77646.5,77838.5,77583.5,77730.5
1776974400000,77699.5,77921.5,77631.5,77808.5
1776975300000,77809.5,77848.5,77660.5,77746.5
1776976200000,77747.5,78068.5,77719.5,78001.5
1776977100000,77996.5,78036.5,77838.5,77886.2
1776978000000,77887.7,77936.5,77794.5,77889.5
1776978900000,77887.5,77934.5,77789.5,77932.5
1776979800000,77930.5,78088.5,77909.5,78074.5
1776980700000,78070.5,78070.5,77853.5,77853.5
1776981600000,77870.5,78212.5,77870.5,78089.5
1776982500000,78091.5,78289.5,78055.5,78184.5
1776983400000,78186.5,78338.5,78184.5,78334.5
1776984300000,78335.5,78366.5,78210.5,78262.5
1776985200000,78262.5,78269.5,78103.5,78108.5
1776986100000,78112.5,78180.5,78042.5,78164.5
1776987000000,78170.5,78312.5,78150.5,78286.5
1776987900000,78287.5,78337.5,78240.5,78281.5
1776988800000,78286.5,78369.5,78183.5,78330.5
1776989700000,78333.5,78503.5,78272.5,78431.5
1776990600000,78432.5,78530.5,78388.5,78401.5
1776991500000,78404.5,78504.5,78337.5,78442.5
1776992400000,78443.5,78452.5,78075.5,78179.5
1776993300000,78178.5,78209.5,77998.5,78047.5
1776994200000,78041.5,78171.5,77945.5,78068.5
1776995100000,78067.5,78475.5,78041.5,78441.5
1776996000000,78442.5,78584.5,78314.5,78423.5
1776996900000,78426.5,78433.5,78261.5,78275.5
1776997800000,78277.5,78440.5,78235.5,78434.5
1776998700000,78432.5,78465.5,78048.5,78143.5
1776999600000,78147.5,78199.5,78091.5,78160.5
1777000500000,78157.5,78158.5,77672.5,77767.5
1777001400000,77768.5,77780.5,77564.5,77672.5
1777002300000,77667.5,77774.5,77647.5,77757.5
1777003200000,77758.5,77772.5,77676.5,77745.5
1777004100000,77753.5,77887.5,77579.5,77620.5
1777005000000,77621.5,77698.5,77470.5,77660.5
1777005900000,77654.5,77773.5,77566.5,77679.5
1777006800000,77684.5,77716.5,77561.5,77572.5
1777007700000,77571.5,77674.5,77444.5,77665.5
1777008600000,77657.5,77776.5,77657.5,77725.5
1777009500000,77726.5,78057.5,77723.5,77976.5
1777010400000,77971.5,78008.5,77894.5,77953.5
1777011300000,77955.5,77985.5,77820.5,77853.5
1777012200000,77854.5,77911.5,77776.5,77830.5
1777013100000,77828.5,77933.5,77794.5,77806.5
1777014000000,77805.5,77868.5,77749.5,77772.5
1777014900000,77773.5,77792.5,77659.5,77735.5
1777015800000,77737.5,77760.5,77638.5,77677.5
1777016700000,77675.5,77764.5,77507.5,77676.5
1777017600000,77675.5,77726.5,77587.5,77712.5
1777018500000,77711.5,78027.5,77711.5,77884.5
1777019400000,77883.5,77883.5,77737.5,77764.5
1777020300000,77766.5,77897.5,77764.5,77803.5
1777021200000,77807.5,77827.5,77374.5,77538.5
1777022100000,77534.5,77635.5,77450.5,77513.5
1777023000000,77514.5,77609.5,77435.5,77607.5
1777023900000,77602.5,77607.5,77491.5,77548.5
1777024800000,77551.5,77559.5,77455.5,77526.5
1777025700000,77527.5,77768.5,77526.5,77700.5
1777026600000,77698.5,77731.5,77635.5,77663.5
1777027500000,77665.5,77813.5,77623.5,77768.5
1777028400000,77766.5,78318.5,77761.5,78238.5
1777029300000,78232.5,78358.5,78109.5,78344.5
1777030200000,78346.5,78409.5,78216.5,78325.5
1777031100000,78327.5,78331.5,78169.5,78240.2
1777032000000,78240.3,78356.5,78199.5,78337.5
1777032900000,78343.5,78375.5,78208.5,78291.5
1777033800000,78295.5,78309.5,78171.5,78207.5
1777034700000,78206.5,78307.5,78010.5,78290.5
1777035600000,78291.5,78498.5,78276.5,78380.5
1777036500000,78379.5,78434.5,78155.5,78185.5
1777037400000,78188.5,78317.5,78051.5,78200.5
1777038300000,78209.5,78276.5,77904.5,78096.5
1777039200000,78092.5,78092.5,77784.5,77882.5
1777040100000,77882.5,78038.5,77679.5,77706.5
1777041000000,77719.5,78033.5,77683.5,77982.5
1777041900000,77983.5,78079.5,77880.5,78048.5
1777042800000,78053.5,78061.5,77551.5,77746.5
1777043700000,77748.5,77891.5,77695.5,77843.5
1777044600000,77846.5,78022.5,77713.5,77998.5
1777045500000,77996.5,78243.5,77925.5,78053.5
1777046400000,78055.5,78089.5,77792.5,77792.5
1777047300000,77793.5,77811.5,77639.5,77732.5
1777048200000,77732.5,77918.5,77585.5,77716.5
1777049100000,77718.5,77802.5,77592.5,77782.5
1777050000000,77778.5,77782.5,77594.5,77760.5
1777050900000,77762.5,77772.5,77596.5,77693.5
1777051800000,77691.5,77734.5,77477.5,77607.5
1777052700000,77610.5,77835.5,77515.5,77698.5
1777053600000,77700.5,77745.5,77525.5,77538.5
1777054500000,77537.5,77563.5,77318.5,77511.5
1777055400000,77510.5,77657.5,77487.5,77587.5
1777056300000,77583.5,77650.5,77552.5,77631.5
1777057200000,77630.5,77765.5,77583.5,77612.5
1777058100000,77610.5,77690.5,77510.5,77587.5
1777059000000,77584.5,77680.5,77572.5,77640.5
1777059900000,77638.5,77656.5,77537.5,77642.5
1777060800000,77643.5,77657.5,77523.5,77647.5
1777061700000,77643.5,77668.5,77454.5,77548.5
1777062600000,77543.5,77682.5,77541.5,77637.5
1777063500000,77633.5,77779.5,77631.5,77746.4
1777237200000,78215.4,78334.5,78201.5,78264.5
1777238100000,78261.5,78312.5,78188.5,78220.5
1777239000000,78224.5,78224.5,77943.5,78019.5
1777239900000,78016.5,78906.5,77831.5,78417.5
1777240800000,78414.5,78611.5,78341.5,78579.5
1777241700000,78574.5,78868.5,78513.5,78531.5
1777242600000,78537.5,78538.5,77969.5,78294.5
1777243500000,78287.5,78462.5,78268.5,78339.5
1777244400000,78338.5,78423.5,78267.5,78376.5
1777245300000,78369.5,78474.5,78145.5,78164.5
1777246200000,78163.5,78627.5,78039.5,78615.5
1777247100000,78614.5,78910.5,78596.5,78677.5
1777248000000,78678.5,78910.5,78559.5,78607.5
1777248900000,78598.5,78678.5,78409.5,78496.5
1777249800000,78500.5,78856.5,78391.5,78837.5
1777250700000,78837.5,79397.5,78779.5,79263.5
1777251600000,79292.5,79496.5,79110.5,79133.5
1777252500000,79134.5,79140.5,78742.5,78910.5
1777253400000,78917.5,79185.5,78789.5,79068.5
1777254300000,79069.5,79405.5,79062.5,79298.5
1777255200000,79301.5,79325.5,79100.5,79198.5
1777256100000,79193.5,79288.5,79030.5,79137.5
1777257000000,79138.5,79279.5,79045.5,79084.5
1777257900000,79083.5,79229.5,79059.5,79139.5
1777258800000,79137.5,79288.5,79060.5,79235.5
1777259700000,79229.5,79295.5,79178.5,79288.5
1777260600000,79286.5,79338.5,79180.5,79259.5
1777261500000,79266.5,79277.5,79084.5,79115.5
1777262400000,79118.5,79159.5,79016.5,79061.5
1777263300000,79060.5,79148.5,79011.5,79141.5
1777264200000,79136.5,79187.5,79030.5,79082.5
1777265100000,79079.5,79108.5,78879.5,78943.5
1777266000000,78942.5,78963.5,78381.5,78414.5
1777266900000,78414.5,78444.5,77790.5,77834.5
1777267800000,77840.5,77897.5,77550.5,77819.5
1777268700000,77818.5,77878.5,77738.5,77792.5
1777269600000,77793.5,77808.5,77663.5,77733.5
1777270500000,77732.5,77876.5,77693.5,77726.5
1777271400000,77731.5,77732.5,77442.5,77627.5
1777272300000,77626.5,77756.5,77614.5,77709.5
1777273200000,77711.5,77753.5,77530.5,77659.5
1777274100000,77659.5,77757.5,77564.5,77690.5
1777275000000,77694.5,77695.5,77577.5,77680.5
1777275900000,77679.5,77741.5,77600.5,77601.5
1777276800000,77599.5,77733.5,77578.5,77642.5
1777277700000,77643.5,77700.5,77560.5,77572.5
1777278600000,77573.5,77674.5,77541.5,77625.5
1777279500000,77622.5,77817.5,77622.5,77809.5
1777280400000,77805.5,77861.5,77773.5,77852.5
1777281300000,77853.5,77858.5,77688.5,77771.5
1777282200000,77768.5,77963.5,77741.5,77934.5
1777283100000,77938.5,77980.5,77883.5,77894.5
1777284000000,77899.5,77942.5,77788.5,77814.5
1777284900000,77813.5,77840.5,77771.5,77808.5
1777285800000,77808.5,77944.5,77780.5,77882.5
1777286700000,77878.5,77914.5,77842.5,77850.5
1777287600000,77851.5,77892.5,77733.5,77774.5
1777288500000,77776.5,77889.5,77739.5,77859.5
1777289400000,77858.5,77895.5,77762.5,77804.5
1777290300000,77803.5,77862.5,77777.5,77835.5
1777291200000,77837.5,77879.5,77696.5,77828.5
1777292100000,77829.5,77859.5,77701.5,77744.5
1777293000000,77743.5,77777.5,77632.5,77745.5
1777293900000,77746.5,77781.5,77613.5,77668.5
1777294800000,77662.5,77779.5,77591.5,77708.5
1777295700000,77710.5,77802.5,77638.5,77714.5
1777296600000,77711.5,77970.5,77611.5,77847.5
1777297500000,77853.5,77872.5,77543.5,77753.5
1777298400000,77754.5,77922.5,77665.5,77854.5
1777299300000,77864.5,77931.5,77812.5,77878.5
1777300200000,77879.5,78214.5,77837.5,78177.5
1777301100000,78178.5,78276.5,77771.5,77817.5
1777302000000,77819.5,77840.5,77280.5,77373.5
1777302900000,77372.5,77374.5,76524.5,76844.5
1777303800000,76841.5,77096.5,76807.5,77043.5
1777304700000,77042.5,77051.5,76692.5,76771.5
1777305600000,76776.5,76838.5,76630.5,76766.5
1777306500000,76764.5,76857.5,76713.5,76736.5
1777307400000,76735.5,76821.5,76573.5,76578.5
1777308300000,76579.5,76687.5,76523.5,76609.5
1777309200000,76608.5,76787.5,76606.5,76684.5
1777310100000,76685.5,76895.5,76615.5,76817.5
1777311000000,76813.5,76935.5,76743.5,76853.5
1777311900000,76850.5,76892.5,76683.5,76725.5
1777312800000,76725.5,76810.5,76657.5,76739.5
1777313700000,76737.5,76838.5,76630.5,76683.5
1777314600000,76674.5,76764.5,76652.5,76754.5
1777315500000,76750.5,76887.5,76713.5,76814.5
1777316400000,76810.5,76892.5,76703.5,76857.5
1777317300000,76856.5,76892.5,76573.5,76609.5
1777318200000,76606.5,76783.5,76437.5,76768.5
1777319100000,76767.5,76877.5,76751.5,76874.5
1777320000000,76881.5,76998.5,76797.5,76889.5
1777320900000,76891.5,76996.5,76874.5,76985.5
1777321800000,76982.5,77067.5,76940.5,76974.5
1777322700000,76973.5,77001.5,76895.5,76980.5
1777323600000,76940.9,76940.9,76807.5,76880.5
1777324500000,76876.5,76949.5,76823.5,76903.5
1777325400000,76904.5,76977.5,76852.5,76883.5
1777326300000,76883.5,76927.5,76725.5,76768.5
1777327200000,76768.5,76905.5,76691.5,76846.5
1777328100000,76846.5,76980.5,76829.5,76971.5
1777329000000,76966.5,77035.5,76918.5,76987.5
1777329900000,76990.5,77080.5,76985.5,77062.5
1777330800000,77062.5,77090.5,76999.5,77033.5
1777331700000,77030.5,77211.5,77027.5,77123.5
1777332600000,77124.5,77310.5,77115.5,77297.5
1777333500000,77300.5,77447.5,77272.5,77358.5
1777334400000,77363.5,77432.5,77245.5,77304.5
1777335300000,77303.5,77413.5,77184.5,77226.5
1777336200000,77227.5,77476.5,77167.5,77378.5
1777337100000,77378.5,77465.5,77269.5,77373.5
1777338000000,77369.5,77402.5,77276.5,77346.5
1777338900000,77345.5,77352.5,77203.5,77239.5
1777339800000,77238.5,77247.5,77070.5,77092.5
1777340700000,77096.5,77138.5,77022.5,77079.5
1777341600000,77082.5,77221.5,77024.5,77142.5
1777342500000,77143.5,77219.5,76980.5,76989.5
1777343400000,76988.5,77038.5,76651.5,76697.5
1777344300000,76693.5,76898.5,76651.5,76879.5
1777345200000,76880.5,76890.5,76656.5,76759.5
1777346100000,76757.5,76794.5,76684.5,76759.5
1777347000000,76761.5,76837.5,76735.5,76789.5
1777347900000,76787.5,76835.5,76769.5,76805.5
1777348800000,76799.5,76879.5,76761.5,76875.5
1777349700000,76877.5,76942.5,76676.5,76791.5
1777350600000,76789.5,76886.5,76731.5,76821.5
1777351500000,76822.5,76951.5,76818.5,76887.5
1777352400000,76901.5,77044.5,76888.5,76949.5
1777353300000,76948.5,77149.5,76895.5,77066.5
1777354200000,77066.5,77082.5,76790.5,76860.5
1777355100000,76859.5,76970.5,76846.5,76877.5
1777356000000,76874.5,77019.5,76874.5,76990.5
1777356900000,76989.5,76997.5,76818.5,76896.5
1777357800000,76908.5,76943.5,76560.5,76599.5
1777358700000,76586.5,76754.5,76553.5,76701.5
1777359600000,76697.5,76717.5,76539.5,76543.5
1777360500000,76540.5,76657.5,76403.5,76645.5
1777361400000,76643.5,76877.5,76612.5,76831.5
1777362300000,76832.5,76906.5,76741.5,76853.5
1777363200000,76854.5,76880.5,76760.5,76834.5
1777364100000,76829.5,76963.5,76819.5,76962.5
1777365000000,76975.5,76996.5,76780.5,76795.5
1777365900000,76801.5,76864.5,76715.5,76839.5
1777366800000,76841.5,76851.5,76768.5,76809.5
1777367700000,76805.5,76830.5,76695.5,76768.5
1777368600000,76768.5,76768.5,76575.5,76637.5
1777369500000,76644.5,76645.5,76461.5,76575.5
1777370400000,76578.5,76687.5,76492.5,76498.5
1777371300000,76499.5,76562.5,76433.5,76507.5
1777372200000,76508.5,76614.5,76498.5,76598.5
1777373100000,76600.5,76618.5,76544.5,76602.5
1777374000000,76600.5,76634.5,76417.5,76429.5
1777374900000,76427.5,76463.5,76219.5,76317.5
1777375800000,76321.5,76333.5,76134.5,76265.5
1777376700000,76273.5,76283.5,76100.5,76212.5
1777377600000,76219.5,76304.5,76160.5,76254.5
1777378500000,76255.5,76346.5,76135.5,76204.5
1777379400000,76212.5,76320.5,76144.5,76293.5
1777380300000,76294.5,76411.5,76267.5,76364.5
1777381200000,76372.5,76372.5,75916.5,76123.5
1777382100000,76126.5,76240.5,75997.5,76168.5
1777383000000,76167.5,76352.5,76011.5,76245.5
1777383900000,76244.5,76407.5,75991.5,76170.5
1777384800000,76168.5,76193.5,75967.5,76067.5
1777385700000,76064.5,76080.5,75732.5,75809.5
1777386600000,75810.5,75897.5,75627.5,75843.5
1777387500000,75843.5,75940.5,75649.5,75933.5
1777388400000,75934.5,76057.5,75807.5,75964.5
1777389300000,75969.5,76062.5,75921.5,76005.5
1777390200000,76008.5,76050.5,75863.5,75925.5
1777391100000,75927.5,76078.5,75894.5,76049.5
1777392000000,76052.5,76089.5,75921.5,75989.5
1777392900000,75985.5,76014.5,75917.5,75934.5
1777393800000,75932.5,75993.5,75850.5,75892.5
1777394700000,75898.5,76200.5,75852.5,76097.5
1777395600000,76098.5,76201.5,75958.5,76000.5
1777396500000,76007.5,76115.5,75918.5,76056.5
1777397400000,76058.5,76244.5,76058.5,76160.5
1777398300000,76159.5,76194.5,76079.5,76156.5
1777399200000,76164.5,76245.5,76097.5,76110.5
1777400100000,76115.5,76262.5,76112.5,76213.5
1777401000000,76218.5,76234.5,76130.5,76131.5
1777401900000,76137.5,76238.5,76114.5,76211.5
1777402800000,76211.5,76216.5,76045.5,76071.5
1777403700000,76071.5,76163.5,76035.5,76149.5
1777404600000,76152.5,76308.5,76104.5,76289.5
1777405500000,76290.5,76364.5,76237.5,76300.5
1777406400000,76305.5,76430.5,76296.5,76372.5
1777407300000,76373.5,76392.5,76296.5,76334.5
1777408200000,76338.5,76422.5,76328.5,76398.5
1777409100000,76400.5,76459,76386.5,76459
1777410000000,76446.8,76472.5,76317.5,76337.5
1777410900000,76336.5,76357.5,76257.5,76275.5
1777411800000,76275.5,76389.5,76264.5,76297.5
1777412700000,76301.5,76401.5,76237.5,76335.5
1777413600000,76337.5,76427.5,76279.5,76338.5
1777414500000,76334.5,76356.5,76274.5,76306.5
1777415400000,76310.5,76344.5,76263.5,76270.5
1777416300000,76271.5,76276.5,76180.5,76220.5
1777417200000,76216.5,76324.5,76141.5,76310.5
1777418100000,76311.5,76340.5,76209.5,76247.5
1777419000000,76255.5,76277.5,76187.5,76263.5
1777419900000,76263.5,76346.5,76263.5,76310.5
1777420800000,76311.5,76360.5,76272.5,76299.5
1777421700000,76300.5,76325.5,76240.5,76280.5
1777422600000,76284.5,76394.5,76251.5,76359.5
1777423500000,76363.5,76545.5,76350.5,76481.5
1777424400000,76477.5,76518.5,76264.5,76330.5
1777425300000,76328.5,76374.5,76184.5,76193.5
1777426200000,76194.5,76391.5,76147.5,76370.5
1777427100000,76364.5,76636.5,76347.5,76544.5
1777428000000,76546.5,76640.5,76474.5,76525.5
1777428900000,76523.5,76557.5,76422.5,76437.5
1777429800000,76437.5,76445.5,76350.5,76400.5
1777430700000,76398.5,76508.5,76393.5,76502.5
1777431600000,76504.5,76604.5,76481.5,76604.5
1777432500000,76599.5,76878.5,76592.5,76858.5
1777433400000,76851.5,77108.5,76765.5,77051.5
1777434300000,77051.5,77067.5,76914.5,76967.5
1777435200000,76970.5,76994.5,76848.5,76898.5
1777436100000,76897.5,77039.5,76897.5,77010.5
1777437000000,77013.5,77426.5,76982.5,77293.5
1777437900000,77291.5,77352.5,77199.5,77243.5
1777438800000,77241.5,77293.5,77169.5,77201.5
1777439700000,77201.5,77262.5,77166.5,77242.5
1777440600000,77247.5,77285.5,77182.5,77210.5
1777441500000,77211.5,77309.5,77211.5,77262.5
1777442400000,77262.5,77308.5,77158.5,77197.5
1777443300000,77192.5,77205.5,77050.5,77062.5
1777444200000,77061.5,77086.5,76951.5,76979.5
1777445100000,76984.5,77046.5,76872.5,77004.5
1777446000000,77011.5,77073.5,76984.5,77065.5
1777446900000,77068.5,77089.5,76996.5,77031.5
1777447800000,77032.5,77166.5,77030.5,77107.5
1777448700000,77104.5,77109.5,76993.5,77027.5
1777449600000,77024.5,77072.5,76906.5,77009.5
1777450500000,77010.5,77135.5,76984.5,77075.5
1777451400000,77073.5,77073.5,76939.5,77039.5
1777452300000,77035.5,77056.5,76992.5,77022.5
1777453200000,77023.5,77058.5,76939.5,77040.5
1777454100000,77038.5,77130.5,77027.5,77105.5
1777455000000,77104.5,77269.5,77101.5,77238.5
1777455900000,77232.5,77777.5,77201.5,77624.5
1777456800000,77624.5,77804.5,77615.5,77711.5
1777457700000,77710.5,77885.5,77684.5,77875.5
1777458600000,77874.5,77889.5,77512.5,77556.5
1777459500000,77554.5,77658.5,77539.5,77606.5
1777460400000,77604.5,77673.5,77486.5,77568.5
1777461300000,77568.5,77591.5,77458.5,77488.5
1777462200000,77492.5,77669.5,77467.5,77566.5
1777463100000,77566.5,77673.5,77520.5,77572.5
1777464000000,77571.5,77589.5,77252.5,77304.5
1777464900000,77305.5,77400.5,76940.5,77131.5
1777465800000,77135.5,77180.5,76970.5,77150.5
1777466700000,77152.5,77205.5,77103.5,77118.5
1777467600000,77123.5,77205.5,77047.5,77176.5
1777468500000,77178.5,77229.5,76861.5,76912.5
1777469400000,76912.5,76912.5,76537.5,76541.5
1777470300000,76541.5,76875.5,76389.5,76756.5
1777471200000,76752.5,76760.5,76501.5,76560.5
1777472100000,76559.5,76745.5,76476.5,76681.5
1777473000000,76682.5,76834.5,76539.5,76580.5
1777473900000,76580.5,76636.5,76443.5,76549.5
1777474800000,76545.5,76612.5,76105.5,76223.5
1777475700000,76221.5,76328.5,76148.5,76187.5
1777476600000,76191.5,76306.5,75924.5,75949.5
1777477500000,75945.5,76001.5,75664.5,75884.5
1777478400000,75885.5,76104.5,75796.5,76002.5
1777479300000,75998.5,76098.5,75609.5,75809.5
1777480200000,75810.5,75889.5,75691.5,75859.5
1777481100000,75856.5,75879.5,75647.5,75769.5
1777482000000,75776.5,75979.5,75767.5,75893.5
1777482900000,75892.5,76076.5,75757.5,75849.5
1777483800000,75854.5,75990.5,75829.5,75974.5
1777484700000,75970.5,76155.5,75877.5,76149.5
1777485600000,76150.5,76224.5,74876.5,75154.5
1777486500000,75152.5,75365.5,75027.5,75124.5
1777487400000,75119.5,75343.5,74898.5,75202.5
1777488300000,75206.5,75481.5,75164.5,75471.5
1777489200000,75480.5,75531.5,75322.5,75531.5
1777490100000,75522.5,75563.5,75400.5,75482.5
1777491000000,75487.5,75491.5,75237.5,75394.5
1777491900000,75392.5,75537.5,75381.5,75518.5
1777492800000,75515.5,75699.5,75439.5,75491.5
1777493700000,75487.5,75663.5,75469.5,75641.5
1777494600000,75642.5,75812.5,75540.5,75728.5
1777495500000,75733.5,75828.5,75666.5,75693.5
1777496400000,75634.9,75814.5,75533.5,75754.5
1777497300000,75753.5,75871.5,75753.5,75801.5
1777498200000,75796.5,75936.5,75742.5,75896.5
1777499100000,75897.5,76041.5,75875.5,75885.5
1777500000000,75882.5,75940.5,75789.5,75940.5
1777500900000,75935.5,75974.5,75769.5,75801.5
1777501800000,75805.5,75942.5,75801.5,75930.5
1777502700000,75927.5,75940.5,75847.5,75886.5
1777503600000,75888.5,75960.5,75819.5,75948.5
1777504500000,75952.5,75957.5,75641.5,75724.5
1777505400000,75728.5,75832.5,75723.5,75817.5
1777506300000,75816.5,75842.5,75719.5,75740.5
1777507200000,75742.5,75835.5,75656.5,75676.5
1777508100000,75676.5,75781.5,75604.5,75780.5
1777509000000,75780.5,76150.5,75780.5,76063.5
1777509900000,76060.5,76305.5,76052.5,76199.5
1777510800000,76202.5,76340.5,76136.5,76187.5
1777511700000,76186.5,76386.5,76127.5,76317.5
1777512600000,76319.5,76387.5,76189.5,76316.5
1777513500000,76314.5,76423.5,76171.5,76200.5
1777514400000,76205.5,76324.5,76198.5,76278.5
1777515300000,76277.5,76311.5,76065.5,76093.5
1777516200000,76086.5,76092.5,75445.5,75583.5
1777517100000,75586.5,75721.5,75509.5,75663.5
1777518000000,75659.5,75836.5,75603.5,75789.5
1777518900000,75792.5,75870.5,75726.5,75841.5
1777519800000,75850.5,75962.5,75799.5,75914.5
1777520700000,75910.5,75961.5,75855.5,75879.5
1777521600000,75891.5,75941.5,75658.5,75757.5
1777522500000,75759.5,75778.5,75611.5,75638.5
1777523400000,75633.5,75661.5,75355.5,75381.5
1777524300000,75384.5,75505.5,75378.5,75446.5
1777525200000,75440.5,75598.5,75419.5,75571.5
1777526100000,75567.5,75596.5,75282.5,75390.5
1777527000000,75384.5,75712.5,75382.5,75663.5
1777527900000,75664.5,75704.5,75548.5,75562.5
1777528800000,75559.5,75644.5,75524.5,75554.5
1777529700000,75551.5,75661.5,75548.5,75634.5
1777530600000,75635.5,75830.5,75635.5,75722.5
1777531500000,75718.5,75758.5,75663.5,75707.5
1777532400000,75713.5,75820.5,75665.5,75782.5
1777533300000,75776.5,75869.5,75711.5,75850.5
1777534200000,75851.5,76044.5,75845.5,76037.5
1777535100000,76041.5,76150.5,76020.5,76131.5
1777536000000,76134.5,76173.5,76025.5,76051.5
1777536900000,76050.5,76137.5,75978.5,76032.5
1777537800000,76035.5,76110.5,76000.5,76097.5
1777538700000,76096.5,76117.5,76015.5,76034.5
1777539600000,76032.5,76082.5,75976.5,76048.5
1777540500000,76049.5,76172.5,75963.5,76171.5
1777541400000,76193.5,76328.5,76036.5,76039.5
1777542300000,76047.5,76176.5,76034.5,76067.5
1777543200000,76063.5,76144.5,75997.5,76019.5
1777544100000,76015.5,76049.5,75926.5,75960.5
1777545000000,75961.5,76084.5,75961.5,76007.5
1777545900000,76014.5,76049.5,75955.5,75987.5
1777546800000,75993.5,76215.5,75992.5,76108.5
1777547700000,76109.5,76164.5,76044.5,76075.5
1777548600000,76078.5,76100.5,75864.5,75898.5
1777549500000,75901.5,76065.5,75805.5,76035.5
1777550400000,76036.5,76143.5,76001.5,76111.5
1777551300000,76112.5,76348.5,76103.5,76315.5
1777552200000,76316.5,76387.5,76208.5,76218.5
1777553100000,76222.5,76392.5,76211.5,76265.5
1777554000000,76265.5,76340.5,76229.5,76288.5
1777554900000,76283.5,76318.5,76113.5,76151.5
1777555800000,76150.5,76613.5,76064.5,76593.5
1777556700000,76585.5,76641.5,76350.5,76393.5
1777557600000,76395.5,76571.5,76229.5,76339.5
1777558500000,76336.5,76349.5,76052.5,76318.5
1777559400000,76315.5,76538.5,76161.5,76300.5
1777560300000,76300.5,76453.5,76228.5,76256.5
1777561200000,76257.5,76415.5,76115.5,76406.5
1777562100000,76407.5,76485.5,76327.5,76481.5
1777563000000,76474.5,76630.5,76335.5,76434.5
1777563900000,76424.5,76511.5,76289.5,76435.5
1777564800000,76429.5,76461.5,76315.5,76444.5
1777565700000,76451.5,76451.5,76256.5,76325.5
1777566600000,76332.5,76402.5,76282.5,76313.5
1777567500000,76317.5,76355.5,76180.5,76229.5
1777568400000,76222.5,76311.5,76162.5,76177.5
1777569300000,76179.5,76180.5,76061.5,76108.5
1777570200000,76112.5,76233.5,76097.5,76122.5
1777571100000,76124.5,76278.5,76117.5,76210.5
1777572000000,76207.5,76351.5,76204.5,76233.5
1777572900000,76234.5,76450.5,76225.5,76255.5
1777573800000,76252.5,76387.5,76166.5,76365.5
1777574700000,76361.5,76449.5,76305.9,76312.5
1777575600000,76314.5,76466.5,76272.5,76418.5
1777576500000,76423.5,76482.5,76386.5,76442.5
1777577400000,76440.5,76490.5,76378.5,76409.5
1777578300000,76415.5,76444.5,76339.5,76381.5
1777579200000,76385.5,76450.5,76320.5,76416.5
1777580100000,76419.5,76530.5,76275.5,76431.5
1777581000000,76433.5,76515.5,76395.5,76475.5
1777581900000,76476.5,76543.5,76445.4,76445.4
1777582800000,76446.7,76514.5,76358.5,76452.5
1777583700000,76454.5,76454.5,76279.5,76310.5
1777584600000,76302.5,76427.5,76299.5,76352.5
1777585500000,76358.5,76358.5,76157.5,76215.5
1777586400000,76204.5,76343.5,76204.5,76339.5
1777587300000,76340.5,76426.5,76326.5,76406.5
1777588200000,76405.5,76423.5,76236.5,76301.5
1777589100000,76306.5,76349.5,76158.5,76213.5
1777590000000,76211.5,76302.5,76175.5,76275.5
1777590900000,76278.5,76313.5,76251.5,76306.5
1777591800000,76307.5,76352.5,76279.5,76280.5
1777592700000,76285.5,76348.5,76248.5,76303.5
1777593600000,76304.5,76484.5,76262.5,76430.5
1777594500000,76434.5,76548.5,76429.5,76479.5
1777595400000,76483.5,76525.5,76409.5,76501.5
1777596300000,76501.5,76562.5,76335.5,76408.5
1777597200000,76405.5,76552.5,76362.5,76522.5
1777598100000,76517.5,76593.5,76475.5,76502.5
1777599000000,76501.5,76601.5,76472.5,76579.5
1777599900000,76581.5,76747.5,76568.5,76651.5
1777600800000,76650.5,76705.5,76575.5,76641.5
1777601700000,76642.5,76697.5,76551.5,76595.5
1777602600000,76596.5,76607.5,76508.5,76559.5
1777603500000,76558.5,76583.5,76481.5,76552.5
1777604400000,76553.5,76670.5,76505.5,76654.5
1777605300000,76655.5,77436.5,76653.5,77156.5
1777606200000,77159.5,77271.5,77043.5,77121.5
1777607100000,77122.5,77185.5,77037.5,77098.5
1777608000000,77098.5,77153.5,77019.5,77076.5
1777608900000,77075.5,77178.5,76904.5,76993.5
1777609800000,76986.5,77073.5,76958.5,77048.5
1777610700000,77047.5,77092.5,77002.5,77017.5
1777611600000,77018.5,77169.5,76997.5,77098.5
1777612500000,77103.5,77123.5,77021.5,77057.5
1777613400000,77051.5,77111.5,77024.5,77093.5
1777614300000,77092.5,77160.5,77077.5,77145.5
1777615200000,77145.5,77156.5,77047.5,77113.5
1777616100000,77113.5,77163.5,77080.5,77122.5
1777617000000,77123.5,77151.5,76929.5,77038.5
1777617900000,77036.5,77097.5,76836.5,76956.5
1777618800000,76968.5,77078.5,76930.5,77019.5
1777619700000,77012.5,77089.5,76956.5,76983.5
1777620600000,76983.5,77038.5,76930.5,76981.5
1777621500000,76981.5,77128.5,76980.5,77104.5
1777622400000,77106.5,77241.5,77012.5,77234.5
1777623300000,77233.5,77494.5,77206.5,77414.5
1777624200000,77415.5,77445.5,77338.5,77351.5
1777625100000,77350.5,77373.5,77329.5,77355.5
1777626000000,77360.5,77383.5,77254.5,77318.5
1777626900000,77317.5,77369.5,77277.5,77330.5
1777627800000,77328.5,77329.5,77251.5,77259.5
1777628700000,77260.5,77263.5,77184.5,77257.5
1777629600000,77258.5,77259.5,77127.5,77149.5
1777630500000,77148.5,77417.5,77148.5,77332.5
1777631400000,77331.5,77358.5,77224.5,77231.5
1777632300000,77232.5,77300.5,77228.5,77271.5
1777633200000,77268.5,77317.5,77240.5,77310.5
1777634100000,77309.5,77584.5,77286.5,77361.5
1777635000000,77364.5,77413.5,77317.5,77391.5
1777635900000,77392.5,77451.5,77318.5,77437.5
1777636800000,77438.5,77645.5,77373.5,77526.5
1777637700000,77528.5,77786.5,77517.5,77734.5
1777638600000,77732.5,78159.5,77731.5,77937.5
1777639500000,77939.5,78039.5,77869.5,77886.5
1777640400000,77882.5,78414.5,77882.5,78340.5
1777641300000,78338.5,78387.5,78241.5,78270.5
1777642200000,78274.5,78521.5,78116.5,78244.5
1777643100000,78250.5,78927.5,78146.5,78739.5
1777644000000,78740.5,78871.5,78568.5,78673.5
1777644900000,78680.5,78723.5,78171.5,78266.5
1777645800000,78268.5,78302.5,78041.5,78180.5
1777646700000,78183.5,78447.5,78139.5,78349.5
1777647600000,78354.5,78477.5,78144.5,78454.5
1777648500000,78451.5,78602.5,78408.5,78538.5
1777649400000,78539.5,78747.5,78508.5,78654.5
1777650300000,78656.5,78682.5,78168.5,78422.5
1777651200000,78420.5,78696.5,78366.5,78369.5
1777652100000,78370.5,78469.5,78144.5,78318.5
1777653000000,78318.5,78376.5,78153.5,78259.5
1777653900000,78261.5,78352.5,78138.5,78188.5
1777654800000,78193.5,78325.5,78101.5,78319.5
1777655700000,78318.5,78345.5,78160.5,78235.5
1777656600000,78235.5,78562.5,78174.5,78445.5
1777657500000,78448.5,78592.5,78397.5,78542.5
1777658400000,78548.5,78605.5,78447.5,78516.5
1777659300000,78518.5,78626.5,78461.5,78591.5
1777660200000,78580.5,78591.5,78394.5,78423.5
1777661100000,78423.5,78518.5,78353.5,78416.5
1777662000000,78418.5,78541.5,78393.5,78486.5
1777662900000,78488.5,78494.5,78329.5,78407.5
1777663800000,78408.5,78419.5,78287.5,78332.5
1777664700000,78332.5,78472.5,78317.5,78363.5
1777665600000,78361.5,78424.5,78279.5,78284.5
1777666500000,78282.5,78305.5,78072.5,78137.5
1777667400000,78141.5,78174.5,77928.5,77974.5
1777668300000,77977.5,78028.5,77738.5,77852.7
1777842000000,78912.3,79057.5,78840.3,79005.5
1777842900000,79006.5,79018.5,78916.5,78922.5
1777843800000,78927.5,78943.5,78584.5,78699.5
1777844700000,78699.5,78855.5,78634.5,78827.5
1777845600000,78826.5,79354.5,78821.5,79259.5
1777846500000,79263.5,79436.5,78948.5,79083.5
1777847400000,79087.5,79312.5,78972.5,79269.5
1777848300000,79264.5,79385.5,79145.5,79167.5
1777849200000,79164.5,79293.5,79031.5,79070.5
1777850100000,79077.5,79083.5,78613.5,78646.5
1777851000000,78645.5,78742.5,78568.5,78582.5
1777851900000,78580.5,78595.5,78472.5,78565.5
1777852800000,78561.5,78565.5,78410.5,78504.5
1777853700000,78503.5,78525.5,78264.5,78342.5
1777854600000,78349.5,78440.5,78307.5,78376.5
1777855500000,78380.5,78559.5,78374.5,78533.5
1777856400000,78534.5,78579.5,78386.5,78437.5
1777857300000,78440.5,78607.5,78391.5,78590.5
1777858200000,78594.5,79136.5,78572.5,78780.5
1777859100000,78779.5,79816.5,78774.5,79768.5
1777860000000,79776.5,80083.5,79500.5,79924.5
1777860900000,79927.5,79938.5,79586.5,79701.5
1777861800000,79708.5,80309.5,79659.5,80151.5
1777862700000,80151.5,80420.5,79997.5,80151.5
1777863600000,80151.5,80435.5,79938.5,80347.5
1777864500000,80350.5,80369.5,80020.5,80094.5
1777865400000,80094.5,80135.5,79895.5,79983.5
1777866300000,79981.5,80315.5,79936.5,80303.5
1777867200000,80304.5,80476.5,80296.5,80415.5
1777868100000,80408.5,80605.5,80217.5,80330.5
1777869000000,80328.5,80430.5,80265.5,80326.5
1777869900000,80327.5,80383.5,80200.5,80313.5
1777870800000,80314.5,80397.5,80086.5,80131.5
1777871700000,80130.5,80149.5,79934.5,79985.5
1777872600000,79984.5,80104.5,79943.5,80078.5
1777873500000,80073.5,80079.5,79971.5,80006.5
1777874400000,80011.5,80050.5,79865.5,79890.5
1777875300000,79894.5,79895.5,79465.5,79688.5
1777876200000,79688.5,79767.5,79610.5,79743.5
1777877100000,79746.5,79972.5,79742.5,79854.5
1777878000000,79855.5,79945.5,79791.5,79874.5
1777878900000,79877.5,79909.5,79801.5,79839.5
1777879800000,79838.5,79865.5,79659.5,79844.5
1777880700000,79847.5,79911.5,79655.5,79679.5
1777881600000,79682.5,79783.5,79567.5,79775.5
1777882500000,79773.5,79790.5,79600.5,79719.5
1777883400000,79724.5,79771.5,79675.5,79693.5
1777884300000,79693.5,79766.5,79600.5,79694.5
1777885200000,79693.5,79783.5,79624.5,79703.5
1777886100000,79699.5,79815.5,79688.5,79711.5
1777887000000,79710.5,79869.5,79662.5,79830.5
1777887900000,79828.5,79916.5,79767.5,79813.5
1777888800000,79816.5,79869.5,78575.5,78731.5
1777889700000,78736.5,78753.5,78170.5,78492.5
1777890600000,78496.5,79023.5,78427.5,78909.5
1777891500000,78910.5,79078.5,78821.5,78920.5
1777892400000,78921.5,79067.5,78878.5,79036.5
1777893300000,79035.5,79114.5,78889.5,78937.5
1777894200000,78933.5,78934.5,78667.5,78712.5
1777895100000,78717.5,78851.5,78700.5,78772.5
1777896000000,78773.5,78834.5,78681.5,78780.5
1777896900000,78780.5,79017.5,78718.5,78954.5
1777897800000,78946.5,78991.5,78819.5,78976.5
1777898700000,78976.5,79007.5,78828.5,78847.5
1777899600000,78826.5,78970.5,78547.5,78911.5
1777900500000,78909.5,79042.5,78883.5,78952.5
1777901400000,78951.5,79117.5,78822.5,78858.5
1777902300000,78855.5,78938.5,78697.5,78772.5
1777903200000,78768.5,78982.5,78453.5,78930.5
1777904100000,78933.5,79398.5,78915.5,79242.5
1777905000000,79242.5,79591.5,79217.5,79532.5
1777905900000,79533.5,80553.5,79533.5,80222.5
1777906800000,80225.5,80382.5,79923.5,80112.5
1777907700000,80113.5,80233.5,79288.5,79704.5
1777908600000,79713.5,79935.5,79462.5,79917.5
1777909500000,79897.5,80114.5,79548.5,80026.5
1777910400000,80025.5,80077.5,79636.5,79710.5
1777911300000,79708.5,80393.5,79596.5,80246.5
1777912200000,80239.5,80358.5,80119.5,80261.5
1777913100000,80259.5,80321.5,79949.5,80003.5
1777914000000,80007.5,80462.5,80003.5,80380.5
1777914900000,80381.5,80512.5,80335.5,80442.5
1777915800000,80439.5,80458.5,80233.5,80272.5
1777916700000,80270.5,80761.5,80240.5,80369.5
1777917600000,80369.5,80429.5,80206.5,80365.5
1777918500000,80362.5,80365.5,80114.5,80248.5
1777919400000,80247.5,80295.5,80135.5,80158.5
1777920300000,80156.5,80163.5,80003.5,80099.5
1777921200000,80101.5,80124.5,79878.5,80064.5
1777922100000,80068.5,80081.5,79826.5,79895.5
1777923000000,79900.5,79993.5,79855.5,79966.5
1777923900000,79971.5,80084.5,79929.5,80034.5
1777924800000,80027.5,80120.5,79936.5,80116.5
1777925700000,80113.5,80145.5,79893.5,80016.5
1777926600000,80017.6,80031.5,79872.5,79900.5
1777927500000,79897.5,79998.5,79881.5,79928.1
1777928400000,79918.9,80142.5,79914.4,80101.5
1777929300000,80106.5,80280.5,80048.5,80176.5
1777930200000,80175.5,80289.5,80175.5,80227.5
1777931100000,80223.5,80364.5,80210.5,80246.5
1777932000000,80241.5,80384.5,80192.5,80343.5
1777932900000,80340.5,80390.5,80237.5,80252.5
1777933800000,80248.5,80253.5,80086.5,80094.5
1777934700000,80087.5,80190.5,80020.5,80054.5
1777935600000,80054.5,80054.5,79871.5,79915.5
1777936500000,79911.5,79961.5,79842.5,79938.5
1777937400000,79941.5,79947.5,79721.5,79747.5
1777938300000,79747.5,79856.5,79735.5,79843.5
1777939200000,79842.5,79995.5,79770.5,79947.5
1777940100000,79941.5,79961.5,79833.5,79836.5
1777941000000,79837.5,80132.5,79833.5,80077.5
1777941900000,80075.5,80179.5,80014.5,80162.5
1777942800000,80163.5,80248.5,80048.5,80180.5
1777943700000,80187.5,80280.5,80166.5,80252.5
1777944600000,80253.5,80326.5,80149.5,80241.5
1777945500000,80240.5,80384.5,80240.5,80330.5
1777946400000,80329.5,80514.5,80292.5,80448.5
1777947300000,80447.5,80535.5,80370.5,80457.5
1777948200000,80460.5,80804.5,80430.5,80799.5
1777949100000,80799.5,80903.5,80490.5,80548.5
1777950000000,80549.5,80725.5,80440.5,80660.5
1777950900000,80664.5,80863.5,80601.5,80784.5
1777951800000,80786.5,81084.5,80728.5,80908.5
1777952700000,80907.5,80949.5,80782.5,80863.5
1777953600000,80859.5,80986.5,80735.5,80801.5
1777954500000,80802.5,80919.5,80777.5,80784.5
1777955400000,80784.5,80848.5,80689.5,80755.5
1777956300000,80755.5,80958.5,80710.5,80890.5
1777957200000,80892.5,80972.5,80817.5,80879.5
1777958100000,80872.5,81192.5,80861.5,81052.5
1777959000000,81050.5,81338.5,81007.5,81039.5
1777959900000,81037.5,81060.5,80902.5,80966.5
1777960800000,80962.5,81019.5,80884.5,80945.5
1777961700000,80949.5,80979.5,80752.5,80811.5
1777962600000,80807.5,80880.5,80767.5,80799.5
1777963500000,80798.5,80981.5,80798.5,80960.5
1777964400000,80961.5,81028.5,80876.5,81000.5
1777965300000,80998.5,81095.5,80965.5,81038.5
1777966200000,81039.5,81145.5,81003.5,81018.5
1777967100000,81015.5,81048.5,80825.5,80846.5
1777968000000,80860.5,80891.5,80824.5,80858.5
1777968900000,80857.5,80888.5,80800.5,80841.5
1777969800000,80845.5,80874.5,80695.5,80741.5
1777970700000,80750.5,80836.5,80737.5,80812.5
1777971600000,80810.5,80815.5,80658.5,80664.5
1777972500000,80663.5,80692.5,80588.5,80649.5
1777973400000,80656.5,80705.5,80541.5,80581.5
1777974300000,80582.5,80611.5,80508.5,80579.5
1777975200000,80576.5,80708.5,80508.5,80659.5
1777976100000,80662.5,80750.5,80661.5,80728.5
1777977000000,80730.5,80833.5,80705.5,80811.5
1777977900000,80812.5,80836.5,80710.5,80820.5
1777978800000,80821.5,80984.5,80766.5,80941.5
1777979700000,80940.5,80980.5,80801.5,80937.5
1777980600000,80939.5,81110.5,80925.5,81036.5
1777981500000,81032.5,81073.5,80865.5,81009.5
1777982400000,81013.5,81138.5,80910.5,81090.5
1777983300000,81095.5,81251.5,81049.5,81217.5
1777984200000,81218.5,81318.5,81164.5,81309.5
1777985100000,81308.5,81318.5,81181.5,81268.5
1777986000000,81275.5,81701.5,81259.5,81637.5
1777986900000,81635.5,81719.5,81411.5,81459.5
1777987800000,81457.5,81557.5,81202.5,81421.5
1777988700000,81413.5,81654.5,81176.5,81324.5
1777989600000,81323.5,81438.5,81063.5,81093.5
1777990500000,81100.5,81456.5,80927.5,81407.5
1777991400000,81409.5,81507.5,81118.5,81234.5
1777992300000,81235.5,81393.5,81107.5,81321.5
1777993200000,81320.5,81677.5,81218.5,81565.5
1777994100000,81566.5,81683.5,81508.5,81626.5
1777995000000,81627.5,81682.5,81552.5,81638.5
1777995900000,81637.5,81704.5,81522.5,81547.5
1777996800000,81548.5,81629.5,81429.5,81461.5
1777997700000,81449.5,81573.5,81330.5,81422.5
1777998600000,81424.5,81424.5,81032.5,81080.5
1777999500000,81081.5,81299.5,81052.5,81284.5
1778000400000,81285.5,81380.5,81164.5,81326.5
1778001300000,81328.5,81465.5,81297.5,81409.5
1778002200000,81408.5,81413.5,81241.5,81292.5
1778003100000,81293.5,81361.5,81239.5,81270.5
1778004000000,81269.5,81595.5,81262.5,81559.5
1778004900000,81554.5,81577.5,81403.5,81448.5
1778005800000,81449.5,81539.5,81405.5,81503.5
1778006700000,81500.5,81561.5,81394.5,81504.5
1778007600000,81507.5,81518.5,81397.5,81460.5
1778008500000,81449.5,81582.5,81412.5,81515.5
1778009400000,81515.5,81669.5,81497.5,81655.5
1778010300000,81653.5,81684.5,81509.5,81597.5
1778011200000,81590.5,81782.5,81495.5,81685.5
1778012100000,81684.5,81685.5,81525.5,81550.5
1778013000000,81551.5,81733.5,81517.5,81645.5
1778013900000,81642.5,81656.5,81554.5,81646.9
1778014800000,81633.6,81775.3,81563.5,81571.5
1778015700000,81564.5,81645.5,81386.5,81465.5
1778016600000,81461.5,81466.5,81295.5,81354.5
1778017500000,81354.5,81511.5,81327.5,81400.5
1778018400000,81406.5,81613.5,81336.5,81382.5
1778019300000,81379.5,81533.5,81294.5,81434.5
1778020200000,81431.5,81437.5,80799.5,81007.5
1778021100000,81011.5,81353.5,80967.5,81104.5
1778022000000,81113.5,81216.5,81006.5,81207.5
1778022900000,81206.5,81214.5,80855.5,80872.5
1778023800000,80867.5,80964.5,80753.5,80910.5
1778024700000,80906.5,80974.5,80863.5,80898.5
1778025600000,80897.5,81247.5,80865.5,81137.5
1778026500000,81136.5,81254.5,80896.5,80906.5
1778027400000,80904.5,81037.5,80873.5,80888.5
1778028300000,80882.5,81061.5,80700.5,81015.5
1778029200000,81006.5,81155.5,80961.5,81153.5
1778030100000,81152.5,81337.5,81144.5,81236.5
1778031000000,81233.5,81335.5,81207.5,81302.5
1778031900000,81307.5,81506.5,81292.5,81423.5
1778032800000,81425.5,81438.5,81233.5,81312.5
1778033700000,81306.5,81311.5,81118.5,81129.5
1778034600000,81123.5,81263.5,81030.5,81191.5
1778035500000,81193.5,81389.5,81182.5,81361.5
1778036400000,81367.5,81470.5,81331.5,81389.5
1778037300000,81387.5,81752.5,81347.5,81610.5
1778038200000,81604.5,81700.5,81513.5,81542.5
1778039100000,81549.5,81638.5,81470.5,81569.5
1778040000000,81572.5,81649.5,81504.5,81580.5
1778040900000,81586.5,81601.5,81414.5,81419.5
1778041800000,81423.5,81445.5,81324.5,81380.5
1778042700000,81384.5,81497.5,81243.5,81322.5
1778043600000,81318.5,81347.5,81224.5,81260.5
1778044500000,81261.5,81310.5,81209.5,81257.5
1778045400000,81262.5,81262.5,81033.5,81151.5
1778046300000,81154.5,81325.5,81147.5,81321.5
1778047200000,81314.5,81396.5,81211.5,81249.5
1778048100000,81250.5,81396.5,81191.5,81363.5
1778049000000,81362.5,81476.5,81334.5,81476.5
1778049900000,81471.5,81518.5,81441.5,81459.5
1778050800000,81463.5,81613.5,81403.5,81454.5
1778051700000,81456.5,81601.5,81445.5,81538.5
1778052600000,81535.5,81548.5,81386.5,81412.5
1778053500000,81411.5,81465.5,81295.5,81368.5
1778054400000,81369.5,81624.5,81307.5,81539.5
1778055300000,81535.5,81582.5,81478.5,81561.5
1778056200000,81562.5,81874.5,81558.5,81700.5
1778057100000,81701.5,81992.5,81609.5,81957.5
1778058000000,81958.5,81977.5,81744.5,81797.5
1778058900000,81804.5,81866.5,81654.5,81767.5
1778059800000,81767.5,82054.5,81741.5,82007.5
1778060700000,82004.5,82010.5,81719.5,81993.5
1778061600000,82002.5,82143.5,81932.5,82040.5
1778062500000,82043.5,82233.5,82013.5,82182.5
1778063400000,82186.5,82307.5,82143.5,82230.5
1778064300000,82232.5,82386.5,82123.5,82277.5
1778065200000,82272.5,82471.5,82240.5,82412.5
1778066100000,82413.5,82821.5,82399.5,82665.5
1778067000000,82664.5,82767.5,82476.5,82491.5
1778067900000,82487.5,82584.5,82467.5,82520.5
1778068800000,82516.5,82542.5,82170.5,82176.5
1778069700000,82172.5,82488.5,82166.5,82386.5
1778070600000,82390.5,82434.5,82295.5,82355.5
1778071500000,82361.5,82423.5,82118.5,82217.5
1778072400000,82226.5,82226.5,81823.5,82100.5
1778073300000,82099.5,82161.5,81829.5,81935.5
1778074200000,81936.5,82065.5,81747.5,81913.5
1778075100000,81912.5,81924.5,81585.5,81664.5
1778076000000,81661.5,81696.5,81118.5,81434.5
1778076900000,81438.5,81760.5,81295.5,81591.5
1778077800000,81595.5,81881.5,81578.5,81879.5
1778078700000,81875.5,81978.5,81468.5,81515.5
1778079600000,81510.5,81617.5,81292.5,81392.5
1778080500000,81406.5,81808.5,81384.5,81642.5
1778081400000,81649.5,81736.5,81461.5,81615.5
1778082300000,81621.5,81772.5,81608.5,81681.5
1778083200000,81685.5,81880.5,81564.5,81749.5
1778084100000,81745.5,81831.5,81488.5,81498.5
1778085000000,81493.5,81696.5,81409.5,81679.5
1778085900000,81672.5,81789.5,81557.5,81611.5
1778086800000,81612.5,81693.5,81519.5,81657.5
1778087700000,81653.5,81666.5,81392.5,81463.5
1778088600000,81464.5,81536.5,81436.5,81526.5
1778089500000,81525.5,81535.5,81362.5,81443.5
1778090400000,81437.5,81491.5,81235.5,81478.5
1778091300000,81476.5,81548.5,81435.5,81449.5
1778092200000,81441.5,81511.5,81264.5,81363.5
1778093100000,81355.5,81423.5,81268.5,81334.5
1778094000000,81332.5,81416.5,81181.5,81232.5
1778094900000,81228.5,81374.5,81164.5,81302.5
1778095800000,81307.5,81465.5,81228.5,81412.5
1778096700000,81414.5,81501.5,81384.5,81445.5
1778097600000,81441.5,81639.5,81438.5,81618.5
1778098500000,81619.5,81697.5,81531.5,81543.5
1778099400000,81539.5,81561.5,81278.5,81354.5
1778100300000,81354.5,81427.5,81289.5,81405.5
1778101200000,81408.8,81505.5,81277.5,81371.5
1778102100000,81370.5,81456.5,81362.5,81440.5
1778103000000,81437.5,81612.5,81407.5,81558.5
1778103900000,81557.5,81604.5,81497.5,81540.5
1778104800000,81540.5,81544.5,81333.5,81369.5
1778105700000,81365.5,81385.5,81229.5,81249.5
1778106600000,81256.5,81340.5,81241.5,81326.5
1778107500000,81322.5,81413.5,81252.5,81336.5
1778108400000,81334.5,81334.5,80996.5,81221.5
1778109300000,81222.5,81395.5,81209.5,81376.5
1778110200000,81377.5,81420.5,81302.5,81351.5
1778111100000,81349.5,81453.5,81316.5,81430.5
1778112000000,81431.5,81491.5,81358.5,81434.5
1778112900000,81432.5,81440.5,81214.5,81215.5
1778113800000,81213.5,81249.5,80974.5,81031.5
1778114700000,81027.5,81140.5,80962.5,81011.5
1778115600000,81009.5,81171.5,80833.5,81155.5
1778116500000,81153.5,81230.5,80963.5,81211.5
1778117400000,81208.5,81298.5,81130.5,81276.5
1778118300000,81278.5,81280.5,81115.5,81171.5
1778119200000,81165.5,81189.5,80912.5,80932.5
1778120100000,80939.5,81001.5,80875.5,80910.5
1778121000000,80914.5,81050.5,80890.5,80965.5
1778121900000,80963.5,81157.5,80956.5,81113.5
1778122800000,81110.5,81116.5,81007.5,81027.5
1778123700000,81022.5,81078.5,80850.5,80965.5
1778124600000,80966.5,81008.5,80898.5,80984.5
1778125500000,80983.5,81022.5,80818.5,80841.5
1778126400000,80835.5,80908.5,80719.5,80857.5
1778127300000,80860.5,80974.5,80829.5,80930.5
1778128200000,80927.5,80981.5,80848.5,80883.5
1778129100000,80884.5,80986.5,80883.5,80970.5
1778130000000,80970.5,81170.5,80954.5,81114.5
1778130900000,81113.5,81157.5,81042.5,81096.5
1778131800000,81095.5,81160.5,81022.5,81078.5
1778132700000,81077.5,81090.5,80994.5,81089.5
1778133600000,81088.5,81090.5,80877.5,80896.5
1778134500000,80890.5,81038.5,80890.5,81033.5
1778135400000,81034.5,81387.5,81023.5,81376.5
1778136300000,81371.5,81446.5,81286.5,81442.5
1778137200000,81439.5,81671.5,81389.5,81662.5
1778138100000,81655.5,81714.5,81546.5,81568.5
1778139000000,81567.5,81714.5,81541.5,81595.5
1778139900000,81590.5,81607.5,81463.5,81527.5
1778140800000,81528.5,81594.5,81448.5,81502.5
1778141700000,81503.5,81511.5,81319.5,81413.5
1778142600000,81419.5,81485.5,81234.5,81246.5
1778143500000,81251.5,81313.5,81190.5,81219.5
1778144400000,81221.5,81227.5,81106.5,81173.5
1778145300000,81179.5,81217.5,80975.5,81033.5
1778146200000,81030.5,81107.5,80837.5,80882.5
1778147100000,80883.5,80972.5,80869.5,80918.5
1778148000000,80917.5,81005.5,80801.5,80864.5
1778148900000,80863.5,80934.5,80557.5,80607.5
1778149800000,80608.5,80882.5,80589.5,80875.5
1778150700000,80881.5,80908.5,80795.5,80835.5
1778151600000,80837.5,81041.5,80812.5,80931.5
1778152500000,80932.5,80992.5,80842.5,80882.5
1778153400000,80884.5,81000.5,80878.5,80966.5
1778154300000,80971.5,80979.5,80761.5,80856.5
1778155200000,80862.5,81096.5,80823.5,81081.5
1778156100000,81079.5,81100.5,80948.5,81052.5
1778157000000,81043.5,81084.5,80981.5,81061.5
1778157900000,81068.5,81197.5,80996.5,81163.5
1778158800000,81162.5,81179.5,80890.5,80934.5
1778159700000,80932.5,81150.5,80839.5,80955.5
1778160600000,80957.5,80971.5,80555.5,80555.5
1778161500000,80555.5,80638.5,80211.5,80496.5
1778162400000,80502.5,80692.5,80345.5,80649.5
1778163300000,80644.5,80684.5,80379.5,80411.5
1778164200000,80409.5,80452.5,80028.5,80131.5
1778165100000,80138.5,80308.5,80107.5,80153.5
1778166000000,80158.5,80274.5,80035.5,80146.5
1778166900000,80144.5,80210.5,79642.5,79827.5
1778167800000,79826.5,80041.5,79768.5,79953.5
1778168700000,79955.5,80058.5,79827.5,79882.5
1778169600000,79882.5,79941.5,79683.5,79817.5
1778170500000,79818.5,79996.5,79685.5,79966.5
1778171400000,79967.5,80005.5,79738.5,79884.5
1778172300000,79888.5,79935.5,79718.5,79774.5
1778173200000,79780.5,79927.5,79742.5,79872.5
1778174100000,79869.5,79910.5,79491.5,79673.5
1778175000000,79684.5,79912.5,79635.5,79869.5
1778175900000,79864.5,80137.5,79814.5,80087.5
1778176800000,80090.5,80209.5,80046.5,80144.5
1778177700000,80145.5,80205.5,80105.5,80118.5
1778178600000,80112.5,80252.5,80054.5,80130.5
1778179500000,80131.5,80277.5,79980.5,80187.5
1778180400000,80193.5,80200.5,80043.5,80144.5
1778181300000,80146.5,80182.5,79906.5,79957.5
1778182200000,79958.5,80180.5,79958.5,80136.5
1778183100000,80124.5,80217.5,79983.5,80122.5
1778184000000,80123.5,80378.5,80113.5,80120.5
1778184900000,80125.5,80177.5,80076.5,80159.5
1778185800000,80153.5,80153.5,79877.5,79957.5
1778186700000,79959.5,80010.5,79833.6,79833.6
1778187600000,79860.7,79884.5,79539.5,79773.5
1778188500000,79770.5,79913.5,79696.5,79907.5
1778189400000,79906.5,79924.5,79736.5,79746.5
1778190300000,79752.5,79835.5,79694.5,79707.5
1778191200000,79702.5,79846.5,79546.5,79805.5
1778192100000,79800.5,79982.5,79788.5,79886.5
1778193000000,79893.5,79945.5,79715.5,79817.5
1778193900000,79816.5,79937.5,79807.5,79904.5
1778194800000,79906.5,80005.5,79847.5,79935.5
1778195700000,79942.5,79985.5,79842.5,79937.5
1778196600000,79939.5,80011.5,79889.5,79998.5
1778197500000,79999.5,80059.5,79981.5,79999.5
1778198400000,80000.5,80088.5,79983.5,80069.5
1778199300000,80072.5,80116.5,79917.5,80005.5
1778200200000,80009.5,80034.5,79855.5,79906.5
1778201100000,79903.5,79904.5,79708.5,79818.5
1778202000000,79819.5,79894.5,79670.5,79688.5
1778202900000,79688.5,79764.5,79569.5,79729.5
1778203800000,79724.5,79812.5,79668.5,79761.5
1778204700000,79762.5,79822.5,79702.5,79720.5
1778205600000,79726.5,79745.5,79477.5,79597.5
1778206500000,79600.5,79614.5,79302.5,79466.5
1778207400000,79467.5,79653.5,79419.5,79520.5
1778208300000,79522.5,79613.5,79420.5,79467.5
1778209200000,79470.5,79478.5,79158.5,79454.5
1778210100000,79455.5,79607.5,79452.5,79567.5
1778211000000,79567.5,79638.5,79563.5,79632.5
1778211900000,79633.5,79654.5,79537.5,79560.5
1778212800000,79563.5,79717.5,79552.5,79709.5
1778213700000,79712.5,79745.5,79647.5,79717.5
1778214600000,79718.5,79723.5,79522.5,79556.5
1778215500000,79557.5,79665.5,79554.5,79641.5
1778216400000,79643.5,79663.5,79573.5,79618.5
1778217300000,79621.5,79655.5,79578.5,79612.5
1778218200000,79610.5,79746.5,79607.5,79736.5
1778219100000,79737.5,79771.5,79574.5,79574.5
1778220000000,79578.5,79612.5,79428.5,79587.5
1778220900000,79586.5,79638.5,79527.5,79535.5
1778221800000,79535.5,79586.5,79391.5,79531.5
1778222700000,79530.5,79549.5,79467.5,79508.5
1778223600000,79505.5,79508.5,79278.5,79303.5
1778224500000,79300.5,79385.5,79229.5,79327.5
1778225400000,79332.5,79577.5,79332.5,79552.5
1778226300000,79552.5,79716.5,79529.5,79655.5
1778227200000,79657.5,79730.5,79644.5,79710.5
1778228100000,79711.5,79768.5,79678.5,79740.5
1778229000000,79742.5,79871.5,79724.5,79868.5
1778229900000,79865.5,79989.5,79846.5,79880.5
1778230800000,79879.5,79986.5,79808.5,79965.5
1778231700000,79963.5,80042.5,79869.5,79898.5
1778232600000,79899.5,79935.5,79819.5,79849.5
1778233500000,79847.5,79882.5,79760.5,79851.5
1778234400000,79852.5,80011.5,79749.5,79789.5
1778235300000,79788.5,79912.5,79788.5,79881.5
1778236200000,79880.5,80165.5,79874.5,80152.5
1778237100000,80153.5,80265.5,80108.5,80202.5
1778238000000,80209.5,80332.5,80180.5,80230.5
1778238900000,80232.5,80318.5,80179.5,80295.5
1778239800000,80296.5,80333.5,80112.5,80128.5
1778240700000,80137.5,80277.5,80137.5,80218.5
1778241600000,80218.5,80315.5,80120.5,80274.5
1778242500000,80270.5,80323.5,80239.5,80311.5
1778243400000,80293.5,80500.5,80146.5,80214.5
1778244300000,80206.5,80220.5,79943.5,80016.5
1778245200000,80013.5,80093.5,79625.5,79671.5
1778246100000,79674.5,79806.5,79489.5,79589.5
1778247000000,79590.5,79815.5,79542.5,79563.5
1778247900000,79564.5,79659.5,79505.5,79630.5
1778248800000,79630.5,79976.5,79621.5,79911.5
1778249700000,79910.5,80423.5,79872.5,80044.5
1778250600000,80043.5,80267.5,79763.5,80194.5
1778251500000,80203.5,80286.5,80044.5,80122.5
1778252400000,80114.5,80190.5,79825.5,79861.5
1778253300000,79859.5,79892.5,79588.5,79684.5
1778254200000,79688.5,80013.5,79588.5,79925.5
1778255100000,79924.5,80167.5,79912.5,80129.5
1778256000000,80126.5,80167.5,79916.5,79933.5
1778256900000,79927.5,80025.5,79866.5,79915.5
1778257800000,79917.5,79922.5,79700.5,79758.5
1778258700000,79761.5,79852.5,79728.5,79777.5
1778259600000,79776.5,79927.5,79705.5,79832.5
1778260500000,79831.5,80035.5,79812.5,79992.5
1778261400000,79992.5,80258.5,79987.5,80108.5
1778262300000,80112.5,80251.5,79954.5,80045.5
1778263200000,80044.5,80255.5,80044.5,80183.5
1778264100000,80189.5,80296.5,80140.5,80223.5
1778265000000,80220.5,80283.5,80094.5,80143.5
1778265900000,80140.5,80250.5,80051.5,80065.5
1778266800000,80071.5,80077.5,79909.5,80036.5
1778267700000,80038.5,80127.5,79976.5,80012.5
1778268600000,80011.5,80118.5,79993.5,80089.5
1778269500000,80083.5,80173.5,80032.5,80149.5
1778270400000,80167.5,80227.5,80111.5,80218.5
1778271300000,80219.5,80292.5,80164.5,80254.5
1778272200000,80252.5,80255.5,80125.5,80232.5
1778273100000,80242.5,80275.5,80063.5,80113.1
1778446800000,80700.9,80916.6,80550.5,80639.5
1778447700000,80637.5,80869.5,80626.5,80819.5
1778448600000,80813.5,80917.5,80719.5,80806.5
1778449500000,80806.5,80898.5,80683.5,80692.5
1778450400000,80696.5,81424.5,80619.5,81311.5
1778451300000,81313.5,81690.5,81181.5,81475.5
1778452200000,81477.5,82091.5,81424.5,81866.5
1778453100000,81867.5,82156.5,81798.5,82024.5
1778454000000,82025.5,82418.5,82025.5,82369.5
1778454900000,82368.5,82464.5,82168.5,82197.5
1778455800000,82210.5,82396.5,82164.5,82364.5
1778456700000,82369.5,82397.5,82048.5,82188.5
1778457600000,82196.5,82374.5,81845.5,81855.5
1778458500000,81858.5,81867.5,81376.5,81668.5
1778459400000,81665.5,81825.5,81465.5,81571.5
1778460300000,81575.5,81644.5,81252.5,81449.5
1778461200000,81458.5,81569.5,81263.5,81477.5
1778462100000,81478.5,81730.5,81430.5,81598.5
1778463000000,81599.5,81664.5,81423.5,81463.5
1778463900000,81466.5,81568.5,81360.5,81483.5
1778464800000,81478.5,81551.5,81331.5,81383.5
1778465700000,81384.5,81384.5,81111.5,81209.5
1778466600000,81213.5,81265.5,81087.5,81181.5
1778467500000,81188.5,81245.5,81135.5,81153.5
1778468400000,81153.5,81168.5,80579.5,80591.5
1778469300000,80592.5,80706.5,80521.5,80573.5
1778470200000,80577.5,80708.5,80485.5,80697.5
1778471100000,80698.5,80747.5,80656.5,80706.5
1778472000000,80705.5,80741.5,80607.5,80633.5
1778472900000,80640.5,80752.5,80628.5,80718.5
1778473800000,80719.5,80799.5,80676.5,80790.5
1778474700000,80794.5,80855.5,80694.5,80789.5
1778475600000,80792.5,80873.5,80768.5,80817.5
1778476500000,80810.5,80946.5,80810.5,80937.5
1778477400000,80937.5,80958.5,80760.5,80768.5
1778478300000,80769.5,80837.5,80727.5,80821.5
1778479200000,80814.5,80964.5,80766.5,80888.5
1778480100000,80891.5,81028.5,80799.5,80959.5
1778481000000,80963.5,81000.5,80777.5,80807.5
1778481900000,80803.5,80856.5,80735.5,80805.5
1778482800000,80809.5,80815.5,80674.5,80733.5
1778483700000,80734.5,80818.5,80662.5,80717.5
1778484600000,80716.5,80744.5,80635.5,80692.5
1778485500000,80694.5,80778.5,80682.5,80717.5
1778486400000,80722.5,80760.5,80605.5,80728.5
1778487300000,80730.5,80771.5,80611.5,80616.5
1778488200000,80609.5,80830.5,80585.5,80811.5
1778489100000,80812.5,80850.5,80697.5,80734.5
1778490000000,80732.5,80903.5,80724.5,80901.5
1778490900000,80905.5,80929.5,80861.5,80887.5
1778491800000,80892.5,80927.5,80820.5,80884.5
1778492700000,80884.5,80974.5,80866.5,80932.5
1778493600000,80935.5,81076.5,80920.5,81000.5
1778494500000,81000.5,81175.5,80982.5,81150.5
1778495400000,81157.5,81185.5,80957.5,81047.5
1778496300000,81039.5,81084.5,80896.5,80917.5
1778497200000,80917.5,81004.5,80871.5,80947.5
1778498100000,80942.5,81142.5,80942.5,81089.5
1778499000000,81083.5,81166.5,81080.5,81123.5
1778499900000,81122.5,81187.5,81070.5,81187.5
1778500800000,81187.5,81230.5,81040.5,81073.5
1778501700000,81069.5,81323.5,81048.5,81276.5
1778502600000,81279.5,81338.5,81121.5,81138.5
1778503500000,81135.5,81211.5,80995.5,81038.5
1778504400000,81036.5,81278.5,81023.5,81251.5
1778505300000,81251.5,81310.5,81096.5,81119.5
1778506200000,81124.5,81216.5,80718.5,81039.5
1778507100000,81041.5,81094.5,80888.5,81030.5
1778508000000,81025.5,81225.5,81019.5,81110.5
1778508900000,81113.5,81150.5,80698.5,80702.5
1778509800000,80709.5,80871.5,80379.5,80764.5
1778510700000,80760.5,80942.5,80665.5,80910.5
1778511600000,80905.5,81065.5,80783.5,80980.5
1778512500000,80979.5,81403.5,80904.5,81307.5
1778513400000,81305.5,81411.5,81143.5,81183.5
1778514300000,81189.5,81436.5,81172.5,81419.5
1778515200000,81417.5,81779.5,81308.5,81776.5
1778516100000,81776.5,81859.5,81650.5,81763.5
1778517000000,81763.5,81903.5,81520.5,81547.5
1778517900000,81546.5,81740.5,81536.5,81546.5
1778518800000,81547.5,81609.5,81322.5,81485.5
1778519700000,81486.5,81646.5,81476.5,81612.5
1778520600000,81612.5,81995.5,81559.5,81956.5
1778521500000,81964.5,82041.5,81879.5,81916.5
1778522400000,81913.5,82096.5,81896.5,81956.5
1778523300000,81956.5,82055.5,81800.5,82024.5
1778524200000,82031.5,82140.5,81924.5,81930.5
1778525100000,81929.5,82083.5,81815.5,81841.5
1778526000000,81848.5,81971.5,81708.5,81908.5
1778526900000,81910.5,82087.5,81800.5,81883.5
1778527800000,81881.5,82085.5,81822.5,81979.5
1778528700000,81984.5,82021.5,81905.5,81943.5
1778529600000,81954.5,82071.5,81827.5,81904.5
1778530500000,81895.5,81963.5,81829.5,81881.5
1778531400000,81883.5,81913.5,81729.5,81798.5
1778532300000,81804.5,81914.5,81776.5,81776.5
1778533200000,81796.9,81860.8,81644.5,81707.5
1778534100000,81708.5,81737.5,81597.5,81606.5
1778535000000,81605.5,81748.5,81568.5,81711.5
1778535900000,81706.5,81879.5,81633.5,81799.5
1778536800000,81803.5,81959.5,81776.5,81823.5
1778537700000,81815.5,81919.5,81706.5,81719.5
1778538600000,81718.5,81793.5,81711.5,81771.5
1778539500000,81765.5,81914.5,81739.5,81802.5
1778540400000,81801.5,81811.5,81658.5,81697.5
1778541300000,81703.5,81726.5,81593.5,81609.5
1778542200000,81608.5,81815.5,81597.5,81754.5
1778543100000,81759.5,81776.5,81705.5,81721.5
1778544000000,81717.5,81780.5,81575.5,81575.5
1778544900000,81573.5,81653.5,81478.5,81539.5
1778545800000,81537.5,81643.5,81449.5,81466.5
1778546700000,81469.5,81582.5,81469.5,81530.5
1778547600000,81529.5,81608.5,81343.5,81375.5
1778548500000,81365.5,81448.5,81224.5,81333.5
1778549400000,81332.5,81332.5,80673.5,81035.5
1778550300000,81033.5,81288.5,80975.5,81150.5
1778551200000,81150.5,81312.5,81113.5,81287.5
1778552100000,81287.5,81290.5,81014.5,81240.5
1778553000000,81240.5,81254.5,81060.5,81108.5
1778553900000,81104.5,81261.5,81104.5,81235.5
1778554800000,81231.5,81273.5,81152.5,81197.5
1778555700000,81193.5,81219.5,81110.5,81136.5
1778556600000,81143.5,81203.5,81126.5,81168.5
1778557500000,81165.5,81165.5,80991.5,81034.5
1778558400000,81033.5,81057.5,80964.5,80978.5
1778559300000,80972.5,81209.5,80955.5,81182.5
1778560200000,81186.5,81264.5,81168.5,81224.5
1778561100000,81225.5,81289.5,81181.5,81191.5
1778562000000,81191.5,81254.5,81160.5,81199.5
1778562900000,81201.5,81266.5,81138.5,81251.5
1778563800000,81252.5,81286.5,81149.5,81231.5
1778564700000,81228.5,81258.5,81181.5,81200.5
1778565600000,81194.5,81260.5,81149.5,81228.5
1778566500000,81231.5,81286.5,81182.5,81184.5
1778567400000,81185.5,81205.5,81045.5,81069.5
1778568300000,81069.5,81115.5,80977.5,80993.5
1778569200000,80996.5,81086.5,80836.5,81041.5
1778570100000,81042.5,81106.5,80818.5,80994.5
1778571000000,80995.5,81074.5,80904.5,80912.5
1778571900000,80911.5,80953.5,80776.5,80818.5
1778572800000,80817.5,80902.5,80759.5,80789.5
1778573700000,80791.5,80912.5,80729.5,80841.5
1778574600000,80832.5,80936.5,80804.5,80922.5
1778575500000,80922.5,80943.5,80797.5,80805.5
1778576400000,80805.5,80885.5,80723.5,80745.5
1778577300000,80744.5,80782.5,80685.5,80711.5
1778578200000,80715.5,80947.5,80714.5,80889.5
1778579100000,80892.5,80928.5,80772.5,80800.5
1778580000000,80791.5,80820.5,80736.5,80761.5
1778580900000,80761.5,80802.5,80634.5,80689.5
1778581800000,80695.5,80724.5,80587.5,80659.5
1778582700000,80655.5,80684.5,80528.5,80641.5
1778583600000,80662.5,80673.5,80494.5,80550.5
1778584500000,80547.5,80627.5,80454.5,80605.5
1778585400000,80607.5,80710.5,80601.5,80698.5
1778586300000,80698.5,80759.5,80668.5,80742.5
1778587200000,80751.5,80818.5,80660.5,80795.5
1778588100000,80796.5,80823.5,80703.5,80789.5
1778589000000,80796.5,80985.5,80569.5,80830.5
1778589900000,80823.5,80961.5,80819.5,80853.5
1778590800000,80854.5,80908.5,80770.5,80771.5
1778591700000,80770.5,80795.5,80596.5,80643.5
1778592600000,80637.5,80804.5,80541.5,80750.5
1778593500000,80751.5,80863.5,80366.5,80446.5
1778594400000,80450.5,80715.5,80358.5,80696.5
1778595300000,80700.5,80842.5,80552.5,80646.5
1778596200000,80642.5,80892.5,80395.5,80785.5
1778597100000,80785.5,80790.5,80457.5,80535.5
1778598000000,80533.5,80664.5,80407.5,80601.5
1778598900000,80603.5,80603.5,80152.5,80198.5
1778599800000,80196.5,80464.5,80196.5,80346.5
1778600700000,80339.5,80425.5,80247.5,80308.5
1778601600000,80311.5,80406.5,80151.5,80349.5
1778602500000,80352.5,80381.5,80156.5,80257.5
1778603400000,80256.5,80313.5,80177.5,80220.5
1778604300000,80222.5,80250.5,79805.5,79973.5
1778605200000,79971.5,80191.5,79920.5,80185.5
1778606100000,80183.5,80417.5,80183.5,80392.5
1778607000000,80392.5,80497.5,80377.5,80490.5
1778607900000,80487.5,80561.5,80428.5,80493.5
1778608800000,80497.5,80528.5,80386.5,80512.5
1778609700000,80512.5,80550.5,80421.5,80474.5
1778610600000,80471.5,80660.5,80453.5,80628.5
1778611500000,80626.5,80730.5,80575.5,80640.5
1778612400000,80642.5,80808.5,80621.5,80769.5
1778613300000,80774.5,80808.5,80669.5,80672.5
1778614200000,80672.5,80789.5,80672.5,80725.5
1778615100000,80721.5,80844.5,80711.5,80797.5
1778616000000,80793.5,80868.5,80709.5,80747.5
1778616900000,80746.5,80798.5,80719.5,80787.5
1778617800000,80781.6,80792.5,80606.5,80672.5
1778618700000,80676.5,80686.5,80606.5,80642.8
1778619600000,80657.09999999999,80723.5,80622.2,80672.5
1778620500000,80667.5,80719.5,80587.5,80642.5
1778621400000,80643.5,80645.5,80519.5,80568.5
1778622300000,80567.5,80578.5,80462.5,80557.5
1778623200000,80565.5,80788.5,80565.5,80609.5
1778624100000,80608.5,80688.5,80590.5,80646.5
1778625000000,80644.5,80711.5,80590.5,80641.5
1778625900000,80646.5,80714.5,80613.5,80634.5
1778626800000,80635.5,80706.5,80550.5,80600.5
1778627700000,80602.5,80658.5,80575.5,80639.5
1778628600000,80639.5,80649.5,80465.5,80495.5
1778629500000,80496.5,80517.5,80407.5,80482.5
1778630400000,80481.5,80524.5,80384.5,80439.5
1778631300000,80446.5,80738.5,80425.5,80639.5
1778632200000,80633.5,80765.5,80601.5,80737.5
1778633100000,80732.5,80737.5,80584.5,80697.5
1778634000000,80695.5,80984.5,80653.5,80942.5
1778634900000,80947.5,81092.5,80840.5,81040.5
1778635800000,81042.5,81142.5,81005.5,81095.5
1778636700000,81101.5,81185.5,80960.5,80992.5
1778637600000,80988.5,81080.5,80908.5,81043.5
1778638500000,81046.5,81254.5,81003.5,81106.5
1778639400000,81110.5,81128.5,80985.5,81043.5
1778640300000,81038.5,81075.5,80990.5,81032.5
1778641200000,81030.5,81078.5,80952.5,80987.5
1778642100000,80985.5,81089.5,80950.5,81073.5
1778643000000,81077.5,81184.5,80993.5,81173.5
1778643900000,81176.5,81282.5,81145.5,81231.5
1778644800000,81232.5,81246.5,81111.5,81153.5
1778645700000,81157.5,81201.5,81095.5,81194.5
1778646600000,81193.5,81266.5,81146.5,81166.5
1778647500000,81170.5,81221.5,81137.5,81215.5
1778648400000,81217.5,81230.5,81128.5,81132.5
1778649300000,81138.5,81138.5,81066.5,81102.5
1778650200000,81106.5,81122.5,80987.5,81003.5
1778651100000,81008.5,81068.5,80948.5,80996.5
1778652000000,80997.5,81081.5,80953.5,81074.5
1778652900000,81075.5,81142.5,81007.5,81089.5
1778653800000,81085.5,81106.5,80983.5,81028.5
1778654700000,81033.5,81035.5,80936.5,80950.5
1778655600000,80955.5,80998.5,80936.5,80976.5
1778656500000,80977.5,81023.5,80850.5,80884.5
1778657400000,80884.5,80955.5,80852.5,80936.5
1778658300000,80937.5,81006.5,80903.5,80985.5
1778659200000,80986.5,81044.5,80931.5,80996.5
1778660100000,80995.5,81096.5,80981.5,80995.5
1778661000000,80999.5,81148.5,80904.5,81118.5
1778661900000,81115.5,81183.5,81092.5,81160.5
1778662800000,81158.5,81288.5,81129.5,81206.5
1778663700000,81211.5,81221.5,81095.5,81126.5
1778664600000,81125.5,81277.5,81125.5,81195.5
1778665500000,81200.5,81260.5,81186.5,81250.5
1778666400000,81255.5,81268.5,81059.5,81072.5
1778667300000,81073.5,81125.5,80927.5,80931.5
1778668200000,80929.5,81008.5,80773.5,80819.5
1778669100000,80826.5,80855.5,80768.5,80773.5
1778670000000,80775.5,80820.5,80533.5,80540.5
1778670900000,80543.5,80667.5,80514.5,80538.5
1778671800000,80541.5,80658.5,80515.5,80645.5
1778672700000,80651.5,80676.5,80460.5,80470.5
1778673600000,80468.5,80569.5,80401.5,80494.5
1778674500000,80495.5,80538.5,80136.5,80323.5
1778675400000,80333.5,80333.5,79806.5,80135.5
1778676300000,80138.5,80260.5,80099.5,80164.5
1778677200000,80169.5,80322.5,80156.5,80263.5
1778678100000,80265.5,80314.5,80110.5,80118.5
1778679000000,80120.5,80189.5,79720.5,79842.5
1778679900000,79840.5,79840.5,79534.5,79612.5
1778680800000,79612.5,79757.5,79396.5,79690.5
1778681700000,79690.5,79881.5,79635.5,79827.5
1778682600000,79823.5,79839.5,79670.5,79672.5
1778683500000,79677.5,79791.5,79600.5,79732.5
1778684400000,79727.5,79837.5,79369.5,79406.5
1778685300000,79403.5,79459.5,79193.5,79241.5
1778686200000,79232.5,79324.5,79187.5,79215.5
1778687100000,79218.5,79227.5,78708.5,78788.5
1778688000000,78788.5,78982.5,78683.5,78871.5
1778688900000,78871.5,79023.5,78787.5,79006.5
1778689800000,79005.5,79139.5,78970.5,79105.5
1778690700000,79106.5,79183.5,79023.5,79068.5
1778691600000,79066.5,79202.5,79066.5,79197.5
1778692500000,79194.5,79351.5,79028.5,79306.5
1778693400000,79308.5,79417.5,79304.5,79417.5
1778694300000,79416.5,79550.5,79355.5,79488.5
1778695200000,79490.5,79610.5,79468.5,79593.5
1778696100000,79594.5,79792.5,79543.5,79754.5
1778697000000,79753.5,79791.5,79627.5,79632.5
1778697900000,79632.5,79674.5,79540.5,79589.5
1778698800000,79591.5,79619.5,79456.5,79504.5
1778699700000,79503.5,79542.5,79378.5,79480.5
1778700600000,79482.5,79591.5,79432.5,79493.5
1778701500000,79494.5,79632.5,79456.5,79617.5
1778702400000,79620.5,79742.5,79594.5,79629.5
1778703300000,79624.5,79710.5,79585.5,79590.5
1778704200000,79560.1,79714.5,79560.1,79689.5
1778705100000,79688.5,79744.5,79647.5,79655.4
1778706000000,79660.2,79663.2,79304.5,79428.5
1778706900000,79430.5,79434.5,79356.5,79403.5
1778707800000,79397.5,79487.5,79389.5,79457.5
1778708700000,79458.5,79506.5,79348.5,79378.5
1778709600000,79372.5,79442.5,79190.5,79390.5
1778710500000,79391.5,79395.5,79240.5,79293.5
1778711400000,79292.5,79386.5,79200.5,79372.5
1778712300000,79373.5,79448.5,79368.5,79395.5
1778713200000,79396.5,79478.5,79312.5,79334.5
1778714100000,79333.5,79413.5,79245.5,79320.5
1778715000000,79325.5,79354.5,79217.5,79288.5
1778715900000,79284.5,79304.5,79192.5,79298.5
1778716800000,79290.5,79515.5,79271.5,79504.5
1778717700000,79509.5,79568.5,79410.5,79429.5
1778718600000,79434.5,79621.5,79434.5,79618.5
1778719500000,79619.5,79660.5,79516.5,79545.5
1778720400000,79542.5,79672.5,79507.5,79581.5
1778721300000,79582.5,79614.5,79460.5,79509.5
1778722200000,79508.5,79563.5,79362.5,79457.5
1778723100000,79461.5,79643.5,79397.5,79560.5
1778724000000,79555.5,79654.5,79546.5,79557.5
1778724900000,79556.5,79637.5,79515.5,79629.5
1778725800000,79627.5,79633.5,79513.5,79569.5
1778726700000,79571.5,79580.5,79172.5,79327.5
1778727600000,79324.5,79432.5,79105.5,79242.5
1778728500000,79234.5,79338.5,78938.5,79282.5
1778729400000,79278.5,79375.5,79116.5,79163.5
1778730300000,79161.5,79174.5,78881.5,79006.5
1778731200000,79006.5,79238.5,78945.5,79237.5
1778732100000,79238.5,79341.5,79195.5,79285.5
1778733000000,79287.5,79364.5,79260.5,79345.5
1778733900000,79340.5,79433.5,79281.5,79404.5
1778734800000,79403.5,79448.5,79346.5,79371.5
1778735700000,79369.5,79578.5,79329.5,79562.5
1778736600000,79565.5,79740.5,79559.5,79670.5
1778737500000,79674.5,79970.5,79671.5,79780.5
1778738400000,79779.5,79915.5,79768.5,79892.5
1778739300000,79893.5,79899.5,79775.5,79779.5
1778740200000,79777.5,79862.5,79711.5,79835.5
1778741100000,79840.5,79859.5,79762.5,79776.5
1778742000000,79774.5,79840.5,79678.5,79710.5
1778742900000,79709.5,79816.5,79658.5,79753.5
1778743800000,79756.5,79905.5,79748.5,79862.5
1778744700000,79862.5,79876.5,79687.5,79699.5
1778745600000,79697.5,79852.5,79587.5,79798.5
1778746500000,79805.5,79834.5,79670.5,79738.5
1778747400000,79745.5,79901.5,79736.5,79847.5
1778748300000,79852.5,79866.5,79738.5,79779.5
1778749200000,79781.5,79876.5,79763.5,79789.5
1778750100000,79787.5,79808.5,79676.5,79696.5
1778751000000,79703.5,79708.5,79538.5,79631.5
1778751900000,79626.5,79634.5,79529.5,79589.5
1778752800000,79587.5,79717.5,79521.5,79595.5
1778753700000,79594.5,79721.5,79591.5,79654.5
1778754600000,79653.5,79659.5,79363.5,79418.5
1778755500000,79419.5,79599.5,79418.5,79530.5
1778756400000,79529.5,79575.5,79450.5,79451.5
1778757300000,79449.5,79523.5,79218.5,79320.5
1778758200000,79317.5,79360.5,79223.5,79230.5
1778759100000,79232.5,79303.5,79177.5,79207.5
1778760000000,79206.5,79372.5,79186.5,79322.5
1778760900000,79321.5,79432.5,79241.5,79386.5
1778761800000,79387.5,79658.5,79355.5,79646.5
1778762700000,79641.5,79759.5,79639.5,79744.5
1778763600000,79750.5,79866.5,79679.5,79849.5
1778764500000,79848.5,80040.5,79741.5,79918.5
1778765400000,79921.5,79963.5,79679.5,79837.5
1778766300000,79836.5,80041.5,79619.5,79683.5
1778767200000,79681.5,79972.5,79538.5,79966.5
1778768100000,79965.5,80241.5,79953.5,80122.5
1778769000000,80124.5,80375.5,80064.5,80336.5
1778769900000,80338.5,81000.5,80338.5,80954.5
1778770800000,80956.5,81143.5,80782.5,80980.5
1778771700000,80978.5,81136.5,80893.5,80985.5
1778772600000,80991.5,81078.5,80804.5,81007.5
1778773500000,81014.5,81339.5,80993.5,81301.5
1778774400000,81300.5,81609.5,81300.5,81553.5
1778775300000,81557.5,81605.5,81391.5,81555.5
1778776200000,81547.5,81668.5,81346.5,81512.5
1778777100000,81509.5,81900.5,81077.5,81882.5
1778778000000,81879.5,82049.5,81700.5,81720.5
1778778900000,81718.5,81718.5,81262.5,81466.5
1778779800000,81467.5,81728.5,81427.5,81642.5
1778780700000,81638.5,81800.5,81638.5,81669.5
1778781600000,81668.5,81863.5,81482.5,81857.5
1778782500000,81858.5,81962.5,81754.5,81870.5
1778783400000,81871.5,81887.5,81495.5,81535.5
1778784300000,81536.5,81663.5,81437.5,81576.5
1778785200000,81577.5,81725.5,81532.5,81545.5
1778786100000,81547.5,81641.5,81319.5,81348.5
1778787000000,81347.5,81489.5,81331.5,81452.5
1778787900000,81449.5,81490.5,81369.5,81428.5
1778788800000,81427.5,81605.5,81351.5,81353.5
1778789700000,81355.5,81424.5,81217.5,81278.5
1778790600000,81274.5,81314.5,81113.5,81241.5
1778791500000,81242.5,81464.5,81241.5,81365.5
1778792400000,81389.8,81456.4,81290.5,81335.5
1778793300000,81335.5,81461.5,81239.5,81409.5
1778794200000,81408.5,81527.5,81397.5,81442.5
1778795100000,81442.5,81456.5,81350.5,81374.5
1778796000000,81378.5,81508.5,81314.5,81500.5
1778796900000,81499.5,81502.5,81393.5,81440.5
1778797800000,81441.5,81539.5,81427.5,81514.5
1778798700000,81515.5,81567.5,81412.5,81449.5
1778799600000,81448.5,81448.5,81167.5,81236.5
1778800500000,81237.5,81374.5,81171.5,81354.5
1778801400000,81352.5,81362.5,81187.5,81201.5
1778802300000,81199.5,81204.5,81029.5,81071.5
1778803200000,81072.5,81463.5,81041.5,81450.5
1778804100000,81465.5,81490.5,81330.5,81444.5
1778805000000,81441.5,81655.5,81239.5,81324.5
1778805900000,81326.5,81580.5,81314.5,81492.5
1778806800000,81491.5,81612.5,81481.5,81518.5
1778807700000,81520.5,81585.5,81360.5,81361.5
1778808600000,81361.5,81473.5,81185.5,81378.5
1778809500000,81379.5,81387.5,81062.5,81115.5
1778810400000,81114.5,81193.5,80840.5,80913.5
1778811300000,80914.5,81022.5,80831.5,80894.5
1778812200000,80888.5,81113.5,80707.5,81070.5
1778813100000,81076.5,81345.5,81064.5,81279.5
1778814000000,81282.5,81336.5,81109.5,81211.5
1778814900000,81207.5,81246.5,81130.5,81233.5
1778815800000,81242.5,81242.5,80892.5,80970.5
1778816700000,80970.5,81092.5,80946.5,81046.5
1778817600000,81045.5,81085.5,80934.5,81014.5
1778818500000,81015.5,81061.5,80834.5,80885.5
1778819400000,80886.5,81032.5,80860.5,80901.5
1778820300000,80906.5,80943.5,80677.5,80711.5
1778821200000,80714.5,80844.5,80631.5,80812.5
1778822100000,80810.5,80877.5,80744.5,80785.5
1778823000000,80782.5,80806.5,80299.5,80456.5
1778823900000,80455.5,80548.5,80293.5,80347.5
1778824800000,80343.5,80460.5,80300.5,80399.5
1778825700000,80406.5,80512.5,80288.5,80510.5
1778826600000,80508.5,80627.5,80479.5,80585.5
1778827500000,80583.5,80630.5,80533.5,80572.5
1778828400000,80569.5,80776.5,80523.5,80762.5
1778829300000,80764.5,80999.5,80687.5,80888.5
1778830200000,80886.5,80892.5,80711.5,80808.5
1778831100000,80806.5,80881.5,80764.5,80812.5
1778832000000,80813.5,80829.5,80653.5,80735.5
1778832900000,80732.5,80735.5,80506.5,80527.5
1778833800000,80529.5,80718.5,80379.5,80680.5
1778834700000,80679.5,80686.5,80548.5,80636.5
1778835600000,80644.5,80673.5,80530.5,80568.5
1778836500000,80563.5,80582.5,80430.5,80566.5
1778837400000,80569.5,80638.5,80405.5,80412.5
1778838300000,80411.5,80496.5,80345.5,80470.5
1778839200000,80472.5,80596.5,80390.5,80577.5
1778840100000,80578.5,80582.5,80473.5,80498.5
1778841000000,80497.5,80572.5,80417.5,80531.5
1778841900000,80534.5,80764.5,80502.5,80704.5
1778842800000,80703.5,80753.5,80568.5,80675.5
1778843700000,80671.5,80714.5,80569.5,80618.5
1778844600000,80621.5,80650.5,80570.5,80634.5
1778845500000,80637.5,80706.5,80574.5,80616.5
1778846400000,80617.5,80633.5,80370.5,80399.5
1778847300000,80402.5,80575.5,80350,80526.5
1778848200000,80525.5,80551.5,80367.5,80385.5
1778849100000,80382.5,80438.5,80320.5,80369.5
1778850000000,80370.5,80370.5,80046.5,80112.5
1778850900000,80115.5,80196.5,79971.5,79993.5
1778851800000,79999.5,80004.5,79047.5,79083.5
1778852700000,79082.5,79235.5,78593.5,78694.5
1778853600000,78703.5,79300.5,78578.5,79215.5
1778854500000,79209.5,79280.5,78951.5,79030.5
1778855400000,79044.5,79259.5,78948.5,79182.5
1778856300000,79186.5,79287.5,78903.5,79112.5
1778857200000,79110.5,79301.5,79037.5,79197.5
1778858100000,79196.5,79342.5,79061.5,79109.5
1778859000000,79111.5,79195.5,79022.5,79048.5
1778859900000,79045.5,79211.5,78965.5,79109.5
1778860800000,79112.5,79209.5,79080.5,79158.5
1778861700000,79153.5,79287.5,79092.5,79280.5
1778862600000,79282.5,79351.5,79210.5,79245.5
1778863500000,79246.5,79313.5,79096.5,79252.5
1778864400000,79254.5,79319.5,79183.5,79218.5
1778865300000,79219.5,79418.5,79180.5,79333.5
1778866200000,79337.5,79453.5,79321.5,79358.5
1778867100000,79362.5,79483.5,79325.5,79429.5
1778868000000,79430.5,79531.5,79382.5,79431.5
1778868900000,79434.5,79448.5,79159.5,79240.5
1778869800000,79242.5,79280.5,79117.5,79243.5
1778870700000,79241.5,79292.5,79147.5,79235.5
1778871600000,79234.5,79253.5,78996.5,79032.5
1778872500000,79032.5,79124.5,79032.5,79072.5
1778873400000,79081.5,79156.5,79024.5,79067.5
1778874300000,79068.5,79148.5,79048.5,79088.5
1778875200000,79086.5,79179.5,79027.5,79087.5
1778876100000,79089.5,79133.5,79013.5,79123.5
1778877000000,79122.5,79158.5,79019.5,79032.5
1778877900000,79029.5,79077.5,78932.5,79072.9
1779051600000,78210.4,78265.5,78119.5,78253.5
1779052500000,78252.5,78399.5,78214.5,78379.5
1779053400000,78383.5,78453.5,78313.5,78382.5
1779054300000,78383.5,78436.5,78344.5,78362.5
1779055200000,78358.5,78371.5,77898.5,78075.5
1779056100000,78073.5,78107.5,77891.5,77940.5
1779057000000,77937.5,78093.5,77889.5,77996.5
1779057900000,77997.5,78006.5,77769.5,77950.5
1779058800000,77951.5,77964.5,77699.5,77802.5
1779059700000,77800.5,77927.5,77622.5,77777.5
1779060600000,77776.5,77847.5,76628.5,77192.5
1779061500000,77191.5,77497.5,77057.5,77395.5
1779062400000,77400.5,77426.5,76839.5,77159.5
1779063300000,77154.5,77288.5,77025.5,77092.5
1779064200000,77098.5,77178.5,76895.5,76959.5
1779065100000,76952.5,77190.5,76894.5,77160.5
1779066000000,77164.5,77247.5,77011.5,77012.5
1779066900000,77000.5,77024.5,76792.5,76842.5
1779067800000,76843.5,76886.5,76711.5,76790.5
1779068700000,76789.5,77121.5,76692.5,77072.5
1779069600000,77070.5,77181.5,77000.5,77115.5
1779070500000,77118.5,77132.5,76906.5,76991.5
1779071400000,76989.5,77009.5,76768.5,76825.5
1779072300000,76828.5,76889.5,76642.5,76794.5
1779073200000,76797.5,76976.5,76784.5,76832.5
1779074100000,76832.5,76959.5,76787.5,76918.5
1779075000000,76920.5,76964.5,76757.5,76948.5
1779075900000,76947.5,76961.5,76823.5,76879.5
1779076800000,76875.5,76994.5,76865.5,76973.5
1779077700000,76975.5,76995.5,76712.5,76769.5
1779078600000,76763.5,76965.5,76723.5,76959.5
1779079500000,76957.5,77032.5,76855.5,76983.5
1779080400000,76993.5,77044.5,76946.5,76985.5
1779081300000,76985.5,77015.5,76878.5,76978.5
1779082200000,76982.5,77028.5,76832.5,76853.5
1779083100000,76855.5,76940.5,76831.5,76872.5
1779084000000,76866.5,76916.5,76525.5,76829.5
1779084900000,76832.5,76930.5,76638.5,76683.5
1779085800000,76684.5,76795.5,76595.5,76785.5
1779086700000,76784.5,76918.5,76778.5,76872.5
1779087600000,76875.5,76957.5,76820.5,76900.5
1779088500000,76903.5,77028.5,76705.5,76982.5
1779089400000,76981.5,77027.5,76863.5,76908.5
1779090300000,76913.5,77045.5,76913.5,77014.5
1779091200000,77018.5,77137.5,76960.5,76981.5
1779092100000,76966.5,77018.5,76890.5,76917.5
1779093000000,76917.5,76939.5,76816.5,76895.5
1779093900000,76893.5,76976.5,76829.5,76969.5
1779094800000,76968.5,76992.5,76802.5,76844.5
1779095700000,76845.5,76925.5,76827.5,76904.5
1779096600000,76908.5,76967.5,76837.5,76890.5
1779097500000,76892.5,76937.5,76846.5,76873.5
1779098400000,76873.5,76897.5,76706.5,76727.5
1779099300000,76728.5,76783.5,76651.5,76765.5
1779100200000,76766.5,76815.5,76708.5,76768.5
1779101100000,76763.5,76849.5,76706.5,76717.5
1779102000000,76722.5,76742.5,76592.5,76699.5
1779102900000,76702.5,76825.5,76689.5,76760.5
1779103800000,76764.5,77349.5,76717.5,77303.5
1779104700000,77305.5,77323.5,77161.5,77244.5
1779105600000,77235.5,77444.5,77217.5,77386.5
1779106500000,77387.5,77509.5,77230.5,77295.5
1779107400000,77291.5,77694.5,77241.5,77680.5
1779108300000,77682.5,77761.5,77532.5,77613.5
1779109200000,77606.5,77610.5,77402.5,77435.5
1779110100000,77436.5,77448.5,77229.5,77235.5
1779111000000,77233.5,77248.5,76702.5,76774.5
1779111900000,76774.5,77110.5,76645.5,76891.5
1779112800000,76899.5,76919.5,76623.5,76654.5
1779113700000,76656.5,76783.5,76363.5,76593.5
1779114600000,76593.5,76665.5,76172.5,76421.5
1779115500000,76419.5,76443.5,76239.5,76331.5
1779116400000,76332.5,76375.5,76035.5,76219.5
1779117300000,76218.5,76260.5,76004.5,76034.5
1779118200000,76035.5,76312.5,75981.5,76259.5
1779119100000,76265.5,76438.5,76211.5,76352.5
1779120000000,76357.5,76518.5,76166.5,76438.5
1779120900000,76437.5,76592.5,76134.5,76212.5
1779121800000,76213.5,76471.5,76157.5,76382.5
1779122700000,76382.5,76466.5,76292.5,76340.5
1779123600000,76339.5,76564.5,76280.5,76478.5
1779124500000,76479.5,76629.5,76479.5,76595.5
1779125400000,76594.5,76620.5,76471.5,76592.5
1779126300000,76594.5,76690.5,76566.5,76625.5
1779127200000,76623.5,76638.5,76346.5,76375.5
1779128100000,76371.5,76380.5,76055.5,76285.5
1779129000000,76287.5,76355.5,76166.5,76257.5
1779129900000,76256.5,76323.5,76132.5,76176.5
1779130800000,76178.5,76840.5,76138.5,76555.5
1779131700000,76554.5,76645.5,76469.5,76554.5
1779132600000,76555.5,76844.5,76528.5,76824.5
1779133500000,76822.5,76922.5,76757.5,76843.5
1779134400000,76845.5,77004.5,76777.5,76975.5
1779135300000,76977.5,77095.5,76956.5,77059.5
1779136200000,77050.5,77112.5,76888.5,76896.5
1779137100000,76898.5,76982.5,76806.5,76843.7
1779138000000,76833.9,76945.5,76631.5,76837.5
1779138900000,76838.5,77012.5,76832.5,76949.5
1779139800000,76952.5,77110.5,76892.5,76972.5
1779140700000,76973.5,77075.5,76913.5,77023.5
1779141600000,77021.5,77111.5,76916.5,77071.5
1779142500000,77065.5,77166.5,77016.5,77088.5
1779143400000,77095.5,77117.5,76959.5,76987.5
1779144300000,76984.5,77028.5,76835.5,77019.5
1779145200000,77019.5,77100.5,76994.5,77014.5
1779146100000,77013.5,77023.5,76950.5,76961.5
1779147000000,76962.5,77056.5,76919.5,77045.5
1779147900000,77044.5,77056.5,76875.5,76934.5
1779148800000,76937.5,77097.5,76878.5,77043.5
1779149700000,77046.5,77356.5,77013.5,77157.5
1779150600000,77156.5,77205.5,77054.5,77116.5
1779151500000,77116.5,77253.5,77069.5,77080.5
1779152400000,77084.5,77102.5,76967.5,77054.5
1779153300000,77056.5,77071.5,76640.5,76697.5
1779154200000,76699.5,76871.5,76595.5,76788.5
1779155100000,76787.5,76801.5,76591.5,76595.5
1779156000000,76592.5,76664.5,76405.5,76657.5
1779156900000,76653.5,76937.5,76595.5,76764.5
1779157800000,76761.5,76785.5,76662.5,76691.5
1779158700000,76692.5,76731.5,76530.5,76541.5
1779159600000,76542.5,76716.5,76507.5,76709.5
1779160500000,76706.5,76808.5,76620.5,76690.5
1779161400000,76686.5,76798.5,76675.5,76783.5
1779162300000,76779.5,76801.5,76687.5,76715.5
1779163200000,76721.5,76887.5,76650.5,76834.5
1779164100000,76829.5,76829.5,76630.5,76681.5
1779165000000,76682.5,76853.5,76672.5,76820.5
1779165900000,76815.5,76889.5,76794.5,76867.5
1779166800000,76864.5,76892.5,76772.5,76815.5
1779167700000,76812.5,76815.5,76569.5,76759.5
1779168600000,76760.5,76952.5,76702.5,76855.5
1779169500000,76858.5,76926.5,76804.5,76847.5
1779170400000,76846.5,76961.5,76821.5,76932.5
1779171300000,76931.5,76989.5,76871.5,76949.5
1779172200000,76943.5,77046.5,76868.5,77018.5
1779173100000,77017.5,77036.5,76946.5,76966.5
1779174000000,76961.5,77085.5,76903.5,77078.5
1779174900000,77079.5,77195.5,77033.5,77087.5
1779175800000,77093.5,77209.5,77053.5,77181.5
1779176700000,77185.5,77221.5,77145.5,77166.5
1779177600000,77164.5,77193.5,76976.5,77052.5
1779178500000,77053.5,77140.5,76900.5,76994.5
1779179400000,76995.5,77262.5,76927.5,77118.5
1779180300000,77117.5,77156.5,76970.5,76993.5
1779181200000,76985.5,77012.5,76932.5,76964.5
1779182100000,76962.5,76964.5,76652.5,76701.5
1779183000000,76699.5,76788.5,76626.5,76731.5
1779183900000,76724.5,76783.5,76661.5,76750.5
1779184800000,76745.5,76814.5,76687.5,76727.5
1779185700000,76725.5,76763.5,76670.5,76757.5
1779186600000,76761.5,76911.5,76656.5,76679.5
1779187500000,76681.5,77028.5,76617.5,76967.5
1779188400000,76970.5,77009.5,76880.5,76921.5
1779189300000,76922.5,76953.5,76751.5,76805.5
1779190200000,76806.5,76823.5,76553.5,76581.5
1779191100000,76576.5,76694.5,76576.5,76636.5
1779192000000,76637.5,76722.5,76561.5,76706.5
1779192900000,76707.5,76785.5,76674.5,76767.5
1779193800000,76766.5,76887.5,76761.5,76827.5
1779194700000,76829.5,76919.5,76806.5,76872.5
1779195600000,76870.5,76914.5,76619.5,76750.5
1779196500000,76749.5,76775.5,76504.5,76520.5
1779197400000,76530.5,76992.5,76501.5,76646.5
1779198300000,76652.5,76963.5,76626.5,76800.5
1779199200000,76804.5,76948.5,76531.5,76535.5
1779200100000,76536.5,76577.5,76219.5,76380.5
1779201000000,76376.5,76521.5,76157.5,76390.5
1779201900000,76387.5,76412.5,76055.5,76312.5
1779202800000,76314.5,76531.5,76252.5,76521.5
1779203700000,76522.5,76612.5,76326.5,76420.5
1779204600000,76423.5,76606.5,76367.5,76405.5
1779205500000,76406.5,76510.5,76339.5,76454.5
1779206400000,76449.5,76518.5,76328.5,76403.5
1779207300000,76404.5,76554.5,76384.5,76549.5
1779208200000,76546.5,76739.5,76540.5,76739.5
1779209100000,76740.5,76862.5,76675.5,76816.5
1779210000000,76817.5,76908.5,76787.5,76881.5
1779210900000,76884.5,76949.5,76797.5,76802.5
1779211800000,76799.5,76945.5,76670.5,76831.5
1779212700000,76832.5,76832.5,76677.5,76772.5
1779213600000,76770.5,76889.5,76708.5,76845.5
1779214500000,76844.5,76887.5,76689.5,76707.5
1779215400000,76703.5,76801.5,76662.5,76765.5
1779216300000,76767.5,76825.5,76689.5,76720.5
1779217200000,76722.5,76992.5,76722.5,76981.5
1779218100000,76978.5,77009.5,76684.5,76738.5
1779219000000,76739.5,76845.5,76703.5,76797.5
1779219900000,76793.5,76818.5,76690.5,76750.5
1779220800000,76751.5,76889.5,76746.5,76872.5
1779221700000,76870.5,76888.5,76820.5,76859.5
1779222600000,76855.5,76917.5,76848.5,76862.5
1779223500000,76859.5,76975.5,76859.5,76951.7
1779224400000,76937.8,76977.5,76880.5,76950.5
1779225300000,76944.5,76978.5,76868.5,76938.5
1779226200000,76932.5,76978.5,76921.5,76959.5
1779227100000,76960.5,76969.5,76896.5,76907.5
1779228000000,76902.5,76902.5,76676.5,76704.5
1779228900000,76701.5,76719.5,76569.5,76596.5
1779229800000,76598.5,76732.5,76562.5,76679.5
1779230700000,76684.5,76703.5,76627.5,76637.5
1779231600000,76636.5,76765.5,76586.5,76728.5
1779232500000,76725.5,76832.5,76715.5,76823.5
1779233400000,76824.5,76905.5,76796.5,76819.5
1779234300000,76823.5,76839.5,76728.5,76749.5
1779235200000,76750.5,76810.5,76461.5,76482.5
1779236100000,76487.5,76614.5,76416.5,76608.5
1779237000000,76611.5,76773.5,76531.5,76645.5
1779237900000,76641.5,76719.5,76591.5,76717.5
1779238800000,76706.5,76839.5,76627.5,76784.5
1779239700000,76780.5,76820.5,76466.5,76499.5
1779240600000,76495.5,76633.5,76419.5,76518.5
1779241500000,76521.5,76845.5,76478.5,76726.5
1779242400000,76729.5,76781.5,76660.5,76731.5
1779243300000,76727.5,76838.5,76685.5,76695.5
1779244200000,76688.5,76696.5,76513.5,76539.5
1779245100000,76538.5,76636.5,76508.5,76610.5
1779246000000,76611.5,76612.5,76516.5,76567.5
1779246900000,76567.5,76749.5,76535.5,76717.5
1779247800000,76716.5,76730.5,76646.5,76665.5
1779248700000,76666.5,76700.5,76630.5,76651.5
1779249600000,76652.5,76766.5,76647.5,76731.5
1779250500000,76732.5,76748.5,76673.5,76689.5
1779251400000,76682.5,76713.5,76595.5,76656.5
1779252300000,76655.5,76730.5,76655.5,76690.5
1779253200000,76690.5,77203.5,76690.5,77153.5
1779254100000,77149.5,77167.5,77036.5,77094.5
1779255000000,77087.5,77247.5,77059.5,77062.5
1779255900000,77067.5,77146.5,77062.5,77117.5
1779256800000,77116.5,77171.5,77103.5,77161.5
1779257700000,77161.5,77291.5,77159.5,77203.5
1779258600000,77206.5,77242.5,77162.5,77233.5
1779259500000,77232.5,77341.5,77186.5,77330.5
1779260400000,77326.5,77355.5,77236.5,77307.5
1779261300000,77310.5,77402.5,77230.5,77325.5
1779262200000,77320.5,77341.5,77242.5,77284.5
1779263100000,77284.5,77297.5,77155.5,77202.5
1779264000000,77201.5,77262.5,77170.5,77207.5
1779264900000,77212.5,77230.5,77123.5,77209.5
1779265800000,77210.5,77547.5,77210.5,77437.5
1779266700000,77438.5,77474.5,77310.5,77372.5
1779267600000,77367.5,77408.5,77308.5,77334.5
1779268500000,77339.5,77438.5,77271.5,77416.5
1779269400000,77415.5,77465.5,77394.5,77423.5
1779270300000,77426.5,77450.5,77353.5,77392.5
1779271200000,77391.5,77531.5,77391.5,77515.5
1779272100000,77518.5,77575.5,77465.5,77542.5
1779273000000,77544.5,77590.5,77430.5,77471.5
1779273900000,77469.5,77519.5,77420.5,77428.5
1779274800000,77426.5,77489.5,77380.5,77404.5
1779275700000,77402.5,77428.5,77368.5,77378.5
1779276600000,77382.5,77412.5,77251.5,77319.5
1779277500000,77318.5,77341.5,77224.5,77295.5
1779278400000,77288.5,77402.5,77271.5,77365.5
1779279300000,77354.5,77449.5,77283.5,77411.5
1779280200000,77412.5,77470.5,77399.5,77441.5
1779281100000,77443.5,77670.5,77439.5,77540.5
1779282000000,77543.5,77577.5,77357.5,77384.5
1779282900000,77385.5,77407.5,77183.5,77212.5
1779283800000,77210.5,77263.5,76881.5,77000.5
1779284700000,77003.5,77281.5,76957.5,77126.5
1779285600000,77129.5,77197.5,76766.5,77023.5
1779286500000,77025.5,77504.5,77025.5,77335.5
1779287400000,77331.5,77435.5,77174.5,77324.5
1779288300000,77326.5,77492.5,77292.5,77351.5
1779289200000,77359.5,77401.5,77216.5,77242.5
1779290100000,77243.5,77788.5,77238.5,77481.5
1779291000000,77487.5,77567.5,77287.5,77367.5
1779291900000,77370.5,77520.5,77293.5,77379.5
1779292800000,77381.5,77495.5,77342.5,77400.5
1779293700000,77404.5,77404.5,76916.5,76987.5
1779294600000,76989.5,77280.5,76931.5,77255.5
1779295500000,77258.5,77285.5,77151.5,77244.5
1779296400000,77245.5,77369.5,77126.5,77310.5
1779297300000,77309.5,77571.5,77258.5,77488.5
1779298200000,77488.5,77649.5,77431.5,77584.5
1779299100000,77587.5,77644.5,77446.5,77500.5
1779300000000,77501.5,77531.5,77388.5,77405.5
1779300900000,77403.5,77564.5,77328.5,77422.5
1779301800000,77421.5,77478.5,77351.5,77386.5
1779302700000,77386.5,77408.5,77298.5,77330.5
1779303600000,77332.5,77392.5,77260.5,77328.5
1779304500000,77331.5,77507.5,77279.5,77489.5
1779305400000,77488.5,77582.5,77448.5,77547.5
1779306300000,77551.5,77652.5,77508.5,77598.5
1779307200000,77599.5,77687.5,77498.5,77671.5
1779308100000,77674.5,77677.5,77391.5,77622.5
1779309000000,77621.5,77676.5,77513.5,77617.5
1779309900000,77610.5,77687.5,77590.5,77641.6
1779310800000,77612.6,77696.5,77526.5,77672.5
1779311700000,77673.5,77688.5,77520.5,77523.5
1779312600000,77531.5,77589.5,77476.5,77553.5
1779313500000,77554.5,77589.5,77420.5,77422.5
1779314400000,77421.5,77422.5,77214.5,77297.5
1779315300000,77300.5,77379.5,77143.5,77354.5
1779316200000,77349.5,77436.5,77296.5,77362.5
1779317100000,77361.5,77436.5,77361.5,77428.5
1779318000000,77432.5,77433.5,77313.5,77375.5
1779318900000,77371.5,77383.5,77295.5,77308.5
1779319800000,77311.5,77416.5,77298.5,77401.5
1779320700000,77395.5,77488.5,77375.5,77480.5
1779321600000,77479.5,77618.5,77433.5,77588.5
1779322500000,77587.5,77666.5,77519.5,77658.5
1779323400000,77657.5,77678.5,77613.5,77659.5
1779324300000,77660.5,77997.5,77658.5,77888.5
1779325200000,77889.5,78067.5,77849.5,78063.5
1779326100000,78064.5,78109.5,77737.5,77805.5
1779327000000,77803.5,77896.5,77732.5,77809.5
1779327900000,77811.5,77905.5,77721.5,77787.5
1779328800000,77788.5,77846.5,77738.5,77803.5
1779329700000,77804.5,78030.5,77784.5,77962.5
1779330600000,77964.5,78005.5,77902.5,77933.5
1779331500000,77933.5,77956.5,77867.5,77877.5
1779332400000,77876.5,77940.5,77845.5,77877.5
1779333300000,77876.5,77965.5,77820.5,77957.5
1779334200000,77955.5,77963.5,77905.5,77936.5
1779335100000,77935.5,78026.5,77915.5,77995.5
1779336000000,77998.5,78102.5,77882.5,77897.5
1779336900000,77898.5,77961.5,77879.5,77944.5
1779337800000,77945.5,77961.5,77880.5,77900.5
1779338700000,77901.5,77980.5,77895.5,77951.5
1779339600000,77955.5,78086.5,77818.5,77846.5
1779340500000,77844.5,77883.5,77786.5,77793.5
1779341400000,77792.5,77847.5,77767.5,77781.5
1779342300000,77779.5,77798.5,77622.5,77755.5
1779343200000,77755.5,77804.5,77645.5,77682.5
1779344100000,77684.5,77788.5,77628.5,77705.5
1779345000000,77704.5,77749.5,77549.5,77597.5
1779345900000,77594.5,77601.5,77425.5,77539.5
1779346800000,77542.5,77612.5,77479.5,77516.5
1779347700000,77517.5,77530.5,77430.5,77511.5
1779348600000,77515.5,77650.5,77513.5,77635.5
1779349500000,77639.5,77833.5,77623.5,77801.5
1779350400000,77804.5,78113.5,77795.5,78061.5
1779351300000,78062.5,78107.5,77850.5,77971.5
1779352200000,77972.5,77974.5,77803.5,77852.5
1779353100000,77853.5,77891.5,77805.5,77840.5
1779354000000,77840.5,77919.5,77800.5,77860.5
1779354900000,77861.5,77892.5,77835.5,77852.5
1779355800000,77853.5,77877.5,77591.5,77607.5
1779356700000,77611.5,77641.5,77548.5,77550.5
1779357600000,77550.5,77600.5,77530.5,77550.5
1779358500000,77553.5,77605.5,77085.5,77300.5
1779359400000,77301.5,77370.5,77126.5,77273.5
1779360300000,77270.5,77296.5,77095.5,77123.5
1779361200000,77122.5,77259.5,77011.5,77224.5
1779362100000,77222.5,77292.5,77170.5,77235.5
1779363000000,77234.5,77302.5,77124.5,77181.5
1779363900000,77182.5,77194.5,77096.5,77106.5
1779364800000,77109.5,77205.5,77074.5,77123.5
1779365700000,77124.5,77150.5,77001.5,77039.5
1779366600000,77039.5,77254.5,76992.5,77162.5
1779367500000,77163.5,77291.5,77161.5,77193.5
1779368400000,77196.5,77282.5,77166.5,77170.5
1779369300000,77168.5,77236.5,77117.5,77220.5
1779370200000,77233.5,77241.5,76620.5,76674.5
1779371100000,76665.5,77114.5,76656.5,77037.5
1779372000000,77046.5,77173.5,76963.5,77015.5
1779372900000,77008.5,77023.5,76694.5,76982.5
1779373800000,76979.5,77122.5,76865.5,76912.5
1779374700000,76910.5,76959.5,76803.5,76894.5
1779375600000,76892.5,77167.5,76806.5,77077.5
1779376500000,77074.5,77251.5,77043.5,77191.5
1779377400000,77188.5,77214.5,76979.5,77141.5
1779378300000,77144.5,77327.5,77075.5,77177.5
1779379200000,77177.5,77281.5,77140.5,77204.5
1779380100000,77208.5,77219.5,77024.5,77106.5
1779381000000,77106.5,77225.5,76946.5,76978.5
1779381900000,76979.5,77122.5,76917.5,77121.5
1779382800000,77119.5,77496.5,77090.5,77436.5
1779383700000,77431.5,77939.5,77411.5,77900.5
1779384600000,77900.5,77981.5,77782.5,77835.5
1779385500000,77833.5,78029.5,77713.5,77799.5
1779386400000,77793.5,77863.5,77549.5,77634.5
1779387300000,77638.5,77837.5,77547.5,77662.5
1779388200000,77664.5,77747.5,77639.5,77677.5
1779389100000,77676.5,77693.5,77153.5,77310.5
1779390000000,77311.5,77524.5,77282.5,77460.5
1779390900000,77462.5,77542.5,77431.5,77470.5
1779391800000,77469.5,77584.5,77468.5,77545.5
1779392700000,77540.5,77730.5,77529.5,77613.5
1779393600000,77621.5,77670.5,77574.5,77619.5
1779394500000,77619.5,77657.5,77596.5,77616.5
1779395400000,77613.5,77724.5,77566.5,77627.5
1779396300000,77628.5,77733.5,77568.5,77616.2
1779397200000,77617.9,77736.5,77580.5,77692.5
1779398100000,77693.5,77736.5,77678.5,77730.5
1779399000000,77732.5,77743.5,77603.5,77642.5
1779399900000,77641.5,77651.5,77564.5,77602.5
1779400800000,77598.5,77686.5,77528.5,77577.5
1779401700000,77576.5,77631.5,77523.5,77625.5
1779402600000,77627.5,77655.5,77475.5,77575.5
1779403500000,77571.5,77600.5,77528.5,77554.5
1779404400000,77553.5,77660.5,77492.5,77492.5
1779405300000,77493.5,77596.5,77460.5,77582.5
1779406200000,77583.5,77688.5,77552.5,77635.5
1779407100000,77634.5,77690.5,77526.5,77553.5
1779408000000,77548.5,77578.5,77367.5,77372.5
1779408900000,77369.5,77494.5,77334.5,77408.5
1779409800000,77409.5,77509.5,77319.5,77400.5
1779410700000,77399.5,77457.5,77292.5,77302.5
1779411600000,77304.5,77455.5,77239.5,77445.5
1779412500000,77444.5,77483.5,77366.5,77384.5
1779413400000,77382.5,77456.5,77265.5,77445.5
1779414300000,77447.5,77597.5,77445.5,77549.5
1779415200000,77545.5,77642.5,77545.5,77612.5
1779416100000,77613.5,77678.5,77532.5,77598.5
1779417000000,77596.5,77641.5,77527.5,77548.5
1779417900000,77547.5,77636.5,77510.5,77595.5
1779418800000,77594.5,77713.5,77594.5,77644.5
1779419700000,77646.5,77738.5,77607.5,77735.5
1779420600000,77738.5,77743.5,77678.5,77719.5
1779421500000,77713.5,77747.5,77666.5,77709.5
1779422400000,77709.5,77821.5,77709.5,77801.5
1779423300000,77801.5,77836.5,77693.5,77722.5
1779424200000,77723.5,77740.5,77603.5,77608.5
1779425100000,77609.5,77628.5,77544.5,77585.5
1779426000000,77587.5,77655.5,77503.5,77606.5
1779426900000,77609.5,77634.5,77484.5,77528.5
1779427800000,77527.5,77567.5,77447.5,77503.5
1779428700000,77504.5,77601.5,77370.5,77405.5
1779429600000,77406.5,77451.5,77343.5,77409.5
1779430500000,77408.5,77417.5,77326.5,77376.5
1779431400000,77374.5,77404.5,77309.5,77391.5
1779432300000,77399.5,77437.5,77279.5,77340.5
1779433200000,77341.5,77353.5,77184.5,77286.5
1779434100000,77288.5,77447.5,77281.5,77418.5
1779435000000,77422.5,77469.5,77351.5,77381.5
1779435900000,77382.5,77382.5,77305.5,77317.5
1779436800000,77319.5,77382.5,77262.5,77323.5
1779437700000,77324.5,77462.5,77324.5,77406.5
1779438600000,77410.5,77422.5,77114.5,77253.5
1779439500000,77252.5,77290.5,77158.5,77188.5
1779440400000,77187.5,77215.5,77105.5,77116.5
1779441300000,77120.5,77233.5,77102.5,77173.5
1779442200000,77177.5,77239.5,77111.5,77221.5
1779443100000,77222.5,77282.5,77171.5,77216.5
1779444000000,77217.5,77268.5,77191.5,77219.5
1779444900000,77217.5,77275.5,77167.5,77249.5
1779445800000,77251.5,77283.5,77206.5,77235.5
1779446700000,77237.5,77252.5,77177.5,77219.5
1779447600000,77222.5,77276.5,77187.5,77197.5
1779448500000,77196.5,77257.5,77073.5,77213.5
1779449400000,77212.5,77255.5,77196.5,77238.5
1779450300000,77237.5,77344.5,77217.5,77338.5
1779451200000,77336.5,77480.5,77293.5,77451.5
1779452100000,77450.5,77498.5,77271.5,77332.5
1779453000000,77333.5,77384.5,77300.5,77342.5
1779453900000,77338.5,77451.5,77337.5,77446.5
1779454800000,77439.5,77472.5,77358.5,77412.5
1779455700000,77411.5,77448.5,77201.5,77202.5
1779456600000,77206.5,77290.5,77012.5,77111.5
1779457500000,77113.5,77218.5,77055.5,77197.5
1779458400000,77191.5,77196.5,76881.5,76970.5
1779459300000,76973.5,77017.5,76664.5,76748.5
1779460200000,76751.5,76763.5,76667.5,76726.5
1779461100000,76724.5,76772.5,76640.5,76673.5
1779462000000,76672.5,76874.5,76571.5,76686.5
1779462900000,76685.5,76822.5,76457.5,76822.5
1779463800000,76823.5,76941.5,76549.5,76625.5
1779464700000,76627.5,76735.5,76561.5,76697.5
1779465600000,76698.5,76805.5,76667.5,76785.5
1779466500000,76779.5,76864.5,76705.5,76838.5
1779467400000,76841.5,76886.5,76770.5,76798.5
1779468300000,76796.5,76922.5,76791.5,76857.5
1779469200000,76856.5,76923.5,76796.5,76862.5
1779470100000,76861.5,76993.5,76678.5,76969.5
1779471000000,76971.5,77005.5,76820.5,76875.5
1779471900000,76878.5,76889.5,76649.5,76658.5
1779472800000,76660.5,76727.5,76589.5,76725.5
1779473700000,76726.5,76816.5,76698.5,76716.5
1779474600000,76712.5,76728.5,76478.5,76492.5
1779475500000,76493.5,76509.5,75995.5,76447.5
1779476400000,76447.5,76503.5,76071.5,76136.5
1779477300000,76135.5,76315.5,76083.5,76166.5
1779478200000,76163.5,76186.5,75553.5,75717.5
1779479100000,75715.5,75847.5,75571.5,75765.5
1779480000000,75767.5,75932.5,75733.5,75823.5
1779480900000,75824.5,75897.5,75782.5,75865.5
1779481800000,75864.5,75874.5,75702.5,75830.5
1779482700000,75833.5,75998.5,75790.5,75885.5
1779656400000,76535,76634.2,76395.5,76620.5
1779657300000,76624.5,76632.5,76361.5,76427.5
1779658200000,76433.5,76479.5,75999.5,76040.5
1779659100000,76041.5,76192.5,75889.5,76046.5
1779660000000,76051.5,76923.5,75999.5,76880.5
1779660900000,76881.5,76883.5,76702.5,76748.5
1779661800000,76746.5,76877.5,76562.5,76688.5
1779662700000,76689.5,76903.5,76677.5,76708.5
1779663600000,76710.5,76882.5,76694.8,76867.5
1779664500000,76871.5,76933.5,76688.5,76757.5
1779665400000,76764.5,77130.5,76746.5,77098.5
1779666300000,77099.5,77103.5,76947.5,76976.5
1779667200000,76973.5,77120.5,76973.5,77107.5
1779668100000,77109.5,77172.5,77016.5,77129.5
1779669000000,77117.5,77183.5,77011.5,77011.5
1779669900000,77018.5,77191.5,76976.5,77067.5
1779670800000,77068.5,77118.5,76882.5,77097.5
1779671700000,77099.5,77166.5,77027.5,77079.5
1779672600000,77083.5,77127.5,76992.5,77033.5
1779673500000,77038.5,77100.5,76804.5,76858.5
1779674400000,76855.5,77403.5,76855.5,77302.5
1779675300000,77305.5,77305.5,76930.5,77053.5
1779676200000,77059.5,77097.5,76956.5,77071.5
1779677100000,77075.5,77090.5,76982.5,77009.5
1779678000000,77012.5,77079.5,76960.5,76994.5
1779678900000,76998.5,77070.5,76941.5,76994.5
1779679800000,76993.5,77031.5,76917.5,76978.5
1779680700000,76979.5,76985.5,76911.5,76934.5
1779681600000,76930.5,76997.5,76899.5,76939.5
1779682500000,76939.5,77085.5,76887.5,77084.5
1779683400000,77083.5,77160.5,77027.5,77153.5
1779684300000,77155.5,77364.5,77138.5,77299.5
1779685200000,77290.5,77360.5,77214.5,77326.5
1779686100000,77324.5,77395.5,77256.5,77296.5
1779687000000,77294.5,77413.5,77290.5,77362.5
1779687900000,77365.5,77368.5,77285.5,77308.5
1779688800000,77309.5,77535.5,77216.5,77234.5
1779689700000,77239.5,77257.5,77113.5,77181.5
1779690600000,77183.5,77341.5,77179.5,77315.5
1779691500000,77314.5,77431.5,77291.5,77331.5
1779692400000,77331.5,77432.5,77202.5,77234.5
1779693300000,77234.5,77274.5,77081.5,77113.5
1779694200000,77114.5,77243.5,77095.5,77209.5
1779695100000,77209.5,77324.5,77199.5,77315.5
1779696000000,77314.5,77321.5,77177.5,77195.5
1779696900000,77197.5,77282.5,77194.5,77227.5
1779697800000,77226.5,77304.5,77216.5,77254.5
1779698700000,77259.5,77391.5,77222.5,77364.5
1779699600000,77363.5,77418.5,77327.5,77364.5
1779700500000,77363.5,77459.5,77316.5,77431.5
1779701400000,77429.5,77615.5,77414.5,77500.5
1779702300000,77497.5,77585.5,77466.5,77516.5
1779703200000,77510.5,77555.5,77469.5,77549.5
1779704100000,77547.5,77604.5,77428.5,77457.5
1779705000000,77462.5,77510.5,77426.5,77444.5
1779705900000,77445.5,77490.5,77400.5,77463.5
1779706800000,77464.5,77470.5,77324.5,77367.5
1779707700000,77366.5,77373.5,77315.5,77335.5
1779708600000,77339.5,77448.5,77321.5,77395.5
1779709500000,77403.5,77425.5,77240.5,77281.5
1779710400000,77284.5,77301.5,77205.5,77278.5
1779711300000,77278.5,77355.5,77223.5,77318.5
1779712200000,77318.5,77354.5,77257.5,77279.5
1779713100000,77279.5,77366.5,77212.5,77274.5
1779714000000,77279.5,77376.5,77232.5,77249.5
1779714900000,77251.5,77289.5,77199.5,77248.5
1779715800000,77252.5,77282.5,77196.5,77277.5
1779716700000,77277.5,77291.5,77227.5,77252.5
1779717600000,77251.5,77458.5,77213.5,77387.5
1779718500000,77388.5,77541.5,77371.5,77530.5
1779719400000,77533.5,77533.5,77450.5,77492.5
1779720300000,77496.5,77702.5,77490.5,77639.5
1779721200000,77635.5,77817.5,77587.5,77624.5
1779722100000,77626.5,77671.5,77510.5,77532.5
1779723000000,77533.5,77616.5,77491.5,77586.5
1779723900000,77584.5,77588.5,77466.5,77543.5
1779724800000,77547.5,77576.5,77429.5,77442.5
1779725700000,77443.5,77552.5,77419.5,77505.5
1779726600000,77511.5,77622.5,77494.5,77614.5
1779727500000,77612.5,77749.5,77588.5,77657.5
1779728400000,77655.5,77744.5,77591.5,77610.5
1779729300000,77611.5,77613.5,77508.5,77579.5
1779730200000,77578.5,77590.5,77491.5,77508.5
1779731100000,77507.5,77526.5,77470.5,77487.5
1779732000000,77488.5,77602.5,77464.5,77559.5
1779732900000,77563.5,77594.5,77523.5,77579.5
1779733800000,77581.5,77583.5,77509.5,77545.5
1779734700000,77548.5,77572.5,77465.5,77480.5
1779735600000,77475.5,77489.5,77348.5,77427.5
1779736500000,77428.5,77462.5,77368.5,77449.5
1779737400000,77441.5,77460.5,77273.5,77335.5
1779738300000,77347.5,77408.5,77316.5,77361.5
1779739200000,77365.5,77415.5,77335.5,77367.5
1779740100000,77363.5,77439.5,77349.5,77363.5
1779741000000,77357.5,77409.5,77126.5,77194.5
1779741900000,77195.5,77272.5,77169.5,77198.7
1779742800000,77183.8,77311.5,77183.7,77290.5
1779743700000,77289.5,77297.5,77189.5,77287.5
1779744600000,77290.5,77304.5,77193.5,77230.5
1779745500000,77230.5,77329.5,77223.5,77294.5
1779746400000,77295.5,77378.5,77193.5,77329.5
1779747300000,77330.5,77373.5,77191.5,77225.5
1779748200000,77221.5,77221.5,76961.5,77112.5
1779749100000,77105.5,77176.5,77028.5,77033.5
1779750000000,77031.5,77226.5,76980.5,77215.5
1779750900000,77214.5,77259.5,77168.5,77205.5
1779751800000,77205.5,77291.5,77174.5,77261.5
1779752700000,77258.5,77287.5,77202.5,77247.5
1779753600000,77250.5,77281.5,77126.5,77152.5
1779754500000,77154.5,77176.5,77000.5,77041.5
1779755400000,77044.5,77132.5,76710.5,76790.5
1779756300000,76782.5,76856.5,76472.5,76700.5
1779757200000,76698.5,76803.5,76538.5,76756.5
1779758100000,76760.5,76803.5,76643.5,76708.5
1779759000000,76707.5,76713.5,76499.5,76589.5
1779759900000,76590.5,76720.5,76568.5,76673.5
1779760800000,76672.5,76743.5,76537.5,76677.5
1779761700000,76669.5,76704.5,76576.5,76595.5
1779762600000,76592.5,76655.5,76498.5,76501.5
1779763500000,76502.5,76608.5,76409.5,76579.5
1779764400000,76575.5,76579.5,76474.5,76480.5
1779765300000,76483.5,76534.5,76381.5,76505.5
1779766200000,76503.5,76623.5,76459.5,76560.5
1779767100000,76559.5,76592.5,76537.5,76576.5
1779768000000,76575.5,76628.5,76526.5,76581.5
1779768900000,76586.5,76670.5,76507.5,76650.5
1779769800000,76641.5,76704.5,76636.5,76686.5
1779770700000,76688.5,76731.5,76658.5,76666.5
1779771600000,76658.5,76765.5,76610.5,76725.5
1779772500000,76724.5,76813.5,76720.5,76778.5
1779773400000,76772.5,76909.5,76770.5,76834.5
1779774300000,76831.5,76848.5,76757.5,76832.5
1779775200000,76837.5,76841.5,76742.5,76785.5
1779776100000,76789.5,76824.5,76676.5,76746.5
1779777000000,76756.5,76980.5,76729.5,76891.5
1779777900000,76896.5,76902.5,76811.5,76820.5
1779778800000,76822.5,76853.5,76571.5,76599.5
1779779700000,76603.5,76625.5,76511.5,76600.5
1779780600000,76603.5,76603.5,76508.5,76546.5
1779781500000,76550.5,76666.5,76542.5,76625.5
1779782400000,76626.5,76733.5,76586.5,76685.5
1779783300000,76689.5,76735.5,76615.5,76717.5
1779784200000,76713.5,76770.5,76653.5,76744.5
1779785100000,76742.5,76748.5,76627.5,76640.5
1779786000000,76643.5,76664.5,76565.5,76596.5
1779786900000,76594.5,76731.5,76552.5,76645.5
1779787800000,76642.5,76705.5,76557.5,76594.5
1779788700000,76597.5,76623.5,76550.5,76581.5
1779789600000,76585.5,76635.5,76467.5,76625.5
1779790500000,76627.5,77171.5,76627.5,77140.5
1779791400000,77142.5,77478.5,77061.5,77411.5
1779792300000,77414.5,77546.5,77304.5,77330.5
1779793200000,77338.5,77425.5,77164.5,77167.5
1779794100000,77170.5,77270.5,77101.5,77137.5
1779795000000,77136.5,77239.5,77074.5,77139.5
1779795900000,77140.5,77200.5,77095.5,77102.5
1779796800000,77103.5,77158.5,76773.5,76974.5
1779797700000,76973.5,77024.5,76865.5,76922.5
1779798600000,76923.5,77021.5,76866.5,77010.5
1779799500000,77008.5,77062.5,76965.5,77044.5
1779800400000,77051.5,77074.5,76968.5,77011.5
1779801300000,77015.5,77016.5,76694.5,76700.5
1779802200000,76703.5,76906.5,76583.5,76810.5
1779803100000,76807.5,77386.5,76807.5,77137.5
1779804000000,77157.5,77334.5,77042.5,77324.5
1779804900000,77326.5,78011.5,77270.5,77871.5
1779805800000,77873.5,77923.5,76656.5,76722.5
1779806700000,76725.5,77107.5,76610.5,76812.5
1779807600000,76811.5,76921.5,76569.5,76869.5
1779808500000,76866.5,76895.5,76420.5,76547.5
1779809400000,76548.5,76606.5,76198.5,76424.5
1779810300000,76428.5,76455.5,76151.5,76408.5
1779811200000,76410.5,76411.5,76081.5,76217.5
1779812100000,76215.5,76469.5,76180.5,76429.5
1779813000000,76434.5,76607.5,76365.5,76427.5
1779813900000,76423.5,76490.5,76267.5,76444.5
1779814800000,76455.5,76541.5,76351.5,76379.5
1779815700000,76380.5,76387.5,75921.5,75954.5
1779816600000,75950.5,75952.5,75732.5,75908.5
1779817500000,75906.5,76031.5,75791.5,75809.5
1779818400000,75810.5,75909.5,75735.5,75895.5
1779819300000,75893.5,76153.5,75870.5,75976.5
1779820200000,75971.5,76016.5,75747.5,75782.5
1779821100000,75784.5,75882.5,75542.5,75720.5
1779822000000,75718.5,75798.5,75685.5,75705.5
1779822900000,75706.5,75801.5,75655.5,75775.5
1779823800000,75775.5,75928.5,75731.5,75886.5
1779824700000,75890.5,75976.5,75838.5,75914.5
1779825600000,75926.5,76011.5,75895.5,75985.5
1779826500000,75984.5,76050.5,75877.5,76045.5
1779827400000,76046.5,76077.5,75856.5,75956.5
1779828300000,75959.5,76014.5,75938.5,75966.5
1779829200000,75982.6,76000.3,75721.5,75773.5
1779830100000,75773.5,75955.5,75755.5,75930.5
1779831000000,75930.5,75972.5,75845.5,75886.5
1779831900000,75884.5,75919.5,75735.5,75777.5
1779832800000,75779.5,75899.5,75596.5,75674.5
1779833700000,75679.5,75739.5,75613.5,75674.5
1779834600000,75683.5,75766.5,75636.5,75676.5
1779835500000,75675.5,75676.5,75541.5,75633.5
1779836400000,75630.5,75832.5,75630.5,75777.5
1779837300000,75772.5,75840.5,75745.5,75799.5
1779838200000,75795.5,75879.5,75766.5,75842.5
1779839100000,75846.5,75861.5,75777.5,75818.5
1779840000000,75819.5,75913.5,75781.5,75875.5
1779840900000,75872.5,75872.5,75748.5,75815.5
1779841800000,75823.5,75930.5,75772.5,75846.5
1779842700000,75849.5,75985.5,75831.5,75963.5
1779843600000,75963.5,76004.5,75892.5,75969.5
1779844500000,75966.5,75967.5,75693.5,75770.5
1779845400000,75771.5,75830.5,75708.5,75752.5
1779846300000,75758.5,75885.5,75723.5,75753.5
1779847200000,75754.5,75784.5,75624.5,75695.5
1779848100000,75695.5,75732.5,75542.5,75640.5
1779849000000,75641.5,75731.5,75565.5,75613.5
1779849900000,75616.5,75760.5,75605.5,75753.5
1779850800000,75752.5,75851.5,75707.5,75766.5
1779851700000,75770.5,75785.5,75679.5,75729.5
1779852600000,75722.5,75749.5,75614.5,75651.5
1779853500000,75654.5,75659.5,75469.5,75543.5
1779854400000,75541.5,75593.5,75496.5,75507.5
1779855300000,75506.5,75510.5,75366.5,75378.5
1779856200000,75375.5,75398.5,75172.5,75227.5
1779857100000,75224.5,75485.5,75224.5,75442.5
1779858000000,75447.5,75522.5,75439.5,75501.5
1779858900000,75503.5,75579.5,75458.5,75538.5
1779859800000,75534.5,75601.5,75465.5,75516.5
1779860700000,75513.5,75619.5,75493.5,75586.5
1779861600000,75587.5,75686.5,75561.5,75620.5
1779862500000,75614.5,75633.5,75552.5,75618.5
1779863400000,75615.5,75707.5,75596.5,75699.5
1779864300000,75701.5,75780.5,75674.5,75714.5
1779865200000,75713.5,75772.5,75637.5,75670.5
1779866100000,75664.5,75754.5,75630.5,75753.5
1779867000000,75750.5,75841.5,75722.5,75760.5
1779867900000,75758.5,75851.5,75751.5,75844.5
1779868800000,75843.5,75901.5,75769.5,75802.5
1779869700000,75801.5,75960.5,75760.5,75932.5
1779870600000,75928.5,75934.5,75830.5,75852.5
1779871500000,75855.5,75871.5,75706.5,75751.5
1779872400000,75752.5,75763.5,75601.5,75625.5
1779873300000,75626.5,75725.5,75572.5,75688.5
1779874200000,75691.5,75859.5,75670.5,75807.5
1779875100000,75803.5,75825.5,75737.5,75780.5
1779876000000,75776.5,75832.5,75724.5,75823.5
1779876900000,75828.5,75919.5,75806.5,75869.5
1779877800000,75867.5,75894.5,75733.5,75783.5
1779878700000,75784.5,75819.5,75744.5,75773.5
1779879600000,75774.5,75876.5,75727.5,75827.5
1779880500000,75825.5,75904.5,75777.5,75787.5
1779881400000,75792.5,75792.5,75661.5,75697.5
1779882300000,75698.5,75704.5,75608.5,75646.5
1779883200000,75645.5,75650.5,75466.5,75496.5
1779884100000,75497.5,76049.5,75434.5,75810.5
1779885000000,75812.5,75867.5,75674.5,75790.5
1779885900000,75789.5,75791.5,75543.5,75552.5
1779886800000,75553.5,75635.5,75247.5,75303.5
1779887700000,75302.5,75339.5,75037.5,75040.5
1779888600000,75034.5,75177.5,74712.5,74775.5
1779889500000,74774.5,74947.5,74703.5,74923.5
1779890400000,74922.5,75105.5,74790.5,74854.5
1779891300000,74853.5,75029.5,74621.5,74733.5
1779892200000,74729.5,75003.5,74646.5,74926.5
1779893100000,74934.5,75017.5,74845.5,74880.5
1779894000000,74883.5,75019.5,74826.5,74968.5
1779894900000,74970.5,75268.5,74933.5,75213.5
1779895800000,75218.5,75368.5,75006.5,75054.5
1779896700000,75058.5,75288.5,75049.5,75177.5
1779897600000,75176.5,75268.5,75044.5,75136.5
1779898500000,75135.5,75161.5,74896.5,74954.5
1779899400000,74956.5,75033.5,74849.5,75014.5
1779900300000,75016.5,75182.5,74980.5,75161.5
1779901200000,75162.5,75209.5,74812.5,74842.5
1779902100000,74834.5,74950.5,74754.5,74856.5
1779903000000,74859.5,74904.5,74681.5,74761.5
1779903900000,74762.5,74827.5,74517.5,74706.5
1779904800000,74709.5,74791.5,74514.5,74587.5
1779905700000,74589.5,74783.5,74544.5,74754.5
1779906600000,74751.5,74855.5,74720.5,74820.5
1779907500000,74824.5,74892.5,74791.5,74874.5
1779908400000,74877.5,74913.5,74800.5,74896.5
1779909300000,74881.5,74923.5,74802.5,74870.5
1779910200000,74869.5,74949.5,74808.5,74853.5
1779911100000,74855.5,74924.5,74789.5,74892.5
1779912000000,74894.5,75173.5,74886.5,75159.5
1779912900000,75164.5,75280.5,75110.5,75129.5
1779913800000,75137.5,75154.5,75049.5,75118.5
1779914700000,75123.5,75164.5,75101.5,75131.4
1779915600000,75133.4,75133.4,74931.5,75020.5
1779916500000,75023.5,75075.5,74958.5,74958.5
1779917400000,74957.5,74983.5,74312.5,74504.5
1779918300000,74504.5,74504.5,74179.5,74358.5
1779919200000,74357.5,74666.5,74190.5,74284.5
1779920100000,74279.5,74539.5,74142.5,74479.5
1779921000000,74479.5,74552.5,74365.5,74503.5
1779921900000,74500.5,74539.5,74283.5,74295.5
1779922800000,74294.5,74352.5,74225.5,74318.5
1779923700000,74319.5,74447.5,74101.5,74164.5
1779924600000,74177.5,74274.5,74122.5,74253.5
1779925500000,74248.5,74373.5,74170.5,74310.5
1779926400000,74309.5,74458.5,74290.5,74302.5
1779927300000,74301.5,74441.5,74226.5,74345.5
1779928200000,74344.5,74441.5,74327.5,74434.5
1779929100000,74435.5,74450.5,74305.5,74430.5
1779930000000,74428.5,74454.5,74308.5,74338.5
1779930900000,74340.5,74402.5,74007.5,74150.5
1779931800000,74150.5,74288.5,74024.5,74141.5
1779932700000,74145.5,74258.5,74117.5,74218.5
1779933600000,74226.5,74273.5,74097.5,74223.5
1779934500000,74231.5,74259.5,74041.5,74078.5
1779935400000,74077.5,74166.5,73957.5,74127.5
1779936300000,74128.5,74237.5,74097.5,74143.5
1779937200000,74144.5,74244.5,73978.5,74078.5
1779938100000,74077.5,74103.5,73312.5,73602.5
1779939000000,73601.5,73651.5,73205.5,73292.5
1779939900000,73299.5,73440.5,72947.5,73118.5
1779940800000,73121.5,73128.5,72595.5,72955.5
1779941700000,72956.5,72999.5,72683.5,72878.5
1779942600000,72879.5,73072.5,72811.5,73051.5
1779943500000,73050.5,73064.5,72949.5,73031.5
1779944400000,73028.5,73048.5,72844.5,72880.5
1779945300000,72880.5,72912.5,72774.5,72818.5
1779946200000,72822.5,72941.5,72757.5,72891.5
1779947100000,72897.5,72933.5,72766.5,72855.5
1779948000000,72855.5,72901.5,72814.5,72864.5
1779948900000,72861.5,72904.5,72734.5,72802.5
1779949800000,72795.5,72819.5,72619.5,72773.5
1779950700000,72771.5,73071.5,72771.5,73065.5
1779951600000,73070.5,73105.5,72997.5,73083.5
1779952500000,73084.5,73193.5,73078.5,73127.5
1779953400000,73125.5,73363.5,73122.5,73346.5
1779954300000,73337.5,73369.5,73226.5,73340.5
1779955200000,73343.5,73362.5,73186.5,73310.5
1779956100000,73305.5,73309.5,73069.5,73120.5
1779957000000,73126.5,73171.5,73048.5,73155.5
1779957900000,73153.5,73238.5,73138.5,73188.5
1779958800000,73191.5,73263.5,73118.5,73171.5
1779959700000,73168.5,73279.5,73154.5,73264.5
1779960600000,73254.5,73366.5,73215.5,73357.5
1779961500000,73359.5,73440.5,73350.5,73420.5
1779962400000,73419.5,73493.5,73365.5,73454.5
1779963300000,73450.5,73466.5,73225.5,73311.5
1779964200000,73307.5,73387.5,73270.5,73379.5
1779965100000,73380.5,73471.5,73225.5,73274.5
1779966000000,73269.5,73346.5,73204.5,73312.5
1779966900000,73317.5,73337.5,73200.5,73228.5
1779967800000,73231.5,73351.5,73181.5,73348.5
1779968700000,73351.5,73406.5,73289.5,73369.5
1779969600000,73372.5,73397.5,73265.5,73270.5
1779970500000,73272.5,73296.5,73119.5,73252.5
1779971400000,73253.5,73416.5,73218.5,73357.5
1779972300000,73354.5,73454.5,73346.5,73385.5
1779973200000,73389.5,73445.5,73197.5,73206.5
1779974100000,73205.5,73205.5,72836.5,73026.5
1779975000000,73022.5,73032.5,72611.5,72640.5
1779975900000,72643.5,72945.5,72639.5,72881.5
1779976800000,72883.5,73181.5,72436.5,73167.5
1779977700000,73164.5,73444.5,72734.5,72814.5
1779978600000,72813.5,72908.5,72634.5,72703.5
1779979500000,72707.5,72888.5,72504.5,72874.5
1779980400000,72879.5,73030.5,72693.5,72717.5
1779981300000,72715.5,72830.5,72539.5,72809.5
1779982200000,72813.5,72863.5,72678.5,72861.5
1779983100000,72857.5,72908.5,72722.5,72770.5
1779984000000,72775.5,73009.5,72574.5,72939.5
1779984900000,72940.5,73154.5,72891.5,73005.5
1779985800000,73006.5,73214.5,72988.5,73208.5
1779986700000,73205.5,73317.5,73123.5,73317.5
1779987600000,73318.5,73378.5,73176.5,73363.5
1779988500000,73365.5,73365.5,73173.5,73235.5
1779989400000,73236.5,73424.5,73190.5,73342.5
1779990300000,73343.5,73613.5,73341.5,73427.5
1779991200000,73429.5,73626.5,73386.5,73521.5
1779992100000,73522.5,73627.5,73452.5,73463.5
1779993000000,73467.5,73566.5,73446.5,73478.5
1779993900000,73484.5,73619.5,73442.5,73534.5
1779994800000,73532.5,73533.5,73317.5,73345.5
1779995700000,73345.5,73443.5,73294.5,73438.5
1779996600000,73438.5,73479.5,73283.5,73313.5
1779997500000,73314.5,73394.5,73239.5,73295.5
1779998400000,73299.5,73419.5,73124.5,73330.5
1779999300000,73325.5,73552.5,73310.5,73534.5
1780000200000,73532.8,73604.5,73489.5,73580.5
1780001100000,73581.5,73581.5,73439.5,73463.4
1780002000000,73468.8,73601.5,73367.5,73577.5
1780002900000,73576.5,73652.5,73547.5,73571.5
1780003800000,73576.5,73813.5,73561.5,73790.5
1780004700000,73788.5,73794.5,73659.5,73710.5
1780005600000,73708.5,73833.5,73575.5,73597.5
1780006500000,73598.5,73612.5,73485.5,73492.5
1780007400000,73492.5,73511.5,73367.5,73388.5
1780008300000,73387.5,73489.5,73343.5,73364.5
1780009200000,73366.5,73493.5,73361.5,73488.5
1780010100000,73489.5,73592.5,73452.5,73575.5
1780011000000,73574.5,73618.5,73430.5,73499.5
1780011900000,73501.5,73541.5,73415.5,73507.5
1780012800000,73509.5,73681.5,73506.5,73631.5
1780013700000,73629.5,73752.5,73561.5,73667.5
1780014600000,73668.5,73751.5,73633.5,73730.5
1780015500000,73729.5,73734.5,73569.5,73611.5
1780016400000,73614.5,73765.5,73614.5,73677.5
1780017300000,73676.5,73696.5,73460.5,73494.5
1780018200000,73494.5,73494.5,73369.5,73417.5
1780019100000,73422.5,73524.5,73348.5,73478.5
1780020000000,73475.5,73536.5,73436.5,73514.5
1780020900000,73515.5,73541.5,73220.5,73269.5
1780021800000,73268.5,73375.5,73206.5,73237.5
1780022700000,73232.5,73304.5,73064.5,73116.5
1780023600000,73119.5,73341.5,73116.5,73327.5
1780024500000,73327.5,73331.5,73263.5,73283.5
1780025400000,73286.5,73333.5,73185.5,73253.5
1780026300000,73254.5,73262.5,73137.5,73187.5
1780027200000,73189.5,73269.5,73079.5,73118.5
1780028100000,73118.5,73276.5,73112.5,73245.5
1780029000000,73244.5,73339.5,73229.5,73304.5
1780029900000,73306.5,73400.5,73283.5,73385.5
1780030800000,73386.5,73526.5,73378.5,73488.5
1780031700000,73485.5,73502.5,73417.5,73468.5
1780032600000,73467.5,73469.5,73371.5,73400.5
1780033500000,73399.5,73611.5,73387.5,73583.5
1780034400000,73581.5,73604.5,73506.5,73586.5
1780035300000,73584.5,73827.5,73583.5,73643.5
1780036200000,73647.5,73660.5,73555.5,73595.5
1780037100000,73596.5,73701.5,73583.5,73672.5
1780038000000,73670.5,73714.5,73633.5,73710.5
1780038900000,73711.5,73718.5,73630.5,73659.5
1780039800000,73654.5,73659.5,73286.5,73307.5
1780040700000,73308.5,73428.5,73264.5,73420.5
1780041600000,73416.5,73621.5,73411.5,73611.5
1780042500000,73612.5,73726.5,73580.5,73665.5
1780043400000,73663.5,73723.5,73609.5,73706.5
1780044300000,73704.5,73710.5,73495.5,73546.5
1780045200000,73543.5,73764.5,73531.5,73709.5
1780046100000,73711.5,73810.5,73690.5,73775.5
1780047000000,73776.5,73794.5,73703.5,73724.5
1780047900000,73723.5,73727.5,73581.5,73624.5
1780048800000,73629.5,73632.5,73553.5,73591.5
1780049700000,73595.5,73595.5,73503.5,73530.5
1780050600000,73529.5,73643.5,73474.5,73502.5
1780051500000,73499.5,73590.5,73478.5,73526.5
1780052400000,73527.5,73582.5,73475.5,73540.5
1780053300000,73544.5,73604.5,73443.5,73467.5
1780054200000,73468.5,73488.5,73359.5,73369.5
1780055100000,73370.5,73420.5,73219.5,73375.5
1780056000000,73374.5,73374.5,73226.5,73257.5
1780056900000,73259.5,73309.5,73185.5,73215.5
1780057800000,73215.5,73228.5,73099.5,73169.5
1780058700000,73169.5,73270.5,73083.5,73179.5
1780059600000,73176.5,73187.5,72960.5,73006.5
1780060500000,73005.5,73030.5,72833.5,72944.5
1780061400000,72949.5,73182.5,72766.5,73149.5
1780062300000,73147.5,73245.5,72937.5,73022.5
1780063200000,73021.5,73080.5,72752.5,72895.5
1780064100000,72896.5,72959.5,72358.5,72602.5
1780065000000,72599.5,72772.5,72430.5,72525.5
1780065900000,72528.5,73070.5,72464.5,72969.5
1780066800000,72971.5,73654.5,72869.5,73581.5
1780067700000,73577.5,73642.5,73327.5,73532.5
1780068600000,73526.5,74091.5,73524.5,73689.5
1780069500000,73692.5,73772.5,73590.5,73695.5
1780070400000,73695.5,73920.5,73664.5,73839.5
1780071300000,73838.5,73864.5,73448.5,73525.5
1780072200000,73526.5,73993.5,73520.5,73957.5
1780073100000,73960.5,74005.5,73797.5,73937.5
1780074000000,73938.5,74183.5,73786.5,74142.5
1780074900000,74141.5,74212.5,74035.5,74115.5
1780075800000,74116.5,74231.5,74076.5,74104.5
1780076700000,74106.5,74108.5,73783.5,73866.5
1780077600000,73867.5,73963.5,73795.5,73941.5
1780078500000,73944.5,73946.5,73620.5,73684.5
1780079400000,73683.5,73753.5,73646.5,73678.5
1780080300000,73679.5,73682.5,73060.5,73276.5
1780081200000,73277.5,73395.5,73178.5,73317.5
1780082100000,73320.5,73340.5,73121.5,73221.5
1780083000000,73227.5,73623.5,73225.5,73576.5
1780083900000,73578.5,73615.5,73381.5,73394.5
1780084800000,73394.5,73569.5,73393.5,73532.5
1780085700000,73531.5,73642.5,73466.5,73598.5
1780086600000,73597.5,73653.5,73567.5,73593.5
1780087500000,73596.5,73641.5,73503.5,73540.7
1780261200000,73624.1,73630.6,73530.5,73566.5
1780262100000,73563.5,73630.5,73506.5,73529.5
1780263000000,73530.5,73643.5,73492.5,73632.5
1780263900000,73633.5,73802.5,73630.5,73776.5
1780264800000,73777.5,73868.5,73550.5,73796.5
1780265700000,73798.5,73884.5,73692.5,73772.5
1780266600000,73770.5,73890.5,73749.5,73796.5
1780267500000,73799.5,73897.5,73791.5,73837.5
1780268400000,73836.5,74096.5,73811.5,73813.5
1780269300000,73814.5,73858.5,73667.5,73709.5
1780270200000,73712.5,73724.5,73385.5,73478.5
1780271100000,73473.5,73606.5,73447.5,73565.5
1780272000000,73562.5,73778.5,73527.5,73708.5
1780272900000,73708.5,73855.5,73599.5,73839.5
1780273800000,73838.5,73981.5,73707.5,73824.5
1780274700000,73822.5,73913.5,73746.5,73776.5
1780275600000,73775.5,73810.5,73451.5,73459.5
1780276500000,73460.5,73554.5,73458.5,73486.5
1780277400000,73483.5,73552.5,73333.5,73373.5
1780278300000,73372.5,73462.5,73154.5,73187.5
1780279200000,73186.5,73455.5,73105.5,73428.5
1780280100000,73428.5,73444.5,73321.5,73414.5
1780281000000,73411.5,73771.5,73344.5,73666.5
1780281900000,73664.5,73761.5,73614.5,73672.5
1780282800000,73672.5,73920.5,73672.5,73780.5
1780283700000,73776.5,73882.5,73688.5,73818.5
1780284600000,73815.5,73891.5,73685.5,73745.5
1780285500000,73746.5,73816.5,73616.5,73652.5
1780286400000,73651.5,73743.5,73468.5,73500.5
1780287300000,73497.5,73518.5,73281.5,73298.5
1780288200000,73300.5,73389.5,73289.5,73383.5
1780289100000,73380.5,73487.5,73233.5,73423.5
1780290000000,73424.5,73427.5,73340.5,73414.5
1780290900000,73414.5,73425.5,73222.5,73231.5
1780291800000,73233.5,73322.5,73209.5,73317.5
1780292700000,73317.5,73363.5,73225.5,73248.5
1780293600000,73247.5,73271.5,73124.5,73183.5
1780294500000,73191.5,73222.5,73027.5,73082.5
1780295400000,73083.5,73127.5,72897.5,72902.5
1780296300000,72905.5,73104.5,72849.5,73032.5
1780297200000,73035.5,73103.5,72929.5,73014.5
1780298100000,73013.5,73030.5,72842.5,72869.5
1780299000000,72872.5,72894.5,72752.5,72837.5
1780299900000,72836.5,72855.5,72590.5,72692.5
1780300800000,72693.5,72755.5,72671.5,72703.5
1780301700000,72701.5,72764.5,72501.5,72624.5
1780302600000,72627.5,72763.5,72423.5,72660.5
1780303500000,72659.5,72827.5,72646.5,72802.5
1780304400000,72799.5,72919.5,72797.5,72867.5
1780305300000,72865.5,73002.5,72828.5,72896.5
1780306200000,72893.5,72947.5,72806.5,72843.5
1780307100000,72845.5,72912.5,72700.5,72793.5
1780308000000,72797.5,72820.5,72677.5,72689.5
1780308900000,72687.5,72715.5,72545.5,72618.5
1780309800000,72619.5,72705.5,72496.5,72613.5
1780310700000,72618.5,72697.5,72611.5,72668.5
1780311600000,72669.5,72682.5,72560.5,72585.5
1780312500000,72592.5,72657.5,72553.5,72575.5
1780313400000,72576.5,72653.5,72506.5,72618.5
1780314300000,72617.5,72681.5,72168.5,72400.5
1780315200000,72395.5,72517.5,71757.5,71968.5
1780316100000,71961.5,72206.5,71928.5,72133.5
1780317000000,72136.5,72237.5,72088.5,72166.5
1780317900000,72169.5,72205.5,72014.5,72109.5
1780318800000,72116.5,72143.5,71607.5,71745.5
1780319700000,71747.5,71928.5,71634.5,71715.5
1780320600000,71708.5,71937.5,71455.5,71493.5
1780321500000,71497.5,71916.5,71253.5,71595.5
1780322400000,71583.5,71767.5,71411.5,71533.5
1780323300000,71532.5,71618.5,71343.5,71403.5
1780324200000,71397.5,71467.5,71275.5,71366.5
1780325100000,71367.5,71493.5,71277.5,71444.5
1780326000000,71437.5,71560.5,71309.5,71382.5
1780326900000,71383.5,71408.5,70940.5,70950.5
1780327800000,70949.5,71360.5,70938.5,71149.5
1780328700000,71152.5,71180.5,70939.5,70999.5
1780329600000,70995.5,71065.5,70544.5,70745.5
1780330500000,70741.5,70973.5,70686.5,70962.5
1780331400000,70963.5,71242.5,70899.5,71230.5
1780332300000,71227.5,71495.5,71216.5,71449.5
1780333200000,71450.5,71528.5,71355.5,71481.5
1780334100000,71477.5,71633.5,71355.5,71619.5
1780335000000,71625.5,71678.5,71418.5,71617.5
1780335900000,71614.5,71692.5,71518.5,71538.5
1780336800000,71535.5,71597.5,71354.5,71372.5
1780337700000,71374.5,71453.5,71267.5,71448.5
1780338600000,71447.5,71581.5,71397.5,71399.5
1780339500000,71397.5,71465.5,71293.5,71391.5
1780340400000,71392.5,71404.5,71310.5,71334.5
1780341300000,71335.5,71535.5,71281.5,71525.5
1780342200000,71526.5,71576.5,71430.5,71539.5
1780343100000,71540.5,71540.5,71396.5,71495.5
1780344000000,71496.5,71502.5,71408.5,71480.5
1780344900000,71481.5,71603.5,71417.5,71514.5
1780345800000,71513.5,71591.5,71474.5,71498.5
1780346700000,71499.5,71524.5,71311.5,71326.5
1780347600000,71340,71342.1,71050.5,71119.5
1780348500000,71119.5,71133.5,70971.5,71047.5
1780349400000,71048.5,71063.5,70792.5,70919.5
1780350300000,70919.5,71028.5,70862.5,70931.5
1780351200000,70928.5,70946.5,70719.5,70870.5
1780352100000,70871.5,71236.5,70865.5,71190.5
1780353000000,71186.5,71258.5,70971.5,71044.5
1780353900000,71045.5,71362.5,71033.5,71303.5
1780354800000,71303.5,71350.5,71211.5,71256.5
1780355700000,71255.5,71385.5,71131.5,71144.5
1780356600000,71143.5,71485.5,71111.5,71410.5
1780357500000,71411.5,71460.5,71264.5,71318.5
1780358400000,71315.5,71321.5,71140.5,71172.5
1780359300000,71170.5,71210.5,71049.5,71140.5
1780360200000,71144.5,71210.5,70983.5,71086.5
1780361100000,71087.5,71208.5,71043.5,71183.5
1780362000000,71183.5,71281.5,71124.5,71273.5
1780362900000,71271.5,71281.5,71087.5,71105.5
1780363800000,71104.5,71133.5,70670.5,70856.5
1780364700000,70850.5,70859.5,70503.5,70551.5
1780365600000,70552.5,70624.5,69976.5,70248.5
1780366500000,70246.5,70726.5,70039.5,70696.5
1780367400000,70696.5,70778.5,70466.5,70490.5
1780368300000,70492.5,70750.5,70466.5,70738.5
1780369200000,70741.5,70935.5,70681.5,70799.5
1780370100000,70798.5,70899.5,70692.5,70838.5
1780371000000,70842.5,70900.5,70779.5,70880.5
1780371900000,70875.5,70909.5,70816.5,70839.5
1780372800000,70843.5,70909.5,70585.5,70649.5
1780373700000,70648.5,70912.5,70648.5,70847.5
1780374600000,70850.5,70931.5,70783.5,70901.5
1780375500000,70902.5,70902.5,70623.5,70698.5
1780376400000,70698.5,70734.5,70467.5,70692.5
1780377300000,70690.5,70702.5,70454.5,70481.5
1780378200000,70477.5,70609.5,70308.5,70423.5
1780379100000,70416.5,70430.5,70141.5,70157.5
1780380000000,70154.5,70337.5,70112.5,70194.5
1780380900000,70188.5,70290.5,70108.5,70260.5
1780381800000,70261.5,70321.5,70136.5,70143.5
1780382700000,70148.5,70236.5,69828.5,69996.5
1780383600000,70001.5,70049.5,69622.5,69938.5
1780384500000,69939.5,70159.5,69722.5,69807.5
1780385400000,69803.5,70147.5,69794.5,70107.5
1780386300000,70101.5,70109.5,69958.5,70001.5
1780387200000,70000.5,70071.5,69852.5,69938.5
1780388100000,69937.5,69992.5,69757.5,69905.5
1780389000000,69909.5,69979.5,69737.5,69754.5
1780389900000,69755.5,69840.5,69586.5,69714.5
1780390800000,69717.5,69747.5,69328.5,69444.5
1780391700000,69450.5,69525.5,69220.5,69291.5
1780392600000,69292.5,69458.5,69238.5,69380.5
1780393500000,69379.5,69420.5,69263.5,69312.5
1780394400000,69313.5,69649.5,69230.5,69537.5
1780395300000,69536.5,69616.5,69396.5,69525.5
1780396200000,69525.5,69556.5,69325.5,69357.5
1780397100000,69358.5,69587.5,69355.5,69535.5
1780398000000,69534.5,69556.5,69381.5,69440.5
1780398900000,69440.5,69462.5,69310.5,69382.5
1780399800000,69383.5,69432.5,69291.5,69365.5
1780400700000,69361.5,69511.5,69347.5,69347.5
1780401600000,69346.5,69447.5,69183.5,69249.5
1780402500000,69241.5,69337.5,69145.5,69187.5
1780403400000,69187.5,69190.5,68967.5,69103.5
1780404300000,69109.5,69149.5,68889.5,68900.5
1780405200000,68914.5,69081.5,68775.5,68805.5
1780406100000,68802.5,68995.5,68752.5,68904.5
1780407000000,68912.5,68999.5,68658.5,68761.5
1780407900000,68762.5,68857.5,68647.5,68684.5
1780408800000,68689.5,68715.5,68174.5,68439.5
1780409700000,68438.5,68451.5,67485.5,67748.5
1780410600000,67744.5,68131.5,67721.5,67879.5
1780411500000,67881.5,68149.5,67828.5,67880.5
1780412400000,67883.5,67973.5,67672.5,67720.5
1780413300000,67719.5,67724.5,67223.5,67318.5
1780414200000,67317.5,67384.5,66943.5,67157.5
1780415100000,67155.5,67372.5,66978.5,67159.5
1780416000000,67162.5,67844.5,67087.5,67795.5
1780416900000,67796.5,68004.5,67651.5,67725.5
1780417800000,67729.5,67745.5,67405.5,67510.5
1780418700000,67510.5,67726.5,67283.5,67304.5
1780419600000,67304.5,67520.5,67250.5,67384.5
1780420500000,67386.5,67696.5,67340.5,67613.5
1780421400000,67617.5,67740.5,67344.5,67378.5
1780422300000,67379.5,67412.5,67262.5,67377.5
1780423200000,67375.5,67551.5,67366.5,67486.5
1780424100000,67486.5,67520.5,67177.5,67195.5
1780425000000,67197.5,67267.5,67077.5,67181.5
1780425900000,67182.5,67251.5,67001.5,67218.5
1780426800000,67222.5,67307.5,67108.5,67230.5
1780427700000,67223.5,67250.5,66812.5,66857.5
1780428600000,66862.5,66911.5,66249.5,66817.5
1780429500000,66813.5,67391.5,66748.5,67195.5
1780430400000,67207.5,67383.5,66957.5,67267.5
1780431300000,67271.5,67287.5,66775.5,66837.5
1780432200000,66843.5,67235.5,66827.5,67195.5
1780433100000,67196.5,67582.5,67171.5,67489.8
1780434000000,67478.4,67716.5,67290.5,67364.5
1780434900000,67367.5,67813.5,67352.5,67776.5
1780435800000,67776.5,67811.5,67591.5,67608.5
1780436700000,67612.5,67631.5,67390.5,67456.5
1780437600000,67452.5,67454.5,67092.5,67123.5
1780438500000,67123.5,67334.5,66825.5,67187.5
1780439400000,67189.5,67215.5,66680.5,66843.5
1780440300000,66842.5,66842.5,66132.5,66286.5
1780441200000,66289.5,66597.5,66088.5,66596.5
1780442100000,66601.5,66674.5,66088.5,66349.5
1780443000000,66347.5,66640.5,66142.5,66623.5
1780443900000,66618.5,66776.5,66565.5,66663.5
1780444800000,66662.5,66834.5,66550.5,66730.5
1780445700000,66728.5,67032.5,66663.5,66682.5
1780446600000,66680.5,67083.5,66600.5,66975.5
1780447500000,66974.5,67060.5,66833.5,66836.5
1780448400000,66839.5,66857.5,66566.5,66733.5
1780449300000,66734.5,66953.5,66711.5,66925.5
1780450200000,66924.5,66963.5,66363.5,66417.5
1780451100000,66422.5,66935.5,66392.5,66814.5
1780452000000,66820.5,66828.5,66616.5,66719.5
1780452900000,66718.5,66843.5,66537.5,66560.5
1780453800000,66561.5,66762.5,66492.5,66649.5
1780454700000,66645.5,66728.5,66475.5,66521.5
1780455600000,66522.5,66582.5,66302.5,66429.5
1780456500000,66428.5,66539.5,65993.5,66057.5
1780457400000,66067.5,66178.5,65642.5,65658.5
1780458300000,65669.5,65889.5,65345.5,65748.5
1780459200000,65757.5,66510.5,65713.5,66260.5
1780460100000,66247.5,66532.5,66223.5,66485.5
1780461000000,66485.5,66486.5,66217.5,66351.5
1780461900000,66347.5,66422.5,66176.5,66374.5
1780462800000,66376.5,67170.5,66373.5,67042.5
1780463700000,67042.5,67188.5,66883.5,67001.5
1780464600000,67000.5,67004.5,66675.5,66922.5
1780465500000,66925.5,67307.5,66918.5,67226.5
1780466400000,67229.5,67282.5,67004.5,67067.5
1780467300000,67068.5,67262.5,67044.5,67152.5
1780468200000,67148.5,67415.5,67010.5,67230.5
1780469100000,67228.5,67247.5,66858.5,66884.5
1780470000000,66882.5,67058.5,66767.5,66982.5
1780470900000,66969.5,67239.5,66922.5,67090.5
1780471800000,67093.5,67186.5,66961.5,67116.5
1780472700000,67114.5,67230.5,67078.5,67132.5
1780473600000,67131.5,67170.5,66964.5,66965.5
1780474500000,66963.5,67055.5,66902.5,66939.5
1780475400000,66935.5,67142.5,66863.5,66983.5
1780476300000,66984.5,67086.5,66880.5,66932.5
1780477200000,66928.5,67004.5,66831.5,66867.5
1780478100000,66866.5,66870.5,66700.5,66726.5
1780479000000,66729.5,66763.5,66619.5,66628.5
1780479900000,66626.5,67212.5,66545.5,66966.5
1780480800000,66967.5,67363.5,66945.5,67193.5
1780481700000,67190.5,67234.5,67075.5,67216.5
1780482600000,67216.5,67314.5,67091.5,67131.5
1780483500000,67132.5,67230.5,67067.5,67198.5
1780484400000,67203.5,67280.5,67089.5,67246.5
1780485300000,67241.5,67275.5,67179.5,67240.5
1780486200000,67238.5,67241.5,67006.5,67055.5
1780487100000,67051.5,67060.5,66951.5,66978.5
1780488000000,66979.5,67041.5,66779.5,66869.5
1780488900000,66873.5,66976.5,66674.5,66925.5
1780489800000,66924.5,67069.5,66719.5,66861.5
1780490700000,66860.5,67042.5,66812.5,66979.5
1780491600000,66978.5,67124.5,66871.5,67014.5
1780492500000,67014.5,67155.5,66713.5,66716.5
1780493400000,66729.5,67103.5,66589.5,66640.5
1780494300000,66639.5,66935.5,66521.5,66794.5
1780495200000,66795.5,66844.5,66606.5,66798.5
1780496100000,66796.5,66831.5,66535.5,66680.5
1780497000000,66679.5,66895.5,66607.5,66643.5
1780497900000,66639.5,66836.5,66625.5,66759.5
1780498800000,66760.5,66797.5,66382.5,66416.5
1780499700000,66417.5,66561.5,66138.5,66496.5
1780500600000,66500.5,66580.5,66115.5,66196.5
1780501500000,66193.5,66280.5,65962.5,65971.5
1780502400000,65975.5,66266.5,65761.5,66065.5
1780503300000,66065.5,66128.5,65452.5,65514.5
1780504200000,65515.5,65892.5,65486.5,65818.5
1780505100000,65816.5,65980.5,65719.5,65960.5
1780506000000,65965.5,66026.5,65605.5,65620.5
1780506900000,65619.5,65900.5,65618.5,65850.5
1780507800000,65855.5,66086.5,65729.5,66012.5
1780508700000,66014.5,66019.5,65691.5,65869.5
1780509600000,65868.5,66004.5,65767.5,65870.5
1780510500000,65873.5,65873.5,65643.5,65813.5
1780511400000,65809.5,66015.5,65694.5,65952.5
1780512300000,65951.5,66064.5,65915.5,65945.5
1780513200000,65946.5,65968.5,65804.5,65879.5
1780514100000,65881.5,65948.5,65494.5,65553.5
1780515000000,65558.5,65734.5,65523.5,65656.5
1780515900000,65645.5,65753.5,65122.5,65364.5
1780516800000,65361.5,65513.5,65152.5,65476.5
1780517700000,65424.5,65511.5,65187.5,65450.5
1780518600000,65449.5,65483.5,65083.5,65100.5
1780519500000,65099.5,65146.5,64671.5,64832.8
1780520400000,64896.799999999996,65472.5,64843.6,65309.5
1780521300000,65308.5,65496.5,65292.5,65410.5
1780522200000,65415.5,65624.5,65172.5,65401.5
1780523100000,65402.5,65750.5,65363.5,65662.5
1780524000000,65665.5,65735.5,65198.5,65228.5
1780524900000,65230.5,65230.5,64891.5,65053.5
1780525800000,65054.5,65158.5,64795.5,64964.5
1780526700000,64970.5,64999.5,64666.5,64803.5
1780527600000,64796.5,64878.5,64289.5,64500.5
1780528500000,64494.5,64549.5,64250.5,64402.5
1780529400000,64409.5,64530.5,64139.5,64161.5
1780530300000,64150.5,64249.5,63963.5,64033.5
1780531200000,64038.5,64336.5,64010.5,64211.5
1780532100000,64209.5,64290.5,63237.5,63252.5
1780533000000,63243.5,63720.5,62961.5,63506.5
1780533900000,63507.5,63516.5,62847.5,63236.5
1780534800000,63245.5,63404.5,62994.5,63026.5
1780535700000,63021.5,63046.5,62480.5,62610.5
1780536600000,62616.5,63074.5,62611.5,62734.5
1780537500000,62734.5,62799.5,62018.5,62101.5
1780538400000,62092.5,62413.5,61288.5,62314.5
1780539300000,62318.5,63023.5,62061.5,62920.5
1780540200000,62922.5,63426.5,62799.5,63327.5
1780541100000,63328.5,63547.5,63075.5,63154.5
1780542000000,63153.5,63920.5,63141.5,63881.5
1780542900000,63884.5,64058.5,63792.5,63848.5
1780543800000,63843.5,64452.5,63825.5,64315.5
1780544700000,64314.5,64386.5,64183.5,64283.5
1780545600000,64285.5,64579.5,64258.5,64548.5
1780546500000,64551.5,64689.5,64422.5,64505.5
1780547400000,64503.5,64550.5,64189.5,64347.5
1780548300000,64346.5,64399.5,64226.5,64322.5
1780549200000,64321.5,64321.5,63640.5,63888.5
1780550100000,63882.5,63952.5,63561.5,63774.5
1780551000000,63774.5,64275.5,63689.5,64217.5
1780551900000,64213.5,64222.5,63837.5,63883.5
1780552800000,63881.5,64199.5,63818.5,64193.5
1780553700000,64197.5,64417.5,64108.5,64189.5
1780554600000,64197.5,64370.5,64006.5,64266.5
1780555500000,64264.5,64264.5,63895.5,63959.5
1780556400000,63963.5,63996.5,63652.5,63741.5
1780557300000,63743.5,63773.5,63315.5,63633.5
1780558200000,63635.5,63985.5,63617.5,63850.5
1780559100000,63853.5,63885.5,63514.5,63521.5
1780560000000,63522.5,63830.5,63241.5,63288.5
1780560900000,63281.5,63523.5,63163.5,63420.5
1780561800000,63424.5,63617.5,63273.5,63330.5
1780562700000,63331.5,63664.5,63316.5,63541.5
1780563600000,63547.5,63568.5,63105.5,63253.5
1780564500000,63260.5,63260.5,62709.5,62781.5
1780565400000,62787.5,62918.5,62618.5,62815.5
1780566300000,62815.5,63189.5,62800.5,63181.5
1780567200000,63174.5,63202.5,62733.5,62803.5
1780568100000,62799.5,62933.5,62409.5,62420.5
1780569000000,62415.5,62719.5,62322.5,62619.5
1780569900000,62631.5,62682.5,62186.5,62340.5
1780570800000,62337.5,62600.5,62137.5,62192.5
1780571700000,62187.5,62588.5,62156.5,62537.5
1780572600000,62541.5,62764.5,62116.5,62173.5
1780573500000,62176.5,62489.5,62172.5,62480.5
1780574400000,62478.5,62638.5,62275.5,62468.5
1780575300000,62463.5,63332.5,62446.5,63207.5
1780576200000,63203.5,63656.5,63070.5,63484.5
1780577100000,63492.5,63901.5,63429.5,63692.5
1780578000000,63694.5,63771.5,63484.5,63509.5
1780578900000,63508.5,63555.5,62984.5,63155.5
1780579800000,63154.5,64178.5,63113.5,63729.5
1780580700000,63729.5,64168.5,63600.5,64164.5
1780581600000,64167.5,64445.5,63906.5,64302.5
1780582500000,64304.5,64359.5,63987.5,64085.5
1780583400000,64084.5,64092.5,63771.5,63946.5
1780584300000,63949.5,64011.5,63727.5,63882.5
1780585200000,63882.5,64303.5,63777.5,64287.5
1780586100000,64288.5,64335.5,63710.5,63898.5
1780587000000,63899.5,64005.5,63698.5,63762.5
1780587900000,63759.5,63922.5,63606.5,63804.5
1780588800000,63809.5,63839.5,63551.5,63555.5
1780589700000,63559.5,63793.5,63530.5,63548.5
1780590600000,63549.5,63769.5,63344.5,63674.5
1780591500000,63676.5,63820.5,63392.5,63453.5
1780592400000,63452.5,63618.5,63328.5,63487.5
1780593300000,63490.5,63493.5,63011.5,63136.5
1780594200000,63136.5,63213.5,62858.5,62944.5
1780595100000,62946.5,63540.5,62844.5,63432.5
1780596000000,63431.5,63466.5,63041.5,63051.5
1780596900000,63056.5,63791.5,63037.5,63784.5
1780597800000,63785.5,64016.5,63614.5,63822.5
1780598700000,63824.5,63998.5,63716.5,63721.5
1780599600000,63718.5,63794.5,63530.5,63786.5
1780600500000,63791.5,64067.5,63770.5,64024.5
1780601400000,64025.5,64052.5,63655.5,63682.5
1780602300000,63680.5,63689.5,63443.5,63537.5
1780603200000,63537.5,63559.5,63170.5,63441.5
1780604100000,63437.5,63474.5,63125.5,63298.5
1780605000000,63293.5,63605.5,63281.5,63518.5
1780605900000,63517.5,63589.5,63381.5,63535.4
1780606800000,63565.9,63809.5,63526.9,63735.5
1780607700000,63735.5,63764.5,63320.5,63445.5
1780608600000,63447.5,63467.5,63024.5,63433.5
1780609500000,63438.5,63471.5,63160.5,63220.5
1780610400000,63221.5,63438.5,63113.5,63229.5
1780611300000,63226.5,63392.5,63218.5,63294.5
1780612200000,63300.5,63521.5,63160.5,63435.5
1780613100000,63435.5,63711.5,63368.5,63656.5
1780614000000,63664.5,63782.5,63522.5,63526.5
1780614900000,63529.5,63554.5,63297.5,63396.5
1780615800000,63397.5,63732.5,63391.5,63686.5
1780616700000,63687.5,63858.5,63614.5,63812.5
1780617600000,63813.5,63813.5,63567.5,63588.5
1780618500000,63588.5,63839.5,63514.5,63836.5
1780619400000,63837.5,63912.5,63597.5,63625.5
1780620300000,63626.5,63735.5,63316.5,63348.5
1780621200000,63349.5,63349.5,62975.5,63289.5
1780622100000,63289.5,63357.5,63062.5,63272.5
1780623000000,63279.5,63496.5,63183.5,63371.5
1780623900000,63372.5,63383.5,63161.5,63288.5
1780624800000,63292.5,63373.5,63084.5,63084.5
1780625700000,63093.5,63200.5,62623.5,62639.5
1780626600000,62637.5,62892.5,62513.5,62662.5
1780627500000,62663.5,62790.5,62521.5,62553.5
1780628400000,62551.5,62592.5,62262.5,62306.5
1780629300000,62311.5,62757.5,62304.5,62539.5
1780630200000,62532.5,62823.5,62515.5,62601.5
1780631100000,62600.5,62798.5,62580.5,62660.5
1780632000000,62669.5,62916.5,62402.5,62795.5
1780632900000,62803.5,63172.5,62575.5,63172.5
1780633800000,63165.5,63170.5,62913.5,62957.5
1780634700000,62957.5,63567.5,62765.5,63538.5
1780635600000,63536.5,63615.5,63255.5,63309.5
1780636500000,63302.5,63497.5,63192.5,63435.5
1780637400000,63437.5,63488.5,62801.5,62813.5
1780638300000,62812.5,62908.5,62202.5,62265.5
1780639200000,62262.5,62571.5,61953.5,62020.5
1780640100000,62018.5,62190.5,61053.5,61600.5
1780641000000,61614.5,62129.5,61575.5,62089.5
1780641900000,62094.5,62146.5,61724.5,61891.5
1780642800000,61884.5,61932.5,61301.5,61429.5
1780643700000,61424.5,62296.5,61424.5,62189.5
1780644600000,62188.5,62829.5,62107.5,62827.5
1780645500000,62828.5,63064.5,62686.5,63049.5
1780646400000,63050.5,63053.5,62635.5,62751.5
1780647300000,62748.5,62820.5,62517.5,62755.5
1780648200000,62756.5,62873.5,62452.5,62468.5
1780649100000,62468.5,62553.5,62210.5,62393.5
1780650000000,62394.5,63027.5,62369.5,63027.5
1780650900000,63029.5,63182.5,62833.5,63044.5
1780651800000,63050.5,63073.5,62717.5,62759.5
1780652700000,62759.5,62936.5,62743.5,62804.5
1780653600000,62805.5,62884.5,62582.5,62686.5
1780654500000,62682.5,62683.5,62433.5,62517.5
1780655400000,62519.5,62656.5,62308.5,62614.5
1780656300000,62615.5,62615.5,62382.5,62480.5
1780657200000,62464.5,62484.5,62197.5,62262.5
1780658100000,62263.5,62575.5,62169.5,62411.5
1780659000000,62417.5,62464.5,62054.5,62056.5
1780659900000,62057.5,62197.5,61891.5,61892.5
1780660800000,61895.5,62219.5,61573.5,62082.5
1780661700000,62083.5,62388.5,62079.5,62147.5
1780662600000,62138.5,62296.5,61543.5,61915.5
1780663500000,61919.5,62033.5,61797.5,61899.5
1780664400000,61900.5,62114.5,61858.5,61927.5
1780665300000,61928.5,62253.5,61814.5,62057.5
1780666200000,62035.5,62273.5,61611.5,61776.5
1780667100000,61778.5,61821.5,60633.5,60669.5
1780668000000,60671.5,61159.5,60367.5,60813.5
1780668900000,60799.5,61017.5,60289.5,60359.5
1780669800000,60353.5,61147.5,60279.5,60793.5
1780670700000,60799.5,61085.5,60569.5,60822.5
1780671600000,60820.5,60970.5,60459.5,60555.5
1780672500000,60552.5,61068.5,60446.5,60737.5
1780673400000,60733.5,60806.5,60012.5,60322.5
1780674300000,60335.5,60575.5,60158.5,60386.5
1780675200000,60376.5,61036.5,59714.5,60855.5
1780676100000,60855.5,61502.5,60640.5,60883.5
1780677000000,60884.5,61026.5,60662.5,60790.5
1780677900000,60784.5,61423.5,60752.5,61340.5
1780678800000,61334.5,61462.5,60878.5,60999.5
1780679700000,61006.5,61026.5,60589.5,60641.5
1780680600000,60641.5,61096.5,60620.5,60703.5
1780681500000,60705.5,60800.5,60583.5,60762.5
1780682400000,60764.5,60898.5,60531.5,60562.5
1780683300000,60561.5,60606.5,60043.5,60104.5
1780684200000,60105.5,60281.5,59558.5,59891.5
1780685100000,59893.5,59920.5,59082.5,59352.5
1780686000000,59354.5,59572.5,59084.5,59347.5
1780686900000,59347.5,59833.5,59084.5,59811.5
1780687800000,59813.5,59861.5,59433.5,59703.5
1780688700000,59706.5,60422.5,59688.5,60267.5
1780689600000,60256.5,60919.5,59899.5,60819.5
1780690500000,60816.5,61042.5,60657.5,60922.5
1780691400000,60920.5,61287.5,60850.5,61245.5
1780692300000,61242.5,61727.5,61174.5,61625
1780866000000,61835,61975.5,61647.7,61921.5
1780866900000,61917.5,61970.5,61668.5,61763.5
1780867800000,61764.5,61827.5,61624.5,61679.5
1780868700000,61679.5,61765.5,61612.5,61755.5
1780869600000,61754.5,63614.5,61680.5,63499.5
1780870500000,63524.5,64126.5,62847.5,62954.5
1780871400000,62959.5,63360.5,62739.5,63133.5
1780872300000,63134.5,63286.5,62813.5,62833.5
1780873200000,62833.5,63025.5,62733.5,62983.5
1780874100000,62986.5,63248.5,62766.5,63228.5
1780875000000,63229.5,63302.5,63090.5,63260.5
1780875900000,63266.5,63419.5,63069.5,63302.5
1780876800000,63302.5,63319.5,63107.5,63222.5
1780877700000,63220.5,63487.5,63106.5,63471.5
1780878600000,63472.5,63838.5,63371.5,63686.5
1780879500000,63691.5,63772.5,63510.5,63600.5
1780880400000,63598.5,63621.5,63030.5,63041.5
1780881300000,63037.5,63139.5,62698.5,62793.5
1780882200000,62795.5,63094.5,62670.5,63089.5
1780883100000,63085.5,63219.5,62954.5,63182.5
1780884000000,63184.5,63235.5,62964.5,63096.5
1780884900000,63094.5,63192.5,62928.5,63077.5
1780885800000,63075.5,63167.5,62858.5,63034.5
1780886700000,63035.5,63106.5,62902.5,63091.5
1780887600000,63088.5,63417.5,62924.5,63243.5
1780888500000,63241.5,63331.5,63104.5,63113.5
1780889400000,63112.5,63201.5,63022.5,63109.5
1780890300000,63109.5,63143.5,63023.5,63090.5
1780891200000,63093.5,63140.5,62745.5,62967.5
1780892100000,62972.5,63008.5,62783.5,62900.5
1780893000000,62902.5,62951.5,62609.5,62656.5
1780893900000,62655.5,62860.5,62613.5,62635.5
1780894800000,62635.5,62789.5,62495.5,62527.5
1780895700000,62515.5,62713.5,62452.5,62682.5
1780896600000,62683.5,62692.5,62358.5,62431.5
1780897500000,62433.5,62737.5,62409.5,62722.5
1780898400000,62721.5,62935.5,62675.5,62896.5
1780899300000,62898.5,63112.5,62834.5,63022.5
1780900200000,63026.5,63065.5,62852.5,62992.5
1780901100000,62994.5,63010.5,62879.5,62947.5
1780902000000,62950.5,63156.5,62752.5,63043.5
1780902900000,63040.5,63203.5,62896.5,63139.5
1780903800000,63142.5,63226.5,63029.5,63055.5
1780904700000,63056.5,63296.5,63043.5,63235.5
1780905600000,63235.5,63240.5,63013.5,63144.5
1780906500000,63143.5,63179.5,62921.5,63056.5
1780907400000,63059.5,63150.5,62979.5,63113.5
1780908300000,63114.5,63138.5,62970.5,63083.5
1780909200000,63084.5,63290.5,63058.5,63283.5
1780910100000,63269.5,63509.5,63217.5,63326.5
1780911000000,63326.5,63356.5,63103.5,63306.5
1780911900000,63307.5,63458.5,63281.5,63441.5
1780912800000,63444.5,63506.5,63300.5,63330.5
1780913700000,63338.5,63338.5,63041.5,63091.5
1780914600000,63094.5,63355.5,63059.5,63157.5
1780915500000,63157.5,63187.5,63024.5,63104.5
1780916400000,63103.5,63399.5,62989.5,63391.5
1780917300000,63389.5,63620.5,63310.5,63557.5
1780918200000,63559.5,63819.5,63468.5,63574.5
1780919100000,63572.5,63614.5,63356.5,63439.5
1780920000000,63438.5,63616.5,62615.5,62659.5
1780920900000,62661.5,63058.5,62661.5,63054.5
1780921800000,63052.5,63614.5,63048.5,63585.5
1780922700000,63589.5,63879.5,63459.5,63791.5
1780923600000,63816.5,63901.5,63654.5,63725.5
1780924500000,63713.5,63874.5,63516.5,63534.5
1780925400000,63536.5,63711.5,63293.5,63437.5
1780926300000,63432.5,63833.5,63353.5,63702.5
1780927200000,63692.5,63864.5,63504.5,63826.5
1780928100000,63830.5,63847.5,63525.5,63707.5
1780929000000,63727.5,63896.5,63701.5,63863.5
1780929900000,63864.5,64053.5,63775.5,63944.5
1780930800000,63943.5,64182.5,63840.5,64158.5
1780931700000,64161.5,64191.5,63892.5,63955.5
1780932600000,63960.5,63971.5,63744.5,63827.5
1780933500000,63829.5,63996.5,63657.5,63735.5
1780934400000,63734.5,63904.5,63621.5,63756.5
1780935300000,63757.5,64002.5,63748.5,63837.5
1780936200000,63835.5,63847.5,63548.5,63647.5
1780937100000,63647.5,63663.5,63424.5,63492.5
1780938000000,63488.5,63546.5,63243.5,63319.5
1780938900000,63319.5,63623.5,63319.5,63597.5
1780939800000,63598.5,63600.5,63228.5,63347.5
1780940700000,63348.5,63530.5,63338.5,63515.5
1780941600000,63518.5,63615.5,63476.5,63556.5
1780942500000,63558.5,63634.5,63487.5,63619.5
1780943400000,63618.5,63662.5,63393.5,63461.5
1780944300000,63463.5,63497.5,63299.5,63433.5
1780945200000,63432.5,63527.5,63338.5,63390.5
1780946100000,63389.5,63545.5,63327.5,63498.5
1780947000000,63500.5,63566.5,63388.5,63448.5
1780947900000,63449.5,63517.5,63325.5,63340.5
1780948800000,63346.5,63409.5,63171.5,63226.5
1780949700000,63228.5,63294.5,63119.5,63143.5
1780950600000,63142.5,63391.5,63138.5,63362.5
1780951500000,63350.5,63439.5,63338.5,63417.1
1780952400000,63451.1,63768.5,63444.7,63700.5
1780953300000,63699.5,63756.5,63590.5,63691.5
1780954200000,63687.5,63831.5,63592.5,63804.5
1780955100000,63802.5,63812.5,63689.5,63696.5
1780956000000,63695.5,63699.5,63257.5,63274.5
1780956900000,63275.5,63438.5,63178.5,63346.5
1780957800000,63348.5,63370.5,63214.5,63279.5
1780958700000,63278.5,63441.5,63202.5,63422.5
1780959600000,63422.5,63568.5,63374.5,63558.5
1780960500000,63556.5,63575.5,63050.5,63121.5
1780961400000,63116.5,63176.5,62987.5,63116.5
1780962300000,63111.5,63111.5,62943.5,63065.5
1780963200000,63066.5,63129.5,62954.5,62971.5
1780964100000,62973.5,63155.5,62660.5,62704.5
1780965000000,62706.5,62747.5,62525.5,62676.5
1780965900000,62680.5,62682.5,62367.5,62527.5
1780966800000,62529.5,62695.5,62508.5,62621.5
1780967700000,62620.5,62843.5,62583.5,62755.5
1780968600000,62758.5,62854.5,62628.5,62675.5
1780969500000,62671.5,62832.5,62664.5,62732.5
1780970400000,62731.5,62842.5,62693.5,62712.5
1780971300000,62710.5,62748.5,62537.5,62741.5
1780972200000,62740.5,62804.5,62506.5,62634.5
1780973100000,62630.5,62844.5,62615.5,62841.5
1780974000000,62841.5,62904.5,62770.5,62876.5
1780974900000,62877.5,62945.5,62731.5,62773.5
1780975800000,62776.5,62838.5,62653.5,62784.5
1780976700000,62783.5,62862.5,62705.5,62845.5
1780977600000,62839.5,62949.5,62702.5,62868.5
1780978500000,62866.5,62876.5,62752.5,62756.5
1780979400000,62758.5,63360.5,62722.5,63196.5
1780980300000,63195.5,63383.5,63174.5,63200.5
1780981200000,63203.5,63279.5,63066.5,63214.5
1780982100000,63215.5,63327.5,63215.5,63278.5
1780983000000,63272.5,63498.5,63261.5,63331.5
1780983900000,63330.5,63423.5,63262.5,63306.5
1780984800000,63305.5,63388.5,63232.5,63329.5
1780985700000,63326.5,63478.5,63294.5,63391.5
1780986600000,63388.5,63425.5,63254.5,63304.5
1780987500000,63303.5,63374.5,63175.5,63260.5
1780988400000,63257.5,63412.5,63251.5,63251.5
1780989300000,63257.5,63334.5,62939.5,62994.5
1780990200000,62995.5,63168.5,62995.5,63147.5
1780991100000,63143.5,63178.5,63071.5,63158.5
1780992000000,63161.5,63173.5,62648.5,62888.5
1780992900000,62890.5,62947.5,62820.5,62821.5
1780993800000,62820.5,62982.5,62763.5,62941.5
1780994700000,62939.5,62969.5,62787.5,62810.5
1780995600000,62809.5,62865.5,62663.5,62819.5
1780996500000,62821.5,62908.5,62766.5,62775.5
1780997400000,62773.5,62781.5,62510.5,62633.5
1780998300000,62639.5,62693.5,62606.5,62679.5
1780999200000,62680.5,62756.5,62517.5,62740.5
1781000100000,62739.5,62745.5,62653.5,62703.5
1781001000000,62701.5,62721.5,62583.5,62656.5
1781001900000,62654.5,62788.5,62608.5,62737.5
1781002800000,62740.5,62771.5,62461.5,62497.5
1781003700000,62491.5,62606.5,62453.5,62562.5
1781004600000,62560.5,62639.5,62477.5,62590.5
1781005500000,62587.5,62699.5,62528.5,62667.5
1781006400000,62668.5,62856.5,62641.5,62789.5
1781007300000,62790.5,62807.5,62601.5,62617.5
1781008200000,62613.5,62641.5,62475.5,62482.5
1781009100000,62479.5,62623.5,62392.5,62601.5
1781010000000,62597.5,62699.5,62496.5,62515.5
1781010900000,62518.5,62538.5,62209.5,62298.5
1781011800000,62294.5,62469.5,62103.5,62389.5
1781012700000,62390.5,62492.5,62204.5,62222.5
1781013600000,62225.5,62356.5,61914.5,61963.5
1781014500000,61964.5,62033.5,61528.5,61550.5
1781015400000,61553.5,61642.5,61248.5,61304.5
1781016300000,61305.5,61506.5,61054.5,61493.5
1781017200000,61498.5,61664.5,61274.5,61602.5
1781018100000,61601.5,61665.5,61242.5,61251.5
1781019000000,61248.5,61390.5,61153.5,61275.5
1781019900000,61277.5,61375.5,60981.5,61082.5
1781020800000,61080.5,61167.5,60881.5,60950.5
1781021700000,60947.5,61056.5,60786.5,60973.5
1781022600000,60975.5,61256.5,60706.5,61182.5
1781023500000,61188.5,61402.5,61103.5,61338.5
1781024400000,61327.5,61621.5,61323.5,61553.5
1781025300000,61550.5,61828.5,61517.5,61685.5
1781026200000,61689.5,61793.5,61621.5,61622.5
1781027100000,61629.5,61802.5,61534.5,61627.5
1781028000000,61638.5,61779.5,61538.5,61684.5
1781028900000,61679.5,61907.5,61601.5,61670.5
1781029800000,61671.5,61763.5,61518.5,61540.5
1781030700000,61540.5,61775.5,61535.5,61725.5
1781031600000,61730.5,61864.5,61670.5,61708.5
1781032500000,61710.5,61863.5,61645.5,61814.5
1781033400000,61811.5,61990.5,61704.5,61823.5
1781034300000,61826.5,62060.5,61699.5,62042.5
1781035200000,62040.5,62161.5,61888.5,62161.5
1781036100000,62164.5,62220.5,61940.5,62030.5
1781037000000,62032.5,62132.5,61921.5,62073.5
1781037900000,62073.5,62081.5,61987.5,62070.3
1781038800000,62108.2,62124.5,61924.5,62086.5
1781039700000,62084.5,62090.5,61709.5,61751.5
1781040600000,61755.5,61845.5,61717.5,61734.5
1781041500000,61736.5,61780.5,61626.5,61705.5
1781042400000,61700.5,61804.5,61588.5,61782.5
1781043300000,61784.5,61901.5,61724.5,61757.5
1781044200000,61756.5,61937.5,61719.5,61814.5
1781045100000,61809.5,61844.5,61628.5,61677.5
1781046000000,61673.5,61760.5,61595.5,61702.5
1781046900000,61695.5,61844.5,61625.5,61639.5
1781047800000,61637.5,61687.5,61495.5,61579.5
1781048700000,61576.5,61709.5,61544.5,61674.5
1781049600000,61676.5,61848.5,61647.5,61788.5
1781050500000,61784.5,61831.5,61670.5,61802.5
1781051400000,61801.5,61828.5,61391.5,61476.5
1781052300000,61473.5,61891.5,61444.5,61870.5
1781053200000,61875.5,61935.5,61617.5,61780.5
1781054100000,61776.5,61851.5,61698.5,61782.5
1781055000000,61782.5,61860.5,61531.5,61584.5
1781055900000,61588.5,61811.5,61565.5,61665.5
1781056800000,61666.5,61797.5,61496.5,61516.5
1781057700000,61524.5,61535.5,61291.5,61457.5
1781058600000,61449.5,61511.5,61245.5,61328.5
1781059500000,61329.5,61349.5,61179.5,61255.5
1781060400000,61257.5,61441.5,61228.5,61389.5
1781061300000,61390.5,61539.5,61284.5,61533.5
1781062200000,61534.5,61534.5,61387.5,61486.5
1781063100000,61487.5,61552.5,61437.5,61507.5
1781064000000,61509.5,61528.5,61390.5,61462.5
1781064900000,61464.5,61512.5,61405.5,61425.5
1781065800000,61429.5,61430.5,61134.5,61189.5
1781066700000,61190.5,61329.5,61136.5,61261.5
1781067600000,61262.5,61288.5,61078.5,61132.5
1781068500000,61130.5,61228.5,61031.5,61224.5
1781069400000,61229.5,61288.5,61138.5,61239.5
1781070300000,61238.5,61356.5,61157.5,61311.5
1781071200000,61315.5,61387.5,61235.5,61352.5
1781072100000,61350.5,61443.5,61269.5,61300.5
1781073000000,61298.5,61412.5,61088.5,61385.5
1781073900000,61381.5,61481.5,61371.5,61418.5
1781074800000,61417.5,61545.5,61374.5,61519.5
1781075700000,61520.5,61655.5,61498.5,61587.5
1781076600000,61589.5,61744.5,61500.5,61702.5
1781077500000,61703.5,61727.5,61564.5,61641.5
1781078400000,61634.5,61661.5,61486.5,61562.5
1781079300000,61560.5,61687.5,61421.5,61490.5
1781080200000,61489.5,61553.5,61145.5,61180.5
1781081100000,61179.5,61267.5,61102.5,61206.5
1781082000000,61208.5,61266.5,60977.5,61008.5
1781082900000,61006.5,61179.5,60633.5,61155.5
1781083800000,61153.5,61376.5,61113.5,61205.5
1781084700000,61206.5,61347.5,61076.5,61278.5
1781085600000,61279.5,61297.5,61094.5,61179.5
1781086500000,61179.5,61306.5,61072.5,61277.5
1781087400000,61278.5,61404.5,61192.5,61258.5
1781088300000,61256.5,61365.5,61205.5,61329.5
1781089200000,61328.5,61381.5,60781.5,61109.5
1781090100000,61095.5,61202.5,60818.5,60909.5
1781091000000,60907.5,61005.5,60847.5,60952.5
1781091900000,60950.5,61055.5,60908.5,60978.5
1781092800000,60978.5,61169.5,60883.5,61126.5
1781093700000,61123.5,61202.5,60972.5,61107.5
1781094600000,61097.5,61885.5,61031.5,61635.5
1781095500000,61633.5,61753.5,61498.5,61506.5
1781096400000,61507.5,61576.5,61438.5,61473.5
1781097300000,61470.5,61545.5,61386.5,61499.5
1781098200000,61496.5,62329.5,61434.5,62326.5
1781099100000,62325.5,62404.5,61999.5,62100.5
1781100000000,62096.5,62206.5,61926.5,61948.5
1781100900000,61956.5,62111.5,61793.5,61994.5
1781101800000,61989.5,62067.5,61749.5,61889.5
1781102700000,61887.5,62156.5,61743.5,62138.5
1781103600000,62148.5,62370.5,61804.5,61874.5
1781104500000,61878.5,62301.5,61778.5,62196.5
1781105400000,62195.5,62365.5,62122.5,62332.5
1781106300000,62339.5,62798.5,62070.5,62579.5
1781107200000,62586.5,62603.5,62255.5,62286.5
1781108100000,62285.5,62396.5,62034.5,62226.5
1781109000000,62230.5,62345.5,62084.5,62160.5
1781109900000,62155.5,62169.5,61859.5,62166.5
1781110800000,62167.5,62307.5,61936.5,62029.5
1781111700000,62025.5,62133.5,61817.5,61843.5
1781112600000,61845.5,61874.5,61582.5,61681.5
1781113500000,61687.5,61992.5,61655.5,61921.5
1781114400000,61920.5,62105.5,61855.5,61904.5
1781115300000,61901.5,61962.5,61774.5,61950.5
1781116200000,61953.5,61963.5,61677.5,61715.5
1781117100000,61718.5,61831.5,61513.5,61811.5
1781118000000,61815.5,61876.5,61653.5,61675.5
1781118900000,61674.5,61754.5,61595.5,61716.5
1781119800000,61717.5,62000.5,61705.5,61943.5
1781120700000,61948.5,61971.5,61763.5,61855.5
1781121600000,61828.5,61876.5,61616.5,61737.5
1781122500000,61739.5,61886.5,61644.5,61838.5
1781123400000,61838.5,61858.5,61729.5,61738.5
1781124300000,61742.5,61785.5,61632.5,61719.1
1781125200000,61726.3,61727.3,61417.5,61472.5
1781126100000,61477.5,61628.5,61439.5,61503.5
1781127000000,61503.5,61668.5,61475.5,61605.5
1781127900000,61608.5,61619.5,61054.5,61289.5
1781128800000,61296.5,61301.5,61081.5,61170.5
1781129700000,61175.5,61281.5,61025.5,61186.5
1781130600000,61180.5,61518.5,61155.5,61488.5
1781131500000,61490.5,61500.5,61290.5,61313.5
1781132400000,61316.5,61320.5,61118.5,61142.5
1781133300000,61144.5,61508.5,61089.5,61484.5
1781134200000,61483.5,61548.5,61395.5,61483.5
1781135100000,61486.5,61527.5,61405.5,61443.5
1781136000000,61446.5,61634.5,61446.5,61621.5
1781136900000,61620.5,61921.5,61620.5,61823.5
1781137800000,61821.5,61841.5,61707.5,61718.5
1781138700000,61719.5,61877.5,61716.5,61757.5
1781139600000,61758.5,62058.5,61753.5,61973.5
1781140500000,61972.5,62168.5,61948.5,62112.5
1781141400000,62111.5,62308.5,62023.5,62191.5
1781142300000,62192.5,62238.5,62106.5,62151.5
1781143200000,62150.5,62228.5,62038.5,62106.5
1781144100000,62111.5,62240.5,61971.5,61991.5
1781145000000,61990.5,62040.5,61862.5,62002.5
1781145900000,61997.5,62168.5,61925.5,62079.5
1781146800000,62078.5,62127.5,61928.5,61995.5
1781147700000,61999.5,62066.5,61938.5,62044.5
1781148600000,62039.5,62479.5,62033.5,62291.5
1781149500000,62292.5,62712.5,62286.5,62594.5
1781150400000,62596.5,62664.5,62479.5,62584.5
1781151300000,62583.5,62633.5,62499.5,62538.5
1781152200000,62536.5,62625.5,62455.5,62599.5
1781153100000,62589.5,62777.5,62574.5,62640.5
1781154000000,62641.5,62645.5,62473.5,62542.5
1781154900000,62540.5,62658.5,62491.5,62548.5
1781155800000,62550.5,62627.5,62507.5,62616.5
1781156700000,62615.5,62643.5,62521.5,62534.5
1781157600000,62540.5,62740.5,62458.5,62707.5
1781158500000,62710.5,62921.5,62658.5,62803.5
1781159400000,62800.5,62911.5,62772.5,62874.5
1781160300000,62873.5,62881.5,62663.5,62682.5
1781161200000,62679.5,62712.5,62527.5,62583.5
1781162100000,62582.5,62728.5,62559.5,62715.5
1781163000000,62716.5,62772.5,62527.5,62597.5
1781163900000,62594.5,62674.5,62592.5,62632.5
1781164800000,62635.5,62804.5,62628.5,62743.5
1781165700000,62747.5,62877.5,62710.5,62875.5
1781166600000,62872.5,62903.5,62755.5,62776.5
1781167500000,62775.5,62956.5,62766.5,62874.5
1781168400000,62878.5,62879.5,62732.5,62786.5
1781169300000,62788.5,62789.5,62703.5,62739.5
1781170200000,62735.5,62895.5,62732.5,62843.5
1781171100000,62844.5,62923.5,62812.5,62845.5
1781172000000,62844.5,62900.5,62765.5,62826.5
1781172900000,62825.5,62851.5,62720.5,62768.5
1781173800000,62771.5,62890.5,62761.5,62859.5
1781174700000,62860.5,63114.5,62843.5,63062.5
1781175600000,63073.5,63138.5,62968.5,63124.5
1781176500000,63125.5,63163.5,63027.5,63092.5
1781177400000,63091.5,63198.5,62997.5,63066.5
1781178300000,63068.5,63182.5,63017.5,63037.5
1781179200000,63041.5,63134.5,62934.5,63077.5
1781180100000,63078.5,63117.5,62573.5,62614.5
1781181000000,62615.5,62888.5,62432.5,62846.5
1781181900000,62844.5,62976.5,62783.5,62936.5
1781182800000,62935.5,62939.5,62780.5,62828.5
1781183700000,62831.5,62975.5,62723.5,62741.5
1781184600000,62737.5,62907.5,62591.5,62903.5
1781185500000,62907.5,63191.5,62876.5,63032.5
1781186400000,63032.5,63032.5,62678.5,62730.5
1781187300000,62728.5,62964.5,62655.5,62945.5
1781188200000,62946.5,63012.5,62779.5,62787.5
1781189100000,62791.5,62941.5,62657.5,62667.5
1781190000000,62661.5,62805.5,62446.5,62635.5
1781190900000,62633.5,62750.5,62558.5,62661.5
1781191800000,62654.5,62815.5,62567.5,62614.5
1781192700000,62618.5,62687.5,62495.5,62682.5
1781193600000,62683.5,62769.5,62592.5,62752.5
1781194500000,62758.5,62775.5,62500.5,62560.5
1781195400000,62558.5,62744.5,62462.5,62590.5
1781196300000,62586.5,62622.5,62497.5,62504.5
1781197200000,62501.5,62540.5,62281.5,62383.5
1781198100000,62384.5,62868.5,62255.5,62849.5
1781199000000,62849.5,63404.5,62849.5,63262.5
1781199900000,63260.5,63567.5,63235.5,63564.5
1781200800000,63553.5,63719.5,63216.5,63391.5
1781201700000,63389.5,63541.5,63265.5,63317.5
1781202600000,63314.5,63480.5,63273.5,63462.5
1781203500000,63465.5,63495.5,63375.5,63377.5
1781204400000,63376.5,63529.5,63309.5,63459.5
1781205300000,63459.5,63632.5,63446.5,63525.5
1781206200000,63530.5,63839.5,63518.5,63629.5
1781207100000,63628.5,63674.5,63525.5,63525.5
1781208000000,63531.5,63612.5,63428.5,63472.5
1781208900000,63476.5,63490.5,63259.5,63306.5
1781209800000,63309.5,63349.5,63220.5,63224.5
1781210700000,63225.5,63346.5,63201.5,63318.2
1781211600000,63319.1,63533.5,63255.5,63493.5
1781212500000,63482.5,63493.5,63372.5,63415.5
1781213400000,63423.5,63476.5,63380.5,63475.5
1781214300000,63474.5,63514.5,63393.5,63460.5
1781215200000,63465.5,63608.5,63434.5,63573.5
1781216100000,63571.5,63610.5,63463.5,63527.5
1781217000000,63528.5,63580.5,63421.5,63433.5
1781217900000,63433.5,63526.5,63392.5,63434.5
1781218800000,63435.5,63438.5,63284.5,63335.5
1781219700000,63334.5,63368.5,63305.5,63318.5
1781220600000,63317.5,63629.5,63315.5,63559.5
1781221500000,63560.5,63588.5,63443.5,63559.5
1781222400000,63560.5,63727.5,63469.5,63667.5
1781223300000,63669.5,63669.5,63438.5,63545.5
1781224200000,63544.5,63678.5,63494.5,63587.5
1781225100000,63586.5,63654.5,63555.5,63571.5
1781226000000,63572.5,63573.5,63381.5,63411.5
1781226900000,63413.5,63463.5,63191.5,63273.5
1781227800000,63269.5,63342.5,63225.5,63298.5
1781228700000,63295.5,63387.5,63295.5,63349.5
1781229600000,63348.5,63708.5,63348.5,63590.5
1781230500000,63589.5,63622.5,63444.5,63478.5
1781231400000,63479.5,63566.5,63415.5,63543.5
1781232300000,63551.5,63555.5,63465.5,63534.5
1781233200000,63537.5,63566.5,63407.5,63443.5
1781234100000,63445.5,63447.5,63249.5,63343.5
1781235000000,63342.5,63438.5,63342.5,63382.5
1781235900000,63383.5,63452.5,63360.5,63437.5
1781236800000,63428.5,63476.5,63330.5,63405.5
1781237700000,63408.5,63722.5,63408.5,63700.5
1781238600000,63701.5,63783.5,63589.5,63628.5
1781239500000,63631.5,63661.5,63594.5,63612.5
1781240400000,63612.5,63640.5,63326.5,63349.5
1781241300000,63353.5,63441.5,63340.5,63397.5
1781242200000,63398.5,63418.5,63250.5,63311.5
1781243100000,63314.5,63327.5,63208.5,63270.5
1781244000000,63269.5,63338.5,63193.5,63220.5
1781244900000,63223.5,63223.5,63000.5,63050.5
1781245800000,63051.5,63051.5,62748.5,62841.5
1781246700000,62847.5,62938.5,62827.5,62899.5
1781247600000,62900.5,63040.5,62886.5,62901.5
1781248500000,62897.5,63005.5,62860.5,62942.5
1781249400000,62934.5,63005.5,62871.5,62961.5
1781250300000,62959.5,63114.5,62900.5,63006.5
1781251200000,63005.5,63261.5,62994.5,63206.5
1781252100000,63207.5,63539.5,63189.5,63446.5
1781253000000,63442.5,63460.5,63286.5,63310.5
1781253900000,63308.5,63404.5,63263.5,63377.5
1781254800000,63378.5,63506.5,63326.5,63480.5
1781255700000,63478.5,63710.5,63452.5,63684.5
1781256600000,63683.5,63869.5,63664.5,63804.5
1781257500000,63803.5,63858.5,63653.5,63677.5
1781258400000,63674.5,63770.5,63598.5,63684.5
1781259300000,63683.5,63743.5,63500.5,63536.5
1781260200000,63539.5,63688.5,63524.5,63593.5
1781261100000,63599.5,63667.5,63560.5,63604.5
1781262000000,63604.5,63806.5,63587.5,63742.5
1781262900000,63742.5,63802.5,63666.5,63741.5
1781263800000,63740.5,63744.5,63603.5,63720.5
1781264700000,63716.5,63807.5,63672.5,63673.5
1781265600000,63674.5,63692.5,63529.5,63550.5
1781266500000,63549.5,63587.5,63367.5,63384.5
1781267400000,63367.5,63486.5,63293.5,63351.5
1781268300000,63339.5,63464.5,63274.5,63377.5
1781269200000,63376.5,63431.5,63273.5,63405.5
1781270100000,63406.5,63460.5,63269.5,63338.5
1781271000000,63338.5,63363.5,62930.5,63054.5
1781271900000,63056.5,63204.5,63014.5,63155.5
1781272800000,63152.5,63486.5,63085.5,63380.5
1781273700000,63376.5,63602.5,63243.5,63575.5
1781274600000,63571.5,63735.5,63415.5,63461.5
1781275500000,63458.5,63958.5,63389.5,63943.5
1781276400000,63943.5,64340.5,63816.5,64337.5
1781277300000,64324.5,64350.5,64078.5,64095.5
1781278200000,64085.5,64085.5,63749.5,63854.5
1781279100000,63854.5,63904.5,63503.5,63551.5
1781280000000,63551.5,63919.5,63462.5,63812.5
1781280900000,63815.5,63959.5,63718.5,63864.5
1781281800000,63864.5,63973.5,63726.5,63815.5
1781282700000,63816.5,63964.5,63789.5,63948.5
1781283600000,63942.5,64079.5,63817.5,63874.5
1781284500000,63875.5,63887.5,63690.5,63785.5
1781285400000,63783.5,63877.5,63714.5,63791.5
1781286300000,63790.5,63858.5,63754.5,63830.5
1781287200000,63832.5,63903.5,63656.5,63776.5
1781288100000,63775.5,63805.5,63632.5,63734.5
1781289000000,63736.5,63873.5,63666.5,63817.5
1781289900000,63814.5,63867.5,63623.5,63643.5
1781290800000,63644.5,63745.5,63612.5,63662.5
1781291700000,63663.5,63747.5,63588.5,63681.5
1781292600000,63676.5,63781.5,63590.5,63607.5
1781293500000,63605.5,63637.5,63532.5,63546.5
1781294400000,63556.5,63670.5,63510.5,63582.5
1781295300000,63583.5,63600.5,63453.5,63471.5
1781296200000,63459.7,63524.5,63457.5,63481.5
1781297100000,63481.5,63495.5,63319.5,63416.6
1781470800000,63966.8,64066.5,63825.5,64057.5
1781471700000,64057.5,64923.5,64056.5,64733.5
1781472600000,64736.5,65382.5,64624.5,65226.5
1781473500000,65226.5,65614.5,65196.5,65270.5
1781474400000,65266.5,65494.5,64898.5,65077.5
1781475300000,65087.5,65232.5,64957.5,65174.5
1781476200000,65173.5,65528.5,65130.5,65431.5
1781477100000,65442.5,65471.5,65271.5,65380.5
1781478000000,65381.5,65578.5,65230.5,65537.5
1781478900000,65539.5,65710.5,65472.5,65655.5
1781479800000,65659.5,65717.5,65494.5,65534.5
1781480700000,65537.5,65772.5,65515.5,65713.5
1781481600000,65711.5,65867.5,65596.5,65851.5
1781482500000,65854.5,65857.5,65617.5,65724.5
1781483400000,65727.5,65744.5,65435.5,65507.5
1781484300000,65508.5,65605.5,65461.5,65584.5
1781485200000,65587.5,65593.5,65306.5,65467.5
1781486100000,65465.5,65487.5,65299.5,65350.5
1781487000000,65351.5,65677.5,65324.5,65667.5
1781487900000,65668.5,65668.5,65431.5,65477.5
1781488800000,65477.5,65621.5,65384.5,65616.5
1781489700000,65615.5,65740.5,65594.5,65594.5
1781490600000,65599.5,65638.5,65522.5,65523.5
1781491500000,65524.5,65535.5,65363.5,65416.5
1781492400000,65419.5,65695.5,65382.5,65689.5
1781493300000,65691.5,65706.5,65629.5,65694.5
1781494200000,65692.5,65876.5,65663.5,65864.5
1781495100000,65863.5,65955.5,65788.5,65885.5
1781496000000,65884.5,65887.5,65667.5,65684.5
1781496900000,65685.5,65746.5,65657.5,65684.5
1781497800000,65683.5,65710.5,65603.5,65649.5
1781498700000,65648.5,65679.5,65595.5,65609.5
1781499600000,65610.5,65663.5,65572.5,65651.5
1781500500000,65652.5,65844.5,65647.5,65796.5
1781501400000,65795.5,65807.5,65659.5,65689.5
1781502300000,65691.5,65835.5,65674.5,65825.5
1781503200000,65825.5,65892.5,65779.5,65855.5
1781504100000,65858.5,65930.5,65816.5,65901.5
1781505000000,65901.5,65918.5,65708.5,65771.5
1781505900000,65773.5,65858.5,65749.5,65770.5
1781506800000,65768.5,65833.5,65646.5,65780.5
1781507700000,65778.5,65965.5,65773.5,65916.5
1781508600000,65917.5,65919.5,65680.5,65699.5
1781509500000,65703.5,65744.5,65579.5,65634.5
1781510400000,65638.5,65726.5,65546.5,65697.5
1781511300000,65691.5,65723.5,65542.5,65631.5
1781512200000,65631.5,65753.5,65614.5,65719.5
1781513100000,65721.5,65764.5,65581.5,65619.5
1781514000000,65622.5,65677.5,65616.5,65641.5
1781514900000,65641.5,65752.5,65604.5,65609.5
1781515800000,65607.5,65617.5,65463.5,65530.5
1781516700000,65531.5,65565.5,65476.5,65546.5
1781517600000,65548.5,65731.5,65530.5,65691.5
1781518500000,65692.5,65718.5,65652.5,65680.5
1781519400000,65679.5,65726.5,65654.5,65723.5
1781520300000,65722.5,65934.5,65667.5,65870.5
1781521200000,65879.5,65965.5,65787.5,65894.5
1781522100000,65893.5,66350.5,65883.5,66221.5
1781523000000,66223.5,66269.5,66078.5,66117.5
1781523900000,66118.5,66211.5,66077.5,66192.5
1781524800000,66193.5,66274.5,66063.5,66243.5
1781525700000,66247.5,66299.5,66133.5,66239.5
1781526600000,66238.5,66439.5,66155.5,66433.5
1781527500000,66440.5,66576.5,66372.5,66523.5
1781528400000,66524.5,66660.5,66431.5,66570.5
1781529300000,66571.5,66922.5,66538.5,66801.5
1781530200000,66798.5,66860.5,66412.5,66530.5
1781531100000,66533.5,66621.5,66358.5,66394.5
1781532000000,66394.5,66410.5,66236.5,66397.5
1781532900000,66393.5,66514.5,66336.5,66509.5
1781533800000,66511.5,66515.5,66365.5,66477.5
1781534700000,66478.5,66634.5,66478.5,66540.5
1781535600000,66535.5,66650.5,66520.5,66582.5
1781536500000,66581.5,66682.5,66535.5,66612.5
1781537400000,66613.5,66878.5,66516.5,66868.5
1781538300000,66866.5,67255.5,66863.5,67249.5
1781539200000,67251.5,67251.5,67042.5,67204.5
1781540100000,67207.5,67228.5,67033.5,67149.5
1781541000000,67154.5,67237.5,67095.5,67124.5
1781541900000,67134.5,67189.5,67045.5,67115.5
1781542800000,67117.5,67119.5,66719.5,66856.5
1781543700000,66861.5,66942.5,66721.5,66771.5
1781544600000,66774.5,66897.5,66625.5,66842.5
1781545500000,66844.5,66916.5,66785.5,66802.5
1781546400000,66803.5,66836.5,66667.5,66776.5
1781547300000,66777.5,66858.5,66747.5,66775.5
1781548200000,66782.5,66842.5,66696.5,66764.5
1781549100000,66762.5,66891.5,66719.5,66720.5
1781550000000,66721.5,66857.5,66687.5,66816.5
1781550900000,66817.5,66854.5,66307.5,66481.5
1781551800000,66481.5,66692.5,66474.5,66684.5
1781552700000,66685.5,66708.5,66475.5,66562.5
1781553600000,66563.5,66593.5,66459.5,66520.5
1781554500000,66520.5,66566.5,66467.5,66535.5
1781555400000,66538.5,66644.5,66532,66550.5
1781556300000,66548.5,66550.5,66442.5,66474.5
1781557200000,66473.4,66488.5,66251.5,66478.5
1781558100000,66474.5,66525.5,66342.5,66378.5
1781559000000,66372.5,66442.5,66285.5,66393.5
1781559900000,66391.5,66403.5,66306.5,66330.5
1781560800000,66333.5,66438.5,66312.5,66319.5
1781561700000,66320.5,66376.5,66054.5,66114.5
1781562600000,66114.5,66336.5,66041.5,66251.5
1781563500000,66250.5,66291.5,66147.5,66159.5
1781564400000,66162.5,66244.5,66132.5,66221.5
1781565300000,66223.5,66261.5,66097.5,66186.5
1781566200000,66184.5,66237.5,66055.5,66230.5
1781567100000,66228.5,66322.5,66201.5,66276.5
1781568000000,66278.5,66366.5,66212.5,66346.5
1781568900000,66347.5,66383.5,66191.5,66210.5
1781569800000,66210.5,66425.5,66193.5,66364.5
1781570700000,66366.5,66401.5,66187.5,66210.5
1781571600000,66212.5,66327.5,66192.5,66242.5
1781572500000,66243.5,66343.5,66207.5,66328.5
1781573400000,66324.5,66379.5,66307.5,66315.5
1781574300000,66314.5,66380.5,66275.5,66301.5
1781575200000,66298.5,66328.5,65993.5,66015.5
1781576100000,66013.5,66119.5,65695.5,65715.5
1781577000000,65719.5,65882.5,65693.5,65838.5
1781577900000,65840.5,65852.5,65637.5,65698.5
1781578800000,65699.5,65807.5,65633.5,65760.5
1781579700000,65764.5,65962.5,65592.5,65933.5
1781580600000,65934.5,66088.5,65925.5,66082.5
1781581500000,66077.5,66126.5,66044.5,66113.5
1781582400000,66113.5,66247.5,66082.5,66103.5
1781583300000,66101.5,66122.5,65921.5,65923.5
1781584200000,65920.5,65923.5,65749.5,65838.5
1781585100000,65838.5,65863.5,65767.5,65797.5
1781586000000,65792.5,66032.5,65792.5,65980.5
1781586900000,65976.5,66074.5,65905.5,66026.5
1781587800000,66025.5,66081.5,65957.5,66046.5
1781588700000,66043.5,66105.5,66001.5,66014.5
1781589600000,66018.5,66162.5,66017.5,66147.5
1781590500000,66143.5,66311.5,66102.5,66295.5
1781591400000,66294.5,66522.5,66248.5,66356.5
1781592300000,66354.5,66499.5,66338.5,66405.5
1781593200000,66402.5,66493.5,66291.5,66297.5
1781594100000,66296.5,66446.5,66271.5,66284.5
1781595000000,66283.5,66396.5,66259.5,66279.5
1781595900000,66280.5,66349.5,66258.5,66336.5
1781596800000,66332.5,66456.5,66272.5,66428.5
1781597700000,66429.5,66528.5,66321.5,66504.5
1781598600000,66510.5,66603.5,66459.5,66567.5
1781599500000,66570.5,66949.5,66507.5,66847.5
1781600400000,66849.5,66867.5,66669.5,66717.5
1781601300000,66718.5,66719.5,66496.5,66565.5
1781602200000,66567.5,66685.5,66526.5,66658.5
1781603100000,66660.5,66686.5,66421.5,66454.5
1781604000000,66455.5,66544.5,66434.5,66485.5
1781604900000,66488.5,66720.5,66486.5,66614.5
1781605800000,66615.5,66623.5,66517.5,66561.5
1781606700000,66559.5,66576.5,66419.5,66445.5
1781607600000,66443.5,66587.5,66378.5,66455.5
1781608500000,66453.5,66533.5,66335.5,66416.5
1781609400000,66414.5,66422.5,66305.5,66349.5
1781610300000,66348.5,66434.5,66314.5,66434.5
1781611200000,66433.5,66519.5,66331.5,66502.5
1781612100000,66504.5,66631.5,66480.5,66526.5
1781613000000,66523.5,66767.5,66373.5,66426.5
1781613900000,66424.5,66444.5,66299.5,66366.5
1781614800000,66367.5,66419.5,65940.5,66152.5
1781615700000,66150.5,66219.5,65938.5,65946.5
1781616600000,65943.5,66108.5,65847.5,66058.5
1781617500000,66059.5,66142.5,65920.5,65966.5
1781618400000,65974.5,66205.5,65938.5,65963.5
1781619300000,65962.5,66014.5,65433.5,65484.5
1781620200000,65498.5,65691.5,65282.5,65629.5
1781621100000,65630.5,65720.5,65556.5,65600.5
1781622000000,65601.5,65827.5,65542.5,65802.5
1781622900000,65799.5,65853.5,65643.5,65748.5
1781623800000,65747.5,65941.5,65735.5,65778.5
1781624700000,65772.5,65934.5,65631.5,65806.5
1781625600000,65808.5,65905.5,65703.5,65713.5
1781626500000,65712.5,65770.5,65651.5,65723.5
1781627400000,65724.5,65818.5,65635.5,65751.5
1781628300000,65752.5,65769.5,65632.5,65698.5
1781629200000,65703.5,65802.5,65674.5,65721.5
1781630100000,65722.5,65813.5,65642.5,65694.5
1781631000000,65693.5,65773.5,65654.5,65697.5
1781631900000,65696.5,65966.5,65677.5,65916.5
1781632800000,65915.5,66183.5,65885.5,66069.5
1781633700000,66069.5,66075.5,65802.5,65851.5
1781634600000,65853.5,65921.5,65731.5,65785.5
1781635500000,65783.5,65869.5,65752.5,65780.5
1781636400000,65778.5,65778.5,65577.5,65610.5
1781637300000,65608.5,65670.5,65490.5,65642.5
1781638200000,65641.5,65720.5,65525.5,65585.5
1781639100000,65588.5,65670.5,65492.5,65612.5
1781640000000,65607.5,65712.5,65509.5,65703.5
1781640900000,65702.5,65792.5,65622.5,65665.5
1781641800000,65662.5,65781.5,65647.5,65778.5
1781642700000,65778.5,65805.5,65756.5,65762.6
1781643600000,65779.9,65877.5,65745.5,65850.5
1781644500000,65848.5,65855.5,65648.5,65667.5
1781645400000,65667.5,65696.5,65580.5,65655.5
1781646300000,65662.5,65720.5,65627.5,65702.5
1781647200000,65699.5,65821.5,65642.5,65773.5
1781648100000,65772.5,65827.5,65642.5,65704.5
1781649000000,65705.5,65723.5,65628.5,65658.5
1781649900000,65653.5,65736.5,65606.5,65715.5
1781650800000,65713.5,65777.5,65654.5,65697.5
1781651700000,65695.5,65697.5,65572.5,65666.5
1781652600000,65667.5,65718.5,65629.5,65648.5
1781653500000,65647.5,65651.5,65542.5,65610.5
1781654400000,65613.5,65750.5,65613.5,65681.5
1781655300000,65682.5,65735.5,65628.5,65664.5
1781656200000,65664.5,65784.5,65621.5,65752.5
1781657100000,65758.5,65790.5,65622.5,65640.5
1781658000000,65639.5,65774.5,65605.5,65734.5
1781658900000,65733.5,65734.5,65401.5,65531.5
1781659800000,65529.5,65761.5,65470.5,65693.5
1781660700000,65695.5,65885.5,65694.5,65869.5
1781661600000,65868.5,65886.5,65769.5,65836.5
1781662500000,65835.5,66074.5,65800.5,66039.5
1781663400000,66040.5,66048.5,65710.5,65796.5
1781664300000,65797.5,65852.5,65756.5,65841.5
1781665200000,65841.5,65847.5,65736.5,65748.5
1781666100000,65747.5,65750.5,65637.5,65714.5
1781667000000,65715.5,65819.5,65709.5,65738.5
1781667900000,65739.5,65793.5,65698.5,65789.5
1781668800000,65787.5,65840.5,65749.5,65776.5
1781669700000,65774.5,65841.5,65725.5,65829.5
1781670600000,65831.5,65876.5,65791.5,65849.5
1781671500000,65852.5,65977.5,65810.5,65822.5
1781672400000,65818.5,65922.5,65718.5,65742.5
1781673300000,65743.5,65797.5,65667.5,65785.5
1781674200000,65783.5,65863.5,65746.5,65837.5
1781675100000,65840.5,65870.5,65696.5,65763.5
1781676000000,65761.5,65801.5,65716.5,65786.5
1781676900000,65784.5,65833.5,65568.5,65574.5
1781677800000,65573.5,65668.5,65494.5,65573.5
1781678700000,65574.5,65611.5,65529.5,65548.5
1781679600000,65543.5,65637.5,65472.5,65613.5
1781680500000,65604.5,65643.5,65405.5,65487.5
1781681400000,65486.5,65510.5,65399.5,65463.5
1781682300000,65469.5,65520.5,65152.5,65461.5
1781683200000,65462.5,65506.5,65264.5,65272.5
1781684100000,65271.5,65326.5,65166.5,65257.5
1781685000000,65257.5,65258.5,64847.5,64856.5
1781685900000,64857.5,64962.5,64765.5,64861.5
1781686800000,64860.5,64965.5,64835.5,64910.5
1781687700000,64910.5,65013.5,64849.5,64980.5
1781688600000,64979.5,65009.5,64860.5,64885.5
1781689500000,64885.5,64947.5,64772.5,64850.5
1781690400000,64849.5,64936.5,64748.5,64823.5
1781691300000,64822.5,64920.5,64790.5,64871.5
1781692200000,64869.5,64913.5,64798.5,64852.5
1781693100000,64847.5,64886.5,64700.5,64733.5
1781694000000,64731.5,64787.5,64504.5,64544.5
1781694900000,64538.5,64677.5,64485.5,64636.5
1781695800000,64638.5,64738.5,64598.5,64732.5
1781696700000,64731.5,64807.5,64723.5,64745.5
1781697600000,64744.5,64818.5,64675.5,64791.5
1781698500000,64789.5,64797.5,64574.5,64624.5
1781699400000,64621.5,64858.5,64514.5,64841.5
1781700300000,64849.5,65045.5,64845.5,64968.5
1781701200000,64963.5,65035.5,64910.5,65017.5
1781702100000,65018.5,65018.5,64784.5,64863.5
1781703000000,64859.5,65283.5,64778.5,65218.5
1781703900000,65224.5,65316.5,65162.5,65203.5
1781704800000,65204.5,65304.5,65062.5,65287.5
1781705700000,65287.5,65397.5,65067.5,65188.5
1781706600000,65186.5,65236.5,64971.5,65038.5
1781707500000,65034.5,65224.5,64686.5,65041.5
1781708400000,65039.5,65184.5,64910.5,65159.5
1781709300000,65159.5,65371.5,65121.5,65259.5
1781710200000,65263.5,65470.5,65183.5,65442.5
1781711100000,65439.5,65785.5,65414.5,65688.5
1781712000000,65687.5,65826.5,65654.5,65800.5
1781712900000,65804.5,66390.5,65741.5,66194.5
1781713800000,66195.5,66246.5,65837.5,65902.5
1781714700000,65901.5,65968.5,65781.5,65810.5
1781715600000,65812.5,65925.5,65693.5,65795.5
1781716500000,65797.5,65957.5,65770.5,65912.5
1781717400000,65917.5,65948.5,65774.5,65812.5
1781718300000,65814.5,66141.5,65754.5,66032.5
1781719200000,66040.5,66040.5,64723.5,65231.5
1781720100000,65228.5,65476.5,65194.5,65337.5
1781721000000,65338.5,65986.5,65203.5,65978.5
1781721900000,65978.5,65990.5,65287.5,65437.5
1781722800000,65449.5,65597.5,65007.5,65304.5
1781723700000,65303.5,65325.5,64123.5,64408.5
1781724600000,64414.5,64624.5,64083.5,64121.5
1781725500000,64123.5,64260.5,63942.5,64243.5
1781726400000,64245.5,64410.5,64120.5,64166.5
1781727300000,64162.5,64399.5,64136.5,64302.5
1781728200000,64301.5,64433.5,64161.5,64164.5
1781729100000,64165.5,64374.5,64111.5,64361.9
1781730000000,64361.3,64385.8,64066.5,64264.5
1781730900000,64264.5,64322.5,64195.5,64204.5
1781731800000,64206.5,64355.5,64087.5,64116.5
1781732700000,64117.5,64222.5,64058.5,64191.5
1781733600000,64192.5,64199.5,63823.5,64035.5
1781734500000,64036.5,64321.5,63998.5,64307.5
1781735400000,64305.5,64379.5,64166.5,64197.5
1781736300000,64195.5,64359.5,64191.5,64236.5
1781737200000,64240.5,64353.5,64182.5,64263.5
1781738100000,64259.5,64468.5,64259.5,64431.5
1781739000000,64431.5,64467.5,64334.5,64381.5
1781739900000,64385.5,64460.5,64331.5,64442.5
1781740800000,64442.5,64606.5,64414.5,64574.5
1781741700000,64575.5,64650.5,64472.5,64536.5
1781742600000,64532.5,64640.5,64430.5,64521.5
1781743500000,64518.5,64563.5,64391.5,64393.5
1781744400000,64398.5,64747.5,64390.5,64673.5
1781745300000,64668.5,64684.5,64536.5,64597.5
1781746200000,64601.5,64691.5,64534.5,64561.5
1781747100000,64554.5,64562.5,64406.5,64486.5
1781748000000,64487.5,64614.5,64449.5,64494.5
1781748900000,64493.5,64683.5,64408.5,64636.5
1781749800000,64635.5,64700.5,64601.5,64699.5
1781750700000,64698.5,64711.5,64595.5,64602.5
1781751600000,64603.5,64610.5,64444.5,64451.5
1781752500000,64450.5,64466.5,64227.5,64236.5
1781753400000,64234.5,64325.5,64169.5,64240.5
1781754300000,64241.5,64333.5,64192.5,64208.5
1781755200000,64209.5,64262.5,63688.5,63861.5
1781756100000,63859.5,64038.5,63775.5,63871.5
1781757000000,63872.5,63925.5,63797.5,63801.5
1781757900000,63800.5,63905.5,63737.5,63792.5
1781758800000,63781.5,63905.5,63608.5,63846.5
1781759700000,63845.5,63931.5,63826.5,63846.5
1781760600000,63848.5,63957.5,63763.5,63855.5
1781761500000,63856.5,63927.5,63797.5,63915.5
1781762400000,63910.5,64000.5,63800.5,63884.5
1781763300000,63887.5,63928.5,63760.5,63912.5
1781764200000,63909.5,64026.5,63889.5,64020.5
1781765100000,64019.5,64059.5,63982.5,64012.5
1781766000000,64011.5,64038.5,63932.5,64018.5
1781766900000,64017.5,64245.5,64002.5,64227.5
1781767800000,64230.5,64394.5,64170.5,64369.5
1781768700000,64371.5,64444.5,64353.5,64438.5
1781769600000,64437.5,64575.5,64313.5,64473.5
1781770500000,64475.5,64550.5,64436.5,64512.5
1781771400000,64512.5,64548.5,64439.5,64441.5
1781772300000,64440.5,64461.5,64300.5,64335.5
1781773200000,64333.5,64348.5,64243.5,64333.5
1781774100000,64326.5,64426.5,64176.5,64181.5
1781775000000,64190.5,64249.5,64152.5,64213.5
1781775900000,64213.5,64271.5,64122.5,64138.5
1781776800000,64137.5,64138.5,63918.5,63946.5
1781777700000,63947.5,63992.5,63840.5,63901.5
1781778600000,63899.5,64028.5,63872.5,63951.5
1781779500000,63952.5,64169.5,63935.5,64021.5
1781780400000,64023.5,64140.5,63935.5,63977.5
1781781300000,63978.5,64023.5,63839.5,64009.5
1781782200000,64011.5,64024.5,63787.5,63910.5
1781783100000,63910.5,63987.5,63820.5,63908.5
1781784000000,63909.5,63975.5,63847.5,63936.5
1781784900000,63935.5,64143.5,63915.5,64134.5
1781785800000,64141.5,64204.5,64055.5,64183.5
1781786700000,64181.5,64330.5,64181.5,64310.5
1781787600000,64312.5,64374.5,64207.5,64317.5
1781788500000,64315.5,64360.5,64235.5,64272.5
1781789400000,64271.5,64306.5,63778.5,63798.5
1781790300000,63802.5,64080.5,63693.5,63898.5
1781791200000,63904.5,63995.5,63611.5,63685.5
1781792100000,63683.5,64113.5,63609.5,63718.5
1781793000000,63706.5,63991.5,63654.5,63785.5
1781793900000,63784.5,63905.5,63433.5,63725.5
1781794800000,63710.5,63739.5,63463.5,63465.5
1781795700000,63457.5,63517.5,63081.5,63159.5
1781796600000,63157.5,63299.5,62599.5,62701.5
1781797500000,62696.5,62796.5,62195.5,62284.5
1781798400000,62280.5,62647.5,62242.5,62555.5
1781799300000,62554.5,62684.5,62433.5,62509.5
1781800200000,62514.5,62680.5,62419.5,62634.5
1781801100000,62635.5,62738.5,62524.5,62605.5
1781802000000,62608.5,62608.5,62303.5,62406.5
1781802900000,62406.5,62546.5,62161.5,62486.5
1781803800000,62495.5,62656.5,62410.5,62549.5
1781804700000,62545.5,62634.5,62415.5,62508.5
1781805600000,62508.5,62656.5,62463.5,62614.5
1781806500000,62608.5,62881.5,62497.5,62759.5
1781807400000,62760.5,62761.5,62581.5,62685.5
1781808300000,62681.5,62814.5,62518.5,62621.5
1781809200000,62620.5,62659.5,62538.5,62593.5
1781810100000,62589.5,62726.5,62545.5,62688.5
1781811000000,62689.5,62904.5,62676.5,62873.5
1781811900000,62874.5,62921.5,62777.5,62855.5
1781812800000,62857.5,63151.5,62857.5,63078.5
1781813700000,63076.5,63184.5,63004.5,63031.5
1781814600000,63027.5,63090.5,62942.5,63051.5
1781815500000,63049.5,63056.5,62937.5,63000.3
1781816400000,63002.8,63044.5,62828.5,62838.5
1781817300000,62839.5,62968.5,62765.5,62874.5
1781818200000,62867.5,62912.5,62775.5,62827.5
1781819100000,62826.5,62925.5,62796.5,62889.5
1781820000000,62884.5,62914.5,62821.5,62835.5
1781820900000,62839.5,62849.5,62691.5,62771.5
1781821800000,62768.5,62789.5,62652.5,62733.5
1781822700000,62732.5,62835.5,62700.5,62815.5
1781823600000,62817.5,62864.5,62677.5,62681.5
1781824500000,62682.5,62811.5,62677.5,62811.5
1781825400000,62812.5,62872.5,62803.5,62842.5
1781826300000,62845.5,62917.5,62776.5,62879.5
1781827200000,62874.5,62913.5,62757.5,62792.5
1781828100000,62793.5,62923.5,62762.5,62898.5
1781829000000,62897.5,62993.5,62878.5,62990.5
1781829900000,62991.5,63016.5,62896.5,62950.5
1781830800000,62947.5,63020.5,62817.5,62897.5
1781831700000,62903.5,63032.5,62836.5,62853.5
1781832600000,62854.5,62890.5,62766.5,62842.5
1781833500000,62843.5,62970.5,62836.5,62954.5
1781834400000,62955.5,63045.5,62936.5,62954.5
1781835300000,62956.5,63001.5,62878.5,62890.5
1781836200000,62886.5,62972.5,62838.5,62874.5
1781837100000,62876.5,62962.5,62816.5,62933.5
1781838000000,62932.5,62968.5,62642.5,62674.5
1781838900000,62671.5,62792.5,62305.5,62775.5
1781839800000,62774.5,62774.5,62536.5,62629.5
1781840700000,62627.5,62752.5,62559.5,62700.5
1781841600000,62703.5,62811.5,62540.5,62804.5
1781842500000,62804.5,62850.5,62633.5,62660.5
1781843400000,62666.5,62666.5,62444.5,62539.5
1781844300000,62540.5,62611.5,62329.5,62379.5
1781845200000,62386.5,62603.5,62367.5,62601.5
1781846100000,62598.5,62601.5,62493.5,62541.5
1781847000000,62543.5,62610.5,62479.5,62592.5
1781847900000,62586.5,62683.5,62579.5,62664.5
1781848800000,62669.5,62785.5,62647.5,62772.5
1781849700000,62776.5,62790.5,62687.5,62758.5
1781850600000,62759.5,62816.5,62654.5,62759.5
1781851500000,62760.5,62847.5,62691.5,62815.5
1781852400000,62820.5,62857.5,62691.5,62700.5
1781853300000,62703.5,62770.5,62633.5,62680.5
1781854200000,62670.5,62762.5,62420.5,62461.5
1781855100000,62458.5,62611.5,62422.5,62547.5
1781856000000,62548.5,62610.5,62477.5,62594.5
1781856900000,62596.5,62655.5,62518.5,62601.5
1781857800000,62602.5,62712.5,62504.5,62580.5
1781858700000,62581.5,62605.5,62486.5,62527.5
1781859600000,62531.5,62589.5,62240.5,62355.5
1781860500000,62354.5,62405.5,62245.5,62307.5
1781861400000,62303.5,62426.5,62303.5,62343.5
1781862300000,62345.5,62356.5,62239.5,62309.5
1781863200000,62313.5,62484.5,62301.5,62475.5
1781864100000,62479.5,62479.5,62350.5,62433.5
1781865000000,62437.5,62438.5,62337.5,62341.5
1781865900000,62343.5,62529.5,62325.5,62462.5
1781866800000,62459.5,62510.5,62367.5,62425.5
1781867700000,62424.5,62620.5,62386.5,62574.5
1781868600000,62577.5,62621.5,62519.5,62594.5
1781869500000,62589.5,62624.5,62522.5,62562.5
1781870400000,62565.5,62619.5,62519.5,62543.5
1781871300000,62542.5,62543.5,62408.5,62488.5
1781872200000,62488.5,62537.5,62321.5,62443.5
1781873100000,62440.5,62815.5,62272.5,62769.5
1781874000000,62773.5,62913.5,62681.5,62720.5
1781874900000,62719.5,62741.5,62595.5,62729.5
1781875800000,62730.5,63042.5,62673.5,63030.5
1781876700000,63022.5,63333.5,62998.5,63145.5
1781877600000,63143.5,63198.5,62974.5,63021.5
1781878500000,63020.5,63238.5,62937.5,63204.5
1781879400000,63209.5,63357.5,63104.5,63244.5
1781880300000,63248.5,63312.5,63116.5,63139.5
1781881200000,63143.5,63198.5,63048.5,63115.5
1781882100000,63129.5,63154.5,62949.5,62990.5
1781883000000,62992.5,63222.5,62988.5,63172.5
1781883900000,63174.5,63222.5,63124.5,63146.5
1781884800000,63145.5,63329.5,63018.5,63318.5
1781885700000,63321.5,63326.5,63180.5,63251.5
1781886600000,63238.5,63312.5,63171.5,63179.5
1781887500000,63172.5,63183.5,62857.5,62901.5
1781888400000,62895.5,62970.5,62809.5,62940.5
1781889300000,62935.5,63054.5,62801.5,62869.5
1781890200000,62863.5,63051.5,62849.5,63040.5
1781891100000,63036.5,63163.5,62974.5,63128.5
1781892000000,63125.5,63141.5,63039.5,63092.5
1781892900000,63090.5,63107.5,63034.5,63048.5
1781893800000,63049.5,63118.5,62915.5,62991.5
1781894700000,62996.5,63088.5,62949.5,63047.5
1781895600000,63050.5,63063.5,62931.5,63000.5
1781896500000,62995.5,63006.5,62874.5,62929.5
1781897400000,62933.5,62971.5,62895.5,62934.5
1781898300000,62934.5,63086.5,62923.5,62975.5
1781899200000,62975.5,63025.5,62947.5,63015.5
1781900100000,63018.5,63024.5,62892.5,63019.5
1781901000000,63021.5,63045.5,62959.5,63030.5
1781901900000,63031.5,63226.5,63026.5,63177
1782075600000,63749.9,63780.4,63422.5,63540.5
1782076500000,63538.5,63702.5,63393.5,63600.5
1782077400000,63599.5,63871.5,63593.5,63808.5
1782078300000,63807.5,63841.5,63681.5,63722.5
1782079200000,63718.5,63779.5,63476.5,63546.5
1782080100000,63545.5,63694.5,63536.5,63642.5
1782081000000,63635.5,63637.5,63484.5,63579.5
1782081900000,63578.5,63778.5,63565.5,63708.5
1782082800000,63707.5,63707.5,63517.5,63627.5
1782083700000,63624.5,63713.5,63542.5,63554.5
1782084600000,63552.5,63584.5,63200.5,63233.5
1782085500000,63229.5,63313.5,63182.5,63224.5
1782086400000,63225.5,63517.5,63222.5,63411.5
1782087300000,63414.5,63679.5,63401.5,63642.5
1782088200000,63639.5,64015.5,63607.5,63828.5
1782089100000,63828.5,63922.5,63635.5,63811.5
1782090000000,63813.5,63971.5,63757.5,63810.5
1782090900000,63808.5,64717.5,63808.5,64555.5
1782091800000,64542.5,64630.5,64277.5,64430.5
1782092700000,64435.5,64617.5,64392.5,64515.5
1782093600000,64517.5,64590.5,64405.5,64456.5
1782094500000,64457.5,64571.5,64415.5,64456.5
1782095400000,64454.5,64510.5,64375.5,64421.5
1782096300000,64419.5,64432.5,64162.5,64178.5
1782097200000,64179.5,64186.5,63823.5,63963.5
1782098100000,63964.5,64383.5,63964.5,64211.5
1782099000000,64209.5,64375.5,64074.5,64102.5
1782099900000,64105.5,64140.5,63829.5,63880.5
1782100800000,63875.5,63941.5,63783.5,63889.5
1782101700000,63888.5,63949.5,63817.5,63890.5
1782102600000,63889.5,63984.5,63867.5,63873.5
1782103500000,63877.5,64036.5,63870.5,64009.5
1782104400000,64008.5,64223.5,63998.5,64198.5
1782105300000,64195.5,64206.5,64116.5,64159.5
1782106200000,64157.5,64264.5,64082.5,64184.5
1782107100000,64181.5,64190.5,64096.5,64167.5
1782108000000,64166.5,64249.5,64065.5,64152.5
1782108900000,64150.5,64161.5,63997.5,64036.5
1782109800000,64037.5,64070.5,63905.5,63918.5
1782110700000,63917.5,63971.5,63858.5,63917.5
1782111600000,63917.5,64176.5,63882.5,64135.5
1782112500000,64134.5,64226.5,64118.5,64177.5
1782113400000,64179.5,64299.5,64155.5,64164.5
1782114300000,64165.5,64195.5,64078.5,64128.5
1782115200000,64129.5,64239.5,64016.5,64234.5
1782116100000,64225.5,64273.5,64100.5,64102.5
1782117000000,64106.5,64193.5,63951.5,64177.5
1782117900000,64178.5,64216.5,64013.5,64083.5
1782118800000,64082.5,64182.5,64058.5,64104.5
1782119700000,64106.5,64136.5,64006.5,64032.5
1782120600000,64039.5,64117.5,63968.5,64046.5
1782121500000,64048.5,64079.5,64006.5,64068.5
1782122400000,64063.5,64208.5,64046.5,64146.5
1782123300000,64143.5,64173.5,64059.5,64104.5
1782124200000,64105.5,64133.5,63992.5,64005.5
1782125100000,64007.5,64106.5,64007.5,64067.5
1782126000000,64070.5,64322.5,64018.5,64233.5
1782126900000,64234.5,64395.5,64150.5,64293.5
1782127800000,64294.5,64679.5,64284.5,64543.5
1782128700000,64538.5,64700.5,64485.5,64577.5
1782129600000,64578.5,64814.5,64498.5,64676.5
1782130500000,64675.5,64915.5,64614.5,64878.5
1782131400000,64880.5,65098.5,64760.5,64988.5
1782132300000,64990.5,65139.5,64909.5,65074.5
1782133200000,65076.5,65131.5,64955.5,65063.5
1782134100000,65065.5,65086.5,64864.5,64919.5
1782135000000,64918.5,65385.5,64886.5,65339.5
1782135900000,65324.5,65520.5,65291.5,65520.5
1782136800000,65510.5,65549.5,65190.5,65225.5
1782137700000,65221.5,65233.5,64883.5,64884.5
1782138600000,64885.5,64996.5,64781.5,64823.5
1782139500000,64824.5,64978.5,64738.5,64890.5
1782140400000,64892.5,65067.5,64822.5,64988.5
1782141300000,64994.5,65031.5,64846.5,64971.5
1782142200000,64972.5,65053.5,64931.5,64984.5
1782143100000,64987.5,65006.5,64664.5,64753.5
1782144000000,64753.5,64783.5,64559.5,64653.5
1782144900000,64653.5,64715.5,64551.5,64605.5
1782145800000,64604.5,64610.5,64436.5,64491.5
1782146700000,64491.5,64712.5,64424.5,64631.5
1782147600000,64633.5,64690.5,64536.5,64596.5
1782148500000,64598.5,64620.5,64441.5,64441.5
1782149400000,64440.5,64440.5,64294.5,64339.5
1782150300000,64340.5,64576.5,64333.5,64526.5
1782151200000,64530.5,64662.5,64528.5,64595.5
1782152100000,64598.5,64647.5,64489.5,64524.5
1782153000000,64527.5,64547.5,64422.5,64441.5
1782153900000,64442.5,64448.5,64213.5,64273.5
1782154800000,64269.5,64342.5,64228.5,64329.5
1782155700000,64328.5,64365.5,64184.5,64273.5
1782156600000,64272.5,64378.5,64251.5,64324.5
1782157500000,64323.5,64424.5,64174.5,64398.5
1782158400000,64389.5,64594.5,64386.5,64448.5
1782159300000,64446.5,64475.5,64279.5,64338.5
1782160200000,64340.5,64437.5,64328.5,64415.5
1782161100000,64416.5,64417.5,64307.5,64339.3
1782162000000,64346.6,64402.3,64210.5,64330.5
1782162900000,64329.5,64329.5,64162.5,64217.5
1782163800000,64219.5,64250.5,64053.5,64095.5
1782164700000,64091.5,64242.5,64075.5,64242.5
1782165600000,64241.5,64322.5,64192.5,64230.5
1782166500000,64234.5,64241.5,63753.5,63956.5
1782167400000,63956.5,64059.5,63723.5,63771.5
1782168300000,63770.5,63922.5,63743.5,63894.5
1782169200000,63891.5,63941.5,63814.5,63861.5
1782170100000,63859.5,63980.5,63788.5,63957.5
1782171000000,63962.5,63962.5,63860.5,63909.5
1782171900000,63909.5,63971.5,63858.5,63942.5
1782172800000,63943.5,63955.5,63797.5,63877.5
1782173700000,63883.5,63926.5,63729.5,63779.5
1782174600000,63775.5,64040.5,63771.5,64032.5
1782175500000,64036.5,64083.5,63956.5,64076.5
1782176400000,64076.5,64204.5,64049.5,64134.5
1782177300000,64136.5,64193.5,64057.5,64120.5
1782178200000,64123.5,64163.5,63910.5,63976.5
1782179100000,63979.5,64101.5,63787.5,64071.5
1782180000000,64072.5,64112.5,63951.5,64039.5
1782180900000,64041.5,64160.5,64041.5,64086.5
1782181800000,64089.5,64168.5,64069.5,64114.5
1782182700000,64116.5,64190.5,64058.5,64112.5
1782183600000,64118.5,64124.5,63868.5,63932.5
1782184500000,63936.5,64020.5,63922.5,64010.5
1782185400000,64004.5,64010.5,63878.5,63914.5
1782186300000,63914.5,64003.5,63902.5,63990.5
1782187200000,63989.5,64018.5,63915.5,63974.5
1782188100000,63974.5,63974.5,63814.5,63896.5
1782189000000,63898.5,63898.5,63719.5,63723.5
1782189900000,63725.5,63783.5,63516.5,63534.5
1782190800000,63527.5,63650.5,63512.5,63540.5
1782191700000,63540.5,63599.5,63299.5,63398.5
1782192600000,63399.5,63450.5,63299.5,63364.5
1782193500000,63364.5,63385.5,63276.5,63315.5
1782194400000,63311.5,63322.5,63035.5,63127.5
1782195300000,63126.5,63198.5,62479.5,62688.5
1782196200000,62687.5,62921.5,62595.5,62870.5
1782197100000,62868.5,62969.5,62821.5,62860.5
1782198000000,62864.5,62982.5,62805.5,62946.5
1782198900000,62950.5,63015.5,62890.5,62920.5
1782199800000,62918.5,62953.5,62775.5,62807.5
1782200700000,62808.5,62902.5,62767.5,62793.5
1782201600000,62794.5,62867.5,62557.5,62583.5
1782202500000,62588.5,62598.5,61825.5,61950.5
1782203400000,61947.5,62360.5,61940.5,62299.5
1782204300000,62304.5,62375.5,62218.5,62294.5
1782205200000,62293.5,62389.5,62258.5,62354.5
1782206100000,62356.5,62431.5,62347.5,62431.5
1782207000000,62432.5,62435.5,62248.5,62273.5
1782207900000,62272.5,62339.5,62257.5,62292.5
1782208800000,62295.5,62502.5,62286.5,62384.5
1782209700000,62382.5,62382.5,62239.5,62269.5
1782210600000,62271.5,62304.5,62143.5,62173.5
1782211500000,62174.5,62268.5,62152.5,62237.5
1782212400000,62233.5,62333.5,62226.5,62301.5
1782213300000,62297.5,62490.5,62292.5,62466.5
1782214200000,62465.5,62549.5,62433.5,62469.5
1782215100000,62471.5,62516.5,62326.5,62418.5
1782216000000,62419.5,62479.5,62299.5,62345.5
1782216900000,62344.5,62373.5,62253.5,62330.5
1782217800000,62331.5,62402.5,62207.5,62242.5
1782218700000,62243.5,62253.5,62088.5,62169.5
1782219600000,62169.5,62214.5,61978.5,62093.5
1782220500000,62089.5,62097.5,61925.5,61958.5
1782221400000,61959.5,62363.5,61861.5,62313.5
1782222300000,62309.5,62457.5,62176.5,62393.5
1782223200000,62389.5,62655.5,62337.5,62653.5
1782224100000,62645.5,62767.5,62360.5,62488.5
1782225000000,62489.5,62696.5,62360.5,62431.5
1782225900000,62429.5,62525.5,62321.5,62403.5
1782226800000,62404.5,62436.5,62205.5,62296.5
1782227700000,62292.5,62296.5,62082.5,62194.5
1782228600000,62193.5,62404.5,62167.5,62199.5
1782229500000,62200.5,62403.5,62098.5,62395.5
1782230400000,62399.5,62729.5,62325.5,62690.5
1782231300000,62691.5,62711.5,62474.5,62498.5
1782232200000,62497.5,62576.5,62480.5,62535.5
1782233100000,62536.5,62557.5,62404.5,62464.5
1782234000000,62465.5,62468.5,62294.5,62345.5
1782234900000,62349.5,62581.5,62342.5,62555.5
1782235800000,62557.5,62609.5,62405.5,62438.5
1782236700000,62435.5,62470.5,62231.5,62268.5
1782237600000,62272.5,62368.5,62176.5,62279.5
1782238500000,62280.5,62320.5,62221.5,62259.5
1782239400000,62265.5,62265.5,62044.5,62057.5
1782240300000,62056.5,62182.5,62006.5,62149.5
1782241200000,62149.5,62341.5,62136.5,62277.5
1782242100000,62279.5,62358.5,62158.5,62352.5
1782243000000,62351.5,62388.5,62211.5,62212.5
1782243900000,62213.5,62342.5,62182.5,62299.5
1782244800000,62300.5,62449.5,62300.5,62353.5
1782245700000,62354.5,62428.5,62318.5,62395.5
1782246600000,62396.5,62410.5,62357.5,62388.5
1782247500000,62387.5,62393.5,62285.5,62366.4
1782248400000,62374.8,62534.5,62374.8,62424.5
1782249300000,62423.5,62496.5,62386.5,62489.5
1782250200000,62489.5,62558.5,62462.5,62543.5
1782251100000,62543.5,62580.5,62496.5,62508.5
1782252000000,62512.5,62686.5,62498.5,62655.5
1782252900000,62657.5,62701.5,62471.5,62527.5
1782253800000,62527.5,62551.5,62438.5,62454.5
1782254700000,62453.5,62542.5,62430.5,62509.5
1782255600000,62509.5,62536.5,62398.5,62442.5
1782256500000,62437.5,62613.5,62437.5,62581.5
1782257400000,62584.5,62601.5,62508.5,62534.5
1782258300000,62534.5,62724.5,62525.5,62647.5
1782259200000,62646.5,62819.5,62641.5,62811.5
1782260100000,62810.5,62846.5,62720.5,62766.5
1782261000000,62771.5,62945.5,62700.5,62866.5
1782261900000,62868.5,62940.5,62809.5,62936.5
1782262800000,62927.5,62944.5,62764.5,62895.5
1782263700000,62893.5,62893.5,62679.5,62833.5
1782264600000,62828.5,63028.5,62820.5,62852.5
1782265500000,62856.5,62943.5,62830.5,62845.5
1782266400000,62844.5,62926.5,62715.5,62785.5
1782267300000,62792.5,62792.5,62582.5,62669.5
1782268200000,62669.5,62710.5,62507.5,62633.5
1782269100000,62632.5,62682.5,62506.5,62538.5
1782270000000,62537.5,62592.5,62470.5,62494.5
1782270900000,62496.5,62586.5,62365.5,62586.5
1782271800000,62585.5,62743.5,62574.5,62703.5
1782272700000,62704.5,62742.5,62628.5,62644.5
1782273600000,62650.5,62666.5,62532.5,62581.5
1782274500000,62574.5,62609.5,62427.5,62501.5
1782275400000,62502.5,62657.5,62489.5,62569.5
1782276300000,62568.5,62709.5,62568.5,62653.5
1782277200000,62651.5,62754.5,62607.5,62694.5
1782278100000,62693.5,62802.5,62669.5,62789.5
1782279000000,62789.5,62988.5,62763.5,62839.5
1782279900000,62837.5,62877.5,62762.5,62803.5
1782280800000,62800.5,62818.5,62665.5,62741.5
1782281700000,62741.5,62825.5,62688.5,62762.5
1782282600000,62763.5,62791.5,62690.5,62690.5
1782283500000,62688.5,62711.5,62634.5,62692.5
1782284400000,62692.5,62765.5,62591.5,62725.5
1782285300000,62725.5,62726.5,62565.5,62578.5
1782286200000,62575.5,62645.5,62531.5,62604.5
1782287100000,62602.5,62647.5,62515.5,62558.5
1782288000000,62559.5,62610.5,62496.5,62567.5
1782288900000,62565.5,62625.5,62541.5,62614.5
1782289800000,62612.5,62708.5,62570.5,62697.5
1782290700000,62696.5,62718.5,62642.5,62705.5
1782291600000,62704.5,62707.5,62582.5,62689.5
1782292500000,62690.5,62697.5,62582.5,62594.5
1782293400000,62591.5,62617.5,62538.5,62571.5
1782294300000,62574.5,62631.5,62542.5,62587.5
1782295200000,62589.5,62600.5,62461.5,62513.5
1782296100000,62512.5,62544.5,62390.5,62450.5
1782297000000,62459.5,62539.5,62415.5,62499.5
1782297900000,62499.5,62512.5,62301.5,62341.5
1782298800000,62341.5,62380.5,62204.5,62283.5
1782299700000,62282.5,62325.5,62201.5,62281.5
1782300600000,62280.5,62658.5,62280.5,62642.5
1782301500000,62642.5,63084.5,62619.5,62828.5
1782302400000,62829.5,62884.5,62703.5,62733.5
1782303300000,62740.5,62805.5,62652.5,62730.5
1782304200000,62727.5,62816.5,62655.5,62755.5
1782305100000,62754.5,62769.5,62478.5,62518.5
1782306000000,62520.5,62540.5,61876.5,61937.5
1782306900000,61934.5,62115.5,61587.5,61746.5
1782307800000,61745.5,62057.5,61284.5,61401.5
1782308700000,61375.5,61551.5,61151.5,61226.5
1782309600000,61232.5,61356.5,61015.5,61132.5
1782310500000,61131.5,61218.5,60767.5,61134.5
1782311400000,61136.5,61291.5,60953.5,61060.5
1782312300000,61059.5,61164.5,60848.5,61016.5
1782313200000,61025.5,61031.5,60746.5,60801.5
1782314100000,60803.5,61049.5,60695.5,60766.5
1782315000000,60765.5,60781.5,60441.5,60473.5
1782315900000,60474.5,60488.5,60158.5,60178.5
1782316800000,60181.5,60469.5,60115.5,60426.5
1782317700000,60425.5,60576.5,60329.5,60461.5
1782318600000,60460.5,60477.5,60078.5,60148.5
1782319500000,60150.5,60150.5,59513.5,59758.5
1782320400000,59754.5,59965.5,59613.5,59748.5
1782321300000,59740.5,59793.5,59232.5,59588.5
1782322200000,59592.5,59660.5,59193.5,59243.5
1782323100000,59242.5,59413.5,59010.5,59306.5
1782324000000,59300.5,59543.5,59213.5,59511.5
1782324900000,59510.5,59832.5,59483.5,59607.5
1782325800000,59606.5,59653.5,59385.5,59459.5
1782326700000,59457.5,59555.5,59313.5,59503.5
1782327600000,59508.5,59634.5,59416.5,59594.5
1782328500000,59592.5,59760.5,59501.5,59738.5
1782329400000,59739.5,59827.5,59638.5,59698.5
1782330300000,59697.5,59894.5,59646.5,59857.5
1782331200000,59851.5,60731.5,59743.5,60576.5
1782332100000,60577.5,60743.5,60481.5,60676.5
1782333000000,60675.5,60816.5,60574.5,60776.5
1782333900000,60778.5,61116.5,60760.5,60875.1
1782334800000,60854.9,60919,60453.5,60615.5
1782335700000,60614.5,60810.5,60569.5,60751.5
1782336600000,60758.5,61041.5,60682.5,60992.5
1782337500000,60992.5,61046.5,60845.5,61015.5
1782338400000,61012.5,61168.5,60888.5,60902.5
1782339300000,60904.5,60919.5,60773.5,60783.5
1782340200000,60782.5,60853.5,60694.5,60807.5
1782341100000,60812.5,60817.5,60709.5,60767.5
1782342000000,60768.5,60862.5,60716.5,60795.5
1782342900000,60794.5,60936.5,60739.5,60882.5
1782343800000,60884.5,60975.5,60847.5,60932.5
1782344700000,60932.5,61013.5,60830.5,60976.5
1782345600000,60978.5,61062.5,60921.5,61001.5
1782346500000,61000.5,61011.5,60809.5,60823.5
1782347400000,60827.5,60888.5,60729.5,60743.5
1782348300000,60736.5,60819.5,60614.5,60713.5
1782349200000,60710.5,60787.5,60623.5,60662.5
1782350100000,60668.5,60838.5,60605.5,60753.5
1782351000000,60756.5,60812.5,60698.5,60722.5
1782351900000,60721.5,60897.5,60694.5,60817.5
1782352800000,60818.5,60871.5,60609.5,60683.5
1782353700000,60682.5,60854.5,60643.5,60838.5
1782354600000,60832.5,60840.5,60646.5,60668.5
1782355500000,60669.5,60732.5,60582.5,60689.5
1782356400000,60690.5,60776.5,60605.5,60655.5
1782357300000,60658.5,60742.5,60553.5,60684.5
1782358200000,60679.5,60747.5,60629.5,60642.5
1782359100000,60642.5,60801.5,60637.5,60779.5
1782360000000,60782.5,60805.5,60706.5,60719.5
1782360900000,60724.5,60824.5,60686.5,60800.5
1782361800000,60800.5,60876.5,60698.5,60872.5
1782362700000,60869.5,61305.5,60853.5,61241.5
1782363600000,61239.5,61637.5,61163.5,61539.5
1782364500000,61540.5,61709.5,61370.5,61505.5
1782365400000,61508.5,61558.5,61413.5,61420.5
1782366300000,61420.5,61576.5,61402.5,61491.5
1782367200000,61496.5,61663.5,61487.5,61606.5
1782368100000,61603.5,61698.5,61525.5,61567.5
1782369000000,61565.5,61666.5,61540.5,61653.5
1782369900000,61653.5,61748.5,61603.5,61622.5
1782370800000,61627.5,61720.5,61551.5,61640.5
1782371700000,61642.5,61794.5,61641.5,61702.5
1782372600000,61701.5,61865.5,61696.5,61807.5
1782373500000,61806.5,61839.5,61702.5,61813.5
1782374400000,61811.5,61825.5,61646.5,61689.5
1782375300000,61690.5,61697.5,61598.5,61671.5
1782376200000,61671.5,61672.5,61607.5,61651.5
1782377100000,61650.5,61702.5,61571.5,61604.5
1782378000000,61605.5,61687.5,61563.5,61631.5
1782378900000,61631.5,61672.5,61503.5,61583.5
1782379800000,61582.5,61674.5,61578.5,61647.5
1782380700000,61643.5,61680.5,61587.5,61630.5
1782381600000,61626.5,61652.5,61542.5,61579.5
1782382500000,61576.5,61653.5,61463.5,61480.5
1782383400000,61479.5,61493.5,61285.5,61288.5
1782384300000,61289.5,61301.5,61148.5,61160.5
1782385200000,61162.5,61265.5,60953.5,61257.5
1782386100000,61255.5,61327.5,61131.5,61142.5
1782387000000,61138.5,61298.5,61131.5,61223.5
1782387900000,61223.5,61223.5,61038.5,61184.5
1782388800000,61182.5,61259.5,61028.5,61110.5
1782389700000,61111.5,61172.5,60964.5,61001.5
1782390600000,61009.5,61607.5,61002.5,61266.5
1782391500000,61270.5,61314.5,61041.5,61133.5
1782392400000,61134.5,61263.5,61059.5,61210.5
1782393300000,61210.5,61262.5,61077.5,61125.5
1782394200000,61123.5,61229.5,59959.5,59972.5
1782395100000,59976.5,60123.5,58023.5,58203.5
1782396000000,58197.5,59627.5,58196.5,59158.5
1782396900000,59152.5,59452.5,58670.5,59221.5
1782397800000,59226.5,60341.5,59070.5,59389.5
1782398700000,59389.5,59691.5,59220.5,59364.5
1782399600000,59364.5,59373.5,58923.5,58958.5
1782400500000,58957.5,59285.5,58739.5,59161.5
1782401400000,59162.5,59428.5,58970.5,59094.5
1782402300000,59092.5,59555.5,59066.5,59467.5
1782403200000,59468.5,59945.5,59365.5,59657.5
1782404100000,59658.5,59746.5,59574.5,59651.5
1782405000000,59649.5,59650.5,59118.5,59161.5
1782405900000,59162.5,59290.5,59027.5,59209.5
1782406800000,59211.5,59368.5,59026.5,59295.5
1782407700000,59299.5,59502.5,59213.5,59448.5
1782408600000,59448.5,59634.5,59390.5,59433.5
1782409500000,59431.5,59588.5,59339.5,59578.5
1782410400000,59579.5,59688.5,59282.5,59295.5
1782411300000,59297.5,59644.5,59281.5,59613.5
1782412200000,59616.5,59616.5,59277.5,59325.5
1782413100000,59325.5,59504.5,59225.5,59402.5
1782414000000,59420.5,59425.5,59125.5,59147.5
1782414900000,59145.5,59262.5,59057.5,59246.5
1782415800000,59244.5,59337.5,59174.5,59198.5
1782416700000,59199.5,59268.5,59075.5,59218.5
1782417600000,59224.5,59633.5,59221.5,59460.5
1782418500000,59460.5,59623.5,59432.5,59509.5
1782419400000,59531.5,59552.5,59292.5,59410.5
1782420300000,59409.5,59414.5,59228.5,59284.5
1782421200000,59339.7,59512.5,59294.5,59506.5
1782422100000,59505.5,59609.5,59434.5,59607.5
1782423000000,59607.5,59867.5,59561.5,59828.5
1782423900000,59828.5,60152.5,59728.5,60115.5
1782424800000,60079.5,60105.5,59741.5,59786.5
1782425700000,59787.5,59917.5,59676.5,59687.5
1782426600000,59687.5,59779.5,59631.5,59686.5
1782427500000,59686.5,59819.5,59626.5,59741.5
1782428400000,59733.5,59858.5,59681.5,59845.5
1782429300000,59841.5,60075.5,59814.5,59994.5
1782430200000,60003.5,60097.5,59850.5,59873.5
1782431100000,59870.5,59870.5,59629.5,59695.5
1782432000000,59692.5,59817.5,59656.5,59793.5
1782432900000,59791.5,59792.5,59569.5,59670.5
1782433800000,59671.5,59784.5,59582.5,59694.5
1782434700000,59692.5,59725.5,59521.5,59555.5
1782435600000,59552.5,59689.5,59331.5,59500.5
1782436500000,59496.5,59569.5,59189.5,59200.5
1782437400000,59200.5,59279.5,59116.5,59206.5
1782438300000,59208.5,59343.5,59157.5,59339.5
1782439200000,59338.5,59361.5,58559.5,58577.5
1782440100000,58582.5,58798.5,58250.5,58777.5
1782441000000,58789.5,58925.5,58574.5,58725.5
1782441900000,58721.5,58748.5,58335.5,58470.5
1782442800000,58473.5,58879.5,58223.5,58797.5
1782443700000,58795.5,59089.5,58683.5,58993.5
1782444600000,58990.5,59446.5,58903.5,59393.5
1782445500000,59392.5,60021.5,59376.5,59930.5
1782446400000,59925.5,59994.5,59735.5,59818.5
1782447300000,59819.5,60130.5,59786.5,59889.5
1782448200000,59892.5,59930.5,59788.5,59880.5
1782449100000,59879.5,59891.5,59738.5,59828.5
1782450000000,59832.5,59885.5,59741.5,59884.5
1782450900000,59888.5,59955.5,59628.5,59862.5
1782451800000,59861.5,59954.5,59744.5,59789.5
1782452700000,59792.5,59878.5,59684.5,59843.5
1782453600000,59842.5,59846.5,59600.5,59619.5
1782454500000,59621.5,60006.5,59612.5,59948.5
1782455400000,59952.5,60315.5,59853.5,60294.5
1782456300000,60298.5,60362.5,60132.5,60226.5
1782457200000,60225.5,60432.5,60174.5,60420.5
1782458100000,60422.5,60596.5,60362.5,60494.5
1782459000000,60493.5,60653.5,60452.5,60484.5
1782459900000,60487.5,60539.5,60395.5,60419.5
1782460800000,60419.5,60469.5,60124.5,60172.5
1782461700000,60178.5,60270.5,60078.5,60206.5
1782462600000,60203.5,60253.5,60046.5,60119.5
1782463500000,60121.5,60184.5,60047.5,60147.5
1782464400000,60144.5,60163.5,59974.5,60073.5
1782465300000,60066.5,60081.5,59954.5,60029.5
1782466200000,60015.5,60038.5,59851.5,59900.5
1782467100000,59907.5,59936.5,59432.5,59637.5
1782468000000,59634.5,59725.5,59541.5,59648.5
1782468900000,59651.5,59761.5,59616.5,59626.5
1782469800000,59625.5,59716.5,59349.5,59450.5
1782470700000,59448.5,59469.5,59118.5,59213.5
1782471600000,59209.5,59486.5,59154.5,59379.5
1782472500000,59377.5,59406.5,59252.5,59321.5
1782473400000,59310.5,59434.5,59279.5,59349.5
1782474300000,59349.5,59364.5,59177.5,59312.5
1782475200000,59315.5,59421.5,59226.5,59357.5
1782476100000,59361.5,59630.5,59342.5,59630.5
1782477000000,59631.5,59906.5,58844.5,59044.5
1782477900000,59044.5,59483.5,58944.5,59082.5
1782478800000,59078.5,59173.5,58832.5,58984.5
1782479700000,58987.5,59065.5,58539.5,58803.5
1782480600000,58728.5,59406.5,58722.5,59372.5
1782481500000,59374.5,60092.5,59223.5,60076.5
1782482400000,60077.5,60188.5,59706.5,59888.5
1782483300000,59889.5,60162.5,59706.5,59957.5
1782484200000,59961.5,59966.5,59449.5,59502.5
1782485100000,59508.5,59788.5,59274.5,59500.5
1782486000000,59506.5,59996.5,59484.5,59736.5
1782486900000,59740.5,60298.5,59681.5,60092.5
1782487800000,60095.5,60415.5,60034.5,60344.5
1782488700000,60342.5,60360.5,60028.5,60233.5
1782489600000,60234.5,60493.5,60044.5,60075.5
1782490500000,60078.5,60180.5,59832.5,59944.5
1782491400000,59949.5,60284.5,59934.5,59960.5
1782492300000,59962.5,60074.5,59891.5,59937.5
1782493200000,59936.5,60185.5,59903.5,60113.5
1782494100000,60114.5,60155.5,59924.5,60078.5
1782495000000,60075.5,60117.5,59837.5,59960.5
1782495900000,59964.5,60011.5,59825.5,59908.5
1782496800000,59915.5,60074.5,59871.5,59981.5
1782497700000,59981.5,60017.5,59705.5,59726.5
1782498600000,59724.5,59780.5,59624.5,59673.5
1782499500000,59670.5,59672.5,59446.5,59569.5
1782500400000,59568.5,60002.5,59498.5,59920.5
1782501300000,59919.5,59920.5,59771.5,59829.5
1782502200000,59831.5,59994.5,59768.5,59778.5
1782503100000,59776.5,59824.5,59635.5,59636.5
1782504000000,59644.5,59894.5,59574.5,59627.5
1782504900000,59625.5,59713.5,59580.5,59673.5
1782505800000,59674,59675.5,59413.5,59556.5
1782506700000,59555.5,59697.5,59529.5,59636.7
1782680400000,59553.2,59618.5,59377.5,59579.5
1782681300000,59578.5,59635.5,59494.5,59599.5
1782682200000,59600.5,59688.5,59502.5,59546.5
1782683100000,59546.5,59569.5,59194.5,59341.5
1782684000000,59346.5,59799.5,59302.5,59535.5
1782684900000,59534.5,59544.5,59067.5,59272.5
1782685800000,59273.5,59365.5,58969.5,58994.5
1782686700000,58997.5,59114.5,58777.5,58962.5
1782687600000,58959.5,59283.5,58885.5,59161.5
1782688500000,59162.5,59491.5,59144.5,59438.5
1782689400000,59438.5,59754.5,59423.5,59632.5
1782690300000,59634.5,59707.5,59466.5,59478.5
1782691200000,59477.5,59595.5,59166.5,59483.5
1782692100000,59481.5,59499.5,59065.5,59102.5
1782693000000,59106.5,59275.5,58858.5,59272.5
1782693900000,59269.5,59599.5,59060.5,59555.5
1782694800000,59553.5,59593.5,59340.5,59373.5
1782695700000,59372.5,59413.5,59120.5,59192.5
1782696600000,59193.5,59478.5,59095.5,59445.5
1782697500000,59447.5,59473.5,59314.5,59329.5
1782698400000,59325.5,59406.5,58767.5,58919.5
1782699300000,58921.5,59491.5,58864.5,59441.5
1782700200000,59433.5,59707.5,59369.5,59665.5
1782701100000,59666.5,59707.5,59582.5,59648.5
1782702000000,59647.5,60064.5,59647.5,59895.5
1782702900000,59896.5,60099.5,59852.5,60060.5
1782703800000,60060.5,60098.5,59762.5,59809.5
1782704700000,59810.5,59980.5,59768.5,59942.5
1782705600000,59943.5,59959.5,59781.5,59820.5
1782706500000,59820.5,59893.5,59725.5,59850.5
1782707400000,59851.5,59866.5,59621.5,59734.5
1782708300000,59740.5,59796.5,59645.5,59720.5
1782709200000,59717.5,59756.5,59271.5,59427.5
1782710100000,59427.5,59617.5,59412.5,59573.5
1782711000000,59570.5,59825.5,59529.5,59806.5
1782711900000,59800.5,60003.5,59789.5,60003.5
1782712800000,59997.5,60113.5,59965.5,60068.5
1782713700000,60065.5,60246.5,60010.5,60067.5
1782714600000,60070.5,60113.5,59963.5,59976.5
1782715500000,59974.5,60066.5,59938.5,59972.5
1782716400000,59974.5,59983.5,59814.5,59980.5
1782717300000,59981.5,60091.5,59912.5,60001.5
1782718200000,60000.5,60043.5,59935.5,59945.5
1782719100000,59950.5,60034.5,59910.5,59916.5
1782720000000,59919.5,60000.5,59783.5,59856.5
1782720900000,59858.5,59961.5,59684.5,59723.5
1782721800000,59719.5,59814.5,59633.5,59761.5
1782722700000,59760.5,59834.5,59722.5,59726.5
1782723600000,59729.5,59856.5,59696.5,59848.5
1782724500000,59844.5,60009.5,59672.5,59837.5
1782725400000,59837.5,59909.5,59773.5,59867.5
1782726300000,59865.5,59983.5,59815.5,59959.5
1782727200000,59959.5,60226.5,59956.5,60130.5
1782728100000,60136.5,60220.5,60082.5,60124.5
1782729000000,60119.5,60125.5,59966.5,60037.5
1782729900000,60036.5,60067.5,59958.5,59992.5
1782730800000,59993.5,60015.5,59843.5,59849.5
1782731700000,59846.5,59911.5,59778.5,59893.5
1782732600000,59896.5,60128.5,59717.5,59773.5
1782733500000,59772.5,59885.5,59692.5,59865.5
1782734400000,59869.5,60694.5,59472.5,60583.5
1782735300000,60587.5,60683.5,60320.5,60354.5
1782736200000,60352.5,60375.5,59713.5,59852.5
1782737100000,59854.5,59959.5,59636.5,59859.5
1782738000000,59861.5,60238.5,59860.5,60125.5
1782738900000,60124.5,60218.5,59857.5,59864.5
1782739800000,59862.5,60173.5,59327.5,59350.5
1782740700000,59344.5,59496.5,59191.5,59472.5
1782741600000,59483.5,59489.5,58951.5,58968.5
1782742500000,58966.5,59443.5,58846.5,59373.5
1782743400000,59383.5,59578.5,59177.5,59204.5
1782744300000,59195.5,59487.5,59126.5,59345.5
1782745200000,59347.5,59349.5,58957.5,59126.5
1782746100000,59136.5,59380.5,58991.5,59378.5
1782747000000,59379.5,59761.5,59376.5,59706.5
1782747900000,59705.5,59832.5,59637.5,59699.5
1782748800000,59697.5,59810.5,59579.5,59610.5
1782749700000,59610.5,59672.5,59464.5,59494.5
1782750600000,59486.5,59775.5,59486.5,59759.5
1782751500000,59758.5,59877.5,59700.5,59773.5
1782752400000,59772.5,60382.5,59772.5,60360.5
1782753300000,60358.5,60542.5,60298.5,60445.5
1782754200000,60446.5,60581.5,60282.5,60523.5
1782755100000,60519.5,60561.5,60301.5,60323.5
1782756000000,60324.5,60435.5,60226.5,60429.5
1782756900000,60431.5,60436.5,60139.5,60184.5
1782757800000,60185.5,60246.5,60112.5,60188.5
1782758700000,60187.5,60203.5,60084.5,60202.5
1782759600000,60203.5,60212.5,60051.5,60105.5
1782760500000,60104.5,60389.5,60082.5,60358.5
1782761400000,60358.5,60381.5,60210.5,60373.5
1782762300000,60373.5,60468.5,60304.5,60331.5
1782763200000,60330.5,60459.5,60316.5,60330.5
1782764100000,60331.5,60392.5,60254.5,60311.5
1782765000000,60305.9,60384.5,60298.5,60319.5
1782765900000,60322.5,60322.5,60191.5,60207.5
1782766800000,60191.3,60319.5,60036.5,60308.5
1782767700000,60311.5,60312.5,60191.5,60249.5
1782768600000,60249.5,60396.5,60249.5,60361.5
1782769500000,60362.5,60489.5,60357.5,60391.5
1782770400000,60393.5,60409.5,60258.5,60362.5
1782771300000,60362.5,60425.5,60328.5,60351.5
1782772200000,60350.5,60371.5,60247.5,60296.5
1782773100000,60295.5,60341.5,60247.5,60261.5
1782774000000,60265.5,60295.5,60226.5,60253.5
1782774900000,60249.5,60280.5,60091.5,60129.5
1782775800000,60124.5,60210.5,60116.5,60156.5
1782776700000,60151.5,60206.5,60113.5,60164.5
1782777600000,60162.5,60183.5,60049.5,60105.5
1782778500000,60112.5,60143.5,59821.5,59840.5
1782779400000,59843.5,59849.5,59581.5,59680.5
1782780300000,59674.5,59816.5,59651.5,59734.5
1782781200000,59731.5,59778.5,59659.5,59734.5
1782782100000,59733.5,59958.5,59709.5,59946.5
1782783000000,59947.5,59964.5,59694.5,59738.5
1782783900000,59733.5,59854.5,59732.5,59852.5
1782784800000,59848.5,59857.5,59665.5,59692.5
1782785700000,59694.5,59906.5,59633.5,59879.5
1782786600000,59879.5,59932.5,59818.5,59920.5
1782787500000,59918.5,59954.5,59834.5,59847.5
1782788400000,59845.5,59889.5,59750.5,59794.5
1782789300000,59793.5,59928.5,59703.5,59743.5
1782790200000,59743.5,59746.5,59610.5,59625.5
1782791100000,59629.5,59629.5,59474.5,59502.5
1782792000000,59502.5,59504.5,59303.5,59435.5
1782792900000,59434.5,59458.5,59311.5,59430.5
1782793800000,59435.5,59581.5,59419.5,59491.5
1782794700000,59488.5,59488.5,59327.5,59370.5
1782795600000,59377.5,59423.5,59243.5,59322.5
1782796500000,59320.5,59384.5,59257.5,59281.5
1782797400000,59275.5,59472.5,59232.5,59457.5
1782798300000,59457.5,59552.5,59432.5,59549.5
1782799200000,59552.5,59568.5,59426.5,59467.5
1782800100000,59471.5,59605.5,59396.5,59584.5
1782801000000,59583.5,59615.5,59426.5,59455.5
1782801900000,59457.5,59504.5,59438.5,59493.5
1782802800000,59497.5,59533.5,59339.5,59399.5
1782803700000,59394.5,59474.5,59333.5,59376.5
1782804600000,59378.5,59478.5,59365.5,59423.5
1782805500000,59424.5,59460.5,59366.5,59422.5
1782806400000,59418.5,59463.5,59312.5,59327.5
1782807300000,59328.5,59344.5,59265.5,59303.5
1782808200000,59311.5,59346.5,59067.5,59174.5
1782809100000,59175.5,59279.5,59064.5,59207.5
1782810000000,59207.5,59314.5,59178.5,59253.5
1782810900000,59248.5,59283.5,59157.5,59199.5
1782811800000,59202.5,59290.5,59149.5,59263.5
1782812700000,59263.5,59328.5,59259.5,59279.5
1782813600000,59278.5,59324.5,59214.5,59280.5
1782814500000,59277.5,59328.5,59234.5,59272.5
1782815400000,59275.5,59278.5,59183.5,59234.5
1782816300000,59233.5,59305.5,59185.5,59230.5
1782817200000,59233.5,59316.5,59213.5,59286.5
1782818100000,59286.5,59300.5,59082.5,59119.5
1782819000000,59118.5,59174.5,59011.5,59138.5
1782819900000,59142.5,59232.5,59050.5,59080.5
1782820800000,59077.5,59079.5,58886.5,58909.5
1782821700000,58910.5,58971.5,58640.5,58752.5
1782822600000,58753.5,58784.5,58661.5,58731.5
1782823500000,58730.5,58749.5,58277.5,58308.5
1782824400000,58309.5,58548.5,58201.5,58362.5
1782825300000,58363.5,58495.5,58326.5,58401.5
1782826200000,58407.5,58649.5,58116.5,58458.5
1782827100000,58462.5,58696.5,58344.5,58631.5
1782828000000,58631.5,59158.5,58535.5,58884.5
1782828900000,58886.5,59036.5,58769.5,58924.5
1782829800000,58927.5,58999.5,58455.5,58804.5
1782830700000,58800.5,58800.5,58285.5,58363.5
1782831600000,58364.5,58485.5,58063.5,58322.5
1782832500000,58321.5,58353.5,58072.5,58268.5
1782833400000,58271.5,58383.5,58131.5,58324.5
1782834300000,58325.5,58683.5,58221.5,58269.5
1782835200000,58269.5,58523.5,58240.5,58293.5
1782836100000,58294.5,58357.5,58131.5,58203.5
1782837000000,58206.5,58376.5,58126.5,58223.5
1782837900000,58225.5,58470.5,58213.5,58384.5
1782838800000,58386.5,58512.5,58268.5,58304.5
1782839700000,58305.5,58382.5,58257.5,58293.5
1782840600000,58293.5,58361.5,58215.5,58278.5
1782841500000,58281.5,58336.5,58211.5,58322.5
1782842400000,58324.5,58394.5,58242.5,58368.5
1782843300000,58369.5,58598.5,58307.5,58429.5
1782844200000,58430.5,58454.5,58266.5,58355.5
1782845100000,58352.5,58588.5,58352.5,58576.5
1782846000000,58577.5,58621.5,58474.5,58547.5
1782846900000,58550.5,58568.5,58469.5,58563.5
1782847800000,58562.5,58700.5,58541.5,58653.5
1782848700000,58652.5,58732.5,58579.5,58711.5
1782849600000,58697.5,58776.5,58630.5,58760.5
1782850500000,58762.5,58762.5,58575.5,58645.5
1782851400000,58641.5,58646.5,58531.5,58552.5
1782852300000,58553.5,58698.5,58534.5,58645.5
1782853200000,58619,58661.7,58438.5,58464.5
1782854100000,58479.5,58542.5,58373.5,58497.5
1782855000000,58494.5,58571.5,58482.5,58492.5
1782855900000,58493.5,58554.5,58395.5,58546.5
1782856800000,58547.5,58651.5,58537.5,58627.5
1782857700000,58630.5,58708.5,58546.5,58554.5
1782858600000,58556.5,58556.5,58410.5,58499.5
1782859500000,58502.5,58539.5,58438.5,58507.5
1782860400000,58506.5,58553.5,58446.5,58507.5
1782861300000,58509.5,58556.5,58462.5,58509.5
1782862200000,58509.5,58543.5,58461.5,58505.5
1782863100000,58505.5,58563.5,58478.5,58523.5
1782864000000,58527.5,58650.5,58500.5,58545.5
1782864900000,58543.5,58587.5,58196.5,58292.5
1782865800000,58291.5,58478.5,58288.5,58383.5
1782866700000,58384.5,58520.5,58364.5,58476.5
1782867600000,58475.5,58492.5,57701.5,58064.5
1782868500000,58065.5,58314.5,57919.5,58261.5
1782869400000,58260.5,58907.5,58230.5,58799.5
1782870300000,58798.5,58911.5,58611.5,58665.5
1782871200000,58662.5,58764.5,58565.5,58688.5
1782872100000,58688.5,58913.5,58668.5,58849.5
1782873000000,58855.5,59072.5,58808.5,59040.5
1782873900000,59038.5,59082.5,58897.5,58983.5
1782874800000,58986.5,59021.5,58881.5,58891.5
1782875700000,58894.5,58904.5,58768.5,58822.5
1782876600000,58822.5,59051.5,58741.5,58839.5
1782877500000,58839.5,59220.5,58830.5,59099.5
1782878400000,59098.5,59100.5,58955.5,59023.5
1782879300000,59019.5,59185.5,58994.5,59173.5
1782880200000,59174.5,59276.5,59095.5,59255.5
1782881100000,59257.5,59358.5,59200.5,59241.5
1782882000000,59240.5,59285.5,59144.5,59189.5
1782882900000,59186.5,59262.5,59030.5,59074.5
1782883800000,59075.5,59111.5,58987.5,59096.5
1782884700000,59102.5,59111.5,59030.5,59051.5
1782885600000,59049.5,59065.5,58804.5,58848.5
1782886500000,58847.5,58874.5,58582.5,58693.5
1782887400000,58692.5,58743.5,58426.5,58598.5
1782888300000,58605.5,58677.5,58514.5,58667.5
1782889200000,58671.5,58703.5,58501.5,58592.5
1782890100000,58591.5,58740.5,58530.5,58645.5
1782891000000,58641.5,58671.5,58546.5,58604.5
1782891900000,58606.5,58716.5,58568.5,58683.5
1782892800000,58684.5,58730.5,58559.5,58610.5
1782893700000,58612.5,58637.5,58503.5,58526.5
1782894600000,58525.5,58655.5,58398.5,58644.5
1782895500000,58645.5,58904.5,58582.5,58895.5
1782896400000,58893.5,59000.5,58806.5,58871.5
1782897300000,58873.5,58913.5,58784.5,58804.5
1782898200000,58807.5,58860.5,58708.5,58797.5
1782899100000,58803.5,58891.5,58749.5,58852.5
1782900000000,58859.5,58863.5,58661.5,58673.5
1782900900000,58682.5,58711.5,58570.5,58653.5
1782901800000,58650.5,58675.5,58515.5,58527.5
1782902700000,58525.5,58602.5,58522.5,58568.5
1782903600000,58569.5,58666.5,58489.5,58627.5
1782904500000,58621.5,58680.5,58584.5,58609.5
1782905400000,58609.5,58657.5,58534.5,58596.5
1782906300000,58596.5,58622.5,58456.5,58530.5
1782907200000,58532.5,58602.5,58318.5,58359.5
1782908100000,58358.5,58519.5,58356.5,58469.5
1782909000000,58469.5,58514.5,58281.5,58316.5
1782909900000,58321.5,58452.5,58232.5,58441.5
1782910800000,58444.5,58681.5,58434.5,58591.5
1782911700000,58587.5,58828.5,58565.5,58723.5
1782912600000,58725.5,58977.5,58500.5,58929.5
1782913500000,58932.5,59440.5,58850.5,59406.5
1782914400000,59403.5,59905.5,59173.5,59896.5
1782915300000,59894.5,60020.5,59697.5,59709.5
1782916200000,59704.5,59747.5,59463.5,59530.5
1782917100000,59530.5,59692.5,59338.5,59460.5
1782918000000,59459.5,59909.5,59423.5,59844.5
1782918900000,59846.5,60454.5,59770.5,60236.5
1782919800000,60238.5,60309.5,60056.5,60150.5
1782920700000,60147.5,60189.5,60000.5,60070.5
1782921600000,60071.5,60160.5,59996.5,60071.5
1782922500000,60065.5,60190.5,59855.5,60070.5
1782923400000,60069.5,60107.5,59945.5,60013.5
1782924300000,60012.5,60024.5,59789.5,59856.5
1782925200000,59858.5,59869.5,59705.5,59823.5
1782926100000,59822.5,60135.5,59817.5,60070.5
1782927000000,60071.5,60169.5,59999.5,60076.5
1782927900000,60072.5,60166.5,60064.5,60120.5
1782928800000,60115.5,60153.5,59943.5,60005.5
1782929700000,60006.5,60125.5,59962.5,60079.5
1782930600000,60071.5,60183.5,60000.5,60158.5
1782931500000,60154.5,60235.5,60008.5,60101.5
1782932400000,60102.5,60230.5,60092.5,60211.5
1782933300000,60212.5,60292.5,60031.5,60086.5
1782934200000,60086.5,60217.5,60072.5,60139.5
1782935100000,60136.5,60137.5,59908.5,59966.5
1782936000000,59961.5,59992.5,59829.5,59927.5
1782936900000,59926.5,59956.5,59791.5,59901.5
1782937800000,59892.3,60009.5,59883.5,59970.5
1782938700000,59969.5,60131.5,59956.5,60046.5
1782939600000,60056.8,60400.5,60006.5,60373.5
1782940500000,60375.5,60527.5,60252.5,60451.5
1782941400000,60440.5,60767.5,60438.5,60744.5
1782942300000,60743.5,60772.5,60702.5,60747.5
1782943200000,60748.5,60765.5,60710.5,60743.5
1782944100000,60737.5,61251.5,60476.5,60486.5
1782945000000,60484.5,60614.5,60373.5,60414.5
1782945900000,60417.5,60441.5,60279.5,60405.5
1782946800000,60406.5,60406.5,60161.5,60176.5
1782947700000,60179.5,60303.5,60111.5,60138.5
1782948600000,60137.5,60202.5,59938.5,60087.5
1782949500000,60085.5,60105.5,59910.5,59954.5
1782950400000,59955.5,59957.5,59818.5,59873.5
1782951300000,59876.5,59903.5,59652.5,59709.5
1782952200000,59707.5,59727.5,59497.5,59543.5
1782953100000,59542.5,59774.5,59542.5,59683.5
1782954000000,59684.5,59880.5,59631.5,59866.5
1782954900000,59867.5,59957.5,59752.5,59957.5
1782955800000,59953.5,60245.5,59953.5,60117.5
1782956700000,60118.5,60249.5,59991.5,60099.5
1782957600000,60102.5,60121.5,59917.5,60067.5
1782958500000,60068.5,60196.5,60050.5,60132.5
1782959400000,60135.5,60335.5,60093.5,60329.5
1782960300000,60327.5,60412.5,60239.5,60339.5
1782961200000,60340.5,60407.5,60306.5,60404.5
1782962100000,60405.5,60639.5,60210.5,60473.5
1782963000000,60470.5,60741.5,60388.5,60730.5
1782963900000,60730.5,61054.5,60650.5,60980.5
1782964800000,60975.5,60986.5,60776.5,60851.5
1782965700000,60858.5,60903.5,60722.5,60781.5
1782966600000,60778.5,60780.5,60614.5,60693.5
1782967500000,60701.5,60811.5,60659.5,60699.5
1782968400000,60703.5,60788.5,60572.5,60782.5
1782969300000,60777.5,60807.5,60647.5,60659.5
1782970200000,60663.5,60798.5,60504.5,60528.5
1782971100000,60519.5,60573.5,60388.5,60419.5
1782972000000,60418.5,60442.5,60312.5,60316.5
1782972900000,60317.5,60479.5,60308.5,60392.5
1782973800000,60390.5,60572.5,60390.5,60446.5
1782974700000,60450.5,60458.5,60168.5,60179.5
1782975600000,60178.5,60210.5,60102.5,60142.5
1782976500000,60141.5,60183.5,60070.5,60076.5
1782977400000,60073.5,60137.5,60027.5,60056.5
1782978300000,60055.5,60148.5,60014.5,60053.5
1782979200000,60055.5,60274.5,60038.5,60229.5
1782980100000,60233.5,60327.5,60230.5,60279.5
1782981000000,60279.5,60432.5,60248.5,60370.5
1782981900000,60369.5,60475.5,60326.5,60424.5
1782982800000,60433.5,60442.5,60281.5,60385.5
1782983700000,60387.5,60551.5,60335.5,60520.5
1782984600000,60519.5,61100.5,60519.5,60982.5
1782985500000,60985.5,61343.5,60763.5,61093.5
1782986400000,61093.5,61156.5,60960.5,61146.5
1782987300000,61148.5,61216.5,61003.5,61134.5
1782988200000,61129.5,61274.5,61112.5,61122.5
1782989100000,61126.5,61261.5,61056.5,61178.5
1782990000000,61182.5,61292.5,61122.5,61198.5
1782990900000,61194.5,61276.5,61161.5,61207.5
1782991800000,61208.5,61277.5,61168.5,61215.5
1782992700000,61218.5,61304.5,61036.5,61266.5
1782993600000,61263.5,61293.5,61186.5,61288.5
1782994500000,61289.5,61341.5,61061.5,61263.5
1782995400000,61256.5,61495.5,61094.5,61293.5
1782996300000,61295.5,61537.5,61280.5,61459.5
1782997200000,61463.5,61662.5,61418.5,61608.5
1782998100000,61606.5,61914.5,61563.5,61613.5
1782999000000,61618.5,61984.5,61447.5,61896.5
1782999900000,61895.5,61968.5,61727.5,61871.5
1783000800000,61874.5,62133.5,61775.5,62018.5
1783001700000,62016.5,62141.5,61499.5,61601.5
1783002600000,61597.5,61739.5,61320.5,61359.5
1783003500000,61351.5,61687.5,61351.5,61633.5
1783004400000,61636.5,61668.5,61342.5,61515.5
1783005300000,61509.5,61764.5,61415.5,61640.5
1783006200000,61642.5,61762.5,61475.5,61629.5
1783007100000,61623.5,61681.5,61444.5,61537.5
1783008000000,61536.5,61687.5,61430.5,61622.5
1783008900000,61620.5,61627.5,61066.5,61123.5
1783009800000,61123.5,61388.5,61123.5,61368.5
1783010700000,61366.5,61722.5,61354.5,61610.5
1783011600000,61606.5,61762.5,61549.5,61723.5
1783012500000,61721.5,61866.5,61679.5,61803.5
1783013400000,61805.5,61805.5,61569.5,61717.5
1783014300000,61717.5,61744.5,61571.5,61599.5
1783015200000,61601.5,61789.5,61591.5,61749.5
1783016100000,61749.5,61798.5,61654.5,61790.5
1783017000000,61791.5,61793.5,61688.5,61699.5
1783017900000,61695.5,61801.5,61614.5,61683.5
1783018800000,61691.5,61693.5,61520.5,61590.5
1783019700000,61591.5,61592.5,61433.5,61542.5
1783020600000,61543.5,61573.5,61413.5,61499.5
1783021500000,61502.5,61621.5,61332.5,61415.5
1783022400000,61404.5,61470.5,61324.5,61358.5
1783023300000,61364.5,61446.5,61314.5,61327.5
1783024200000,61327.5,61364.5,61257.5,61287.5
1783025100000,61291.5,61520.5,61288.5,61509.8
1783026000000,61495,61578.3,61352.5,61450.5
1783026900000,61443.5,61476.5,61430.5,61461.5
1783027800000,61456.5,61485.5,61379.5,61446.5
1783028700000,61445.5,61546.5,61379.5,61514.5
1783029600000,61514.5,61515.5,61432.5,61443.5
1783030500000,61447.5,61487.5,61430.5,61437.5
1783031400000,61440.5,61463.5,61424.5,61440.5
1783032300000,61445.5,61480.5,61277.5,61389.5
1783033200000,61391.5,61391.5,61262.5,61266.5
1783034100000,61270.5,61458.5,61264.5,61417.5
1783035000000,61415.5,61524.5,61348.5,61390.5
1783035900000,61389.5,61513.5,61383.5,61481.5
1783036800000,61476.5,61501.5,61296.5,61335.5
1783037700000,61331.5,61369.5,61204.5,61208.5
1783038600000,61211.5,61285.5,61152.5,61247.5
1783039500000,61248.5,61322.5,61199.5,61209.5
1783040400000,61208.5,61630.5,61188.5,61537.5
1783041300000,61538.5,61569.5,61406.5,61474.5
1783042200000,61475.5,61639.5,61421.5,61573.5
1783043100000,61575.5,61581.5,61484.5,61491.5
1783044000000,61492.5,61576.5,61412.5,61430.5
1783044900000,61434.5,61499.5,61304.5,61308.5
1783045800000,61307.5,61372.5,61191.5,61270.5
1783046700000,61273.5,61370.5,61203.5,61332.5
1783047600000,61331.5,61367.5,61222.5,61233.5
1783048500000,61230.5,61486.5,61230.5,61442.5
1783049400000,61439.5,61452.5,61276.5,61300.5
1783050300000,61301.5,61368.5,61260.5,61342.5
1783051200000,61343.5,61376.5,61245.5,61341.5
1783052100000,61339.5,61351.5,61247.5,61351.5
1783053000000,61350.5,61440.5,61312.5,61413.5
1783053900000,61417.5,61428.5,61282.5,61358.5
1783054800000,61358.5,61487.5,61337.5,61458.5
1783055700000,61455.5,61606.5,61425.5,61549.5
1783056600000,61544.5,61727.5,61524.5,61616.5
1783057500000,61618.5,61671.5,61554.5,61618.5
1783058400000,61620.5,61771.5,61599.5,61646.5
1783059300000,61647.5,61734.5,61603.5,61642.5
1783060200000,61640.5,61710.5,61525.5,61568.5
1783061100000,61571.5,61696.5,61562.5,61626.5
1783062000000,61628.5,61699.5,61575.5,61620.5
1783062900000,61622.5,61689.5,61618.5,61684.5
1783063800000,61685.5,61767.5,61662.5,61741.5
1783064700000,61744.5,61793.5,61673.5,61680.5
1783065600000,61680.5,61763.5,61659.5,61673.5
1783066500000,61674.5,61757.5,61642.5,61703.5
1783067400000,61702.5,61823.5,61643.5,61793.5
1783068300000,61793.5,61793.5,61471.5,61501.5
1783069200000,61502.5,61635.5,61434.5,61626.5
1783070100000,61626.5,61663.5,61560.5,61603.5
1783071000000,61604.5,61606.5,61472.5,61578.5
1783071900000,61581.5,61700.5,61578.5,61629.5
1783072800000,61626.5,61692.5,61585.5,61643.5
1783073700000,61648.5,61696.5,61581.5,61661.5
1783074600000,61658.5,61964.5,61637.5,61944.5
1783075500000,61949.5,61954.5,61798.5,61841.5
1783076400000,61839.5,61995.5,61746.5,61942.5
1783077300000,61940.5,61994.5,61851.5,61899.5
1783078200000,61899.5,61949.5,61795.5,61811.5
1783079100000,61817.5,62025.5,61812.5,61938.5
1783080000000,61937.5,62105.5,61924.5,62073.5
1783080900000,62072.5,62081.5,61829.5,61881.5
1783081800000,61877.5,61899.5,61779.5,61849.5
1783082700000,61846.5,61925.5,61846.5,61899.5
1783083600000,61901.5,62000.5,61857.5,61974.5
1783084500000,61977.5,62056.5,61921.5,62017.5
1783085400000,62015.5,62115.5,61934.5,62081.5
1783086300000,62082.5,62198.5,61965.5,62037.5
1783087200000,62034.5,62034.5,61604.5,61678.5
1783088100000,61679.5,61865.5,61633.5,61860.5
1783089000000,61859.5,62001.5,61757.5,61992.5
1783089900000,61993.5,62205.5,61934.5,62096.5
1783090800000,62099.5,62325.5,62074.5,62115.5
1783091700000,62112.5,62155.5,61907.5,61936.5
1783092600000,61935.5,62036.5,61728.5,61782.5
1783093500000,61769.5,61906.5,61744.5,61859.5
1783094400000,61858.5,61931.5,61840.5,61867.5
1783095300000,61867.5,62053.5,61866.5,62010.5
1783096200000,62010.5,62070.5,61923.5,61984.5
1783097100000,61987.5,62070.5,61954.5,62043.5
1783098000000,62047.5,62228.5,62011.5,62133.5
1783098900000,62130.5,62182.5,62039.5,62120.5
1783099800000,62119.5,62209.5,62096.5,62161.5
1783100700000,62162.5,62183.5,62091.5,62135.5
1783101600000,62136.5,62142.5,62044.5,62102.5
1783102500000,62101.5,62138.5,62057.5,62116.5
1783103400000,62113.5,62175.5,62102.5,62154.5
1783104300000,62156.5,62182.5,62122.5,62143.5
1783105200000,62146.5,62194.5,62071.5,62119.5
1783106100000,62126.5,62228.5,62092.5,62156.5
1783107000000,62154.5,62255.5,62085.5,62161.5
1783107900000,62160.5,62197.5,62117.5,62147.5
1783108800000,62147.5,62420.5,62113.5,62361.5
1783109700000,62359.5,62611.5,62319.5,62545.5
1783110600000,62545.5,62824.5,62523.5,62636.5
1783111500000,62635.5,62797.5,62606.5,62656.9
1783285200000,62661.4,62708.5,62456.5,62689.5
1783286100000,62685.5,62882.5,62668.5,62869.5
1783287000000,62866.5,62986.5,62815.5,62965.5
1783287900000,62966.5,63165.5,62882.5,63027.5
1783288800000,63033.5,63169.5,62931.5,63163.5
1783289700000,63162.5,63673.5,63123.5,63655.5
1783290600000,63645.5,63868.5,63471.5,63499.5
1783291500000,63496.5,63690.5,63492.5,63669.5
1783292400000,63672.5,63911.5,63639.5,63896.5
1783293300000,63901.5,63928.5,63603.5,63614.5
1783294200000,63614.5,63672.5,63557.5,63631.5
1783295100000,63630.5,63630.5,63502.5,63576.5
1783296000000,63579.5,63658.5,63405.5,63528.5
1783296900000,63533.5,63649.5,63331.5,63342.5
1783297800000,63345.5,63582.5,63273.5,63543.5
1783298700000,63541.5,63701.5,63535.5,63680.5
1783299600000,63679.5,63794.5,63606.5,63747.5
1783300500000,63749.5,63780.5,63532.5,63670.5
1783301400000,63672.5,63862.5,63613.5,63656.5
1783302300000,63657.5,63657.5,63473.5,63497.5
1783303200000,63499.5,63608.5,63332.5,63384.5
1783304100000,63382.5,63600.5,63360.5,63448.5
1783305000000,63449.5,63566.5,63312.5,63330.5
1783305900000,63337.5,63432.5,63298.5,63385.5
1783306800000,63384.5,63432.5,63319.5,63342.5
1783307700000,63345.5,63365.5,63125.5,63158.5
1783308600000,63160.5,63257.5,63059.5,63136.5
1783309500000,63138.5,63240.5,63118.5,63236.5
1783310400000,63234.5,63330.5,63164.5,63273.5
1783311300000,63274.5,63302.5,63114.5,63166.5
1783312200000,63170.5,63334.5,63129.5,63235.5
1783313100000,63237.5,63290.5,63166.5,63204.5
1783314000000,63203.5,63209.5,63089.5,63137.5
1783314900000,63139.5,63188.5,62926.5,62947.5
1783315800000,62950.5,63095.5,62878.5,63043.5
1783316700000,63041.5,63104.5,63010.5,63049.5
1783317600000,63054.5,63094.5,62971.5,63052.5
1783318500000,63054.5,63084.5,62921.5,62961.5
1783319400000,62960.5,62994.5,62894.5,62990.5
1783320300000,62995.5,63015.5,62903.5,62911.5
1783321200000,62912.5,62919.5,62808.5,62898.5
1783322100000,62898.5,62963.5,62874.5,62890.5
1783323000000,62890.5,63048.5,62836.5,63033.5
1783323900000,63036.5,63057.5,62994.5,63021.5
1783324800000,63024.5,63181.5,62934.5,62988.5
1783325700000,62991.5,63033.5,62909.5,63008.5
1783326600000,63006.5,63008.5,62761.5,62842.5
1783327500000,62838.5,62884.5,62808.5,62837.5
1783328400000,62838.5,62853.5,62775.5,62793.5
1783329300000,62792.5,62822.5,62667.5,62690.5
1783330200000,62693.5,62707.5,62556.5,62621.5
1783331100000,62620.5,62640.5,62556.5,62599.5
1783332000000,62598.5,62789.5,62593.5,62778.5
1783332900000,62778.5,62820.5,62772.5,62819.5
1783333800000,62819.5,62981.5,62805.5,62851.5
1783334700000,62852.5,62867.5,62734.5,62758.5
1783335600000,62759.5,62824.5,62718.5,62731.5
1783336500000,62732.5,62863.5,62702.5,62810.5
1783337400000,62812.5,62935.5,62801.5,62897.5
1783338300000,62896.5,62937.5,62410.5,62429.5
1783339200000,62407.5,62422.5,61794.5,61926.5
1783340100000,61924.5,62079.5,61827.5,62017.5
1783341000000,62017.5,62116.5,61705.5,61749.5
1783341900000,61751.5,61838.5,61605.5,61695.5
1783342800000,61690.5,61747.5,61516.5,61575.5
1783343700000,61576.5,61657.5,61362.5,61388.5
1783344600000,61387.5,61609.5,61241.5,61584.5
1783345500000,61590.5,61987.5,61550.5,61707.5
1783346400000,61711.5,61944.5,61682.5,61878.5
1783347300000,61873.5,62344.5,61647.5,62026.5
1783348200000,62015.5,62157.5,61890.5,61985.5
1783349100000,61987.5,62010.5,61819.5,61990.5
1783350000000,61989.5,62528.5,61989.5,62423.5
1783350900000,62424.5,62504.5,62240.5,62398.5
1783351800000,62394.5,62887.5,62216.5,62859.5
1783352700000,62860.5,63498.5,62743.5,63489.5
1783353600000,63484.5,63815.5,63320.5,63721.5
1783354500000,63687.5,63751.5,63350.5,63410.5
1783355400000,63411.5,63754.5,63398.5,63681.5
1783356300000,63682.5,63730.5,63605.5,63685.5
1783357200000,63683.5,63893.5,63608.5,63802.5
1783358100000,63802.5,63923.5,63767.5,63833.5
1783359000000,63834.5,63900.5,63605.5,63655.5
1783359900000,63656.5,63713.5,63516.5,63533.5
1783360800000,63538.5,63712.5,63501.5,63644.5
1783361700000,63645.5,63843.5,63558.5,63705.5
1783362600000,63707.5,63804.5,63638.5,63747.5
1783363500000,63748.5,63763.5,63624.5,63642.5
1783364400000,63645.5,63702.5,63588.5,63688.5
1783365300000,63687.5,63842.5,63676.5,63785.5
1783366200000,63789.5,63811.5,63704.5,63792.5
1783367100000,63793.5,63830.5,63654.5,63688.5
1783368000000,63690.5,63716.5,63536.5,63560.5
1783368900000,63561.5,63721.5,63553.5,63711.5
1783369800000,63713.5,63843.5,63694.5,63780.5
1783370700000,63775.5,63851.5,63732.5,63787.9
1783371600000,63772.2,64636.5,63751.6,64264.5
1783372500000,64265.5,64333.5,64148.5,64172.5
1783373400000,64171.5,64273.5,64067.5,64169.5
1783374300000,64171.5,64487.5,64119.5,64437.5
1783375200000,64440.5,64451.5,64235.5,64309.5
1783376100000,64308.5,64431.5,64142.5,64170.5
1783377000000,64167.5,64182.5,64114.5,64154.5
1783377900000,64158.5,64252.5,64092.5,64199.5
1783378800000,64199.5,64292.5,64163.5,64227.5
1783379700000,64231.5,64243.5,64038.5,64049.5
1783380600000,64050.5,64139.5,64015.5,64019.5
1783381500000,64022.5,64084.5,63972.5,63997.5
1783382400000,63995.5,64060.5,63955.5,63976.5
1783383300000,63975.5,64271.5,63950.5,64187.5
1783384200000,64189.5,64213.5,63963.5,64039.5
1783385100000,64039.5,64234.5,64025.5,64142.5
1783386000000,64144.5,64150.5,63815.5,63921.5
1783386900000,63925.5,64012.5,63860.5,63900.5
1783387800000,63902.5,63930.5,63722.5,63902.5
1783388700000,63902.5,63970.5,63760.5,63789.5
1783389600000,63792.5,63860.5,63722.5,63767.5
1783390500000,63768.5,63836.5,63512.5,63518.5
1783391400000,63519.5,63554.5,63387.5,63549.5
1783392300000,63548.5,63568.5,63227.5,63279.5
1783393200000,63279.5,63372.5,63220.5,63275.5
1783394100000,63274.5,63327.5,63171.5,63240.5
1783395000000,63243.5,63305.5,63125.5,63162.5
1783395900000,63165.5,63165.5,63092.5,63134.5
1783396800000,63138.5,63216.5,63080.5,63141.5
1783397700000,63143.5,63230.5,63104.5,63205.5
1783398600000,63207.5,63225.5,63091.5,63099.5
1783399500000,63101.5,63121.5,62992.5,63050.5
1783400400000,63049.5,63068.5,62738.5,62770.5
1783401300000,62769.5,62951.5,62749.5,62886.5
1783402200000,62887.5,63138.5,62880.5,63112.5
1783403100000,63116.5,63213.5,63072.5,63072.5
1783404000000,63073.5,63177.5,62930.5,62982.5
1783404900000,62983.5,63124.5,62983.5,63105.5
1783405800000,63104.5,63239.5,63074.5,63211.5
1783406700000,63208.5,63351.5,63179.5,63277.5
1783407600000,63282.5,63393.5,63245.5,63330.5
1783408500000,63331.5,63349.5,63172.5,63189.5
1783409400000,63187.5,63229.5,63031.5,63092.5
1783410300000,63098.5,63130.5,63001.5,63029.5
1783411200000,63033.5,63142.5,62980.5,63064.5
1783412100000,63062.5,63112.5,62987.5,63036.5
1783413000000,63036.5,63055.5,62923.5,63042.5
1783413900000,63043.5,63089.5,62962.5,63042.5
1783414800000,63041.5,63192.5,62993.5,63180.5
1783415700000,63184.5,63189.5,63097.5,63102.5
1783416600000,63101.5,63243.5,63076.5,63235.5
1783417500000,63238.5,63288.5,63165.5,63182.5
1783418400000,63183.5,63381.5,63174.5,63298.5
1783419300000,63297.5,63399.5,63237.5,63244.5
1783420200000,63247.5,63250.5,63150.5,63210.5
1783421100000,63208.5,63225.5,63163.5,63214.5
1783422000000,63223.5,63223.5,63045.5,63091.5
1783422900000,63094.5,63175.5,63056.5,63105.5
1783423800000,63109.5,63210.5,63058.5,63206.5
1783424700000,63211.5,63388.5,63207.5,63339.5
1783425600000,63340.5,63808.5,63320.5,63752.5
1783426500000,63757.5,63757.5,63574.5,63638.5
1783427400000,63639.5,63645.5,63418.5,63551.5
1783428300000,63553.5,63554.5,63381.5,63419.5
1783429200000,63415.5,63421.5,63196.5,63265.5
1783430100000,63267.5,63301.5,63008.5,63046.5
1783431000000,63047.5,63182.5,62914.5,63098.5
1783431900000,63105.5,63344.5,62930.5,62974.5
1783432800000,62978.5,63200.5,62790.5,62910.5
1783433700000,62907.5,63087.5,62846.5,63087.5
1783434600000,63083.5,63187.5,62596.5,62872.5
1783435500000,62870.5,63560.5,62867.5,63491.5
1783436400000,63492.5,63560.5,63305.5,63450.5
1783437300000,63449.5,63746.5,63421.5,63686.5
1783438200000,63682.5,63924.5,63608.5,63793.5
1783439100000,63790.5,64054.5,63782.5,63873.5
1783440000000,63871.5,63994.5,63747.5,63823.5
1783440900000,63825.5,64027.5,63750.5,63938.5
1783441800000,63939.5,64046.5,63875.5,63998.5
1783442700000,63997.5,64191.5,63916.5,63929.5
1783443600000,63932.5,64085.5,63897.5,63961.5
1783444500000,63963.5,64106.5,63831.5,64087.5
1783445400000,64088.5,64180.5,64026.5,64173.5
1783446300000,64177.5,64177.5,64064.5,64139.5
1783447200000,64137.5,64141.5,63938.5,63969.5
1783448100000,63973.5,64102.5,63911.5,63935.5
1783449000000,63934.5,64045.5,63893.5,64041.5
1783449900000,64042.5,64094.5,63607.5,63638.5
1783450800000,63633.5,63738.5,63474.5,63485.5
1783451700000,63484.5,63630.5,63325.5,63551.5
1783452600000,63547.5,63769.5,63546.5,63749.5
1783453500000,63746.5,63847.5,63717.5,63772.5
1783454400000,63773.5,63862.5,63644.5,63735.5
1783455300000,63733.5,63778.5,63653.5,63689.5
1783456200000,63690.5,63705.5,63570.5,63628.5
1783457100000,63625.5,63638.5,63569.5,63618.5
1783458000000,63643.9,63830.5,63640.5,63737.5
1783458900000,63737.5,63737.5,63330.5,63466.5
1783459800000,63464.5,63490.5,63197.5,63348.5
1783460700000,63350.5,63475.5,63317.5,63379.5
1783461600000,63375.5,63432.5,63150.5,63416.5
1783462500000,63415.5,63473.5,63339.5,63417.5
1783463400000,63420.5,63616.5,63375.5,63551.5
1783464300000,63549.5,63551.5,63434.5,63496.5
1783465200000,63495.5,63624.5,63464.5,63587.5
1783466100000,63589.5,63667.5,63560.5,63598.5
1783467000000,63599.5,63615.5,63393.5,63394.5
1783467900000,63391.5,63413.5,63268.5,63323.5
1783468800000,63319.5,63474.5,63259.5,63453.5
1783469700000,63454.5,63638.5,63357.5,63562.5
1783470600000,63566.5,63709.5,63491.5,63656.5
1783471500000,63661.5,63665.5,63530.5,63568.5
1783472400000,63572.5,63603.5,63426.5,63580.5
1783473300000,63583.5,63586.5,63376.5,63377.5
1783474200000,63373.5,63400.5,62853.5,63106.5
1783475100000,63103.5,63178.5,62916.5,62984.5
1783476000000,62986.5,62986.5,62756.5,62824.5
1783476900000,62822.5,62938.5,62723.5,62838.5
1783477800000,62830.5,62927.5,62459.5,62920.5
1783478700000,62917.5,63029.5,62831.5,62928.5
1783479600000,62929.5,63049.5,62919.5,63012.5
1783480500000,63010.5,63015.5,62912.5,62994.5
1783481400000,62994.5,62994.5,62847.5,62898.5
1783482300000,62894.5,62900.5,62639.5,62712.5
1783483200000,62709.5,62802.5,62671.5,62743.5
1783484100000,62736.5,62848.5,62725.5,62825.5
1783485000000,62820.5,62851.5,62645.5,62681.5
1783485900000,62678.5,62758.5,62608.5,62735.5
1783486800000,62737.5,62820.5,62683.5,62739.5
1783487700000,62738.5,62802.5,62653.5,62714.5
1783488600000,62715.5,62734.5,62548.5,62559.5
1783489500000,62560.5,62629.5,62482.5,62583.5
1783490400000,62585.5,62592.5,62506.5,62572.5
1783491300000,62574.5,62650.5,62404.5,62568.5
1783492200000,62563.5,62581.5,62414.5,62493.5
1783493100000,62494.5,62700.5,62468.5,62601.5
1783494000000,62594.5,62705.5,62487.5,62688.5
1783494900000,62689.5,62786.5,62615.5,62753.5
1783495800000,62752.5,62833.5,62704.5,62773.5
1783496700000,62770.5,62854.5,62745.5,62830.5
1783497600000,62827.5,62895.5,62721.5,62785.5
1783498500000,62783.5,62802.5,62012.5,62021.5
1783499400000,62022.5,62114.5,61794.5,61987.5
1783500300000,61993.5,62287.5,61934.5,61957.5
1783501200000,61953.5,62059.5,61814.5,61818.5
1783502100000,61821.5,61883.5,61668.5,61872.5
1783503000000,61870.5,62111.5,61867.5,62079.5
1783503900000,62083.5,62089.5,61968.5,61998.5
1783504800000,62001.5,62039.5,61833.5,61936.5
1783505700000,61935.5,62058.5,61903.5,62048.5
1783506600000,62049.5,62109.5,61992.5,62087.5
1783507500000,62082.5,62139.5,62027.5,62118.5
1783508400000,62120.5,62135.5,61998.5,62050.5
1783509300000,62049.5,62107.5,61983.5,62056.5
1783510200000,62055.5,62322.5,62013.5,62267.5
1783511100000,62267.5,62296.5,62157.5,62239.5
1783512000000,62240.5,62371.5,62144.5,62252.5
1783512900000,62253.5,62318.5,62160.5,62213.5
1783513800000,62212.5,62243.5,62022.5,62041.5
1783514700000,62043.5,62099.5,61889.5,61891.5
1783515600000,61895.5,61934.5,61771.5,61853.5
1783516500000,61857.5,61876.5,61682.5,61764.5
1783517400000,61765.5,62032.5,61765.5,61889.5
1783518300000,61888.5,61900.5,61554.5,61876.5
1783519200000,61871.5,62088.5,61837.5,61968.5
1783520100000,61976.5,62114.5,61754.5,61927.5
1783521000000,61926.5,61971.5,61774.5,61843.5
1783521900000,61841.5,61974.5,61633.5,61824.5
1783522800000,61829.5,61858.5,61486.5,61530.5
1783523700000,61536.5,61650.5,61460.5,61550.5
1783524600000,61553.5,61727.5,61516.5,61555.5
1783525500000,61556.5,61672.5,61521.5,61635.5
1783526400000,61637.5,61824.5,61610.5,61769.5
1783527300000,61770.5,61923.5,61720.5,61854.5
1783528200000,61851.5,62027.5,61725.5,61991.5
1783529100000,61990.5,62091.5,61935.5,62044.5
1783530000000,62043.5,62089.5,61961.5,61991.5
1783530900000,61993.5,62259.5,61980.5,62250.5
1783531800000,62250.5,62351.5,62188.5,62207.5
1783532700000,62204.5,62219.5,61987.5,62055.5
1783533600000,62043.5,62247.5,62028.5,62222.5
1783534500000,62229.5,62298.5,62118.5,62125.5
1783535400000,62129.5,62129.5,61973.5,62026.5
1783536300000,62025.5,62222.5,62005.5,62113.5
1783537200000,62120.5,62205.5,62018.5,62028.5
1783538100000,62029.5,62181.5,61995.5,62170.5
1783539000000,62171.5,62233.5,62130.5,62225.5
1783539900000,62228.5,62241.5,62050.5,62224.5
1783540800000,62223.5,62263.5,62125.5,62198.5
1783541700000,62199.5,62220.5,62085.5,62213.5
1783542600000,62209.5,62219.5,62053.5,62141.5
1783543500000,62143.5,62197.5,62019.5,62045
1783544400000,62046.5,62108.5,61902.5,61940.5
1783545300000,61945.5,62060.5,61923.5,62060.5
1783546200000,62058.5,62106.5,61966.5,62031.5
1783547100000,62031.5,62197.5,62006.5,62131.5
1783548000000,62135.5,62296.5,62121.5,62155.5
1783548900000,62157.5,62250.5,62113.5,62244.5
1783549800000,62241.5,62277.5,62179.5,62262.5
1783550700000,62262.5,62287.5,62191.5,62275.5
1783551600000,62275.5,62301.5,62221.5,62270.5
1783552500000,62273.5,62274.5,62142.5,62211.5
1783553400000,62214.5,62218.5,62116.5,62203.5
1783554300000,62205.5,62278.5,62167.5,62228.5
1783555200000,62230.5,62260.5,62091.5,62188.5
1783556100000,62191.5,62208.5,62055.5,62134.5
1783557000000,62139.5,62231.5,62028.5,62145.5
1783557900000,62146.5,62196.5,61991.5,62077.5
1783558800000,62076.5,62588.5,62054.5,62351.5
1783559700000,62350.5,62500.5,62295.5,62330.5
1783560600000,62335.5,62350.5,61990.5,62050.5
1783561500000,62051.5,62060.5,61765.5,61852.5
1783562400000,61852.5,62031.5,61727.5,62019.5
1783563300000,62020.5,62067.5,61893.5,61944.5
1783564200000,61944.5,61974.5,61735.5,61738.5
1783565100000,61740.5,61790.5,61611.5,61719.5
1783566000000,61720.5,61808.5,61658.5,61796.5
1783566900000,61795.5,61879.5,61661.5,61860.5
1783567800000,61861.5,62001.5,61809.5,61916.5
1783568700000,61915.5,61945.5,61841.5,61911.5
1783569600000,61915.5,62033.5,61896.5,61959.5
1783570500000,61962.5,62047.5,61941.5,62036.5
1783571400000,62036.5,62255.5,62021.5,62252.5
1783572300000,62253.5,62396.5,62208.5,62383.5
1783573200000,62380.5,62568.5,62305.5,62441.5
1783574100000,62444.5,62472.5,62195.5,62243.5
1783575000000,62249.5,62345.5,62164.5,62308.5
1783575900000,62307.5,62533.5,62277.5,62527.5
1783576800000,62525.5,62700.5,62411.5,62467.5
1783577700000,62468.5,62802.5,62426.5,62752.5
1783578600000,62752.5,62802.5,62675.5,62792.5
1783579500000,62790.5,62909.5,62745.5,62902.5
1783580400000,62890.5,63113.5,62780.5,62883.5
1783581300000,62881.5,63034.5,62778.5,62849.5
1783582200000,62847.5,62990.5,62733.5,62979.5
1783583100000,62984.5,63206.5,62909.5,62938.5
1783584000000,62939.5,62964.5,62853.5,62898.5
1783584900000,62905.5,62994.5,62860.5,62980.5
1783585800000,62987.5,63027.5,62909.5,62977.5
1783586700000,62976.5,62984.5,62788.5,62830.5
1783587600000,62827.5,62881.5,62739.5,62811.5
1783588500000,62813.5,62878.5,62757.5,62866.5
1783589400000,62868.5,62942.5,62710.5,62740.5
1783590300000,62743.5,62916.5,62722.5,62892.5
1783591200000,62892.5,62999.5,62839.5,62935.5
1783592100000,62938.5,62959.5,62804.5,62821.5
1783593000000,62821.5,62892.5,62777.5,62834.5
1783593900000,62833.5,62837.5,62615.5,62720.5
1783594800000,62721.5,62766.5,62681.5,62735.5
1783595700000,62737.5,62737.5,62586.5,62636.5
1783596600000,62640.5,62662.5,62541.5,62586.5
1783597500000,62588.5,62751.5,62535.5,62708.5
1783598400000,62711.5,62807.5,62572.5,62702.5
1783599300000,62706.5,62798.5,62571.5,62755.5
1783600200000,62762.5,62905.5,62489.5,62542.5
1783601100000,62547.5,62610.5,62393.5,62546.5
1783602000000,62547.5,62863.5,62542.5,62814.5
1783602900000,62813.5,62818.5,62613.5,62654.5
1783603800000,62661.5,62918.5,62442.5,62918.5
1783604700000,62907.5,63178.5,62741.5,62962.5
1783605600000,62960.5,63087.5,62781.5,62859.5
1783606500000,62858.5,62858.5,62583.5,62811.5
1783607400000,62812.5,62933.5,62668.5,62845.5
1783608300000,62844.5,62984.5,62748.5,62949.5
1783609200000,62948.5,63144.5,62853.5,63036.5
1783610100000,63034.5,63209.5,62866.5,62932.5
1783611000000,62931.5,63030.5,62821.5,62917.5
1783611900000,62919.5,62990.5,62744.5,62800.5
1783612800000,62797.5,62940.5,62764.5,62796.5
1783613700000,62796.5,62823.5,62490.5,62648.5
1783614600000,62649.5,62731.5,62589.5,62667.5
1783615500000,62667.5,62679.5,62542.5,62630.5
1783616400000,62629.5,62744.5,62606.5,62638.5
1783617300000,62639.5,62791.5,62620.5,62776.5
1783618200000,62776.5,62988.5,62689.5,62971.5
1783619100000,62972.5,63106.5,62954.5,63088.5
1783620000000,63087.5,63442.5,63005.5,63325.5
1783620900000,63339.5,63368.5,63186.5,63325.5
1783621800000,63323.5,63358.5,63194.5,63253.5
1783622700000,63253.5,63297.5,63119.5,63158.5
1783623600000,63158.5,63217.5,63127.5,63151.5
1783624500000,63152.5,63223.5,63088.5,63204.5
1783625400000,63205.5,63322.5,63163.5,63297.5
1783626300000,63299.5,63311.5,63164.5,63190.5
1783627200000,63193.5,63228.5,63117.5,63145.5
1783628100000,63143.5,63270.5,63129.5,63222.5
1783629000000,63221.5,63271.5,63188.5,63255.5
1783629900000,63256.5,63271.5,63185.5,63251.4
1783630800000,63245.9,63345.5,63194.5,63258.5
1783631700000,63259.5,63289.5,63170.5,63197.5
1783632600000,63196.5,63223.5,63099.5,63157.5
1783633500000,63165.5,63228.5,63155.5,63214.5
1783634400000,63215.5,63299.5,63158.5,63192.5
1783635300000,63197.5,63332.5,63192.5,63294.5
1783636200000,63296.5,63367.5,63196.5,63306.5
1783637100000,63307.5,63346.5,63152.5,63157.5
1783638000000,63158.5,63210.5,63123.5,63127.5
1783638900000,63123.5,63275.5,63000.5,63168.5
1783639800000,63174.5,63237.5,63091.5,63230.5
1783640700000,63235.5,63273.5,63162.5,63166.5
1783641600000,63171.5,63199.5,63063.5,63174.5
1783642500000,63178.5,63206.5,63003.5,63039.5
1783643400000,63038.5,63118.5,62851.5,62986.5
1783644300000,62988.5,63055.5,62924.5,63047.5
1783645200000,63045.5,63069.5,62889.5,63058.5
1783646100000,63061.5,63343.5,63056.5,63341.5
1783647000000,63340.5,63401.5,63251.5,63323.5
1783647900000,63326.5,63884.5,63312.5,63699.5
1783648800000,63702.5,63842.5,63624.5,63822.5
1783649700000,63823.5,63902.5,63752.5,63756.5
1783650600000,63759.5,63871.5,63716.5,63813.5
1783651500000,63814.5,63991.5,63778.5,63903.5
1783652400000,63904.5,63943.5,63800.5,63883.5
1783653300000,63879.5,63889.5,63791.5,63800.5
1783654200000,63797.5,63897.5,63761.5,63887.5
1783655100000,63891.5,63991.5,63854.5,63904.5
1783656000000,63901.5,63983.5,63882.5,63924.5
1783656900000,63922.5,64000.5,63834.5,63844.5
1783657800000,63841.5,64111.5,63811.5,64053.5
1783658700000,64056.5,64136.5,63976.5,63987.5
1783659600000,63987.5,63998.5,63902.5,63935.5
1783660500000,63929.5,63974.5,63890.5,63928.5
1783661400000,63925.5,64150.5,63904.5,64120.5
1783662300000,64114.5,64133.5,64022,64071.5
1783663200000,64072.5,64113.5,63972.5,63982.5
1783664100000,63983.5,64001.5,63808.5,63848.5
1783665000000,63848.5,63896.5,63810.5,63845.5
1783665900000,63843.5,63879.5,63780.5,63811.5
1783666800000,63813.5,63880.5,63750.5,63878.5
1783667700000,63878.5,63972.5,63811.5,63925.5
1783668600000,63921.5,63925.5,63856.5,63910.5
1783669500000,63905.5,63966.5,63875.5,63937.5
1783670400000,63932.5,64001.5,63921.5,63976.5
1783671300000,63981.5,64348.5,63978.5,64288.5
1783672200000,64284.5,64327.5,64125.5,64157.5
1783673100000,64158.5,64243.5,64100.5,64193.5
1783674000000,64193.5,64213.5,64052.5,64161.5
1783674900000,64159.5,64379.5,64154.5,64371.5
1783675800000,64373.5,64428.5,64308.5,64411.5
1783676700000,64410.5,64438.5,64334.5,64336.5
1783677600000,64337.5,64362.5,64226.5,64255.5
1783678500000,64257.5,64397.5,64240.5,64381.5
1783679400000,64381.5,64449.5,64321.5,64428.5
1783680300000,64430.5,64436.5,64342.5,64342.5
1783681200000,64347.5,64427.5,64333.5,64411.5
1783682100000,64408.5,64439.5,64309.5,64381.5
1783683000000,64377.5,64377.5,64289.5,64353.5
1783683900000,64355.5,64430.5,64340.5,64374.5
1783684800000,64375.5,64568.5,64280.5,64491.5
1783685700000,64491.5,64506.5,64311.5,64439.5
1783686600000,64440.5,64474.5,64300.5,64314.5
1783687500000,64318.5,64336.5,64211.5,64237.5
1783688400000,64241.5,64295.5,64185.5,64199.5
1783689300000,64197.5,64226.5,64097.5,64105.5
1783690200000,64103.5,64395.5,64079.5,64332.5
1783691100000,64335.5,64664.5,64315.5,64438.5
1783692000000,64437.5,64476.5,64141.5,64173.5
1783692900000,64174.5,64218.5,63895.5,64088.5
1783693800000,64080.5,64282.5,63715.5,64051.5
1783694700000,64052.5,64102.5,63826.5,63858.5
1783695600000,63864.5,64021.5,63834.5,63927.5
1783696500000,63926.5,64170.5,63926.5,64095.5
1783697400000,64098.5,64120.5,63879.5,63897.5
1783698300000,63896.5,64001.5,63875.5,63997.5
1783699200000,63985.5,64036.5,63893.5,64003.5
1783700100000,63997.5,64111.5,63929.5,63959.5
1783701000000,63960.5,63991.5,63770.5,63884.5
1783701900000,63890.5,64174.5,63858.5,64091.5
1783702800000,64092.5,64116.5,63884.5,63905.5
1783703700000,63917.5,63975.5,63800.5,63927.5
1783704600000,63930.5,63933.5,63797.5,63831.5
1783705500000,63834.5,63895.5,63766.5,63777.5
1783706400000,63775.5,63957.5,63773.5,63845.5
1783707300000,63841.5,63913.5,63795.5,63872.5
1783708200000,63873.5,63899.5,63818.5,63834.5
1783709100000,63834.5,63839.5,63685.5,63750.5
1783710000000,63750.5,63857.5,63721.5,63828.5
1783710900000,63830.5,63877.5,63720.5,63810.5
1783711800000,63811.5,64000.5,63788.5,63930.5
1783712700000,63928.5,63977.5,63843.5,63877.5
1783713600000,63883.5,63890.5,63774.5,63775.5
1783714500000,63779.5,63865.5,63618.5,63680.5
1783715400000,63672.5,63868.5,63660.5,63840.5
1783716300000,63842.5,63842.5,63773.5,63773.6
1783890000000,64148.8,64192.5,64040.5,64164.5
1783890900000,64163.5,64171.5,64012.5,64066.5
1783891800000,64069.5,64069.5,63952.5,64013.5
1783892700000,64013.5,64013.5,63819.5,63878.5
1783893600000,63883.5,63883.5,63636.5,63743.5
1783894500000,63746.5,63806.5,63615.5,63793.5
1783895400000,63796.5,63835.5,63716.5,63730.5
1783896300000,63734.5,63885.5,63648.5,63839.5
1783897200000,63838.5,63875.5,63684.5,63779.5
1783898100000,63778.5,63817.5,63736.5,63786.5
1783899000000,63789.5,63831.5,63700.5,63773.5
1783899900000,63772.5,63793.5,63679.5,63742.5
1783900800000,63741.5,64259.5,63675.5,64259.5
1783901700000,64256.5,64374.5,64120.5,64141.5
1783902600000,64145.5,64170.5,63513.5,63732.5
1783903500000,63737.5,64068.5,63724.5,64023.5
1783904400000,64025.5,64029.5,63608.5,63802.5
1783905300000,63802.5,63952.5,63632.5,63674.5
1783906200000,63678.5,63732.5,63491.5,63656.5
1783907100000,63655.5,63661.5,63349.5,63368.5
1783908000000,63365.5,63404.5,63184.5,63363.5
1783908900000,63363.5,63503.5,63316.5,63419.5
1783909800000,63420.5,63460.5,63341.5,63415.5
1783910700000,63416.5,63432.5,63277.5,63323.5
1783911600000,63318.5,63345.5,62836.5,62970.5
1783912500000,62969.5,63074.5,62718.5,63014.5
1783913400000,63019.5,63027.5,62670.5,62781.5
1783914300000,62780.5,62828.5,62733.5,62762.5
1783915200000,62761.5,62822.5,62628.5,62772.5
1783916100000,62772.5,62858.5,62772.5,62823.5
1783917000000,62824.5,62832.5,62539.5,62669.5
1783917900000,62673.5,62741.5,62600.5,62624.5
1783918800000,62627.5,62871.5,62443.5,62760.5
1783919700000,62763.5,62799.5,62532.5,62591.5
1783920600000,62591.5,62780.5,62475.5,62757.5
1783921500000,62754.5,62794.5,62707.5,62746.5
1783922400000,62747.5,62825.5,62674.5,62696.5
1783923300000,62696.5,62794.5,62653.5,62790.5
1783924200000,62789.5,62825.5,62684.5,62788.5
1783925100000,62786.5,62828.5,62718.5,62738.5
1783926000000,62735.5,62835.5,62688.5,62762.5
1783926900000,62759.5,62955.5,62734.5,62916.5
1783927800000,62915.5,63012.5,62859.5,62913.5
1783928700000,62910.5,63008.5,62905.5,62936.5
1783929600000,62932.5,63008.5,62878.5,62979.5
1783930500000,62976.5,63042.5,62919.5,63018.5
1783931400000,63022.5,63067.5,62929.5,63056.5
1783932300000,63057.5,63228.5,63045.5,63138.5
1783933200000,63141.5,63147.5,63062.5,63089.5
1783934100000,63090.5,63094.5,63023.5,63055.5
1783935000000,63053.5,63058.5,63016.5,63042.5
1783935900000,63043.5,63056.5,63011.5,63034.5
1783936800000,63033.5,63048.5,62997.5,63007.5
1783937700000,63009.5,63083.5,62993.5,63021.5
1783938600000,63019.5,63062.5,62808.5,62867.5
1783939500000,62869.5,62912.5,62789.5,62798.5
1783940400000,62797.5,63065.5,62797.5,63010.5
1783941300000,63008.5,63031.5,62913.5,62956.5
1783942200000,62955.5,62960.5,62885.5,62895.5
1783943100000,62893.5,62910.5,62831.5,62849.5
1783944000000,62850.5,62919.5,62731.5,62788.5
1783944900000,62787.5,62835.5,62624.5,62683.5
1783945800000,62684.5,62736.5,62501.5,62541.5
1783946700000,62545.5,62606.5,62500.5,62557.5
1783947600000,62556.5,62605.5,62439.5,62454.5
1783948500000,62457.5,62528.5,62298.5,62458.5
1783949400000,62461.5,62704.5,62189.5,62270.5
1783950300000,62264.5,62339.5,62078.5,62246.5
1783951200000,62246.5,62350.5,62173.5,62342.5
1783952100000,62342.5,62583.5,61993.5,62485.5
1783953000000,62483.5,62607.5,62379.5,62545.5
1783953900000,62545.5,62728.5,62502.5,62716.5
1783954800000,62718.5,62803.5,62606.5,62719.5
1783955700000,62722.5,62911.5,62697.5,62747.5
1783956600000,62749.5,62784.5,62489.5,62575.5
1783957500000,62576.5,62610.5,62495.5,62542.5
1783958400000,62539.5,62564.5,62443.5,62462.5
1783959300000,62461.5,62462.5,62170.5,62271.5
1783960200000,62268.5,62318.5,62127.5,62295.5
1783961100000,62292.5,62349.5,62166.5,62197.5
1783962000000,62196.5,62295.5,62160.5,62241.5
1783962900000,62235.5,62244.5,62089.5,62104.5
1783963800000,62104.5,62153.5,61864.5,62022.5
1783964700000,62022.5,62109.5,61798.5,61825.5
1783965600000,61818.5,61987.5,61786.5,61845.5
1783966500000,61846.5,61923.5,61711.5,61860.5
1783967400000,61860.5,61930.5,61808.5,61926.5
1783968300000,61927.5,62026.5,61892.5,61937.5
1783969200000,61937.5,62014.5,61881.5,61994.5
1783970100000,61993.5,62041.5,61914.5,61945.5
1783971000000,61944.5,62100.5,61937.5,62097.5
1783971900000,62097.5,62227.5,62044.5,62201.5
1783972800000,62209.5,62262.5,62123.5,62148.5
1783973700000,62149.5,62157.5,62006.5,62142.5
1783974600000,62141.5,62199.5,62104.5,62107.5
1783975500000,62104.5,62133.5,61972.5,62124.7
1783976400000,62131.5,62148.1,61936.5,62041.5
1783977300000,62040.5,62087.5,61879.5,61958.5
1783978200000,61958.5,62013.5,61775.5,61901.5
1783979100000,61918.5,62064.5,61812.5,61993.5
1783980000000,61992.5,62154.5,61984.5,62108.5
1783980900000,62111.5,62159.5,62062.5,62091.5
1783981800000,62091.5,62117.5,61940.5,61985.5
1783982700000,61986.5,61997.5,61818.5,61840.5
1783983600000,61842.5,61996.5,61781.5,61973.5
1783984500000,61975.5,62165.5,61966.5,62087.5
1783985400000,62090.5,62139.5,62007.5,62041.5
1783986300000,62043.5,62271.5,62018.5,62258.5
1783987200000,62257.5,62398.5,62179.5,62354.5
1783988100000,62352.5,62353.5,62227.5,62302.5
1783989000000,62303.5,62384.5,62195.5,62242.5
1783989900000,62241.5,62587.5,62234.5,62478.5
1783990800000,62477.5,62501.5,62378.5,62430.5
1783991700000,62427.5,62567.5,62410.5,62447.5
1783992600000,62449.5,62502.5,62377.5,62416.5
1783993500000,62419.5,62481.5,62392.5,62461.5
1783994400000,62462.5,62546.5,62405.5,62424.5
1783995300000,62424.5,62453.5,62238.5,62299.5
1783996200000,62303.5,62532.5,62299.5,62509.5
1783997100000,62507.5,62571.5,62444.5,62475.5
1783998000000,62472.5,62537.5,62286.5,62320.5
1783998900000,62321.5,62393.5,62222.5,62393.5
1783999800000,62393.5,62476.5,62350.5,62383.5
1784000700000,62382.5,62509.5,62378.5,62494.5
1784001600000,62495.5,62588.5,62456.5,62488.5
1784002500000,62487.5,62593.5,62467.5,62577.5
1784003400000,62573.5,62702.5,62571.5,62635.5
1784004300000,62634.5,62699.5,62620.5,62668.5
1784005200000,62663.5,62791.5,62613.5,62752.5
1784006100000,62752.5,62802.5,62684.5,62767.5
1784007000000,62768.5,62804.5,62637.5,62677.5
1784007900000,62677.5,62690.5,62619.5,62654.5
1784008800000,62650.5,62661.5,62575.5,62583.5
1784009700000,62582.5,62635.5,62575.5,62616.5
1784010600000,62615.5,62701.5,62545.5,62618.5
1784011500000,62612.5,62630.5,62482.5,62546.5
1784012400000,62546.5,62583.5,62462.5,62515.5
1784013300000,62515.5,62579.5,62479.5,62558.5
1784014200000,62555.5,62575.5,62458.5,62486.5
1784015100000,62490.5,62500.5,62420.5,62464.5
1784016000000,62468.5,62496.5,62394.5,62467.5
1784016900000,62466.5,62592.5,62466.5,62566.5
1784017800000,62565.5,62721.5,62537.5,62693.5
1784018700000,62694.5,62707.5,62584.5,62627.5
1784019600000,62629.5,62664.5,62569.5,62625.5
1784020500000,62628.5,62650.5,62562.5,62587.5
1784021400000,62589.5,62601.5,62453.5,62475.5
1784022300000,62474.5,62576.5,62447.5,62547.5
1784023200000,62548.5,62665.5,62543.5,62634.5
1784024100000,62635.5,62658.5,62581.5,62591.5
1784025000000,62588.5,62734.5,62523.5,62722.5
1784025900000,62726.5,62829.5,62696.5,62721.5
1784026800000,62720.5,62730.5,62628.5,62708.5
1784027700000,62710.5,62808.5,62679.5,62783.5
1784028600000,62787.5,62848.5,62718.5,62782.5
1784029500000,62783.5,62809.5,62751.5,62765.5
1784030400000,62769.5,62797.5,62701.5,62777.5
1784031300000,62778.5,63030.5,62728.5,62875.5
1784032200000,62881.5,63605.5,62844.5,63495.5
1784033100000,63488.5,63896.5,63488.5,63879.5
1784034000000,63884.5,63909.5,63675.5,63719.5
1784034900000,63719.5,64099.5,63708.5,63898.5
1784035800000,63900.5,63913.5,63643.5,63712.5
1784036700000,63719.5,63857.5,63622.5,63768.5
1784037600000,63769.5,63823.5,63461.5,63812.5
1784038500000,63809.5,63852.5,63694.5,63838.5
1784039400000,63830.5,64025.5,63777.5,63958.5
1784040300000,63957.5,64264.5,63847.5,64213.5
1784041200000,64213.5,64339.5,64131.5,64152.5
1784042100000,64152.5,64502.5,64134.5,64430.5
1784043000000,64432.5,64887.5,64432.5,64722.5
1784043900000,64722.5,64814.5,64523.5,64693.5
1784044800000,64703.5,64856.5,64536.5,64683.5
1784045700000,64678.5,64843.5,64614.5,64774.5
1784046600000,64774.5,64849.5,64730.5,64732.5
1784047500000,64731.5,64812.5,64666.5,64688.5
1784048400000,64688.5,64689.5,64196.5,64568.5
1784049300000,64564.5,64640.5,64361.5,64485.5
1784050200000,64484.5,64501.5,64386.5,64481.5
1784051100000,64480.5,64671.5,64449.5,64585.5
1784052000000,64586.5,64596.5,64448.5,64452.5
1784052900000,64453.5,64525.5,64425.5,64482.5
1784053800000,64481.5,64608.5,64437.5,64544.5
1784054700000,64543.5,64621.5,64501.5,64533.5
1784055600000,64532.5,64606.5,64494.5,64574.5
1784056500000,64580.5,64677.5,64506.5,64517.5
1784057400000,64521.5,64521.5,64433.5,64504.5
1784058300000,64503.5,64625.5,64497.5,64529.5
1784059200000,64531.5,64554.5,64411.5,64413.5
1784060100000,64413.5,64472.5,64389.5,64408.5
1784061000000,64408.5,64445.5,64370.5,64440.5
1784061900000,64441.5,64554.5,64404.5,64536.4
1784062800000,64509.1,64584.5,64468.1,64581.5
1784063700000,64582.5,64633.5,64565.5,64621.5
1784064600000,64620.5,64849.5,64610.5,64682.5
1784065500000,64684.5,64706.5,64566.5,64633.5
1784066400000,64633.5,64637.5,64478.5,64505.5
1784067300000,64504.5,65059.5,64501.5,64893.5
1784068200000,64891.5,64984.5,64857.5,64874.5
1784069100000,64875.5,64940.5,64808.5,64812.5
1784070000000,64811.5,64996.5,64720.5,64967.5
1784070900000,64963.5,64963.5,64827.5,64870.5
1784071800000,64869.5,64969.5,64843.5,64955.5
1784072700000,64953.5,64992.5,64930.5,64988.5
1784073600000,64989.5,65019.5,64858.5,64866.5
1784074500000,64867.5,64890.5,64783.5,64835.5
1784075400000,64834.5,64841.5,64709.5,64739.5
1784076300000,64737.5,64803.5,64737.5,64774.5
1784077200000,64771.5,64792.5,64664.5,64692.5
1784078100000,64689.5,64807.5,64649.5,64789.5
1784079000000,64788.5,64800.5,64609.5,64669.5
1784079900000,64665.5,64678.5,64592.5,64627.5
1784080800000,64624.5,64711.5,64600.5,64661.5
1784081700000,64660.5,64667.5,64467.5,64468.5
1784082600000,64467.5,64514.5,64427.5,64512.5
1784083500000,64509.5,64519.5,64439.5,64444.5
1784084400000,64444.5,64615.5,64437.5,64571.5
1784085300000,64575.5,64580.5,64523.5,64557.5
1784086200000,64556.5,64717.5,64546.5,64643.5
1784087100000,64646.5,64798.5,64619.5,64734.5
1784088000000,64734.5,64833.5,64692.5,64761.5
1784088900000,64756.5,64792.5,64684.5,64696.5
1784089800000,64699.5,64776.5,64646.5,64750.5
1784090700000,64751.5,64814.5,64667.5,64692.5
1784091600000,64694.5,64764.5,64542.5,64566.5
1784092500000,64566.5,64646.5,64560.5,64590.5
1784093400000,64587.5,64707.5,64584.5,64652.5
1784094300000,64653.5,64926.5,64635.5,64890.5
1784095200000,64897.5,65012.5,64808.5,64997.5
1784096100000,64986.5,64998.5,64854.5,64933.5
1784097000000,64942.5,65233.5,64914.5,64987.5
1784097900000,64991.5,65033.5,64753.5,64756.5
1784098800000,64758.5,64832.5,64681.5,64812.5
1784099700000,64816.5,64829.5,64424.5,64483.5
1784100600000,64478.5,64602.5,64419.5,64557.5
1784101500000,64555.5,64578.5,64495.5,64506.5
1784102400000,64506.5,64631.5,64484.5,64530.5
1784103300000,64529.5,64610.5,64511.5,64589.5
1784104200000,64588.5,64697.5,64560.5,64696.5
1784105100000,64693.5,64742.5,64668.5,64724.5
1784106000000,64724.5,64808.5,64698.5,64784.5
1784106900000,64781.5,64875.5,64771.5,64783.5
1784107800000,64779.5,64784.5,64630.5,64651.5
1784108700000,64648.5,64680.5,64586.5,64612.5
1784109600000,64612.5,64798.5,64577.5,64749.5
1784110500000,64744.5,64756.5,64560.5,64578.5
1784111400000,64579.5,64639.5,64544.5,64596.5
1784112300000,64597.5,64628.5,64564.5,64599.5
1784113200000,64596.5,64710.5,64552.5,64675.5
1784114100000,64670.5,64691.5,64555.5,64585.5
1784115000000,64580.5,64665.5,64574.5,64643.5
1784115900000,64639.5,64694.5,64618.5,64669.5
1784116800000,64668.5,64678.5,64560.5,64665.5
1784117700000,64666.5,64709.5,64529.5,64632.5
1784118600000,64622.5,64884.5,64608.5,64738.5
1784119500000,64740.5,65194.5,64729.5,65099.5
1784120400000,65097.5,65396.5,65084.5,65325.5
1784121300000,65322.5,65512.5,65194.5,65258.5
1784122200000,65252.5,65469.5,65179.5,65209.5
1784123100000,65217.5,65217.5,64811.5,65056.5
1784124000000,65050.5,65350.5,64981.5,65225.5
1784124900000,65224.5,65364.5,65006.5,65274.5
1784125800000,65275.5,65456.5,65231.5,65307.5
1784126700000,65311.5,65444.5,65247.5,65324.5
1784127600000,65327.5,65439.5,65180.5,65332.5
1784128500000,65331.5,65386.5,65209.5,65333.5
1784129400000,65338.5,65495.5,65260.5,65429.5
1784130300000,65434.5,65533.5,65295.5,65366.5
1784131200000,65366.5,65412.5,65019.5,65028.5
1784132100000,65032.5,65124.5,64959.5,65097.5
1784133000000,65101.5,65114.5,64714.5,64873.5
1784133900000,64874.5,65067.5,64859.5,65062.5
1784134800000,65060.5,65108.5,64928.5,64973.5
1784135700000,64966.5,65021.5,64909.5,64981.5
1784136600000,64986.5,65066.5,64899.5,64986.5
1784137500000,64990.5,65140.5,64903.5,64995.5
1784138400000,64994.5,65092.5,64910.5,65068.5
1784139300000,65070.5,65082.5,64932.5,65007.5
1784140200000,65009.5,65068.5,64915.5,64922.5
1784141100000,64922.5,64973.5,64784.1,64813.5
1784142000000,64812.5,64908.5,64791.5,64872.5
1784142900000,64875.5,64877.5,64680.5,64793.5
1784143800000,64797.5,64948.5,64788.5,64941.5
1784144700000,64940.5,64958.5,64831.5,64923.5
1784145600000,64928.5,64948.5,64832.5,64889.5
1784146500000,64892.5,64985.5,64884.5,64963.5
1784147400000,64955.1,65012.5,64935.5,64953.5
1784148300000,64952.5,64961.5,64912.5,64928.5
1784149200000,64915.3,64971.3,64778.5,64849.5
1784150100000,64848.5,64890.5,64782.5,64824.5
1784151000000,64824.5,64843.5,64714.5,64744.5
1784151900000,64745.5,64793.5,64729.5,64784.5
1784152800000,64786.5,64842.5,64738.5,64754.5
1784153700000,64756.5,64859.5,64723.5,64857.5
1784154600000,64858.5,64911.5,64805.5,64835.5
1784155500000,64837.5,64943.5,64811.5,64818.5
1784156400000,64816.5,64908.5,64816.5,64867.5
1784157300000,64868.5,64891.5,64786.5,64801.5
1784158200000,64802.5,64825.5,64655.5,64683.5
1784159100000,64686.5,64776.5,64632.5,64699.5
1784160000000,64702.5,64805.5,64681.5,64778.5
1784160900000,64783.5,64803.5,64501.5,64508.5
1784161800000,64509.5,64557.5,64439.5,64478.5
1784162700000,64475.5,64607.5,64454.5,64537.5
1784163600000,64537.5,64616.5,64492.5,64546.5
1784164500000,64542.5,64554.5,64313.5,64516.5
1784165400000,64513.5,64687.5,64503.5,64564.5
1784166300000,64560.5,64786.5,64536.5,64684.5
1784167200000,64682.5,64689.5,64572.5,64601.5
1784168100000,64600.5,64644.5,64536.5,64618.5
1784169000000,64618.5,64638.5,64527.5,64546.5
1784169900000,64546.5,64610.5,64517.5,64585.5
1784170800000,64584.5,64670.5,64542.5,64648.5
1784171700000,64647.5,64651.5,64524.5,64625.5
1784172600000,64624.5,64688.5,64596.5,64609.5
1784173500000,64611.5,64611.5,64474.5,64564.5
1784174400000,64564.5,64615.5,64522.5,64597.5
1784175300000,64599.5,64602.5,64478.5,64597.5
1784176200000,64596.5,64642.5,64529.5,64555.5
1784177100000,64557.5,64586.5,64519.5,64576.5
1784178000000,64577.5,64722.5,64540.5,64721.5
1784178900000,64721.5,64902.5,64695.5,64872.5
1784179800000,64874.5,64945.5,64787.5,64855.5
1784180700000,64856.5,64887.5,64811.5,64860.5
1784181600000,64859.5,64923.5,64776.5,64807.5
1784182500000,64808.5,64842.5,64736.5,64761.5
1784183400000,64760.5,64774.5,64559.5,64671.5
1784184300000,64669.5,64740.5,64635.5,64721.5
1784185200000,64717.5,64726.5,64582.5,64583.5
1784186100000,64592.5,64596.5,64436.5,64445.5
1784187000000,64441.5,64459.5,64105.5,64171.5
1784187900000,64166.5,64231.5,64003.5,64175.5
1784188800000,64174.5,64198.5,63879.5,63883.5
1784189700000,63887.5,64113.5,63816.5,64095.5
1784190600000,64095.5,64313.5,64048.5,64080.5
1784191500000,64082.5,64160.5,63993.5,64060.5
1784192400000,64063.5,64125.5,64035.5,64044.5
1784193300000,64043.5,64090.5,63953.5,63975.5
1784194200000,63974.5,64065.5,63944.5,64039.5
1784195100000,64041.5,64073.5,63943.5,64026.5
1784196000000,64030.5,64127.5,64008.5,64080.5
1784196900000,64080.5,64169.5,64066.5,64163.5
1784197800000,64159.5,64210.5,64114.5,64125.5
1784198700000,64125.5,64166.5,64102.5,64157.5
1784199600000,64158.5,64171.5,64046.5,64108.5
1784200500000,64114.5,64194.5,64028.5,64111.5
1784201400000,64110.5,64207.5,64085.5,64201.5
1784202300000,64200.5,64213.5,64028.5,64196.5
1784203200000,64195.5,64195.5,64074.5,64103.5
1784204100000,64104.5,64140.5,64023.5,64140.5
1784205000000,64141.5,64163.5,63818.5,63835.5
1784205900000,63829.5,63997.5,63782.5,63906.5
1784206800000,63906.5,64053.5,63893.5,64023.5
1784207700000,64021.5,64195.5,63990.5,64186.5
1784208600000,64192.5,64427.5,64094.5,64096.5
1784209500000,64103.5,64340.5,64046.5,64324.5
1784210400000,64325.5,64652.5,64267.5,64581.5
1784211300000,64580.5,64802.5,64499.5,64709.5
1784212200000,64708.5,64782.5,64599.5,64687.5
1784213100000,64689.5,64696.5,64307.5,64486.5
1784214000000,64488.5,64530.5,64248.5,64301.5
1784214900000,64300.5,64840.5,64267.5,64764.5
1784215800000,64766.5,64778.5,64608.5,64678.5
1784216700000,64680.5,64770.5,64562.5,64645.5
1784217600000,64649.5,64664.5,64421.5,64457.5
1784218500000,64455.5,64532.5,64334.5,64488.5
1784219400000,64491.5,64610.5,64315.5,64322.5
1784220300000,64323.5,64499.5,64267.5,64429.5
1784221200000,64433.5,64440.5,64110.5,64119.5
1784222100000,64119.5,64188.5,64028.5,64164.5
1784223000000,64165.5,64242.5,64062.5,64102.5
1784223900000,64098.5,64111.5,63924.5,64025.5
1784224800000,64024.5,64174.5,63993.5,64143.5
1784225700000,64142.5,64284.5,64093.5,64167.5
1784226600000,64167.5,64184.5,64034.5,64101.5
1784227500000,64102.5,64281.5,64084.5,64186.5
1784228400000,64185.5,64260.5,64156.5,64179.5
1784229300000,64180.5,64235.5,64106.5,64208.5
1784230200000,64209.5,64242.5,64133.5,64139.5
1784231100000,64141.5,64236.5,64087.5,64220.5
1784232000000,64221.5,64231.5,64114.5,64131.5
1784232900000,64131.5,64194.5,64097.5,64127.5
1784233800000,64125.5,64158.5,64070.5,64095.5
1784234700000,64099.5,64113.5,64049.5,64079
1784235600000,64044.1,64154.5,63969.5,64122.5
1784236500000,64125.5,64162.5,64094.5,64113.5
1784237400000,64119.5,64193.5,64082.5,64146.5
1784238300000,64156.5,64164.5,64057.5,64102.5
1784239200000,64109.5,64190.5,64083.5,64138.5
1784240100000,64141.5,64141.5,63952.5,63970.5
1784241000000,63973.5,64126.5,63937.5,64020.5
1784241900000,64021.5,64033.5,63886.5,63907.5
1784242800000,63911.5,63953.5,63843.5,63875.5
1784243700000,63875.5,63875.5,63700.5,63766.5
1784244600000,63764.5,63803.5,63692.5,63781.5
1784245500000,63779.5,63854.5,63727.5,63771.5
1784246400000,63771.5,63801.5,63690.5,63733.5
1784247300000,63732.5,63854.5,63701.5,63738.5
1784248200000,63738.5,63749.5,63549.5,63734.5
1784249100000,63732.5,63838.5,63729.5,63838.5
1784250000000,63838.5,64021.5,63809.5,63935.5
1784250900000,63936.5,63970.5,63758.5,63921.5
1784251800000,63920.5,63933.5,63660.5,63660.5
1784252700000,63660.5,63671.5,63409.5,63487.5
1784253600000,63483.5,63571.5,63358.5,63550.5
1784254500000,63553.5,63593.5,63434.5,63470.5
1784255400000,63471.5,63520.5,63340.5,63399.5
1784256300000,63402.5,63440.5,63314.5,63427.5
1784257200000,63429.5,63603.5,63414.5,63560.5
1784258100000,63560.5,63664.5,63545.5,63624.5
1784259000000,63617.5,63641.5,63533.5,63563.5
1784259900000,63566.5,63578.5,63462.5,63506.5
1784260800000,63510.5,63510.5,63419.5,63438.5
1784261700000,63440.5,63473.5,63244.5,63322.5
1784262600000,63325.5,63429.5,63260.5,63416.5
1784263500000,63413.5,63524.5,63395.5,63407.5
1784264400000,63408.5,63412.5,63288.5,63376.5
1784265300000,63381.5,63385.5,63123.5,63136.5
1784266200000,63134.5,63172.5,62895.5,62917.5
1784267100000,62916.5,62926.5,62735.5,62775.5
1784268000000,62778.5,62928.5,62692.5,62760.5
1784268900000,62756.5,62887.5,62618.5,62870.5
1784269800000,62867.5,62904.5,62807.5,62825.5
1784270700000,62824.5,62889.5,62782.5,62888.5
1784271600000,62889.5,62889.5,62806.5,62847.5
1784272500000,62849.5,62880.5,62729.5,62874.5
1784273400000,62872.5,62922.5,62801.5,62870.5
1784274300000,62871.5,62900.5,62749.5,62765.5
1784275200000,62763.5,62828.5,62673.5,62823.5
1784276100000,62826.5,62831.5,62659.5,62730.5
1784277000000,62734.5,62736.5,62585.5,62718.5
1784277900000,62714.5,62871.5,62713.5,62821.5
1784278800000,62818.5,62899.5,62781.5,62893.5
1784279700000,62898.5,62902.5,62788.5,62891.5
1784280600000,62890.5,62994.5,62860.5,62994.5
1784281500000,62996.5,63003.5,62899.5,62924.5
1784282400000,62923.5,63068.5,62917.5,63025.5
1784283300000,63029.5,63059.5,62971.5,63025.5
1784284200000,63017.5,63121.5,63003.5,63111.5
1784285100000,63114.5,63128.5,63092.5,63106.5
1784286000000,63108.5,63145.5,63008.5,63016.5
1784286900000,63015.5,63068.5,62986.5,63068.5
1784287800000,63066.5,63236.5,63027.5,63234.5
1784288700000,63232.5,63298.5,63179.5,63227.5
1784289600000,63226.5,63276.5,63158.5,63184.5
1784290500000,63185.5,63228.5,63091.5,63130.5
1784291400000,63131.5,63139.5,62998.5,63044.5
1784292300000,63044.5,63094.5,62990.5,63026.5
1784293200000,63028.5,63039.5,62695.5,62741.5
1784294100000,62743.5,62891.5,62684.5,62795.5
1784295000000,62792.5,62874.5,62452.5,62487.5
1784295900000,62490.5,63113.5,62453.5,63080.5
1784296800000,63086.5,63447.5,63064.5,63322.5
1784297700000,63325.5,63429.5,63118.5,63177.5
1784298600000,63181.5,63289.5,62996.5,63202.5
1784299500000,63198.5,63231.5,63051.5,63113.5
1784300400000,63112.5,63132.5,62791.5,62855.5
1784301300000,62858.5,63213.5,62845.5,63208.5
1784302200000,63207.5,63245.5,63035.5,63148.5
1784303100000,63152.5,63407.5,63076.5,63405.5
1784304000000,63404.5,63517.5,63272.5,63415.5
1784304900000,63414.5,63492.5,63241.5,63424.5
1784305800000,63423.5,63498.5,63314.5,63490.5
1784306700000,63490.5,63667.5,63432.5,63547.5
1784307600000,63548.5,64107.5,63546.5,63918.5
1784308500000,63917.5,64079.5,63860.5,63978.5
1784309400000,63974.5,64070.5,63920.5,63992.5
1784310300000,63988.5,64183.5,63947.5,64008.5
1784311200000,64008.5,64068.5,63921.5,64043.5
1784312100000,64046.5,64046.5,63836.5,63908.5
1784313000000,63909.5,64111.5,63893.5,64105.5
1784313900000,64103.5,64350.5,64101.5,64216.5
1784314800000,64213.5,64224.5,64008.5,64035.5
1784315700000,64028.5,64054.5,63926.5,64040.5
1784316600000,64042.5,64146.5,64017.5,64142.5
1784317500000,64142.5,64176.5,64079.5,64116.5
1784318400000,64112.5,64114.5,63948.5,63952.5
1784319300000,63962.5,64033.5,63933.5,63982.5
1784320200000,63982.5,64073.5,63908.5,64073.5
1784321100000,64073.5,64158.5,63983.5,64082.5
1784494800000,64481.4,64525.5,64382.5,64491.5
1784495700000,64490.5,64499.5,64402.5,64422.5
1784496600000,64421.5,64435.5,64257.5,64281.5
1784497500000,64295.5,64382.5,64282.5,64376.5
1784498400000,64375.5,64648.5,64269.5,64626.5
1784499300000,64627.5,64859.5,64625.5,64714.5
1784500200000,64712.5,64791.5,64643.5,64768.5
1784501100000,64763.5,64763.5,64607.5,64634.5
1784502000000,64635.5,64674.5,64512.5,64658.5
1784502900000,64659.5,64672.5,64590.5,64627.5
1784503800000,64628.5,64733.5,64586.5,64713.5
1784504700000,64712.5,64742.5,64609.5,64689.5
1784505600000,64683.5,65002.5,64515.5,64972.5
1784506500000,64962.5,65046.5,64735.5,64838.5
1784507400000,64838.5,64908.5,64734.5,64776.5
1784508300000,64771.5,64771.5,64351.5,64512.5
1784509200000,64513.5,64987.5,64451.5,64761.5
1784510100000,64755.5,64908.5,64636.5,64808.5
1784511000000,64800.5,64890.5,64644.5,64726.5
1784511900000,64722.5,64747.5,64449.5,64584.5
1784512800000,64586.5,64909.5,64581.5,64791.5
1784513700000,64789.5,64804.5,64527.5,64622.5
1784514600000,64619.5,64857.5,64601.5,64794.5
1784515500000,64789.5,64925.5,64767.5,64787.5
1784516400000,64779.5,64850.5,64713.5,64797.5
1784517300000,64799.5,64848.5,64583.5,64637.5
1784518200000,64637.5,64866.5,64609.5,64865.5
1784519100000,64861.5,64876.5,64727.5,64820.5
1784520000000,64820.5,64824.5,64638.5,64661.5
1784520900000,64661.5,64746.5,64582.5,64726.5
1784521800000,64719.5,64772.5,64639.5,64686.5
1784522700000,64687.5,64691.5,64475.5,64495.5
1784523600000,64494.5,64517.5,64005.5,64200.5
1784524500000,64191.5,64345.5,64029.5,64140.5
1784525400000,64138.5,64211.5,64037.5,64155.5
1784526300000,64155.5,64165.5,64030.5,64084.5
1784527200000,64083.5,64149.5,64018.5,64147.5
1784528100000,64139.5,64173.5,64029.5,64078.5
1784529000000,64077.5,64110.5,63696.5,63768.5
1784529900000,63770.5,63889.5,63690.5,63864.5
1784530800000,63862.5,63953.5,63851.5,63905.5
1784531700000,63899.5,64086.5,63819.5,64073.5
1784532600000,64073.5,64159.5,64016.5,64155.5
1784533500000,64156.5,64251.5,64113.5,64221.5
1784534400000,64222.5,64307.5,64157.5,64239.5
1784535300000,64237.5,64301.5,64156.5,64179.5
1784536200000,64171.5,64224.5,63820.5,63870.5
1784537100000,63863.5,64058.5,63863.5,64006.5
1784538000000,63995.5,64060.5,63940.5,64042.5
1784538900000,64039.5,64144.5,64021.5,64131.5
1784539800000,64140.5,64203.5,64108.5,64178.5
1784540700000,64173.5,64223.5,64127.5,64140.5
1784541600000,64133.5,64227.5,64092.5,64222.5
1784542500000,64215.5,64355.5,64180.5,64294.5
1784543400000,64291.5,64293.5,64179.5,64269.5
1784544300000,64263.5,64294.5,64205.3,64223.5
1784545200000,64222.5,64380.5,64189.5,64306.5
1784546100000,64311.5,64334.5,64235.5,64274.5
1784547000000,64269.5,64859.5,64263.5,64755.5
1784547900000,64756.5,65010.5,64756.5,64927.5
1784548800000,64929.5,64941.5,64641.5,64694.5
1784549700000,64691.5,64742.5,64586.5,64629.5
1784550600000,64631.5,64681.5,64534.5,64542.5
1784551500000,64538.5,64680.5,64528.5,64591.5
1784552400000,64590.5,64694.5,64562.5,64628.5
1784553300000,64625.5,64662.5,64452.5,64496.5
1784554200000,64492.5,64700.5,64423.5,64579.5
1784555100000,64584.5,64698.5,64130.5,64270.5
1784556000000,64274.5,64433.5,64209.5,64259.5
1784556900000,64256.5,64418.5,63995.5,64403.5
1784557800000,64401.5,64483.5,64264.5,64349.5
1784558700000,64352.5,64513.5,64222.5,64346.5
1784559600000,64350.5,64922.5,64335.5,64909.5
1784560500000,64904.5,64955.5,64814.5,64883.5
1784561400000,64884.5,65213.5,64743.5,65193.5
1784562300000,65192.5,65583.5,65183.5,65545.5
1784563200000,65539.5,65585.5,65362.5,65499.5
1784564100000,65498.5,65513.5,65313.5,65382.5
1784565000000,65380.5,65507.5,65269.5,65323.5
1784565900000,65318.5,65459.5,65304.5,65448.5
1784566800000,65449.5,65485.5,65373.5,65427.5
1784567700000,65428.5,65454.5,65348.5,65435.5
1784568600000,65437.5,65451.5,65270.5,65301.5
1784569500000,65298.5,65585.5,65291.5,65520.5
1784570400000,65522.5,65749.5,65495.5,65686.5
1784571300000,65685.5,65720.5,65510.5,65532.5
1784572200000,65532.5,65537.5,65284.5,65294.5
1784573100000,65290.5,65301.5,65137.5,65180.5
1784574000000,65178.5,65225.5,65036.5,65039.5
1784574900000,65043.5,65146.5,65010.5,65096.5
1784575800000,65094.5,65110.5,64980.5,65063.5
1784576700000,65057.5,65137.5,65001.5,65083.5
1784577600000,65087.5,65189.5,64996.5,65183.5
1784578500000,65184.5,65289.5,65137.5,65235.5
1784579400000,65236.5,65389.5,65227.5,65275.5
1784580300000,65274.5,65344.5,65269.5,65295.8
1784581200000,65287.9,65307.5,65116.5,65269.5
1784582100000,65269.5,65311.5,65251.5,65263.5
1784583000000,65262.5,65399.5,65251.5,65308.5
1784583900000,65308.5,65336.5,65206.5,65239.5
1784584800000,65240.5,65246.5,65081.5,65153.5
1784585700000,65151.5,65212.5,65095.5,65174.5
1784586600000,65172.5,65190.5,65032.5,65083.5
1784587500000,65083.5,65112.5,65061.5,65094.5
1784588400000,65094.5,65189.5,65076.5,65112.5
1784589300000,65112.5,65221.5,65112.5,65192.5
1784590200000,65192.5,65219.5,65144.5,65178.5
1784591100000,65177.5,65237.5,65105.5,65210.5
1784592000000,65208.5,65217.5,65099.5,65141.5
1784592900000,65143.5,65387.5,65095.5,65302.5
1784593800000,65306.5,65507.5,65298.5,65438.5
1784594700000,65445.5,65551.5,65430.5,65515.5
1784595600000,65517.5,65621.5,65421.5,65507.5
1784596500000,65503.5,65514.5,65368.5,65394.5
1784597400000,65393.5,65428.5,65260.5,65281.5
1784598300000,65288.5,65291.5,65168.5,65178.5
1784599200000,65184.5,65366.5,65166.5,65233.5
1784600100000,65232.5,65266.5,65115.5,65207.5
1784601000000,65203.5,65316.5,65203.5,65292.5
1784601900000,65293.5,65460.5,65246.5,65363.5
1784602800000,65361.5,65499.5,65349.5,65439.5
1784603700000,65440.5,65488.5,65373.5,65440.5
1784604600000,65439.5,65487.5,65371.5,65465.5
1784605500000,65468.5,65548.5,65384.5,65510.5
1784606400000,65511.5,65695.5,65471.5,65546.5
1784607300000,65552.5,65628.5,65446.5,65463.5
1784608200000,65467.5,65529.5,65436.5,65482.5
1784609100000,65485.5,65504.5,65411.5,65462.5
1784610000000,65461.5,65512.5,65418.5,65483.5
1784610900000,65482.5,65609.5,65426.5,65548.5
1784611800000,65550.5,65632.5,65501.5,65591.5
1784612700000,65590.5,65841.5,65548.5,65696.5
1784613600000,65696.5,65778.5,65574.5,65668.5
1784614500000,65670.5,65803.5,65599.5,65766.5
1784615400000,65769.5,65936.5,65747.5,65907.5
1784616300000,65909.5,65921.5,65813.5,65864.5
1784617200000,65863.5,65903.5,65805.5,65879.5
1784618100000,65883.5,65962.5,65842.5,65913.5
1784619000000,65911.5,66089.5,65890.5,65990.5
1784619900000,65990.5,66207.5,65976.5,66137.5
1784620800000,66138.5,66250.5,66082.5,66242.5
1784621700000,66241.5,66316.5,66151.5,66176.5
1784622600000,66177.5,66315.5,66137.5,66275.5
1784623500000,66265.5,66298.5,66151.5,66173.5
1784624400000,66174.5,66183.5,66088.5,66165.5
1784625300000,66166.5,66204.5,66133.5,66187.5
1784626200000,66188.5,66292.5,66172.5,66246.5
1784627100000,66247.5,66306.5,66209.5,66238.5
1784628000000,66239.5,66357.5,66206.5,66310.5
1784628900000,66309.5,66364.5,66256.5,66362.5
1784629800000,66365.5,66385.5,66274.5,66306.5
1784630700000,66309.5,66325.5,66131.5,66146.5
1784631600000,66142.5,66221.5,66096.5,66189.5
1784632500000,66186.5,66223.5,66138.5,66198.5
1784633400000,66193.5,66300.5,66186.5,66290.5
1784634300000,66288.5,66318.5,66264.5,66301.5
1784635200000,66298.5,66402.5,66209.5,66350.5
1784636100000,66352.5,66450.5,66280.5,66412.5
1784637000000,66411.5,66597.5,66370.5,66473.5
1784637900000,66474.5,66543.5,66443.5,66507.5
1784638800000,66506.5,66582.5,66460.5,66574.5
1784639700000,66575.5,66618.5,66357.5,66387.5
1784640600000,66390.5,66510.5,66250.5,66311.5
1784641500000,66310.5,66764.5,66273.5,66735.5
1784642400000,66733.5,66920.5,66675.5,66899.5
1784643300000,66903.5,66903.5,66594.5,66699.5
1784644200000,66696.5,66851.5,66612.5,66813.5
1784645100000,66812.5,66893.5,66762.5,66796.5
1784646000000,66804.5,66804.5,66609.5,66654.5
1784646900000,66636.5,66711.5,66583.5,66587.5
1784647800000,66584.5,66683.5,66493.5,66588.5
1784648700000,66590.5,66681.5,66548.5,66631.5
1784649600000,66637.5,66729.5,66545.5,66581.5
1784650500000,66580.5,66585.5,66487.5,66499.5
1784651400000,66498.5,66619.5,66450.5,66524.5
1784652300000,66521.5,66578.5,66425.5,66502.5
1784653200000,66496.5,66536.5,66391.5,66430.5
1784654100000,66431.5,66464.5,66349.5,66411.5
1784655000000,66414.5,66471.5,66347.5,66457.5
1784655900000,66458.5,66465.5,65949.5,66166.5
1784656800000,66168.5,66293.5,66058.5,66247.5
1784657700000,66245.5,66274.5,66139.5,66198.5
1784658600000,66197.5,66268.5,66055.5,66238.5
1784659500000,66237.5,66326.5,66213.5,66273.5
1784660400000,66272.5,66337.5,66213.5,66254.5
1784661300000,66255.5,66388.5,66235.5,66357.5
1784662200000,66358.5,66467.5,66341.5,66420.5
1784663100000,66413.5,66468.5,66379.5,66419.5
1784664000000,66415.5,66462.5,66287.5,66384.5
1784664900000,66383.5,66383.5,66317.5,66357.5
1784665800000,66356.5,66460.5,66349.5,66408.5
1784666700000,66409.5,66426.5,66359.5,66367.9
1784667600000,66358.3,66373.5,66229.5,66357.5
1784668500000,66356.5,66358.5,66267.5,66283.5
1784669400000,66284.5,66313.5,66237.5,66288.5
1784670300000,66286.5,66350.5,66281.5,66338.5
1784671200000,66338.5,66348.5,66252.5,66266.5
1784672100000,66266.5,66283.5,66156.5,66241.5
1784673000000,66243.5,66311.5,66214.5,66266.5
1784673900000,66266.5,66281.5,66182.5,66258.5
1784674800000,66259.5,66265.5,66175.5,66234.5
1784675700000,66234.5,66363.5,66232.5,66356.5
1784676600000,66353.5,66421.5,66325.5,66387.5
1784677500000,66389.5,66535.5,66371.5,66520.5
1784678400000,66518.5,66651.5,66484.5,66637.5
1784679300000,66639.5,66691.5,66539.5,66626.5
1784680200000,66629.5,66693.5,66584.5,66666.5
1784681100000,66669.5,66686.5,66541.5,66568.5
1784682000000,66557.5,66608.5,66415.5,66437.5
1784682900000,66442.5,66448.5,66255.5,66295.5
1784683800000,66296.5,66370.5,66231.5,66325.5
1784684700000,66323.5,66455.5,66310.5,66389.5
1784685600000,66388.5,66450.5,66313.5,66417.5
1784686500000,66418.5,66486.5,66349.5,66356.5
1784687400000,66355.5,66356.5,66240.5,66320.5
1784688300000,66321.5,66341.5,66243.5,66265.5
1784689200000,66266.5,66325.5,66119.5,66146.5
1784690100000,66146.5,66270.5,66132.5,66226.5
1784691000000,66230.5,66281.5,66147.5,66223.5
1784691900000,66225.5,66318.5,66131.5,66166.5
1784692800000,66166.5,66310.5,66144.5,66284.5
1784693700000,66283.5,66363.5,66277.5,66319.5
1784694600000,66320.5,66385.5,66269.5,66366.5
1784695500000,66368.5,66371.5,66288.5,66331.5
1784696400000,66332.5,66337.5,66194.5,66231.5
1784697300000,66227.5,66230.5,65982.5,66019.5
1784698200000,66016.5,66087.5,65916.5,65923.5
1784699100000,65923.5,65983.5,65887.5,65926.5
1784700000000,65926.5,65973.5,65826.5,65934.5
1784700900000,65933.5,65936.5,65775.5,65803.5
1784701800000,65807.5,65955.5,65776.5,65894.5
1784702700000,65893.5,65914.5,65833.5,65888.5
1784703600000,65888.5,65924.5,65833.5,65865.5
1784704500000,65864.5,65895.5,65790.5,65854.5
1784705400000,65858.5,65875.5,65641.5,65730.5
1784706300000,65731.5,65820.5,65723.5,65791.5
1784707200000,65794.5,66019.5,65788.5,65979.5
1784708100000,65980.5,66109.5,65947.5,65967.5
1784709000000,65970.5,66025.5,65869.5,65879.5
1784709900000,65886.5,65947.5,65884.5,65926.5
1784710800000,65925.5,66019.5,65901.5,65958.5
1784711700000,65956.5,66033.5,65929.5,65971.5
1784712600000,65970.5,65977.5,65791.5,65838.5
1784713500000,65839.5,65904.5,65787.5,65876.5
1784714400000,65874.5,65910.5,65835.5,65877.5
1784715300000,65872.5,65942.5,65857.5,65927.5
1784716200000,65926.5,65968.5,65899.5,65942.5
1784717100000,65944.5,66072.5,65944.5,65996.5
1784718000000,66000.5,66042.5,65959.5,65961.5
1784718900000,65960.5,66045.5,65920.5,66001.5
1784719800000,66002.5,66024.5,65855.5,65868.5
1784720700000,65872.5,66011.5,65857.5,65971.5
1784721600000,65969.5,65981.5,65813.5,65853.5
1784722500000,65854.5,65881.5,65784.5,65824.5
1784723400000,65826.5,65861.5,65709.5,65722.5
1784724300000,65719.5,65769.5,65480.5,65580.5
1784725200000,65582.5,65634.5,65532.5,65596.5
1784726100000,65595.5,65602.5,65501.5,65558.5
1784727000000,65554.5,65869.5,65544.5,65833.5
1784727900000,65835.5,65931.5,65758.5,65905.5
1784728800000,65900.5,66158.5,65841.5,65857.5
1784729700000,65855.5,65858.5,65536.5,65573.5
1784730600000,65574.5,65829.5,65530.5,65618.5
1784731500000,65617.5,65764.5,65589.5,65755.5
1784732400000,65755.5,65932.5,65750.5,65890.5
1784733300000,65888.5,66088.5,65838.5,66048.5
1784734200000,66047.5,66084.5,65904.5,65975.5
1784735100000,65974.5,66032.5,65900.5,65999.5
1784736000000,66000.5,66115.5,65947.5,66078.5
1784736900000,66079.5,66082.5,65867.5,65983.5
1784737800000,65986.5,66353.5,65962.5,66260.5
1784738700000,66261.5,66272.5,66111.5,66199.5
1784739600000,66199.5,66255.5,66119.5,66124.5
1784740500000,66122.5,66132.5,65903.5,65956.5
1784741400000,65954.5,66150.5,65942.5,66143.5
1784742300000,66141.5,66202.5,65973.5,65985.5
1784743200000,65983.5,66055.5,65937.5,65953.5
1784744100000,65955.5,66022.5,65801.5,65852.5
1784745000000,65851.5,65851.5,65697.5,65739.5
1784745900000,65739.5,65891.5,65725.5,65845.5
1784746800000,65847.5,65882.5,65650.5,65722.5
1784747700000,65723.5,65885.5,65709.5,65849.5
1784748600000,65848.5,65906.5,65822.5,65822.5
1784749500000,65820.5,65924.5,65795.5,65886.5
1784750400000,65890.5,65921.5,65750.5,65889.5
1784751300000,65891.5,65943.5,65844.5,65889.5
1784752200000,65885.7,65915.5,65856.5,65903.5
1784753100000,65901.5,65906.5,65849.5,65867.9
1784754000000,65879.20000000001,65946.5,65862.6,65892.5
1784754900000,65887.5,65911.5,65842.5,65874.5
1784755800000,65868.5,66090.5,65862.5,66082.5
1784756700000,66082.5,66095.5,65980.5,66027.5
1784757600000,66026.5,66038.5,65918.5,65970.5
1784758500000,65970.5,65998.5,65884.5,65983.5
1784759400000,65983.5,65987.5,65889.5,65921.5
1784760300000,65923.5,66023.5,65906.5,66005.5
1784761200000,66005.5,66055.5,65812.5,65857.5
1784762100000,65852.5,65975.5,65806.5,65940.5
1784763000000,65938.5,65966.5,65912.5,65960.5
1784763900000,65956.5,66120.5,65940.5,66081.5
1784764800000,66087.5,66228.5,66032.5,66159.5
1784765700000,66160.5,66279.5,66111.5,66209.5
1784766600000,66200.5,66238.5,66099.5,66102.5
1784767500000,66101.5,66165.5,66008.5,66011.5
1784768400000,66012.5,66177.5,65980.5,66012.5
1784769300000,66014.5,66014.5,65853.5,65892.5
1784770200000,65891.5,65916.5,65698.5,65742.5
1784771100000,65745.5,65845.5,65735.5,65788.5
1784772000000,65787.5,65816.5,65690.5,65690.5
1784772900000,65687.5,65736.5,65603.5,65706.5
1784773800000,65708.5,65797.5,65682.5,65747.5
1784774700000,65748.5,65806.5,65709.5,65770.5
1784775600000,65771.5,65786.5,65538.5,65596.5
1784776500000,65596.5,65650.5,65536.5,65601.5
1784777400000,65602.5,65670.5,65580.5,65646.5
1784778300000,65646.5,65656.5,65599.5,65611.5
1784779200000,65615.5,65636.5,65534.5,65633.5
1784780100000,65637.5,65703.5,65592.5,65654.5
1784781000000,65655.5,65661.5,65575.5,65591.5
1784781900000,65594.5,65639.5,65549.5,65578.5
1784782800000,65582.5,65612.5,65525.5,65604.5
1784783700000,65604.5,65691.5,65556.5,65690.5
1784784600000,65694.5,65763.5,65664.5,65696.5
1784785500000,65696.5,65732.5,65596.5,65655.5
1784786400000,65653.5,65688.5,65581.5,65636.5
1784787300000,65636.5,65722.5,65581.5,65715.5
1784788200000,65716.5,65765.5,65672.5,65741.5
1784789100000,65744.5,65788.5,65730.5,65754.5
1784790000000,65758.5,65758.5,65309.5,65416.5
1784790900000,65416.5,65448.5,65354.5,65397.5
1784791800000,65397.5,65421.5,65343.5,65354.5
1784792700000,65355.5,65418.5,65322.5,65399.5
1784793600000,65402.5,65526.5,65368.5,65487.5
1784794500000,65487.5,65567.5,65454.5,65552.5
1784795400000,65545.5,65624.5,65542.5,65590.5
1784796300000,65589.5,65628.5,65546.5,65599.5
1784797200000,65589.5,65704.5,65555.5,65630.5
1784798100000,65630.5,65719.5,65623.5,65669.5
1784799000000,65670.5,65698.5,65634.5,65680.5
1784799900000,65680.5,65694.5,65569.5,65589.5
1784800800000,65590.5,65684.5,65530.5,65682.5
1784801700000,65682.5,65736.5,65632.5,65732.5
1784802600000,65732.5,65761.5,65703.5,65755.5
1784803500000,65754.5,65762.5,65690.5,65711.5
1784804400000,65712.5,65716.5,65613.5,65671.5
1784805300000,65670.5,65688.5,65581.5,65589.5
1784806200000,65588.5,65604.5,65500.5,65517.5
1784807100000,65518.5,65599.5,65489.5,65514.5
1784808000000,65513.5,65546.5,65408.5,65463.5
1784808900000,65464.5,65479.5,65340.5,65381.5
1784809800000,65374.5,65384.5,65032.5,65054.5
1784810700000,65055.5,65221.5,64897.5,65113.5
1784811600000,65116.5,65184.5,64949.5,64993.5
1784812500000,64992.5,65056.5,64897.5,64968.5
1784813400000,64973.5,65157.5,64897.5,65029.5
1784814300000,65027.5,65083.5,64799.5,64830.5
1784815200000,64833.5,65045.5,64760.5,65003.5
1784816100000,65004.5,65172.5,64954.5,65086.5
1784817000000,65084.5,65163.5,64950.5,64969.5
1784817900000,64968.5,64974.5,64794.5,64843.5
1784818800000,64842.5,64869.5,64660.5,64715.5
1784819700000,64713.5,64905.5,64705.5,64810.5
1784820600000,64810.5,64934.5,64753.5,64840.5
1784821500000,64843.5,64972.5,64796.5,64904.5
1784822400000,64904.5,64908.5,64726.5,64803.5
1784823300000,64805.5,64820.5,64673.5,64751.5
1784824200000,64757.5,64757.5,64626.5,64673.5
1784825100000,64674.5,64766.5,64653.5,64682.5
1784826000000,64681.5,64751.5,64653.5,64706.5
1784826900000,64707.5,64808.5,64667.5,64783.5
1784827800000,64782.5,64828.5,64721.5,64764.5
1784828700000,64763.5,64803.5,64564.5,64604.5
1784829600000,64603.5,64706.5,64592.5,64662.5
1784830500000,64664.5,64755.5,64626.5,64744.5
1784831400000,64742.5,64816.5,64707.5,64750.5
1784832300000,64749.5,64888.5,64749.5,64805.5
1784833200000,64807.5,64874.5,64677.5,64740.5
1784834100000,64737.5,64828.5,64710.5,64822.5
1784835000000,64825.5,64858.5,64653.5,64682.5
1784835900000,64685.5,64808.5,64619.5,64776.5
1784836800000,64782.5,65000.5,64747.5,64985.5
1784837700000,64988.5,65140.5,64977.5,65111.5
1784838600000,65115.5,65122.5,65043.5,65067.5
1784839500000,65070.5,65112.5,65042.5,65083.5
1784840400000,65081,65140.9,64944.5,64986.5
1784841300000,64991.5,65087.5,64939.5,65056.5
1784842200000,65057.5,65057.5,64988.5,65041.5
1784843100000,65041.5,65123.5,65022.5,65119.5
1784844000000,65119.5,65163.5,65016.5,65036.5
1784844900000,65041.5,65156.5,64948.5,65095.5
1784845800000,65095.5,65177.5,65091.5,65155.5
1784846700000,65157.5,65160.5,65078.5,65142.5
1784847600000,65144.5,65171.5,65086.5,65140.5
1784848500000,65137.5,65172.5,65084.5,65123.5
1784849400000,65127.5,65159.5,65084.5,65125.5
1784850300000,65124.5,65139.5,64986.5,65044.5
1784851200000,65055.5,65058.5,64823.5,64868.5
1784852100000,64872.5,64942.5,64816.5,64825.5
1784853000000,64827.5,64862.5,64699.5,64795.5
1784853900000,64797.5,64927.5,64792.5,64922.5
1784854800000,64921.5,65082.5,64885.5,64983.5
1784855700000,64982.5,65066.5,64928.5,64963.5
1784856600000,64972.5,65121.5,64960.5,65039.5
1784857500000,65039.5,65082.5,64995.5,65025.5
1784858400000,65028.5,65137.5,64993.5,65104.5
1784859300000,65107.5,65118.5,65013.5,65088.5
1784860200000,65088.5,65090.5,64851.5,64992.5
1784861100000,64992.5,65062.5,64874.5,65060.5
1784862000000,65059.5,65264.5,65013.5,65260.5
1784862900000,65261.5,65348.5,65244.5,65273.5
1784863800000,65274.5,65362.5,65219.5,65351.5
1784864700000,65348.5,65408.5,65321.5,65403.5
1784865600000,65402.5,65420.5,65314.5,65330.5
1784866500000,65330.5,65374.5,65266.5,65341.5
1784867400000,65340.5,65353.5,65222.5,65262.5
1784868300000,65270.5,65295.5,65192.5,65247.5
1784869200000,65241.5,65330.5,65165.5,65290.5
1784870100000,65289.5,65309.5,65245.5,65269.5
1784871000000,65268.5,65269.5,65189.5,65243.5
1784871900000,65244.5,65273.5,65208.5,65244.5
1784872800000,65244.5,65323.5,65202.5,65318.5
1784873700000,65321.5,65436.5,65290.5,65390.5
1784874600000,65392.5,65458.5,65320.5,65391.5
1784875500000,65392.5,65424.5,65354.5,65417.5
1784876400000,65418.5,65726.5,65412.5,65712.5
1784877300000,65715.5,65756.5,65562.5,65589.5
1784878200000,65593.5,65642.5,65304.5,65317.5
1784879100000,65319.5,65453.5,65304.5,65448.5
1784880000000,65451.5,65460.5,65367.5,65389.5
1784880900000,65388.5,65432.5,65246.5,65338.5
1784881800000,65340.5,65403.5,65323.5,65383.5
1784882700000,65384.5,65393.5,65243.5,65246.5
1784883600000,65244.5,65268.5,64981.5,64984.5
1784884500000,64983.5,65018.5,64878.5,64906.5
1784885400000,64908.5,65047.5,64906.5,65018.5
1784886300000,65020.5,65085.5,65016.5,65061.5
1784887200000,65062.5,65104.5,64937.5,64944.5
1784888100000,64943.5,64977.5,64906.5,64959.5
1784889000000,64959.5,65006.5,64935.5,64961.5
1784889900000,64963.5,64990.5,64841.5,64897.5
1784890800000,64896.5,64972.5,64856.5,64940.5
1784891700000,64936.5,65011.5,64935.5,64975.5
1784892600000,64977.5,65007.5,64881.5,64887.5
1784893500000,64889.5,65046.5,64791.5,65014.5
1784894400000,65018.5,65043.5,64919.5,65006.5
1784895300000,65007.5,65083.5,64955.5,64973.5
1784896200000,64974.5,65005.5,64855.5,64865.5
1784897100000,64863.5,64898.5,64686.5,64710.5
1784898000000,64711.5,64745.5,64269.5,64300.5
1784898900000,64302.5,64485.5,64274.5,64316.5
1784899800000,64318.5,64354.5,64148.5,64349.5
1784900700000,64344.5,64379.5,63837.5,64089.5
1784901600000,64091.5,64140.5,63889.5,63896.5
1784902500000,63897.5,63922.5,63652.5,63778.5
1784903400000,63775.5,63806.5,63707.5,63745.5
1784904300000,63749.5,63985.5,63649.5,63980.5
1784905200000,63983.5,64072.5,63767.5,64063.5
1784906100000,64065.5,64117.5,63872.5,64053.5
1784907000000,64054.5,64260.5,63943.5,64084.5
1784907900000,64079.5,64142.5,63939.5,64016.5
1784908800000,64019.5,64132.5,63942.5,64067.5
1784909700000,64068.5,64099.5,64005.5,64012.5
1784910600000,64013.5,64013.5,63856.5,63872.5
1784911500000,63854.5,63938.5,63795.5,63880.5
1784912400000,63881.5,63938.5,63830.5,63885.5
1784913300000,63884.5,64076.5,63869.5,64028.5
1784914200000,64024.5,64129.5,64013.5,64098.5
1784915100000,64096.5,64133.5,64055.5,64105.5
1784916000000,64106.5,64138.5,64077.5,64131.5
1784916900000,64132.5,64143.5,64055.5,64076.5
1784917800000,64075.5,64120.5,64049.5,64101.5
1784918700000,64100.5,64226.5,64091.5,64201.5
1784919600000,64201.5,64228.5,64066.5,64076.5
1784920500000,64075.5,64151.5,64072.5,64128.5
1784921400000,64130.5,64209.5,64121.5,64191.5
1784922300000,64190.5,64203.5,64101.5,64152.5
1784923200000,64154.5,64212.5,64112.5,64139.5
1784924100000,64141.5,64195.5,64123.5,64165.5
1784925000000,64165.5,64165.5,64046.5,64105.5
1784925900000,64104.5,64124.5,64056.5,64101.2
1785099600000,64595.4,64656.5,64517.5,64627.5
1785100500000,64626.5,64799.5,64617.5,64750.5
1785101400000,64751.5,64783.5,64722.5,64728.5
1785102300000,64728.5,64854.5,64728.5,64792.5
1785103200000,64795.5,65183.5,64790.5,65143.5
1785104100000,65142.5,65195.5,65083.5,65152.5
1785105000000,65156.5,65446.5,65125.5,65402.5
1785105900000,65402.5,65427.5,65302.5,65341.5
1785106800000,65340.5,65507.5,65307.5,65336.5
1785107700000,65333.5,65426.5,65238.5,65267.5
1785108600000,65266.5,65349.5,65203.5,65339.5
1785109500000,65336.5,65398.5,65279.5,65334.5
1785110400000,65328.5,65359.5,65104.5,65159.5
1785111300000,65157.5,65198.5,65038.5,65117.5
1785112200000,65117.5,65163.5,65032.5,65088.5
1785113100000,65089.5,65129.5,64987.5,65065.5
1785114000000,65062.5,65141.5,64971.5,64989.5
1785114900000,64988.5,65016.5,64921.5,64949.5
1785115800000,64950.5,65057.5,64822.5,65026.5
1785116700000,65021.5,65154.5,65008.5,65135.5
1785117600000,65138.5,65155.5,65078.5,65127.5
1785118500000,65127.5,65183.5,65068.5,65116.5
1785119400000,65113.5,65219.5,65045.5,65176.5
1785120300000,65174.5,65203.5,65063.5,65113.5
1785121200000,65111.5,65241.5,65100.5,65213.5
1785122100000,65215.5,65283.5,65197.5,65254.5
1785123000000,65252.5,65291.5,65187.5,65281.5
1785123900000,65278.5,65306.5,65197.5,65219.5
1785124800000,65220.5,65318.5,65172.5,65264.5
1785125700000,65263.5,65449.5,65230.5,65261.5
1785126600000,65257.5,65382.5,65187.5,65327.5
1785127500000,65327.5,65330.5,65212.5,65222.5
1785128400000,65221.5,65334.5,65212.5,65298.5
1785129300000,65298.5,65369.5,65267.5,65346.5
1785130200000,65347.5,65362.5,65291.5,65322.5
1785131100000,65321.5,65440.5,65280.5,65404.5
1785132000000,65401.5,65683.5,65382.5,65527.5
1785132900000,65530.5,65582.5,65391.5,65424.5
1785133800000,65423.5,65517.5,65401.5,65457.5
1785134700000,65458.5,65469.5,65338.5,65343.5
1785135600000,65343.5,65388.5,65284.5,65367.5
1785136500000,65365.5,65389.5,65324.5,65345.5
1785137400000,65343.5,65347.5,65154.5,65227.5
1785138300000,65223.5,65270.5,65155.5,65159.5
1785139200000,65160.5,65187.5,65094.5,65121.5
1785140100000,65121.5,65199.5,65062.5,65174.5
1785141000000,65172.5,65182.5,65089.5,65101.5
1785141900000,65102.5,65153.5,65050.5,65100.5
1785142800000,65097.5,65097.5,65027.5,65051.5
1785143700000,65053.5,65170.5,65043.5,65157.5
1785144600000,65153.5,65283.5,65131.5,65238.5
1785145500000,65238.5,65246.5,65189.5,65193.5
1785146400000,65193.5,65217.5,65161.5,65187.5
1785147300000,65191.5,65328.5,65177.5,65288.5
1785148200000,65301.5,65357.5,65270.5,65338.5
1785149100000,65337.5,65373.5,65260.5,65274.5
1785150000000,65275.5,65278.5,65180.5,65185.5
1785150900000,65187.5,65201.5,65032.5,65050.5
1785151800000,65059.5,65153.5,65041.5,65093.5
1785152700000,65093.5,65093.5,65018.5,65042.5
1785153600000,65042.5,65194.5,64996.5,65026.5
1785154500000,65027.5,65088.5,64938.5,64940.5
1785155400000,64940.5,64994.5,64753.5,64986.5
1785156300000,64985.5,65071.5,64946.5,65018.5
1785157200000,65024.5,65060.5,64886.5,64903.5
1785158100000,64905.5,64989.5,64834.5,64876.5
1785159000000,64882.5,65627.5,64864.5,65589.5
1785159900000,65586.5,65657.5,65108.5,65141.5
1785160800000,65148.5,65374.5,65056.5,65291.5
1785161700000,65292.5,65332.5,64800.5,64806.5
1785162600000,64808.5,64822.5,64371.5,64398.5
1785163500000,64395.5,64641.5,64391.5,64615.5
1785164400000,64616.5,64709.5,64495.5,64654.5
1785165300000,64654.5,64705.5,64468.5,64577.5
1785166200000,64580.5,64628.5,64339.5,64507.5
1785167100000,64506.5,64572.5,64450.5,64468.5
1785168000000,64464.5,64616.5,64446.5,64543.5
1785168900000,64540.5,64720.5,64420.5,64654.5
1785169800000,64653.5,64893.5,64650.5,64844.5
1785170700000,64848.5,64869.5,64725.5,64825.5
1785171600000,64826.5,64875.5,64704.5,64814.5
1785172500000,64809.5,64990.5,64795.5,64929.5
1785173400000,64930.5,65021.5,64916.5,64932.5
1785174300000,64931.5,64959.5,64872.5,64944.5
1785175200000,64947.5,64988.5,64882.5,64884.5
1785176100000,64883.5,64883.5,64760.5,64841.5
1785177000000,64844.5,64863.5,64664.5,64764.5
1785177900000,64765.5,64804.5,64671.5,64803.5
1785178800000,64801.5,64949.5,64725.5,64898.5
1785179700000,64897.5,64956.5,64837.5,64919.5
1785180600000,64920.5,65010.5,64880.5,64902.5
1785181500000,64900.5,64911.5,64832.5,64905.5
1785182400000,64903.5,64991.5,64861.5,64885.5
1785183300000,64886.5,64946.5,64837.5,64945.5
1785184200000,64937.9,64964.5,64865.5,64876.5
1785185100000,64864.5,64898.5,64829.5,64884.5
1785186000000,64891.5,64891.5,64777.5,64838.5
1785186900000,64835.5,64844.5,64739.5,64757.5
1785187800000,64752.5,64815.5,64714.5,64751.5
1785188700000,64750.5,64795.5,64716.5,64752.5
1785189600000,64753.5,64753.5,64567.5,64656.5
1785190500000,64657.5,64686.5,64499.5,64531.5
1785191400000,64528.5,64533.5,64067.5,64151.5
1785192300000,64150.5,64161.5,63722.5,63729.5
1785193200000,63730.5,63795.5,63528.5,63725.5
1785194100000,63722.5,63879.5,63656.5,63817.5
1785195000000,63816.5,63865.5,63556.5,63624.5
1785195900000,63627.5,63731.5,63578.5,63691.5
1785196800000,63689.5,63735.5,63409.5,63613.5
1785197700000,63615.5,63761.5,63512.5,63640.5
1785198600000,63639.5,63650.5,63494.5,63544.5
1785199500000,63543.5,63560.5,63397.5,63417.5
1785200400000,63420.5,63462.5,62987.5,63131.5
1785201300000,63132.5,63294.5,63064.5,63240.5
1785202200000,63238.5,63329.5,63102.5,63131.5
1785203100000,63129.5,63252.5,63104.5,63161.5
1785204000000,63162.5,63220.5,63076.5,63198.5
1785204900000,63199.5,63242.5,63125.5,63167.5
1785205800000,63165.5,63184.5,63036.5,63061.5
1785206700000,63063.5,63135.5,63026.5,63107.5
1785207600000,63106.5,63228.5,63079.5,63196.5
1785208500000,63201.5,63279.5,63166.5,63222.5
1785209400000,63221.5,63307.5,63155.5,63281.5
1785210300000,63284.5,63296.5,63202.5,63267.5
1785211200000,63264.5,63285.5,63199.5,63259.5
1785212100000,63260.5,63293.5,63204.5,63210.5
1785213000000,63209.5,63216.5,63139.5,63210.5
1785213900000,63214.5,63286.5,63200.5,63277.5
1785214800000,63280.5,63422.5,63247.5,63370.5
1785215700000,63374.5,63549.5,63363.5,63467.5
1785216600000,63471.5,63484.5,63348.5,63481.5
1785217500000,63482.5,63498.5,63379.5,63381.5
1785218400000,63380.5,63397.5,63321.5,63349.5
1785219300000,63351.5,63460.5,63351.5,63444.5
1785220200000,63451.5,63513.5,63422.5,63498.5
1785221100000,63501.5,63589.5,63460.5,63557.5
1785222000000,63555.5,63574.5,63461.5,63504.5
1785222900000,63503.5,63523.5,63437.5,63491.5
1785223800000,63490.5,63505.5,63404.5,63413.5
1785224700000,63416.5,63452.5,63373.5,63432.5
1785225600000,63429.5,63469.5,63351.5,63359.5
1785226500000,63355.5,63421.5,63351.5,63401.5
1785227400000,63400.5,63440.5,63328.5,63421.5
1785228300000,63421.5,63435.5,63319.5,63352.5
1785229200000,63353.5,63397.5,63309.5,63354.5
1785230100000,63353.5,63423.5,63331.5,63412.5
1785231000000,63411.5,63506.5,63396.5,63445.5
1785231900000,63446.5,63483.5,63283.5,63320.5
1785232800000,63319.5,63338.5,63234.5,63268.5
1785233700000,63271.5,63356.5,63213.5,63305.5
1785234600000,63309.5,63454.5,63286.5,63449.5
1785235500000,63450.5,63487.5,63394.5,63395.5
1785236400000,63395.5,63439.5,63278.5,63281.5
1785237300000,63283.5,63525.5,63266.5,63372.5
1785238200000,63372.5,63518.5,63276.5,63336
1785239100000,63324.5,63444.5,63322.5,63383.5
1785240000000,63385.5,63467.5,63347.5,63367.5
1785240900000,63366.5,63440.5,63331.5,63346.5
1785241800000,63350.5,63407.5,63279.5,63397.5
1785242700000,63393.5,63495.5,63348.5,63462.5
1785243600000,63461.5,63525.5,63397.5,63431.5
1785244500000,63436.5,63440.5,63220.5,63234.5
1785245400000,63231.5,63313.5,62776.5,62909.5
1785246300000,62910.5,63044.5,62630.5,63021.5
1785247200000,63023.5,63225.5,63016.5,63067.5
1785248100000,63068.5,63158.5,62872.5,63100.5
1785249000000,63101.5,63339.5,63061.5,63271.5
1785249900000,63269.5,63462.5,63229.5,63322.5
1785250800000,63323.5,63423.5,63169.5,63381.5
1785251700000,63376.5,63897.5,63279.5,63678.5
1785252600000,63675.5,63869.5,63618.5,63784.5
1785253500000,63792.5,63942.5,63723.5,63849.5
1785254400000,63848.5,63867.5,63725.5,63741.5
1785255300000,63740.5,63886.5,63710.5,63764.5
1785256200000,63763.5,63871.5,63696.5,63830.5
1785257100000,63835.5,64039.5,63783.5,63969.5
1785258000000,63965.5,63967.5,63713.5,63725.5
1785258900000,63725.5,63769.5,63622.5,63656.5
1785259800000,63657.5,63663.5,63429.5,63488.5
1785260700000,63485.5,63622.5,63481.5,63621.5
1785261600000,63625.5,63775.5,63601.5,63614.5
1785262500000,63612.5,63671.5,63594.5,63617.5
1785263400000,63621.5,63698.5,63589.5,63680.5
1785264300000,63679.5,63724.5,63599.5,63645.5
1785265200000,63649.5,63780.5,63642.5,63675.5
1785266100000,63672.5,63718.5,63629.5,63657.5
1785267000000,63666.5,63791.5,63599.5,63619.5
1785267900000,63614.5,63827.5,63585.5,63818.5
1785268800000,63821.5,63917.5,63780.5,63900.5
1785269700000,63899.5,63937.5,63809.5,63817.5
1785270600000,63816.5,63860.5,63742.5,63849.5
1785271500000,63849.5,63867.5,63809.5,63824.8
1785272400000,63821.4,63905.5,63819.6,63827.5
1785273300000,63828.5,63852.5,63794.5,63828.5
1785274200000,63833.5,63974.5,63803.5,63954.5
1785275100000,63954.5,63977.5,63859.5,63873.5
1785276000000,63880.5,63940.5,63783.5,63902.5
1785276900000,63903.5,63942.5,63820.5,63822.5
1785277800000,63820.5,63833.5,63773.5,63793.5
1785278700000,63797.5,63797.5,63673.5,63696.5
1785279600000,63694.5,63714.5,63505.5,63536.5
1785280500000,63537.5,63580.5,63464.5,63553.5
1785281400000,63553.5,63769.5,63548.5,63753.5
1785282300000,63749.5,63872.5,63722.5,63852.5
1785283200000,63849.5,64102.5,63837.5,63929.5
1785284100000,63928.5,64004.5,63863.5,63922.5
1785285000000,63928.5,64021.5,63787.5,64006.5
1785285900000,64011.5,64116.5,63840.5,63860.5
1785286800000,63861.5,63916.5,63709.5,63731.5
1785287700000,63729.5,63868.5,63681.5,63825.5
1785288600000,63826.5,63864.5,63705.5,63723.5
1785289500000,63724.5,63754.5,63600.5,63615.5
1785290400000,63612.5,63786.5,63559.5,63749.5
1785291300000,63745.5,63942.5,63597.5,63942.5
1785292200000,63936.5,64050.5,63853.5,63941.5
1785293100000,63940.5,63961.5,63815.5,63890.5
1785294000000,63886.5,63919.5,63758.5,63847.5
1785294900000,63843.5,63881.5,63690.5,63700.5
1785295800000,63705.5,63779.5,63604.5,63681.5
1785296700000,63677.5,63708.5,63609.5,63656.5
1785297600000,63657.5,63677.5,63490.5,63643.5
1785298500000,63647.5,63743.5,63529.5,63712.5
1785299400000,63709.5,63870.5,63667.5,63764.5
1785300300000,63764.5,63883.5,63734.5,63871.5
1785301200000,63877.5,63936.5,63832.5,63913.5
1785302100000,63912.5,63913.5,63796.5,63860.5
1785303000000,63857.5,63966.5,63827.5,63924.5
1785303900000,63928.5,64015.5,63910.5,63974.5
1785304800000,63973.5,64067.5,63927.5,64029.5
1785305700000,64031.5,64320.5,64001.5,64310.5
1785306600000,64308.5,64384.5,64279.5,64373.5
1785307500000,64371.5,64372.5,64301.5,64346.5
1785308400000,64347.5,64409.5,64308.5,64376.5
1785309300000,64375.5,64429.5,64336.5,64425.5
1785310200000,64421.5,64435.5,64347.5,64411.5
1785311100000,64410.5,64488.5,64369.5,64483.5
1785312000000,64474.5,64504.5,64266.5,64276.5
1785312900000,64274.5,64324.5,64199.5,64217.5
1785313800000,64216.5,64350.5,64188.5,64348.5
1785314700000,64347.5,64444.5,64306.5,64335.5
1785315600000,64334.5,64391.5,64292.5,64377.5
1785316500000,64376.5,64407.5,64338.5,64389.5
1785317400000,64390.5,64629.5,64380.5,64530.5
1785318300000,64530.5,64658.5,64439.5,64618.5
1785319200000,64619.5,64637.5,64543.5,64587.5
1785320100000,64584.5,64626.5,64531.5,64555.5
1785321000000,64552.5,64604.5,64481.5,64579.5
1785321900000,64584.5,64588.5,64327.5,64400.5
1785322800000,64399.5,64473.5,64357.5,64447.5
1785323700000,64446.5,64526.5,64400.5,64422.5
1785324600000,64422.5,64430.5,64335.5,64345.5
1785325500000,64345.5,64436.5,64335.5,64435.5
1785326400000,64435.5,64435.5,64348.5,64368.5
1785327300000,64369.5,64373.5,64189.5,64255.5
1785328200000,64252.5,64311.5,64197.5,64259.5
1785329100000,64257.5,64271.5,64128.5,64193.5
1785330000000,64192.5,64257.5,64145.5,64250.5
1785330900000,64250.5,64261.5,64049.5,64124.5
1785331800000,64124.5,64431.5,64059.5,64387.5
1785332700000,64388.5,64596.5,64230.5,64592.5
1785333600000,64597.5,64643.5,64142.5,64176.5
1785334500000,64181.5,64319.5,64028.5,64119.5
1785335400000,64120.5,64231.5,63951.5,64013.5
1785336300000,64011.5,64171.5,63961.5,64008.5
1785337200000,64011.5,64102.5,63959.5,64033.5
1785338100000,64039.5,64068.5,63870.5,63999.5
1785339000000,64000.5,64086.5,63866.5,63886.5
1785339900000,63884.5,63952.5,63770.5,63856.5
1785340800000,63859.5,63914.5,63795.5,63845.5
1785341700000,63844.5,64047.5,63820.5,63930.5
1785342600000,63928.5,63984.5,63532.5,63595.5
1785343500000,63596.5,63737.5,63553.5,63713.5
1785344400000,63712.5,63777.5,63598.5,63769.5
1785345300000,63770.5,63773.5,63645.5,63662.5
1785346200000,63660.5,63890.5,63634.5,63873.5
1785347100000,63873.5,64178.5,63837.5,64178.5
1785348000000,64175.5,64555.5,64145.5,64256.5
1785348900000,64259.5,64316.5,63903.5,64015.5
1785349800000,64014.5,64373.5,63681.5,64320.5
1785350700000,64314.5,64563.5,64257.5,64423.5
1785351600000,64424.5,64527.5,64087.5,64202.5
1785352500000,64201.5,64344.5,63866.5,63952.5
1785353400000,63955.5,64040.5,63750.5,63804.5
1785354300000,63802.5,63830.5,63421.5,63513.5
1785355200000,63516.5,63569.5,63278.5,63532.5
1785356100000,63530.5,63645.5,63316.5,63445.5
1785357000000,63446.5,63656.5,63416.5,63513.5
1785357900000,63509.5,63530.5,63385.5,63397.8
1785358800000,63424.2,63440.5,63104.5,63407.5
1785359700000,63413.5,63509.5,63289.5,63491.5
1785360600000,63496.5,63568.5,63436.5,63465.5
1785361500000,63467.5,63780.5,63444.5,63776.5
1785362400000,63777.5,64030.5,63768.5,63927.5
1785363300000,63926.5,64050.5,63883.5,63952.5
1785364200000,63951.5,63969.5,63828.5,63916.5
1785365100000,63916.5,63940.5,63809.5,63846.5
1785366000000,63847.5,63897.5,63786.5,63827.5
1785366900000,63825.5,63984.5,63813.5,63904.5
1785367800000,63904.5,63947.5,63820.5,63915.5
1785368700000,63915.5,63963.5,63838.5,63881.5
1785369600000,63886.5,63993.5,63871.5,63919.5
1785370500000,63915.5,64023.5,63827.5,63901.5
1785371400000,63903.5,63907.5,63584.5,63593.5
1785372300000,63592.5,63655.5,63482.5,63591.5
1785373200000,63584.5,63786.5,63579.5,63590.5
1785374100000,63593.5,63747.5,63562.5,63724.5
1785375000000,63728.5,63975.5,63719.5,63961.5
1785375900000,63962.5,64272.5,63932.5,64176.5
1785376800000,64175.5,64301.5,64142.5,64236.5
1785377700000,64234.5,64318.5,64198.5,64253.5
1785378600000,64252.5,64257.5,64116.5,64219.5
1785379500000,64221.5,64226.5,64051.5,64084.5
1785380400000,64083.5,64173.5,64026.5,64096.5
1785381300000,64095.5,64206.5,64090.5,64168.5
1785382200000,64171.5,64174.5,64032.5,64071.5
1785383100000,64072.5,64133.5,64058.5,64071.5
1785384000000,64072.5,64094.5,64000.5,64021.5
1785384900000,64022.5,64048.5,63984.5,63995.5
1785385800000,63995.5,64067.5,63954.5,63992.5
1785386700000,63997.5,64060.5,63904.5,63930.5
1785387600000,63924.5,63946.5,63833.5,63878.5
1785388500000,63878.5,63925.5,63802.5,63911.5
1785389400000,63909.5,64092.5,63890.5,64028.5
1785390300000,64031.5,64073.5,63893.5,63937.5
1785391200000,63938.5,63985.5,63877.5,63895.5
1785392100000,63892.5,63987.5,63855.5,63981.5
1785393000000,63983.5,63989.5,63867.5,63906.5
1785393900000,63902.5,63928.5,63846.5,63908.5
1785394800000,63900.5,64047.5,63886.5,63956.5
1785395700000,63955.5,64041.5,63889.5,63953.5
1785396600000,63959.5,63971.5,63832.5,63924.5
1785397500000,63927.5,63937.5,63870.5,63901.5
1785398400000,63904.5,63973.5,63861.5,63900.5
1785399300000,63898.5,64247.5,63871.5,64157.5
1785400200000,64154.5,64250.5,64111.5,64243.5
1785401100000,64244.5,64254.5,64170.5,64196.5
1785402000000,64197.5,64324.5,64170.5,64295.5
1785402900000,64301.5,64429.5,64275.5,64394.5
1785403800000,64398.5,64537.5,64391.5,64496.5
1785404700000,64490.5,64545.5,64465.5,64471.5
1785405600000,64473.5,64540.5,64459.5,64481.5
1785406500000,64480.5,64538.5,64472.5,64514.5
1785407400000,64516.5,64539.5,64464.5,64516.5
1785408300000,64515.5,64531.5,64464.5,64471.5
1785409200000,64464.5,64539.5,64430.5,64515.5
1785410100000,64514.5,64577.5,64474.5,64491.5
1785411000000,64485.5,64622.5,64461.5,64574.5
1785411900000,64568.5,64790.5,64555.5,64692.5
1785412800000,64695.5,64929.5,64685.5,64901.5
1785413700000,64901.5,64932.5,64765.5,64794.5
1785414600000,64794.5,64869.5,64742.5,64751.5
1785415500000,64752.5,64857.5,64748.5,64825.5
1785416400000,64832.5,64868.5,64730.5,64754.5
1785417300000,64753.5,64794.5,64719.5,64739.5
1785418200000,64744.5,64930.5,64592.5,64923.5
1785419100000,64926.5,65098.5,64901.5,64947.5
1785420000000,64948.5,64971.5,64627.5,64651.5
1785420900000,64655.5,64789.5,64535.5,64698.5
1785421800000,64700.5,64793.5,64646.5,64733.5
1785422700000,64731.5,64778.5,64559.5,64610.5
1785423600000,64609.5,64761.5,64521.5,64654.5
1785424500000,64653.5,64823.5,64602.5,64608.5
1785425400000,64606.5,64704.5,64555.5,64687.5
1785426300000,64687.5,64730.5,64612.5,64655.5
1785427200000,64654.5,64899.5,64650.5,64860.5
1785428100000,64861.5,64882.5,64762.5,64812.5
1785429000000,64815.5,64834.5,64686.5,64696.5
1785429900000,64697.5,64780.5,64692.5,64747.5
1785430800000,64743.5,64797.5,64689.5,64732.5
1785431700000,64728.5,64892.5,64711.5,64871.5
1785432600000,64869.5,64926.5,64750.5,64876.5
1785433500000,64874.5,64890.5,64773.5,64801.5
1785434400000,64802.5,64836.5,64743.5,64750.5
1785435300000,64754.5,64754.5,64674.5,64727.5
1785436200000,64726.5,64760.5,64638.5,64663.5
1785437100000,64660.5,64665.5,64608.5,64618.5
1785438000000,64621.5,64791.5,64618.5,64752.5
1785438900000,64753.5,64836.5,64723.5,64814.5
1785439800000,64811.5,64816.5,64748.5,64763.5
1785440700000,64761.5,64794.5,64694.5,64737.5
1785441600000,64721.5,64875.5,64702.5,64720.5
1785442500000,64719.5,64813.5,64684.5,64715.5
1785443400000,64710.5,64813.5,64676.5,64788.5
1785444300000,64794.5,64820.5,64694.5,64710.5
1785445200000,64698.2,64739.5,64600.5,64677.5
1785446100000,64680.5,64699.5,64660.5,64680.5
1785447000000,64674.5,64726.5,64664.5,64686.5
1785447900000,64687.5,64706.5,64624.5,64657.5
1785448800000,64651.5,64911.5,64577.5,64858.5
1785449700000,64861.5,64936.5,64822.5,64932.5
1785450600000,64931.5,64957.5,64798.5,64844.5
1785451500000,64841.5,64860.5,64759.5,64778.5
1785452400000,64775.5,64889.5,64752.5,64878.5
1785453300000,64875.5,64885.5,64821.5,64864.5
1785454200000,64864.5,65022.5,64677.5,64748.5
1785455100000,64750.5,64831.5,64663.5,64712.5
1785456000000,64713.5,64847.5,64697.5,64756.5
1785456900000,64759.5,64773.5,64660.5,64709.5
1785457800000,64710.5,64763.5,64672.5,64727.5
1785458700000,64736.5,64741.5,64617.5,64661.5
1785459600000,64660.5,65339.5,64659.5,65118.5
1785460500000,65117.5,65161.5,64949.5,65109.5
1785461400000,65110.5,65119.5,64753.5,64761.5
1785462300000,64763.5,64827.5,64409.5,64493.5
1785463200000,64490.5,64546.5,64384.5,64409.5
1785464100000,64406.5,64407.5,64268.5,64279.5
1785465000000,64279.5,64346.5,64124.5,64161.5
1785465900000,64162.5,64301.5,64139.5,64228.5
1785466800000,64228.5,64228.5,64094.5,64186.5
1785467700000,64186.5,64359.5,64139.5,64316.5
1785468600000,64315.5,64349.5,64226.5,64321.5
1785469500000,64317.5,64374.5,64273.5,64297.5
1785470400000,64295.5,64374.5,64269.5,64296.5
1785471300000,64298.5,64312.5,64165.5,64266.5
1785472200000,64267.5,64299.5,64210.5,64241.5
1785473100000,64240.5,64271.5,64211.5,64241.5
1785474000000,64240.5,64357.5,64238.5,64353.5
1785474900000,64353.5,64357.5,64249.5,64260.5
1785475800000,64261.5,64300.5,64215.5,64215.5
1785476700000,64217.5,64300.5,64196.5,64288.5
1785477600000,64282.5,64324.5,64244.5,64309.5
1785478500000,64310.5,64396.5,64270.5,64389.5
1785479400000,64390.5,64430.5,64195.5,64209.5
1785480300000,64210.5,64211.5,64118.5,64162.5
1785481200000,64153.5,64172.5,63933.5,63995.5
1785482100000,63991.5,64030.5,63900.5,63916.5
1785483000000,63914.5,63961.5,63789.5,63846.5
1785483900000,63845.5,63950.5,63840.5,63871.5
1785484800000,63869.5,63899.5,63776.5,63868.5
1785485700000,63867.5,63907.5,63786.5,63888.5
1785486600000,63885.5,63885.5,63736.5,63779.5
1785487500000,63780.5,63841.5,63727.5,63766.5
1785488400000,63760.5,63783.5,63675.5,63732.5
1785489300000,63733.5,63742.5,63607.5,63621.5
1785490200000,63620.5,63668.5,63558.5,63622.5
1785491100000,63622.5,63683.5,63605.5,63648.5
1785492000000,63647.5,63667.5,63528.5,63656.5
1785492900000,63656.5,63756.5,63615.5,63751.5
1785493800000,63752.5,63833.5,63743.5,63822.5
1785494700000,63826.5,63886.5,63784.5,63841.5
1785495600000,63838.5,63943.5,63820.5,63836.5
1785496500000,63834.5,63910.5,63778.5,63823.5
1785497400000,63823.5,63829.5,63757.5,63763.5
1785498300000,63761.5,63790.5,63709.5,63726.5
1785499200000,63727.5,63758.5,63618.5,63641.5
1785500100000,63643.5,63697.5,63614.5,63672.5
1785501000000,63671.5,63672.5,63521.5,63578.5
1785501900000,63576.5,63682.5,63562.5,63665.5
1785502800000,63666.5,63700.5,63629.5,63681.5
1785503700000,63680.5,63756.5,63668.5,63744.5
1785504600000,63741.5,63745.5,63370.5,63378.5
1785505500000,63379.5,63450.5,63140.5,63185.5
1785506400000,63184.5,63230.5,62359.5,62593.5
1785507300000,62595.5,62655.5,62416.5,62542.5
1785508200000,62548.5,62716.5,62485.5,62585.5
1785509100000,62584.5,62714.5,62488.5,62583.5
1785510000000,62587.5,62607.5,62439.5,62505.5
1785510900000,62505.5,62619.5,62377.5,62486.5
1785511800000,62488.5,62664.5,62454.5,62657.5
1785512700000,62660.5,62661.5,62519.5,62606.5
1785513600000,62606.5,62816.5,62593.5,62782.5
1785514500000,62781.5,62852.5,62695.5,62840.5
1785515400000,62838.5,62842.5,62718.5,62766.5
1785516300000,62766.5,62806.5,62723.5,62789.5
1785517200000,62787.5,62849.5,62710.5,62820.5
1785518100000,62820.5,62924.5,62784.5,62894.5
1785519000000,62896.5,63031.5,62869.5,62982.5
1785519900000,62983.5,63219.5,62982.5,63163.5
1785520800000,63164.5,63230.5,63055.5,63067.5
1785521700000,63067.5,63110.5,62973.5,62977.5
1785522600000,62978.5,63020.5,62866.5,62953.5
1785523500000,62952.5,63105.5,62945.5,63017.5
1785524400000,63016.5,63082.5,62944.5,62990.5
1785525300000,62993.5,63002.5,62938.5,62946.5
1785526200000,62944.5,62957.5,62853.5,62926.5
1785527100000,62926.5,62982.5,62875.5,62892.5
1785528000000,62893.5,62937.5,62862.5,62921.5
1785528900000,62921.5,62960.5,62891.5,62927.5
1785529800000,62928.5,62941.5,62861.5,62917.5
1785530700000,62914.5,62940.5,62840.5,62878.5
1785704400000,63419.3,63487.5,63324.5,63447.5
1785705300000,63446.5,63481.5,63421.5,63461.5
1785706200000,63462.5,63693.5,63419.5,63608.5
1785707100000,63606.5,63686.5,63462.5,63493.5
1785708000000,63495.5,63718.5,63494.5,63603.5
1785708900000,63604.5,63708.5,63478.5,63516.5
1785709800000,63514.5,63528.5,63279.5,63428.5
1785710700000,63425.5,63488.5,63327.5,63329.5
1785711600000,63328.5,63375.5,63253.5,63275.5
1785712500000,63271.5,63473.5,63244.5,63453.5
1785713400000,63455.5,63517.5,63394.5,63437.5
1785714300000,63436.5,63500.5,63398.5,63500.5
1785715200000,63498.5,63523.5,63296.5,63339.5
1785716100000,63332.5,63366.5,63165.5,63174.5
1785717000000,63173.5,63350.5,63118.5,63254.5
1785717900000,63255.5,63281.5,63179.5,63242.5
1785718800000,63241.5,63279.5,63089.5,63147.5
1785719700000,63147.5,63180.5,62994.5,63081.5
1785720600000,63080.5,63171.5,63062.5,63133.5
1785721500000,63132.5,63146.5,63069.5,63119.5
1785722400000,63118.5,63152.5,63038.5,63113.5
1785723300000,63114.5,63199.5,63000.5,63030.5
1785724200000,63029.5,63130.5,63002.5,63091.5
1785725100000,63090.5,63113.5,63024.5,63050.5
1785726000000,63051.5,63089.5,62995.5,63013.5
1785726900000,63014.5,63049.5,62964.5,62987.5
1785727800000,62986.5,62999.5,62941.5,62967.5
1785728700000,62968.5,62972.5,62679.5,62765.5
1785729600000,62764.5,62851.5,62710.5,62773.5
1785730500000,62776.5,62890.5,62767.5,62875.5
1785731400000,62875.5,62913.5,62859.5,62885.5
1785732300000,62884.5,62884.5,62686.5,62703.5
1785733200000,62706.5,62782.5,62649.5,62759.5
1785734100000,62760.5,62784.5,62681.5,62724.5
1785735000000,62722.5,62768.5,62679.5,62713.5
1785735900000,62711.5,62779.5,62705.5,62736.5
1785736800000,62739.5,62783.5,62729.5,62750.5
1785737700000,62746.5,62764.5,62659.5,62703.5
1785738600000,62703.5,62755.5,62539.5,62548.5
1785739500000,62543.5,62599.5,62518.5,62538.5
1785740400000,62541.5,62592.5,62483.5,62519.5
1785741300000,62519.5,62590.5,62461.5,62547.5
1785742200000,62553.5,62619.5,62499.5,62552.5
1785743100000,62554.5,62588.5,62475.5,62530.5
1785744000000,62532.5,62560.5,62414.5,62471.5
1785744900000,62474.5,62477.5,62227.5,62244.5
1785745800000,62246.5,62356.5,62198.5,62342.5
1785746700000,62345.5,62452.5,62337.5,62445.5
1785747600000,62447.5,62490.5,62425.5,62477.5
1785748500000,62481.5,62576.5,62476.5,62554.5
1785749400000,62556.5,62615.5,62521.5,62596.5
1785750300000,62600.5,62773.5,62598.5,62745.5
1785751200000,62744.5,62781.5,62667.5,62702.5
1785752100000,62701.5,62747.5,62633.5,62652.5
1785753000000,62652.5,62652.5,62574.5,62615.5
1785753900000,62616.5,62691.5,62520.5,62647.5
1785754800000,62646.5,62654.5,62479.5,62559.5
1785755700000,62559.5,62683.5,62542.5,62611.5
1785756600000,62606.5,62697.5,62573.5,62610.5
1785757500000,62610.5,62621.5,62436.5,62474.5
1785758400000,62475.5,62529.5,62357.5,62462.5
1785759300000,62466.5,62598.5,62443.5,62532.5
1785760200000,62533.5,62675.5,62510.5,62675.5
1785761100000,62676.5,62713.5,62582.5,62598.5
1785762000000,62602.5,62692.5,62592.5,62688.5
1785762900000,62688.5,62911.5,62626.5,62684.5
1785763800000,62689.5,62852.5,62459.5,62836.5
1785764700000,62835.5,63309.5,62706.5,63260.5
1785765600000,63260.5,63360.5,63051.5,63222.5
1785766500000,63228.5,63712.5,63070.5,63674.5
1785767400000,63682.5,63841.5,63547.5,63702.5
1785768300000,63708.5,63914.5,63570.5,63885.5
1785769200000,63886.5,63919.5,63674.5,63751.5
1785770100000,63745.5,63793.5,63587.5,63628.5
1785771000000,63625.5,63840.5,63623.5,63708.5
1785771900000,63710.5,63785.5,63566.5,63617.5
1785772800000,63620.5,63830.5,63588.5,63730.5
1785773700000,63731.5,63882.5,63723.5,63833.5
1785774600000,63837.5,63837.5,63630.5,63694.5
1785775500000,63700.5,63815.5,63660.5,63702.5
1785776400000,63706.5,63800.5,63633.5,63782.5
1785777300000,63783.5,63991.5,63734.5,63740.5
1785778200000,63741.5,63866.5,63712.5,63821.5
1785779100000,63824.5,63892.5,63786.5,63840.5
1785780000000,63842.5,63936.5,63788.5,63903.5
1785780900000,63902.5,63930.5,63730.5,63775.5
1785781800000,63779.5,63863.5,63740.5,63785.5
1785782700000,63787.5,63859.5,63692.5,63802.5
1785783600000,63805.5,63873.5,63767.5,63858.5
1785784500000,63858.5,63958.5,63852.5,63919.5
1785785400000,63918.5,64029.5,63794.5,63886.5
1785786300000,63887.5,63920.5,63794.5,63803.5
1785787200000,63807.5,63890.5,63746.5,63829.5
1785788100000,63825.5,63974.5,63822.5,63890.5
1785789000000,63889.5,63889.5,63837.5,63858.5
1785789900000,63858.5,63859.5,63697.5,63728.2
1785790800000,63720.5,63722.6,63635.5,63656.5
1785791700000,63655.5,63728.5,63620.5,63663.5
1785792600000,63664.5,63676.5,63581.5,63607.5
1785793500000,63593.5,63611.5,63457.5,63520.5
1785794400000,63517.5,63552.5,63316.5,63423.5
1785795300000,63430.5,63622.5,63424.5,63462.5
1785796200000,63461.5,63508.5,63423.5,63441.5
1785797100000,63435.5,63575.5,63431.5,63537.5
1785798000000,63542.5,63542.5,63451.5,63470.5
1785798900000,63470.5,63561.5,63469.5,63507.5
1785799800000,63506.5,63508.5,63389.5,63438.5
1785800700000,63437.5,63470.5,63409.5,63461.5
1785801600000,63461.5,63527.5,63392.5,63407.5
1785802500000,63406.5,63440.5,63323.5,63380.5
1785803400000,63379.5,63384.5,63267.5,63333.5
1785804300000,63331.5,63418.5,63253.5,63299.5
1785805200000,63296.5,63427.5,63286.5,63399.5
1785806100000,63396.5,63512.5,63343.5,63457.5
1785807000000,63459.5,63859.5,63451.5,63743.5
1785807900000,63744.5,63818.5,63658.5,63776.5
1785808800000,63778.5,63808.5,63676.5,63698.5
1785809700000,63697.5,63741.5,63609.5,63616.5
1785810600000,63613.5,63898.5,63602.5,63823.5
1785811500000,63823.5,63856.5,63731.5,63754.5
1785812400000,63753.5,63773.5,63612.5,63617.5
1785813300000,63614.5,63724.5,63571.5,63704.5
1785814200000,63705.5,63795.5,63705.5,63758.5
1785815100000,63761.5,63769.5,63720.5,63722.5
1785816000000,63723.5,63765.5,63684.5,63734.5
1785816900000,63733.5,63814.5,63723.5,63764.5
1785817800000,63765.5,64002.5,63760.5,63995.5
1785818700000,63992.5,64178.5,63961.5,63968.5
1785819600000,63967.5,63996.5,63764.5,63770.5
1785820500000,63768.5,63836.5,63741.5,63762.5
1785821400000,63762.5,63799.5,63739.5,63793.5
1785822300000,63794.5,63798.5,63725.5,63745.5
1785823200000,63750.5,63785.5,63703.5,63734.5
1785824100000,63735.5,63809.5,63689.5,63696.5
1785825000000,63694.5,63717.5,63616.5,63638.5
1785825900000,63636.5,63646.5,63592.5,63606.5
1785826800000,63604.5,63606.5,63508.5,63519.5
1785827700000,63520.5,63570.5,63425.5,63569.5
1785828600000,63570.5,63701.5,63558.5,63593.5
1785829500000,63596.5,63690.5,63596.5,63612.5
1785830400000,63617.5,63684.5,63552.5,63577.5
1785831300000,63578.5,63600.5,63507.5,63560.5
1785832200000,63556.5,63556.5,63481.5,63549.5
1785833100000,63550.5,63554.5,63495.5,63506.5
1785834000000,63504.5,63519.5,63455.5,63480.5
1785834900000,63479.5,63526.5,63437.5,63503.5
1785835800000,63502.5,63530.5,63451.5,63493.5
1785836700000,63491.5,63535.5,63449.5,63521.5
1785837600000,63522.5,63537.5,63427.5,63432.5
1785838500000,63430.5,63499.5,63372.5,63389.5
1785839400000,63390.5,63594.5,63376.5,63589.5
1785840300000,63589.5,63780.5,63565.5,63690.5
1785841200000,63689.5,63731.5,63641.5,63663.5
1785842100000,63664.5,63787.5,63630.5,63706.5
1785843000000,63705.5,63835.5,63637.5,63808.5
1785843900000,63802.5,63882.5,63760.5,63842.5
1785844800000,63843.5,63852.5,63731.5,63737.5
1785845700000,63738.5,63771.5,63707.5,63768.5
1785846600000,63775.5,63978.5,63738.5,63885.5
1785847500000,63886.5,63932.5,63830.5,63832.5
1785848400000,63833.5,63954.5,63759.5,63871.5
1785849300000,63871.5,63945.5,63781.5,63811.5
1785850200000,63812.5,64034.5,63731.5,63944.5
1785851100000,63945.5,63947.5,63576.5,63615.5
1785852000000,63614.5,63857.5,63532.5,63725.5
1785852900000,63719.5,63838.5,63532.5,63819.5
1785853800000,63812.5,64110.5,63765.5,64050.5
1785854700000,64055.5,64131.5,63982.5,64063.5
1785855600000,64061.5,64160.5,63928.5,64003.5
1785856500000,64001.5,64008.5,63852.5,63888.5
1785857400000,63887.5,64072.5,63737.5,64062.5
1785858300000,64064.5,64168.5,64011.5,64053.5
1785859200000,64054.5,64068.5,63902.5,63970.5
1785860100000,63973.5,64058.5,63934.5,63971.5
1785861000000,63972.5,63999.5,63838.5,63887.5
1785861900000,63884.5,63961.5,63834.5,63889.5
1785862800000,63883.5,64130.5,63878.5,64007.5
1785863700000,64006.5,64126.5,63967.5,64103.5
1785864600000,64102.5,64127.5,64029.5,64040.5
1785865500000,64039.5,64051.5,63829.5,63898.5
1785866400000,63897.5,64173.5,63895.5,64159.5
1785867300000,64157.5,64355.5,64139.5,64315.5
1785868200000,64316.5,64354.5,64158.5,64244.5
1785869100000,64245.5,64284.5,64222.5,64254.5
1785870000000,64253.5,64311.5,64229.5,64305.5
1785870900000,64306.5,64325.5,64205.5,64231.5
1785871800000,64230.5,64362.5,64188.5,64326.5
1785872700000,64327.5,64337.5,64146.5,64186.5
1785873600000,64188.5,64204.5,64057.5,64127.5
1785874500000,64115.5,64115.5,63920.5,64076.5
1785875400000,64078.5,64377.5,64077.5,64341.5
1785876300000,64336.5,64338.5,64248.5,64281.8
1785877200000,64287.2,64287.2,64137.5,64173.5
1785878100000,64174.5,64232.5,64131.5,64192.5
1785879000000,64193.5,64222.5,64124.5,64192.5
1785879900000,64190.5,64200.5,64112.5,64133.5
1785880800000,64136.5,64181.5,64074.5,64169.5
1785881700000,64170.5,64215.5,64114.5,64203.5
1785882600000,64204.5,64241.5,64150.5,64162.5
1785883500000,64159.5,64216.5,64107.5,64211.5
1785884400000,64213.5,64421.5,64151.5,64370.5
1785885300000,64369.5,64489.5,64113.5,64113.5
1785886200000,64113.5,64212.5,64079.5,64153.5
1785887100000,64154.5,64170.5,64020.5,64040.5
1785888000000,64041.5,64043.5,63945.5,63969.5
1785888900000,63973.5,64021.5,63941.5,64005.5
1785889800000,64012.5,64132.5,63962.5,64008.5
1785890700000,64008.5,64017.5,63922.5,63929.5
1785891600000,63930.5,63972.5,63890.5,63947.5
1785892500000,63947.5,64057.5,63889.5,64052.5
1785893400000,64053.5,64248.5,64052.5,64117.5
1785894300000,64117.5,64295.5,64117.5,64278.5
1785895200000,64277.5,64451.5,64277.5,64401.5
1785896100000,64400.5,64429.5,64245.5,64353.5
1785897000000,64354.5,64435.5,64340.5,64372.5
1785897900000,64366.5,64379.5,64280.5,64291.5
1785898800000,64292.5,64375.5,64285.5,64286.5
1785899700000,64287.5,64299.5,63983.5,63991.5
1785900600000,63993.5,64111.5,63979.5,64075.5
1785901500000,64072.5,64123.5,64066.5,64115.5
1785902400000,64114.5,64132.5,64043.5,64043.5
1785903300000,64043.5,64131.5,64007.5,64095.5
1785904200000,64091.5,64152.5,64078.5,64102.5
1785905100000,64100.5,64123.5,64044.5,64098.5
1785906000000,64096.5,64266.5,64084.5,64248.5
1785906900000,64247.5,64458.5,64227.5,64351.5
1785907800000,64350.5,64366.5,64272.5,64301.5
1785908700000,64300.5,64313.5,64239.5,64255.5
1785909600000,64256.5,64303.5,64230.5,64255.5
1785910500000,64258.5,64276.5,64211.5,64237.5
1785911400000,64236.5,64307.5,64215.5,64221.5
1785912300000,64219.5,64225.5,64156.5,64183.5
1785913200000,64187.5,64212.5,64084.5,64115.5
1785914100000,64116.5,64118.5,63976.5,64006.5
1785915000000,64007.5,64023.5,63918.5,63939.5
1785915900000,63938.5,64115.5,63935.5,64110.5
1785916800000,64105.5,64191.5,64070.5,64135.5
1785917700000,64133.5,64215.5,64085.5,64210.5
1785918600000,64211.5,64223.5,64054.5,64069.5
1785919500000,64071.5,64104.5,64019.5,64057.5
1785920400000,64053.5,64099.5,64027.5,64060.5
1785921300000,64055.5,64126.5,64040.5,64086.5
1785922200000,64088.5,64149.5,64086.5,64104.5
1785923100000,64106.5,64127.5,64089.5,64097.5
1785924000000,64098.5,64135.5,64044.5,64083.5
1785924900000,64080.5,64181.5,64014.5,64149.5
1785925800000,64147.5,64178.5,64107.5,64129.5
1785926700000,64133.5,64149.5,63950.5,63997.5
1785927600000,63995.5,64057.5,63991.5,64027.5
1785928500000,64029.5,64032.5,63977.5,64008.5
1785929400000,64009.5,64084.5,63997.5,64031.5
1785930300000,64033.5,64040.5,63994.5,64010.5
1785931200000,64015.5,64175.5,63997.5,64138.5
1785932100000,64135.5,64533.5,64112.5,64465.5
1785933000000,64462.5,64497.5,64333.5,64407.5
1785933900000,64408.5,64408.5,64260.5,64265.5
1785934800000,64264.5,64285.5,64032.5,64091.5
1785935700000,64089.5,64159.5,64052.5,64080.5
1785936600000,64083.5,64237.5,63808.5,64114.5
1785937500000,64122.5,64358.5,63961.5,64351.5
1785938400000,64350.5,64470.5,64231.5,64411.5
1785939300000,64412.5,64536.5,64258.5,64297.5
1785940200000,64294.5,64418.5,64231.5,64370.5
1785941100000,64364.5,64503.5,64264.5,64421.5
1785942000000,64421.5,64708.5,64399.5,64579.5
1785942900000,64578.5,64597.5,64382.5,64451.5
1785943800000,64452.5,64669.5,64452.5,64506.5
1785944700000,64502.5,64510.5,64320.5,64329.5
1785945600000,64328.5,64561.5,64325.5,64559.5
1785946500000,64558.5,64705.5,64506.5,64688.5
1785947400000,64686.5,64708.5,64589.5,64622.5
1785948300000,64622.5,64628.5,64552.5,64599.5
1785949200000,64601.5,64646.5,64517.5,64521.5
1785950100000,64520.5,64555.5,64471.5,64542.5
1785951000000,64544.5,64694.5,64513.5,64629.5
1785951900000,64628.5,64739.5,64600.5,64690.5
1785952800000,64693.5,64738.5,64595.5,64735.5
1785953700000,64740.5,64760.5,64610.5,64668.5
1785954600000,64665.5,64748.5,64608.5,64748.5
1785955500000,64745.5,64790.5,64687.5,64731.5
1785956400000,64732.5,64861.5,64707.8,64830.5
1785957300000,64831.5,64883.5,64803.5,64858.5
1785958200000,64857.5,64877.5,64811.5,64842.5
1785959100000,64843.5,64887.5,64786.5,64786.5
1785960000000,64787.5,64871.5,64743.5,64864.5
1785960900000,64867.5,64963.5,64802.5,64932.5
1785961800000,64931.5,64942.5,64870.5,64925.5
1785962700000,64925.5,64942.5,64768.5,64769.8
1785963600000,64766.2,64769.1,64628.5,64721.5
1785964500000,64723.5,64734.5,64589.5,64608.5
1785965400000,64612.5,64692.5,64596.5,64649.5
1785966300000,64643.5,64697.5,64598.5,64669.5
1785967200000,64670.5,64709.5,64575.5,64615.5
1785968100000,64616.5,64672.5,64606.5,64669.5
1785969000000,64670.5,64723.5,64615.5,64631.5
1785969900000,64631.5,64661.5,64559.5,64570.5
1785970800000,64566.5,64638.5,64518.5,64612.5
1785971700000,64611.5,64690.5,64553.5,64633.5
1785972600000,64629.5,64651.5,64597.5,64600.5
1785973500000,64597.5,64620.5,64504.5,64600.5
1785974400000,64600.5,64620.5,64531.5,64533.5
1785975300000,64535.5,64653.5,64505.5,64624.5
1785976200000,64624.5,64654.5,64575.5,64578.5
1785977100000,64581.5,64630.5,64551.5,64582.5
1785978000000,64576.5,64586.5,64504.5,64537.5
1785978900000,64536.5,64546.5,64441.5,64456.5
1785979800000,64455.5,64553.5,64420.5,64501.5
1785980700000,64498.5,64599.5,64495.5,64519.5
1785981600000,64518.5,64587.5,64459.5,64484.5
1785982500000,64483.5,64517.5,64374.5,64465.5
1785983400000,64464.5,64518.5,64411.5,64518.5
1785984300000,64517.5,64534.5,64466.5,64512.5
1785985200000,64516.5,64521.5,64450.5,64503.5
1785986100000,64507.5,64509.5,64437.5,64479.5
1785987000000,64482.5,64523.5,64431.5,64440.5
1785987900000,64441.5,64481.5,64424.5,64464.5
1785988800000,64464.5,64532.5,64424.5,64509.5
1785989700000,64514.5,64639.5,64509.5,64635.5
1785990600000,64634.5,64672.5,64588.5,64600.5
1785991500000,64599.5,64676.5,64563.5,64667.5
1785992400000,64667.5,64939.5,64660.5,64858.5
1785993300000,64859.5,64941.5,64822.5,64836.5
1785994200000,64835.5,64860.5,64781.5,64842.5
1785995100000,64844.5,64851.5,64790.5,64845.5
1785996000000,64848.5,64848.5,64704.5,64709.5
1785996900000,64710.5,64767.5,64671.5,64758.5
1785997800000,64761.5,64789.5,64737.5,64776.5
1785998700000,64777.5,64795.5,64734.5,64788.5
1785999600000,64787.5,64872.5,64746.5,64871.5
1786000500000,64871.5,64907.5,64823.5,64827.5
1786001400000,64832.5,64842.5,64702.5,64742.5
1786002300000,64745.5,64775.5,64713.5,64739.5
1786003200000,64741.5,64792.5,64687.5,64695.5
1786004100000,64696.5,64836.5,64675.5,64828.5
1786005000000,64830.5,64860.5,64793.5,64808.5
1786005900000,64809.5,64936.5,64802.5,64862.5
1786006800000,64865.5,64874.5,64676.5,64704.5
1786007700000,64705.5,64773.5,64657.5,64664.5
1786008600000,64663.5,64665.5,64564.5,64594.5
1786009500000,64595.5,64634.5,64560.5,64610.5
1786010400000,64612.5,64621.5,64515.5,64524.5
1786011300000,64525.5,64619.5,64505.5,64612.5
1786012200000,64613.5,64618.5,64554.5,64556.5
1786013100000,64554.5,64592.5,64533.5,64557.5
1786014000000,64558.5,64561.5,64430.5,64498.5
1786014900000,64502.5,64573.5,64497.5,64505.5
1786015800000,64504.5,64585.5,64499.5,64576.5
1786016700000,64577.5,64582.5,64506.5,64554.5
1786017600000,64551.5,64572.5,64389.5,64408.5
1786018500000,64406.5,64476.5,64372.5,64469.5
1786019400000,64468.5,64522.5,64420.5,64452.5
1786020300000,64456.5,64464.5,64298.5,64336.5
1786021200000,64335.5,64364.5,64101.5,64174.5
1786022100000,64166.5,64216.5,64093.5,64158.5
1786023000000,64157.5,64359.5,64084.5,64319.5
1786023900000,64318.5,64459.5,64297.5,64349.5
1786024800000,64350.5,64480.5,64293.5,64381.5
1786025700000,64381,64506.5,64325.5,64352.5
1786026600000,64353.5,64765.5,64266.5,64737.5
1786027500000,64732.5,64779.5,64590.5,64699.5
1786028400000,64702.5,64929.5,64685.5,64787.5
1786029300000,64780.5,64836.5,64623.5,64754.5
1786030200000,64753.5,64806.5,64628.5,64690.5
1786031100000,64687.5,64808.5,64546.5,64561.5
1786032000000,64565.5,64655.5,64522.5,64571.5
1786032900000,64571.5,64624.5,64513.5,64587.5
1786033800000,64587.5,64700.5,64541.5,64640.5
1786034700000,64639.5,64719.5,64587.5,64691.5
1786035600000,64690.5,64785.5,64650.5,64650.5
1786036500000,64649.5,64683.5,64595.5,64613.5
1786037400000,64612.5,64649.5,64476.5,64537.5
1786038300000,64534.5,64594.5,64511.5,64551.5
1786039200000,64549.5,64560.5,64398.5,64473.5
1786040100000,64476.5,64534.5,64431.5,64451.5
1786041000000,64451.5,64456.5,64337.5,64350.5
1786041900000,64349.5,64389.5,64299.5,64346.5
1786042800000,64347.5,64402.5,64334.5,64370.5
1786043700000,64367.5,64397.5,64309.5,64335.5
1786044600000,64334.5,64394.5,64284.5,64363.5
1786045500000,64364.5,64419.5,64329.5,64378.5
1786046400000,64380.5,64477.5,64380.5,64470.5
1786047300000,64471.5,64473.5,64365.5,64426.5
1786048200000,64419.3,64434.5,64391.5,64398.5
1786049100000,64397.5,64429.5,64376.6,64378.4
1786050000000,64371.1,64446.5,64319.5,64419.5
1786050900000,64418.5,64460.5,64386.5,64392.5
1786051800000,64391.5,64431.5,64329.5,64380.5
1786052700000,64380.5,64421.5,64362.5,64378.5
1786053600000,64377.5,64392.5,64314.5,64368.5
1786054500000,64367.5,64382.5,64259.5,64303.5
1786055400000,64305.5,64334.5,64270.5,64290.5
1786056300000,64286.5,64320.5,64279.5,64291.5
1786057200000,64290.5,64310.5,64267.2,64273.5
1786058100000,64274.5,64289.5,64154.5,64188.5
1786059000000,64187.5,64197.5,64124.5,64150.5
1786059900000,64154.5,64274.5,64121.5,64264.5
1786060800000,64262.5,64357.5,64214.5,64225.5
1786061700000,64225.5,64257.5,64166.5,64205.5
1786062600000,64210.5,64284.5,64170.5,64264.5
1786063500000,64264.5,64285.5,64190.5,64258.5
1786064400000,64259.5,64392.5,64259.5,64294.5
1786065300000,64296.5,64373.5,64244.5,64360.5
1786066200000,64355.5,64417.5,64223.5,64319.5
1786067100000,64314.5,64392.5,64307.5,64358.5
1786068000000,64359.5,64380.5,64179.5,64334.5
1786068900000,64340.5,64487.5,64233.5,64256.5
1786069800000,64255.5,64363.5,64206.5,64350.5
1786070700000,64349.5,64415.5,64325.5,64333.5
1786071600000,64329.5,64351.5,64243.5,64271.5
1786072500000,64272.5,64286.5,64183.5,64252.5
1786073400000,64248.5,64315.5,64234.5,64276.5
1786074300000,64272.5,64310.5,64202.5,64226.5
1786075200000,64221.5,64267.5,64176.5,64241.5
1786076100000,64243.5,64304.5,64212.5,64231.5
1786077000000,64230.5,64286.5,64177.5,64180.5
1786077900000,64179.5,64198.5,64082.5,64192.5
1786078800000,64191.5,64198.5,64107.5,64181.5
1786079700000,64180.5,64196.5,64094.5,64117.5
1786080600000,64115.5,64219.5,64107.5,64212.5
1786081500000,64211.5,64336.5,64188.5,64263.5
1786082400000,64261.5,64353.5,64244.5,64343.5
1786083300000,64344.5,64404.5,64308.5,64352.5
1786084200000,64351.5,64361.5,64267.5,64297.5
1786085100000,64294.5,64316.5,64217.5,64237.5
1786086000000,64236.5,64310.5,64186.5,64278.5
1786086900000,64274.5,64365.5,64263.5,64341.5
1786087800000,64337.5,64357.5,64298.5,64312.5
1786088700000,64307.5,64317.5,64232.5,64258.5
1786089600000,64256.5,64317.5,64229.5,64302.5
1786090500000,64302.5,64399.5,64297.5,64381.5
1786091400000,64382.5,64613.5,64380.5,64568.5
1786092300000,64568.5,64570.5,64508.5,64542.5
1786093200000,64541.5,64723.5,64541.5,64671.5
1786094100000,64672.5,64829.5,64669.5,64780.5
1786095000000,64775.5,64909.5,64746.5,64847.5
1786095900000,64850.5,64864.5,64765.5,64781.5
1786096800000,64785.5,64826.5,64752.5,64793.5
1786097700000,64788.5,64848.5,64744.5,64841.5
1786098600000,64841.5,64872.5,64798.5,64813.5
1786099500000,64812.5,64869.5,64807.5,64842.5
1786100400000,64842.5,64937.5,64835.5,64912.5
1786101300000,64911.5,65162.5,64877.5,65022.5
1786102200000,65025.5,65049.5,64951.5,64969.5
1786103100000,64970.5,64999.5,64940.5,64976.5
1786104000000,64974.5,65228.5,64961.5,65163.5
1786104900000,65164.5,65194.5,64965.5,65060.5
1786105800000,65079.5,65219.5,64902.5,65102.5
1786106700000,65104.5,65343.5,65104.5,65243.5
1786107600000,65244.5,65287.5,65128.5,65162.5
1786108500000,65161.5,65236.5,65055.5,65107.5
1786109400000,65107.5,65287.5,65042.5,65252.5
1786110300000,65250.5,65290.5,64927.5,64955.5
1786111200000,64956.5,64990.5,64726.5,64774.5
1786112100000,64775.5,65192.5,64739.5,65143.5
1786113000000,65142.5,65232.5,65031.5,65053.5
1786113900000,65051.5,65112.5,64890.5,64901.5
1786114800000,64903.5,64987.5,64827.5,64911.5
1786115700000,64911.5,65017.5,64866.5,64964.5
1786116600000,64964.5,65083.5,64925.5,64962.5
1786117500000,64957.5,64977.5,64841.5,64856.5
1786118400000,64862.5,65026.5,64853.5,64995.5
1786119300000,64992.5,65002.5,64831.5,64887.5
1786120200000,64888.5,64924.5,64793.5,64893.5
1786121100000,64892.5,64905.5,64749.5,64755.5
1786122000000,64756.5,64780.5,64628.5,64636.5
1786122900000,64635.5,64681.5,64506.5,64533.5
1786123800000,64529.5,64641.5,64456.5,64627.5
1786124700000,64626.5,64717.5,64599.5,64710.5
1786125600000,64709.5,64837.5,64700.5,64799.5
1786126500000,64803.5,64824.5,64736.5,64754.5
1786127400000,64754.5,64792.5,64668.5,64673.5
1786128300000,64672.5,64701.5,64612.5,64674.5
1786129200000,64681.5,64823.5,64676.5,64780.5
1786130100000,64781.5,64946.5,64780.5,64893.5
1786131000000,64895.5,64987.5,64878.5,64911.5
1786131900000,64912.5,64965.5,64885.5,64914.5
1786132800000,64907.5,65000.5,64894.5,64946.5
1786133700000,64943.5,64966.5,64911.5,64936.5
1786134600000,64932.5,64932.5,64899.5,64919.5
1786135500000,64918.5,64941.5,64915.5,64922.1
1786309200000,65082.5,65087.5,65068.5,65070.5
1786310100000,65074.5,65093.5,65060.5,65077.5
1786311000000,65083.5,65196.5,65076.5,65172.5
1786311900000,65171.5,65174.5,65125.5,65141.5
1786312800000,65140.5,65410.5,65139.5,65355.5
1786313700000,65355.5,65391.5,65145.5,65180.5
1786314600000,65181.5,65195.5,64914.5,64976.5
1786315500000,64975.5,65054.5,64903.5,65012.5
1786316400000,65011.5,65048.5,64906.5,64957.5
1786317300000,64956.5,65001.5,64832.5,64864.5
1786318200000,64862.5,64884.5,64781.5,64835.5
1786319100000,64834.5,64873.5,64773.5,64833.5
1786320000000,64830.5,65267.5,64781.5,65088.5
1786320900000,65086.5,65116.5,64911.5,64937.5
1786321800000,64940.5,64993.5,64760.5,64787.5
1786322700000,64786.5,64990.5,64782.5,64918.5
1786323600000,64919.5,64980.5,64838.5,64951.5
1786324500000,64947.5,65016.5,64936.5,64945.5
1786325400000,64944.5,64963.5,64834.5,64917.5
1786326300000,64918.5,65335.5,64909.5,65140.5
1786327200000,65141.5,65159.5,65018.5,65045.5
1786328100000,65043.5,65047.5,64832.5,64897.5
1786329000000,64898.5,65160.5,64895.5,65131.5
1786329900000,65133.5,65133.5,65013.5,65038.5
1786330800000,65037.5,65051.5,64894.5,64903.5
1786331700000,64904.5,65107.5,64841.5,64965.5
1786332600000,64966.5,65039.5,64938.5,64969.5
1786333500000,64972.5,65002.5,64886.5,64913.5
1786334400000,64909.5,65012.5,64887.5,65007.5
1786335300000,65006.5,65033.5,64962.5,64965.5
1786336200000,64965.5,64987.5,64859.5,64947.5
1786337100000,64948.5,64994.5,64909.5,64947.5
1786338000000,64946.5,65002.5,64915.5,64934.5
1786338900000,64934.5,65008.5,64932.5,64986.5
1786339800000,64985.5,65030.5,64961.5,65024.5
1786340700000,65026.5,65104.5,64987.5,65080.5
1786341600000,65079.5,65227.5,65067.5,65140.5
1786342500000,65141.5,65183.5,65081.5,65108.5
1786343400000,65109.5,65187.5,65103.5,65181.5
1786344300000,65182.5,65281.5,65167.5,65241.5
1786345200000,65241.5,65251.5,65185.5,65205.5
1786346100000,65208.5,65277.5,65158.5,65261.5
1786347000000,65261.5,65316.5,65242.5,65272.5
1786347900000,65272.5,65283.5,65137.5,65150.5
1786348800000,65150.5,65258.5,65149.5,65202.5
1786349700000,65204.5,65273.5,65166.5,65234.5
1786350600000,65235.5,65246.5,65127.5,65166.5
1786351500000,65165.5,65211.5,65145.5,65181.5
1786352400000,65181.5,65182.5,65124.5,65157.5
1786353300000,65158.5,65163.5,65090.5,65098.5
1786354200000,65097.5,65099.5,64970.5,64995.5
1786355100000,64993.5,64995.5,64890.5,64905.5
1786356000000,64904.5,65013.5,64900.5,64979.5
1786356900000,64978.5,65008.5,64941.5,64961.5
1786357800000,64962.5,64991.5,64932.5,64947.5
1786358700000,64946.5,64994.5,64934.5,64951.5
1786359600000,64949.5,64973.5,64907.5,64952.5
1786360500000,64952.5,65030.5,64952.5,65013.5
1786361400000,65012.5,65046.5,64988.5,64990.5
1786362300000,64992.5,65079.5,64991.5,65061.5
1786363200000,65062.5,65174.5,65037.5,65062.5
1786364100000,65061.5,65068.5,64975.5,64990.5
1786365000000,64991.5,65002.5,64848.5,64955.5
1786365900000,64957.5,64957.5,64770.5,64809.5
1786366800000,64809.5,64853.5,64781.5,64820.5
1786367700000,64819.5,64916.5,64810.5,64862.5
1786368600000,64863.5,64878.5,64528.5,64573.5
1786369500000,64567.5,64620.5,64434.5,64491.5
1786370400000,64490.5,64691.5,64459.5,64672.5
1786371300000,64671.5,64764.5,64635.5,64710.5
1786372200000,64710.5,64830.5,64687.5,64755.5
1786373100000,64758.5,64799.5,64537.5,64555.5
1786374000000,64559.5,64652.5,64461.5,64498.5
1786374900000,64493.5,64577.5,64229.5,64330.5
1786375800000,64329.5,64357.5,64192.5,64273.5
1786376700000,64275.5,64291.5,64123.5,64228.5
1786377600000,64227.5,64294.5,64122.5,64153.5
1786378500000,64152.5,64153.5,63899.5,64060.5
1786379400000,64060.5,64112.5,63870.5,63894.5
1786380300000,63895.5,63905.5,63747.5,63835.5
1786381200000,63843.5,63946.5,63746.5,63918.5
1786382100000,63917.5,63938.5,63839.5,63840.5
1786383000000,63839.5,63944.5,63816.5,63870.5
1786383900000,63864.5,63901.5,63797.5,63872.5
1786384800000,63872.5,63947.5,63809.5,63858.5
1786385700000,63861.5,63936.5,63809.5,63817.5
1786386600000,63815.5,63854.5,63733.5,63808.5
1786387500000,63809.5,63856.5,63759.5,63811.5
1786388400000,63810.5,63863.5,63804.5,63852.5
1786389300000,63853.5,63950.5,63816.5,63947.5
1786390200000,63946.5,64025.5,63843.5,63954.5
1786391100000,63955.5,63978.5,63890.5,63978.5
1786392000000,63978.5,64027.5,63933.5,63980.5
1786392900000,63979.5,64059.5,63967.5,64050.5
1786393800000,64048.5,64127.5,64029.5,64104.5
1786394700000,64103.5,64109.5,64069.5,64085.2
1786395600000,64085.8,64088.5,63955.5,64049.5
1786396500000,64050.5,64057.5,64001.5,64052.5
1786397400000,64053.5,64057.5,63955.5,63966.5
1786398300000,63967.5,63975.5,63896.5,63912.5
1786399200000,63913.5,63987.5,63860.5,63978.5
1786400100000,63983.5,64000.5,63937.5,63944.5
1786401000000,63944.5,63949.5,63866.5,63924.5
1786401900000,63923.5,63952.5,63912.5,63950.5
1786402800000,63949.5,63963.5,63903.5,63920.5
1786403700000,63920.5,63942.5,63878.5,63925.5
1786404600000,63925.5,63925.5,63845.5,63901.5
1786405500000,63900.5,63922.5,63873.5,63907.5
1786406400000,63906.5,63913.5,63824.5,63912.5
1786407300000,63911.5,63930.5,63842.5,63921.5
1786408200000,63922.5,63943.5,63870.5,63910.5
1786409100000,63910.5,63988.5,63910.5,63962.5
1786410000000,63961.5,64012.5,63907.5,63989.5
1786410900000,63988.5,64011.5,63905.5,63999.5
1786411800000,63997.5,63998.5,63878.5,63916.5
1786412700000,63916.5,64006.5,63905.5,63983.5
1786413600000,63981.5,64020.5,63968.5,63969.5
1786414500000,63970.5,64004.5,63970.5,63982.5
1786415400000,63981.5,63996.5,63956.5,63978.5
1786416300000,63977.5,63989.5,63957.5,63970.5
1786417200000,63972.5,64032.5,63972.5,64028.5
1786418100000,64026.5,64109.5,64026.5,64058.5
1786419000000,64059.5,64095.5,64053.5,64061.5
1786419900000,64063.5,64071.5,64040.5,64070.5
1786420800000,64065.5,64084.5,64039.5,64047.5
1786421700000,64046.5,64066.5,64025.5,64033.5
1786422600000,64031.5,64042.5,64017.5,64027.5
1786423500000,64024.5,64035.5,63948.5,63950.5
1786424400000,63951.5,63989.5,63923.5,63978.5
1786425300000,63977.5,63985.5,63883.5,63909.5
1786426200000,63908.5,63975.5,63897.5,63970.5
1786427100000,63969.5,63979.5,63921.5,63925.5
1786428000000,63926.5,63982.5,63901.5,63955.5
1786428900000,63955.5,63955.5,63847.5,63852.5
1786429800000,63853.5,63896.5,63823.5,63856.5
1786430700000,63859.5,63897.5,63779.5,63891.5
1786431600000,63890.5,63944.5,63888.5,63892.5
1786432500000,63891.5,63901.5,63824.5,63834.5
1786433400000,63837.5,64022.5,63837.5,64007.5
1786434300000,64006.5,64043.5,63969.5,63990.5
1786435200000,63993.5,64038.5,63962.5,63971.5
1786436100000,63971.5,64021.5,63966.5,63979.5
1786437000000,63978.5,64054.5,63978.5,64040.5
1786437900000,64040.5,64083.5,64014.5,64069.5
1786438800000,64068.5,64095.5,64046.5,64052.5
1786439700000,64051.5,64130.5,64051.5,64105.5
1786440600000,64104.5,64182.5,64101.5,64169.5
1786441500000,64168.5,64241.5,64165.5,64236.5
1786442400000,64235.5,64247.5,64163.5,64172.5
1786443300000,64179.5,64241.5,64122.5,64231.5
1786444200000,64234.5,64245.5,64178.5,64208.5
1786445100000,64207.5,64211.5,64143.5,64166.5
1786446000000,64165.5,64328.5,64165.5,64292.5
1786446900000,64292.5,64304.5,64264.5,64276.5
1786447800000,64276.5,64292.5,64245.7,64277.5
1786448700000,64276.5,64347.5,64274.5,64326.5
1786449600000,64326.5,64437.5,64311.5,64414.5
1786450500000,64413.5,64415.5,64219.5,64251.5
1786451400000,64251.5,64323.5,64241.5,64260.5
1786452300000,64260.5,64280.5,64244.5,64258.5
1786453200000,64255.5,64314.5,64204.5,64258.5
1786454100000,64257.5,64271.5,64094.5,64134.5
1786455000000,64131.5,64182.5,63971.5,64109.5
1786455900000,64106.5,64156.5,63980.5,64135.5
1786456800000,64136.5,64169.5,64038.5,64149.5
1786457700000,64152.5,64201.5,63832.5,63957.5
1786458600000,63956.5,63996.5,63817.5,63891.5
1786459500000,63892.5,63941.5,63614.5,63701.5
1786460400000,63703.5,63797.5,63654.5,63710.5
1786461300000,63709.5,63806.5,63625.5,63791.5
1786462200000,63792.5,63794.5,63365.5,63486.5
1786463100000,63485.5,63565.5,63394.5,63538.5
1786464000000,63537.5,63588.5,63473.5,63535.5
1786464900000,63534.5,63582.5,63491.5,63526.5
1786465800000,63526.5,63553.5,63416.5,63424.5
1786466700000,63422.5,63476.5,63379.5,63435.5
1786467600000,63434.5,63473.5,63380.5,63429.5
1786468500000,63427.5,63522.5,63407.5,63492.5
1786469400000,63491.5,63519.5,63437.5,63469.5
1786470300000,63470.5,63560.5,63451.5,63525.5
1786471200000,63529.5,63553.5,63459.5,63513.5
1786472100000,63512.5,63530.5,63392.5,63398.5
1786473000000,63399.5,63434.5,63161.5,63228.5
1786473900000,63229.5,63314.5,63227.5,63297.5
1786474800000,63299.5,63311.5,63143.5,63168.5
1786475700000,63169.5,63312.5,63168.5,63277.5
1786476600000,63281.5,63389.5,63278.5,63382.5
1786477500000,63383.5,63477.5,63312.5,63467.5
1786478400000,63469.5,63657.5,63461.5,63606.5
1786479300000,63604.5,63616.5,63543.5,63612.5
1786480200000,63614.5,63690.5,63584.5,63609.5
1786481100000,63608.5,63691.5,63608.5,63668.5
1786482000000,63668.7,63695.5,63581.5,63673.5
1786482900000,63673.5,63705.5,63574.5,63599.5
1786483800000,63600.5,63624.5,63546.5,63599.5
1786484700000,63599.5,63627.5,63571.5,63599.5
1786485600000,63595.5,63710.5,63594.5,63668.5
1786486500000,63671.5,63702.5,63631.5,63651.5
1786487400000,63650.5,63668.5,63575.5,63584.5
1786488300000,63590.5,63615.5,63547.5,63588.5
1786489200000,63591.5,63591.5,63483.5,63513.5
1786490100000,63512.5,63551.5,63475.5,63526.5
1786491000000,63528.5,63577.5,63508.5,63575.5
1786491900000,63577.5,63593.5,63519.5,63526.5
1786492800000,63527.5,63546.5,63465.5,63533.5
1786493700000,63529.5,63644.5,63505.5,63599.5
1786494600000,63600.5,63659.5,63599.5,63650.5
1786495500000,63650.5,63685.5,63643.5,63681.5
1786496400000,63682.5,63718.5,63643.5,63717.5
1786497300000,63716.5,63718.5,63661.5,63678.5
1786498200000,63677.5,63756.5,63620.5,63755.5
1786499100000,63755.5,63794.5,63728.5,63759.5
1786500000000,63758.5,63820.5,63746.5,63767.5
1786500900000,63768.5,63813.5,63693.5,63813.5
1786501800000,63814.5,63826.5,63671.5,63690.5
1786502700000,63694.5,63704.5,63634.5,63674.5
1786503600000,63674.5,63725.5,63627.5,63640.5
1786504500000,63641.5,63703.5,63626.5,63672.5
1786505400000,63673.5,63769.5,63650.5,63732.5
1786506300000,63732.5,63760.5,63693.5,63748.5
1786507200000,63747.5,63761.5,63685.5,63712.5
1786508100000,63711.5,63818.5,63698.5,63725.5
1786509000000,63722.5,63722.5,63656.5,63694.5
1786509900000,63697.5,63761.5,63681.5,63701.5
1786510800000,63700.5,63746.5,63643.5,63739.5
1786511700000,63739.5,63765.5,63729.5,63761.5
1786512600000,63759.5,63798.5,63736.5,63768.5
1786513500000,63767.5,63791.5,63728.5,63758.5
1786514400000,63755.5,63760.5,63615.5,63621.5
1786515300000,63619.5,63677.5,63528.5,63564.5
1786516200000,63563.5,63605.5,63512.5,63581.5
1786517100000,63583.5,63643.5,63548.5,63642.5
1786518000000,63642.5,63729.5,63627.5,63684.5
1786518900000,63686.5,63693.5,63650.5,63661.5
1786519800000,63660.5,63704.5,63609.5,63620.5
1786520700000,63619.5,63768.5,63563.5,63757.5
1786521600000,63760.5,63796.5,63707.5,63720.5
1786522500000,63721.5,63765.5,63720.5,63741.5
1786523400000,63742.5,63742.5,63697.5,63704.5
1786524300000,63705.5,63754.5,63703.5,63720.5
1786525200000,63721.5,63795.5,63681.5,63790.5
1786526100000,63791.5,63936.5,63784.5,63912.5
1786527000000,63913.5,64026.5,63913.5,63976.5
1786527900000,63974.5,64042.5,63954.5,64035.5
1786528800000,64036.5,64152.5,64024.5,64057.5
1786529700000,64058.5,64081.5,63993.5,64001.5
1786530600000,64002.5,64103.5,63997.5,64070.5
1786531500000,64072.5,64096.5,64011.5,64067.5
1786532400000,64068.5,64142.5,64034.5,64064.5
1786533300000,64065.5,64140.5,64056.5,64134.5
1786534200000,64136.5,64159.5,64086.5,64118.5
1786535100000,64119.5,64187.5,64116.5,64164.5
1786536000000,64168.5,64237.5,64133.5,64189.5
1786536900000,64185.5,64360.5,64181.5,64340.5
1786537800000,64338.5,64402.5,63974.5,64027.5
1786538700000,64027.5,64121.5,63893.5,64058.5
1786539600000,64054.5,64099.5,63868.5,63920.5
1786540500000,63920.5,63979.5,63837.5,63889.5
1786541400000,63885.5,63951.5,63782.5,63913.5
1786542300000,63914.5,64005.5,63749.5,63757.5
1786543200000,63758.5,63852.5,63520.5,63728.5
1786544100000,63724.5,63766.5,63569.5,63569.5
1786545000000,63571.5,63623.5,63437.5,63540.5
1786545900000,63539.5,63572.5,63277.5,63289.5
1786546800000,63290.5,63456.5,63230.5,63421.5
1786547700000,63418.5,63470.5,63347.5,63420.5
1786548600000,63417.5,63496.5,63311.5,63448.5
1786549500000,63447.5,63473.5,63326.5,63361.5
1786550400000,63359.5,63427.5,63266.5,63402.5
1786551300000,63402.5,63489.5,63380.5,63486.5
1786552200000,63490.5,63508.5,63424.5,63436.5
1786553100000,63433.5,63453.5,63384.5,63416.5
1786554000000,63413.5,63467.5,63382.5,63460.5
1786554900000,63460.5,63481.5,63331.5,63365.5
1786555800000,63365.5,63427.5,63323.5,63393.5
1786556700000,63394.5,63471.5,63366.5,63394.5
1786557600000,63390.5,63426.5,63337.5,63389.5
1786558500000,63386.5,63388.5,63299.5,63347.5
1786559400000,63347.5,63451.5,63334.5,63364.5
1786560300000,63366.5,63366.5,63292.5,63305.5
1786561200000,63304.5,63357.5,63295.5,63296.5
1786562100000,63297.5,63385.5,63215.5,63312.5
1786563000000,63307.5,63330.5,63258.5,63261.5
1786563900000,63260.5,63356.5,63230.5,63345.5
1786564800000,63347.5,63442.5,63339.5,63387.5
1786565700000,63388.5,63449.5,63342.5,63434.5
1786566600000,63430.5,63502.5,63422.8,63471.5
1786567500000,63468.5,63522.5,63449.5,63494.3
1786568400000,63522.1,63576.6,63406.5,63500.5
1786569300000,63505.5,63521.5,63356.5,63415.5
1786570200000,63414.5,63469.5,63316.5,63458.5
1786571100000,63458.5,63503.5,63372.5,63391.5
1786572000000,63390.5,63466.5,63338.5,63420.5
1786572900000,63421.5,63463.5,63403.5,63413.5
1786573800000,63411.5,63424.5,63288.5,63327.5
1786574700000,63328.5,63364.5,63308.5,63354.5
1786575600000,63347.5,63369.5,63297.5,63331.5
1786576500000,63332.5,63368.5,63289.5,63348.5
1786577400000,63349.5,63416.5,63326.5,63353.5
1786578300000,63349.5,63410.5,63325.5,63397.5
1786579200000,63398.5,63531.5,63370.5,63521.5
1786580100000,63523.5,63645.5,63495.8,63549.5
1786581000000,63547.5,63547.5,63422.5,63428.5
1786581900000,63429.5,63535.5,63423.5,63485.5
1786582800000,63484.5,63558.5,63441.5,63558.5
1786583700000,63554.5,63559.5,63318.5,63339.5
1786584600000,63341.5,63464.5,63326.5,63332.5
1786585500000,63334.5,63445.5,63294.5,63374.5
1786586400000,63375.5,63412.5,63346.5,63389.5
1786587300000,63387.5,63410.5,63343.5,63387.5
1786588200000,63386.5,63423.5,63295.5,63419.5
1786589100000,63424.5,63515.5,63391.5,63472.5
1786590000000,63471.5,63517.5,63432.5,63499.5
1786590900000,63498.5,63563.5,63486.5,63498.5
1786591800000,63504.5,63568.5,63485.5,63500.5
1786592700000,63500.5,63612.5,63498.5,63574.5
1786593600000,63580.5,63603.5,63542.5,63589.5
1786594500000,63588.5,63591.5,63504.5,63513.5
1786595400000,63513.5,63641.5,63513.5,63618.5
1786596300000,63616.5,63699.5,63610.5,63618.5
1786597200000,63617.5,63817.5,63590.5,63811.5
1786598100000,63806.5,63937.5,63800.5,63869.5
1786599000000,63868.5,63883.5,63814.5,63853.5
1786599900000,63854.5,63868.5,63793.5,63799.5
1786600800000,63800.5,63817.5,63732.5,63762.5
1786601700000,63764.5,63779.5,63734.5,63750.5
1786602600000,63746.5,63755.5,63678.5,63681.5
1786603500000,63682.5,63874.5,63676.5,63873.5
1786604400000,63872.5,63883.5,63785.5,63807.5
1786605300000,63803.5,63849.5,63789.5,63826.5
1786606200000,63825.5,63831.5,63795.5,63797.5
1786607100000,63800.5,63802.5,63776.5,63792.5
1786608000000,63796.5,63849.5,63758.5,63761.5
1786608900000,63762.5,63773.5,63702.5,63717.5
1786609800000,63718.5,63737.5,63699.5,63734.5
1786610700000,63730.5,63731.5,63663.5,63702.5
1786611600000,63701.5,63705.5,63539.5,63554.5
1786612500000,63543.5,63646.5,63502.5,63578.5
1786613400000,63582.5,63642.5,63575.5,63638.5
1786614300000,63635.5,63724.5,63624.5,63703.5
1786615200000,63704.5,63749.5,63530.5,63549.5
1786616100000,63551.5,63617.5,63544.5,63557.5
1786617000000,63554.5,63573.5,63511.5,63571.5
1786617900000,63567.5,63584.5,63557.5,63582.5
1786618800000,63582.5,63593.5,63531.5,63555.5
1786619700000,63553.5,63566.5,63361.5,63365.5
1786620600000,63366.5,63408.5,63270.5,63395.5
1786621500000,63395.5,63434.5,63376.5,63410.5
1786622400000,63409.5,63495.5,63363.5,63492.5
1786623300000,63492.5,63518.5,63461.5,63498.5
1786624200000,63493.5,63616.5,63384.5,63511.5
1786625100000,63514.5,63639.5,63476.5,63619.5
1786626000000,63619.5,63737.5,63619.5,63660.5
1786626900000,63661.5,63666.5,63481.5,63517.5
1786627800000,63513.5,63781.5,63465.5,63726.5
1786628700000,63722.5,63777.5,63597.5,63643.5
1786629600000,63644.5,63777.5,63600.5,63734.5
1786630500000,63734.5,63815.5,63691.5,63738.5
1786631400000,63738.5,63933.5,63688.5,63883.5
1786632300000,63881.5,63898.5,63773.5,63787.5
1786633200000,63787.5,63871.5,63734.5,63752.5
1786634100000,63750.5,63823.5,63509.5,63556.5
1786635000000,63557.5,63690.5,63532.5,63650.5
1786635900000,63651.5,63654.5,63339.5,63343.5
1786636800000,63344.5,63445.5,63305.5,63393.5
1786637700000,63394.5,63510.5,63218.5,63289.5
1786638600000,63296.5,63368.5,62745.5,62911.5
1786639500000,62913.5,63173.5,62849.5,63093.5
1786640400000,63095.5,63096.5,62987.5,63049.5
1786641300000,63048.5,63192.5,63014.5,63114.5
1786642200000,63108.5,63198.5,63024.5,63174.5
1786643100000,63173.5,63226.5,63064.5,63070.5
1786644000000,63067.5,63224.5,63037.5,63135.5
1786644900000,63137.5,63180.5,63029.5,63042.5
1786645800000,63046.5,63131.5,63024.5,63121.5
1786646700000,63120.5,63300.5,63100.5,63238.5
1786647600000,63240.5,63439.5,63230.5,63334.5
1786648500000,63333.5,63360.5,63296.5,63341.5
1786649400000,63340.5,63376.5,63302.5,63340.5
1786650300000,63341.5,63392.5,63314.5,63331.5
1786651200000,63332.5,63401.5,63284.5,63356.5
1786652100000,63352.5,63395.5,63349.5,63378.5
1786653000000,63373,63404.5,63329.5,63342.5
1786653900000,63340.5,63347.5,63302.5,63337.8
1786654800000,63336.6,63393.5,63288.4,63361.5
1786655700000,63360.5,63385.5,63335.5,63383.5
1786656600000,63380.5,63434.5,63363.5,63373.5
1786657500000,63373.5,63403.5,63361.5,63402.5
1786658400000,63400.5,63569.5,63395.5,63536.5
1786659300000,63537.5,63576.5,63504.5,63557.5
1786660200000,63558.5,63567.5,63478.5,63488.5
1786661100000,63489.5,63500.5,63445.5,63454.5
1786662000000,63453.5,63467.5,63371.5,63410.5
1786662900000,63408.5,63426.5,63368.5,63402.5
1786663800000,63401.5,63430.5,63365.5,63382.5
1786664700000,63383.5,63425.5,63322.5,63423.5
1786665600000,63422.5,63450.5,63355.5,63436.5
1786666500000,63437.5,63494.5,63344.5,63374.5
1786667400000,63375.5,63494.5,63324.5,63455.5
1786668300000,63453.5,63493.5,63403.5,63483.5
1786669200000,63480.5,63524.5,63405.5,63433.5
1786670100000,63433.5,63506.5,63381.5,63417.5
1786671000000,63418.5,63498.5,63386.5,63494.5
1786671900000,63493.5,63510.5,63446.5,63505.5
1786672800000,63506.5,63558.5,63431.5,63491.5
1786673700000,63494.5,63520.5,63397.5,63425.5
1786674600000,63425.5,63495.5,63423.5,63453.5
1786675500000,63452.5,63497.5,63387.5,63387.5
1786676400000,63389.5,63428.5,63338.5,63427.5
1786677300000,63425.5,63503.5,63373.5,63384.5
1786678200000,63386.5,63386.5,63268.5,63297.5
1786679100000,63296.5,63303.5,63205.5,63225.5
1786680000000,63226.5,63329.5,63159.5,63326.5
1786680900000,63327.5,63390.5,63269.5,63325.5
1786681800000,63324.5,63345.5,63299.5,63310.5
1786682700000,63309.5,63323.5,63265.5,63292.5
1786683600000,63292.5,63316.5,63240.5,63256.5
1786684500000,63256.5,63281.5,63197.5,63239.5
1786685400000,63237.5,63293.5,63221.5,63263.5
1786686300000,63262.5,63321.5,63252.5,63303.5
1786687200000,63302.5,63304.5,63201.5,63211.5
1786688100000,63212.5,63225.5,63096.5,63109.5
1786689000000,63107.5,63173.5,63092.5,63113.5
1786689900000,63111.5,63134.5,62847.5,62895.5
1786690800000,62896.5,63019.5,62869.5,63007.5
1786691700000,63001.5,63041.5,62993.5,63029.5
1786692600000,63030.5,63033.5,62873.5,62945.5
1786693500000,62947.5,62947.5,62835.5,62837.5
1786694400000,62838.5,62880.5,62813.5,62836.5
1786695300000,62837.5,62921.5,62644.5,62697.5
1786696200000,62696.5,62807.5,62610.5,62755.5
1786697100000,62758.5,62871.5,62737.5,62868.5
1786698000000,62867.5,62867.5,62780.5,62804.5
1786698900000,62805.5,62843.5,62716.5,62728.5
1786699800000,62721.5,62750.5,62661.5,62696.5
1786700700000,62696.5,62768.5,62690.5,62711.5
1786701600000,62712.5,62790.5,62662.5,62772.5
1786702500000,62770.5,62839.5,62760.5,62807.5
1786703400000,62810.5,62866.5,62764.5,62793.5
1786704300000,62791.5,62816.5,62721.5,62739.5
1786705200000,62739.5,62805.5,62718.5,62781.5
1786706100000,62782.5,62839.5,62757.5,62809.5
1786707000000,62807.5,62860.5,62757.5,62819.5
1786707900000,62821.5,62854.5,62772.5,62789.5
1786708800000,62790.5,62826.5,62676.5,62751.5
1786709700000,62750.5,62809.5,62719.5,62805.5
1786710600000,62807.5,62831.5,62672.5,62678.5
1786711500000,62680.5,62738.5,62626.5,62658.5
1786712400000,62657.5,62671.5,62505.5,62596.5
1786713300000,62598.5,62708.5,62548.5,62690.5
1786714200000,62689.5,62732.5,62520.5,62633.5
1786715100000,62636.5,62672.5,62511.5,62583.5
1786716000000,62567.5,62657.5,62504.5,62524.5
1786716900000,62526.5,62625.5,62473.5,62589.5
1786717800000,62591.5,62717.5,62560.5,62663.5
1786718700000,62662.5,62705.5,62436.5,62537.5
1786719600000,62536.5,62649.5,62532.5,62626.5
1786720500000,62628.5,62774.5,62593.5,62774.5
1786721400000,62775.5,62943.5,62698.5,62924.5
1786722300000,62925.5,63003.5,62851.5,62899.5
1786723200000,62898.5,63019.5,62853.5,62954.5
1786724100000,62954.5,63080.5,62937.5,63040.5
1786725000000,63039.5,63148.5,63013.5,63130.5
1786725900000,63129.5,63132.5,63015.5,63058.5
1786726800000,63059.5,63105.5,63029.5,63104.5
1786727700000,63105.5,63180.5,63084.5,63127.5
1786728600000,63128.5,63155.5,62994.5,63042.5
1786729500000,63043.5,63059.5,62903.5,62952.5
1786730400000,62952.5,62999.5,62882.5,62928.5
1786731300000,62930.5,63004.5,62928.5,62947.5
1786732200000,62949.5,62963.5,62859.5,62896.5
1786733100000,62901.5,62901.5,62807.5,62853.5
1786734000000,62852.5,62852.5,62763.5,62773.5
1786734900000,62777.5,62856.5,62745.5,62849.5
1786735800000,62847.5,62909.5,62800.5,62908.5
1786736700000,62907.5,62919.5,62853.5,62889.5
1786737600000,62888.5,62959.5,62883.5,62900.5
1786738500000,62902.5,62911.5,62854.5,62874.5
1786739400000,62875.5,62887.5,62823.5,62834.5
1786740300000,62840.5,62861.5,62814.5,62826.5
1786914000000,62979.9,62997.5,62934.1,62987.5
1786914900000,62984.5,63011.5,62946.5,62953.5
1786915800000,62951.5,62967.5,62639.5,62860.5
1786916700000,62859.5,62903.5,62800.5,62852.5
1786917600000,62850.5,62857.5,62709.5,62852.5
1786918500000,62849.5,62881.5,62745.5,62764.5
1786919400000,62765.5,62767.5,62632.5,62719.5
1786920300000,62718.5,62838.5,62657.5,62837.5
1786921200000,62838.5,62926.5,62741.5,62760.5
1786922100000,62761.5,62844.5,62745.5,62778.5
1786923000000,62777.5,62827.5,62750.5,62820.5
1786923900000,62820.5,62849.5,62796.5,62824.5
1786924800000,62824.5,62857.5,62773.5,62829.5
1786925700000,62828.5,62832.5,62678.5,62799.5
1786926600000,62798.5,62884.5,62662.5,62875.5
1786927500000,62873.5,62873.5,62766.5,62827.5
1786928400000,62827.5,63108.5,62805.5,62968.5
1786929300000,62967.5,63087.5,62941.5,63045.5
1786930200000,63049.5,63171.5,63049.5,63141.5
1786931100000,63139.5,63166.5,63032.5,63034.5
1786932000000,63033.5,63062.5,62958.5,63009.5
1786932900000,63006.5,63138.5,62974.5,63109.5
1786933800000,63106.5,63278.5,63053.5,63187.5
1786934700000,63183.5,63431.5,63170.5,63345.5
1786935600000,63344.5,63381.5,63283.5,63350.5
1786936500000,63348.5,63352.5,63267.5,63282.5
1786937400000,63283.5,63316.5,63268.5,63286.5
1786938300000,63284.5,63462.5,63276.5,63362.5
1786939200000,63365.5,63461.5,63357.5,63412.5
1786940100000,63412.5,63466.5,63397.5,63441.5
1786941000000,63439.5,63465.5,63398.5,63416.5
1786941900000,63415.5,63520.5,63415.5,63471.5
1786942800000,63471.5,63474.5,63378.5,63457.5
1786943700000,63455.5,63531.5,63403.5,63419.5
1786944600000,63420.5,63437.5,63367.5,63399.5
1786945500000,63395.5,63464.5,63384.5,63447.5
1786946400000,63443.5,63550.5,63403.5,63512.5
1786947300000,63512.5,63530.5,63488.5,63509.5
1786948200000,63506.5,63544.5,63487.5,63534.5
1786949100000,63530.5,63652.5,63527.5,63600.5
1786950000000,63598.5,63609.5,63486.5,63515.5
1786950900000,63513.5,63518.5,63462.5,63516.5
1786951800000,63515.5,63518.5,63460.5,63472.5
1786952700000,63471.5,63494.5,63445.5,63455.5
1786953600000,63459.5,63484.5,63342.5,63358.5
1786954500000,63360.5,63386.5,63320.5,63345.5
1786955400000,63343.5,63362.5,63291.5,63299.5
1786956300000,63300.5,63333.5,63268.5,63301.5
1786957200000,63300.5,63351.5,63297.5,63346.5
1786958100000,63346.5,63361.5,63246.5,63295.5
1786959000000,63296.5,63301.5,63223.5,63226.5
1786959900000,63225.5,63247.5,63206.5,63237.5
1786960800000,63236.5,63259.5,63209.5,63256.5
1786961700000,63257.5,63379.5,63216.5,63375.5
1786962600000,63374.5,63561.5,63367.5,63549.5
1786963500000,63554.5,63618.5,63505.5,63603.5
1786964400000,63602.5,63630.5,63555.5,63580.5
1786965300000,63576.5,63624.5,63559.5,63589.5
1786966200000,63586.5,63626.5,63586.5,63621.5
1786967100000,63620.5,63711.5,63508.5,63547.5
1786968000000,63545.5,63607.5,63509.5,63586.5
1786968900000,63588.5,63590.5,63429.5,63491.5
1786969800000,63494.5,63573.5,63448.5,63491.5
1786970700000,63490.5,63549.5,63456.9,63459.5
1786971600000,63465.5,63497.5,63418.5,63476.5
1786972500000,63480.5,63480.5,63338.5,63401.5
1786973400000,63407.5,63717.5,63381.5,63559.5
1786974300000,63569.5,63651.5,63504.5,63588.5
1786975200000,63591.5,63662.5,63492.5,63616.5
1786976100000,63618.5,63662.5,63507.5,63541.5
1786977000000,63536.5,63628.5,63501.5,63540.5
1786977900000,63540.5,63835.5,63523.5,63824.5
1786978800000,63823.5,63924.5,63773.5,63800.5
1786979700000,63799.5,64024.5,63734.5,63973.5
1786980600000,63976.5,64051.5,63906.5,64003.5
1786981500000,64006.5,64165.5,63996.5,64131.5
1786982400000,64130.5,64150.5,63977.5,64002.5
1786983300000,64001.5,64083.5,63981.5,64027.5
1786984200000,64029.5,64116.5,63998.5,64025.5
1786985100000,64024.5,64090.5,64000.5,64054.5
1786986000000,64055.5,64061.5,63919.5,63924.5
1786986900000,63925.5,64374.5,63910.5,64142.5
1786987800000,64140.5,64231.5,63997.5,64170.5
1786988700000,64170.5,64292.5,64164.5,64264.5
1786989600000,64263.5,64336.5,64214.5,64320.5
1786990500000,64315.5,64566.5,64307.5,64422.5
1786991400000,64420.5,64450.5,64322.5,64384.5
1786992300000,64387.5,64425.5,64337.5,64377.5
1786993200000,64368.5,64369.5,64255.5,64257.5
1786994100000,64257.5,64360.5,64253.5,64337.5
1786995000000,64333.5,64356.5,64256.5,64298.5
1786995900000,64299.5,64300.5,64207.5,64246.5
1786996800000,64246.5,64253.5,64189.5,64245.5
1786997700000,64244.5,64375.5,64221.5,64348.5
1786998600000,64352.5,64358.5,64280.5,64322.5
1786999500000,64323.5,64347.5,64253.5,64340.8
1787000400000,64330.4,64387.5,64239.44,64310.5
1787001300000,64311.5,64347.5,64260.5,64267.5
1787002200000,64266.5,64318.5,64220.5,64272.5
1787003100000,64273.5,64340.5,64272.5,64322.5
1787004000000,64325.5,64372.5,64239.5,64260.5
1787004900000,64261.5,64291.5,64219.5,64232.5
1787005800000,64230.5,64286.5,64213.5,64250.5
1787006700000,64246.5,64267.5,64222.5,64234.5
1787007600000,64235.5,64323.5,64220.5,64304.5
1787008500000,64305.5,64432.5,64296.5,64431.5
1787009400000,64429.5,64515.5,64388.5,64413.5
1787010300000,64412.5,64521.5,64406.5,64470.5
1787011200000,64473.5,64511.5,64352.5,64380.5
1787012100000,64383.5,64453.5,64372.5,64402.5
1787013000000,64404.5,64406.5,64312.5,64332.5
1787013900000,64333.5,64338.5,64294.5,64322.5
1787014800000,64322.5,64328.5,64221.5,64279.5
1787015700000,64280.5,64302.5,64233.5,64262.5
1787016600000,64263.5,64290.5,64167.5,64216.5
1787017500000,64213.5,64216.5,64066.5,64131.5
1787018400000,64146.5,64216.5,64111.5,64114.5
1787019300000,64113.5,64145.5,64076.5,64087.5
1787020200000,64086.5,64146.5,64048.5,64057.5
1787021100000,64058.5,64075.5,63947.5,64040.5
1787022000000,64036.5,64072.5,63997.1,64018.5
1787022900000,64016.5,64080.5,63996.5,64048.5
1787023800000,64045.5,64115.5,63968.5,64115.5
1787024700000,64112.5,64119.5,64068.5,64105.5
1787025600000,64104.5,64106.5,64011.5,64071.5
1787026500000,64069.5,64094.5,64043.5,64088.5
1787027400000,64089.5,64178.5,64088.5,64145.5
1787028300000,64146.5,64162.5,64104.5,64145.5
1787029200000,64148.5,64204.5,64095.5,64162.5
1787030100000,64161.5,64191.5,64129.5,64175.5
1787031000000,64174.5,64189.5,64062.5,64177.5
1787031900000,64170.5,64177.5,64119.5,64157.5
1787032800000,64153.5,64212.5,64084.5,64161.5
1787033700000,64162.5,64297.5,64160.5,64277.5
1787034600000,64278.5,64392.5,64278.5,64371.5
1787035500000,64370.5,64378.5,64195.5,64254.5
1787036400000,64254.5,64285.5,64203.5,64263.5
1787037300000,64271.5,64292.5,64208.5,64209.5
1787038200000,64210.5,64220.5,64167.5,64185.5
1787039100000,64179.5,64188.5,64094.5,64131.5
1787040000000,64133.5,64152.5,64013.5,64088.5
1787040900000,64092.5,64178.5,64091.5,64142.5
1787041800000,64141.5,64269.5,64126.5,64217.5
1787042700000,64218.5,64228.5,64166.5,64219.5
1787043600000,64216.5,64218.5,64150.5,64174.5
1787044500000,64173.5,64176.5,64072.5,64085.5
1787045400000,64089.5,64121.5,64064.5,64085.5
1787046300000,64081.5,64118.5,64067.5,64104.5
1787047200000,64104.5,64148.5,64062.5,64093.5
1787048100000,64090.5,64113.5,64049.5,64094.5
1787049000000,64093.5,64159.5,64088.5,64115.5
1787049900000,64117.5,64143.5,64103.5,64126.5
1787050800000,64130.5,64263.5,64114.5,64257.5
1787051700000,64259.5,64313.5,64251.5,64293.5
1787052600000,64290.5,64331.5,64260.5,64309.5
1787053500000,64310.5,64338.5,64262.5,64277.5
1787054400000,64274.5,64292.5,64211.5,64223.5
1787055300000,64221.5,64271.5,64213.5,64234.5
1787056200000,64233.5,64241.5,64180.5,64185.5
1787057100000,64184.5,64195.5,64151.5,64159.5
1787058000000,64154.5,64154.5,64084.5,64127.5
1787058900000,64126.5,64126.5,63990.5,63999.5
1787059800000,63997.5,64186.5,63966.5,64122.5
1787060700000,64120.5,64224.5,64038.5,64151.5
1787061600000,64148.5,64316.5,64142.5,64198.5
1787062500000,64198.5,64981.5,64178.5,64942.5
1787063400000,64941.5,65002.5,64675.5,64725.5
1787064300000,64727.5,64800.5,64605.5,64660.5
1787065200000,64657.5,64761.5,64592.5,64678.5
1787066100000,64677.5,64793.5,64657.5,64747.5
1787067000000,64747.5,64833.5,64739.5,64770.5
1787067900000,64771.5,64847.5,64749.5,64808.5
1787068800000,64809.5,64851.5,64688.5,64697.5
1787069700000,64697.5,64706.5,64639.5,64650.5
1787070600000,64651.5,64778.5,64617.5,64744.5
1787071500000,64745.5,64832.5,64731.5,64790.5
1787072400000,64789.5,64795.5,64719.5,64756.5
1787073300000,64756.5,64791.5,64712.5,64784.5
1787074200000,64783.5,64790.5,64665.5,64675.5
1787075100000,64674.5,64691.5,64621.5,64621.5
1787076000000,64620.5,64697.5,64610.5,64688.5
1787076900000,64689.5,64769.5,64678.5,64752.5
1787077800000,64753.5,64787.5,64709.5,64719.5
1787078700000,64717.5,64764.5,64704.5,64729.5
1787079600000,64729.5,64729.5,64661.5,64673.5
1787080500000,64671.5,64760.5,64657.5,64734.5
1787081400000,64735.5,64741.5,64615.5,64615.5
1787082300000,64615.5,64641.5,64585.5,64590.5
1787083200000,64591.5,64610.5,64528.5,64605.5
1787084100000,64605.5,64611.5,64559.5,64566.5
1787085000000,64564.5,64610.5,64548.5,64558.5
1787085900000,64560.5,64577.5,64509.5,64540.9
1787086800000,64526.1,64613.5,64449.5,64575.5
1787087700000,64576.5,64588.5,64557.5,64580.5
1787088600000,64581.5,64582.5,64522.5,64538.5
1787089500000,64539.5,64573.5,64523.5,64560.5
1787090400000,64558.5,64564.5,64498.5,64519.5
1787091300000,64517.5,64564.5,64505.5,64549.5
1787092200000,64551.5,64614.5,64542.5,64587.5
1787093100000,64588.5,64592.5,64545.5,64590.5
1787094000000,64590.5,64674.5,64573,64650.5
1787094900000,64650.5,64696.5,64641.5,64674.5
1787095800000,64675.5,64743.5,64672.5,64726.5
1787096700000,64729.5,64746.5,64672.5,64684.5
1787097600000,64685.5,64696.5,64525.5,64528.5
1787098500000,64527.5,64630.5,64487.5,64559.5
1787099400000,64557.5,64615.5,64486.5,64508.5
1787100300000,64507.5,64538.5,64427.5,64444.5
1787101200000,64445.5,64502.5,64382.5,64479.5
1787102100000,64478.5,64488.5,64380.5,64439.5
1787103000000,64445.5,64451.5,64337.5,64366.5
1787103900000,64365.5,64401.5,64335.5,64354.5
1787104800000,64353.5,64365.5,64294.5,64339.5
1787105700000,64338.5,64364.5,64288.5,64332.5
1787106600000,64333.5,64356.5,64310.5,64328.5
1787107500000,64330.5,64364.5,64281.5,64284.5
1787108400000,64286.5,64306.5,64216.5,64282.5
1787109300000,64282.5,64360.5,64282.5,64295.5
1787110200000,64298.5,64307.5,64263.5,64276.5
1787111100000,64276.5,64318.5,64259.5,64264.5
1787112000000,64265.5,64273.5,64228.5,64251.5
1787112900000,64254.5,64335.5,64251.5,64292.5
1787113800000,64293.5,64312.5,64261.5,64279.5
1787114700000,64280.5,64316.5,64236.5,64248.5
1787115600000,64249.5,64356.5,64243.5,64334.5
1787116500000,64334.5,64339.5,64244.5,64292.5
1787117400000,64291.5,64299.5,64246.5,64253.5
1787118300000,64255.5,64255.5,64145.5,64173.5
1787119200000,64177.5,64195.5,64096.5,64114.5
1787120100000,64118.5,64245.5,64113.5,64211.5
1787121000000,64213.5,64233.5,64189.5,64207.5
1787121900000,64208.5,64288.5,64196.5,64278.5
1787122800000,64277.5,64317.5,64201.5,64307.5
1787123700000,64310.5,64311.5,64233.5,64271.5
1787124600000,64270.5,64338.5,64265.5,64288.5
1787125500000,64286.5,64318.5,64221.5,64223.5
1787126400000,64225.5,64276.5,64188.5,64189.5
1787127300000,64193.5,64234.5,64176.5,64226.5
1787128200000,64225.5,64457.5,64219.5,64386.5
1787129100000,64389.5,64421.5,64348.5,64348.5
1787130000000,64354.5,64416.5,64317.5,64318.5
1787130900000,64322.5,64363.5,64300.5,64334.5
1787131800000,64335.5,64343.5,64289.5,64307.5
1787132700000,64311.5,64367.5,64300.5,64358.5
1787133600000,64359.5,64364.5,64300.5,64326.5
1787134500000,64327.5,64342.5,64298.5,64335.5
1787135400000,64336.5,64365.5,64307.5,64335.5
1787136300000,64338.5,64400.5,64323.5,64388.5
1787137200000,64384.5,64479.5,64376.5,64436.5
1787138100000,64436.5,64473.5,64410.5,64444.5
1787139000000,64444.5,64473.5,64398.5,64406.5
1787139900000,64406.5,64473.5,64406.5,64448.5
1787140800000,64448.5,64465.5,64405.5,64445.5
1787141700000,64445.5,64450.5,64416.5,64432.5
1787142600000,64432.5,64896.5,64414.5,64883.5
1787143500000,64884.5,64933.5,64761.5,64824.5
1787144400000,64820.5,64949.5,64724.5,64863.5
1787145300000,64864.5,64988.5,64862.5,64955.5
1787146200000,64957.5,65172.5,64743.5,64985.5
1787147100000,64984.5,65136.5,64910.5,64954.5
1787148000000,64954.5,65383.5,64947.5,65352.5
1787148900000,65352.5,65433.5,65264.5,65355.5
1787149800000,65354.5,65461.5,65292.5,65416.5
1787150700000,65413.5,65934.5,65391.5,65882.5
1787151600000,65877.5,66741.5,65843.5,66613.5
1787152500000,66611.5,69420.6,66542.5,68233.5
1787153400000,68235.5,68800.5,67718.5,68653.5
1787154300000,68625.5,68645.5,68191.5,68503.5
1787155200000,68503.5,68931.5,68474.5,68524.5
1787156100000,68523.5,68899.5,68520.5,68864.5
1787157000000,68865.5,68876.5,68487.5,68556.5
1787157900000,68557.5,68679.5,68387.5,68434.5
1787158800000,68433.5,68518.5,68175.5,68211.5
1787159700000,68212.5,68294.5,67789.5,67974.5
1787160600000,67976.5,68021.5,67794.5,68016.5
1787161500000,68016.5,68239.5,68004.5,68167.5
1787162400000,68167.5,68227.5,67981.5,68158.5
1787163300000,68158.5,68306.5,68142.5,68251.5
1787164200000,68256.5,68415.5,68202.5,68412.5
1787165100000,68413.5,68440.5,68296.5,68370.5
1787166000000,68371.5,68430.5,68077.5,68095.5
1787166900000,68097.5,68379.5,68095.5,68156.5
1787167800000,68154.5,68386.5,68098.5,68381.5
1787168700000,68380.5,68472.5,68336.5,68405.5
1787169600000,68402.5,68692.5,68358.5,68659.5
1787170500000,68658.5,68790.5,68535.5,68682.5
1787171400000,68677.5,68773.5,68610.5,68642.5
1787172300000,68642.5,69545.5,68556.5,69083.4
1787173200000,69016.7,69854.5,68949.4,69408.5
1787174100000,69410.5,69724.5,69240.5,69602.5
1787175000000,69604.5,69816.5,69335.5,69648.5
1787175900000,69649.5,69981.5,69460.5,69700.5
1787176800000,69702.5,69829.5,69247.5,69256.5
1787177700000,69258.5,69384.5,69109.5,69109.5
1787178600000,69110.5,69442.5,68935.5,69307.5
1787179500000,69312.5,69314.5,69039.5,69218.5
1787180400000,69219.5,69373.5,69155.5,69308.5
1787181300000,69308.5,69417.5,69221.5,69337.5
1787182200000,69334.5,69359.5,69194.5,69275.5
1787183100000,69275.5,69310.5,69106.5,69294.5
1787184000000,69294.5,69624.5,69276.5,69531.5
1787184900000,69526.5,69749.5,69505.5,69586.5
1787185800000,69585.5,69653.5,69415.5,69529.5
1787186700000,69529.5,69675.5,69318.5,69373.5
1787187600000,69384.5,69479.5,69231.5,69327.5
1787188500000,69331.5,69409.5,69221.5,69279.5
1787189400000,69274.5,69603.5,69243.5,69593.5
1787190300000,69593.5,69845.5,69583.5,69672.5
1787191200000,69672.5,69781.5,69529.5,69646.5
1787192100000,69644.5,69674.5,69429.5,69457.5
1787193000000,69457.5,69501.5,69258.5,69268.5
1787193900000,69263.5,69315.5,69208.5,69243.5
1787194800000,69245.5,69256.5,68835.5,68931.5
1787195700000,68932.5,69147.5,68881.5,68906.5
1787196600000,68905.5,69152.5,68905.5,69130.5
1787197500000,69131.5,69286.5,69059.5,69128.5
1787198400000,69129.5,69319.5,69008.46,69309.5
1787199300000,69308.5,69346.5,69220.5,69299.5
1787200200000,69298.5,69329.5,69166.5,69274.5
1787201100000,69290.5,69543.5,69288.5,69426.5
1787202000000,69427.5,69506.5,69396.5,69404.5
1787202900000,69404.5,69615.5,69386.5,69531.5
1787203800000,69530.5,69576.5,69444.5,69501.5
1787204700000,69497.5,69504.5,69304.5,69370.5
1787205600000,69370.5,69398.5,69301.5,69319.5
1787206500000,69320.5,69649.5,69284.5,69543.5
1787207400000,69545.5,69746.5,69538.5,69717.5
1787208300000,69717.5,69873.5,69717.5,69797.5
1787209200000,69792.5,69933.5,69690.5,69731.5
1787210100000,69732.5,69738.5,69535.5,69629.5
1787211000000,69629.5,69630.5,69450.5,69556.5
1787211900000,69557.5,69774.5,69508.5,69774.5
1787212800000,69775.5,71299.5,69725.5,71231.5
1787213700000,71215.5,71513.5,70947.5,71273.5
1787214600000,71274.5,71579.5,71114.5,71440.5
1787215500000,71439.5,71748.5,71369.5,71510.5
1787216400000,71512.5,71894.5,71410.5,71866.5
1787217300000,71866.5,72003.5,71666.5,71751.5
1787218200000,71749.5,71990.5,71662.5,71909.5
1787219100000,71919.5,71965.5,71597.5,71726.5
1787220000000,71725.5,72066.5,71625.5,72011.5
1787220900000,72033.5,72400.5,71899.5,71970.5
1787221800000,71972.5,71973.5,71661.5,71734.5
1787222700000,71735.5,71929.5,71734.5,71926.5
1787223600000,71919.5,72073.5,71752.5,71917.5
1787224500000,71917.5,71975.5,71800.5,71822.5
1787225400000,71820.5,72267.5,71797.5,72087.5
1787226300000,72086.5,72217.5,71712.5,71866.5
1787227200000,71865.5,71932.5,71398.5,71715.5
1787228100000,71714.5,71827.5,71616.5,71766.5
1787229000000,71765.5,71930.5,71585.5,71619.5
1787229900000,71619.5,71894.5,71430.5,71885.5
1787230800000,71884.5,72036.5,71820.5,72002.5
1787231700000,72002.5,72002.5,71780.5,71890.5
1787232600000,71891.5,71896.5,71021.5,71610.5
1787233500000,71610.5,71781.5,71357.5,71643.5
1787234400000,71622.5,71920.5,71525.5,71751.5
1787235300000,71754.5,71765.5,71305.5,71382.5
1787236200000,71382.5,71635.5,71332.5,71477.5
1787237100000,71480.5,71768.5,71347.5,71759.5
1787238000000,71764.5,72491.5,71724.5,72181.5
1787238900000,72182.5,72374.5,71923.5,72364.5
1787239800000,72362.5,72780.5,72119.5,72200.5
1787240700000,72201.5,72509.5,72110.5,72409.5
1787241600000,72408.5,72463.5,72203.5,72259.5
1787242500000,72260.5,72376.5,72157.5,72361.5
1787243400000,72356.5,72662.5,72228.5,72585.5
1787244300000,72577.5,72848.5,72468.5,72796.5
1787245200000,72799.5,72843.5,72453.5,72652.5
1787246100000,72652.5,72806.5,72515.5,72775.5
1787247000000,72777.5,72836.5,72610.5,72716.5
1787247900000,72717.5,72943.5,72672.5,72703.5
1787248800000,72693.5,72788.5,72427.5,72568.5
1787249700000,72568.5,72710.5,72455.5,72651.5
1787250600000,72652.5,72674.5,72332.5,72463.5
1787251500000,72462.5,72594.5,72370.5,72390.5
1787252400000,72390.5,72478.5,72251.5,72438.5
1787253300000,72437.5,72602.5,72402.5,72565.5
1787254200000,72569.5,72745.5,72503.5,72682.5
1787255100000,72681.5,72719.5,72544.5,72647.5
1787256000000,72635.5,72763.5,72590.5,72666.5
1787256900000,72667.5,72879.5,72589.5,72798.5
1787257800000,72797.5,72988.5,72664.5,72739.5
1787258700000,72741.5,72756.5,72557.5,72643.5
1787259600000,72648.1,72670.5,72500.5,72665.5
1787260500000,72665.5,72822.5,72581.5,72630.5
1787261400000,72630.5,72805.5,72620.5,72710.5
1787262300000,72710.5,72742.5,72673.5,72705.5
1787263200000,72705.5,72726.5,72417.5,72567.5
1787264100000,72567.5,72810.5,72516.5,72767.5
1787265000000,72767.5,72784.5,72636.5,72656.5
1787265900000,72657.5,72853.5,72631.5,72649.5
1787266800000,72649.5,72903.5,72623.5,72898.5
1787267700000,72898.5,73341.5,72863.5,73185.5
1787268600000,73184.5,73367.5,73037.5,73071.5
1787269500000,73066.5,73126.5,72911.5,72994.5
1787270400000,72997.5,73475.5,72989.5,73460.5
1787271300000,73460.5,73849.5,73318.5,73702.5
1787272200000,73693.5,73964.5,73485.5,73657.5
1787273100000,73656.5,73819.5,73540.5,73670.5
1787274000000,73670.5,73970.5,73611.5,73962.5
1787274900000,73955.5,74800.5,73910.5,74688.5
1787275800000,74689.5,74970.5,74489.5,74701.5
1787276700000,74704.5,75705.5,74654.5,75089.5
1787277600000,75093.5,75153.5,74632.5,74835.5
1787278500000,74833.5,74943.5,74594.5,74931.5
1787279400000,74934.5,75044.5,74494.5,74680.5
1787280300000,74683.5,74686.5,74329.5,74395.5
1787281200000,74396.5,74454.5,74197.5,74399.5
1787282100000,74399.5,74601.5,74260.5,74552.5
1787283000000,74558.5,74685.5,74379.5,74618.5
1787283900000,74618.5,74822.5,74441.5,74470.5
1787284800000,74469.5,74867.5,74469.5,74832.5
1787285700000,74831.5,74913.5,74733.5,74781.5
1787286600000,74782.5,74962.5,74733.5,74917.5
1787287500000,74917.5,75010.5,74867.5,74994.5
1787288400000,74995.5,75293.5,74855.5,75270.5
1787289300000,75270.5,75448.5,75003.5,75166.5
1787290200000,75163.5,75348.5,75054.5,75231.5
1787291100000,75236.5,75426.5,75163.5,75415.5
1787292000000,75414.5,75479.5,75223.5,75252.5
1787292900000,75252.5,75453.5,75050.5,75280.5
1787293800000,75285.5,75700.5,75257.5,75337.5
1787294700000,75338.5,75612.5,75243.5,75605.5
1787295600000,75604.5,75971.5,75571.5,75924.5
1787296500000,75921.5,76835.5,75880.5,76364.5
1787297400000,76368.5,76711.5,76225.5,76535.5
1787298300000,76533.5,76585.5,76146.5,76265.5
1787299200000,76265.5,77098.5,76215.5,76845.5
1787300100000,76839.5,77344.5,76786.5,77203.5
1787301000000,77214.5,77770.5,77130.5,77621.5
1787301900000,77625.5,79460.5,77542.5,79243.5
1787302800000,79242.5,79338.5,77181.5,77864.5
1787303700000,77870.5,77930.5,77419.5,77681.5
1787304600000,77678.5,78327.5,77591.5,78174.5
1787305500000,78169.5,78349.5,77538.5,77883.5
1787306400000,77887.5,78081.5,77589.5,78019.5
1787307300000,78021.5,78231.5,77636.5,77896.5
1787308200000,77896.5,77944.5,77585.5,77809.5
1787309100000,77809.5,77973.5,77704.5,77779.5
1787310000000,77775.5,77827.5,77278.5,77520.5
1787310900000,77521.5,77643.5,77171.5,77387.5
1787311800000,77391.5,77418.5,76350.5,76802.5
1787312700000,76802.5,77001.5,76575.5,76703.5
1787313600000,76704.5,76973.5,76484.5,76884.5
1787314500000,76887.5,76887.5,76594.5,76667.5
1787315400000,76668.5,77415.5,76593.5,77394.5
1787316300000,77397.5,77450.5,77066.5,77190.5
1787317200000,77179.5,77370.5,76995.5,77157.5
1787318100000,77159.5,77180.5,76784.5,77053.5
1787319000000,77058.5,77297.5,76180.5,77277.5
1787319900000,77278.5,77677.5,77061.5,77224.5
1787320800000,77226.5,77237.5,76662.5,76735.5
1787321700000,76736.5,77172.5,76493.5,77032.5
1787322600000,77032.5,77211.5,76811.5,77125.5
1787323500000,77124.5,77431.5,77073.5,77354.5
1787324400000,77365.5,77782.5,77288.5,77685.5
1787325300000,77683.5,77844.5,77483.5,77584.5
1787326200000,77584.5,77732.5,77436.5,77471.5
1787327100000,77477.5,77520.5,77107.5,77184.5
1787328000000,77171.5,77258.5,76804.5,76822.5
1787328900000,76815.5,77354.5,76715.5,77342.5
1787329800000,77343.5,77349.5,77186.5,77317.5
1787330700000,77317.5,77521.5,77266.5,77446.5
1787331600000,77446.5,77691.5,77411.5,77531.5
1787332500000,77530.5,77531.5,77137.5,77528.5
1787333400000,77529.5,77623.5,77272.5,77349.5
1787334300000,77350.5,77487.5,77289.5,77368.5
1787335200000,77369.5,77506.5,77215.5,77270.5
1787336100000,77270.5,77460.5,77201.5,77337.5
1787337000000,77339.5,77392.5,76760.5,76863.5
1787337900000,76877.5,77078.5,76519.5,77075.5
1787338800000,77076.5,77131.5,76770.5,77087.5
1787339700000,77088.5,77289.5,76900.5,77275.5
1787340600000,77276.5,77316.5,77042.5,77130.5
1787341500000,77129.5,77207.5,76964.5,77004.5
1787342400000,77001.5,77286.5,76775.5,77250.5
1787343300000,77249.5,77507.5,77248.5,77460.5
1787344200000,77475.5,77515.5,77308.5,77447.5
1787345100000,77448.5,77516.5,77287.5,77480
1787518800000,77383.9,77684.5,77383.9,77665.5
1787519700000,77667.5,78021.5,77664.5,77998.5
1787520600000,77998.5,78026.5,77524.5,77618.5
1787521500000,77627.5,77853.5,77620.5,77824.5
1787522400000,77824.5,77974.5,77538.5,77696.5
1787523300000,77696.5,77818.5,77620.5,77650.5
1787524200000,77652.5,77732.5,77586.5,77636.5
1787525100000,77636.5,77714.5,77546.5,77592.5
1787526000000,77591.5,77628.5,77250.5,77472.5
1787526900000,77467.5,77678.5,77438.5,77666.5
1787527800000,77666.5,77822.5,77375.5,77467.5
1787528700000,77464.5,77785.5,77460.5,77723.5
1787529600000,77723.5,77740.5,77486.5,77621.5
1787530500000,77616.5,77644.5,77253.5,77424.5
1787531400000,77427.5,77581.5,77194.5,77222.5
1787532300000,77219.5,77668.5,77125.5,77661.5
1787533200000,77661.5,77710.5,77410.5,77411.5
1787534100000,77419.5,77467.5,77180.5,77222.5
1787535000000,77223.5,77360.5,77146.5,77193.5
1787535900000,77198.5,77258.5,76865.5,76900.5
1787536800000,76901.5,77406.5,76841.5,77358.5
1787537700000,77355.5,77506.5,77345.5,77437.5
1787538600000,77436.5,77538.5,77382.5,77432.5
1787539500000,77432.5,77519.5,77202.5,77464.5
1787540400000,77463.5,77517.5,77193.5,77198.5
1787541300000,77197.5,77255.5,77050.5,77105.5
1787542200000,77100.5,77159.5,76932.5,76961.5
1787543100000,76961.5,77141.5,76907.5,76921.5
1787544000000,76919.5,77086.5,76919.5,77007.5
1787544900000,77008.5,77246.5,77006.5,77213.5
1787545800000,77214.5,77230.5,77007.5,77101.5
1787546700000,77101.5,77121.5,76616.5,76889.5
1787547600000,76889.5,77214.5,76825.5,77205.5
1787548500000,77206.5,77235.5,76935.5,77056.5
1787549400000,77057.5,77180.5,76835.5,77089.5
1787550300000,77089.5,77180.5,76973.5,77135.5
1787551200000,77146.5,77426.5,77049.5,77381.5
1787552100000,77366.5,77452.5,77281.5,77340.5
1787553000000,77340.5,77379.5,77200.5,77343.5
1787553900000,77343.5,77524.5,77321.5,77448.5
1787554800000,77440.5,77778.5,77425.5,77737.5
1787555700000,77738.5,77738.5,77526.5,77579.5
1787556600000,77582.5,77590.5,77318.5,77318.5
1787557500000,77319.5,77415.5,77248.5,77301.5
1787558400000,77302.5,77396.5,77190.5,77229.5
1787559300000,77228.5,77230.5,76799.5,76888.5
1787560200000,76892.5,77114.5,76870.5,77107.5
1787561100000,77102.5,77130.5,76980.5,77011.5
1787562000000,77010.5,77273.5,76990.5,77257.5
1787562900000,77258.5,77407.5,77183.5,77395.5
1787563800000,77397.5,77493.5,77372.5,77445.5
1787564700000,77445.5,77581.5,77406.5,77522.5
1787565600000,77522.5,77860.5,77492.5,77807.5
1787566500000,77807.5,77909.5,77733.5,77832.5
1787567400000,77834.5,78001.5,77672.5,77714.5
1787568300000,77709.5,77818.5,77519.5,77602.5
1787569200000,77603.5,77848.5,77418.5,77798.5
1787570100000,77798.5,77888.5,77701.5,77814.5
1787571000000,77818.5,78560.5,77794.5,78550.5
1787571900000,78550.5,78589.5,78073.5,78420.5
1787572800000,78425.5,78430.5,78081.5,78124.5
1787573700000,78124.5,78486.5,77946.5,78427.5
1787574600000,78428.5,78871.5,78318.5,78703.5
1787575500000,78702.5,79298.5,78689.5,79134.5
1787576400000,79130.5,79423.5,78926.5,79199.5
1787577300000,79200.5,79220.5,78853.5,78993.5
1787578200000,78994.5,79021.5,78153.5,78251.5
1787579100000,78234.5,78584.5,77743.5,78555.5
1787580000000,78556.5,79210.5,78540.5,79163.5
1787580900000,79163.5,79576.5,78805.5,79355.5
1787581800000,79350.5,79807.5,79294.5,79625.5
1787582700000,79625.5,79745.5,79229.5,79473.5
1787583600000,79481.5,79698.5,79333.5,79513.5
1787584500000,79513.5,79959.5,79491.5,79881.5
1787585400000,79869.5,79986.5,78956.5,79268.5
1787586300000,79269.5,79539.5,78774.5,79071.5
1787587200000,79074.5,79519.5,79060.5,79480.5
1787588100000,79481.5,79851.5,79468.5,79660.5
1787589000000,79659.5,79769.5,79350.5,79356.5
1787589900000,79356.5,79384.5,78853.5,79042.5
1787590800000,79041.5,79195.5,78564.5,79083.5
1787591700000,79082.5,79166.5,78443.5,78516.5
1787592600000,78525.5,78837.5,78458.5,78606.5
1787593500000,78609.5,78806.5,78541.5,78750.5
1787594400000,78746.5,79018.5,78709.5,79002.5
1787595300000,79002.5,79077.5,78886.5,79019.5
1787596200000,79019.5,79092.5,78686.5,78967.5
1787597100000,78956.5,79081.5,78830.5,78915.5
1787598000000,78918.5,79104.5,78742.5,79009.5
1787598900000,79010.5,79033.5,78558.5,78849.5
1787599800000,78853.5,78950.5,78723.5,78857.5
1787600700000,78856.5,78872.5,78520.5,78725.5
1787601600000,78720.5,78802.5,78523.5,78660.5
1787602500000,78660.5,78773.5,78584.5,78671.5
1787603400000,78672.5,78984.5,78609.5,78895.5
1787604300000,78894.5,78924.5,78791.5,78919.5
1787605200000,78907.6,79041.5,78876.33,79012.5
1787606100000,79002.5,79033.5,78812.5,78894.5
1787607000000,78894.5,78995.5,78871.5,78960.5
1787607900000,78959.5,79012.5,78874.5,78961.5
1787608800000,78961.5,78982.5,78803.5,78853.5
1787609700000,78851.5,78920.5,78721.5,78759.5
1787610600000,78759.5,78911.5,78705.5,78746.5
1787611500000,78746.5,78833.5,78689.5,78730.5
1787612400000,78730.5,78817.5,78597.5,78738.5
1787613300000,78733.5,78979.5,78724.5,78883.5
1787614200000,78881.5,78980.5,78842.5,78947.5
1787615100000,78947.5,79002.5,78806.5,78973.5
1787616000000,78971.5,79068.5,78876.5,78938.5
1787616900000,78942.5,78942.5,78688.5,78781.5
1787617800000,78779.5,79363.5,78718.5,79360.5
1787618700000,79354.5,79874.5,79310.5,79722.5
1787619600000,79723.5,79975.5,79593.5,79635.5
1787620500000,79638.5,79949.5,79442.5,79815.5
1787621400000,79815.5,79910.5,79647.5,79687.5
1787622300000,79675.5,79843.5,79486.5,79819.5
1787623200000,79820.5,79924.5,79715.5,79851.5
1787624100000,79852.5,81064.5,79798.5,80992.5
1787625000000,80979.5,81256.5,80743.5,80797.5
1787625900000,80800.5,80841.5,80405.5,80624.5
1787626800000,80643.5,80943.5,80564.5,80775.5
1787627700000,80775.5,80804.5,80481.5,80624.5
1787628600000,80624.5,80876.5,80503.5,80567.5
1787629500000,80567.5,80660.5,80286.5,80455.5
1787630400000,80453.5,80594.5,80238.5,80459.5
1787631300000,80460.5,80471.5,80183.5,80223.5
1787632200000,80223.5,80357.5,80104.5,80205.5
1787633100000,80205.5,80345.5,80184.5,80339.5
1787634000000,80338.5,80562.5,80279.5,80505.5
1787634900000,80503.5,80696.5,80440.5,80585.5
1787635800000,80585.5,80793.5,80540.5,80671.5
1787636700000,80671.5,80768.5,80599.5,80703.5
1787637600000,80704.5,80827.5,80630.5,80800.5
1787638500000,80802.5,80880.5,80698.5,80707.5
1787639400000,80707.5,80716.5,80463.5,80485.5
1787640300000,80485.5,80526.5,80350.5,80523.5
1787641200000,80525.5,80774.5,80494.5,80671.5
1787642100000,80670.5,80699.5,80542.5,80606.5
1787643000000,80604.5,80647.5,80424.5,80444.5
1787643900000,80443.5,80465.5,79294.5,79645.5
1787644800000,79647.5,79942.5,79552.5,79876.5
1787645700000,79877.5,80212.5,79874.5,80146.5
1787646600000,80147.5,80192.5,79863.5,80068.5
1787647500000,80067.5,80085.5,79787.5,79889.5
1787648400000,79892.5,79918.5,79654.5,79796.5
1787649300000,79796.5,79926.5,79728.5,79779.5
1787650200000,79779.5,79911.5,79703.5,79703.5
1787651100000,79705.5,79750.5,78793.5,79145.5
1787652000000,79149.5,79307.5,78949.5,79291.5
1787652900000,79292.5,79398.5,79181.5,79248.5
1787653800000,79242.5,79301.5,79197.5,79281.5
1787654700000,79284.5,79455.5,79263.5,79275.5
1787655600000,79277.5,79373.5,79055.5,79067.5
1787656500000,79070.5,79284.5,79039.5,79235.5
1787657400000,79237.5,79432.5,79117.5,79121.5
1787658300000,79123.5,79168.5,79007.5,79091.5
1787659200000,79091.5,79155.5,78639.5,79048.5
1787660100000,79039.5,79053.5,78566.5,78859.5
1787661000000,78862.5,78987.5,78732.5,78910.5
1787661900000,78912.5,79070.5,78854.5,78957.5
1787662800000,78956.5,79069.5,78687.5,78789.5
1787663700000,78789.5,78802.5,78535.5,78620.5
1787664600000,78625.5,79207.5,78570.5,78613.5
1787665500000,78611.5,78647.5,78036.5,78621.5
1787666400000,78622.5,79040.5,78481.5,78980.5
1787667300000,78981.5,79299.5,78867.5,79181.5
1787668200000,79176.5,79361.5,79001.5,79159.5
1787669100000,79161.5,79376.5,79138.5,79236.5
1787670000000,79235.5,79358.5,79026.5,79096.5
1787670900000,79092.5,79278.5,79005.5,79229.5
1787671800000,79230.5,79486.5,79169.5,79393.5
1787672700000,79391.5,79527.5,79251.5,79495.5
1787673600000,79494.5,79561.5,79130.5,79151.5
1787674500000,79151.5,79263.5,79046.5,79121.5
1787675400000,79120.5,79350.5,79118.5,79216.5
1787676300000,79216.5,79353.5,79069.5,79138.5
1787677200000,79137.5,79137.5,78820.5,78958.5
1787678100000,78958.5,79014.5,78685.5,78786.5
1787679000000,78788.5,79168.5,78781.5,79130.5
1787679900000,79130.5,79247.5,79120.5,79225.5
1787680800000,79227.5,79330.5,79191.5,79304.5
1787681700000,79305.5,79324.5,79214.5,79249.5
1787682600000,79249.5,79249.5,79076.5,79145.5
1787683500000,79147.5,79224.5,79001.5,79101.5
1787684400000,79099.5,79173.5,78983.5,79131.5
1787685300000,79131.5,79210.5,78870.5,78901.5
1787686200000,78905.5,78927.5,78702.5,78724.5
1787687100000,78725.5,78926.5,78711.5,78908.5
1787688000000,78903.5,78955.5,78635.5,78866.5
1787688900000,78865.5,78955.5,78740.5,78759.5
1787689800000,78761.5,78787.5,78343.5,78450.5
1787690700000,78447.5,78525.5,78110.5,78184.2
1787691600000,78167,78282.5,77779.5,78264.5
1787692500000,78265.5,78462.5,78161.5,78437.5
1787693400000,78438.5,78633.5,78349.5,78565.5
1787694300000,78565.5,78644.5,78464.5,78539.5
1787695200000,78540.5,78929.5,78539.5,78902.5
1787696100000,78903.5,78978.5,78575.5,78624.5
1787697000000,78624.5,78856.5,78563.5,78751.5
1787697900000,78751.5,78934.5,78743.5,78865.5
1787698800000,78866.5,78957.5,78778.5,78935.5
1787699700000,78935.5,78948.5,78600.5,78710.5
1787700600000,78710.5,78788.5,78487.5,78577.5
1787701500000,78576.5,78589.5,78369.5,78530.5
1787702400000,78529.5,78607.5,78257.5,78341.5
1787703300000,78341.5,78599.5,78316.5,78577.5
1787704200000,78575.5,78657.5,78330.5,78376.5
1787705100000,78377.5,78709.5,78348.5,78610.5
1787706000000,78613.5,78894.5,78581.5,78733.5
1787706900000,78736.5,78872.5,78674.5,78704.5
1787707800000,78704.5,78960.5,78701.5,78854.5
1787708700000,78857.5,78860.5,78739.5,78814.5
1787709600000,78814.5,78872.5,78731.5,78765.5
1787710500000,78769.5,79236.5,78694.5,79215.5
1787711400000,79217.5,79233.5,79105.5,79131.5
1787712300000,79134.5,79172.5,79001.5,79080.5
1787713200000,79081.5,79176.5,79017.5,79019.5
1787714100000,79020.5,79099.5,78962.5,79025.5
1787715000000,79025.5,79106.5,78863.5,79041.5
1787715900000,79040.5,79100.5,78924.5,79064.5
1787716800000,79061.5,79180.5,78936.5,79036.5
1787717700000,79037.5,79133.5,78957.5,79007.5
1787718600000,79007.5,79051.5,78873.5,78946.5
1787719500000,78946.5,78947.5,78772.5,78819.5
1787720400000,78818.5,78957.5,78613.5,78878.5
1787721300000,78879.5,79054.5,78714.5,79008.5
1787722200000,79008.5,79125.5,78956.5,79097.5
1787723100000,79100.5,79101.5,78929.5,79066.5
1787724000000,79067.5,79198.5,78950.5,78991.5
1787724900000,78992.5,79044.5,78792.5,78884.5
1787725800000,78884.5,78954.5,78793.5,78926.5
1787726700000,78926.5,78960.5,78842.5,78922.5
1787727600000,78922.5,79089.5,78835.5,78979.5
1787728500000,78980.5,79025.5,78870.5,78927.5
1787729400000,78927.5,79037.5,78864.5,78979.5
1787730300000,78979.5,79048.5,78893.5,78905.5
1787731200000,78906.5,79105.5,78808.5,79025.5
1787732100000,79026.5,79104.5,78877.5,78969.5
1787733000000,78970.5,79014.5,78880.5,78985.5
1787733900000,78982.5,79008.5,78581.5,78700.5
1787734800000,78694.5,78863.5,78644.5,78758.5
1787735700000,78758.5,78758.5,78368.5,78514.5
1787736600000,78515.5,78576.5,78301.5,78308.5
1787737500000,78310.5,78484.5,78210.5,78423.5
1787738400000,78418.5,78463.5,78269.5,78408.5
1787739300000,78408.5,78614.5,78389.5,78599.5
1787740200000,78600.5,78802.5,78537.5,78701.5
1787741100000,78703.5,78856.5,78667.5,78695.5
1787742000000,78695.5,78762.5,78628.5,78686.5
1787742900000,78686.5,78718.5,78580.5,78596.5
1787743800000,78596.5,78606.5,78277.5,78451.5
1787744700000,78451.5,78552.5,78348.5,78461.5
1787745600000,78461.5,78543.5,78325.5,78371.5
1787746500000,78372.5,78687.5,78250.5,78681.5
1787747400000,78683.5,78686.5,77917.5,78238.5
1787748300000,78237.5,78434.5,78173.5,78288.5
1787749200000,78289.5,78443.5,77959.5,78103.5
1787750100000,78107.5,78162.5,77895.5,78032.5
1787751000000,78037.5,78487.5,78028.5,78469.5
1787751900000,78470.5,78543.5,78093.5,78431.5
1787752800000,78433.5,78595.5,78277.5,78442.5
1787753700000,78441.5,78563.5,78172.5,78227.5
1787754600000,78226.5,78281.5,77901.5,77956.5
1787755500000,77954.5,78023.5,77726.5,77766.5
1787756400000,77767.5,77939.5,77610.5,77827.5
1787757300000,77827.5,78152.5,77703.5,78139.5
1787758200000,78137.5,78153.5,77904.5,78025.5
1787759100000,78026.5,78144.5,77959.5,78000.5
1787760000000,78003.5,78150.5,77951.5,78066.5
1787760900000,78066.5,78128.5,77957.5,78042.5
1787761800000,78041.5,78147.5,77844.5,77865.5
1787762700000,77864.5,78170.5,77864.5,77976.5
1787763600000,77978.5,78124.5,77973.5,78121.5
1787764500000,78121.5,78520.5,78119.5,78517.5
1787765400000,78516.5,78609.5,78472.5,78504.5
1787766300000,78504.5,78516.5,78345.5,78436.5
1787767200000,78441.5,78641.5,78384.5,78554.5
1787768100000,78554.5,78602.5,78422.5,78464.5
1787769000000,78465.5,78490.5,78256.5,78287.5
1787769900000,78288.5,78490.5,78265.5,78461.5
1787770800000,78461.5,78507.5,78357.5,78363.5
1787771700000,78363.5,78566.5,78262.5,78519.5
1787772600000,78520.5,78541.5,78357.5,78422.5
1787773500000,78421.5,78532.5,78410.5,78467.5
1787774400000,78466.5,78526.5,78371.5,78402.5
1787775300000,78401.5,78460.5,78157.5,78390.5
1787776200000,78384.4,78426.5,78274.5,78387.5
1787777100000,78388.5,78454.5,78353.5,78433.1
1787778000000,78432.79999999999,78801.5,78280.26,78786.5
1787778900000,78792.5,78860.5,78698.5,78743.5
1787779800000,78726.5,78837.5,78643.5,78692.5
1787780700000,78701.5,78807.5,78649.5,78716.5
1787781600000,78715.5,78861.5,78663.5,78774.5
1787782500000,78775.5,78983.5,78745.5,78821.5
1787783400000,78819.5,78824.5,78574.5,78690.5
1787784300000,78686.5,78736.5,78535.5,78688.5
1787785200000,78692.5,78757.5,78644.5,78694.5
1787786100000,78696.5,78893.5,78652.5,78850.5
1787787000000,78856.5,79057.5,78842.5,79037.5
1787787900000,79036.5,79167.5,78936.5,79025.5
1787788800000,79025.5,79034.5,78807.5,78831.5
1787789700000,78831.5,78946.5,78800.5,78907.5
1787790600000,78903.5,78911.5,78769.5,78875.5
1787791500000,78874.5,78885.5,78682.5,78685.5
1787792400000,78683.5,78784.5,78608.5,78655.5
1787793300000,78651.5,78962.5,78515.5,78924.5
1787794200000,78923.5,78983.5,78704.5,78714.5
1787795100000,78714.5,79027.5,78683.5,78899.5
1787796000000,78904.5,78985.5,78833.5,78874.5
1787796900000,78872.5,78880.5,78706.5,78754.5
1787797800000,78754.5,78798.5,78690.5,78729.5
1787798700000,78729.5,78787.5,78688.5,78714.5
1787799600000,78715.5,78776.5,78641.5,78658.5
1787800500000,78659.5,78980.5,78616.5,78878.5
1787801400000,78878.5,78904.5,78799.5,78854.5
1787802300000,78853.5,78909.5,78746.5,78814.5
1787803200000,78817.5,78879.5,78768.5,78834.5
1787804100000,78834.5,78885.5,78750.5,78755.5
1787805000000,78754.5,78806.5,78654.5,78793.5
1787805900000,78793.5,78806.5,78681.5,78750.5
1787806800000,78751.5,78754.5,78610.5,78617.5
1787807700000,78619.5,78782.5,78595.5,78650.5
1787808600000,78650.5,78775.5,78560.5,78680.5
1787809500000,78689.5,78915.5,78670.5,78889.5
1787810400000,78891.5,78891.5,78621.5,78668.5
1787811300000,78667.5,78778.5,78585.5,78627.5
1787812200000,78627.5,78778.5,78627.5,78735.5
1787813100000,78738.5,78831.5,78717.5,78796.5
1787814000000,78784.5,78857.5,78724.5,78812.5
1787814900000,78812.5,78833.5,78718.5,78780.5
1787815800000,78782.5,78871.5,78766.5,78816.5
1787816700000,78817.5,79094.5,78816.5,79066.5
1787817600000,79068.5,79869.5,79013.5,79610.5
1787818500000,79616.5,79740.5,79426.5,79737.5
1787819400000,79739.5,79989.5,79692.5,79909.5
1787820300000,79911.5,80015.5,79677.5,79750.5
1787821200000,79751.5,79881.5,79661.5,79859.5
1787822100000,79857.5,80501.5,79766.5,80492.5
1787823000000,80484.5,80527.5,80181.5,80244.5
1787823900000,80245.5,80275.5,79879.5,79972.5
1787824800000,79972.5,80170.5,79787.5,79937.5
1787825700000,79936.5,80022.5,79292.5,79658.5
1787826600000,79658.5,79680.5,79358.5,79609.5
1787827500000,79603.5,79638.5,79488.5,79638.5
1787828400000,79637.5,79748.5,79550.5,79739.5
1787829300000,79740.5,79785.5,79474.5,79518.5
1787830200000,79521.5,79566.5,79361.5,79425.5
1787831100000,79422.5,79504.5,79172.5,79459.5
1787832000000,79459.5,79544.5,79347.5,79486.5
1787832900000,79480.5,79580.5,79374.5,79537.5
1787833800000,79529.5,79539.5,79230.5,79251.5
1787834700000,79252.5,79340.5,79196.5,79250.5
1787835600000,79254.5,79366.5,79236.5,79354.5
1787836500000,79354.5,79475.5,79270.5,79314.5
1787837400000,79314.5,79336.5,79046.5,79209.5
1787838300000,79211.5,79560.5,78869.5,79517.5
1787839200000,79517.5,79791.5,79333.5,79439.5
1787840100000,79434.5,79921.5,79369.5,79908.5
1787841000000,79907.5,80409.5,79781.5,80381.5
1787841900000,80379.5,80379.5,80016.5,80215.5
1787842800000,80219.5,80795.5,80096.5,80688.5
1787843700000,80688.5,80754.5,80411.5,80626.5
1787844600000,80629.5,80638.5,80365.5,80511.5
1787845500000,80509.5,80536.5,80303.5,80313.5
1787846400000,80312.5,80556.5,80195.5,80421.5
1787847300000,80417.5,80567.5,80399.5,80426.5
1787848200000,80426.5,80640.5,80278.5,80569.5
1787849100000,80591.5,80638.5,80363.5,80381.5
1787850000000,80381.5,80672.5,80237.5,80632.5
1787850900000,80636.5,80823.5,80587.5,80726.5
1787851800000,80722.5,80812.5,80460.5,80489.5
1787852700000,80488.5,80581.5,80420.5,80438.5
1787853600000,80439.5,80443.5,79932.5,80081.5
1787854500000,80092.5,80196.5,79716.5,79924.5
1787855400000,79923.5,80018.5,79817.5,79962.5
1787856300000,79963.5,80163.5,79899.5,80155.5
1787857200000,80156.5,80307.5,80102.5,80160.5
1787858100000,80160.5,80245.5,80034.5,80189.5
1787859000000,80195.5,80248.5,79976.5,80009.5
1787859900000,80011.5,80057.5,79820.5,79899.5
1787860800000,79890.5,80050.5,79875.5,79974.5
1787861700000,79970.5,80139.5,79943.5,80004.5
1787862600000,80004.5,80065.5,79974.9,80016.5
1787863500000,80016.5,80105.5,79963.5,80091.6
1787864400000,80091,80171.5,79984.5,80101.5
1787865300000,80100.5,80151.5,79978.5,80050.5
1787866200000,80049.5,80140.5,79990.5,80046.5
1787867100000,80044.5,80205.5,80016.5,80192.5
1787868000000,80192.5,80331.5,80184.5,80251.5
1787868900000,80251.5,80456.5,80211.5,80249.5
1787869800000,80249.5,80320.5,80151.5,80295.5
1787870700000,80297.5,80330.5,80217.5,80323.5
1787871600000,80318.5,80319.5,80160.5,80189.5
1787872500000,80188.5,80428.5,80151.5,80342.5
1787873400000,80342.5,80357.5,80268.5,80286.5
1787874300000,80290.5,80343.5,80212.5,80279.5
1787875200000,80281.5,80306.5,80173.5,80244.5
1787876100000,80244.5,80494.5,80241.5,80448.5
1787877000000,80445.5,80535.5,80381.5,80451.5
1787877900000,80454.5,80739.5,80367.5,80596.5
1787878800000,80591.5,80885.5,80589.5,80761.5
1787879700000,80755.5,81191.5,80693.5,81142.5
1787880600000,81141.5,81493.5,80819.5,80836.5
1787881500000,80835.5,80902.5,80377.5,80507.5
1787882400000,80500.5,80514.5,80231.5,80245.5
1787883300000,80244.5,80313.5,79915.5,79923.5
1787884200000,79925.5,80167.5,79815.5,80036.5
1787885100000,80037.5,80037.5,79727.5,79927.5
1787886000000,79929.5,79991.5,79780.5,79881.5
1787886900000,79883.5,80062.5,79877.5,79916.5
1787887800000,79916.5,80008.5,79809.5,79819.5
1787888700000,79821.5,79879.5,79769.5,79819.5
1787889600000,79817.5,79866.5,79602.5,79857.5
1787890500000,79857.5,79977.5,79812.5,79819.5
1787891400000,79818.5,79859.5,79634.5,79712.5
1787892300000,79712.5,79755.5,79616.5,79636.5
1787893200000,79636.5,79723.5,79550.5,79646.5
1787894100000,79646.5,79740.5,79568.5,79733.5
1787895000000,79734.5,79879.5,79704.5,79825.5
1787895900000,79824.5,79885.5,79647.5,79693.5
1787896800000,79694.5,79919.5,79689.5,79905.5
1787897700000,79904.5,79914.5,79804.5,79834.5
1787898600000,79834.5,79881.5,79791.5,79863.5
1787899500000,79862.5,80000.5,79856.5,79902.5
1787900400000,79902.5,79909.5,79654.5,79696.5
1787901300000,79700.5,79818.5,79667.5,79801.5
1787902200000,79804.5,79817.5,79571.5,79593.5
1787903100000,79592.5,79687.5,79587.5,79687.5
1787904000000,79683.5,79843.5,79672.5,79751.5
1787904900000,79750.5,79847.5,79745.5,79793.5
1787905800000,79793.5,79835.5,79711.5,79721.5
1787906700000,79727.5,79745.5,79473.5,79522.5
1787907600000,79522.5,79529.5,79246.5,79395.5
1787908500000,79394.5,79473.5,79360.5,79372.5
1787909400000,79377.5,79429.5,79274.5,79274.5
1787910300000,79276.5,79370.5,79266.5,79291.5
1787911200000,79289.5,79317.5,78993.5,79206.5
1787912100000,79207.5,79305.5,79137.5,79298.5
1787913000000,79299.5,79368.5,79281.5,79316.5
1787913900000,79317.5,79582.5,79304.5,79574.5
1787914800000,79572.5,79711.5,79552.5,79692.5
1787915700000,79692.5,79765.5,79626.5,79659.5
1787916600000,79658.5,79730.5,79566.5,79612.5
1787917500000,79612.5,79632.5,79476.5,79586.5
1787918400000,79587.5,79679.5,79509.5,79528.5
1787919300000,79534.5,79718.5,79512.5,79516.5
1787920200000,79517.5,79524.5,79286.5,79400.5
1787921100000,79400.5,79442.5,79333.5,79402.5
1787922000000,79402.5,79480.5,79268.5,79365.5
1787922900000,79361.5,79371.5,79091.5,79197.5
1787923800000,79195.5,79362.5,79025.5,79089.5
1787924700000,79089.5,79558.5,79065.5,79325.5
1787925600000,79296.5,79682.5,78407.5,78615.5
1787926500000,78616.5,79025.5,78466.5,78935.5
1787927400000,78940.5,79692.5,78839.5,79416.5
1787928300000,79422.5,79631.5,79090.5,79564.5
1787929200000,79561.5,79838.5,79286.5,79299.5
1787930100000,79304.5,79514.5,79188.5,79323.5
1787931000000,79324.5,79336.5,78762.5,78784.5
1787931900000,78784.5,78915.5,78297.5,78310.5
1787932800000,78312.5,78384.5,77783.5,77799.5
1787933700000,77796.5,77835.5,76807.5,77495.5
1787934600000,77496.5,77947.5,77463.5,77784.5
1787935500000,77787.5,77994.5,77737.5,77778.5
1787936400000,77774.5,77990.5,77637.5,77990.5
1787937300000,77987.5,78086.5,77779.5,77908.5
1787938200000,77909.5,77980.5,77663.5,77777.5
1787939100000,77772.5,77982.5,77768.5,77888.5
1787940000000,77887.5,77934.5,77711.5,77713.5
1787940900000,77713.5,77787.5,77455.5,77554.5
1787941800000,77550.5,77604.5,77270.5,77391.5
1787942700000,77384.5,77552.5,77230.5,77546.5
1787943600000,77548.5,77735.5,77472.5,77656.5
1787944500000,77656.5,77777.5,77597.5,77672.5
1787945400000,77670.5,77686.5,77502.5,77511.5
1787946300000,77511.5,77567.5,77317.5,77540.5
1787947200000,77543.5,77605.5,77451.5,77527.5
1787948100000,77527.5,77534.5,77350.5,77479.5
1787949000000,77479.5,77479.5,77284.5,77382.5
1787949900000,77378.5,77459.5,77318.5,77371.5
1788123600000,78547.4,78547.4,78201.7,78485.5
1788124500000,78490.5,78655.5,78439.5,78617.5
1788125400000,78615.5,78706.5,78569.5,78614.5
1788126300000,78613.5,78671.5,78513.5,78628.5
1788127200000,78628.5,78793.5,78457.5,78539.5
1788128100000,78538.5,78540.5,78275.5,78363.5
1788129000000,78363.5,78522.5,78250.5,78432.5
1788129900000,78440.5,78495.5,78348.5,78415.5
1788130800000,78414.5,78450.5,78283.5,78353.5
1788131700000,78354.5,78392.5,77595.5,77673.5
1788132600000,77674.5,77882.5,77304.5,77467.5
1788133500000,77466.5,77714.5,76971.5,77661.5
1788134400000,77662.5,77809.5,77402.5,77737.5
1788135300000,77731.5,77952.5,77672.5,77877.5
1788136200000,77876.5,78165.5,77849.5,78001.5
1788137100000,78001.5,78017.5,77874.5,77898.5
1788138000000,77906.5,77976.5,77520.5,77614.5
1788138900000,77615.5,77826.5,77536.5,77750.5
1788139800000,77753.5,77932.5,77612.5,77716.5
1788140700000,77717.5,77840.5,77584.5,77628.5
1788141600000,77623.5,77976.5,77482.5,77918.5
1788142500000,77918.5,77934.5,77756.5,77864.5
1788143400000,77865.5,77923.5,77674.5,77681.5
1788144300000,77681.5,77745.5,77345.5,77452.5
1788145200000,77452.5,77669.5,77347.5,77624.5
1788146100000,77626.5,77746.5,77550.5,77702.5
1788147000000,77705.5,77833.5,77627.5,77794.5
1788147900000,77793.5,77854.5,77711.5,77733.5
1788148800000,77732.5,77757.5,77542.5,77584.5
1788149700000,77585.5,77591.5,77454.5,77485.5
1788150600000,77485.5,77583.5,77432.5,77562.5
1788151500000,77564.5,77642.5,77450.5,77595.5
1788152400000,77596.5,77778.5,77472.5,77734.5
1788153300000,77735.5,78131.5,77717.5,77976.5
1788154200000,77976.5,78024.5,77811.5,77946.5
1788155100000,77943.8,78021.5,77916.5,77993.5
1788156000000,77994.5,78057.5,77837.5,78012.5
1788156900000,78014.5,78120.5,77960.5,78002.5
1788157800000,78001.5,78121.5,77902.5,78055.5
1788158700000,78055.5,78107.5,77981.5,78044.5
1788159600000,78044.5,78152.5,77975.5,78092.5
1788160500000,78096.5,78292.5,78087.5,78189.5
1788161400000,78187.1,78271.5,78090.5,78235.5
1788162300000,78233.5,78258.5,78128.5,78148.5
1788163200000,78148.5,78320.5,78001.5,78129.5
1788164100000,78123.5,78134.5,77912.5,78050.5
1788165000000,78053.5,78438.5,78029.5,78290.5
1788165900000,78290.5,78487.5,78273.5,78442.5
1788166800000,78434.5,78762.5,78358.5,78617.5
1788167700000,78619.5,78767.5,78554.5,78617.5
1788168600000,78623.5,78694.5,78563.5,78675.5
1788169500000,78676.5,78773.5,78463.5,78469.5
1788170400000,78471.5,78486.5,78241.5,78475.5
1788171300000,78472.5,78476.5,78337.5,78396.5
1788172200000,78397.5,78510.5,78318.5,78487.5
1788173100000,78482.5,78656.5,78442.5,78654.5
1788174000000,78653.5,78654.5,78460.5,78570.5
1788174900000,78567.5,78586.5,78394.5,78435.5
1788175800000,78431.5,78437.5,78288.5,78346.5
1788176700000,78350.5,78380.5,78207.5,78264.5
1788177600000,78263.5,78486.5,78205.5,78346.5
1788178500000,78349.5,78415.5,77966.5,78034.5
1788179400000,78033.5,78113.5,77642.5,77832.5
1788180300000,77844.5,77892.5,77707.5,77885.5
1788181200000,77891.5,78157.5,77872.5,78037.5
1788182100000,78032.5,78050.5,77795.5,78012.5
1788183000000,78011.5,78263.5,77752.5,77962.5
1788183900000,77962.5,78014.5,77669.5,77817.5
1788184800000,77816.5,78040.5,77744.5,77838.5
1788185700000,77843.5,78025.5,77693.5,77996.5
1788186600000,77997.5,78645.5,77893.5,78477.5
1788187500000,78479.5,78606.5,78325.5,78530.5
1788188400000,78545.5,78646.5,78257.5,78280.5
1788189300000,78278.5,78514.5,78164.5,78428.5
1788190200000,78424.5,78741.5,78353.5,78676.5
1788191100000,78673.5,78709.5,78512.5,78544.5
1788192000000,78545.5,78763.5,78489.5,78632.5
1788192900000,78632.5,78723.5,78476.5,78615.5
1788193800000,78616.5,78750.5,78536.5,78691.5
1788194700000,78691.5,78830.5,78592.5,78599.5
1788195600000,78597.5,78788.5,78567.5,78708.5
1788196500000,78707.5,78718.5,78446.5,78515.5
1788197400000,78514.5,78972.5,78499.5,78888.5
1788198300000,78888.5,78943.5,78808.5,78873.5
1788199200000,78875.5,78953.5,78735.5,78942.5
1788200100000,78943.5,79079.5,78807.5,78877.5
1788201000000,78880.5,79199.5,78850.5,79161.5
1788201900000,79159.5,79159.5,78960.5,78998.5
1788202800000,78999.5,79258.5,78992.5,79167.5
1788203700000,79172.5,79175.5,79004.5,79081.5
1788204600000,79081.5,79142.5,78916.5,78963.5
1788205500000,78965.5,79102.5,78834.5,78888.5
1788206400000,78889.5,78969.5,78835.5,78952.5
1788207300000,78955.5,79176.5,78889.5,78901.5
1788208200000,78901.5,78946.5,78766.5,78857.5
1788209100000,78864.5,78905.5,78801.5,78838.3
1788210000000,78829.1,78880.5,78615.57,78829.5
1788210900000,78829.5,78953.5,78787.5,78931.5
1788211800000,78932.5,79053.5,78893.5,79034.5
1788212700000,79033.5,79057.5,78920.5,78933.5
1788213600000,78933.5,78999.5,78861.5,78865.5
1788214500000,78865.5,78871.5,78717.5,78743.5
1788215400000,78743.5,78754.5,78608.5,78621.5
1788216300000,78621.5,78631.5,78541.5,78562.5
1788217200000,78562.5,78562.5,78358.5,78425.5
1788218100000,78425.5,78566.5,78423.5,78554.5
1788219000000,78554.5,78571.5,78464.5,78541.5
1788219900000,78537.5,78572.5,78512.5,78558.5
1788220800000,78562.5,78769.5,78522.5,78728.5
1788221700000,78727.5,78885.5,78701.5,78842.5
1788222600000,78843.5,78872.5,78636.5,78679.5
1788223500000,78684.5,78791.5,78536.5,78625.5
1788224400000,78629.5,78775.5,78492.5,78524.5
1788225300000,78524.5,78618.5,78342.5,78386.5
1788226200000,78391.5,78549.5,78331.5,78532.5
1788227100000,78532.5,78539.5,78323.5,78359.5
1788228000000,78358.5,78358.5,78122.5,78255.5
1788228900000,78258.5,78299.5,78146.5,78187.5
1788229800000,78187.5,78373.5,78187.5,78314.5
1788230700000,78318.5,78415.5,78290.5,78395.5
1788231600000,78394.5,78450.5,78315.5,78389.5
1788232500000,78389.5,78465.5,78339.5,78427.5
1788233400000,78427.5,78846.5,78416.5,78753.5
1788234300000,78752.5,78765.5,78618.5,78643.5
1788235200000,78643.5,78747.5,78573.5,78625.5
1788236100000,78625.5,78862.5,78612.5,78772.5
1788237000000,78772.5,78814.5,78655.5,78670.5
1788237900000,78669.5,78739.5,78613.5,78678.5
1788238800000,78680.5,78935.5,78679.5,78812.5
1788239700000,78812.5,78971.5,78732.5,78946.5
1788240600000,78942.5,79143.5,78918.5,79130.5
1788241500000,79130.5,79180.5,78975.79,79118.5
1788242400000,79117.5,79122.5,78917.5,78983.5
1788243300000,78982.5,78982.5,78757.5,78842.5
1788244200000,78842.5,78903.5,78803.5,78828.5
1788245100000,78829.5,78838.5,78677.5,78678.5
1788246000000,78675.5,78769.5,78659.5,78678.5
1788246900000,78678.5,78758.5,78642.5,78737.5
1788247800000,78737.5,78758.5,78453.5,78586.5
1788248700000,78586.5,78660.5,78533.5,78601.5
1788249600000,78601.5,78629.5,78215.5,78272.5
1788250500000,78269.5,78292.5,77816.5,77848.5
1788251400000,77852.5,78032.5,77790.5,77929.75
1788252300000,77923.5,77995.5,77783.5,77838.5
1788253200000,77837.5,77901.5,77731.5,77782.5
1788254100000,77777.5,77933.5,77757.5,77881.5
1788255000000,77885.5,78019.5,77801.5,78018.5
1788255900000,78018.5,78024.5,77860.5,77863.5
1788256800000,77862.5,77968.5,77763.5,77839.5
1788257700000,77845.5,78001.5,77709.5,77980.5
1788258600000,77975.5,78172.5,77975.5,78084.5
1788259500000,78086.5,78129.5,77933.5,77964.5
1788260400000,77965.5,77995.5,77857.5,77930.5
1788261300000,77925.5,77966.5,77818.5,77950.5
1788262200000,77946.5,78154.5,77874.5,78044.5
1788263100000,78045.5,78147.5,77986.5,78034.5
1788264000000,78034.5,78096.5,77888.5,77977.5
1788264900000,77974.5,78042.5,77854.5,77935.5
1788265800000,77935.5,77941.5,77677.5,77917.5
1788266700000,77917.5,78035.5,77865.5,77960.5
1788267600000,77961.5,77977.5,77397.5,77757.5
1788268500000,77758.5,77842.5,77653.5,77826.5
1788269400000,77827.5,77981.5,77430.5,77870.5
1788270300000,77873.5,78169.5,77798.5,78017.5
1788271200000,78021.5,78390.5,77962.5,78234.5
1788272100000,78233.5,78378.5,78089.5,78206.5
1788273000000,78208.5,78363.5,78172.5,78353.5
1788273900000,78354.5,78380.5,78083.5,78122.5
1788274800000,78123.5,78124.5,77665.5,77765.5
1788275700000,77764.5,77842.5,77697.5,77810.5
1788276600000,77813.5,77948.5,77756.5,77940.5
1788277500000,77968.5,78062.5,77857.5,77866.5
1788278400000,77866.5,77938.5,77593.5,77620.5
1788279300000,77618.5,77705.5,77409.5,77578.5
1788280200000,77577.5,77581.5,77241.5,77393.5
1788281100000,77394.5,77618.5,77377.5,77556.5
1788282000000,77555.5,77618.5,77446.5,77476.5
1788282900000,77474.5,77588.5,77367.5,77475.5
1788283800000,77473.5,77694.5,77450.5,77489.5
1788284700000,77482.5,77490.5,77209.5,77242.5
1788285600000,77242.5,77293.5,77092.5,77184.5
1788286500000,77184.5,77212.5,76627.5,77000.5
1788287400000,77004.5,77080.5,76532.5,76539.5
1788288300000,76541.5,77129.5,76363.5,77116.5
1788289200000,77120.5,77276.5,77056.5,77160.5
1788290100000,77160.5,77418.5,77083.5,77312.5
1788291000000,77311.5,77343.5,77236.5,77271.5
1788291900000,77270.5,77299.5,77132.5,77262.5
1788292800000,77264.5,77378.5,77155.5,77374.5
1788293700000,77374.5,77413.5,77261.5,77344.5
1788294600000,77349.5,77426.5,77275.5,77335.5
1788295500000,77336.5,77422.5,77288.5,77406.8
1788296400000,77389.4,77471.2,77010.5,77063.5
1788297300000,77064.5,77214.5,76812.5,77135.5
1788298200000,77135.5,77162.5,76961.5,77083.5
1788299100000,77085.5,77229.5,77051.5,77152.5
1788300000000,77151.5,77277.5,77111.5,77251.5
1788300900000,77245.5,77246.5,77012.5,77014.5
1788301800000,77018.5,77140.5,76972.5,77109.5
1788302700000,77109.5,77329.5,77108.5,77216.5
1788303600000,77220.5,77273.5,77132.5,77214.5
1788304500000,77209.5,77349.5,77197.5,77344.5
1788305400000,77345.5,77560.5,77318.5,77498.5
1788306300000,77498.5,77592.5,77365.5,77398.5
1788307200000,77391.5,77486.5,77302.5,77353.5
1788308100000,77353.5,77430.5,77211.5,77216.5
1788309000000,77216.5,77297.5,77079.5,77190.5
1788309900000,77192.5,77236.5,77119.5,77171.5
1788310800000,77166.5,77332.5,77091.5,77286.5
1788311700000,77286.5,77298.5,77072.5,77087.5
1788312600000,77089.5,77127.5,76775.5,76827.5
1788313500000,76830.5,76999.5,76618.5,76954.5
1788314400000,76955.5,77159.5,76855.5,77015.5
1788315300000,77016.5,77279.5,77006.5,77252.5
1788316200000,77250.5,77250.5,77070.5,77156.5
1788317100000,77155.5,77272.5,77109.5,77269.5
1788318000000,77265.5,77552.5,77236.5,77451.5
1788318900000,77452.5,77753.5,77420.5,77599.5
1788319800000,77594.5,77603.5,77443.5,77492.5
1788320700000,77461.5,77586.5,77429.5,77492.5
1788321600000,77493.5,77501.5,77271.5,77300.5
1788322500000,77299.5,77390.5,77212.5,77375.5
1788323400000,77372.5,77548.5,77347.5,77546.5
1788324300000,77547.5,77565.5,77465.5,77496.5
1788325200000,77495.5,77561.5,77360.5,77553.5
1788326100000,77553.5,77724.5,77552.5,77686.5
1788327000000,77680.5,77706.5,77592.5,77635.5
1788327900000,77635.5,77699.5,77441.5,77594.5
1788328800000,77598.5,77678.5,77498.5,77525.5
1788329700000,77526.5,77606.5,77472.5,77482.5
1788330600000,77480.5,77639.5,77374.5,77574.5
1788331500000,77576.5,77587.5,77428.5,77564.5
1788332400000,77558.5,77726.5,77531.5,77621.5
1788333300000,77620.5,77655.5,77530.5,77556.5
1788334200000,77556.5,77595.5,77482.5,77487.5
1788335100000,77487.5,77546.5,77410.5,77420.5
1788336000000,77420.5,77502.5,77319.5,77365.5
1788336900000,77364.5,77432.5,77186.5,77190.5
1788337800000,77193.5,77203.5,76870.5,76900.5
1788338700000,76900.5,76970.5,76670.5,76786.5
1788339600000,76789.5,76996.5,76779.5,76895.5
1788340500000,76893.5,76919.5,76553.5,76840.5
1788341400000,76840.5,76842.5,76443.5,76500.5
1788342300000,76502.5,76715.5,76407.5,76696.5
1788343200000,76698.5,76706.5,76497.5,76584.5
1788344100000,76590.5,76652.5,76502.5,76514.5
1788345000000,76516.5,76565.5,76395.5,76539.5
1788345900000,76540.5,76647.5,76130.5,76616.5
1788346800000,76615.5,76680.5,76448.5,76664.5
1788347700000,76667.5,76706.5,76286.5,76439.5
1788348600000,76436.5,76684.5,76417.5,76586.5
1788349500000,76585.5,76791.5,76523.5,76773.5
1788350400000,76772.5,76785.5,76609.5,76767.5
1788351300000,76765.5,76999.5,76697.5,76926.5
1788352200000,76924.5,76943.5,76707.5,76766.5
1788353100000,76766.5,76767.5,76544.5,76546.5
1788354000000,76546.5,76823.5,76536.5,76677.5
1788354900000,76677.5,76896.5,76623.5,76812.5
1788355800000,76812.5,77362.5,76535.5,77320.5
1788356700000,77328.5,77393.5,76934.5,77103.5
1788357600000,77103.5,77322.5,76942.5,77297.5
1788358500000,77297.5,77452.5,77174.5,77291.5
1788359400000,77291.5,77358.5,77043.5,77278.5
1788360300000,77278.5,77295.5,77005.5,77014.5
1788361200000,77014.5,77130.5,76676.5,76758.5
1788362100000,76761.5,77108.5,76745.5,76995.5
1788363000000,76995.5,77361.5,76932.5,77330.5
1788363900000,77330.5,77353.5,77070.5,77260.5
1788364800000,77259.5,77355.5,77145.5,77305.5
1788365700000,77305.5,77536.5,77266.5,77423.5
1788366600000,77422.5,77526.5,77168.5,77209.5
1788367500000,77214.5,77290.5,77113.5,77120.5
1788368400000,77121.5,77199.5,76987.5,77068.5
1788369300000,77068.5,77124.5,76896.5,77049.5
1788370200000,77061.5,77280.5,77020.5,77280.5
1788371100000,77280.5,77371.5,77267.5,77342.5
1788372000000,77345.5,77398.5,77270.5,77367.5
1788372900000,77367.5,77485.5,77335.5,77411.5
1788373800000,77410.5,77425.5,77244.5,77273.5
1788374700000,77273.5,77384.5,77239.5,77338.5
1788375600000,77338.5,77366.5,77256.5,77342.5
1788376500000,77338.5,77389.5,77111.5,77113.5
1788377400000,77120.5,77222.5,77073.5,77197.5
1788378300000,77192.5,77314.5,77097.5,77290.5
1788379200000,77298.5,77494.5,77237.5,77317.5
1788380100000,77316.5,77431.5,77159.5,77333.5
1788381000000,77333.5,77457.5,77274.5,77335.5
1788381900000,77325.5,77449.5,77253.5,77411.5
1788382800000,77365.8,77365.8,77196.5,77285.5
1788383700000,77285.5,77301.5,77199.5,77227.5
1788384600000,77227.5,77393.5,77192.5,77385.5
1788385500000,77393.5,77393.5,77219.5,77254.5
1788386400000,77242.5,77255.5,77029.5,77118.5
1788387300000,77117.5,77142.5,76968.5,76971.5
1788388200000,76977.5,77128.5,76967.5,77082.5
1788389100000,77082.5,77088.5,76978.5,76986.5
1788390000000,76986.5,77184.5,76960.5,77176.5
1788390900000,77179.5,77180.5,77090.5,77160.5
1788391800000,77148.5,77224.5,77066.5,77100.5
1788392700000,77101.5,77342.5,77101.5,77295.5
1788393600000,77293.5,77359.5,77110.5,77121.5
1788394500000,77119.5,77133.5,76984.5,76988.5
1788395400000,76988.5,77099.5,76928.5,77071.5
1788396300000,77072.5,77109.5,76976.5,77013.5
1788397200000,77013.5,77407.5,76896.5,77372.5
1788398100000,77371.5,77401.5,77235.5,77394.5
1788399000000,77391.5,77508.5,77271.5,77292.5
1788399900000,77290.5,77434.5,77238.5,77308.5
1788400800000,77308.5,77452.5,77183.5,77437.5
1788401700000,77443.5,77586.5,77378.5,77553.5
1788402600000,77556.5,77874.5,77505.5,77734.5
1788403500000,77733.5,77842.5,77688.5,77784.5
1788404400000,77784.5,77836.5,77644.5,77781.5
1788405300000,77784.5,77848.5,77662.5,77700.5
1788406200000,77703.5,77750.5,77593.5,77616.5
1788407100000,77622.5,77715.5,77591.5,77667.5
1788408000000,77666.5,77799.5,77560.5,77589.5
1788408900000,77593.5,77628.5,77499.5,77531.5
1788409800000,77531.5,77586.5,77490.5,77509.5
1788410700000,77509.5,77767.5,77509.5,77745.5
1788411600000,77746.5,77801.5,77556.5,77598.5
1788412500000,77599.5,77621.5,77057.5,77150.5
1788413400000,77154.5,77484.5,77123.5,77452.5
1788414300000,77450.5,77805.5,77357.5,77777.5
1788415200000,77779.5,77817.5,77640.5,77667.5
1788416100000,77667.5,77750.5,77657.5,77706.5
1788417000000,77705.5,77789.5,77671.5,77781.5
1788417900000,77781.5,77817.5,77719.5,77777.5
1788418800000,77784.5,78129.5,77755.5,78020.5
1788419700000,78027.5,78033.5,77840.5,77913.5
1788420600000,77909.5,78029.5,77809.5,77842.5
1788421500000,77842.5,77899.5,77548.5,77615.5
1788422400000,77623.5,78042.5,77623.5,77882.5
1788423300000,77884.5,77937.5,77769.5,77928.5
1788424200000,77934.5,77950.5,77809.5,77833.5
1788425100000,77829.5,77869.5,77706.5,77789.5
1788426000000,77791.5,77923.5,77744.5,77829.5
1788426900000,77829.5,77876.5,77678.5,77690.5
1788427800000,77689.5,77743.5,77600.5,77690.5
1788428700000,77690.5,77752.5,77549.5,77562.5
1788429600000,77562.5,77639.5,77484.5,77523.5
1788430500000,77524.5,77671.5,77469.5,77589.5
1788431400000,77587.5,77618.5,77413.5,77455.5
1788432300000,77465.5,77741.5,77451.5,77701.5
1788433200000,77702.5,77784.5,77658.5,77784.5
1788434100000,77784.5,77927.5,77781.5,77878.5
1788435000000,77878.5,77944.5,77772.5,77892.5
1788435900000,77892.5,77970.5,77826.5,77885.5
1788436800000,77885.5,78052.5,77827.5,78017.5
1788437700000,78023.5,78106.5,77886.5,77928.5
1788438600000,77924.5,78422.5,77922.5,78260.5
1788439500000,78265.5,78752.5,78201.5,78601.5
1788440400000,78603.5,78678.5,78463.5,78509.5
1788441300000,78507.5,78578.5,78398.5,78454.5
1788442200000,78457.5,78903.5,78415.5,78893.5
1788443100000,78869.5,78974.5,78704.5,78797.5
1788444000000,78783.5,78986.5,78657.5,78984.5
1788444900000,78978.5,79682.5,78937.5,79649.5
1788445800000,79642.5,79867.5,79571.5,79755.5
1788446700000,79756.5,80568.5,79742.5,80544.5
1788447600000,80544.5,80956.5,80346.5,80556.5
1788448500000,80559.5,80782.5,80453.5,80741.5
1788449400000,80736.5,81007.5,80675.5,80859.5
1788450300000,80859.5,81376.5,80705.5,81356.5
1788451200000,81356.5,81375.5,80778.5,80951.5
1788452100000,80930.5,80956.5,80598.5,80751.5
1788453000000,80753.5,80954.5,80745.5,80778.5
1788453900000,80777.5,81031.5,80757.5,80962.5
1788454800000,80959.5,81103.5,80852.5,81097.5
1788455700000,81100.5,81134.5,80908.5,80989.5
1788456600000,80990.5,81169.5,80973.5,81066.5
1788457500000,81076.5,81191.5,80995.5,81043.5
1788458400000,81046.5,81337.5,81005.5,81243.5
1788459300000,81244.5,81278.5,80917.5,80933.5
1788460200000,80932.5,81053.5,80882.5,80979.5
1788461100000,80978.5,81264.5,80944.5,81248.5
1788462000000,81247.5,81594.5,81148.5,81182.5
1788462900000,81182.5,81606.5,81153.5,81536.5
1788463800000,81538.5,81609.5,81368.5,81534.5
1788464700000,81532.5,81788.5,81431.5,81748.5
1788465600000,81751.5,81778.5,81379.5,81410.5
1788466500000,81414.5,81606.5,81369.5,81534.5
1788467400000,81535.5,81645.5,81400.5,81469.5
1788468300000,81469.5,81590.5,81404.5,81428.4
1788469200000,81453.7,81629.5,81240.5,81590.5
1788470100000,81582.5,81786.5,81495.5,81756.5
1788471000000,81756.5,82256.5,81494.5,81521.5
1788471900000,81521.5,81771.5,81353.5,81589.5
1788472800000,81589.5,81632.5,81285.5,81391.5
1788473700000,81387.5,81421.5,81100.5,81136.5
1788474600000,81140.5,81252.5,80908.5,81204.5
1788475500000,81204.5,81297.5,81048.5,81134.5
1788476400000,81134.5,81224.5,81071.5,81160.5
1788477300000,81161.5,81280.5,81134.5,81277.5
1788478200000,81277.5,81343.5,81103.5,81222.5
1788479100000,81224.5,81332.5,81155.5,81252.5
1788480000000,81249.5,81271.5,81064.5,81251.5
1788480900000,81246.5,81352.5,81130.5,81136.5
1788481800000,81137.5,81440.5,81099.5,81226.5
1788482700000,81235.5,81255.5,80931.5,80958.5
1788483600000,80955.5,81103.5,80873.5,80924.5
1788484500000,80932.5,81024.5,80761.5,80818.5
1788485400000,80818.5,80937.5,80705.5,80781.5
1788486300000,80782.5,81028.5,80776.5,80969.5
1788487200000,80968.5,80969.5,80758.5,80779.5
1788488100000,80785.5,80877.5,80662.5,80719.5
1788489000000,80705.5,80841.5,80661.5,80726.5
1788489900000,80731.5,80839.5,80629.5,80835.5
1788490800000,80827.5,80988.5,80820.5,80917.5
1788491700000,80921.5,80942.5,80807.5,80827.5
1788492600000,80824.5,80878.5,80777.5,80862.5
1788493500000,80861.5,80963.5,80800.38,80830.5
1788494400000,80830.5,80964.5,80789.5,80954.5
1788495300000,80952.5,81278.5,80933.5,81251.5
1788496200000,81254.5,81266.5,80997.5,81018.5
1788497100000,81018.5,81135.5,81004.5,81060.5
1788498000000,81059.5,81079.5,80955.5,80962.5
1788498900000,80962.5,81129.5,80929.5,80994.5
1788499800000,80989.5,81013.5,80884.5,80980.5
1788500700000,80980.5,81059.5,80838.5,80968.5
1788501600000,80969.5,81074.5,80879.5,80997.5
1788502500000,80990.5,81018.5,80627.5,80694.5
1788503400000,80694.5,80833.5,80504.5,80832.5
1788504300000,80827.5,80842.5,80660.5,80777.5
1788505200000,80778.5,80949.5,80753.5,80902.5
1788506100000,80903.5,80947.5,80807.5,80826.5
1788507000000,80827.5,80887.5,80711.5,80740.5
1788507900000,80740.5,80757.5,80615.5,80635.5
1788508800000,80641.5,80759.5,80461.5,80759.5
1788509700000,80755.5,80981.5,80743.5,80944.5
1788510600000,80953.5,81134.5,80932.5,81016.5
1788511500000,81016.5,81223.5,80959.5,81133.5
1788512400000,81132.5,81216.5,81045.5,81060.5
1788513300000,81062.5,81282.5,80891.5,80996.5
1788514200000,80997.5,81202.5,80951.5,81142.5
1788515100000,81143.5,81197.5,80987.5,81028.5
1788516000000,81028.5,81100.5,80828.5,80950.5
1788516900000,80950.5,80957.5,80795.5,80932.5
1788517800000,80935.5,81100.5,80879.5,81059.5
1788518700000,81058.5,81180.5,80985.5,81171.5
1788519600000,81169.5,81207.5,81056.5,81162.5
1788520500000,81159.5,81404.5,81101.5,81314.5
1788521400000,81317.5,81324.5,81164.5,81233.5
1788522300000,81233.5,81320.5,81171.5,81209.5
1788523200000,81210.5,81258.5,81104.5,81239.5
1788524100000,81240.5,81361.5,81074.5,81324.5
1788525000000,81328.5,81328.5,79394.5,79647.5
1788525900000,79663.5,79669.5,79131.5,79434.5
1788526800000,79426.5,79563.5,79165.5,79217.5
1788527700000,79210.5,79492.5,79179.5,79315.5
1788528600000,79305.5,79549.5,78933.5,79391.5
1788529500000,79393.5,79689.5,79197.5,79356.5
1788530400000,79356.5,79559.5,79224.5,79410.5
1788531300000,79408.5,79504.5,79046.5,79346.5
1788532200000,79350.5,79446.5,78853.5,79007.5
1788533100000,79012.5,79129.5,78618.5,78881.5
1788534000000,78886.5,79204.5,78767.5,79196.5
1788534900000,79195.5,79432.5,79149.5,79395.5
1788535800000,79404.5,79547.5,79345.5,79518.5
1788536700000,79523.5,79568.5,79391.5,79426.5
1788537600000,79428.5,79535.5,79372.5,79454.5
1788538500000,79453.5,79581.5,79426.5,79557.5
1788539400000,79557.5,79869.5,79534.5,79854.5
1788540300000,79854.5,79884.5,79716.5,79754.5
1788541200000,79758.5,79769.5,79618.5,79624.5
1788542100000,79626.5,79659.5,79508.5,79513.5
1788543000000,79512.5,79595.5,79431.5,79483.5
1788543900000,79484.5,79534.5,79374.5,79464.5
1788544800000,79466.5,79610.5,79464.5,79535.5
1788545700000,79532.5,79634.5,79532.5,79549.5
1788546600000,79550.5,79668.5,79532.5,79640.5
1788547500000,79641.5,79672.5,79593.5,79617.5
1788548400000,79617.5,79748.5,79617.5,79713.5
1788549300000,79714.5,79836.5,79695.5,79806.5
1788550200000,79806.5,79806.5,79605.84,79691.5
1788551100000,79690.5,79828.5,79639.5,79799.5
1788552000000,79796.5,79891.5,79763.5,79831.5
1788552900000,79832.5,79865.5,79761.5,79791.5
1788553800000,79790.5,79807.5,79701.5,79737.5
1788554700000,79732.5,79803.5,79656.5,79693.3
1788728400000,79918.2,80022.5,79887.5,80002.5
1788729300000,79996.5,80045.5,79838.5,79898.5
1788730200000,79898.5,79992.5,79836.5,79911.5
1788731100000,79914.5,80002.5,79855.5,79954.5
1788732000000,79948.5,79963.5,79658.5,79736.5
1788732900000,79737.5,79846.5,79627.5,79824.5
1788733800000,79819.5,80027.5,79802.5,79960.5
1788734700000,79959.5,80099.5,79923.5,80042.5
1788735600000,80042.5,80327.5,79992.5,80182.5
1788736500000,80182.5,80290.5,80088.5,80123.5
1788737400000,80133.5,80485.5,80113.5,80374.5
1788738300000,80375.5,80559.5,80295.5,80346.5
1788739200000,80347.5,80447.5,80235.5,80324.5
1788740100000,80326.5,80347.5,80045.5,80202.5
1788741000000,80199.5,80279.5,80093.5,80127.5
1788741900000,80126.5,80197.5,80030.5,80145.5
1788742800000,80145.5,80246.5,79928.5,79943.5
1788743700000,79951.5,80010.5,79807.5,79916.5
1788744600000,79910.5,79987.5,79811.5,79851.5
1788745500000,79850.5,79971.5,79817.5,79872.5
1788746400000,79914.5,79936.5,79753.5,79828.5
1788747300000,79827.5,80042.5,79814.5,80023.5
1788748200000,80023.5,80422.5,79985.5,80237.5
1788749100000,80237.5,80264.5,79781.5,79839.5
1788750000000,79839.5,79968.5,79717.5,79768.5
1788750900000,79766.5,79829.5,79681.5,79707.5
1788751800000,79707.5,79761.5,79552.5,79624.5
1788752700000,79624.5,79675.5,79521.5,79568.5
1788753600000,79568.5,79661.5,79520.5,79661.5
1788754500000,79657.5,79669.5,79574.5,79582.5
1788755400000,79582.5,79677.5,79508.5,79657.5
1788756300000,79657.5,79727.5,79625.5,79699.5
1788757200000,79699.5,79776.5,79638.5,79760.5
1788758100000,79760.5,79909.5,79738.5,79831.5
1788759000000,79831.5,79848.5,79767.5,79837.5
1788759900000,79836.5,79848.5,79712.5,79723.5
1788760800000,79721.5,79815.5,79710.5,79801.5
1788761700000,79800.5,79802.5,79672.5,79702.5
1788762600000,79702.5,79731.5,79624.5,79659.5
1788763500000,79654.5,79675.5,79630.5,79639.5
1788764400000,79642.5,79685.5,79560.5,79609.5
1788765300000,79609.5,79629.5,79382.5,79417.5
1788766200000,79416.5,79511.5,78953.5,79265.5
1788767100000,79266.5,79404.5,79257.5,79391.5
1788768000000,79388.5,79503.5,79368.5,79445.5
1788768900000,79442.5,79504.5,79410.5,79432.5
1788769800000,79432.5,79505.5,79390.5,79457.5
1788770700000,79461.5,79481.5,79377.5,79409.5
1788771600000,79405.5,79533.5,79379.5,79499.5
1788772500000,79499.5,79523.5,79384.5,79471.5
1788773400000,79473.5,79475.5,79298.5,79369.5
1788774300000,79369.5,79451.5,79276.5,79312.5
1788775200000,79306.5,79398.5,79301.5,79373.5
1788776100000,79367.5,79428.5,79356.5,79413.5
1788777000000,79406.5,79446.5,79367.5,79444.5
1788777900000,79446.5,79453.5,79326.5,79359.5
1788778800000,79353.5,79403.5,79258.5,79400.5
1788779700000,79402.5,79467.5,79378.5,79430.5
1788780600000,79431.5,79472.5,79361.5,79382.5
1788781500000,79382.5,79418.5,79342.5,79398.5
1788782400000,79393.5,79492.5,79377.5,79412.5
1788783300000,79409.5,79524.5,79388.5,79509.5
1788784200000,79509.5,79517.5,79432.5,79462.5
1788785100000,79461.5,79617.5,79448.5,79577.5
1788786000000,79578.5,79630.5,79495.5,79610.5
1788786900000,79609.5,79629.5,79537.5,79627.5
1788787800000,79627.5,79628.5,79273.5,79351.5
1788788700000,79351.5,79404.5,79293.5,79336.5
1788789600000,79336.5,79382.5,79082.5,79166.5
1788790500000,79162.5,79210.5,79008.5,79032.5
1788791400000,79033.5,79083.5,78924.5,79017.5
1788792300000,79015.5,79256.5,78998.5,79164.5
1788793200000,79165.5,79170.5,79005.5,79013.5
1788794100000,79012.5,79135.5,78787.5,79007.5
1788795000000,79003.5,79016.5,78648.5,78748.5
1788795900000,78745.5,78847.5,78653.5,78794.5
1788796800000,78799.5,78901.5,78781.5,78871.5
1788797700000,78872.5,78875.5,78762.5,78793.5
1788798600000,78793.5,79009.5,78790.5,78979.5
1788799500000,78980.5,79005.5,78929.5,79002.5
1788800400000,78998.5,79135.5,78974.5,79121.5
1788801300000,79122.5,79138.5,79002.51,79090.5
1788802200000,79089.5,79156.5,79033.5,79130.5
1788803100000,79130.5,79200.5,79100.5,79165.5
1788804000000,79163.5,79190.5,79116.5,79148.5
1788804900000,79146.5,79178.5,79101.5,79125.5
1788805800000,79124.5,79147.5,79064.5,79135.5
1788806700000,79130.5,79233.5,79107.5,79179.5
1788807600000,79174.5,79182.5,79126.5,79150.5
1788808500000,79144.5,79224.5,79142.5,79214.5
1788809400000,79215.5,79390.5,79204.5,79318.5
1788810300000,79315.5,79355.5,79307.5,79336.5
1788811200000,79335.5,79378.5,79174.5,79213.5
1788812100000,79210.5,79242.5,79146.5,79183.5
1788813000000,79181.5,79215.5,79152.5,79156.5
1788813900000,79156.5,79237.5,79128.5,79192.1
1788814800000,79204.3,79245.5,79092.88,79245.5
1788815700000,79239.5,79251.5,79178.5,79202.5
1788816600000,79204.5,79214.5,79134.5,79160.5
1788817500000,79149.5,79186.5,79125.5,79129.5
1788818400000,79128.5,79200.5,79009.5,79131.5
1788819300000,79129.5,79184.5,78987.5,79079.5
1788820200000,79078.5,79078.5,78752.5,78802.5
1788821100000,78802.5,78954.5,78791.5,78924.5
1788822000000,78920.5,79149.5,78897.5,79107.5
1788822900000,79106.5,79120.5,78924.5,78975.5
1788823800000,78979.5,79102.5,78939.5,79095.5
1788824700000,79094.5,79194.5,79062.5,79082.5
1788825600000,79085.5,79093.5,78956.5,79027.5
1788826500000,79028.5,79136.5,78930.5,78977.5
1788827400000,78979.5,79259.5,78948.5,79183.5
1788828300000,79187.5,79300.5,79158.5,79295.5
1788829200000,79298.5,79359.5,79237.5,79275.5
1788830100000,79278.5,79446.5,79240.5,79376.5
1788831000000,79371.5,79371.5,79277.5,79293.5
1788831900000,79292.5,79445.5,79266.5,79417.5
1788832800000,79417.5,79428.5,79223.5,79304.5
1788833700000,79309.5,79470.5,79207.5,79231.5
1788834600000,79237.5,79249.5,79068.5,79113.5
1788835500000,79112.5,79137.5,78889.5,78890.5
1788836400000,78894.5,78981.5,78835.5,78871.5
1788837300000,78876.5,78917.5,78680.5,78736.5
1788838200000,78735.5,78960.5,78729.5,78918.5
1788839100000,78917.5,78932.5,78825.5,78867.5
1788840000000,78868.5,78893.5,78742.5,78784.5
1788840900000,78782.5,78827.5,78702.5,78771.5
1788841800000,78771.5,78840.5,78693.5,78756.5
1788842700000,78755.5,78797.5,78626.5,78637.5
1788843600000,78636.5,78788.5,78487.5,78671.5
1788844500000,78669.5,78855.5,78613.5,78780.5
1788845400000,78782.5,78795.5,78578.5,78595.5
1788846300000,78596.5,78690.5,78526.5,78546.5
1788847200000,78548.5,78608.5,78399.5,78541.5
1788848100000,78548.5,78596.5,78318.5,78349.5
1788849000000,78338.5,78422.5,78316.5,78386.5
1788849900000,78384.5,78461.5,78219.5,78296.5
1788850800000,78299.5,78414.5,78248.5,78379.5
1788851700000,78375.5,78472.5,78332.5,78440.5
1788852600000,78440.5,78571.5,78402.5,78411.5
1788853500000,78410.5,78445.5,78132.5,78439.5
1788854400000,78444.5,78445.5,78237.5,78357.5
1788855300000,78356.5,78482.5,78254.5,78441.5
1788856200000,78443.5,78537.5,78397.5,78481.5
1788857100000,78481.5,78532.5,78329.5,78388.5
1788858000000,78389.5,78466.5,78282.5,78445.5
1788858900000,78447.5,78479.5,78293.5,78451.5
1788859800000,78452.5,78756.5,78402.5,78734.5
1788860700000,78735.5,78779.5,78688.5,78728.5
1788861600000,78729.5,78742.5,78642.5,78716.5
1788862500000,78717.5,78979.5,78702.5,78829.5
1788863400000,78830.5,78851.5,78616.5,78638.5
1788864300000,78639.5,78668.5,78520.5,78524.5
1788865200000,78527.5,78550.5,78249.5,78287.5
1788866100000,78279.5,78457.5,78274.5,78418.5
1788867000000,78418.5,78467.5,78368.5,78408.5
1788867900000,78410.5,78444.5,78329.5,78392.5
1788868800000,78390.5,78399.5,78167.5,78177.5
1788869700000,78179.5,78377.5,78172.5,78344.5
1788870600000,78344.5,78418.5,78254.5,78300.5
1788871500000,78302.5,78449.5,78256.5,78417.5
1788872400000,78421.5,78500.5,78365.5,78431.5
1788873300000,78435.5,78447.5,78266.5,78294.5
1788874200000,78300.5,78338.5,77640.5,77802.5
1788875100000,77797.5,78065.5,77587.5,77932.5
1788876000000,77931.5,78167.5,77811.5,78116.5
1788876900000,78119.5,78358.5,78117.5,78308.5
1788877800000,78310.5,78404.5,78205.5,78378.5
1788878700000,78375.5,78596.5,78340.5,78536.5
1788879600000,78530.5,78644.5,78432.5,78621.5
1788880500000,78622.5,78695.5,78417.5,78425.5
1788881400000,78432.5,78755.5,78418.5,78694.5
1788882300000,78690.5,78897.5,78642.5,78888.5
1788883200000,78887.5,78900.5,78599.5,78630.5
1788884100000,78635.5,78676.5,78548.5,78619.5
1788885000000,78620.5,78967.5,78597.5,78771.5
1788885900000,78777.5,78867.5,78629.5,78709.5
1788886800000,78715.5,78881.5,78641.5,78681.5
1788887700000,78681.5,78698.5,78521.5,78572.5
1788888600000,78569.5,78651.5,78499.5,78504.5
1788889500000,78505.5,78627.5,78473.5,78490.5
1788890400000,78490.5,78710.5,78467.5,78652.5
1788891300000,78657.5,78804.5,78638.5,78717.5
1788892200000,78714.5,78758.5,78549.5,78587.5
1788893100000,78582.5,78645.5,78247.5,78414.5
1788894000000,78420.5,78504.5,78365.5,78453.5
1788894900000,78453.5,78516.5,78313.5,78463.5
1788895800000,78461.5,78511.5,78307.5,78397.5
1788896700000,78398.5,78430.5,78281.5,78422.5
1788897600000,78417.5,78609.5,78373.5,78594.5
1788898500000,78598.5,78605.5,78438.5,78573.5
1788899400000,78574.5,78578.5,78403.5,78523.5
1788900300000,78520.5,78558.5,78447.5,78481.6
1788901200000,78466.29999999999,78568.29999999999,78443.4,78537.5
1788902100000,78532.5,78599.5,78479.5,78509.5
1788903000000,78509.5,78542.5,78416.5,78499.5
1788903900000,78501.5,78526.5,78375.5,78470.5
1788904800000,78464.5,78633.5,78425.5,78484.5
1788905700000,78482.5,78564.5,78446.5,78486.5
1788906600000,78482.5,78522.5,78439.5,78477.5
1788907500000,78472.5,78566.5,78469.5,78539.5
1788908400000,78535.5,78564.5,78443.5,78478.5
1788909300000,78477.5,78498.5,78408.5,78445.5
1788910200000,78445.5,78459.5,78421.5,78435.5
1788911100000,78431.5,78458.5,78386.5,78445.5
1788912000000,78441.5,78734.5,78431.5,78716.5
1788912900000,78712.5,78748.5,78579.5,78625.5
1788913800000,78625.5,78699.5,78542.5,78687.5
1788914700000,78686.5,78797.5,78679.5,78770.5
1788915600000,78771.5,78862.5,78679.5,78732.5
1788916500000,78727.5,78765.5,78610.5,78710.5
1788917400000,78711.5,78878.5,78680.5,78836.5
1788918300000,78830.5,78897.5,78799.5,78882.5
1788919200000,78883.5,78931.5,78782.5,78795.5
1788920100000,78797.5,78828.5,78671.5,78817.5
1788921000000,78812.5,78838.5,78736.5,78788.5
1788921900000,78789.5,78803.5,78713.5,78716.5
1788922800000,78713.5,78721.5,78566.5,78577.5
1788923700000,78578.5,78614.5,78524.5,78554.5
1788924600000,78553.5,78658.5,78546.5,78630.5
1788925500000,78625.5,78675.5,78579.5,78619.5
1788926400000,78615.5,78938.5,78615.5,78818.5
1788927300000,78816.5,78935.5,78752.5,78870.5
1788928200000,78869.5,79191.5,78850.5,79175.5
1788929100000,79170.5,79201.5,79053.5,79154.5
1788930000000,79156.5,79287.5,79029.5,79259.5
1788930900000,79263.5,79354.5,79102.5,79105.5
1788931800000,79104.5,79126.5,78876.5,78905.5
1788932700000,78900.5,78947.5,78815.5,78915.5
1788933600000,78914.5,79127.5,78832.5,79092.5
1788934500000,79098.5,79275.5,79070.5,79139.5
1788935400000,79139.5,79226.5,79113.5,79176.5
1788936300000,79180.5,79191.5,79089.5,79135.5
1788937200000,79136.5,79384.5,79124.5,79229.5
1788938100000,79228.5,79291.5,79202.5,79267.5
1788939000000,79268.5,79293.5,79161.5,79187.5
1788939900000,79188.5,79278.5,79170.5,79255.5
1788940800000,79255.5,79524.5,79246.5,79389.5
1788941700000,79391.5,79696.5,79381.5,79666.5
1788942600000,79661.5,79748.5,79563.5,79632.5
1788943500000,79631.5,79699.5,79577.5,79677.5
1788944400000,79678.5,79713.5,79446.5,79515.5
1788945300000,79516.5,79536.5,79396.5,79404.5
1788946200000,79399.5,79429.5,79037.5,79047.5
1788947100000,79048.5,79098.5,78864.5,78927.5
1788948000000,78932.5,79037.5,78908.5,78986.5
1788948900000,78984.5,79110.5,78901.5,79066.5
1788949800000,79063.5,79168.5,79038.5,79067.5
1788950700000,79068.5,79070.5,78817.5,78895.5
1788951600000,78895.5,78951.5,78697.5,78857.5
1788952500000,78867.5,78981.5,78771.5,78964.5
1788953400000,78968.5,79081.5,78926.5,79005.5
1788954300000,79000.5,79358.5,78997.5,79291.5
1788955200000,79294.5,79438.5,79249.5,79359.5
1788956100000,79360.5,79432.5,79282.5,79387.5
1788957000000,79384.5,79580.5,79301.5,79497.5
1788957900000,79499.5,79641.5,79485.5,79587.5
1788958800000,79586.5,79614.5,79471.5,79488.5
1788959700000,79485.5,79622.5,79428.5,79589.5
1788960600000,79596.5,79673.5,79071.5,79223.5
1788961500000,79219.5,79374.5,79064.5,79117.5
1788962400000,79109.5,79178.5,78866.5,79059.5
1788963300000,79058.5,79264.5,78832.5,79264.5
1788964200000,79265.5,79398.5,78926.5,78977.5
1788965100000,78982.5,79113.5,78855.5,78929.5
1788966000000,78930.5,79377.5,78228.5,78436.5
1788966900000,78437.5,78605.5,78019.5,78346.5
1788967800000,78347.5,78718.5,78294.5,78611.5
1788968700000,78615.5,78661.5,78509.5,78569.5
1788969600000,78570.5,78766.5,78455.5,78631.5
1788970500000,78635.5,78635.5,78398.5,78610.5
1788971400000,78609.5,78894.5,78608.5,78784.5
1788972300000,78780.5,78787.5,78702.5,78767.5
1788973200000,78767.5,78891.5,78676.5,78844.5
1788974100000,78844.5,78910.5,78751.5,78833.5
1788975000000,78834.5,78850.5,78648.5,78676.5
1788975900000,78680.5,78800.5,78639.5,78741.5
1788976800000,78741.5,78771.5,78559.5,78569.5
1788977700000,78575.5,78624.5,78525.5,78591.5
1788978600000,78597.5,78632.5,78476.5,78519.5
1788979500000,78515.5,78540.5,78374.5,78387.5
1788980400000,78390.5,78474.5,78313.5,78458.5
1788981300000,78457.5,78573.5,78440.5,78516.5
1788982200000,78522.5,78542.5,78266.5,78280.5
1788983100000,78282.5,78325.5,78124.5,78207.5
1788984000000,78205.5,78280.5,78158.5,78224.5
1788984900000,78228.5,78322.5,77887.5,78090.5
1788985800000,78092.5,78295.5,78070.5,78260.5
1788986700000,78260.5,78289.5,78074.5,78282.5
1788987600000,78288.7,78314.5,78127.5,78206.5
1788988500000,78211.5,78275.5,78102.5,78251.5
1788989400000,78257.5,78257.5,78114.5,78219.5
1788990300000,78218.5,78220.5,77946.5,78120.5
1788991200000,78121.5,78181.5,77709.5,77841.5
1788992100000,77843.5,78039.5,77744.5,78009.5
1788993000000,78008.5,78045.5,77909.5,78010.5
1788993900000,78008.5,78026.5,77876.5,77886.5
1788994800000,77882.5,78172.5,77882.5,78124.5
1788995700000,78125.5,78160.5,78049.5,78155.5
1788996600000,78161.5,78230.5,78135.5,78195.5
1788997500000,78197.5,78296.5,78183.5,78278.5
1788998400000,78280.5,78361.5,78216.5,78251.5
1788999300000,78252.5,78317.5,78185.5,78300.5
1789000200000,78303.5,78303.5,78132.5,78142.5
1789001100000,78143.5,78234.5,78062.5,78147.5
1789002000000,78150.5,78489.5,78128.5,78304.5
1789002900000,78303.5,78318.5,78119.5,78134.5
1789003800000,78133.5,78223.5,77903.5,78142.5
1789004700000,78149.5,78150.5,77949.5,78063.5
1789005600000,78069.5,78084.5,77966.5,78009.5
1789006500000,78008.5,78046.5,77922.5,77974.5
1789007400000,77975.5,78247.5,77958.5,78234.5
1789008300000,78236.5,78341.5,78216.5,78314.5
1789009200000,78318.5,78511.5,78300.5,78342.5
1789010100000,78334.5,78368.5,78242.5,78352.5
1789011000000,78351.5,78434.5,78278.5,78332.5
1789011900000,78331.5,78425.5,78228.5,78290.5
1789012800000,78294.5,78374.5,78261.5,78321.5
1789013700000,78322.5,78405.5,78307.5,78346.5
1789014600000,78345.5,78388.5,78292.5,78295.5
1789015500000,78299.5,78410.5,78253.5,78362.5
1789016400000,78358.5,78471.5,78225.5,78432.5
1789017300000,78437.5,78485.5,78314.5,78433.5
1789018200000,78429.5,78498.5,78360.5,78384.5
1789019100000,78384.5,78519.5,78369.5,78493.5
1789020000000,78494.5,78512.5,78253.5,78276.5
1789020900000,78275.5,78275.5,78112.5,78179.5
1789021800000,78179.5,78249.5,78108.5,78172.5
1789022700000,78171.5,78510.5,78167.5,78390.5
1789023600000,78391.5,78396.5,78112.5,78183.5
1789024500000,78181.5,78193.5,77979.5,77986.5
1789025400000,77985.5,78021.5,77868.5,77981.5
1789026300000,77978.5,78143.5,77972.5,78069.5
1789027200000,78070.5,78143.5,78020.5,78046.5
1789028100000,78045.5,78150.5,77996.5,78132.5
1789029000000,78130.5,78145.5,77989.5,78074.5
1789029900000,78084.5,78145.5,78045.5,78078.5
1789030800000,78076.5,78185.5,78069.5,78122.5
1789031700000,78118.5,78198.5,78101.5,78165.5
1789032600000,78165.5,78170.5,77888.5,77935.5
1789033500000,77934.5,77989.5,77902.5,77956.5
1789034400000,77950.5,78012.5,77909,77954.5
1789035300000,77955.5,77996.5,77888.5,77948.5
1789036200000,77951.5,78020.5,77758.5,77957.5
1789037100000,77954.5,78006.5,77819.5,77826.5
1789038000000,77829.5,77891.5,77637.5,77890.5
1789038900000,77891.5,78029.5,77886.5,77977.5
1789039800000,77980.5,78026.5,77933.5,77970.5
1789040700000,77973.5,77993.5,77793.5,77803.5
1789041600000,77801.5,77863.5,77677.5,77799.5
1789042500000,77802.5,77815.5,77630.5,77761.5
1789043400000,77783.5,77915.5,76983.5,77077.5
1789044300000,77080.5,77131.5,76612.5,76858.5
1789045200000,76863.5,77057.5,76720.5,76799.5
1789046100000,76798.5,76946.5,76694.5,76895.5
1789047000000,76899.5,77081.5,76717.5,76898.5
1789047900000,76896.5,77209.5,76876.5,77142.5
1789048800000,77136.5,77320.5,76917.5,77058.5
1789049700000,77046.5,77349.5,76910.5,77245.5
1789050600000,77246.5,77343.5,77197.5,77252.5
1789051500000,77256.5,77410.5,77228.5,77387.5
1789052400000,77389.5,77399.5,77204.5,77308.5
1789053300000,77304.5,77335.5,77058.5,77077.5
1789054200000,77074.5,77319.5,77043.5,77184.5
1789055100000,77185.5,77229.5,77073.5,77220.5
1789056000000,77223.5,77284.5,76859.5,76945.5
1789056900000,76944.5,77051.5,76835.5,76882.5
1789057800000,76887.5,77026.5,76754.5,76991.5
1789058700000,76992.5,77201.5,76991.5,77151.5
1789059600000,77150.5,77193.5,77073.5,77132.5
1789060500000,77133.5,77306.5,77077.5,77283.5
1789061400000,77282.5,77513.5,77268.5,77327.5
1789062300000,77328.5,77390.5,77271.5,77283.5
1789063200000,77281.5,77305.5,76934.5,76960.5
1789064100000,76964.5,77128.5,76951.5,77028.5
1789065000000,77032.5,77131.5,76995.5,77116.5
1789065900000,77120.5,77278.5,77048.5,77208.5
1789066800000,77210.5,77216.5,77080.5,77132.5
1789067700000,77135.5,77228.5,77062.5,77156.5
1789068600000,77151.5,77268.5,77063.5,77218.5
1789069500000,77213.5,77227.5,77029.5,77120.5
1789070400000,77128.5,77301.5,77056.5,77291.5
1789071300000,77297.5,77326.5,77211.5,77246.5
1789072200000,77245.5,77277.5,77189.5,77266.5
1789073100000,77266.5,77285.5,77187.5,77233.7
1789074000000,77227.1,77263.5,77168.5,77209.5
1789074900000,77210.5,77217.5,77132.5,77207.5
1789075800000,77209.5,77213.5,77035.5,77123.5
1789076700000,77118.5,77156.5,77070.5,77129.5
1789077600000,77125.5,77161.5,77030.5,77110.5
1789078500000,77106.5,77195.5,77024.5,77036.5
1789079400000,77040.5,77058.5,76778.5,76821.5
1789080300000,76822.5,76947.5,76771.5,76793.5
1789081200000,76795.5,76843.5,76456.5,76467.5
1789082100000,76482.5,76759.5,76421.5,76705.5
1789083000000,76706.5,76795.5,76672.5,76744.5
1789083900000,76746.5,76753.5,76475.5,76524.5
1789084800000,76523.5,76817.5,76501.5,76771.5
1789085700000,76772.5,76832.5,76700.5,76800.5
1789086600000,76805.5,76805.5,76643.5,76719.5
1789087500000,76718.5,76896.5,76686.5,76865.5
1789088400000,76862.5,76977.5,76840.5,76875.5
1789089300000,76878.5,76926.5,76743.5,76770.5
1789090200000,76771.5,76883.5,76624.5,76860.5
1789091100000,76860.5,76949.5,76751.5,76946.5
1789092000000,76939.5,76979.5,76855.5,76949.5
1789092900000,76952.5,76952.5,76722.5,76767.5
1789093800000,76771.5,76901.5,76734.5,76832.5
1789094700000,76834.5,76910.5,76752.5,76812.5
1789095600000,76816.5,76852.5,76653.5,76848.5
1789096500000,76844.5,76860.5,76690.5,76780.5
1789097400000,76775.5,76873.5,76663.5,76846.5
1789098300000,76843.5,76871.5,76725.5,76871.5
1789099200000,76869.5,76977.5,76842.5,76948.5
1789100100000,76940.5,77154.5,76859.5,77138.5
1789101000000,77141.5,77163.5,77038.5,77061.5
1789101900000,77065.5,77121.5,77056.5,77071.5
1789102800000,77072.5,77135.5,77022.5,77109.5
1789103700000,77107.5,77127.5,77014.5,77054.5
1789104600000,77055.5,77163.5,77036.5,77160.5
1789105500000,77159.5,77227.5,77117.5,77222.5
1789106400000,77226.5,77402.5,77189.5,77367.5
1789107300000,77366.5,77370.5,77206.5,77237.5
1789108200000,77236.5,77236.5,77125.5,77205.5
1789109100000,77206.5,77268.5,77200.5,77259.5
1789110000000,77255.5,77358.5,77245.5,77282.5
1789110900000,77282.5,77382.5,77255.5,77287.5
1789111800000,77289.5,77315.5,77208.5,77224.5
1789112700000,77227.5,77240.5,77161.5,77195.5
1789113600000,77195.5,77239.5,77068.5,77148.5
1789114500000,77145.5,77440.5,77140.5,77350.5
1789115400000,77354.5,77474.5,77309.5,77383.5
1789116300000,77382.5,77390.5,77286.5,77328.5
1789117200000,77331.5,77339.5,77212.5,77233.5
1789118100000,77232.5,77266.5,77089.5,77091.5
1789119000000,77095.5,77134.5,76773.5,76923.5
1789119900000,76926.5,77034.5,76918.5,76996.5
1789120800000,76996.5,77125.5,76894.5,77044.5
1789121700000,77045.5,77108.5,76987.5,76990.5
1789122600000,76990.5,77019.5,76912.5,76967.5
1789123500000,76968.5,77010.5,76946.5,76948.5
1789124400000,76947.5,76961.5,76704.5,76756.5
1789125300000,76755.5,76883.5,76699.5,76805.5
1789126200000,76807.5,76869.5,76740.5,76863.5
1789127100000,76864.5,77011.5,76849.5,76987.5
1789128000000,76987.5,77091.5,76859.5,76886.5
1789128900000,76885.5,77359.5,76863.5,77005.5
1789129800000,76996.5,77645.5,76015.5,77545.5
1789130700000,77544.5,78091.5,77515.5,77989.5
1789131600000,77994.5,77998.5,77481.5,77695.5
1789132500000,77698.5,77808.5,77461.5,77480.5
1789133400000,77477.5,77880.5,77207.5,77835.5
1789134300000,77837.5,79299.5,77707.5,79215.5
1789135200000,79199.5,79861.5,78783.5,79016.5
1789136100000,79014.5,79180.5,78888.5,79023.5
1789137000000,79021.5,79031.5,78521.5,78617.5
1789137900000,78623.5,78852.5,78462.5,78772.5
1789138800000,78765.5,78810.5,78469.5,78477.5
1789139700000,78478.5,78756.5,78450.5,78682.5
1789140600000,78681.5,78819.5,78617.5,78628.5
1789141500000,78627.5,78635.5,77272.5,77700.5
1789142400000,77701.5,78039.5,77611.5,77766.5
1789143300000,77767.5,77823.5,77354.5,77649.5
1789144200000,77647.5,77787.5,77493.5,77785.5
1789145100000,77783.5,77988.5,77762.5,77888.5
1789146000000,77885.5,77949.5,77725.5,77734.5
1789146900000,77732.5,77904.5,77646.5,77817.5
1789147800000,77813.5,77862.5,77546.5,77592.5
1789148700000,77588.5,77612.5,77459.5,77499.5
1789149600000,77500.5,77519.5,76841.5,77061.5
1789150500000,77056.5,77239.5,77024.5,77172.5
1789151400000,77171.5,77267.5,77056.5,77080.5
1789152300000,77078.5,77193.5,76905.5,77015.5
1789153200000,77026.5,77218.5,76963.5,77178.5
1789154100000,77175.5,77272.5,77048.5,77200.5
1789155000000,77197.5,77306.5,77152.5,77283.5
1789155900000,77283.5,77351.5,77208.5,77253.5
1789156800000,77253.5,77462.5,77245.5,77426.5
1789157700000,77422.5,77427.5,77334.5,77363.5
1789158600000,77354.5,77440.5,77233.5,77378.5
1789159500000,77375.5,77391.5,77143.5,77291.8
1789333200000,77307.2,77342.5,77242.5,77333.5
1789334100000,77334.5,77423.5,77324.5,77382.5
1789335000000,77382.5,77383.5,77294.5,77348.5
1789335900000,77348.5,77353.5,77214.5,77275.5
1789336800000,77271.5,77271.5,76755.5,76888.5
1789337700000,76891.5,76893.5,76667.5,76795.5
1789338600000,76799.5,76850.5,76671.5,76694.5
1789339500000,76693.5,76760.5,76611.5,76667.5
1789340400000,76665.5,76733.5,76617.5,76674.5
1789341300000,76672.5,76714.5,76571.5,76692.5
1789342200000,76688.5,76830.5,76673.5,76773.5
1789343100000,76769.5,76822.5,76728.5,76781.5
1789344000000,76776.5,77037.5,76769.5,76854.5
1789344900000,76851.5,76900.5,76316.5,76426.5
1789345800000,76427.5,76783.5,76402.5,76760.5
1789346700000,76759.5,76838.5,76691.5,76754.5
1789347600000,76754.5,76847.5,76645.5,76706.5
1789348500000,76711.5,76867.5,76599.5,76802.5
1789349400000,76808.5,76932.5,76581.5,76774.5
1789350300000,76766.5,77127.5,76720.5,77067.5
1789351200000,77073.5,77356.5,76976.5,77332.5
1789352100000,77336.5,77630.5,77218.5,77489.5
1789353000000,77490.5,77638.5,77388.5,77447.5
1789353900000,77444.5,77682.5,77441.5,77568.5
1789354800000,77569.5,77805.5,77546.5,77755.5
1789355700000,77758.5,77836.5,77700.5,77779.5
1789356600000,77768.5,77774.5,77481.5,77505.5
1789357500000,77508.5,77563.5,77463.5,77554.5
1789358400000,77551.5,77598.5,77484.5,77540.5
1789359300000,77540.5,77665.5,77490.5,77596.5
1789360200000,77604.5,77655.5,77489.5,77599.5
1789361100000,77596.5,77674.5,77522.5,77643.5
1789362000000,77641.5,77656.5,77514.5,77614.5
1789362900000,77609.5,77617.5,77465.5,77483.5
1789363800000,77481.5,77583.5,77476.5,77523.5
1789364700000,77531.5,77585.5,77448.5,77583.5
1789365600000,77581.5,77861.5,77558.5,77741.5
1789366500000,77742.5,77743.5,77517.5,77517.5
1789367400000,77514.5,77741.5,77320.5,77697.5
1789368300000,77699.5,77724.5,77538.5,77550.5
1789369200000,77549.5,77705.5,77471.5,77616.5
1789370100000,77615.5,77710.5,77598.5,77679.5
1789371000000,77680.5,77840.5,77630.5,77819.5
1789371900000,77818.5,77858.5,77737.5,77845.5
1789372800000,77853.5,77859.5,77651.5,77725.5
1789373700000,77724.5,77952.5,77647.5,77706.5
1789374600000,77700.5,77779.5,77662.5,77726.5
1789375500000,77729.5,77743.5,77613.5,77690.5
1789376400000,77690.5,77795.5,77644.5,77671.5
1789377300000,77668.5,77752.5,77554.5,77739.5
1789378200000,77736.5,77888.5,77736.5,77844.5
1789379100000,77845.5,78332.5,77842.5,78111.5
1789380000000,78117.5,78138.5,77970.5,78013.5
1789380900000,78005.5,78044.5,77900.5,77944.5
1789381800000,77932.5,77972.5,77875.5,77901.5
1789382700000,77903.5,77981.5,77833.5,77844.5
1789383600000,77846.5,77887.5,77650.5,77710.5
1789384500000,77711.5,77875.5,77689.5,77856.5
1789385400000,77855.5,77887.5,77636.5,77777.5
1789386300000,77779.5,77789.5,77624.5,77739.5
1789387200000,77746.5,77824.5,77656.5,77791.5
1789388100000,77788.5,77959.5,77783.5,77958.5
1789389000000,77955.5,78039.5,77697.5,77860.5
1789389900000,77854.5,77892.5,77540.5,77642.5
1789390800000,77635.5,77690.5,77415.5,77657.5
1789391700000,77670.5,77819.5,77662.5,77819.5
1789392600000,77819.5,78232.5,77768.5,78105.5
1789393500000,78116.5,78450.5,77986.5,78128.5
1789394400000,78131.5,78499.5,78111.5,78469.5
1789395300000,78472.5,78628.5,78164.5,78373.5
1789396200000,78377.5,78677.5,78302.5,78397.5
1789397100000,78399.5,78605.5,78361.5,78484.5
1789398000000,78484.5,78560.5,78256.5,78454.5
1789398900000,78456.5,78577.5,78354.5,78374.5
1789399800000,78371.5,78577.5,78295.5,78518.5
1789400700000,78521.5,78661.5,78299.5,78538.5
1789401600000,78540.5,78577.5,78384.5,78421.5
1789402500000,78417.5,78864.5,78416.5,78627.5
1789403400000,78628.5,78716.5,78579.5,78620.5
1789404300000,78621.5,78896.5,78609.5,78755.5
1789405200000,78757.5,78885.5,78714.5,78811.5
1789406100000,78802.5,78983.5,78765.5,78863.5
1789407000000,78864.5,78887.5,78686.5,78822.5
1789407900000,78823.5,79035.5,78805.5,78937.5
1789408800000,78933.5,79001.5,78821.5,78834.5
1789409700000,78825.5,79248.5,78811.5,79128.5
1789410600000,79128.5,79249.5,78966.5,79168.5
1789411500000,79168.5,79317.5,79136.5,79207.5
1789412400000,79209.5,79209.5,78984.5,79054.5
1789413300000,79065.5,79235.5,79065.5,79120.5
1789414200000,79123.5,79177.5,78937.5,79115.5
1789415100000,79112.5,79146.5,78951.5,78975.5
1789416000000,78973.5,79213.5,78954.5,79150.5
1789416900000,79146.5,79586.5,79146.5,79432.5
1789417800000,79431.5,79489.5,79304.5,79312.5
1789418700000,79314.5,79361.5,79058.5,79066
1789419600000,79074,79090.4,78735.5,78869.5
1789420500000,78867.5,78968.5,78752.5,78882.5
1789421400000,78875.5,78928.5,78733.5,78779.5
1789422300000,78780.5,78804.5,78708.5,78724.5
1789423200000,78722.5,78826.5,78637.5,78794.5
1789424100000,78787.5,78799.5,78449.5,78555.5
1789425000000,78552.5,78637.5,78452.5,78613.5
1789425900000,78612.5,78627.5,78504.5,78527.5
1789426800000,78526.5,78556.5,78284.5,78394.5
1789427700000,78395.5,78449.5,78327.5,78362.5
1789428600000,78357.5,78367.5,78235.5,78298.5
1789429500000,78300.5,78300.5,78095.5,78164.5
1789430400000,78164.5,78235.5,78079.5,78097.5
1789431300000,78098.5,78111.5,77922.5,78000.5
1789432200000,77999.5,78079.5,77903.5,77942.5
1789433100000,77943.5,78011.5,77916.5,77941.5
1789434000000,77942.5,77943.5,77718.5,77806.5
1789434900000,77808.5,78028.5,77769.5,77845.5
1789435800000,77846.5,77998.5,77825.5,77989.5
1789436700000,77986.5,78060.5,77884.5,77890.5
1789437600000,77890.5,78003.5,77846.5,77969.5
1789438500000,77969.5,78009.5,77863.5,77937.5
1789439400000,77938.5,77947.5,77816.5,77853.5
1789440300000,77847.5,77909.5,77751.5,77883.5
1789441200000,77883.5,77883.5,77619.5,77698.5
1789442100000,77698.5,77817.5,77682.5,77807.5
1789443000000,77806.5,77832.5,77741.5,77778.5
1789443900000,77779.5,77794.5,77615.5,77659.5
1789444800000,77658.5,77722.5,77589.5,77617.5
1789445700000,77620.5,77665.5,77531.5,77592.5
1789446600000,77592.5,77646.5,77491.5,77608.5
1789447500000,77605.5,77611.5,77529.5,77534.5
1789448400000,77532.5,77627.5,77247.5,77379.5
1789449300000,77377.5,77446.5,77275.5,77420.5
1789450200000,77427.5,77470.5,77342.5,77432.5
1789451100000,77428.5,77642.5,77418.5,77603.5
1789452000000,77598.5,77706.5,77536.5,77555.5
1789452900000,77553.5,77583.5,77354.5,77376.5
1789453800000,77367.5,77433.5,77355.5,77416.5
1789454700000,77415.5,77423.5,77152.5,77257.5
1789455600000,77252.5,77286.5,77144.5,77180.5
1789456500000,77184.5,77290.5,77145.5,77252.5
1789457400000,77253.5,77256.5,76986.5,76992.5
1789458300000,76992.5,77078.5,76806.5,76863.5
1789459200000,76861.5,76891.5,76631.5,76749.5
1789460100000,76750.5,76823.5,76634.5,76799.5
1789461000000,76804.5,76842.5,76740.5,76800.5
1789461900000,76800.5,76955.5,76781.5,76940.5
1789462800000,76943.5,76947.5,76832.5,76873.5
1789463700000,76872.5,76948.5,76809.5,76857.5
1789464600000,76861.5,76947.5,76833.5,76945.5
1789465500000,76946.5,77013.5,76878.5,76922.5
1789466400000,76930.5,77015.5,76838.5,76949.5
1789467300000,76940.5,76993.5,76820.5,76825.5
1789468200000,76826.5,77011.5,76816.5,77009.5
1789469100000,77010.5,77132.5,76933.5,77005.5
1789470000000,77004.5,77178.5,76951.5,76996.5
1789470900000,76993.5,77073.5,76915.5,76949.5
1789471800000,76950.5,76961.5,76804.5,76886.5
1789472700000,76885.5,76915.5,76801.5,76877.5
1789473600000,76881.5,76929.5,76809.5,76875.5
1789474500000,76877.5,76952.5,76841.5,76902.5
1789475400000,76905.5,76932.5,76807.5,76893.5
1789476300000,76894.5,77092.5,76820.5,76901.5
1789477200000,76899.5,77093.5,76898.5,76947.5
1789478100000,76951.5,76968.5,76841.5,76898.5
1789479000000,76896.5,76902.5,76066.5,76364.5
1789479900000,76372.5,76563.5,76080.5,76560.5
1789480800000,76564.5,76642.5,76233.5,76363.5
1789481700000,76362.5,76449.5,76217.5,76274.5
1789482600000,76268.5,76282.5,75616.5,75839.5
1789483500000,75837.5,75933.5,75528.5,75871.5
1789484400000,75867.5,76045.5,75756.5,75961.5
1789485300000,75953.5,76465.5,75856.5,76278.5
1789486200000,76283.5,76408.5,76200.5,76374.5
1789487100000,76372.5,76546.5,76332.5,76448.5
1789488000000,76451.5,76512.5,76173.5,76205.5
1789488900000,76210.5,76446.5,76207.5,76414.5
1789489800000,76413.5,76430.5,76226.5,76301.5
1789490700000,76304.5,76447.5,76285.5,76316.5
1789491600000,76311.5,76351.5,76090.5,76200.5
1789492500000,76198.5,76482.5,76162.5,76456.5
1789493400000,76453.5,77279.5,76452.5,76720.5
1789494300000,76719.5,77039.5,76719.5,76911.5
1789495200000,76902.5,76920.5,76738.5,76807.5
1789496100000,76808.5,77120.5,76430.5,76853.5
1789497000000,76845.5,76890.5,75629.5,75703.5
1789497900000,75688.5,76129.5,74864.5,75925.5
1789498800000,75916.5,76208.5,75729.5,75909.5
1789499700000,75922.5,76255.5,75802.5,75860.5
1789500600000,75854.5,76000.5,75793.5,75830.5
1789501500000,75828.5,76107.5,75788.5,76105.5
1789502400000,76098.5,76175.5,75857.5,75980.5
1789503300000,75973.5,75983.5,75669.5,75671.5
1789504200000,75670.5,75802.5,75521.5,75796.5
1789505100000,75793.5,75945.5,75787.5,75860.1
1789506000000,75853.5,75897.5,75568.5,75803.5
1789506900000,75804.5,75845.5,75570.5,75617.5
1789507800000,75619.5,75706.5,75447.5,75680.5
1789508700000,75679.5,75690.5,75265.5,75393.5
1789509600000,75382.5,75529.5,75204.5,75312.5
1789510500000,75309.5,75503.5,75036.5,75427.5
1789511400000,75430.5,75607.5,75395.5,75553.5
1789512300000,75551.5,75690.5,75506.5,75607.5
1789513200000,75601.5,75849.5,75582.5,75834.5
1789514100000,75831.5,75885.5,75651.5,75660.5
1789515000000,75657.5,75680.5,75487.5,75613.5
1789515900000,75612.5,75660.5,75547.5,75577.5
1789516800000,75574.5,75730.5,75499.5,75629.5
1789517700000,75632.5,75790.5,75596.5,75784.5
1789518600000,75777.5,75851.5,75704.5,75736.5
1789519500000,75734.5,75817.5,75650.5,75702.5
1789520400000,75703.5,75805.5,75593.5,75711.5
1789521300000,75710.5,75904.5,75647.5,75798.5
1789522200000,75795.5,75798.5,75467.5,75590.5
1789523100000,75589.5,75650.5,75383.5,75430.5
1789524000000,75429.5,75620.5,75416.5,75597.5
1789524900000,75599.5,75890.5,75592.5,75890.5
1789525800000,75898.5,76045.5,75872.5,75903.5
1789526700000,75900.5,75944.5,75739.5,75819.5
1789527600000,75822.5,75931.5,75745.5,75890.5
1789528500000,75889.5,76019.5,75771.5,75778.5
1789529400000,75779.5,75849.5,75702.5,75722.5
1789530300000,75726.5,75775.5,75680.5,75750.5
1789531200000,75757.5,75850.5,75739.5,75819.5
1789532100000,75818.5,75938.5,75760.5,75802.5
1789533000000,75797.5,75968.5,75771.5,75864.5
1789533900000,75866.5,75923.5,75731.5,75789.5
1789534800000,75792.5,75815.5,75594.5,75730.5
1789535700000,75732.5,75863.5,75729.5,75813.5
1789536600000,75817.5,75928.5,75766.5,75903.5
1789537500000,75900.5,75915.5,75790.5,75892.5
1789538400000,75893.5,75986.5,75885.5,75919.5
1789539300000,75917.5,75964.5,75820.5,75852.5
1789540200000,75847.5,75892.5,75749.5,75864.5
1789541100000,75860.5,75975.5,75852.5,75954.5
1789542000000,75953.5,76032.5,75734.5,75808.5
1789542900000,75807.5,75865.5,75723.5,75751.5
1789543800000,75744.5,75848.5,75699.5,75745.5
1789544700000,75748.5,75828.5,75647.5,75681.5
1789545600000,75678.5,75690.5,75387.5,75455.5
1789546500000,75451.5,75566.5,75269.5,75360.5
1789547400000,75357.5,75508.5,75350.5,75481.5
1789548300000,75478.5,75662.5,75460.5,75658.5
1789549200000,75662.5,75880.5,75647.5,75723.5
1789550100000,75723.5,75815.5,75678.5,75763.5
1789551000000,75760.5,75881.5,75755.5,75858.5
1789551900000,75856.5,75931.5,75812.5,75916.5
1789552800000,75915.5,75987.5,75838.5,75866.5
1789553700000,75874.5,75950.5,75841.5,75906.5
1789554600000,75907.5,75933.5,75858.5,75910.5
1789555500000,75912.5,75918.5,75820.5,75896.5
1789556400000,75909.5,75979.5,75829.5,75834.5
1789557300000,75836.5,75931.5,75800.5,75904.5
1789558200000,75905.5,76210.5,75872.5,76160.5
1789559100000,76161.5,76242.5,76086.5,76174.5
1789560000000,76176.5,76247.5,76036.5,76061.5
1789560900000,76057.5,76103.5,75838.5,75892.5
1789561800000,75883.5,75969.5,75714.5,75888.5
1789562700000,75884.5,75986.5,75825.5,75903.5
1789563600000,75896.5,75911.5,75607.5,75743.5
1789564500000,75738.5,75834.5,75644.5,75702.5
1789565400000,75703.5,75744.5,75506.5,75705.5
1789566300000,75700.5,75875.5,75527.5,75574.5
1789567200000,75573.5,75596.5,75342.5,75496.5
1789568100000,75497.5,75770.5,75456.5,75765.5
1789569000000,75765.5,75772.5,75543.5,75690.5
1789569900000,75686.5,75700.5,75389.5,75637.5
1789570800000,75638.5,75742.5,75476.5,75697.5
1789571700000,75692.5,75749.5,75561.5,75573.5
1789572600000,75581.5,75744.5,75491.5,75669.5
1789573500000,75667.5,75907.5,75651.5,75723.5
1789574400000,75730.5,75812.5,75573.5,75775.5
1789575300000,75773.5,75825.5,75667.5,75729.5
1789576200000,75725.5,75779.5,75601.5,75618.5
1789577100000,75616.5,75775.5,75607.5,75697.5
1789578000000,75698.5,75748.5,75584.5,75662.5
1789578900000,75658.5,75770.5,75559.5,75653.5
1789579800000,75654.5,75680.5,75317.5,75394.5
1789580700000,75395.5,75851.5,75278.5,75615.5
1789581600000,75648.5,76481.5,75206.5,75722.5
1789582500000,75713.5,76033.5,75533.5,75916.5
1789583400000,75902.5,76250.5,74923.5,75878.5
1789584300000,75891.5,76002.5,75379.5,75544.5
1789585200000,75551.5,76101.5,75537.5,75866.5
1789586100000,75867.5,75941.5,75156.5,75465.5
1789587000000,75456.5,75916.5,75346.5,75904.5
1789587900000,75887.5,76063.5,75871.5,75999.5
1789588800000,75993.5,76350.5,75933.5,76133.5
1789589700000,76134.5,76292.5,76021.5,76134.5
1789590600000,76133.5,76183.5,75941.5,76044.5
1789591500000,76046.5,76132.5,75985.5,76100.1
1789592400000,76086.6,76152.5,76001.5,76037.5
1789593300000,76052.5,76081.5,75948.5,75996.5
1789594200000,75998.5,76030.5,75837.5,75893.5
1789595100000,75894.5,75952.5,75841.5,75907.5
1789596000000,75905.5,75924.5,75592.5,75813.5
1789596900000,75820.5,75879.5,75607.5,75691.5
1789597800000,75692.5,75767.5,75590.5,75754.5
1789598700000,75748.5,75770.5,75575.5,75609.5
1789599600000,75614.5,75798.5,75577.5,75784.5
1789600500000,75780.5,76090.5,75775.5,76015.5
1789601400000,76012.5,76162.5,75998.5,76146.5
1789602300000,76145.5,76219.5,76079.5,76142.5
1789603200000,76137.5,76376.5,76106.5,76259.5
1789604100000,76254.5,76431.5,76243.5,76350.5
1789605000000,76341.5,76443.5,76285.5,76361.5
1789605900000,76365.5,76396.5,76256.5,76263.5
1789606800000,76262.5,76299.5,76136.5,76233.5
1789607700000,76231.5,76584.5,76144.5,76551.5
1789608600000,76547.5,76713.5,76428.5,76523.5
1789609500000,76519.5,76523.5,76243.5,76286.5
1789610400000,76286.5,76331.5,76000.5,76136.5
1789611300000,76130.5,76145.5,75966.5,76107.5
1789612200000,76105.5,76385.5,76058.5,76349.5
1789613100000,76343.5,76424.5,76229.5,76297.5
1789614000000,76297.5,76429.5,76291.5,76368.5
1789614900000,76364.5,76455.5,76322.5,76423.5
1789615800000,76418.5,76455.5,76350.5,76404.5
1789616700000,76405.5,76427.5,76325.5,76359.5
1789617600000,76358.5,76363.5,76215.5,76232.5
1789618500000,76233.5,76261.5,76081.5,76121.5
1789619400000,76118.5,76316.5,76091.5,76285.5
1789620300000,76286.5,76518.5,76250.5,76460.5
1789621200000,76458.5,76562.5,76361.5,76394.5
1789622100000,76395.5,76482.5,76330.5,76413.5
1789623000000,76414.5,76417.5,76254.5,76269.5
1789623900000,76272.5,76359.5,76223.5,76245.5
1789624800000,76245.5,76408.5,76212.5,76383.5
1789625700000,76382.5,76384.5,76250.5,76368.5
1789626600000,76372.5,76503.5,76367.5,76472.5
1789627500000,76482.5,76523.5,76374.5,76393.5
1789628400000,76395.5,76613.5,76363.5,76462.5
1789629300000,76469.5,76575.5,76404.5,76443.5
1789630200000,76452.5,76472.5,76400.5,76427.5
1789631100000,76422.5,76464.5,76340.5,76398.5
1789632000000,76386.5,76464.5,76330.5,76339.5
1789632900000,76334.5,76464.5,76305.5,76369.5
1789633800000,76371.5,76476.5,76315.5,76421.5
1789634700000,76415.5,76523.5,76389.5,76492.5
1789635600000,76493.5,76658.5,76493.5,76607.5
1789636500000,76608.5,76677.5,76566.5,76615.5
1789637400000,76616.5,76695.5,76514.5,76517.5
1789638300000,76519.5,76581.5,76364.5,76386.5
1789639200000,76382.5,76410.5,76230.5,76308.5
1789640100000,76313.5,76323.5,76230.5,76261.5
1789641000000,76262.5,76348.5,76233.5,76246.5
1789641900000,76245.5,76338.5,76177.5,76333.5
1789642800000,76335.5,76378.5,76259.5,76371.5
1789643700000,76372.5,76381.5,76258.5,76310.5
1789644600000,76307.5,76307.5,76076.5,76108.5
1789645500000,76104.5,76409.5,76104.5,76393.5
1789646400000,76389.5,76756.5,76321.5,76756.5
1789647300000,76757.5,76932.5,76729.5,76904.5
1789648200000,76903.5,77090.5,76762.5,76787.5
1789649100000,76783.5,76830.5,76646.5,76647.5
1789650000000,76650.5,76818.5,76547.5,76579.5
1789650900000,76574.5,76658.5,76376.5,76386.5
1789651800000,76392.5,76507.5,75914.5,76072.5
1789652700000,76073.5,76620.5,75956.5,76611.5
1789653600000,76612.5,76909.5,76296.5,76879.5
1789654500000,76883.5,76982.5,76606.5,76870.5
1789655400000,76872.5,76947.5,76512.5,76523.5
1789656300000,76524.5,76650.5,76404.5,76418.5
1789657200000,76414.5,76429.5,76173.5,76262.5
1789658100000,76259.5,76390.5,76193.5,76390.5
1789659000000,76387.5,76796.5,76359.5,76687.5
1789659900000,76672.5,76736.5,76513.5,76703.5
1789660800000,76692.5,76740.5,76568.5,76661.5
1789661700000,76662.5,76729.5,76582.5,76629.5
1789662600000,76629.5,76648.5,76437.5,76635.5
1789663500000,76631.5,76681.5,76499.5,76681.5
1789664400000,76680.5,76845.5,76612.5,76728.5
1789665300000,76726.5,76881.5,76680.5,76844.5
1789666200000,76845.5,76897.5,76618.5,76627.5
1789667100000,76624.5,76626.5,76495.5,76591.5
1789668000000,76588.5,76654.5,76559.5,76642.5
1789668900000,76643.5,76719.5,76640.5,76667.5
1789669800000,76664.5,76685.5,76383.5,76540.5
1789670700000,76545.5,76628.5,76492.5,76494.5
1789671600000,76496.5,76562.5,76464.5,76477.5
1789672500000,76480.5,76553.5,76424.5,76501.5
1789673400000,76509.5,76565.5,76447.5,76531.5
1789674300000,76536.5,76617.5,76410.5,76519.5
1789675200000,76515.5,76593.5,76455.5,76562.5
1789676100000,76567.5,76669.5,76512.5,76630.5
1789677000000,76624.5,76642.5,76421.5,76463.5
1789677900000,76466.5,76495.5,76419.5,76478.5
1789678800000,76484.4,76528.7,76250.89,76436.5
1789679700000,76435.5,76518.5,76421.5,76488.5
1789680600000,76487.5,76516.5,76429.5,76458.5
1789681500000,76458.5,76458.5,76311.5,76340.5
1789682400000,76345.5,76403.5,76250.5,76283.5
1789683300000,76286.5,76300.5,76164.5,76188.5
1789684200000,76186.5,76390.5,76176.5,76357.5
1789685100000,76355.5,76364.5,76245.5,76354.5
1789686000000,76355.5,76443.5,76302.5,76412.5
1789686900000,76417.5,76440.5,76394.5,76415.5
1789687800000,76414.5,76422.5,76315.5,76358.5
1789688700000,76361.5,76427.5,76316.5,76343.5
1789689600000,76340.5,76402.5,76291.5,76393.5
1789690500000,76382.5,76402.5,76213.5,76315.5
1789691400000,76310.5,76391.5,76268.5,76369.5
1789692300000,76367.5,76530.5,76321.5,76525.5
1789693200000,76524.5,76626.5,76467.5,76485.5
1789694100000,76486.5,76588.5,76439.5,76518.5
1789695000000,76523.5,76667.5,76503.5,76618.5
1789695900000,76617.5,76702.5,76605.5,76652.5
1789696800000,76661.5,76751.5,76559.5,76689.5
1789697700000,76691.5,76857.5,76647.5,76853.5
1789698600000,76858.5,76971.5,76819.5,76868.5
1789699500000,76867.5,76973.5,76834.5,76912.5
1789700400000,76913.5,77262.5,76895.5,77260.5
1789701300000,77253.5,77527.5,77185.5,77349.5
1789702200000,77350.5,77422.5,77234.5,77266.5
1789703100000,77262.5,77408.5,77262.5,77301.5
1789704000000,77300.5,77345.5,77150.5,77232.5
1789704900000,77219.5,77309.5,77171.5,77197.5
1789705800000,77198.5,77368.5,77146.5,77364.5
1789706700000,77366.5,77500.5,77258.5,77500.5
1789707600000,77507.5,77603.5,77358.5,77444.5
1789708500000,77448.5,77554.5,77358.5,77537.5
1789709400000,77529.5,77646.5,77439.5,77514.5
1789710300000,77512.5,77521.5,77375.5,77416.5
1789711200000,77415.5,77539.5,77399.5,77420.5
1789712100000,77418.5,77612.5,77399.5,77456.5
1789713000000,77454.5,77519.5,77402.5,77450.5
1789713900000,77449.5,77546.5,77324.5,77525.5
1789714800000,77526.5,77712.5,77480.5,77553.5
1789715700000,77554.5,77775.5,77531.5,77727.5
1789716600000,77723.5,77774.5,77650.5,77736.5
1789717500000,77738.5,77751.5,77649.5,77730.5
1789718400000,77738.5,77909.5,77579.5,77693.5
1789719300000,77695.5,77998.5,77675.5,77873.5
1789720200000,77872.5,77956.5,77814.5,77892.5
1789721100000,77887.5,78199.5,77880.5,78185.5
1789722000000,78179.5,78415.5,78139.5,78304.5
1789722900000,78308.5,78331.5,78080.5,78094.5
1789723800000,78087.5,78103.5,77940.5,77973.5
1789724700000,77972.5,78156.5,77972.5,78145.5
1789725600000,78144.5,78171.5,78017.5,78129.5
1789726500000,78133.5,78220.5,78094.5,78216.5
1789727400000,78214.5,78245.5,78118.5,78164.5
1789728300000,78168.5,78301.5,78141.5,78216.5
1789729200000,78218.5,78352.5,77962.5,78036.5
1789730100000,78040.5,78104.5,77967.5,77978.5
1789731000000,77980.5,78114.5,77943.5,77956.5
1789731900000,77957.5,78036.5,77954.5,77992.5
1789732800000,77996.5,78053.5,77912.5,78027.5
1789733700000,78029.5,78053.5,77878.5,77943.5
1789734600000,77938.5,78122.5,77914.5,78055.5
1789735500000,78054.5,78079.5,77943.5,77972.5
1789736400000,77973.5,78015.5,77885.5,77959.5
1789737300000,77960.5,78112.5,77948.5,78107.5
1789738200000,78109.5,79272.5,78058.5,79241.5
1789739100000,79232.5,80437.5,79154.5,80022.5
1789740000000,80021.5,80532.5,80017.5,80248.5
1789740900000,80261.5,80944.5,80249.5,80651.5
1789741800000,80660.5,80780.5,80443.5,80749.5
1789742700000,80750.5,80948.5,80665.5,80914.5
1789743600000,80918.5,81012.5,80534.5,80739.5
1789744500000,80742.5,81113.5,80726.5,80950.5
1789745400000,80959.5,80962.5,80629.5,80631.5
1789746300000,80635.5,80814.5,80464.5,80698.5
1789747200000,80692.5,80955.5,80627.5,80951.5
1789748100000,80952.5,81063.5,80822.5,81035.5
1789749000000,81030.5,81240.5,80834.5,80990.5
1789749900000,80975.5,80980.5,80735.5,80827.5
1789750800000,80828.5,80894.5,80732.5,80886.5
1789751700000,80872.5,80938.5,80615.5,80734.5
1789752600000,80730.5,80766.5,80547.5,80750.5
1789753500000,80747.5,81001.5,80727.5,80989.5
1789754400000,80989.5,80993.5,80761.5,80851.5
1789755300000,80853.5,80985.5,80791.5,80974.5
1789756200000,80976.5,81130.5,80882.5,80917.5
1789757100000,80917.5,81068.5,80844.5,80920.5
1789758000000,80918.5,81194.5,80866.5,81167.5
1789758900000,81165.5,81388.5,81083.5,81237.5
1789759800000,81237.5,81237.5,81023.5,81215.5
1789760700000,81228.5,81346.5,81104.5,81188.5
1789761600000,81184.5,81225.5,80901.5,81047.5
1789762500000,81047.5,81213.5,80913.5,81006.5
1789763400000,81006.5,81183.5,80917.5,81145.5
1789764300000,81143.5,81177.5,81036.5,81045.1