time,open,high,low,close
1770969600000,24864.95,24901.95,24807.95,24824.95
1770970500000,24823.95,24843.45,24753.95,24826.45
1770971400000,24825.45,24859.45,24810.95,24847.95
1770972300000,24849.95,24877.95,24849.95,24869.95
1770973200000,24872.95,24874.95,24805.95,24809.95
1770974100000,24808.95,24867.95,24807.95,24839.95
1770975000000,24838.95,24846.95,24813.95,24816.95
1770975900000,24817.95,24864.95,24813.95,24831.95
1770976800000,24830.55,24849.95,24813.95,24838.95
1770977700000,24841.95,24881.95,24831.95,24879.95
1770978600000,24880.95,24882.95,24849.95,24860.95
1770979500000,24863.95,24866.95,24813.95,24822.95
1770980400000,24821.95,24831.95,24805.95,24821.95
1770981300000,24822.95,24842.95,24809.95,24811.95
1770982200000,24812.95,24832.95,24780.95,24822.95
1770983100000,24823.95,24865.95,24808.95,24860.95
1770984000000,24853.95,24865.95,24830.95,24846.95
1770984900000,24847.95,24865.95,24836.95,24851.95
1770985800000,24852.95,24862.95,24832.95,24839.95
1770986700000,24840.95,24878.95,24811.95,24851.95
1770987600000,24850.95,24885.95,24834.95,24840.95
1770988500000,24841.95,24881.95,24832.95,24877.15
1770989400000,24875.15,24939.95,24875.15,24907.95
1770990300000,24906.95,24934.95,24873.55,24911.95
1770991200000,24910.95,24948.95,24895.95,24905.95
1770992100000,24906.95,24914.95,24868.95,24890.95
1770993000000,24889.95,24906.95,24813.95,24870.95
1770993900000,24871.95,24914.95,24814.95,24840.95
1770994800000,24837.95,24903.95,24834.95,24886.95
1770995700000,24885.95,24928.95,24870.95,24918.95
1770996600000,24917.95,24953.95,24881.95,24883.95
1770997500000,24884.95,24921.95,24869.95,24900.95
1770998400000,24899.95,24933.95,24895.95,24923.95
1770999300000,24921.95,24960.95,24899.95,24905.95
1771000200000,24904.95,24929.95,24885.95,24924.95
1771001100000,24925.95,24943.95,24923.95,24927.95
1771002000000,24926.95,24950.95,24920.95,24949.95
1771002900000,24948.95,24959.95,24931.95,24949.95
1771003800000,24950.95,24987.95,24948.95,24969.95
1771004700000,24968.95,24976.95,24942.95,24950.95
1771005600000,24951.95,24959.95,24925.95,24955.95
1771006500000,24956.95,24982.95,24952.95,24957.95
1771007400000,24957.55,24974.95,24949.95,24952.95
1771008300000,24953.95,24966.95,24936.95,24942.95
1771009200000,24941.95,24956.95,24934.95,24948.95
1771010100000,24947.95,24961.15,24932.95,24935.95
1771011000000,24936.95,24949.95,24916.95,24926.95
1771011900000,24925.95,24941.95,24896.95,24898.95
1771012800000,24899.95,24911.95,24896.95,24896.95
1771013700000,24895.95,24909.95,24866.95,24871.95
1771014600000,24869.95,24885.95,24860.45,24880.95
1771015500000,24879.55,24926.95,24877.55,24906.05
1771016400000,24906.050000000003,24923.15,24887.15,24911.15
1771017300000,24910.15,24911.15,24888.15,24895.15
1771018200000,24896.15,24901.15,24891.15,24892.15
1771019100000,24893.15,24904.15,24886.15,24890.140000000003
1771196400000,24908.15,24937.15,24878.15,24918.15
1771197300000,24919.15,24936.15,24916.15,24929.15
1771198200000,24930.15,24937.15,24916.15,24930.15
1771199100000,24929.15,24939.15,24910.15,24939.15
1771200000000,24941.15,24949.15,24923.15,24944.15
1771200900000,24943.149999999998,24945.05,24905.85,24913.85
1771201800000,24913.85,24928.35,24911.35,24911.35
1771202700000,24912.35,24922.35,24905.85,24912.85
1771203600000,24914.85,24929.35,24907.85,24911.85
1771204500000,24911.85,24919.149999999998,24907.35,24909.85
1771205400000,24912.35,24916.35,24902.35,24907.85
1771206300000,24907.85,24925.85,24907.35,24924.85
1771207200000,24925.85,24939.149999999998,24913.35,24920.85
1771208100000,24920.85,24933.35,24919.35,24926.35
1771209000000,24925.35,24936.35,24923.85,24927.85
1771209900000,24928.85,24931.75,24921.85,24925.85
1771210800000,24926.85,24934.149999999998,24920.85,24932.35
1771211700000,24931.75,24940.35,24924.85,24928.35
1771212600000,24929.75,24934.85,24925.85,24934.35
1771213500000,24933.75,24940.85,24932.35,24940.35
1771214400000,24940.85,24957.149999999998,24940.35,24951.85
1771215300000,24953.35,24955.85,24944.85,24955.35
1771216200000,24957.85,24958.85,24948.85,24951.85
1771217100000,24948.85,24964.149999999998,24946.85,24954.85
1771218000000,24952.85,24953.85,24944.75,24948.85
1771218900000,24947.35,24948.85,24939.35,24942.75
1771219800000,24942.15,24943.15,24928.15,24929.75
1771220700000,24928.35,24940.149999999998,24924.35,24932.35
1771221600000,24931.85,24938.149999999998,24929.85,24935.35
1771222500000,24934.15,24938.35,24920.75,24937.75
1771223400000,24935.75,24951.65,24931.75,24949.35
1771224300000,24948.35,24954.149999999998,24946.35,24954.149999999998
1771225200000,24954.75,24984.95,24948.75,24971.95
1771226100000,24973.55,24982.95,24965.95,24976.95
1771227000000,24975.95,25005.15,24971.95,25002.15
1771227900000,25003.15,25017.15,24994.15,25017.15
1771228800000,25014.15,25023.15,24972.15,25002.15
1771229700000,25001.15,25012.15,24965.15,24967.15
1771230600000,24965.15,24990.15,24944.95,24962.95
1771231500000,24961.95,24981.95,24944.95,24964.95
1771232400000,24965.95,25000.45,24953.95,24997.45
1771233300000,24998.45,24998.45,24978.45,24986.45
1771234200000,24982.45,24984.45,24947.45,24948.45
1771235100000,24949.45,24955.45,24932.45,24945.45
1771236000000,24946.45,24957.45,24921.45,24928.45
1771236900000,24927.45,24927.45,24904.45,24920.45
1771237800000,24919.45,24948.45,24902.45,24946.45
1771238700000,24947.45,24953.45,24934.45,24936.45
1771239600000,24935.45,24935.45,24910.45,24928.45
1771240500000,24927.45,24948.45,24917.45,24947.45
1771241400000,24946.45,24950.45,24919.45,24947.45
1771242300000,24946.45,24957.45,24931.45,24944.45
1771243200000,24941.45,24955.45,24926.45,24947.45
1771244100000,24946.45,24964.45,24941.45,24959.45
1771245000000,24960.45,24960.45,24922.45,24922.45
1771245900000,24923.45,24935.45,24919.45,24927.45
1771246800000,24928.45,24930.45,24903.45,24904.45
1771247700000,24903.45,24936.45,24901.45,24930.45
1771248600000,24929.45,24937.45,24912.45,24931.45
1771249500000,24932.45,24938.45,24916.45,24916.45
1771250400000,24915.45,24920.95,24890.95,24890.95
1771251300000,24889.95,24892.95,24859.95,24871.95
1771252200000,24870.95,24880.95,24843.95,24856.95
1771253100000,24855.95,24887.95,24839.95,24872.95
1771254000000,24873.95,24902.95,24871.95,24883.95
1771254900000,24881.95,24893.95,24866.95,24872.95
1771255800000,24871.95,24881.95,24859.95,24860.95
1771256700000,24859.95,24880.95,24820.95,24821.95
1771257600000,24825.95,24834.95,24798.95,24826.95
1771258500000,24827.95,24829.95,24799.95,24818.95
1771259400000,24817.95,24836.95,24793.95,24831.95
1771260300000,24832.95,24840.95,24824.95,24827.95
1771261200000,24828.95,24838.95,24824.95,24832.95
1771262100000,24831.95,24833.95,24826.95,24832.95
1771263000000,24833.55,24841.95,24830.95,24835.95
1771263900000,24836.95,24838.95,24830.95,24838.95
1771264800000,24837.95,24838.95,24833.55,24836.95
1771265700000,24837.95,24841.95,24836.95,24838.55
1771266600000,24837.95,24839.95,24834.95,24835.95
1771267500000,24836.55,24838.95,24827.95,24827.95
1771268400000,24828.949999999997,24834.55,24824.85,24824.85
1771269300000,24823.55,24831.95,24822.95,24831.95
1771270200000,24832.95,24832.95,24830.95,24830.95
1771271100000,24831.95,24834.95,24830.95,24834.95
1771272000000,24835.95,24837.95,24835.95,24835.95
1771272900000,24836.55,24837.95,24833.95,24834.95
1771273800000,24833.95,24833.95,24825.95,24826.55
1771274700000,24827.55,24838.05,24824.95,24831.05
1771275600000,24831.15,24831.15,24831.15,24831.15
1771282800000,24846.75,24863.62,24829.75,24856.62
1771283700000,24855.62,24860.62,24845.75,24854.75
1771284600000,24855.75,24870.75,24855.75,24863.75
1771285500000,24864.75,24876.75,24854.76,24858.76
1771286400000,24859.76,24862.75,24836.75,24857.75
1771287300000,24858.75,24862.350000000002,24843.65,24848.45
1771288200000,24849.45,24851.95,24826.45,24839.350000000002
1771289100000,24838.95,24839.75,24823.95,24831.45
1771290000000,24829.95,24851.75,24825.95,24844.95
1771290900000,24845.95,24847.95,24820.45,24824.45
1771291800000,24825.45,24835.45,24820.95,24821.45
1771292700000,24820.95,24828.95,24761.95,24774.45
1771293600000,24770.449999999997,24779.449999999997,24760.35,24777.449999999997
1771294500000,24777.45,24793.95,24774.95,24793.350000000002
1771295400000,24792.350000000002,24796.45,24785.95,24792.95
1771296300000,24791.95,24797.45,24779.45,24787.95
1771297200000,24788.45,24789.45,24750.95,24761.45
1771298100000,24760.45,24775.75,24757.95,24768.75
1771299000000,24769.75,24769.75,24717.35,24730.75
1771299900000,24731.75,24742.350000000002,24720.95,24734.95
1771300800000,24735.95,24740.95,24729.45,24731.45
1771301700000,24730.45,24739.95,24719.95,24727.45
1771302600000,24728.45,24728.45,24712.45,24718.45
1771303500000,24716.95,24730.95,24716.95,24727.45
1771304400000,24728.45,24738.75,24722.45,24731.95
1771305300000,24731.45,24733.75,24684.45,24717.45
1771306200000,24717.95,24726.350000000002,24701.95,24715.45
1771307100000,24716.45,24723.350000000002,24699.45,24703.95
1771308000000,24703.45,24743.350000000002,24703.45,24727.45
1771308900000,24726.45,24736.75,24722.45,24724.75
1771309800000,24726.25,24744.75,24716.45,24730.45
1771310700000,24730.95,24736.75,24722.45,24722.95
1771311600000,24722.45,24738.55,24709.55,24716.55
1771312500000,24714.55,24744.35,24700.55,24710.55
1771313400000,24711.55,24747.35,24707.55,24726.55
1771314300000,24726.149999999998,24765.55,24725.55,24753.55
1771315200000,24758.550000000003,24805.550000000003,24738.15,24777.550000000003
1771316100000,24776.55,24804.55,24756.55,24803.55
1771317000000,24802.550000000003,24824.75,24769.65,24771.75
1771317900000,24769.75,24806.75,24768.75,24799.75
1771318800000,24798.75,24852.75,24798.75,24821.05
1771319700000,24818.05,24854.05,24818.05,24850.05
1771320600000,24849.05,24879.25,24849.05,24870.55
1771321500000,24870.05,24874.05,24841.55,24869.55
1771322400000,24870.149999999998,24886.55,24836.55,24847.55
1771323300000,24848.55,24871.55,24846.55,24852.55
1771324200000,24850.55,24857.55,24823.55,24828.55
1771325100000,24827.55,24848.55,24816.55,24820.55
1771326000000,24819.55,24828.55,24784.55,24817.55
1771326900000,24814.55,24842.55,24790.55,24839.55
1771327800000,24840.55,24863.55,24832.55,24850.55
1771328700000,24851.55,24875.55,24846.55,24865.55
1771329600000,24866.55,24873.55,24856.55,24860.55
1771330500000,24859.55,24860.55,24822.55,24828.55
1771331400000,24830.55,24833.55,24796.55,24810.55
1771332300000,24809.55,24811.55,24770.55,24775.55
1771333200000,24773.55,24777.55,24737.55,24765.55
1771334100000,24766.55,24835.55,24761.55,24820.149999999998
1771335000000,24819.25,24836.55,24806.55,24834.55
1771335900000,24835.55,24881.55,24819.55,24843.55
1771336800000,24845.55,24895.55,24842.55,24880.55
1771337700000,24879.55,24895.55,24867.55,24884.55
1771338600000,24885.55,24947.55,24885.55,24906.55
1771339500000,24908.55,24924.55,24824.55,24836.75
1771340400000,24838.55,24892.55,24835.55,24861.55
1771341300000,24862.55,24931.55,24855.55,24889.55
1771342200000,24890.55,24896.55,24854.55,24874.55
1771343100000,24873.55,24911.55,24872.55,24899.55
1771344000000,24901.55,24994.55,24885.55,24989.55
1771344900000,24990.55,25029.55,24979.55,25009.55
1771345800000,25005.55,25026.55,24986.55,25008.55
1771346700000,25009.55,25019.55,24989.55,25004.55
1771347600000,25005.55,25008.55,24952.55,24963.55
1771348500000,24962.55,24991.55,24962.55,24991.55
1771349400000,24991.149999999998,24998.55,24946.55,24948.55
1771350300000,24947.55,24978.55,24935.55,24976.55
1771351200000,24977.55,24983.55,24960.55,24971.55
1771352100000,24970.55,25016.55,24966.55,25004.55
1771353000000,25004.149999999998,25039.55,25000.55,25030.55
1771353900000,25031.55,25057.55,25029.55,25048.55
1771354800000,25047.55,25051.55,25029.55,25042.55
1771355700000,25041.55,25047.55,25031.55,25033.55
1771356600000,25034.55,25052.55,25031.55,25051.55
1771357500000,25050.55,25051.55,25030.55,25033.55
1771358400000,25034.55,25046.55,25026.55,25034.55
1771359300000,25035.15,25040.55,25025.75,25034.55
1771360200000,25033.55,25045.55,25020.55,25040.55
1771361100000,25039.55,25043.55,25025.55,25037.649999999998
1771362000000,25037.65,25046.75,25025.75,25040.75
1771362900000,25039.75,25064.75,25039.75,25048.75
1771363800000,25047.75,25048.75,25030.75,25039.75
1771364700000,25038.75,25043.75,25032.75,25038.75
1771369200000,25041.15,25046.15,25015.15,25022.15
1771370100000,25023.15,25037.15,25014.15,25028.15
1771371000000,25029.15,25034.15,25008.15,25013.15
1771371900000,25012.15,25014.15,24998.15,25002.15
1771372800000,25003.15,25031.58,25001.15,25030.15
1771373700000,25031.149999999998,25034.149999999998,25019.05,25026.85
1771374600000,25027.85,25036.149999999998,25021.85,25028.149999999998
1771375500000,25028.75,25029.149999999998,25017.85,25023.85
1771376400000,25024.85,25038.75,25020.85,25028.85
1771377300000,25027.85,25042.35,25021.85,25029.35
1771378200000,25028.75,25034.35,25022.85,25031.35
1771379100000,25032.75,25032.75,25019.35,25028.35
1771380000000,25028.75,25032.85,25021.35,25026.85
1771380900000,25026.85,25026.85,25016.85,25021.75
1771381800000,25022.35,25033.149999999998,25021.85,25030.75
1771382700000,25032.15,25032.15,25020.65,25023.75
1771383600000,25025.149999999998,25027.149999999998,25007.35,25013.75
1771384500000,25013.85,25022.149999999998,25007.85,25020.35
1771385400000,25019.75,25027.85,25018.75,25026.15
1771386300000,25025.75,25038.35,25025.75,25034.35
1771387200000,25035.35,25052.75,25032.35,25047.35
1771388100000,25046.75,25054.149999999998,25040.35,25051.149999999998
1771389000000,25050.15,25076.15,25050.15,25071.850000000002
1771389900000,25078.149999999998,25078.149999999998,25065.85,25076.149999999998
1771390800000,25076.75,25078.149999999998,25063.35,25077.75
1771391700000,25078.149999999998,25085.649999999998,25072.85,25078.35
1771392600000,25079.75,25087.149999999998,25072.85,25073.85
1771393500000,25075.75,25078.75,25068.85,25076.75
1771394400000,25077.35,25086.15,25068.75,25071.35
1771395300000,25071.85,25083.149999999998,25071.85,25079.75
1771396200000,25079.350000000002,25086.75,25071.15,25079.850000000002
1771397100000,25077.85,25090.149999999998,25066.35,25069.85
1771398000000,25068.850000000002,25081.95,25046.15,25054.95
1771398900000,25055.95,25068.95,25049.95,25068.95
1771399800000,25067.95,25078.95,25065.95,25072.55
1771400700000,25072.95,25073.95,25045.95,25058.95
1771401600000,25062.95,25158.95,25057.95,25114.95
1771402500000,25115.95,25177.95,25109.75,25120.75
1771403400000,25122.75,25157.95,25121.75,25145.95
1771404300000,25146.95,25181.95,25125.95,25170.95
1771405200000,25171.95,25182.95,25147.45,25157.45
1771406100000,25158.45,25168.45,25128.45,25162.45
1771407000000,25161.45,25199.45,25157.45,25193.45
1771407900000,25192.45,25207.45,25181.45,25196.45
1771408800000,25195.45,25218.65,25188.45,25206.65
1771409700000,25205.65,25213.95,25194.95,25208.95
1771410600000,25209.95,25222.25,25200.55,25221.25
1771411500000,25222.25,25250.25,25210.25,25249.25
1771412400000,25250.25,25269.25,25230.35,25242.35
1771413300000,25243.35,25248.35,25223.35,25240.35
1771414200000,25239.35,25240.35,25200.35,25210.35
1771415100000,25209.35,25223.35,25208.35,25214.35
1771416000000,25213.35,25254.35,25213.35,25254.35
1771416900000,25253.35,25254.35,25215.35,25224.35
1771417800000,25222.35,25222.35,25182.85,25198.85
1771418700000,25197.85,25224.85,25196.85,25218.85
1771419600000,25217.85,25221.85,25189.85,25203.85
1771420500000,25202.85,25207.85,25169.85,25193.85
1771421400000,25194.85,25202.85,25177.85,25182.85
1771422300000,25181.85,25182.85,25119.85,25126.85
1771423200000,25128.85,25153.85,25104.85,25142.85
1771424100000,25141.25,25155.85,25129.85,25146.85
1771425000000,25147.85,25222.85,25121.85,25217.85
1771425900000,25216.85,25251.85,25195.85,25249.85
1771426800000,25250.85,25286.85,25250.85,25279.85
1771427700000,25278.85,25283.85,25250.85,25275.85
1771428600000,25276.85,25291.85,25265.85,25268.85
1771429500000,25266.85,25319.85,25262.85,25312.85
1771430400000,25313.85,25328.85,25293.85,25298.85
1771431300000,25297.85,25311.85,25289.85,25297.85
1771432200000,25294.85,25308.85,25275.85,25291.85
1771433100000,25292.85,25299.85,25273.85,25279.85
1771434000000,25280.85,25302.85,25272.85,25294.85
1771434900000,25293.85,25302.85,25293.85,25300.85
1771435800000,25301.85,25308.85,25289.85,25302.85
1771436700000,25301.85,25308.85,25297.85,25299.85
1771437600000,25300.05,25312.85,25292.85,25296.85
1771438500000,25297.85,25298.85,25238.85,25247.85
1771439400000,25249.85,25279.85,25233.85,25264.85
1771440300000,25263.85,25275.85,25240.85,25260.85
1771441200000,25249.25,25270.85,25245.25,25250.85
1771442100000,25249.85,25261.85,25241.85,25255.85
1771443000000,25256.85,25259.85,25221.85,25222.85
1771443900000,25221.85,25230.85,25187.85,25203.85
1771444800000,25202.85,25213.85,25185.85,25185.85
1771445700000,25186.85,25195.85,25178.85,25190.85
1771446600000,25189.85,25230.85,25189.85,25224.85
1771447500000,25223.85,25256.85,25218.85,25224.149999999998
1771448400000,25222.15,25239.25,25221.25,25229.25
1771449300000,25228.25,25228.26,25216.26,25223.26
1771450200000,25222.26,25228.26,25221.26,25224.26
1771451100000,25223.26,25227.26,25213.26,25222.26
1771455600000,25234.55,25264.42,25231.55,25260.42
1771456500000,25261.42,25261.42,25242,25251
1771457400000,25250,25255,25243,25245.55
1771458300000,25244.55,25253.55,25236.55,25238.55
1771459200000,25239.55,25244.55,25227.55,25234.55
1771460100000,25235.55,25247.45,25218.75,25225.25
1771461000000,25225.75,25243.05,25223.25,25235.25
1771461900000,25236.25,25239.75,25227.75,25239.25
1771462800000,25239.15,25275.05,25237.25,25272.75
1771463700000,25272.25,25276.15,25255.25,25262.55
1771464600000,25262.15,25267.75,25241.75,25248.75
1771465500000,25249.25,25256.25,25235.25,25250.75
1771466400000,25251.25,25262.55,25243.25,25257.25
1771467300000,25256.25,25262.15,25253.25,25260.75
1771468200000,25263.55,25265.25,25254.25,25258.25
1771469100000,25259.25,25259.75,25248.75,25255.25
1771470000000,25254.25,25260.05,25249.75,25254.25
1771470900000,25255.25,25264.55,25252.25,25261.75
1771471800000,25261.15,25267.05,25243.75,25251.25
1771472700000,25250.75,25250.75,25241.25,25246.25
1771473600000,25246.25,25257.15,25246.25,25252.75
1771474500000,25251.75,25255.55,25238.25,25242.25
1771475400000,25242.15,25249.15,25238.75,25238.75
1771476300000,25240.25,25240.75,25232.75,25236.25
1771477200000,25237.25,25239.25,25223.25,25232.75
1771478100000,25232.55,25232.75,25223.75,25231.15
1771479000000,25232.550000000003,25236.75,25223.15,25223.15
1771479900000,25221.25,25233.75,25219.25,25223.25
1771480800000,25224.75,25233.55,25214.55,25221.55
1771481700000,25222.550000000003,25223.550000000003,25204.15,25208.550000000003
1771482600000,25209.550000000003,25217.75,25197.15,25197.15
1771483500000,25196.15,25210.550000000003,25195.15,25209.15
1771484400000,25208.75,25225.35,25195.35,25209.35
1771485300000,25208.35,25215.35,25200.05,25207.85
1771486200000,25206.85,25215.85,25202.85,25210.85
1771487100000,25209.85,25213.85,25173.85,25193.85
1771488000000,25192.85,25234.649999999998,25167.85,25193.85
1771488900000,25192.85,25221.85,25192.85,25198.85
1771489800000,25200.85,25217.85,25154.85,25174.85
1771490700000,25173.85,25180.85,25137.85,25143.85
1771491600000,25144.85,25160.85,25131.85,25157.85
1771492500000,25158.85,25165.85,25126.85,25126.85
1771493400000,25125.85,25133.85,25090.85,25092.85
1771494300000,25093.85,25094.85,25060.85,25064.85
1771495200000,25062.850000000002,25067.15,25026.65,25051.15
1771496100000,25052.15,25081.850000000002,25050.15,25053.850000000002
1771497000000,25054.85,25067.85,25038.85,25060.05
1771497900000,25059.05,25077.05,25055.05,25069.05
1771498800000,25070.05,25101.05,25057.05,25091.05
1771499700000,25090.05,25113.05,25078.05,25100.05
1771500600000,25101.05,25102.05,25083.05,25093.05
1771501500000,25092.05,25100.05,25052.05,25058.05
1771502400000,25059.05,25068.85,25029.05,25062.85
1771503300000,25063.85,25084.85,25051.85,25072.85
1771504200000,25070.85,25071.85,25048.85,25060.85
1771505100000,25058.85,25074.85,25054.85,25057.85
1771506000000,25058.85,25069.85,25039.85,25045.85
1771506900000,25046.85,25050.85,24996.85,25006.55
1771507800000,25008.55,25056.35,25000.85,25042.35
1771508700000,25041.35,25059.35,25033.35,25045.35
1771509600000,25047.35,25054.35,25027.35,25038.35
1771510500000,25039.35,25051.649999999998,25020.85,25022.85
1771511400000,25023.85,25031.85,24981.85,25024.85
1771512300000,25025.85,25034.85,24981.85,25023.449999999997
1771513200000,25022.449999999997,25047.85,25000.85,25010.85
1771514100000,25011.85,25038.85,25002.85,25019.85
1771515000000,25018.85,25063.85,25007.85,25049.85
1771515900000,25045.85,25054.85,25010.85,25038.85
1771516800000,25039.85,25040.85,24999.85,25010.85
1771517700000,25011.85,25044.85,25010.85,25020.85
1771518600000,25019.85,25056.85,25016.85,25018.85
1771519500000,25016.85,25030.85,24999.85,25011.85
1771520400000,25012.85,25015.85,24988.85,25007.85
1771521300000,25008.85,25030.85,25002.85,25008.85
1771522200000,25007.85,25019.85,25000.85,25011.85
1771523100000,25012.85,25012.85,24984.85,24990.85
1771524000000,24989.85,25006.85,24975.85,25002.85
1771524900000,25001.85,25004.85,24974.85,24991.85
1771525800000,24992.85,25003.85,24987.85,25000.85
1771526700000,24999.85,25025.85,24996.85,25021.85
1771527600000,25020.85,25021.85,25005.85,25010.85
1771528500000,25009.85,25018.85,25001.85,25007.85
1771529400000,25006.85,25014.85,24983.85,24997.85
1771530300000,24996.85,25009.85,24989.85,25004.85
1771531200000,25005.85,25026.85,25005.85,25026.85
1771532100000,25027.85,25030.85,25014.85,25017.85
1771533000000,25015.85,25029.85,25015.85,25024.85
1771533900000,25025.85,25032.85,25019.85,25027.949999999997
1771534800000,25019.95,25031.77,25017.05,25022.77
1771535700000,25021.77,25037.75,25010.75,25021.75
1771536600000,25020.75,25021.75,25004.9,25004.9
1771537500000,25005.9,25009.9,25002.9,25005.9
1771542000000,25011.45,25022.45,25005.45,25016.45
1771542900000,25017.45,25030.45,25017.45,25025.45
1771543800000,25024.45,25043.45,25024.45,25034.45
1771544700000,25033.45,25040.45,25027.45,25033.45
1771545600000,25034.45,25044.45,25020.45,25041.45
1771546500000,25043.45,25061.45,25030.15,25050.15
1771547400000,25049.65,25064.45,25049.65,25061.65
1771548300000,25062.050000000003,25069.45,25058.65,25060.65
1771549200000,25061.050000000003,25085.65,25060.15,25082.65
1771550100000,25080.15,25083.45,25061.15,25068.65
1771551000000,25065.15,25073.050000000003,25056.15,25058.65
1771551900000,25056.15,25070.050000000003,25055.15,25061.65
1771552800000,25063.65,25080.65,25057.65,25059.15
1771553700000,25060.149999999998,25062.45,25054.05,25057.149999999998
1771554600000,25057.65,25066.45,25053.15,25053.15
1771555500000,25054.65,25063.45,25039.15,25057.65
1771556400000,25058.050000000003,25064.65,25053.65,25059.65
1771557300000,25059.15,25062.65,25055.65,25056.15
1771558200000,25057.15,25061.65,25050.15,25051.65
1771559100000,25052.05,25060.05,25050.05,25051.149999999998
1771560000000,25051.15,25062.45,25048.15,25058.45
1771560900000,25058.050000000003,25059.45,25048.15,25054.65
1771561800000,25054.15,25059.65,25049.15,25057.15
1771562700000,25055.65,25070.050000000003,25055.65,25064.15
1771563600000,25065.15,25078.95,25063.15,25065.15
1771564500000,25067.15,25078.45,25064.65,25073.15
1771565400000,25072.15,25084.45,25070.65,25079.65
1771566300000,25079.050000000003,25095.45,25077.15,25094.050000000003
1771567200000,25095.45,25109.45,25088.15,25106.050000000003
1771568100000,25107.45,25108.45,25094.45,25096.45
1771569000000,25097.45,25098.45,25087.45,25093.45
1771569900000,25092.45,25097.05,25085.45,25089.65
1771570800000,25088.65,25102.25,25077.95,25088.25
1771571700000,25089.25,25097.25,25081.15,25081.25
1771572600000,25079.25,25091.25,25075.25,25078.25
1771573500000,25077.25,25081.25,25059.25,25077.25
1771574400000,25075.25,25079.25,25036.25,25038.85
1771575300000,25038.45,25071.25,25005.25,25068.25
1771576200000,25066.85,25067.25,25029.25,25055.25
1771577100000,25056.25,25093.25,25049.25,25093.25
1771578000000,25092.25,25128.45,25083.25,25122.45
1771578900000,25121.45,25142.45,25115.45,25123.45
1771579800000,25124.45,25125.45,25093.45,25119.45
1771580700000,25120.45,25120.45,25097.45,25107.45
1771581600000,25108.45,25125.95,25096.95,25125.95
1771582500000,25124.95,25132.95,25105.95,25131.95
1771583400000,25130.95,25131.95,25108.95,25122.95
1771584300000,25123.95,25133.95,25091.95,25091.95
1771585200000,25092.95,25111.75,25060.95,25103.75
1771586100000,25102.75,25114.75,25098.75,25112.75
1771587000000,25113.75,25126.75,25111.75,25117.75
1771587900000,25118.75,25119.75,25094.75,25102.75
1771588800000,25103.75,25112.75,25089.75,25110.75
1771589700000,25113.75,25116.75,25092.75,25097.75
1771590600000,25096.75,25099.75,25074.75,25079.75
1771591500000,25080.75,25093.75,25068.75,25082.75
1771592400000,25081.75,25100.75,25076.75,25099.75
1771593300000,25100.75,25124.75,25099.75,25120.75
1771594200000,25118.95,25121.75,25084.75,25099.75
1771595100000,25100.75,25107.75,25083.75,25106.75
1771596000000,25107.75,25121.75,25101.75,25112.75
1771596900000,25111.75,25112.75,25092.75,25097.75
1771597800000,25094.75,25162.95,25092.75,25137.75
1771598700000,25138.75,25156.45,25122.75,25156.45
1771599600000,25157.45,25340.45,25151.75,25173.75
1771600500000,25172.75,25244.75,25157.75,25205.75
1771601400000,25204.75,25240.75,25186.75,25233.75
1771602300000,25234.75,25290.75,25218.75,25283.75
1771603200000,25282.75,25286.75,25242.75,25243.75
1771604100000,25245.75,25266.75,25235.75,25255.75
1771605000000,25254.75,25290.75,25244.75,25279.75
1771605900000,25278.75,25288.75,25254.75,25261.75
1771606800000,25260.75,25266.75,25207.75,25207.75
1771607700000,25206.75,25210.75,25184.35,25207.75
1771608600000,25209.75,25234.75,25205.75,25226.75
1771609500000,25227.75,25246.75,25208.45,25234.75
1771610400000,25235.75,25237.75,25218.75,25222.75
1771611300000,25221.75,25229.75,25185.75,25212.95
1771612200000,25214.350000000002,25266.75,25185.45,25251.75
1771613100000,25250.75,25269.75,25237.45,25263.75
1771614000000,25264.35,25267.75,25238.75,25240.75
1771614900000,25239.75,25251.75,25226.75,25232.75
1771615800000,25231.75,25240.75,25227.25,25227.25
1771616700000,25229.25,25239.25,25225.25,25226.25
1771617600000,25227.25,25254.25,25227.25,25251.25
1771618500000,25250.25,25252.25,25241.25,25245.25
1771619400000,25246.25,25250.25,25241.25,25250.25
1771620300000,25249.25,25258.25,25235.35,25241.35
1771621200000,25243.350000000002,25253.45,25231.45,25250.45
1771622100000,25249.45,25249.45,25235.45,25237.45
1771623000000,25236.45,25243.45,25235.45,25239.45
1771623900000,25240.45,25243.95,25234.95,25239.95
1771801200000,25213.15,25229.15,25210.15,25223.15
1771802100000,25224.15,25227.22,25173.22,25180.22
1771803000000,25179.22,25185.15,25160.15,25169.15
1771803900000,25170.15,25189.15,25165.15,25183.140000000003
1771804800000,25182.140000000003,25183.15,25157.15,25159.45
1771805700000,25160.449999999997,25190.149999999998,25146.85,25156.85
1771806600000,25157.85,25161.85,25135.85,25138.35
1771807500000,25138.85,25152.35,25122.85,25124.35
1771808400000,25123.85,25125.85,25094.35,25108.85
1771809300000,25110.85,25131.75,25104.85,25119.85
1771810200000,25120.35,25136.85,25112.35,25134.75
1771811100000,25136.149999999998,25137.149999999998,25101.35,25103.35
1771812000000,25101.35,25119.85,25092.85,25096.35
1771812900000,25097.35,25126.35,25091.35,25120.85
1771813800000,25119.85,25126.85,25114.35,25118.85
1771814700000,25120.85,25123.85,25109.35,25110.85
1771815600000,25110.35,25118.85,25106.35,25107.35
1771816500000,25106.85,25108.85,25090.35,25101.85
1771817400000,25103.85,25104.85,25094.35,25098.35
1771818300000,25098.85,25111.149999999998,25098.35,25102.35
1771819200000,25103.85,25111.35,25099.85,25103.85
1771820100000,25104.85,25114.149999999998,25102.85,25106.85
1771821000000,25105.85,25112.75,25100.85,25102.35
1771821900000,25103.35,25104.35,25093.35,25096.85
1771822800000,25096.35,25097.85,25080.35,25083.35
1771823700000,25082.35,25083.35,25058.85,25073.85
1771824600000,25074.85,25089.149999999998,25064.85,25075.149999999998
1771825500000,25076.75,25089.15,25071.15,25082.75
1771826400000,25083.149999999998,25083.149999999998,25072.35,25082.35
1771827300000,25081.75,25082.149999999998,25075.85,25080.149999999998
1771828200000,25082.149999999998,25113.149999999998,25078.35,25106.75
1771829100000,25107.15,25118.15,25106.75,25117.15
1771830000000,25119.15,25146.55,25118.75,25137.95
1771830900000,25135.95,25148.95,25128.95,25130.95
1771831800000,25130.55,25142.95,25123.55,25132.95
1771832700000,25133.95,25138.95,25121.95,25137.95
1771833600000,25133.95,25143.95,25078.95,25100.95
1771834500000,25104.95,25139.95,25092.95,25139.95
1771835400000,25140.95,25159.75,25112.15,25116.95
1771836300000,25115.95,25181.95,25115.95,25180.95
1771837200000,25182.95,25202.95,25168.95,25189.95
1771838100000,25190.95,25200.95,25173.95,25180.95
1771839000000,25181.95,25181.95,25139.95,25139.95
1771839900000,25140.95,25153.95,25127.95,25127.95
1771840800000,25128.95,25136.95,25119.95,25122.95
1771841700000,25121.95,25129.95,25022.65,25107.95
1771842600000,25108.95,25161.95,25105.95,25154.95
1771843500000,25156.95,25159.95,25128.95,25148.95
1771844400000,25149.95,25169.95,25148.95,25155.95
1771845300000,25156.95,25165.95,25138.95,25146.95
1771846200000,25145.95,25160.95,25138.95,25159.95
1771847100000,25160.95,25162.95,25135.95,25154.95
1771848000000,25155.95,25167.95,25145.95,25145.95
1771848900000,25144.95,25144.95,25121.95,25125.95
1771849800000,25126.95,25129.95,25104.95,25117.95
1771850700000,25116.95,25117.95,25101.95,25116.95
1771851600000,25115.95,25140.95,25104.95,25135.95
1771852500000,25134.95,25145.95,25124.95,25143.95
1771853400000,25144.95,25181.95,25143.95,25179.95
1771854300000,25180.95,25183.95,25161.95,25164.95
1771855200000,25165.95,25178.95,25160.95,25170.95
1771856100000,25169.95,25180.95,25151.95,25160.95
1771857000000,25159.95,25165.95,25125.95,25136.95
1771857900000,25135.95,25142.95,25108.95,25124.95
1771858800000,25125.95,25143.95,25073.95,25082.95
1771859700000,25080.95,25091.95,25067.95,25079.95
1771860600000,25078.95,25082.95,25034.95,25037.95
1771861500000,25036.95,25040.75,24988.95,24995.95
1771862400000,24996.95,25000.95,24952.95,24960.95
1771863300000,24961.95,24996.95,24946.95,24994.95
1771864200000,24995.95,25025.95,24988.95,25020.95
1771865100000,25019.95,25024.95,25001.95,25001.95
1771866000000,25002.95,25010.95,24990.95,24993.95
1771866900000,24994.95,25007.95,24980.95,24980.95
1771867800000,24981.95,24983.95,24940.95,24956.95
1771868700000,24957.95,24993.95,24943.95,24991.95
1771869600000,24990.95,25011.95,24989.95,25009.95
1771870500000,25008.95,25027.95,25005.95,25026.95
1771871400000,25027.95,25033.95,25006.95,25011.95
1771872300000,25012.95,25020.95,24983.95,24987.95
1771873200000,24988.95,24999.95,24988.95,24989.95
1771874100000,24988.95,24996.95,24982.95,24984.95
1771875000000,24985.95,24990.95,24963.95,24971.95
1771875900000,24972.95,25001.95,24971.95,24992.95
1771876800000,24991.95,25004.95,24986.95,24986.95
1771877700000,24987.95,24995.95,24985.95,24990.95
1771878600000,24989.95,25005.95,24987.95,24996.95
1771879500000,24995.95,25004.95,24971.95,24989.05
1771880400000,24985.15,24999.870000000003,24976.15,24996.870000000003
1771881300000,24995.87,24997.87,24987.87,24993.87
1771882200000,24994.87,25000.87,24991.87,24993.87
1771883100000,24992.87,24999.87,24989.87,24995.87
1771887600000,25002.15,25011.15,24984.15,24999.15
1771888500000,25000.15,25002.15,24988.15,25001.15
1771889400000,25002.15,25013.15,24999.15,25005.15
1771890300000,25004.15,25005.15,24987.15,24988.15
1771891200000,24989.15,25001.15,24981.15,24994.15
1771892100000,24995.149999999998,25016.149999999998,24990.05,24993.75
1771893000000,24994.149999999998,25005.85,24991.35,25003.85
1771893900000,25002.85,25013.85,24999.85,25007.35
1771894800000,25008.85,25009.85,24993.85,24998.35
1771895700000,24999.85,25014.85,24996.35,25004.35
1771896600000,25005.85,25011.85,24991.35,25005.85
1771897500000,25005.35,25012.149999999998,24993.35,25002.35
1771898400000,25001.85,25008.85,24992.35,25004.35
1771899300000,25003.85,25043.35,25003.35,25040.35
1771900200000,25039.35,25047.35,25034.85,25036.35
1771901100000,25035.35,25038.75,25032.85,25037.35
1771902000000,25037.75,25039.15,25030.75,25033.75
1771902900000,25031.85,25036.75,25027.85,25032.35
1771903800000,25031.75,25041.35,25028.75,25038.75
1771904700000,25037.35,25046.149999999998,25035.35,25041.35
1771905600000,25040.85,25043.35,25036.85,25041.35
1771906500000,25040.35,25053.85,25040.35,25046.85
1771907400000,25047.35,25050.85,25040.35,25045.85
1771908300000,25046.35,25055.35,25046.35,25053.75
1771909200000,25053.35,25060.149999999998,25039.35,25057.35
1771910100000,25056.35,25058.75,25039.85,25046.649999999998
1771911000000,25047.85,25047.85,25033.35,25037.85
1771911900000,25036.35,25036.35,25026.85,25028.85
1771912800000,25031.85,25034.75,25027.75,25027.75
1771913700000,25029.149999999998,25032.35,25018.85,25026.35
1771914600000,25025.85,25028.35,25018.75,25023.75
1771915500000,25021.850000000002,25031.15,25016.65,25020.75
1771916400000,25020.15,25039.95,25006.15,25014.95
1771917300000,25015.95,25025.95,25003.45,25025.95
1771918200000,25024.95,25031.95,25003.95,25012.95
1771919100000,25011.95,25015.95,24976.55,24978.95
1771920000000,24978.55,24990.95,24889.45,24929.95
1771920900000,24928.95,24975.95,24902.95,24951.95
1771921800000,24952.95,24973.95,24892.95,24917.95
1771922700000,24916.95,24927.95,24887.95,24915.95
1771923600000,24918.95,24970.95,24911.95,24955.95
1771924500000,24956.95,24971.95,24926.95,24939.95
1771925400000,24938.95,24951.95,24907.95,24947.95
1771926300000,24946.95,24973.95,24934.95,24968.95
1771927200000,24967.95,24981.95,24955.95,24963.95
1771928100000,24962.95,24988.95,24960.95,24987.95
1771929000000,24988.95,24995.95,24965.95,24978.95
1771929900000,24977.95,24988.95,24961.95,24976.95
1771930800000,24977.95,25003.95,24967.95,24969.95
1771931700000,24968.95,24988.95,24963.95,24984.95
1771932600000,24983.95,24999.95,24982.95,24986.95
1771933500000,24987.95,25007.95,24981.95,25004.95
1771934400000,25006.95,25020.95,24992.95,25014.95
1771935300000,25015.95,25016.95,24972.95,24972.95
1771936200000,24973.949999999997,24980.949999999997,24937.85,24937.949999999997
1771937100000,24938.95,24956.95,24923.95,24950.95
1771938000000,24953.95,24976.95,24943.95,24964.95
1771938900000,24965.95,24985.95,24964.95,24971.95
1771939800000,24972.95,24978.95,24957.95,24969.95
1771940700000,24970.95,25001.95,24967.95,24991.95
1771941600000,24990.95,24994.95,24958.95,24961.95
1771942500000,24962.95,24962.95,24928.95,24933.95
1771943400000,24935.95,25037.95,24901.95,25036.95
1771944300000,25035.95,25061.95,25014.95,25037.65
1771945200000,25038.65,25045.95,25010.95,25026.95
1771946100000,25025.95,25098.95,25021.95,25091.95
1771947000000,25090.95,25101.95,25061.95,25062.95
1771947900000,25061.95,25063.95,25020.95,25021.95
1771948800000,25023.95,25031.95,24999.95,25031.95
1771949700000,25030.95,25036.95,25009.95,25031.95
1771950600000,25030.95,25035.95,24999.95,25009.95
1771951500000,25007.95,25030.95,24990.95,25024.95
1771952400000,25023.95,25037.95,25007.95,25036.95
1771953300000,25037.95,25047.95,25034.95,25042.95
1771954200000,25043.95,25043.95,25031.95,25031.95
1771955100000,25030.95,25050.95,25027.95,25044.95
1771956000000,25043.95,25059.95,25042.95,25049.95
1771956900000,25048.95,25054.95,25034.95,25041.95
1771957800000,25040.95,25069.95,25038.95,25067.95
1771958700000,25066.95,25068.95,25060.95,25061.95
1771959600000,25062.95,25064.95,25050.95,25058.95
1771960500000,25057.95,25059.95,25046.95,25050.95
1771961400000,25051.95,25064.95,25049.95,25062.95
1771962300000,25061.95,25071.95,25059.95,25063.95
1771963200000,25064.95,25067.95,25051.95,25051.95
1771964100000,25052.95,25062.95,25049.95,25053.95
1771965000000,25052.95,25065.95,25052.95,25063.95
1771965900000,25064.95,25079.95,25043.05,25044.05
1771966800000,25042.050000000003,25048.15,25030.15,25039.15
1771967700000,25040.15,25041.15,25034.15,25037.15
1771968600000,25038.15,25040.15,25035.15,25035.15
1771969500000,25034.15,25039.15,25032.15,25033.15
1771974000000,25038.55,25042.55,25021.55,25040.55
1771974900000,25041.550000000003,25044.550000000003,25032.4,25041.4
1771975800000,25042.55,25044.55,25031.55,25041.55
1771976700000,25040.55,25049.98,25038.55,25044.69
1771977600000,25043.69,25044.69,25033.69,25035.55
1771978500000,25036.55,25046.05,25031.25,25040.25
1771979400000,25038.75,25050.75,25032.75,25050.25
1771980300000,25049.25,25061.55,25045.25,25056.25
1771981200000,25057.25,25067.55,25049.75,25058.75
1771982100000,25054.75,25064.25,25043.75,25049.75
1771983000000,25050.25,25061.75,25044.75,25055.25
1771983900000,25054.75,25064.25,25051.75,25054.25
1771984800000,25052.25,25054.25,25041.75,25045.75
1771985700000,25046.25,25057.75,25040.75,25049.75
1771986600000,25051.25,25057.25,25045.75,25052.25
1771987500000,25047.75,25062.75,25047.75,25052.75
1771988400000,25054.25,25060.25,25039.75,25046.25
1771989300000,25046.75,25047.75,25039.75,25044.25
1771990200000,25044.25,25045.75,24999.75,25034.25
1771991100000,25035.25,25059.75,25033.75,25047.25
1771992000000,25046.75,25047.25,25026.25,25029.75
1771992900000,25030.25,25048.15,25023.75,25042.75
1771993800000,25043.75,25052.75,25041.25,25044.25
1771994700000,25044.25,25045.25,25037.75,25038.25
1771995600000,25038.75,25053.55,25037.75,25041.75
1771996500000,25042.25,25050.75,25037.75,25044.25
1771997400000,25046.25,25046.25,25036.75,25042.25
1771998300000,25044.25,25050.25,25035.05,25039.25
1771999200000,25038.25,25041.25,25025.75,25038.25
1772000100000,25038.25,25044.75,25030.25,25030.75
1772001000000,25028.25,25046.75,25027.25,25036.25
1772001900000,25036.15,25036.75,25028.15,25029.25
1772002800000,25030.75,25050.35,25027.35,25040.35
1772003700000,25039.35,25061.35,25038.35,25060.35
1772004600000,25058.35,25063.35,25045.35,25055.35
1772005500000,25057.35,25078.35,25051.35,25053.35
1772006400000,25050.35,25105.35,25021.35,25022.35
1772007300000,25018.35,25080.55,24998.35,25056.55
1772008200000,25059.55,25067.55,25028.35,25061.35
1772009100000,25062.35,25068.35,25039.35,25055.35
1772010000000,25054.35,25062.35,25022.35,25055.35
1772010900000,25056.35,25066.35,25045.35,25054.35
1772011800000,25053.35,25066.35,25042.35,25064.35
1772012700000,25065.35,25076.35,25055.35,25075.35
1772013600000,25076.35,25083.35,25056.35,25078.35
1772014500000,25077.35,25108.35,25077.35,25085.35
1772015400000,25086.35,25102.35,25077.35,25100.35
1772016300000,25099.35,25114.35,25080.35,25086.35
1772017200000,25089.35,25105.35,25079.35,25101.35
1772018100000,25100.35,25105.35,25077.35,25087.35
1772019000000,25088.35,25112.35,25087.35,25110.35
1772019900000,25111.35,25111.35,25096.35,25100.35
1772020800000,25097.35,25108.35,25089.35,25107.35
1772021700000,25106.35,25129.35,25103.35,25107.35
1772022600000,25108.35,25116.35,25088.35,25090.35
1772023500000,25091.35,25100.35,25083.35,25088.35
1772024400000,25087.35,25105.35,25083.35,25105.35
1772025300000,25103.35,25118.35,25097.35,25115.35
1772026200000,25114.35,25145.35,25098.35,25139.35
1772027100000,25140.35,25166.35,25135.35,25154.35
1772028000000,25155.35,25164.35,25136.35,25145.35
1772028900000,25144.35,25176.35,25141.35,25175.35
1772029800000,25173.35,25182.35,25147.55,25161.35
1772030700000,25163.35,25195.35,25160.35,25173.35
1772031600000,25174.35,25187.35,25131.35,25132.35
1772032500000,25131.35,25152.35,25125.35,25135.35
1772033400000,25133.35,25146.35,25127.35,25138.35
1772034300000,25139.35,25161.35,25132.35,25147.35
1772035200000,25148.35,25165.35,25133.35,25162.35
1772036100000,25161.35,25185.35,25158.35,25178.35
1772037000000,25179.35,25190.35,25175.35,25184.35
1772037900000,25183.35,25196.35,25180.35,25182.35
1772038800000,25181.35,25198.35,25179.35,25197.35
1772039700000,25199.35,25206.35,25194.35,25194.35
1772040600000,25193.35,25207.35,25189.35,25204.35
1772041500000,25203.35,25214.35,25198.35,25208.35
1772042400000,25207.35,25211.35,25203.35,25207.35
1772043300000,25206.35,25213.35,25204.35,25207.35
1772044200000,25209.35,25210.35,25198.35,25202.35
1772045100000,25203.35,25213.35,25203.35,25208.35
1772046000000,25207.35,25212.35,25205.35,25210.35
1772046900000,25211.35,25213.35,25207.35,25210.35
1772047800000,25211.35,25217.35,25209.35,25209.35
1772048700000,25208.35,25211.35,25204.35,25206.35
1772049600000,25207.35,25212.35,25207.35,25211.35
1772050500000,25210.35,25220.35,25210.35,25210.35
1772051400000,25209.35,25219.35,25206.35,25211.35
1772052300000,25210.35,25225.35,25209.35,25218.449999999997
1772053200000,25217.45,25226.399999999998,25209.55,25221.399999999998
1772054100000,25220.4,25226.550000000003,25214.4,25222.550000000003
1772055000000,25223.55,25274.11,25218.55,25238.69
1772055900000,25239.69,25249.54,25228.55,25244.55
1772060400000,25219.85,25231.85,25205.42,25210.85
1772061300000,25209.85,25215.85,25200.85,25207.85
1772062200000,25206.85,25209.85,25156.42,25173.85
1772063100000,25174.85,25184.85,25170.85,25173.85
1772064000000,25172.850000000002,25195.850000000002,25167.86,25191.850000000002
1772064900000,25196.75,25200.75,25181.05,25191.05
1772065800000,25190.05,25191.05,25181.55,25184.55
1772066700000,25186.05,25190.05,25181.55,25183.05
1772067600000,25183.05,25184.55,25164.05,25179.95
1772068500000,25181.05,25182.55,25160.05,25161.55
1772069400000,25160.05,25179.55,25157.95,25179.05
1772070300000,25179.55,25179.55,25167.05,25173.55
1772071200000,25172.55,25174.55,25154.05,25157.55
1772072100000,25154.55,25168.05,25154.55,25156.55
1772073000000,25157.05,25163.05,25149.55,25154.55
1772073900000,25156.05,25160.45,25150.55,25158.55
1772074800000,25157.55,25160.45,25152.55,25160.05
1772075700000,25160.45,25166.05,25154.55,25159.55
1772076600000,25158.55,25174.05,25158.05,25170.05
1772077500000,25169.55,25171.05,25154.55,25155.55
1772078400000,25152.55,25160.05,25150.05,25154.55
1772079300000,25153.55,25155.05,25149.05,25153.55
1772080200000,25155.05,25155.05,25137.45,25140.45
1772081100000,25141.850000000002,25150.05,25137.45,25144.55
1772082000000,25143.55,25145.55,25132.55,25134.55
1772082900000,25135.55,25145.85,25133.55,25140.55
1772083800000,25141.05,25142.05,25130.45,25134.45
1772084700000,25135.55,25139.55,25130.05,25134.55
1772085600000,25134.05,25143.85,25116.55,25125.85
1772086500000,25124.45,25126.45,25116.45,25116.45
1772087400000,25117.85,25129.85,25097.05,25124.85
1772088300000,25123.85,25144.85,25123.85,25139.05
1772089200000,25144.05,25176.649999999998,25144.05,25171.25
1772090100000,25171.850000000002,25174.65,25156.65,25174.65
1772091000000,25175.65,25183.65,25165.65,25179.65
1772091900000,25178.65,25184.65,25155.65,25162.65
1772092800000,25164.65,25175.65,25106.15,25107.15
1772093700000,25109.15,25173.15,25095.15,25158.15
1772094600000,25160.15,25165.15,25122.15,25129.15
1772095500000,25126.15,25156.15,25108.15,25151.15
1772096400000,25152.15,25162.15,25119.15,25134.15
1772097300000,25135.15,25156.15,25128.15,25153.15
1772098200000,25152.15,25208.65,25150.15,25206.65
1772099100000,25205.65,25219.65,25189.65,25197.65
1772100000000,25198.65,25208.65,25180.65,25199.65
1772100900000,25198.65,25218.65,25178.65,25217.65
1772101800000,25216.65,25268.15,25216.65,25262.15
1772102700000,25263.15,25265.15,25230.15,25241.15
1772103600000,25242.15,25258.15,25230.15,25250.15
1772104500000,25249.15,25272.15,25238.15,25263.15
1772105400000,25262.15,25296.15,25262.15,25291.65
1772106300000,25292.65,25298.65,25276.65,25290.65
1772107200000,25292.65,25308.65,25290.65,25296.65
1772108100000,25295.65,25308.65,25286.65,25306.65
1772109000000,25307.65,25308.65,25275.65,25281.65
1772109900000,25282.65,25296.65,25279.65,25280.65
1772110800000,25279.65,25302.65,25275.65,25296.65
1772111700000,25297.65,25315.65,25282.65,25283.25
1772112600000,25283.65,25303.65,25282.65,25303.65
1772113500000,25302.65,25306.65,25275.65,25275.65
1772114400000,25274.65,25302.65,25273.65,25292.65
1772115300000,25291.65,25300.65,25269.65,25280.65
1772116200000,25287.65,25321.65,25270.65,25303.65
1772117100000,25301.65,25302.65,25253.65,25261.65
1772118000000,25260.65,25273.65,25223.65,25234.65
1772118900000,25232.65,25232.65,25162.65,25201.65
1772119800000,25199.65,25271.65,25195.65,25260.65
1772120700000,25261.65,25314.65,25257.65,25303.65
1772121600000,25304.649999999998,25318.649999999998,25264.85,25272.649999999998
1772122500000,25273.65,25306.65,25271.65,25283.65
1772123400000,25282.65,25301.65,25250.65,25251.65
1772124300000,25250.65,25270.65,25230.65,25232.65
1772125200000,25233.65,25261.65,25233.65,25241.65
1772126100000,25242.65,25254.65,25239.65,25252.65
1772127000000,25251.65,25271.65,25235.65,25238.65
1772127900000,25237.65,25250.65,25228.65,25242.65
1772128800000,25243.65,25248.65,25228.65,25247.65
1772129700000,25246.65,25274.65,25239.65,25265.65
1772130600000,25263.65,25313.65,25253.65,25307.65
1772131500000,25306.65,25318.65,25282.65,25288.65
1772132400000,25287.65,25316.65,25284.65,25313.65
1772133300000,25312.65,25333.65,25310.65,25314.65
1772134200000,25315.65,25328.65,25312.65,25323.65
1772135100000,25324.65,25341.65,25321.65,25337.65
1772136000000,25336.65,25362.45,25333.65,25335.65
1772136900000,25334.65,25339.65,25328.65,25334.65
1772137800000,25332.65,25353.65,25330.65,25353.65
1772138700000,25352.65,25353.65,25338.65,25346.75
1772139600000,25346.75,25346.85,25323.85,25331.85
1772140500000,25332.85,25333.85,25321.85,25324.85
1772141400000,25325.85,25327.85,25309.85,25311.85
1772142300000,25310.85,25312.85,25283.85,25290.85
1772146800000,25271.35,25284.35,25231.35,25276.41
1772147700000,25277.41,25294.55,25270.39,25287.92
1772148600000,25288.92,25289.92,25263.78,25265.78
1772149500000,25266.78,25271.35,25256.35,25268.35
1772150400000,25267.35,25287.629999999997,25260.35,25286.629999999997
1772151300000,25277.25,25297.55,25277.25,25282.35
1772152200000,25281.95,25287.05,25254.05,25258.05
1772153100000,25259.05,25267.05,25257.55,25263.05
1772154000000,25263.55,25271.35,25251.55,25263.55
1772154900000,25263.55,25277.55,25261.55,25262.55
1772155800000,25260.55,25268.55,25250.55,25262.05
1772156700000,25263.05,25271.55,25252.55,25264.05
1772157600000,25262.55,25277.05,25253.55,25258.05
1772158500000,25256.55,25268.85,25256.05,25266.55
1772159400000,25266.05,25273.35,25260.05,25266.05
1772160300000,25267.05,25286.55,25264.05,25284.95
1772161200000,25286.35,25293.55,25282.55,25291.05
1772162100000,25291.55,25294.35,25275.55,25277.55
1772163000000,25279.05,25287.05,25277.05,25283.05
1772163900000,25281.55,25286.05,25275.55,25285.05
1772164800000,25286.05,25288.05,25275.05,25275.55
1772165700000,25275.05,25288.05,25267.55,25287.05
1772166600000,25287.05,25294.55,25280.55,25289.55
1772167500000,25287.55,25291.05,25282.55,25286.05
1772168400000,25284.05,25297.05,25284.05,25297.05
1772169300000,25298.05,25304.55,25294.55,25300.05
1772170200000,25302.05,25311.55,25296.55,25304.95
1772171100000,25305.05,25310.35,25288.05,25289.05
1772172000000,25289.05,25294.35,25263.05,25271.05
1772172900000,25270.05,25273.35,25256.55,25273.35
1772173800000,25272.55,25292.85,25272.05,25274.55
1772174700000,25274.95,25286.85,25274.05,25277.55
1772175600000,25276.55,25309.149999999998,25276.55,25303.149999999998
1772176500000,25302.15,25314.15,25297.75,25312.15
1772177400000,25311.15,25319.15,25306.15,25312.75
1772178300000,25313.15,25325.15,25307.15,25317.75
1772179200000,25313.350000000002,25339.45,25254.15,25257.15
1772180100000,25255.15,25315.15,25241.15,25306.15
1772181000000,25311.15,25347.15,25300.15,25337.15
1772181900000,25338.15,25392.15,25338.15,25374.15
1772182800000,25381.15,25403.15,25372.15,25384.350000000002
1772183700000,25387.35,25411.85,25370.35,25380.35
1772184600000,25379.35,25397.35,25354.35,25356.35
1772185500000,25355.35,25378.149999999998,25343.35,25363.149999999998
1772186400000,25362.15,25371.15,25334.15,25347.15
1772187300000,25348.15,25360.15,25310.15,25314.15
1772188200000,25314.15,25330.15,25308.15,25326.15
1772189100000,25325.15,25327.15,25289.15,25302.15
1772190000000,25303.15,25319.15,25297.15,25304.15
1772190900000,25303.15,25317.15,25290.15,25316.15
1772191800000,25317.15,25331.15,25291.15,25303.15
1772192700000,25304.15,25326.15,25297.15,25321.15
1772193600000,25324.15,25360.15,25315.15,25358.15
1772194500000,25357.15,25365.15,25338.15,25345.15
1772195400000,25346.15,25349.15,25320.15,25323.15
1772196300000,25324.15,25332.15,25303.15,25320.15
1772197200000,25319.15,25327.15,25303.15,25307.15
1772198100000,25306.149999999998,25311.149999999998,25246.35,25246.35
1772199000000,25228.35,25258.649999999998,25178.35,25251.649999999998
1772199900000,25253.65,25287.65,25245.65,25286.65
1772200800000,25285.65,25288.65,25256.65,25266.65
1772201700000,25264.65,25267.65,25235.65,25248.65
1772202600000,25247.65,25285.65,25196.25,25216.65
1772203500000,25217.65,25243.65,25203.65,25228.65
1772204400000,25227.65,25305.65,25223.65,25276.65
1772205300000,25277.65,25297.65,25268.65,25282.65
1772206200000,25283.65,25303.65,25265.65,25296.65
1772207100000,25297.65,25303.65,25280.65,25292.65
1772208000000,25293.65,25335.65,25292.65,25333.65
1772208900000,25331.65,25345.65,25316.65,25318.65
1772209800000,25314.65,25333.65,25255.65,25256.65
1772210700000,25255.65,25263.65,25244.65,25248.65
1772211600000,25247.65,25283.65,25247.65,25256.65
1772212500000,25255.65,25258.65,25207.65,25219.65
1772213400000,25218.65,25252.65,25203.65,25229.65
1772214300000,25228.65,25233.65,25206.65,25229.65
1772215200000,25230.65,25236.65,25216.65,25218.65
1772216100000,25217.65,25224.65,25202.65,25218.65
1772217000000,25218.25,25233.65,25211.25,25228.65
1772217900000,25227.65,25229.65,25218.65,25220.65
1772218800000,25219.65,25241.65,25213.65,25214.65
1772219700000,25215.65,25219.65,25204.65,25207.65
1772220600000,25206.65,25208.65,25174.65,25178.65
1772221500000,25177.65,25186.65,25163.65,25170.65
1772222400000,25171.65,25200.65,25168.65,25199.65
1772223300000,25200.65,25214.65,25194.65,25206.65
1772224200000,25205.65,25214.65,25186.65,25192.65
1772225100000,25193.65,25197.65,25162.65,25176.75
1772226000000,25175.85,25180.85,25155.85,25169.85
1772226900000,25168.85,25170.85,25144.85,25152.85
1772227800000,25153.85,25160.85,25148.85,25151.85
1772228700000,25150.85,25151.85,25134.85,25144.85
1772406000000,24966.149999999998,25028.149999999998,24928.98,24996.149999999998
1772406900000,24997.15,25004.15,24975.32,24984.15
1772407800000,24983.15,24991.15,24956.15,24988.15
1772408700000,24987.15,24995.15,24956.66,24963
1772409600000,24964,24993.15,24948.15,24976.15
1772410500000,24975.15,24975.15,24821.75,24867.75
1772411400000,24867.75,24912.35,24848.75,24905.75
1772412300000,24905.75,24944.75,24904.75,24936.75
1772413200000,24934.75,25023.75,24934.75,25007.75
1772414100000,25008.75,25012.75,24975.75,24985.75
1772415000000,24987.75,25014.75,24976.75,24992.75
1772415900000,24986.75,24994.75,24963.75,24967.75
1772416800000,24968.75,24975.75,24878.75,24889.75
1772417700000,24891.75,24915.75,24876.75,24904.75
1772418600000,24898.75,24938.75,24889.75,24932.75
1772419500000,24928.75,24943.75,24911.75,24941.75
1772420400000,24940.75,24945.75,24915.75,24929.75
1772421300000,24932.75,24949.75,24924.75,24949.75
1772422200000,24948.75,24951.75,24929.75,24947.75
1772423100000,24947.75,24969.35,24938.75,24958.75
1772424000000,24958.75,24982.65,24953.75,24967.75
1772424900000,24968.75,24976.35,24924.75,24959.75
1772425800000,24961.75,24984.75,24947.75,24951.75
1772426700000,24950.75,24953.75,24918.75,24923.75
1772427600000,24926.75,24943.75,24910.75,24922.75
1772428500000,24924.75,24951.75,24922.75,24936.75
1772429400000,24936.75,24950.15,24906.75,24918.75
1772430300000,24915.75,24923.35,24850.75,24856.35
1772431200000,24855.75,24879.350000000002,24854.15,24872.75
1772432100000,24873.75,24890.75,24809.75,24839.75
1772433000000,24841.75,24842.75,24781.75,24783.35
1772433900000,24783.75,24806.15,24737.75,24791.75
1772434800000,24789.75,24800.15,24682.15,24733.95
1772435700000,24734.95,24803.65,24720.15,24751.15
1772436600000,24751.65,24778.65,24729.15,24754.65
1772437500000,24754.15,24754.65,24687.65,24715.050000000003
1772438400000,24710.05,24791.45,24657.45,24740.45
1772439300000,24739.65,24769.45,24678.45,24720.45
1772440200000,24717.05,24798.45,24705.05,24790.649999999998
1772441100000,24789.45,24831.45,24765.05,24771.45
1772442000000,24772.45,24829.45,24732.45,24827.45
1772442900000,24828.45,24906.45,24828.45,24866.45
1772443800000,24867.45,24897.45,24825.45,24857.45
1772444700000,24856.45,24868.45,24828.45,24857.45
1772445600000,24858.45,24895.45,24839.45,24882.45
1772446500000,24881.45,24910.25,24834.45,24853.45
1772447400000,24855.45,24881.45,24843.45,24876.45
1772448300000,24880.45,24884.45,24808.45,24842.45
1772449200000,24845.45,24855.45,24796.45,24804.45
1772450100000,24805.45,24838.45,24787.45,24811.45
1772451000000,24812.45,24849.45,24809.45,24847.45
1772451900000,24848.45,24882.45,24782.45,24802.45
1772452800000,24801.45,24812.45,24736.45,24753.45
1772453700000,24752.45,24752.45,24708.45,24743.45
1772454600000,24742.45,24750.45,24686.45,24686.45
1772455500000,24685.45,24716.45,24671.65,24694.45
1772456400000,24696.45,24713.45,24667.45,24679.45
1772457300000,24680.45,24699.45,24653.45,24664.45
1772458200000,24663.45,24664.45,24609.45,24619.45
1772459100000,24620.45,24636.45,24596.45,24615.45
1772460000000,24616.45,24632.45,24583.45,24622.45
1772460900000,24621.45,24627.45,24590.45,24610.45
1772461800000,24609.45,24710.45,24598.45,24695.45
1772462700000,24693.45,24729.45,24636.45,24667.65
1772463600000,24667.65,24727.45,24667.65,24705.45
1772464500000,24704.45,24724.45,24658.45,24678.45
1772465400000,24677.45,24698.45,24647.45,24675.45
1772466300000,24676.45,24686.45,24629.45,24633.45
1772467200000,24632.45,24727.25,24621.45,24704.45
1772468100000,24702.45,24710.45,24650.45,24680.45
1772469000000,24684.45,24707.45,24611.45,24704.45
1772469900000,24703.45,24732.45,24695.45,24710.45
1772470800000,24711.45,24729.45,24690.45,24713.45
1772471700000,24714.45,24745.45,24706.45,24708.45
1772472600000,24707.45,24722.45,24702.45,24716.45
1772473500000,24715.45,24731.45,24711.45,24727.45
1772474400000,24728.45,24731.45,24717.45,24725.45
1772475300000,24725.05,24735.45,24717.45,24735.45
1772476200000,24736.45,24739.45,24711.45,24720.45
1772477100000,24719.45,24720.45,24689.45,24691.45
1772478000000,24690.05,24713.45,24687.45,24708.45
1772478900000,24709.05,24730.45,24709.05,24723.45
1772479800000,24724.45,24732.45,24699.45,24707.45
1772480700000,24706.45,24714.45,24703.45,24706.45
1772481600000,24707.05,24715.45,24595.45,24606.05
1772482500000,24609.050000000003,24658.45,24600.15,24628.050000000003
1772483400000,24627.65,24657.45,24625.45,24650.45
1772484300000,24656.45,24666.45,24614.55,24614.55
1772485200000,24611.55,24634.649999999998,24602.01,24615.01
1772486100000,24616.01,24617.01,24600.01,24609.01
1772487000000,24608.01,24617.01,24607.01,24614.01
1772487900000,24613.01,24618.01,24596.01,24613.01
1772492400000,24615.15,24623.15,24588.18,24592.18
1772493300000,24593.18,24594.18,24570.18,24581.18
1772494200000,24582.18,24587.18,24569.15,24569.15
1772495100000,24570.15,24589.43,24569.15,24585.43
1772496000000,24586.43,24592.43,24562.43,24566.44
1772496900000,24567.44,24652.75,24567.44,24640.35
1772497800000,24643.85,24651.35,24632.35,24642.85
1772498700000,24643.85,24649.85,24631.85,24633.85
1772499600000,24635.85,24665.35,24626.85,24652.75
1772500500000,24653.75,24653.75,24597.85,24598.35
1772501400000,24598.85,24606.85,24566.35,24573.85
1772502300000,24576.85,24582.35,24534.85,24535.35
1772503200000,24535.75,24541.85,24505.85,24520.85
1772504100000,24521.85,24525.35,24456.75,24493.85
1772505000000,24494.85,24555.85,24482.35,24528.35
1772505900000,24530.35,24535.75,24514.75,24523.85
1772506800000,24524.85,24541.85,24493.35,24511.85
1772507700000,24511.35,24522.15,24493.75,24504.85
1772508600000,24503.35,24531.35,24476.75,24516.35
1772509500000,24516.85,24533.35,24494.85,24510.85
1772510400000,24509.85,24519.85,24481.85,24489.85
1772511300000,24489.85,24503.85,24437.35,24441.85
1772512200000,24441.35,24450.85,24425.75,24438.35
1772513100000,24438.85,24443.85,24416.35,24426.85
1772514000000,24429.35,24455.35,24416.35,24436.35
1772514900000,24439.85,24446.35,24423.75,24444.35
1772515800000,24439.85,24439.85,24384.35,24397.85
1772516700000,24397.850000000002,24398.850000000002,24371.45,24390.45
1772517600000,24391.45,24426.05,24387.45,24411.850000000002
1772518500000,24415.45,24432.55,24386.95,24430.95
1772519400000,24430.75,24440.949999999997,24384.35,24396.949999999997
1772520300000,24392.95,24400.350000000002,24367.95,24390.15
1772521200000,24385.75,24399.95,24332.95,24332.95
1772522100000,24334.95,24350.95,24287.95,24302.95
1772523000000,24301.15,24308.95,24254.15,24278.95
1772523900000,24278.55,24302.95,24229.55,24263.55
1772524800000,24263.95,24282.15,24123.95,24136.95
1772525700000,24134.95,24153.95,24069.95,24072.95
1772526600000,24070.95,24090.95,23941.95,23949.95
1772527500000,23948.95,23986.95,23882.95,23897.95
1772528400000,23903.95,23983.95,23894.95,23928.75
1772529300000,23927.75,23949.75,23868.75,23921.75
1772530200000,23919.75,23935.75,23851.25,23858.25
1772531100000,23858.25,23884.75,23823.75,23864.75
1772532000000,23865.15,23907.95,23778.95,23789.75
1772532900000,23790.75,23790.75,23722.95,23723.95
1772533800000,23722.95,23722.95,23607.75,23702.55
1772534700000,23703.95,23752.95,23682.55,23738.55
1772535600000,23738.95,23753.95,23692.15,23711.95
1772536500000,23709.95,23728.95,23619.95,23702.95
1772537400000,23703.95,23753.55,23703.95,23727.95
1772538300000,23726.95,23771.95,23705.95,23748.55
1772539200000,23749.95,23842.15,23705.95,23826.15
1772540100000,23825.15,23864.15,23813.15,23842.15
1772541000000,23848.15,23858.15,23796.15,23841.15
1772541900000,23842.15,23864.15,23800.15,23839.15
1772542800000,23839.15,23855.15,23749.15,23762.15
1772543700000,23761.15,23795.15,23747.15,23771.15
1772544600000,23768.15,23770.15,23716.15,23732.15
1772545500000,23731.15,23751.15,23709.15,23731.15
1772546400000,23734.15,23734.15,23656.15,23660.15
1772547300000,23661.15,23715.15,23627.15,23700.15
1772548200000,23701.15,23785.15,23692.15,23706.15
1772549100000,23703.15,23736.15,23649.15,23666.15
1772550000000,23667.15,23714.15,23627.15,23693.15
1772550900000,23691.15,23703.15,23604.15,23623.15
1772551800000,23622.15,23685.15,23619.15,23655.15
1772552700000,23657.15,23719.15,23645.15,23707.15
1772553600000,23706.15,23781.15,23677.15,23748.65
1772554500000,23751.649999999998,23779.95,23705.55,23756.95
1772555400000,23751.95,23891.95,23722.95,23869.95
1772556300000,23866.95,23949.95,23865.95,23895.15
1772557200000,23893.65,23901.15,23845.65,23875.550000000003
1772558100000,23874.550000000003,23924.45,23864.65,23914.65
1772559000000,23914.65,23914.65,23863.65,23905.15
1772559900000,23904.15,23909.15,23860.15,23879.15
1772560800000,23880.15,23925.15,23878.15,23891.15
1772561700000,23891.15,23960.15,23891.15,23945.15
1772562600000,23946.15,24025.15,23944.15,24002.15
1772563500000,24002.15,24024.15,23989.15,23995.15
1772564400000,23996.15,24016.15,23954.15,23974.15
1772565300000,23975.15,24015.15,23974.15,23988.15
1772566200000,23987.15,24119.15,23983.15,24112.15
1772567100000,24114.15,24125.15,24063.15,24083.15
1772568000000,24084.15,24102.15,24069.15,24072.15
1772568900000,24066.15,24082.15,24051.15,24053.15
1772569800000,24054.15,24084.15,24023.15,24036.15
1772570700000,24034.15,24044.15,23992.15,24030.050000000003
1772571600000,24027.05,24028.149999999998,23998.14,24008.14
1772572500000,24007.14,24013.14,23990.14,23993.14
1772573400000,23994.14,23998.14,23970.14,23990.14
1772574300000,23989.14,23993.14,23980.14,23982.14
1772578800000,23987.45,24011.45,23956.45,24009.45
1772579700000,24010.45,24019.45,23976.45,23977.45
1772580600000,23978.45,23994.45,23975.45,23985.45
1772581500000,23986.45,24004.45,23974.45,23977.45
1772582400000,23978.45,24010.45,23961.45,24005.45
1772583300000,24004.449999999997,24051.149999999998,23956.35,24041.149999999998
1772584200000,24036.05,24042.149999999998,23966.05,23968.05
1772585100000,23968.05,24022.55,23968.05,24006.55
1772586000000,24006.550000000003,24036.550000000003,23954.15,23960.15
1772586900000,23962.55,23966.149999999998,23887.55,23903.55
1772587800000,23901.550000000003,23946.550000000003,23869.15,23946.550000000003
1772588700000,23936.550000000003,23947.550000000003,23884.15,23903.550000000003
1772589600000,23901.15,23921.550000000003,23853.15,23873.65
1772590500000,23872.65,23900.65,23825.65,23832.65
1772591400000,23832.15,23856.65,23803.15,23843.65
1772592300000,23843.15,23891.65,23826.65,23829.15
1772593200000,23829.65,23836.15,23789.65,23812.15
1772594100000,23813.15,23834.15,23795.15,23809.65
1772595000000,23796.550000000003,23818.550000000003,23758.65,23775.550000000003
1772595900000,23775.55,23839.649999999998,23768.55,23833.149999999998
1772596800000,23831.649999999998,23849.649999999998,23806.55,23833.649999999998
1772597700000,23829.65,23841.65,23802.15,23806.550000000003
1772598600000,23803.55,23819.649999999998,23781.55,23811.149999999998
1772599500000,23811.65,23824.65,23780.15,23799.65
1772600400000,23799.15,23821.65,23772.65,23777.65
1772601300000,23778.15,23802.550000000003,23738.15,23765.15
1772602200000,23765.55,23817.55,23750.55,23789.149999999998
1772603100000,23788.649999999998,23805.649999999998,23755.55,23766.649999999998
1772604000000,23766.65,23770.65,23727.65,23740.15
1772604900000,23740.649999999998,23790.649999999998,23707.55,23788.649999999998
1772605800000,23788.65,23890.95,23788.15,23849.15
1772606700000,23852.65,23856.65,23813.15,23830.65
1772607600000,23831.649999999998,23856.949999999997,23783.35,23797.35
1772608500000,23797.95,23884.75,23791.95,23874.350000000002
1772609400000,23873.949999999997,23916.949999999997,23868.35,23906.35
1772610300000,23905.35,23929.75,23863.35,23883.75
1772611200000,23882.95,23945.75,23851.95,23945.75
1772612100000,23944.75,23955.75,23853.75,23875.95
1772613000000,23880.75,23897.75,23819.75,23868.75
1772613900000,23869.35,23889.75,23827.75,23853.75
1772614800000,23854.75,23954.75,23813.75,23940.75
1772615700000,23939.75,23965.75,23911.75,23954.35
1772616600000,23955.75,23977.75,23927.95,23962.45
1772617500000,23963.45,24029.95,23956.45,24025.95
1772618400000,24021.95,24138.45,23999.45,24127.45
1772619300000,24128.45,24142.45,24078.95,24092.95
1772620200000,24091.95,24154.95,24091.95,24143.95
1772621100000,24144.95,24178.95,24121.95,24167.95
1772622000000,24168.95,24201.95,24166.95,24191.95
1772622900000,24192.95,24224.75,24172.75,24175.75
1772623800000,24178.75,24199.75,24135.75,24145.75
1772624700000,24144.75,24172.25,24137.75,24144.25
1772625600000,24145.25,24178.25,24137.25,24165.25
1772626500000,24164.25,24164.25,24050.25,24054.25
1772627400000,24055.25,24093.25,24024.25,24088.25
1772628300000,24090.25,24119.25,24075.25,24118.25
1772629200000,24114.25,24231.25,24114.25,24221.45
1772630100000,24221.95,24225.25,24177.25,24202.25
1772631000000,24205.25,24233.25,24192.45,24227.25
1772631900000,24226.25,24232.25,24153.25,24190.25
1772632800000,24189.25,24191.25,24130.25,24159.25
1772633700000,24158.25,24187.25,24151.25,24159.25
1772634600000,24160.25,24181.25,24079.45,24139.45
1772635500000,24131.45,24177.75,24107.25,24166.95
1772636400000,24167.949999999997,24219.25,24162.85,24193.25
1772637300000,24191.25,24254.25,24191.25,24231.25
1772638200000,24233.25,24247.25,24178.25,24185.25
1772639100000,24184.25,24240.25,24180.25,24220.25
1772640000000,24221.25,24241.25,24198.25,24210.25
1772640900000,24211.25,24249.25,24193.25,24221.25
1772641800000,24219.25,24242.25,24184.25,24235.25
1772642700000,24234.25,24245.25,24219.25,24226.25
1772643600000,24225.25,24241.25,24217.85,24231.25
1772644500000,24232.25,24240.25,24196.25,24201.25
1772645400000,24200.25,24224.25,24177.25,24208.25
1772646300000,24209.25,24232.05,24209.25,24222.75
1772647200000,24223.75,24238.75,24212.75,24234.35
1772648100000,24234.75,24244.75,24226.75,24237.75
1772649000000,24236.75,24285.75,24236.75,24277.75
1772649900000,24278.75,24283.75,24265.75,24272.75
1772650800000,24273.75,24287.75,24265.75,24281.75
1772651700000,24282.75,24284.75,24265.75,24267.75
1772652600000,24268.75,24289.75,24268.75,24287.75
1772653500000,24288.75,24305.75,24283.75,24286.75
1772654400000,24288.75,24291.75,24268.75,24269.75
1772655300000,24268.75,24278.75,24258.75,24275.75
1772656200000,24274.75,24289.75,24267.75,24283.75
1772657100000,24282.75,24294.75,24261.85,24269.85
1772658000000,24268.95,24281.870000000003,24241.72,24277.870000000003
1772658900000,24272.87,24285.87,24258.87,24273.87
1772659800000,24272.87,24278.87,24271.87,24274.87
1772660700000,24273.87,24289,24268,24280
1772665200000,24290.35,24308.379999999997,24278.35,24300.35
1772666100000,24299.35,24301.35,24287.35,24290.35
1772667000000,24289.35,24311.35,24285.35,24309.35
1772667900000,24308.35,24313.35,24297.35,24300.35
1772668800000,24299.35,24321.35,24291.35,24316.35
1772669700000,24315.35,24327.05,24297.25,24323.05
1772670600000,24321.55,24327.35,24302.55,24308.05
1772671500000,24306.55,24322.05,24306.05,24322.05
1772672400000,24322.05,24324.55,24284.55,24296.05
1772673300000,24294.05,24301.05,24233.05,24233.55
1772674200000,24233.05,24243.05,24180.95,24192.05
1772675100000,24193.55,24219.05,24155.55,24189.05
1772676000000,24190.05,24202.05,24176.55,24191.05
1772676900000,24186.55,24199.05,24152.05,24165.05
1772677800000,24168.05,24193.05,24139.55,24186.05
1772678700000,24188.05,24215.05,24161.55,24184.05
1772679600000,24185.05,24197.05,24153.05,24158.55
1772680500000,24159.05,24166.95,24114.05,24116.05
1772681400000,24115.05,24115.05,24069.05,24091.55
1772682300000,24092.05,24106.85,24078.05,24080.55
1772683200000,24082.05,24110.05,24071.55,24094.55
1772684100000,24094.95,24117.05,24093.55,24109.05
1772685000000,24111.05,24142.95,24103.55,24138.05
1772685900000,24136.55,24165.05,24136.55,24157.55
1772686800000,24159.55,24168.05,24149.55,24153.05
1772687700000,24153.55,24153.55,24111.55,24118.05
1772688600000,24120.05,24120.05,24060.55,24061.05
1772689500000,24063.05,24078.05,24056.55,24062.55
1772690400000,24062.05,24066.05,24013.55,24015.05
1772691300000,24018.05,24048.95,24008.05,24035.05
1772692200000,24036.05,24044.55,24010.55,24040.95
1772693100000,24040.55,24126.35,24028.05,24124.05
1772694000000,24123.55,24162.15,24116.75,24141.75
1772694900000,24141.350000000002,24206.75,24134.15,24176.350000000002
1772695800000,24175.75,24175.75,24122.15,24125.25
1772696700000,24125.850000000002,24158.25,24106.65,24143.25
1772697600000,24142.25,24173.65,24048.65,24060.65
1772698500000,24063.25,24117.65,24053.65,24061.25
1772699400000,24059.65,24120.65,24037.65,24084.65
1772700300000,24085.65,24181.65,24078.65,24181.65
1772701200000,24180.65,24375.65,24176.65,24324.65
1772702100000,24325.65,24350.350000000002,24258.65,24271.65
1772703000000,24270.65,24279.65,24202.65,24236.25
1772703900000,24237.65,24290.65,24221.65,24280.25
1772704800000,24281.65,24307.65,24258.65,24283.65
1772705700000,24284.65,24308.65,24274.65,24307.65
1772706600000,24306.65,24314.65,24251.65,24266.65
1772707500000,24267.65,24288.65,24246.65,24271.65
1772708400000,24272.65,24320.65,24248.65,24318.65
1772709300000,24319.65,24331.65,24287.65,24301.65
1772710200000,24300.65,24308.65,24229.65,24260.65
1772711100000,24261.65,24280.65,24235.65,24241.65
1772712000000,24242.65,24246.65,24196.65,24206.65
1772712900000,24202.65,24272.65,24193.65,24256.65
1772713800000,24255.25,24267.65,24198.65,24204.65
1772714700000,24203.65,24235.65,24162.65,24171.65
1772715600000,24172.65,24175.65,24144.65,24165.65
1772716500000,24164.649999999998,24181.649999999998,24141.85,24141.85
1772717400000,24142.850000000002,24151.65,24069.65,24099.65
1772718300000,24098.65,24106.65,24000.65,24017.65
1772719200000,24016.65,24026.65,23980.25,23995.65
1772720100000,23994.65,24009.65,23955.65,23984.65
1772721000000,23983.65,24072.65,23982.65,23999.65
1772721900000,24000.65,24088.65,23983.65,24085.65
1772722800000,24086.649999999998,24116.649999999998,24025.85,24064.649999999998
1772723700000,24063.65,24074.65,23932.65,23945.65
1772724600000,23944.65,23964.65,23902.65,23921.65
1772725500000,23920.65,23946.65,23890.65,23941.65
1772726400000,23942.65,23951.65,23800.25,23840.65
1772727300000,23838.65,23849.65,23754.65,23777.65
1772728200000,23774.65,23859.65,23774.65,23851.65
1772729100000,23850.65,23902.65,23850.65,23899.65
1772730000000,23900.65,23947.65,23867.65,23868.65
1772730900000,23869.65,23871.65,23805.25,23805.25
1772731800000,23805.350000000002,23819.850000000002,23762.65,23765.65
1772732700000,23767.65,23785.65,23688.65,23699.65
1772733600000,23695.25,23773.65,23693.65,23764.65
1772734500000,23763.649999999998,23771.25,23680.35,23710.649999999998
1772735400000,23709.65,23782.65,23699.65,23781.65
1772736300000,23782.65,23787.65,23710.25,23743.25
1772737200000,23739.25,23759.25,23727.25,23752.65
1772738100000,23751.25,23774.649999999998,23732.35,23742.649999999998
1772739000000,23740.85,23748.65,23703.25,23738.65
1772739900000,23737.649999999998,23764.649999999998,23721.35,23740.35
1772740800000,23740.850000000002,23812.25,23715.65,23801.65
1772741700000,23800.35,23878.65,23794.25,23846.65
1772742600000,23846.25,23862.65,23822.65,23833.65
1772743500000,23837.65,23863.65,23812.65,23851.75
1772744400000,23848.75,23849.85,23820.85,23826.85
1772745300000,23825.85,23834.85,23807.85,23821.85
1772746200000,23822.85,23822.85,23803.85,23812.85
1772747100000,23813.85,23818.879999999997,23801.85,23813.879999999997
1772751600000,23824.15,23845.15,23809.15,23841.15
1772752500000,23840.15,23857.15,23837.15,23853.15
1772753400000,23852.15,23863.15,23844.15,23860.15
1772754300000,23859.15,23874.15,23858.15,23868.15
1772755200000,23869.15,23898.15,23867.15,23894.140000000003
1772756100000,23891.05,23902.75,23869.35,23879.35
1772757000000,23880.85,23890.85,23872.35,23885.35
1772757900000,23885.85,23891.85,23871.35,23885.35
1772758800000,23884.85,23912.85,23873.35,23902.35
1772759700000,23902.85,23911.75,23845.35,23868.35
1772760600000,23868.85,23902.75,23864.35,23885.85
1772761500000,23886.85,23924.35,23872.35,23899.85
1772762400000,23900.85,23970.35,23899.35,23950.35
1772763300000,23948.85,23984.65,23943.75,23968.85
1772764200000,23969.85,23978.85,23944.85,23948.85
1772765100000,23950.35,23950.85,23922.75,23922.75
1772766000000,23923.75,23963.85,23923.75,23954.85
1772766900000,23952.85,23955.35,23937.35,23944.35
1772767800000,23945.85,23949.85,23923.85,23945.35
1772768700000,23947.85,23974.85,23943.35,23969.35
1772769600000,23970.85,23975.35,23964.35,23968.75
1772770500000,23970.35,23970.35,23932.75,23936.85
1772771400000,23936.35,23967.85,23932.85,23961.85
1772772300000,23962.35,23970.85,23945.35,23950.35
1772773200000,23951.85,23992.35,23945.75,23977.35
1772774100000,23977.35,23984.35,23967.85,23974.85
1772775000000,23973.35,24002.75,23963.35,23985.35
1772775900000,23991.85,23993.35,23957.85,23963.85
1772776800000,23961.85,23997.35,23957.75,23982.85
1772777700000,23982.85,23995.35,23964.35,23978.85
1772778600000,23977.35,23987.85,23965.85,23985.85
1772779500000,23982.85,23984.85,23958.35,23965.75
1772780400000,23965.350000000002,23970.15,23909.15,23928.550000000003
1772781300000,23927.55,23975.95,23925.55,23951.95
1772782200000,23949.95,23959.95,23939.95,23949.95
1772783100000,23948.95,23948.95,23912.45,23946.45
1772784000000,23947.45,23991.95,23911.05,23985.95
1772784900000,23986.55,24014.95,23914.95,23925.95
1772785800000,23926.95,24006.95,23924.95,23993.95
1772786700000,23992.95,24035.95,23975.95,23987.95
1772787600000,23990.95,23998.95,23882.45,23911.55
1772788500000,23913.95,23924.95,23807.95,23816.95
1772789400000,23816.55,23851.95,23761.95,23786.55
1772790300000,23787.95,23817.95,23740.95,23788.95
1772791200000,23787.95,23887.95,23786.95,23849.95
1772792100000,23850.95,23877.95,23786.55,23854.55
1772793000000,23854.149999999998,23857.95,23807.55,23820.95
1772793900000,23821.95,23827.95,23781.55,23793.95
1772794800000,23794.95,23804.95,23714.55,23780.45
1772795700000,23779.45,23801.45,23745.45,23750.95
1772796600000,23751.95,23756.95,23584.65,23612.65
1772797500000,23613.05,23648.45,23546.05,23566.45
1772798400000,23567.45,23603.45,23538.45,23597.45
1772799300000,23598.45,23662.05,23598.05,23637.45
1772800200000,23634.45,23641.45,23581.45,23592.45
1772801100000,23591.45,23614.45,23563.05,23612.45
1772802000000,23609.45,23683.45,23607.45,23676.45
1772802900000,23675.45,23694.05,23649.45,23675.65
1772803800000,23650.649999999998,23672.05,23566.05,23574.45
1772804700000,23573.45,23579.45,23390.05,23414.45
1772805600000,23411.65,23456.45,23385.45,23406.95
1772806500000,23407.95,23432.95,23374.55,23432.95
1772807400000,23431.95,23463.95,23342.95,23403.95
1772808300000,23400.95,23501.55,23381.55,23450.55
1772809200000,23451.55,23547.95,23449.95,23527.95
1772810100000,23526.95,23617.95,23520.95,23591.95
1772811000000,23592.95,23626.95,23536.95,23542.95
1772811900000,23543.95,23571.95,23478.95,23553.95
1772812800000,23552.95,23602.95,23538.95,23542.95
1772813700000,23544.95,23563.95,23515.95,23552.95
1772814600000,23551.95,23645.95,23528.95,23613.95
1772815500000,23611.95,23659.95,23598.95,23626.95
1772816400000,23622.95,23640.55,23575.95,23591.55
1772817300000,23593.55,23642.95,23580.95,23592.15
1772818200000,23591.95,23614.55,23547.95,23557.55
1772819100000,23556.95,23592.95,23554.65,23575.550000000003
1772820000000,23574.55,23678.95,23573.95,23668.55
1772820900000,23668.95,23684.95,23636.65,23640.65
1772821800000,23637.65,23675.15,23633.65,23653.65
1772822700000,23657.15,23663.65,23617.95,23629.55
1772823600000,23630.55,23668.95,23630.55,23660.95
1772824500000,23658.95,23662.95,23613.95,23658.95
1772825400000,23657.15,23676.95,23641.15,23655.15
1772826300000,23655.15,23664.15,23641.15,23661.15
1772827200000,23659.15,23690.15,23656.15,23676.15
1772828100000,23674.15,23703.15,23617.15,23639.15
1772829000000,23637.15,23663.15,23613.15,23638.15
1772829900000,23637.15,23659.15,23621.15,23643.050000000003
1772830800000,23651.050000000003,23658.15,23610.15,23640.15
1772831700000,23641.15,23641.15,23624.15,23626.15
1772832600000,23627.15,23646.010000000002,23624.15,23641.010000000002
1772833500000,23640.01,23659.14,23638.01,23644.149999999998
1773007200000,23267.309999999998,23280.329999999998,23252.46,23260.46
1773008100000,23259.460000000003,23306.45,23245.31,23276.45
1773009000000,23277.45,23305.760000000002,23277.45,23288.45
1773009900000,23289.45,23314.45,23264.45,23283.45
1773010800000,23284.45,23301.45,23206.45,23214.45
1773011700000,23213.45,23237.71,23209.45,23221.45
1773012600000,23222.45,23225.45,23182.73,23198.31
1773013500000,23197.31,23198.45,23151.22,23187.45
1773014400000,23188.45,23212.45,23177.88,23186.95
1773015300000,23185.95,23189.84,22929.15,22969.65
1773016200000,22968.649999999998,23014.95,22939.05,22944.05
1773017100000,22945.050000000003,22958.15,22903.65,22941.15
1773018000000,22935.649999999998,22963.649999999998,22863.05,22902.149999999998
1773018900000,22904.15,22916.15,22833.15,22835.15
1773019800000,22841.15,22898.15,22817.15,22824.15
1773020700000,22823.649999999998,22829.149999999998,22746.05,22751.649999999998
1773021600000,22747.050000000003,22823.050000000003,22741.65,22777.050000000003
1773022500000,22777.05,22793.649999999998,22727.05,22757.149999999998
1773023400000,22752.15,22802.65,22709.15,22802.15
1773024300000,22802.649999999998,22842.649999999998,22767.05,22777.05
1773025200000,22777.05,22813.149999999998,22731.05,22768.649999999998
1773026100000,22769.149999999998,22786.149999999998,22721.05,22749.149999999998
1773027000000,22748.649999999998,22783.25,22717.05,22721.05
1773027900000,22721.05,22763.05,22717.05,22746.149999999998
1773028800000,22746.149999999998,22806.149999999998,22735.05,22761.05
1773029700000,22771.05,22792.149999999998,22747.05,22787.05
1773030600000,22785.050000000003,22793.65,22752.15,22755.050000000003
1773031500000,22755.05,22764.649999999998,22740.05,22752.649999999998
1773032400000,22753.050000000003,22818.15,22730.15,22799.050000000003
1773033300000,22799.05,22962.649999999998,22785.05,22960.149999999998
1773034200000,22970.149999999998,22971.149999999998,22862.05,22924.05
1773035100000,22933.649999999998,22984.649999999998,22908.05,22974.05
1773036000000,22975.149999999998,23065.149999999998,22964.05,23050.649999999998
1773036900000,23051.15,23056.15,22974.65,23004.15
1773037800000,23006.15,23019.15,22962.15,22981.15
1773038700000,22981.149999999998,22981.649999999998,22907.05,22919.149999999998
1773039600000,22921.15,22975.45,22863.45,22963.850000000002
1773040500000,22961.949999999997,23082.85,22957.85,23062.449999999997
1773041400000,23061.25,23075.25,23003.85,23038.25
1773042300000,23041.25,23041.45,22969.95,22981.25
1773043200000,22978.85,23109.85,22936.85,22981.25
1773044100000,22980.85,23041.25,22930.25,22977.25
1773045000000,22976.25,23069.25,22943.25,22962.25
1773045900000,22961.25,23074.25,22952.85,23043.85
1773046800000,23048.25,23067.25,22965.25,23053.25
1773047700000,23054.25,23161.75,23040.25,23156.75
1773048600000,23155.75,23295.75,23115.35,23259.75
1773049500000,23258.35,23286.75,23202.75,23236.75
1773050400000,23235.75,23264.75,23178.75,23196.35
1773051300000,23193.95,23207.350000000002,23169.95,23180.350000000002
1773052200000,23174.75,23228.350000000002,23144.45,23217.75
1773053100000,23214.75,23228.75,23155.75,23213.75
1773054000000,23216.75,23249.75,23209.75,23213.75
1773054900000,23214.75,23222.75,23181.35,23184.75
1773055800000,23185.75,23253.75,23161.75,23210.35
1773056700000,23209.75,23248.75,23203.75,23218.75
1773057600000,23217.75,23281.75,23216.75,23267.75
1773058500000,23266.75,23306.75,23256.75,23301.75
1773059400000,23303.75,23323.75,23215.75,23217.75
1773060300000,23218.75,23226.75,23185.75,23223.75
1773061200000,23224.75,23340.75,23222.75,23335.75
1773062100000,23334.75,23343.75,23298.75,23324.75
1773063000000,23325.75,23360.75,23249.95,23286.350000000002
1773063900000,23285.75,23310.75,23177.75,23249.75
1773064800000,23246.75,23283.75,23129.35,23188.35
1773065700000,23186.35,23281.75,23186.35,23240.75
1773066600000,23237.75,23338.75,23235.75,23335.75
1773067500000,23333.35,23361.75,23292.75,23333.75
1773068400000,23337.35,23388.75,23331.75,23387.75
1773069300000,23388.75,23468.75,23388.75,23462.75
1773070200000,23461.75,23479.75,23409.75,23412.75
1773071100000,23411.75,23447.75,23385.75,23425.35
1773072000000,23425.75,23466.75,23403.75,23426.75
1773072900000,23427.75,23446.75,23354.75,23408.75
1773073800000,23404.75,23468.75,23377.75,23465.75
1773074700000,23464.75,23478.75,23451.75,23463.75
1773075600000,23465.75,23466.75,23397.75,23405.75
1773076500000,23404.75,23406.75,23350.25,23358.25
1773077400000,23359.25,23368.25,23319.35,23329.35
1773078300000,23328.949999999997,23382.75,23328.35,23362.75
1773079200000,23360.35,23409.75,23360.35,23404.75
1773080100000,23403.35,23457.75,23399.35,23402.75
1773081000000,23401.75,23432.75,23398.75,23405.75
1773081900000,23405.35,23415.75,23371.75,23375.75
1773082800000,23376.75,23402.75,23373.75,23394.35
1773083700000,23393.75,23720.35,23390.35,23713.949999999997
1773084600000,23714.35,23951.949999999997,23656.35,23819.75
1773085500000,23820.75,23826.75,23751.35,23790.35
1773086400000,23790.95,23817.75,23712.95,23757.75
1773087300000,23755.75,23763.75,23714.95,23760.75
1773088200000,23757.95,23794.75,23731.95,23778.75
1773089100000,23777.75,23819.75,23759.95,23805.850000000002
1773093600000,23795.15,23811.15,23740.15,23777.15
1773094500000,23778.15,23787.15,23725.15,23778.15
1773095400000,23777.149999999998,23777.149999999998,23729.14,23759.579999999998
1773096300000,23758.58,23774.72,23742.15,23750.15
1773097200000,23751.15,23765.15,23734.15,23760.72
1773098100000,23761.72,23765.72,23747.15,23761.15
1773099000000,23760.15,23763.15,23724.15,23725.15
1773099900000,23726.15,23736.15,23708.15,23724.11
1773100800000,23723.11,23733.54,23678.15,23684.15
1773101700000,23685.149999999998,23735.75,23656.05,23734.85
1773102600000,23734.35,23763.85,23695.75,23763.35
1773103500000,23764.85,23765.85,23712.75,23714.75
1773104400000,23714.75,23757.35,23705.35,23747.85
1773105300000,23747.35,23754.85,23717.75,23722.75
1773106200000,23726.75,23732.85,23683.85,23697.35
1773107100000,23696.35,23747.85,23690.35,23740.85
1773108000000,23742.85,23752.35,23711.35,23732.35
1773108900000,23727.85,23730.85,23708.35,23710.85
1773109800000,23711.35,23712.85,23654.35,23659.85
1773110700000,23660.85,23664.85,23596.35,23607.85
1773111600000,23606.85,23630.85,23595.75,23610.85
1773112500000,23611.35,23640.85,23595.35,23606.85
1773113400000,23604.35,23608.85,23569.35,23569.35
1773114300000,23570.85,23572.35,23526.85,23533.35
1773115200000,23536.85,23565.85,23522.85,23562.85
1773116100000,23562.35,23578.85,23551.75,23558.35
1773117000000,23559.85,23595.35,23555.35,23577.85
1773117900000,23574.85,23582.85,23538.35,23571.85
1773118800000,23573.85,23651.85,23567.35,23634.85
1773119700000,23634.35,23642.85,23615.35,23625.35
1773120600000,23622.85,23631.85,23617.35,23629.85
1773121500000,23628.35,23680.85,23620.75,23671.15
1773122400000,23672.149999999998,23698.35,23670.35,23681.75
1773123300000,23681.35,23705.149999999998,23666.35,23697.35
1773124200000,23700.85,23721.85,23678.85,23695.75
1773125100000,23696.35,23701.35,23672.85,23694.35
1773126000000,23693.850000000002,23762.95,23645.65,23726.550000000003
1773126900000,23724.65,23826.95,23708.15,23823.550000000003
1773127800000,23823.15,23846.95,23779.95,23807.15
1773128700000,23810.15,23881.15,23801.95,23881.15
1773129600000,23872.149999999998,23939.95,23869.55,23884.55
1773130500000,23882.95,23959.95,23846.95,23942.95
1773131400000,23939.95,23980.95,23926.95,23971.95
1773132300000,23972.95,24005.95,23901.95,23904.95
1773133200000,23903.95,24013.95,23891.95,24006.95
1773134100000,24007.95,24022.95,23979.95,24019.95
1773135000000,24021.95,24055.95,24015.95,24046.95
1773135900000,24045.95,24045.95,23954.95,23962.95
1773136800000,23961.55,23968.95,23926.95,23935.95
1773137700000,23934.95,24001.95,23908.95,23988.95
1773138600000,23991.95,24008.95,23940.95,23989.95
1773139500000,23988.95,24013.95,23967.95,24010.95
1773140400000,24012.95,24076.55,23983.95,23990.95
1773141300000,23991.95,23995.95,23948.95,23968.95
1773142200000,23969.95,23975.95,23917.55,23925.95
1773143100000,23924.55,23928.75,23898.95,23916.95
1773144000000,23917.95,23917.95,23804.95,23851.95
1773144900000,23851.55,23875.95,23828.95,23831.95
1773145800000,23830.95,23901.95,23804.55,23888.95
1773146700000,23887.95,23938.95,23886.55,23924.95
1773147600000,23923.95,23954.95,23922.95,23937.95
1773148500000,23938.95,23968.95,23919.95,23964.95
1773149400000,23965.95,23980.95,23856.95,23884.95
1773150300000,23883.55,23892.95,23823.95,23840.95
1773151200000,23841.95,23860.95,23774.95,23798.95
1773152100000,23799.55,23920.95,23794.55,23905.95
1773153000000,23904.95,24000.95,23903.95,23996.95
1773153900000,23997.95,24063.95,23984.95,24047.95
1773154800000,24049.95,24076.95,24008.95,24014.95
1773155700000,24015.95,24068.95,24008.95,24040.95
1773156600000,24041.95,24050.95,23997.95,24042.95
1773157500000,24041.95,24044.95,23971.95,23978.95
1773158400000,23977.95,23977.95,23905.95,23947.95
1773159300000,23946.95,23971.95,23920.95,23938.95
1773160200000,23939.95,24006.95,23938.95,24000.95
1773161100000,24000.55,24039.95,23967.95,24038.95
1773162000000,24037.95,24102.95,24033.15,24073.95
1773162900000,24074.55,24116.95,24069.95,24103.95
1773163800000,24101.95,24102.95,23988.65,24015.15
1773164700000,24017.95,24058.95,24008.95,24038.95
1773165600000,24038.550000000003,24045.550000000003,23877.65,23879.65
1773166500000,23881.65,23909.65,23754.65,23881.15
1773167400000,23883.550000000003,23901.95,23822.65,23833.15
1773168300000,23831.65,23875.550000000003,23814.65,23826.65
1773169200000,23827.65,23867.550000000003,23824.15,23865.550000000003
1773170100000,23867.15,23886.95,23800.65,23809.65
1773171000000,23811.65,23867.15,23767.65,23816.95
1773171900000,23815.55,23823.15,23768.95,23800.95
1773172800000,23801.15,23811.550000000003,23781.65,23808.15
1773173700000,23809.95,23822.95,23791.95,23816.95
1773174600000,23817.95,23820.95,23797.95,23812.95
1773175500000,23813.95,23825.95,23800.95,23819.05
1773180000000,23815.45,23816.45,23784.72,23804.66
1773180900000,23803.66,23808.66,23780.46,23781.46
1773181800000,23782.46,23788.46,23766.46,23768.46
1773182700000,23769.46,23775.239999999998,23753.46,23770.45
1773183600000,23769.45,23789.88,23765.45,23787.88
1773184500000,23788.88,23794.45,23783.45,23788.45
1773185400000,23789.449999999997,23790.6,23781.6,23783.6
1773186300000,23782.6,23820.6,23781.6,23811.449999999997
1773187200000,23812.45,23862.45,23809.45,23854.45
1773188100000,23853.45,23949.45,23853.45,23920.65
1773189000000,23917.65,23926.050000000003,23901.65,23912.050000000003
1773189900000,23913.050000000003,23918.65,23900.65,23903.15
1773190800000,23905.050000000003,23935.15,23894.15,23934.15
1773191700000,23934.15,23952.45,23929.65,23941.15
1773192600000,23941.15,23967.45,23938.65,23962.15
1773193500000,23959.15,23965.45,23940.65,23943.65
1773194400000,23944.65,23956.65,23943.15,23945.15
1773195300000,23944.65,23967.65,23944.65,23962.15
1773196200000,23960.15,23963.45,23943.15,23962.050000000003
1773197100000,23962.45,23970.45,23945.65,23954.15
1773198000000,23950.65,23968.65,23950.65,23965.15
1773198900000,23960.15,23978.050000000003,23960.15,23965.15
1773199800000,23966.15,23999.45,23964.65,23997.15
1773200700000,23997.65,24004.45,23988.65,23996.15
1773201600000,23994.65,23995.15,23968.65,23975.15
1773202500000,23972.15,23980.45,23972.15,23976.65
1773203400000,23976.050000000003,23977.050000000003,23967.15,23973.65
1773204300000,23972.15,23977.65,23966.65,23971.65
1773205200000,23971.050000000003,23974.050000000003,23944.15,23947.15
1773206100000,23945.15,23957.050000000003,23936.65,23944.050000000003
1773207000000,23941.149999999998,23946.45,23913.05,23913.05
1773207900000,23912.45,23913.45,23860.15,23860.65
1773208800000,23858.65,23864.15,23841.65,23855.15
1773209700000,23854.65,23858.15,23830.15,23844.65
1773210600000,23845.65,23880.050000000003,23838.65,23878.15
1773211500000,23876.15,23878.15,23847.15,23860.15
1773212400000,23859.149999999998,23896.25,23830.85,23894.25
1773213300000,23895.25,23895.25,23822.45,23825.850000000002
1773214200000,23826.25,23841.25,23735.85,23758.85
1773215100000,23758.45,23792.25,23728.25,23730.85
1773216000000,23736.25,23736.25,23669.85,23714.85
1773216900000,23717.25,23741.25,23678.25,23684.25
1773217800000,23686.25,23708.25,23621.25,23668.25
1773218700000,23667.25,23678.25,23581.85,23615.25
1773219600000,23614.25,23616.25,23551.25,23562.25
1773220500000,23561.25,23627.25,23561.25,23573.25
1773221400000,23572.85,23607.25,23562.25,23590.25
1773222300000,23589.25,23620.25,23563.25,23566.25
1773223200000,23570.25,23654.25,23557.25,23650.25
1773224100000,23649.25,23677.25,23645.25,23671.25
1773225000000,23672.25,23803.85,23668.25,23793.25
1773225900000,23794.25,23819.25,23779.25,23811.25
1773226800000,23812.25,23828.25,23772.25,23791.25
1773227700000,23792.25,23794.25,23666.25,23683.25
1773228600000,23682.850000000002,23703.25,23634.45,23653.25
1773229500000,23654.25,23691.45,23606.25,23652.25
1773230400000,23651.25,23667.45,23609.25,23628.25
1773231300000,23627.25,23692.25,23618.25,23675.45
1773232200000,23675.45,23713.45,23565.25,23575.25
1773233100000,23574.25,23595.25,23539.25,23590.25
1773234000000,23587.25,23667.25,23587.25,23597.25
1773234900000,23598.25,23675.25,23594.25,23671.25
1773235800000,23668.25,23710.85,23662.25,23676.25
1773236700000,23674.25,23731.85,23653.25,23718.25
1773237600000,23717.25,23843.949999999997,23703.85,23745.449999999997
1773238500000,23745.85,23754.25,23603.85,23635.85
1773239400000,23636.25,23708.25,23616.45,23703.25
1773240300000,23703.85,23754.25,23688.85,23749.25
1773241200000,23748.25,23754.850000000002,23630.45,23656.25
1773242100000,23655.85,23678.25,23625.25,23627.25
1773243000000,23626.25,23650.25,23592.25,23592.25
1773243900000,23593.25,23652.25,23576.25,23613.25
1773244800000,23610.850000000002,23621.25,23579.45,23617.850000000002
1773245700000,23619.25,23625.25,23569.45,23601.25
1773246600000,23602.25,23702.25,23602.25,23678.25
1773247500000,23679.25,23702.25,23668.25,23697.25
1773248400000,23695.850000000002,23709.25,23674.95,23691.25
1773249300000,23689.85,23714.25,23674.25,23703.85
1773250200000,23704.25,23710.25,23605.85,23641.85
1773251100000,23641.45,23686.850000000002,23629.95,23663.95
1773252000000,23661.95,23673.25,23628.45,23651.850000000002
1773252900000,23651.45,23695.25,23642.95,23685.850000000002
1773253800000,23684.850000000002,23692.850000000002,23673.45,23690.25
1773254700000,23689.25,23707.25,23672.85,23691.25
1773255600000,23690.25,23694.850000000002,23663.45,23663.45
1773256500000,23664.85,23688.25,23662.85,23675.25
1773257400000,23676.25,23711.25,23669.25,23711.25
1773258300000,23712.25,23721.25,23693.25,23712.25
1773259200000,23711.25,23715.85,23685.25,23685.25
1773260100000,23684.25,23686.25,23673.25,23677.25
1773261000000,23675.25,23676.25,23650.25,23652.25
1773261900000,23653.25,23654.25,23638.35,23639.35
1773266400000,23632.65,23634.65,23579.58,23591.72
1773267300000,23592.72,23594.72,23530.29,23540.41
1773268200000,23541.41,23549.649999999998,23484.51,23504.649999999998
1773269100000,23505.649999999998,23518.649999999998,23488.46,23510.649999999998
1773270000000,23511.65,23516.65,23470.65,23495.65
1773270900000,23494.65,23510.65,23457.79,23458.79
1773271800000,23457.79,23458.79,23409.65,23409.670000000002
1773272700000,23408.670000000002,23457.690000000002,23404.65,23456.690000000002
1773273600000,23457.690000000002,23459.690000000002,23407.61,23421.65
1773274500000,23422.649999999998,23428.85,23323.55,23405.35
1773275400000,23405.35,23430.35,23392.85,23430.35
1773276300000,23423.85,23437.35,23419.85,23426.85
1773277200000,23426.35,23443.35,23419.35,23429.85
1773278100000,23429.649999999998,23452.85,23419.85,23452.85
1773279000000,23454.35,23502.35,23453.85,23491.85
1773279900000,23494.35,23495.35,23410.85,23430.85
1773280800000,23432.35,23436.649999999998,23398.85,23400.35
1773281700000,23397.85,23412.35,23361.35,23366.35
1773282600000,23365.85,23369.35,23301.35,23319.35
1773283500000,23320.35,23325.35,23293.85,23300.85
1773284400000,23301.35,23322.35,23285.85,23288.85
1773285300000,23287.35,23297.649999999998,23270.85,23276.35
1773286200000,23276.85,23282.35,23254.85,23267.85
1773287100000,23268.85,23295.35,23267.35,23295.35
1773288000000,23293.35,23317.85,23283.85,23316.35
1773288900000,23318.35,23333.85,23315.85,23326.35
1773289800000,23324.85,23325.85,23296.85,23299.85
1773290700000,23301.35,23315.35,23299.85,23308.35
1773291600000,23306.35,23371.35,23305.35,23357.35
1773292500000,23358.35,23366.35,23341.85,23351.85
1773293400000,23352.35,23371.35,23347.85,23371.35
1773294300000,23368.35,23373.35,23332.85,23365.35
1773295200000,23358.35,23363.35,23344.85,23358.35
1773296100000,23357.85,23392.85,23354.85,23390.85
1773297000000,23389.35,23421.649999999998,23384.35,23404.35
1773297900000,23404.35,23413.35,23393.35,23401.35
1773298800000,23403.350000000002,23445.45,23393.15,23442.050000000003
1773299700000,23440.65,23475.45,23434.15,23469.45
1773300600000,23468.050000000003,23491.25,23432.65,23481.050000000003
1773301500000,23480.45,23506.05,23447.45,23497.05
1773302400000,23496.05,23580.45,23491.05,23538.45
1773303300000,23541.45,23569.45,23512.45,23513.45
1773304200000,23512.45,23561.25,23500.45,23552.45
1773305100000,23553.45,23629.45,23534.45,23611.45
1773306000000,23610.45,23617.45,23509.45,23524.45
1773306900000,23523.45,23575.45,23487.15,23573.45
1773307800000,23574.45,23643.45,23570.45,23632.45
1773308700000,23634.45,23647.45,23615.45,23639.45
1773309600000,23640.45,23645.45,23580.45,23608.45
1773310500000,23607.45,23609.25,23572.45,23594.45
1773311400000,23593.45,23668.65,23593.45,23620.05
1773312300000,23621.05,23673.45,23619.45,23626.45
1773313200000,23624.45,23635.45,23588.45,23621.45
1773314100000,23622.45,23668.45,23619.45,23661.45
1773315000000,23662.45,23709.45,23662.05,23698.45
1773315900000,23697.45,23708.45,23623.45,23625.45
1773316800000,23626.45,23632.45,23543.45,23570.45
1773317700000,23571.45,23589.45,23537.45,23565.65
1773318600000,23566.65,23586.45,23543.65,23579.45
1773319500000,23578.45,23606.45,23554.45,23606.45
1773320400000,23605.45,23640.45,23592.45,23592.45
1773321300000,23591.45,23597.45,23463.45,23561.45
1773322200000,23561.05,23606.45,23515.05,23545.45
1773323100000,23546.45,23586.45,23466.45,23505.05
1773324000000,23508.45,23576.45,23508.45,23549.05
1773324900000,23547.65,23557.45,23407.45,23407.45
1773325800000,23411.45,23488.45,23399.45,23488.45
1773326700000,23487.45,23568.45,23462.05,23515.05
1773327600000,23516.45,23522.45,23372.45,23406.45
1773328500000,23405.45,23483.45,23396.45,23466.45
1773329400000,23462.45,23547.45,23417.45,23533.45
1773330300000,23534.050000000003,23562.45,23497.65,23549.45
1773331200000,23547.05,23594.45,23495.45,23540.45
1773332100000,23541.45,23635.45,23533.45,23581.45
1773333000000,23576.45,23636.65,23563.45,23601.45
1773333900000,23599.45,23600.45,23542.45,23576.45
1773334800000,23575.45,23627.45,23564.65,23582.45
1773335700000,23581.45,23628.45,23574.45,23609.45
1773336600000,23610.45,23646.45,23591.45,23593.45
1773337500000,23594.05,23616.45,23572.45,23593.45
1773338400000,23594.45,23624.45,23589.65,23606.45
1773339300000,23607.05,23617.45,23571.45,23594.45
1773340200000,23593.45,23601.45,23571.45,23592.45
1773341100000,23591.45,23608.45,23570.45,23573.45
1773342000000,23572.45,23599.45,23556.45,23583.45
1773342900000,23584.45,23603.05,23576.05,23581.649999999998
1773343800000,23582.65,23601.45,23574.45,23586.45
1773344700000,23585.45,23585.45,23533.45,23543.45
1773345600000,23541.45,23559.45,23527.65,23533.45
1773346500000,23532.45,23536.45,23521.45,23527.65
1773347400000,23525.45,23530.45,23516.45,23529.45
1773348300000,23530.45,23539.45,23516.55,23517.55
1773352800000,23518.95,23529.96,23496.95,23505.95
1773353700000,23506.95,23528.95,23488.52,23527.95
1773354600000,23526.95,23552.95,23522.95,23543.95
1773355500000,23544.95,23551.95,23530.95,23541.81
1773356400000,23542.81,23564.81,23539.95,23543.95
1773357300000,23542.95,23543.960000000003,23523.24,23537.95
1773358200000,23536.95,23546.95,23524.54,23534.95
1773359100000,23535.95,23535.95,23499.95,23501.95
1773360000000,23500.95,23553.95,23471.95,23553.95
1773360900000,23554.949999999997,23601.55,23502.85,23584.149999999998
1773361800000,23584.649999999998,23616.649999999998,23577.55,23589.55
1773362700000,23590.550000000003,23607.65,23588.15,23607.65
1773363600000,23606.15,23666.65,23606.15,23658.15
1773364500000,23658.65,23678.15,23651.15,23664.65
1773365400000,23664.149999999998,23675.149999999998,23630.55,23632.149999999998
1773366300000,23632.65,23639.15,23622.15,23634.15
1773367200000,23632.65,23658.550000000003,23625.15,23638.65
1773368100000,23639.65,23640.15,23615.15,23620.15
1773369000000,23621.65,23634.65,23612.15,23618.15
1773369900000,23617.15,23629.550000000003,23613.15,23613.15
1773370800000,23615.65,23623.15,23606.15,23609.65
1773371700000,23610.15,23619.65,23599.15,23610.65
1773372600000,23609.65,23617.65,23594.15,23615.15
1773373500000,23615.15,23637.65,23614.65,23634.65
1773374400000,23631.15,23645.65,23625.15,23625.15
1773375300000,23625.149999999998,23634.649999999998,23602.55,23612.649999999998
1773376200000,23611.65,23615.65,23593.15,23615.65
1773377100000,23615.15,23615.65,23600.15,23608.65
1773378000000,23607.15,23615.65,23587.15,23593.65
1773378900000,23592.65,23610.65,23584.65,23600.15
1773379800000,23600.65,23620.65,23600.65,23607.65
1773380700000,23605.15,23623.65,23603.15,23616.65
1773381600000,23616.15,23617.65,23594.65,23609.15
1773382500000,23606.15,23612.15,23576.15,23581.65
1773383400000,23580.15,23581.65,23534.15,23541.15
1773384300000,23540.15,23541.65,23499.15,23507.65
1773385200000,23506.649999999998,23515.75,23421.35,23428.949999999997
1773386100000,23427.95,23449.75,23393.75,23444.35
1773387000000,23445.75,23481.75,23439.35,23464.35
1773387900000,23463.75,23467.75,23393.35,23411.75
1773388800000,23413.35,23425.75,23329.75,23342.75
1773389700000,23341.75,23368.75,23293.75,23324.75
1773390600000,23323.75,23402.75,23322.75,23361.75
1773391500000,23362.75,23430.75,23338.75,23418.75
1773392400000,23419.75,23468.75,23384.75,23395.55
1773393300000,23394.55,23446.75,23372.75,23440.75
1773394200000,23439.75,23444.75,23390.75,23411.75
1773395100000,23410.75,23444.75,23396.75,23430.75
1773396000000,23432.75,23503.75,23415.75,23502.75
1773396900000,23503.75,23534.75,23496.75,23511.75
1773397800000,23512.75,23514.75,23471.75,23480.75
1773398700000,23479.75,23568.75,23473.75,23563.75
1773399600000,23561.75,23600.75,23539.75,23544.75
1773400500000,23545.75,23593.75,23535.95,23570.75
1773401400000,23569.75,23597.75,23556.75,23597.75
1773402300000,23598.75,23616.75,23585.75,23614.75
1773403200000,23615.75,23632.25,23591.25,23604.25
1773404100000,23605.25,23617.25,23594.25,23609.25
1773405000000,23608.25,23636.25,23601.25,23624.25
1773405900000,23623.25,23715.25,23623.25,23658.25
1773406800000,23657.25,23675.25,23625.95,23653.25
1773407700000,23652.25,23684.25,23633.45,23684.25
1773408600000,23681.25,23775.25,23678.45,23764.25
1773409500000,23765.25,23765.25,23681.25,23687.85
1773410400000,23686.85,23706.25,23618.25,23634.85
1773411300000,23635.25,23649.25,23605.25,23633.45
1773412200000,23634.45,23679.25,23571.25,23573.25
1773413100000,23572.25,23591.05,23500.25,23504.25
1773414000000,23505.25,23567.25,23499.45,23567.25
1773414900000,23566.25,23569.25,23479.25,23497.25
1773415800000,23494.25,23512.25,23443.25,23460.25
1773416700000,23458.25,23514.85,23421.25,23426.25
1773417600000,23425.25,23443.25,23401.25,23414.85
1773418500000,23416.25,23451.75,23392.55,23444.75
1773419400000,23442.75,23475.75,23434.75,23437.75
1773420300000,23438.75,23470.75,23416.75,23425.75
1773421200000,23426.75,23450.75,23409.75,23450.75
1773422100000,23453.75,23466.75,23416.75,23432.75
1773423000000,23430.75,23439.75,23414.75,23426.75
1773423900000,23427.75,23436.75,23384.75,23392.35
1773424800000,23393.35,23406.75,23389.35,23404.75
1773425700000,23404.35,23411.75,23377.35,23407.75
1773426600000,23405.75,23450.75,23401.75,23446.75
1773427500000,23447.75,23453.75,23429.95,23441.75
1773428400000,23439.75,23440.75,23413.75,23423.35
1773429300000,23424.75,23432.35,23383.75,23390.75
1773430200000,23391.75,23407.75,23369.75,23377.75
1773431100000,23378.75,23405.75,23365.75,23405.75
1773432000000,23404.75,23411.75,23385.75,23387.75
1773432900000,23386.75,23396.75,23381.75,23385.75
1773433800000,23389.75,23391.75,23380.75,23381.75
1773434700000,23380.75,23388.75,23341.85,23341.85
1773612000000,23354.75,23364.57,23310.75,23319.75
1773612900000,23318.75,23338.59,23300.75,23331.75
1773613800000,23332.75,23376.75,23317.75,23376.75
1773614700000,23375.75,23455.32,23367.75,23447.32
1773615600000,23446.32,23473.29,23417.75,23430.75
1773616500000,23429.75,23432.75,23407.75,23412.75
1773617400000,23411.75,23426.75,23391.75,23412.75
1773618300000,23411.75,23434.75,23411.75,23421.75
1773619200000,23422.75,23496.81,23417.75,23489.67
1773620100000,23490.67,23571.75,23490.67,23520.35
1773621000000,23518.35,23539.949999999997,23507.35,23528.449999999997
1773621900000,23528.45,23560.45,23523.95,23553.45
1773622800000,23553.95,23570.95,23526.45,23531.45
1773623700000,23529.95,23552.95,23498.45,23498.45
1773624600000,23496.95,23500.350000000002,23463.45,23484.95
1773625500000,23485.45,23512.95,23483.45,23505.45
1773626400000,23504.45,23507.45,23472.95,23478.95
1773627300000,23479.95,23493.45,23456.95,23463.95
1773628200000,23465.45,23469.45,23454.95,23456.45
1773629100000,23452.95,23470.45,23451.95,23464.95
1773630000000,23466.449999999997,23474.449999999997,23459.35,23460.449999999997
1773630900000,23460.95,23488.45,23456.95,23488.45
1773631800000,23489.95,23532.350000000002,23489.95,23527.45
1773632700000,23525.95,23549.95,23525.95,23547.350000000002
1773633600000,23546.75,23546.75,23526.95,23526.95
1773634500000,23528.45,23540.95,23524.45,23528.45
1773635400000,23526.45,23527.95,23507.45,23507.95
1773636300000,23508.95,23513.95,23486.95,23487.95
1773637200000,23486.949999999997,23510.449999999997,23479.35,23510.449999999997
1773638100000,23511.95,23514.95,23486.95,23494.350000000002
1773639000000,23493.45,23514.95,23474.95,23514.95
1773639900000,23514.45,23549.75,23513.95,23541.75
1773640800000,23540.350000000002,23557.75,23539.95,23551.95
1773641700000,23551.45,23553.350000000002,23525.45,23529.45
1773642600000,23530.95,23545.75,23529.95,23539.95
1773643500000,23538.95,23578.35,23535.75,23571.95
1773644400000,23571.45,23574.550000000003,23537.15,23537.15
1773645300000,23539.550000000003,23539.550000000003,23503.15,23508.550000000003
1773646200000,23507.55,23513.55,23467.55,23492.55
1773647100000,23493.55,23505.55,23461.45,23468.55
1773648000000,23468.149999999998,23518.05,23449.55,23453.05
1773648900000,23452.05,23478.05,23422.05,23448.05
1773649800000,23449.05,23474.05,23409.55,23413.55
1773650700000,23414.55,23472.55,23401.55,23442.55
1773651600000,23444.55,23468.55,23385.55,23458.55
1773652500000,23456.55,23459.55,23374.55,23401.55
1773653400000,23400.55,23400.55,23345.55,23361.55
1773654300000,23360.55,23412.55,23340.55,23352.55
1773655200000,23351.55,23393.55,23344.55,23383.55
1773656100000,23384.55,23461.55,23372.55,23445.55
1773657000000,23447.55,23478.55,23434.55,23461.55
1773657900000,23460.55,23508.55,23456.55,23507.55
1773658800000,23508.55,23527.55,23496.55,23513.55
1773659700000,23512.55,23531.55,23501.55,23503.55
1773660600000,23502.55,23541.35,23482.55,23536.55
1773661500000,23537.55,23554.55,23525.55,23551.55
1773662400000,23552.55,23604.55,23545.55,23593.55
1773663300000,23594.55,23597.55,23569.55,23576.25
1773664200000,23577.25,23621.55,23577.25,23617.55
1773665100000,23616.550000000003,23632.550000000003,23578.15,23584.550000000003
1773666000000,23585.55,23618.55,23585.55,23604.55
1773666900000,23603.55,23626.55,23595.55,23614.55
1773667800000,23612.55,23659.55,23600.55,23657.55
1773668700000,23656.55,23688.55,23638.55,23687.55
1773669600000,23686.55,23711.55,23665.55,23680.55
1773670500000,23681.55,23684.55,23640.55,23641.55
1773671400000,23640.55,23644.55,23575.55,23597.55
1773672300000,23596.55,23662.55,23590.55,23661.55
1773673200000,23662.55,23666.55,23631.55,23655.55
1773674100000,23656.55,23682.55,23644.55,23677.55
1773675000000,23676.55,23704.55,23675.55,23687.55
1773675900000,23686.55,23697.55,23625.55,23625.55
1773676800000,23626.55,23632.55,23594.55,23621.55
1773677700000,23622.55,23648.55,23571.55,23573.55
1773678600000,23572.55,23627.55,23568.55,23609.55
1773679500000,23610.55,23613.55,23579.55,23581.55
1773680400000,23582.55,23626.55,23580.55,23614.55
1773681300000,23613.55,23630.55,23596.55,23617.55
1773682200000,23619.55,23633.55,23589.55,23590.55
1773683100000,23591.55,23609.55,23568.55,23592.55
1773684000000,23593.55,23634.55,23590.55,23618.55
1773684900000,23619.149999999998,23643.55,23615.55,23631.55
1773685800000,23632.55,23635.55,23619.55,23632.149999999998
1773686700000,23632.550000000003,23639.550000000003,23625.15,23632.550000000003
1773687600000,23631.55,23681.55,23620.55,23638.55
1773688500000,23637.55,23654.55,23617.55,23631.55
1773689400000,23630.550000000003,23645.15,23608.15,23613.15
1773690300000,23612.55,23654.55,23605.55,23648.55
1773691200000,23649.55,23652.55,23635.55,23640.55
1773692100000,23639.55,23639.55,23621.55,23623.55
1773693000000,23625.55,23637.149999999998,23619.55,23624.149999999998
1773693900000,23625.15,23635.550000000003,23618.65,23621.65
1773698400000,23621.45,23625.45,23595.88,23616.04
1773699300000,23615.04,23630.04,23600.04,23623.04
1773700200000,23624.04,23625.04,23599.04,23602.45
1773701100000,23603.45,23605.59,23594.45,23598.45
1773702000000,23599.45,23614.45,23597.45,23605.45
1773702900000,23604.45,23612.45,23596.45,23610.45
1773703800000,23611.45,23625.45,23606.45,23621.45
1773704700000,23622.45,23631.45,23614.45,23630.45
1773705600000,23631.45,23631.45,23595.45,23601.45
1773706500000,23600.45,23613.65,23561.15,23566.050000000003
1773707400000,23566.15,23581.45,23555.65,23560.15
1773708300000,23559.15,23564.15,23535.65,23549.15
1773709200000,23550.15,23568.45,23544.15,23563.050000000003
1773710100000,23565.050000000003,23577.45,23558.15,23577.050000000003
1773711000000,23578.050000000003,23601.95,23553.65,23562.15
1773711900000,23560.15,23590.45,23551.15,23583.050000000003
1773712800000,23582.65,23586.050000000003,23571.15,23580.15
1773713700000,23581.15,23584.45,23568.15,23576.65
1773714600000,23577.65,23588.65,23575.65,23582.65
1773715500000,23582.050000000003,23585.45,23557.65,23558.15
1773716400000,23559.15,23571.45,23548.15,23571.45
1773717300000,23572.05,23586.05,23572.05,23575.649999999998
1773718200000,23576.050000000003,23582.050000000003,23557.65,23561.15
1773719100000,23560.149999999998,23567.649999999998,23550.05,23554.05
1773720000000,23554.45,23555.45,23538.45,23547.15
1773720900000,23549.15,23555.15,23540.65,23554.15
1773721800000,23553.15,23567.65,23552.65,23565.65
1773722700000,23566.05,23579.649999999998,23566.05,23568.149999999998
1773723600000,23567.15,23570.65,23554.65,23567.65
1773724500000,23568.050000000003,23570.65,23555.15,23559.15
1773725400000,23560.15,23563.15,23532.15,23533.15
1773726300000,23534.15,23536.15,23450.65,23451.15
1773727200000,23452.65,23455.65,23418.15,23434.15
1773728100000,23435.15,23457.65,23419.15,23450.65
1773729000000,23451.45,23473.45,23432.15,23469.15
1773729900000,23467.65,23468.65,23444.65,23463.65
1773730800000,23458.649999999998,23504.25,23446.85,23478.85
1773731700000,23477.85,23544.25,23476.25,23515.25
1773732600000,23513.85,23544.449999999997,23512.85,23523.25
1773733500000,23522.85,23525.25,23493.85,23510.85
1773734400000,23506.85,23545.25,23490.25,23500.75
1773735300000,23499.75,23542.75,23488.75,23491.75
1773736200000,23494.75,23561.75,23477.75,23552.75
1773737100000,23551.75,23561.75,23469.25,23515.25
1773738000000,23514.25,23570.25,23514.25,23539.25
1773738900000,23540.25,23627.25,23537.25,23625.25
1773739800000,23626.25,23662.25,23620.25,23656.25
1773740700000,23657.25,23666.25,23625.25,23647.45
1773741600000,23647.850000000002,23648.25,23579.45,23597.25
1773742500000,23596.25,23602.25,23543.25,23562.25
1773743400000,23561.25,23606.25,23560.25,23594.25
1773744300000,23595.25,23609.25,23565.25,23606.25
1773745200000,23607.25,23631.25,23606.25,23617.25
1773746100000,23616.25,23651.25,23616.25,23633.25
1773747000000,23632.25,23643.25,23603.25,23639.25
1773747900000,23638.25,23648.05,23607.25,23607.25
1773748800000,23609.25,23687.25,23605.25,23680.25
1773749700000,23678.25,23701.25,23675.25,23699.25
1773750600000,23698.25,23716.25,23662.25,23670.25
1773751500000,23669.25,23694.25,23662.25,23693.25
1773752400000,23694.25,23742.25,23690.25,23736.25
1773753300000,23733.25,23762.25,23729.25,23755.25
1773754200000,23754.25,23801.25,23751.25,23773.25
1773755100000,23772.25,23793.25,23759.25,23766.25
1773756000000,23765.25,23794.25,23747.25,23748.25
1773756900000,23747.25,23773.25,23731.25,23743.25
1773757800000,23744.25,23793.25,23734.25,23791.25
1773758700000,23790.25,23827.25,23790.25,23824.25
1773759600000,23823.25,23832.25,23757.25,23769.25
1773760500000,23770.25,23796.25,23751.25,23759.25
1773761400000,23758.25,23765.25,23708.25,23746.25
1773762300000,23745.25,23770.25,23738.25,23750.25
1773763200000,23751.25,23753.25,23690.25,23718.25
1773764100000,23719.25,23745.25,23711.25,23730.25
1773765000000,23729.25,23751.25,23706.25,23750.25
1773765900000,23749.25,23751.25,23707.25,23709.25
1773766800000,23708.25,23755.25,23708.25,23741.25
1773767700000,23740.25,23745.25,23730.25,23735.25
1773768600000,23734.25,23745.25,23717.25,23721.25
1773769500000,23722.25,23746.25,23715.25,23736.25
1773770400000,23740.25,23743.25,23717.25,23729.25
1773771300000,23730.25,23730.25,23683.25,23683.25
1773772200000,23684.25,23699.25,23681.25,23692.25
1773773100000,23693.25,23712.25,23692.25,23708.25
1773774000000,23709.25,23711.25,23692.25,23705.25
1773774900000,23704.25,23716.25,23696.25,23699.25
1773775800000,23700.25,23705.25,23686.25,23690.25
1773776700000,23691.25,23715.25,23691.25,23709.25
1773777600000,23710.25,23720.75,23708.25,23716.75
1773778500000,23715.75,23718.75,23711.75,23712.75
1773779400000,23713.75,23718.75,23712.75,23713.75
1773780300000,23711.75,23713.75,23693.75,23707.85
1773784800000,23710.25,23712.25,23694.25,23703.25
1773785700000,23702.25,23702.25,23676.25,23686.25
1773786600000,23685.25,23692.25,23667.27,23674.27
1773787500000,23675.27,23689.25,23668.27,23685.25
1773788400000,23684.26,23690.26,23674.26,23683.26
1773789300000,23682.26,23699.25,23681.26,23683.25
1773790200000,23682.25,23688.25,23671.97,23677.97
1773791100000,23678.97,23682.97,23673.97,23676.97
1773792000000,23675.97,23716.25,23671.97,23715.25
1773792900000,23716.25,23726.25,23708.15,23715.95
1773793800000,23713.95,23724.45,23707.95,23723.850000000002
1773794700000,23724.85,23755.85,23724.85,23752.85
1773795600000,23754.25,23781.449999999997,23752.85,23778.949999999997
1773796500000,23777.949999999997,23784.25,23770.85,23771.85
1773797400000,23769.95,23779.45,23763.95,23777.95
1773798300000,23778.45,23779.45,23757.95,23767.95
1773799200000,23767.45,23781.45,23760.95,23780.45
1773800100000,23778.95,23790.95,23776.95,23788.95
1773801000000,23789.95,23794.45,23784.95,23786.45
1773801900000,23786.85,23794.45,23786.25,23786.85
1773802800000,23787.45,23796.45,23785.95,23794.95
1773803700000,23791.95,23803.25,23788.45,23797.95
1773804600000,23798.45,23803.25,23794.95,23799.45
1773805500000,23798.95,23829.25,23797.95,23819.45
1773806400000,23820.45,23841.45,23818.95,23839.850000000002
1773807300000,23839.449999999997,23843.25,23831.85,23831.85
1773808200000,23832.25,23837.25,23828.95,23834.45
1773809100000,23834.85,23856.25,23834.85,23845.85
1773810000000,23846.45,23850.45,23836.95,23844.850000000002
1773810900000,23844.45,23864.25,23842.95,23858.850000000002
1773811800000,23859.45,23881.850000000002,23857.45,23876.850000000002
1773812700000,23877.25,23899.25,23874.45,23894.850000000002
1773813600000,23894.449999999997,23918.25,23890.85,23896.449999999997
1773814500000,23897.850000000002,23926.25,23888.45,23918.850000000002
1773815400000,23915.95,23928.25,23899.25,23921.25
1773816300000,23920.25,23929.25,23911.25,23923.25
1773817200000,23923.85,23941.05,23891.05,23895.05
1773818100000,23896.05,23906.05,23878.05,23895.05
1773819000000,23894.05,23900.05,23864.05,23868.05
1773819900000,23865.05,23868.05,23834.05,23853.05
1773820800000,23848.05,23894.05,23812.05,23888.05
1773821700000,23887.05,23901.05,23836.05,23837.05
1773822600000,23840.05,23860.05,23822.05,23851.05
1773823500000,23850.05,23889.05,23833.05,23885.05
1773824400000,23886.05,23908.05,23864.05,23869.05
1773825300000,23870.05,23913.05,23866.05,23908.05
1773826200000,23910.05,23944.05,23897.05,23943.05
1773827100000,23945.05,23949.05,23911.05,23917.05
1773828000000,23916.05,23955.05,23916.05,23937.05
1773828900000,23936.05,23967.05,23926.05,23939.05
1773829800000,23940.05,23955.05,23923.05,23924.05
1773830700000,23923.05,23928.05,23904.05,23907.05
1773831600000,23906.05,23943.05,23898.05,23940.05
1773832500000,23943.05,23961.05,23849.05,23851.05
1773833400000,23852.05,23898.05,23843.05,23883.05
1773834300000,23882.05,23887.05,23853.05,23855.05
1773835200000,23854.05,23862.05,23774.05,23805.05
1773836100000,23804.050000000003,23805.050000000003,23704.65,23753.25
1773837000000,23746.25,23753.75,23644.35,23664.75
1773837900000,23665.75,23670.75,23603.75,23616.75
1773838800000,23617.75,23649.75,23588.75,23591.75
1773839700000,23592.75,23667.75,23563.75,23643.75
1773840600000,23642.75,23679.75,23622.75,23639.75
1773841500000,23637.75,23664.75,23585.75,23612.35
1773842400000,23611.35,23659.75,23567.75,23572.75
1773843300000,23571.75,23588.75,23530.75,23546.75
1773844200000,23545.75,23573.75,23484.75,23496.75
1773845100000,23498.75,23519.75,23458.75,23518.75
1773846000000,23520.75,23586.75,23513.75,23565.75
1773846900000,23566.75,23574.75,23502.75,23542.75
1773847800000,23541.75,23561.75,23498.95,23521.75
1773848700000,23520.75,23535.75,23492.75,23518.75
1773849600000,23519.75,23537.75,23490.75,23529.75
1773850500000,23530.75,23555.75,23507.75,23535.75
1773851400000,23537.75,23543.75,23498.75,23502.75
1773852300000,23499.75,23532.75,23497.75,23512.75
1773853200000,23514.75,23517.75,23479.75,23488.75
1773854100000,23489.75,23525.75,23486.75,23505.75
1773855000000,23504.75,23528.75,23492.75,23520.75
1773855900000,23521.350000000002,23548.75,23519.95,23519.95
1773856800000,23520.95,23557.75,23519.75,23529.75
1773857700000,23528.75,23528.75,23472.75,23491.35
1773858600000,23491.75,23503.75,23421.45,23457.75
1773859500000,23456.35,23464.75,23394.35,23396.75
1773860400000,23397.75,23416.25,23373.75,23398.75
1773861300000,23400.75,23401.75,23322.75,23339.75
1773862200000,23338.75,23344.75,23269.75,23282.75
1773863100000,23281.75,23294.75,23244.75,23263.75
1773864000000,23264.75,23273.75,23222.75,23224.75
1773864900000,23223.75,23223.75,23134.75,23151.75
1773865800000,23152.75,23178.75,23125.75,23175.75
1773866700000,23174.75,23180.75,23143.75,23154.85
1773871200000,23159.25,23174.25,23132.25,23140.25
1773872100000,23141.25,23155.26,23125.25,23131.25
1773873000000,23132.25,23138.25,23114.69,23128.69
1773873900000,23127.69,23147.25,23127.69,23143.53
1773874800000,23144.53,23168.25,23138.82,23160.25
1773875700000,23161.25,23175.25,23157.25,23174.25
1773876600000,23173.25,23195.25,23166.25,23174.25
1773877500000,23175.25,23179.68,23150.25,23171.25
1773878400000,23172.25,23194.25,23155.25,23179.25
1773879300000,23173.15,23185.45,23127.95,23153.45
1773880200000,23154.95,23173.95,23095.95,23097.45
1773881100000,23091.95,23142.45,23091.95,23137.95
1773882000000,23132.95,23149.850000000002,23123.45,23131.95
1773882900000,23131.45,23202.25,23131.45,23197.95
1773883800000,23197.45,23216.45,23186.45,23198.95
1773884700000,23197.45,23220.45,23185.45,23186.95
1773885600000,23186.449999999997,23255.949999999997,23161.85,23245.449999999997
1773886500000,23244.95,23264.95,23229.95,23255.45
1773887400000,23256.95,23276.95,23253.95,23255.45
1773888300000,23255.95,23256.95,23236.45,23241.850000000002
1773889200000,23242.85,23255.949999999997,23233.85,23253.449999999997
1773890100000,23250.95,23253.95,23234.45,23246.95
1773891000000,23244.95,23251.95,23229.45,23251.45
1773891900000,23252.45,23263.45,23230.45,23230.95
1773892800000,23228.95,23228.95,23177.45,23182.850000000002
1773893700000,23183.949999999997,23184.949999999997,23139.85,23154.949999999997
1773894600000,23153.95,23156.95,23116.95,23125.95
1773895500000,23124.45,23129.55,23100.45,23128.95
1773896400000,23129.949999999997,23133.85,23105.85,23120.85
1773897300000,23121.85,23140.85,23113.85,23113.85
1773898200000,23112.85,23116.85,23055.85,23058.85
1773899100000,23058.85,23078.949999999997,23058.85,23059.949999999997
1773900000000,23060.45,23112.45,23060.45,23107.45
1773900900000,23106.949999999997,23145.949999999997,23101.85,23101.85
1773901800000,23105.95,23149.25,23093.45,23141.95
1773902700000,23144.850000000002,23145.45,23069.45,23094.850000000002
1773903600000,23090.45,23120.75,23032.25,23093.75
1773904500000,23092.75,23176.25,23090.25,23153.75
1773905400000,23154.25,23162.25,23098.25,23107.75
1773906300000,23110.25,23148.649999999998,23102.05,23137.649999999998
1773907200000,23140.25,23198.649999999998,23117.05,23169.05
1773908100000,23171.05,23182.05,23003.05,23039.649999999998
1773909000000,23040.05,23077.05,22947.05,22949.05
1773909900000,22950.05,23002.05,22929.05,22968.05
1773910800000,22970.05,23042.05,22969.05,23025.05
1773911700000,23022.65,23052.05,22856.25,22906.75
1773912600000,22905.25,22978.649999999998,22882.05,22920.649999999998
1773913500000,22921.050000000003,23060.65,22905.65,23036.050000000003
1773914400000,23037.05,23039.05,22973.05,22985.05
1773915300000,22984.25,22988.05,22946.05,22963.649999999998
1773916200000,22963.05,22983.05,22924.05,22945.05
1773917100000,22944.649999999998,22968.05,22921.05,22937.05
1773918000000,22943.05,22967.05,22915.05,22941.649999999998
1773918900000,22941.05,22947.05,22891.05,22926.649999999998
1773919800000,22926.05,22946.05,22888.25,22907.05
1773920700000,22908.05,22974.05,22896.05,22957.649999999998
1773921600000,22946.75,22972.65,22882.25,22902.05
1773922500000,22901.050000000003,22911.050000000003,22822.65,22828.75
1773923400000,22830.75,22869.050000000003,22796.65,22861.050000000003
1773924300000,22866.05,22867.05,22796.05,22829.05
1773925200000,22828.65,22838.05,22782.25,22784.75
1773926100000,22784.75,22904.05,22758.75,22798.25
1773927000000,22795.25,22887.25,22784.25,22881.45
1773927900000,22880.25,22979.25,22853.25,22967.25
1773928800000,22958.95,23008.25,22939.25,22952.25
1773929700000,22952.85,22966.25,22858.25,22882.25
1773930600000,22883.25,22946.25,22868.25,22924.25
1773931500000,22925.25,22935.25,22872.25,22872.25
1773932400000,22872.65,22983.050000000003,22872.65,22963.050000000003
1773933300000,22962.05,22996.05,22870.05,22897.05
1773934200000,22896.05,22901.05,22851.05,22872.05
1773935100000,22873.05,22951.05,22853.05,22929.05
1773936000000,22927.05,22987.05,22893.05,22911.05
1773936900000,22912.05,22926.05,22844.05,22857.05
1773937800000,22862.05,22886.55,22824.55,22862.55
1773938700000,22863.55,22867.55,22788.55,22818.149999999998
1773939600000,22817.55,22824.55,22732.55,22746.55
1773940500000,22747.55,22842.55,22733.55,22838.55
1773941400000,22839.55,22848.55,22795.55,22805.55
1773942300000,22806.55,22823.55,22791.55,22801.55
1773943200000,22799.149999999998,22849.75,22777.55,22845.25
1773944100000,22846.25,22862.149999999998,22801.55,22801.55
1773945000000,22802.55,22803.149999999998,22768.55,22785.55
1773945900000,22784.15,22862.15,22773.15,22850.75
1773946800000,22850.25,23089.75,22844.25,23073.75
1773947700000,23074.75,23127.649999999998,22977.05,22999.75
1773948600000,23005.75,23052.05,22956.75,23050.25
1773949500000,23050.05,23050.05,22978.05,22996.25
1773950400000,22998.05,23042.25,22981.25,23042.25
1773951300000,23041.75,23050.05,23017.25,23026.75
1773952200000,23026.65,23038.65,23003.25,23035.75
1773953100000,23037.75,23051.05,22982.75,22985.15
1773957600000,23018.55,23039.55,22994.27,23014.14
1773958500000,23015.14,23036.55,23004.55,23033.55
1773959400000,23032.55,23043.41,23027.55,23037.55
1773960300000,23036.55,23038.55,23023.55,23029.57
1773961200000,23030.57,23054.55,23027.57,23035.27
1773962100000,23034.27,23039.27,23017.27,23024.27
1773963000000,23025.27,23033.27,23015.27,23016.27
1773963900000,23017.27,23032.55,23008.55,23017.399999999998
1773964800000,23016.399999999998,23041.89,22990.53,23036.55
1773965700000,23019.45,23068.75,23009.25,23020.25
1773966600000,23019.25,23035.25,23000.25,23017.25
1773967500000,23020.25,23021.75,23002.25,23012.75
1773968400000,23010.75,23048.75,22998.15,23040.75
1773969300000,23042.25,23048.55,23016.75,23044.25
1773970200000,23045.25,23079.75,23045.25,23074.25
1773971100000,23073.25,23090.55,23034.25,23052.25
1773972000000,23055.25,23055.25,23034.75,23039.75
1773972900000,23040.25,23047.25,23030.75,23038.25
1773973800000,23036.75,23052.75,23027.25,23035.25
1773974700000,23037.25,23047.25,23026.75,23028.25
1773975600000,23026.75,23029.25,23004.25,23021.25
1773976500000,23020.75,23025.25,22996.15,23010.75
1773977400000,23012.75,23036.25,23011.75,23017.25
1773978300000,23015.75,23021.25,22998.75,23008.25
1773979200000,23010.25,23023.25,23001.25,23006.75
1773980100000,23008.25,23008.25,22995.75,23002.25
1773981000000,23004.15,23006.25,22995.75,22996.25
1773981900000,22998.25,22998.25,22977.75,22983.75
1773982800000,22983.25,22983.25,22952.75,22969.75
1773983700000,22968.25,22998.75,22966.75,22995.25
1773984600000,22993.25,23002.25,22981.25,22998.25
1773985500000,22997.25,23016.75,22995.25,22999.25
1773986400000,22999.75,23018.75,22991.25,22998.25
1773987300000,22997.25,22998.25,22966.75,22976.25
1773988200000,22977.25,22994.75,22957.15,22967.25
1773989100000,22966.75,22972.75,22942.55,22957.55
1773990000000,22954.05,22954.05,22902.35,22941.35
1773990900000,22942.35,23020.35,22940.35,23012.949999999997
1773991800000,23012.35,23063.35,23008.35,23056.949999999997
1773992700000,23055.95,23076.350000000002,23042.95,23069.350000000002
1773993600000,23062.35,23175.35,23048.35,23172.35
1773994500000,23170.35,23178.35,23082.35,23083.35
1773995400000,23081.35,23138.35,23072.35,23081.35
1773996300000,23080.35,23110.35,23046.35,23056.35
1773997200000,23053.35,23067.649999999998,22998.35,23001.35
1773998100000,23000.35,23001.35,22944.35,22954.35
1773999000000,22955.35,22995.35,22924.35,22953.35
1773999900000,22951.949999999997,22952.35,22836.35,22877.35
1774000800000,22874.35,22883.55,22757.85,22775.35
1774001700000,22774.35,22790.35,22696.35,22750.35
1774002600000,22749.35,22821.35,22733.35,22797.35
1774003500000,22798.35,22804.35,22709.35,22737.35
1774004400000,22734.35,22876.35,22731.35,22839.35
1774005300000,22838.35,22902.35,22825.35,22839.35
1774006200000,22840.35,22891.149999999998,22818.35,22874.35
1774007100000,22875.35,22914.35,22844.35,22903.35
1774008000000,22905.35,22923.149999999998,22857.35,22877.949999999997
1774008900000,22877.35,22905.35,22847.35,22898.35
1774009800000,22897.35,22915.35,22840.35,22891.35
1774010700000,22889.949999999997,22932.35,22874.35,22905.35
1774011600000,22904.35,22916.35,22817.35,22846.35
1774012500000,22847.35,22865.35,22818.35,22828.35
1774013400000,22821.35,22839.35,22742.35,22809.949999999997
1774014300000,22811.35,22826.35,22676.55,22688.35
1774015200000,22686.35,22693.35,22538.35,22548.35
1774016100000,22544.35,22580.35,22512.35,22517.35
1774017000000,22514.35,22568.35,22481.55,22496.95
1774017900000,22496.35,22516.05,22399.35,22438.55
1774018800000,22439.55,22502.350000000002,22418.95,22477.350000000002
1774019700000,22474.949999999997,22531.85,22380.85,22393.449999999997
1774020600000,22391.85,22467.85,22389.05,22439.45
1774021500000,22438.449999999997,22468.85,22413.85,22434.85
1774022400000,22433.85,22490.85,22395.85,22413.85
1774023300000,22412.85,22438.85,22383.85,22392.85
1774024200000,22393.85,22402.85,22319.85,22336.85
1774025100000,22335.85,22347.85,22282.85,22329.85
1774026000000,22328.85,22363.35,22301.35,22314.35
1774026900000,22312.949999999997,22353.75,22303.35,22321.75
1774027800000,22322.75,22337.75,22259.75,22282.35
1774028700000,22282.75,22314.75,22264.75,22307.75
1774029600000,22310.75,22318.75,22262.75,22265.75
1774030500000,22266.350000000002,22275.75,22157.95,22198.75
1774031400000,22197.75,22209.75,22155.35,22163.35
1774032300000,22162.949999999997,22182.35,22157.35,22177.25
1774033200000,22177.45,22203.25,22163.25,22181.25
1774034100000,22180.25,22197.25,22151.25,22159.25
1774035000000,22161.85,22169.25,22090.25,22159.25
1774035900000,22156.25,22208.25,22122.25,22184.25
1774036800000,22183.25,22230.25,22177.25,22224.25
1774037700000,22225.25,22231.25,22186.25,22196.25
1774038600000,22195.25,22199.25,22185.25,22189.25
1774039500000,22190.25,22230.25,22186.25,22212.35
1774216800000,21948.05,21965.51,21911.62,21935.05
1774217700000,21934.05,22056.05,21933.91,22027.05
1774218600000,22028.05,22047.05,21975.05,21980.05
1774219500000,21981.05,22010.05,21981.05,21988.05
1774220400000,21989.05,22030.05,21987.77,22024.05
1774221300000,22025.05,22032.05,21985.05,21986.05
1774222200000,21985.05,21998.19,21974.76,21991.05
1774223100000,21992.05,21992.05,21938.05,21965.04
1774224000000,21966.04,22021.05,21944.05,22014.05
1774224900000,22015.05,22120.95,22014.05,22090.25
1774225800000,22087.75,22095.25,21982.25,22017.65
1774226700000,22014.75,22026.25,21970.75,21991.75
1774227600000,21987.75,22088.75,21975.25,22085.75
1774228500000,22086.75,22159.25,22082.25,22136.75
1774229400000,22134.75,22194.65,22119.75,22192.75
1774230300000,22194.649999999998,22205.649999999998,22159.55,22162.75
1774231200000,22162.25,22181.75,22128.25,22133.25
1774232100000,22132.75,22173.75,22122.25,22142.25
1774233000000,22142.75,22149.25,22093.25,22105.75
1774233900000,22105.25,22108.75,22076.75,22090.75
1774234800000,22088.75,22103.75,22053.75,22058.75
1774235700000,22060.75,22086.75,22053.25,22056.75
1774236600000,22059.75,22067.25,22035.25,22046.75
1774237500000,22046.25,22059.75,22009.25,22017.75
1774238400000,22017.25,22034.25,21997.25,22028.75
1774239300000,22028.25,22043.75,22021.25,22039.25
1774240200000,22036.75,22056.75,22030.25,22031.75
1774241100000,22032.25,22062.25,22030.25,22060.75
1774242000000,22065.75,22101.25,22053.25,22073.75
1774242900000,22072.25,22089.05,22049.25,22056.25
1774243800000,22059.75,22080.05,22015.75,22043.75
1774244700000,22043.75,22045.75,21999.65,22039.75
1774245600000,22040.75,22046.75,21985.65,22000.75
1774246500000,22003.75,22017.75,21989.25,22001.65
1774247400000,22001.25,22004.75,21954.65,21955.25
1774248300000,21954.75,21968.65,21903.65,21925.75
1774249200000,21926.75,22010.85,21914.05,21992.05
1774250100000,21991.05,21998.850000000002,21901.45,21915.850000000002
1774251000000,21917.850000000002,21952.850000000002,21885.45,21925.45
1774251900000,21926.45,21944.850000000002,21866.45,21888.45
1774252800000,21881.05,22001.85,21873.85,21982.85
1774253700000,21982.449999999997,21985.85,21901.85,21907.449999999997
1774254600000,21906.449999999997,21994.85,21879.85,21904.85
1774255500000,21902.85,21994.85,21895.85,21962.85
1774256400000,21962.449999999997,21986.85,21904.85,21960.85
1774257300000,21962.850000000002,22037.850000000002,21944.45,21997.850000000002
1774258200000,21996.850000000002,22004.850000000002,21880.45,21911.850000000002
1774259100000,21910.85,21966.85,21900.85,21920.85
1774260000000,21919.85,21969.85,21897.85,21921.85
1774260900000,21922.85,21926.85,21862.25,21869.25
1774261800000,21868.25,21950.25,21868.25,21915.25
1774262700000,21914.85,21961.25,21855.25,21911.85
1774263600000,21914.25,22487.45,21914.25,22487.45
1774264500000,23025.45,23035.45,22674.45,22807.45
1774265400000,22805.45,23007.45,22711.45,22729.45
1774266300000,22732.45,22749.350000000002,22603.95,22642.95
1774267200000,22638.95,22707.75,22564.95,22577.95
1774268100000,22576.95,22812.850000000002,22570.95,22786.45
1774269000000,22782.25,22896.45,22657.95,22896.45
1774269900000,22895.45,22937.45,22834.45,22883.95
1774270800000,22892.95,22939.75,22818.95,22819.95
1774271700000,22817.95,22843.350000000002,22727.95,22744.95
1774272600000,22745.95,22888.45,22684.95,22787.350000000002
1774273500000,22783.95,22876.350000000002,22781.95,22854.350000000002
1774274400000,22853.95,22925.350000000002,22843.45,22870.350000000002
1774275300000,22869.95,23008.850000000002,22862.95,22919.45
1774276200000,22920.85,22936.85,22812.05,22897.05
1774277100000,22895.45,23005.850000000002,22871.45,22972.45
1774278000000,22977.85,23093.85,22967.05,23056.85
1774278900000,23057.85,23071.85,22961.85,22983.85
1774279800000,22980.05,22998.850000000002,22872.45,22881.850000000002
1774280700000,22880.05,22895.85,22663.05,22677.05
1774281600000,22674.05,22740.45,22660.05,22719.45
1774282500000,22718.05,22730.85,22596.85,22599.85
1774283400000,22596.85,22690.85,22582.85,22687.05
1774284300000,22689.850000000002,22739.45,22669.45,22694.05
1774285200000,22698.45,22747.85,22670.55,22711.55
1774286100000,22712.55,22784.85,22690.05,22776.85
1774287000000,22780.05,22868.850000000002,22778.45,22796.05
1774287900000,22796.55,22822.55,22760.05,22814.05
1774288800000,22813.55,22819.55,22723.05,22802.05
1774289700000,22800.55,22816.05,22779.55,22784.55
1774290600000,22788.05,22888.45,22786.55,22871.45
1774291500000,22871.05,22898.05,22847.05,22847.05
1774292400000,22849.05,22849.05,22820.05,22828.05
1774293300000,22825.05,22832.45,22764.05,22791.45
1774294200000,22790.45,22810.850000000002,22776.45,22796.850000000002
1774295100000,22797.85,22826.85,22728.85,22752.85
1774296000000,22749.85,22751.85,22719.05,22731.05
1774296900000,22732.05,22759.85,22728.05,22746.85
1774297800000,22748.85,22792.85,22733.85,22789.85
1774298700000,22790.85,22792.85,22777.85,22781.949999999997
1774303200000,22778.75,22779.75,22720.75,22770.9
1774304100000,22769.9,22785.32,22758.9,22780.32
1774305000000,22779.32,22794.489999999998,22767.92,22787.62
1774305900000,22788.62,22834.969999999998,22787.62,22831.25
1774306800000,22830.25,22831.25,22806.25,22816.97
1774307700000,22818.97,22827.25,22812.97,22818.25
1774308600000,22817.25,22820.25,22800.11,22818.25
1774309500000,22817.25,22821.25,22780.25,22804.25
1774310400000,22803.25,22805.25,22727.25,22727.25
1774311300000,22730.149999999998,22736.149999999998,22602.85,22661.85
1774312200000,22662.45,22674.850000000002,22547.45,22572.850000000002
1774313100000,22574.850000000002,22601.850000000002,22565.45,22573.45
1774314000000,22575.85,22578.85,22502.85,22508.85
1774314900000,22500.850000000002,22547.95,22463.45,22528.850000000002
1774315800000,22526.45,22528.95,22449.45,22450.95
1774316700000,22451.95,22457.95,22402.25,22449.45
1774317600000,22447.95,22453.95,22395.45,22409.850000000002
1774318500000,22409.45,22491.45,22396.95,22463.45
1774319400000,22464.95,22506.25,22453.95,22495.95
1774320300000,22493.949999999997,22505.449999999997,22451.85,22457.85
1774321200000,22453.449999999997,22460.85,22436.85,22451.85
1774322100000,22453.45,22472.45,22444.45,22463.850000000002
1774323000000,22463.45,22466.850000000002,22410.45,22453.45
1774323900000,22453.85,22477.85,22439.85,22477.449999999997
1774324800000,22480.850000000002,22493.850000000002,22472.45,22481.45
1774325700000,22483.45,22484.850000000002,22439.45,22443.850000000002
1774326600000,22443.45,22450.850000000002,22429.45,22434.850000000002
1774327500000,22435.85,22462.85,22432.85,22438.449999999997
1774328400000,22438.850000000002,22440.850000000002,22387.95,22420.850000000002
1774329300000,22422.850000000002,22480.850000000002,22375.45,22375.45
1774330200000,22375.95,22461.95,22367.95,22442.45
1774331100000,22444.45,22459.95,22430.45,22445.45
1774332000000,22445.95,22489.95,22431.45,22482.45
1774332900000,22482.95,22550.95,22481.45,22537.45
1774333800000,22535.95,22580.45,22531.75,22564.95
1774334700000,22566.45,22586.25,22521.95,22557.45
1774335600000,22561.95,22690.850000000002,22556.95,22682.25
1774336500000,22682.75,22703.75,22655.25,22670.75
1774337400000,22669.75,22677.55,22637.75,22672.55
1774338300000,22671.55,22672.55,22633.75,22645.25
1774339200000,22651.25,22733.55,22631.75,22689.15
1774340100000,22690.25,22700.75,22540.55,22549.25
1774341000000,22538.25,22588.55,22507.25,22522.15
1774341900000,22521.550000000003,22584.550000000003,22469.15,22485.15
1774342800000,22486.149999999998,22526.149999999998,22416.55,22420.55
1774343700000,22418.550000000003,22498.550000000003,22401.15,22483.550000000003
1774344600000,22483.149999999998,22511.55,22445.55,22496.55
1774345500000,22495.55,22592.35,22462.55,22570.55
1774346400000,22572.55,22613.55,22518.55,22598.55
1774347300000,22596.55,22609.55,22542.55,22548.55
1774348200000,22550.55,22634.55,22525.55,22625.55
1774349100000,22624.149999999998,22638.55,22563.55,22582.55
1774350000000,22581.55,22628.55,22549.55,22608.55
1774350900000,22609.55,22613.55,22564.55,22598.55
1774351800000,22599.55,22611.55,22572.55,22586.55
1774352700000,22585.55,22648.55,22500.55,22627.55
1774353600000,22628.55,22640.55,22539.55,22574.55
1774354500000,22579.55,22609.55,22559.55,22562.55
1774355400000,22562.149999999998,22567.55,22434.55,22438.55
1774356300000,22439.55,22479.55,22421.55,22434.55
1774357200000,22430.550000000003,22457.550000000003,22353.15,22437.550000000003
1774358100000,22439.55,22451.55,22378.55,22409.55
1774359000000,22406.550000000003,22459.550000000003,22377.15,22382.75
1774359900000,22384.149999999998,22449.55,22345.55,22449.55
1774360800000,22449.149999999998,22514.55,22424.55,22466.55
1774361700000,22467.55,22494.55,22437.55,22470.149999999998
1774362600000,22469.55,22539.55,22464.55,22522.55
1774363500000,22521.550000000003,22644.15,22448.15,22582.15
1774364400000,22583.55,22630.75,22556.75,22596.15
1774365300000,22597.149999999998,22657.35,22586.55,22618.55
1774366200000,22616.55,22644.55,22590.55,22636.55
1774367100000,22633.55,22674.55,22553.55,22554.149999999998
1774368000000,22553.550000000003,22589.550000000003,22544.15,22571.550000000003
1774368900000,22572.55,22640.55,22570.55,22640.55
1774369800000,22639.55,22662.55,22554.55,22613.55
1774370700000,22614.55,22632.55,22567.55,22592.55
1774371600000,22593.55,22601.75,22480.75,22503.15
1774372500000,22502.149999999998,22539.55,22497.55,22537.149999999998
1774373400000,22535.15,22561.550000000003,22500.15,22504.15
1774374300000,22503.55,22597.55,22500.55,22597.149999999998
1774375200000,22595.75,22626.15,22569.15,22576.15
1774376100000,22575.55,22598.15,22547.75,22584.75
1774377000000,22582.25,22680.15,22578.75,22626.75
1774377900000,22628.149999999998,22649.25,22599.55,22612.75
1774378800000,22612.25,22660.15,22610.75,22653.25
1774379700000,22651.25,22652.550000000003,22603.15,22608.15
1774380600000,22607.550000000003,22614.15,22578.15,22597.550000000003
1774381500000,22596.55,22600.55,22570.55,22577.55
1774382400000,22576.55,22581.55,22560.55,22572.149999999998
1774383300000,22571.15,22935.15,22563.75,22772.75
1774384200000,22772.75,22926.75,22768.75,22837.75
1774385100000,22838.75,22875.75,22762.75,22850.65
1774389600000,22864.95,22904.23,22864.95,22867.95
1774390500000,22865.95,22870.780000000002,22825.95,22844.38
1774391400000,22845.38,22877.52,22845.38,22875.52
1774392300000,22876.52,22884.07,22865.52,22884.07
1774393200000,22883.07,22887.95,22858.95,22872.95
1774394100000,22873.95,22905.66,22872.95,22894.38
1774395000000,22895.38,22900.38,22877.95,22878.95
1774395900000,22877.95,22884.95,22870.95,22879.95
1774396800000,22878.95,22925.95,22860.95,22915.95
1774397700000,22916.95,22939.850000000002,22883.15,22901.65
1774398600000,22900.15,22988.95,22875.65,22960.65
1774399500000,22960.550000000003,22973.65,22939.15,22944.15
1774400400000,22945.65,22986.550000000003,22920.65,22939.65
1774401300000,22938.65,22964.65,22930.65,22942.65
1774402200000,22943.149999999998,22957.649999999998,22913.55,22930.649999999998
1774403100000,22927.65,22946.65,22914.65,22915.65
1774404000000,22916.65,22917.65,22850.15,22862.65
1774404900000,22861.65,22876.65,22852.15,22865.65
1774405800000,22866.15,22867.65,22855.15,22857.15
1774406700000,22858.15,22872.65,22829.15,22838.65
1774407600000,22838.65,22852.15,22825.65,22828.15
1774408500000,22829.65,22842.65,22817.15,22840.65
1774409400000,22840.65,22856.65,22828.15,22839.15
1774410300000,22839.65,22868.95,22839.65,22859.65
1774411200000,22858.15,22887.15,22855.15,22883.15
1774412100000,22883.65,22903.65,22876.15,22893.550000000003
1774413000000,22893.55,22915.649999999998,22893.55,22903.649999999998
1774413900000,22906.15,22925.15,22890.15,22915.15
1774414800000,22915.15,22915.15,22875.65,22901.65
1774415700000,22898.65,22899.15,22870.65,22877.65
1774416600000,22876.15,22915.65,22873.65,22912.65
1774417500000,22911.65,22913.65,22870.15,22879.65
1774418400000,22882.15,22882.15,22839.15,22846.65
1774419300000,22847.65,22870.15,22842.65,22845.65
1774420200000,22847.65,22858.65,22832.15,22850.550000000003
1774421100000,22850.15,22880.15,22846.65,22858.65
1774422000000,22856.15,22865.350000000002,22826.45,22847.350000000002
1774422900000,22846.350000000002,22864.75,22804.45,22827.350000000002
1774423800000,22828.35,22877.75,22815.35,22866.75
1774424700000,22866.350000000002,22922.75,22858.45,22922.350000000002
1774425600000,22927.75,23047.75,22921.45,23027.75
1774426500000,23026.75,23072.75,23004.75,23005.75
1774427400000,23007.75,23062.75,22980.35,23032.75
1774428300000,23033.75,23051.75,22968.75,22985.95
1774429200000,22986.449999999997,23055.75,22963.35,23046.75
1774430100000,23044.75,23060.75,22951.35,22971.75
1774431000000,22972.75,23009.75,22952.75,22955.75
1774431900000,22956.75,23003.75,22915.75,22988.75
1774432800000,22994.35,23031.75,22977.75,22997.75
1774433700000,22995.75,23015.75,22961.75,22966.75
1774434600000,22967.75,23000.75,22951.75,22964.75
1774435500000,22963.75,23020.75,22955.75,22996.75
1774436400000,22997.75,23044.75,22996.75,23023.75
1774437300000,23024.75,23052.75,23011.75,23020.75
1774438200000,23021.75,23053.75,23021.75,23049.75
1774439100000,23048.75,23051.75,22966.35,23033.75
1774440000000,23035.75,23083.75,23026.75,23060.75
1774440900000,23061.75,23065.75,22896.45,22941.95
1774441800000,22941.75,22998.75,22881.75,22966.75
1774442700000,22965.75,23018.75,22950.75,22994.75
1774443600000,22999.75,23039.75,22969.35,23002.75
1774444500000,23003.75,23021.75,22998.75,23013.75
1774445400000,23015.75,23056.75,22983.75,22993.35
1774446300000,22991.35,23010.75,22937.75,22953.35
1774447200000,22952.75,22996.75,22908.75,22995.75
1774448100000,22994.75,23027.75,22951.75,23001.75
1774449000000,23003.75,23028.75,22983.75,22997.75
1774449900000,22998.75,23032.75,22972.75,22980.75
1774450800000,22983.75,22988.75,22872.75,22877.75
1774451700000,22876.75,22951.75,22812.35,22950.75
1774452600000,22951.75,22959.55,22894.75,22931.75
1774453500000,22932.75,22936.75,22894.75,22902.35
1774454400000,22901.95,22914.75,22871.75,22903.75
1774455300000,22902.75,22952.75,22880.75,22948.75
1774456200000,22947.75,22998.75,22939.75,22977.75
1774457100000,22976.75,22981.75,22938.75,22954.75
1774458000000,22953.75,22979.75,22931.35,22960.75
1774458900000,22962.350000000002,22976.75,22932.95,22966.350000000002
1774459800000,22966.95,23005.95,22954.95,22983.75
1774460700000,22983.35,22986.35,22924.75,22940.35
1774461600000,22939.95,22954.75,22929.45,22945.75
1774462500000,22946.75,22962.75,22937.75,22938.75
1774463400000,22941.75,22948.75,22927.35,22936.75
1774464300000,22935.75,22938.75,22866.95,22914.350000000002
1774465200000,22912.95,22932.75,22890.95,22931.75
1774466100000,22930.75,22958.75,22930.75,22939.75
1774467000000,22938.75,22940.75,22906.75,22909.75
1774467900000,22908.75,22931.75,22905.75,22928.75
1774468800000,22929.75,22937.75,22898.75,22912.75
1774469700000,22913.75,22920.75,22898.75,22898.75
1774470600000,22900.75,22913.75,22897.75,22907.75
1774471500000,22908.75,22922.75,22899.75,22915.85
1774476000000,22921.85,22921.85,22889.84,22894.84
1774476900000,22895.84,22895.84,22873.83,22879.83
1774477800000,22880.83,22900.850000000002,22877.83,22899.850000000002
1774478700000,22898.85,22904.85,22875.85,22877.85
1774479600000,22878.85,22893.85,22870.85,22874.85
1774480500000,22873.85,22875.85,22854.85,22870.85
1774481400000,22871.85,22874.85,22854.85,22854.85
1774482300000,22853.85,22884.399999999998,22848.85,22875.85
1774483200000,22876.85,22889.85,22869.85,22889.85
1774484100000,22890.85,22920.55,22868.75,22895.05
1774485000000,22895.55,22907.55,22886.55,22893.05
1774485900000,22895.55,22906.05,22876.55,22888.55
1774486800000,22890.55,22907.55,22883.45,22894.05
1774487700000,22889.55,22894.55,22865.05,22875.05
1774488600000,22873.05,22891.55,22870.05,22874.55
1774489500000,22874.55,22880.55,22863.55,22871.05
1774490400000,22871.55,22889.55,22860.05,22866.55
1774491300000,22868.55,22873.55,22827.05,22830.55
1774492200000,22831.05,22834.55,22758.05,22780.55
1774493100000,22780.05,22795.55,22773.05,22777.05
1774494000000,22773.05,22796.05,22764.05,22796.05
1774494900000,22796.45,22804.55,22783.55,22798.55
1774495800000,22799.55,22857.05,22793.55,22838.05
1774496700000,22838.55,22847.55,22808.05,22815.55
1774497600000,22815.05,22824.55,22797.55,22817.55
1774498500000,22816.55,22833.85,22811.05,22824.05
1774499400000,22824.55,22829.05,22808.55,22817.55
1774500300000,22816.55,22824.55,22803.55,22817.45
1774501200000,22813.05,22828.85,22778.55,22791.05
1774502100000,22790.85,22794.05,22727.55,22741.55
1774503000000,22739.05,22759.05,22727.55,22729.55
1774503900000,22730.55,22733.05,22711.05,22718.05
1774504800000,22716.55,22731.55,22697.05,22711.05
1774505700000,22710.05,22773.45,22704.55,22767.05
1774506600000,22766.05,22782.55,22744.55,22758.55
1774507500000,22759.55,22775.05,22742.45,22768.55
1774508400000,22762.55,22771.35,22709.85,22733.25
1774509300000,22733.649999999998,22752.649999999998,22676.85,22715.649999999998
1774510200000,22715.25,22737.649999999998,22700.35,22717.85
1774511100000,22719.25,22736.649999999998,22704.85,22712.25
1774512000000,22709.850000000002,22776.65,22688.65,22690.65
1774512900000,22693.65,22727.65,22658.65,22663.65
1774513800000,22666.65,22703.65,22639.65,22642.65
1774514700000,22643.65,22705.65,22629.65,22685.65
1774515600000,22684.65,22688.65,22616.65,22638.25
1774516500000,22637.65,22648.65,22599.65,22600.65
1774517400000,22598.65,22599.65,22563.65,22586.65
1774518300000,22587.65,22642.65,22570.65,22627.65
1774519200000,22628.65,22672.65,22599.65,22672.65
1774520100000,22671.65,22699.65,22647.65,22690.65
1774521000000,22691.65,22715.65,22650.65,22651.65
1774521900000,22650.65,22668.65,22634.65,22663.65
1774522800000,22669.65,22695.65,22648.65,22660.65
1774523700000,22659.65,22676.65,22620.65,22641.65
1774524600000,22640.25,22648.65,22594.65,22600.65
1774525500000,22601.65,22610.65,22571.65,22572.65
1774526400000,22574.65,22654.65,22545.65,22645.65
1774527300000,22646.65,22657.65,22611.65,22613.350000000002
1774528200000,22615.350000000002,22621.65,22560.65,22586.65
1774529100000,22588.65,22631.65,22588.65,22613.65
1774530000000,22614.65,22631.65,22573.65,22609.65
1774530900000,22610.65,22626.65,22588.65,22611.65
1774531800000,22608.65,22699.65,22598.65,22699.65
1774532700000,22700.65,22768.65,22691.65,22764.65
1774533600000,22763.65,22770.65,22706.65,22757.65
1774534500000,22758.65,22768.65,22737.65,22739.65
1774535400000,22738.649999999998,22817.649999999998,22695.85,22708.649999999998
1774536300000,22708.25,22733.25,22651.65,22696.65
1774537200000,22700.65,22719.65,22682.25,22702.65
1774538100000,22703.65,22708.65,22657.65,22687.65
1774539000000,22685.25,22689.65,22626.65,22644.65
1774539900000,22645.65,22687.65,22634.65,22652.65
1774540800000,22651.65,22696.65,22645.65,22652.65
1774541700000,22651.65,22652.65,22556.65,22578.65
1774542600000,22579.65,22622.65,22557.65,22610.65
1774543500000,22612.65,22618.65,22588.65,22611.65
1774544400000,22610.65,22650.65,22609.65,22621.65
1774545300000,22620.65,22631.65,22587.65,22608.65
1774546200000,22609.65,22630.65,22585.65,22585.65
1774547100000,22584.65,22592.65,22555.65,22575.850000000002
1774548000000,22576.65,22599.65,22575.65,22588.65
1774548900000,22587.65,22592.65,22575.65,22577.65
1774549800000,22578.65,22609.65,22577.65,22605.65
1774550700000,22604.65,22613.65,22589.65,22606.850000000002
1774551600000,22607.65,22610.65,22538.65,22551.65
1774552500000,22553.65,22572.65,22550.65,22558.65
1774553400000,22559.25,22561.65,22526.65,22530.65
1774554300000,22531.65,22535.65,22509.65,22515.65
1774555200000,22517.850000000002,22883.850000000002,22503.65,22693.850000000002
1774556100000,22696.85,22739.649999999998,22577.35,22639.35
1774557000000,22636.35,22678.85,22630.35,22663.649999999998
1774557900000,22662.65,22672.65,22609.65,22616.75
1774562400000,22635.55,22659.55,22615.55,22658.55
1774563300000,22659.55,22667.55,22620.27,22646.83
1774564200000,22645.829999999998,22674.55,22628.55,22649.52
1774565100000,22648.519999999997,22687.55,22638.85,22667.829999999998
1774566000000,22666.829999999998,22680.829999999998,22657.55,22660.98
1774566900000,22659.98,22681.55,22653.98,22662.55
1774567800000,22663.55,22697.55,22662.55,22690.55
1774568700000,22689.55,22703.55,22682.12,22692.7
1774569600000,22693.7,22720.7,22693.7,22694.55
1774570500000,22654.45,22676.15,22587.25,22597.75
1774571400000,22599.25,22616.550000000003,22564.15,22573.75
1774572300000,22567.15,22591.25,22558.15,22575.25
1774573200000,22573.75,22644.25,22558.15,22641.15
1774574100000,22636.25,22648.75,22615.75,22635.25
1774575000000,22634.75,22653.15,22630.75,22645.25
1774575900000,22644.25,22648.75,22622.75,22647.75
1774576800000,22650.25,22673.25,22648.75,22662.75
1774577700000,22663.25,22668.25,22641.75,22658.75
1774578600000,22660.25,22682.25,22649.15,22671.25
1774579500000,22671.75,22678.55,22655.25,22659.25
1774580400000,22656.75,22668.25,22643.75,22657.75
1774581300000,22657.25,22663.75,22647.75,22662.75
1774582200000,22663.75,22724.05,22663.25,22715.25
1774583100000,22712.75,22715.25,22699.75,22712.75
1774584000000,22713.25,22714.25,22691.75,22702.25
1774584900000,22704.25,22711.25,22691.75,22702.75
1774585800000,22703.15,22725.25,22696.75,22711.75
1774586700000,22712.25,22722.75,22707.25,22714.75
1774587600000,22713.75,22771.25,22713.75,22766.75
1774588500000,22770.25,22773.75,22728.75,22747.75
1774589400000,22749.25,22750.25,22723.25,22726.75
1774590300000,22728.25,22737.75,22718.25,22720.25
1774591200000,22720.75,22720.75,22704.25,22715.25
1774592100000,22715.75,22747.15,22714.75,22730.25
1774593000000,22731.25,22731.25,22705.25,22707.75
1774593900000,22706.75,22708.75,22655.25,22667.15
1774594800000,22666.25,22683.350000000002,22651.95,22677.350000000002
1774595700000,22676.350000000002,22676.350000000002,22634.95,22640.350000000002
1774596600000,22639.350000000002,22649.350000000002,22620.95,22634.95
1774597500000,22634.55,22659.35,22628.05,22642.55
1774598400000,22634.55,22634.55,22532.55,22546.35
1774599300000,22550.35,22555.35,22404.35,22419.35
1774600200000,22418.35,22461.35,22391.35,22434.35
1774601100000,22435.35,22449.35,22365.35,22369.35
1774602000000,22378.35,22380.35,22271.35,22304.35
1774602900000,22303.35,22393.35,22297.35,22369.35
1774603800000,22372.35,22392.35,22339.35,22359.949999999997
1774604700000,22356.35,22357.949999999997,22296.35,22311.35
1774605600000,22310.35,22380.35,22289.35,22325.35
1774606500000,22324.95,22378.350000000002,22320.95,22361.350000000002
1774607400000,22360.35,22378.35,22307.35,22322.35
1774608300000,22321.35,22330.35,22259.35,22266.35
1774609200000,22271.35,22271.35,22203.35,22241.35
1774610100000,22240.35,22303.35,22230.35,22301.35
1774611000000,22300.35,22349.35,22300.35,22342.35
1774611900000,22343.35,22353.35,22298.35,22305.35
1774612800000,22304.35,22308.35,22246.35,22271.35
1774613700000,22272.35,22307.35,22265.35,22289.949999999997
1774614600000,22290.35,22341.35,22281.35,22325.35
1774615500000,22326.35,22353.149999999998,22296.35,22320.35
1774616400000,22324.35,22324.35,22245.35,22259.35
1774617300000,22258.35,22338.35,22258.35,22324.35
1774618200000,22325.35,22343.35,22258.35,22315.949999999997
1774619100000,22316.35,22357.35,22248.35,22271.05
1774620000000,22255.05,22329.149999999998,22255.05,22309.35
1774620900000,22308.949999999997,22358.35,22280.35,22286.35
1774621800000,22285.35,22329.35,22267.55,22285.149999999998
1774622700000,22284.149999999998,22308.35,22256.35,22288.35
1774623600000,22287.35,22355.35,22274.35,22288.35
1774624500000,22287.35,22373.35,22228.55,22338.35
1774625400000,22339.35,22407.35,22335.35,22348.35
1774626300000,22347.35,22378.35,22303.35,22309.35
1774627200000,22311.35,22318.35,22264.35,22304.35
1774628100000,22305.35,22313.35,22280.35,22312.35
1774629000000,22313.35,22323.35,22270.35,22291.949999999997
1774629900000,22292.35,22332.35,22282.05,22301.35
1774630800000,22301.949999999997,22350.35,22276.35,22306.949999999997
1774631700000,22305.949999999997,22312.35,22249.35,22263.35
1774632600000,22262.35,22277.35,22250.35,22253.35
1774633500000,22252.35,22270.35,22240.35,22245.35
1774634400000,22244.35,22251.35,22205.35,22213.35
1774635300000,22214.35,22233.949999999997,22193.35,22218.949999999997
1774636200000,22219.55,22252.95,22210.95,22235.350000000002
1774637100000,22233.949999999997,22238.35,22210.35,22222.35
1774638000000,22221.35,22228.35,22193.35,22209.35
1774638900000,22208.35,22224.35,22191.35,22198.35
1774639800000,22199.35,22209.35,22146.35,22165.35
1774640700000,22164.35,22211.35,22138.35,22191.35
1774641600000,22193.35,22224.949999999997,22168.35,22183.35
1774642500000,22181.95,22186.35,22131.05,22147.35
1774643400000,22150.35,22164.35,22120.35,22143.35
1774644300000,22142.35,22142.35,22089.55,22095.45
1774821600000,22020.35,22021.35,21954.35,22015.21
1774822500000,22016.21,22056.35,22006.35,22035.35
1774823400000,22036.35,22049.35,21991.35,21991.35
1774824300000,21992.35,22040.35,21973.35,22033.35
1774825200000,22034.35,22055.35,22002.35,22008.35
1774826100000,22007.350000000002,22025.49,21997.49,22003.63
1774827000000,22004.63,22007.63,21973.63,21988.63
1774827900000,21989.629999999997,21997.629999999997,21951.35,21967.35
1774828800000,21942.35,21987.35,21935.35,21966.35
1774829700000,21967.35,22109.05,21916.25,22068.55
1774830600000,22065.05,22069.05,21992.05,21994.05
1774831500000,21993.05,22002.55,21928.55,21968.55
1774832400000,21971.05,21987.55,21943.05,21955.05
1774833300000,21953.55,21969.05,21938.55,21952.05
1774834200000,21958.55,22012.05,21952.05,22010.05
1774835100000,22012.05,22027.55,22000.55,22018.05
1774836000000,22015.55,22055.05,22008.55,22052.55
1774836900000,22051.05,22052.05,22023.55,22041.05
1774837800000,22032.55,22079.55,22032.55,22071.05
1774838700000,22072.55,22124.05,22070.55,22098.05
1774839600000,22098.05,22144.55,22091.05,22119.05
1774840500000,22118.55,22157.35,22117.55,22146.05
1774841400000,22145.55,22158.35,22127.55,22149.05
1774842300000,22147.55,22161.55,22133.55,22150.95
1774843200000,22153.55,22166.05,22141.05,22159.05
1774844100000,22161.05,22194.55,22153.55,22187.55
1774845000000,22188.05,22204.95,22155.55,22156.55
1774845900000,22158.05,22162.55,22141.55,22153.05
1774846800000,22152.05,22195.55,22147.55,22171.55
1774847700000,22171.05,22197.95,22167.55,22177.05
1774848600000,22176.05,22195.55,22166.05,22184.35
1774849500000,22184.95,22193.55,22144.55,22145.95
1774850400000,22140.55,22217.149999999998,22134.55,22202.149999999998
1774851300000,22203.35,22241.149999999998,22200.35,22224.75
1774852200000,22223.75,22264.15,22217.75,22253.15
1774853100000,22254.15,22295.15,22243.15,22245.75
1774854000000,22243.75,22300.15,22205.75,22291.15
1774854900000,22292.15,22293.15,22214.15,22232.15
1774855800000,22234.15,22261.15,22204.15,22237.15
1774856700000,22235.15,22279.15,22221.15,22272.850000000002
1774857600000,22270.350000000002,22286.15,22226.15,22277.15
1774858500000,22276.15,22313.15,22270.15,22304.15
1774859400000,22302.15,22348.15,22296.15,22323.15
1774860300000,22322.15,22354.15,22313.15,22350.15
1774861200000,22351.15,22372.15,22327.15,22329.15
1774862100000,22327.15,22328.15,22282.15,22285.15
1774863000000,22286.15,22300.15,22254.15,22259.15
1774863900000,22257.15,22269.15,22235.15,22248.15
1774864800000,22249.15,22277.15,22230.15,22271.15
1774865700000,22272.15,22305.15,22265.15,22291.15
1774866600000,22289.15,22293.15,22258.15,22267.15
1774867500000,22265.75,22312.15,22265.75,22312.15
1774868400000,22313.15,22375.15,22309.15,22351.15
1774869300000,22352.15,22526.850000000002,22344.15,22412.15
1774870200000,22413.15,22419.75,22356.15,22374.15
1774871100000,22373.15,22395.15,22335.15,22356.15
1774872000000,22357.15,22360.15,22323.15,22344.15
1774872900000,22345.15,22385.15,22328.15,22382.15
1774873800000,22383.15,22411.15,22376.15,22404.15
1774874700000,22403.15,22414.15,22385.15,22413.15
1774875600000,22416.15,22430.15,22371.15,22407.15
1774876500000,22408.15,22433.15,22399.15,22418.15
1774877400000,22419.15,22442.15,22365.15,22379.15
1774878300000,22378.15,22393.15,22342.15,22353.15
1774879200000,22355.15,22434.15,22355.15,22418.15
1774880100000,22419.15,22424.15,22376.15,22392.15
1774881000000,22393.15,22451.15,22378.15,22382.15
1774881900000,22381.15,22496.15,22373.15,22496.15
1774882800000,22495.15,22545.350000000002,22467.15,22471.15
1774883700000,22472.15,22516.15,22458.15,22498.15
1774884600000,22500.15,22603.350000000002,22492.15,22596.350000000002
1774885500000,22599.35,22623.35,22578.35,22600.449999999997
1774886400000,22601.45,22604.45,22552.15,22573.15
1774887300000,22572.15,22573.15,22533.15,22536.15
1774888200000,22537.15,22564.15,22532.15,22548.15
1774889100000,22547.75,22549.15,22518.15,22536.15
1774890000000,22537.15,22551.15,22513.15,22515.75
1774890900000,22516.15,22519.15,22463.75,22470.15
1774891800000,22472.15,22499.15,22448.15,22496.15
1774892700000,22495.15,22503.75,22466.15,22481.15
1774893600000,22480.15,22486.15,22459.15,22479.15
1774894500000,22478.15,22494.15,22451.15,22453.15
1774895400000,22454.15,22464.15,22422.15,22436.15
1774896300000,22437.15,22443.15,22393.15,22403.15
1774897200000,22404.15,22407.15,22337.15,22348.15
1774898100000,22347.15,22377.15,22347.15,22374.15
1774899000000,22372.75,22425.15,22372.75,22414.15
1774899900000,22414.75,22457.15,22402.15,22447.25
1774900800000,22450.25,22451.35,22399.35,22404.35
1774901700000,22405.35,22416.35,22399.35,22413.35
1774902600000,22412.35,22418.35,22401.35,22418.35
1774903500000,22417.35,22422.28,22407.28,22421.28
1774908000000,22432.55,22463.55,22423.55,22433.55
1774908900000,22434.55,22449.55,22429.55,22440.55
1774909800000,22441.55,22444.55,22422.55,22430.54
1774910700000,22431.54,22438.54,22422.54,22426.54
1774911600000,22425.54,22425.54,22350.55,22365.54
1774912500000,22366.54,22391.54,22359.54,22376.54
1774913400000,22375.54,22379.54,22354.54,22363.55
1774914300000,22364.55,22375.55,22351.55,22374.55
1774915200000,22373.55,22411.55,22342.55,22354.55
1774916100000,22334.45,22339.45,22289.75,22333.75
1774917000000,22331.25,22454.25,22312.75,22450.75
1774917900000,22450.25,22563.75,22446.75,22524.75
1774918800000,22525.25,22548.25,22461.75,22498.75
1774919700000,22497.75,22640.55,22493.75,22639.25
1774920600000,22638.75,22725.75,22633.75,22707.25
1774921500000,22706.75,22719.25,22679.75,22683.75
1774922400000,22686.25,22693.25,22649.75,22669.25
1774923300000,22667.25,22702.25,22666.75,22677.25
1774924200000,22675.75,22689.15,22649.25,22670.25
1774925100000,22668.75,22708.25,22648.75,22649.25
1774926000000,22650.25,22694.25,22639.75,22670.25
1774926900000,22671.25,22671.75,22628.75,22632.25
1774927800000,22633.25,22645.55,22609.75,22612.25
1774928700000,22610.75,22621.25,22585.75,22591.75
1774929600000,22594.25,22607.25,22590.75,22593.75
1774930500000,22594.25,22611.55,22581.75,22584.25
1774931400000,22582.25,22602.25,22576.75,22584.75
1774932300000,22586.25,22593.25,22561.15,22561.15
1774933200000,22561.55,22573.25,22515.25,22515.25
1774934100000,22511.75,22595.55,22500.75,22582.25
1774935000000,22582.25,22651.15,22576.75,22644.25
1774935900000,22645.15,22726.25,22645.15,22674.550000000003
1774936800000,22662.25,22689.55,22597.95,22617.350000000002
1774937700000,22611.55,22666.35,22599.35,22648.449999999997
1774938600000,22647.05,22650.05,22580.55,22582.05
1774939500000,22582.45,22614.85,22569.05,22585.85
1774940400000,22588.449999999997,22596.85,22492.85,22508.85
1774941300000,22507.85,22550.85,22481.85,22549.85
1774942200000,22548.85,22661.85,22547.85,22660.85
1774943100000,22662.85,22739.85,22656.85,22739.85
1774944000000,22738.85,22769.85,22698.85,22703.85
1774944900000,22702.85,22748.85,22696.85,22713.85
1774945800000,22712.85,22723.85,22669.85,22674.85
1774946700000,22678.850000000002,22710.850000000002,22655.45,22683.850000000002
1774947600000,22682.45,22746.85,22675.05,22713.85
1774948500000,22712.85,22742.85,22692.85,22713.85
1774949400000,22712.85,22734.85,22686.85,22731.85
1774950300000,22730.85,22755.85,22701.85,22725.85
1774951200000,22727.85,22780.649999999998,22724.85,22731.85
1774952100000,22732.85,22736.85,22696.05,22722.85
1774953000000,22723.449999999997,22727.85,22622.85,22631.85
1774953900000,22629.85,22705.35,22614.85,22697.35
1774954800000,22699.35,22854.05,22671.35,22753.55
1774955700000,22754.949999999997,22798.35,22727.35,22738.35
1774956600000,22739.35,22772.35,22704.35,22765.35
1774957500000,22763.949999999997,22764.35,22713.35,22752.35
1774958400000,22756.35,22813.35,22697.35,22701.35
1774959300000,22700.350000000002,22808.95,22688.95,22803.05
1774960200000,22799.05,22808.949999999997,22773.35,22804.35
1774961100000,22803.35,22810.35,22752.35,22756.35
1774962000000,22760.35,22778.35,22728.35,22745.35
1774962900000,22746.35,22799.35,22739.35,22773.35
1774963800000,22777.35,22788.35,22710.35,22729.35
1774964700000,22732.95,22830.350000000002,22732.95,22803.95
1774965600000,22803.55,22805.949999999997,22736.35,22780.35
1774966500000,22778.949999999997,22794.35,22741.35,22788.35
1774967400000,22790.35,22811.35,22702.35,22715.35
1774968300000,22716.35,22728.35,22650.35,22666.35
1774969200000,22669.35,22745.35,22668.35,22742.35
1774970100000,22743.35,22753.35,22627.35,22627.35
1774971000000,22630.35,22688.35,22592.35,22673.35
1774971900000,22670.949999999997,22689.949999999997,22633.35,22640.35
1774972800000,22638.35,22663.35,22623.35,22648.35
1774973700000,22649.35,22679.35,22639.35,22661.35
1774974600000,22662.35,23058.949999999997,22644.35,22943.55
1774975500000,22941.55,22963.55,22820.55,22864.55
1774976400000,22865.95,22947.35,22839.05,22868.05
1774977300000,22866.05,22937.85,22866.05,22896.85
1774978200000,22897.850000000002,22954.850000000002,22877.45,22893.850000000002
1774979100000,22892.45,22919.850000000002,22877.45,22891.850000000002
1774980000000,22894.85,22930.85,22889.85,22914.85
1774980900000,22913.850000000002,22938.45,22899.45,22923.850000000002
1774981800000,22923.45,22946.850000000002,22905.45,22931.850000000002
1774982700000,22932.850000000002,22946.850000000002,22923.45,22939.850000000002
1774983600000,22938.85,22982.85,22926.55,22980.85
1774984500000,22981.85,23005.85,22975.85,22996.85
1774985400000,22997.85,23019.85,22994.85,23013.85
1774986300000,23012.850000000002,23036.850000000002,22997.45,23009.95
1774987200000,23008.05,23019.05,22975.05,23011.05
1774988100000,23010.05,23033.059999999998,23006.05,23028.059999999998
1774989000000,23029.06,23032.98,22996.06,22999.06
1774989900000,23000.06,23007.06,22987.06,22994.06
1774994400000,22979.35,23037.35,22971.35,23031.35
1774995300000,23033.35,23039.35,23010.35,23028.35
1774996200000,23029.35,23037.35,23007.35,23024.35
1774997100000,23025.35,23028.35,23011.35,23026.35
1774998000000,23025.35,23027.35,23010.35,23017.35
1774998900000,23016.35,23040.35,23012.35,23033.35
1774999800000,23032.35,23076.64,23030.35,23049.489999999998
1775000700000,23050.49,23102.480000000003,23046.49,23093.350000000002
1775001600000,23094.35,23104.92,23078.35,23088.07
1775002500000,23087.07,23089.07,23040.05,23052.05
1775003400000,23052.55,23066.95,23025.05,23064.05
1775004300000,23063.05,23076.95,23056.55,23073.55
1775005200000,23074.55,23083.55,23016.55,23035.05
1775006100000,23034.05,23056.05,23019.05,23055.05
1775007000000,23051.05,23056.95,23012.95,23014.350000000002
1775007900000,23013.55,23032.05,23005.05,23023.05
1775008800000,23023.05,23043.05,23016.55,23028.55
1775009700000,23028.95,23032.05,23015.05,23019.05
1775010600000,23018.05,23020.55,23006.05,23019.55
1775011500000,23020.55,23030.05,23008.05,23009.05
1775012400000,23007.05,23021.55,23002.05,23021.05
1775013300000,23020.95,23021.05,23007.05,23019.05
1775014200000,23021.55,23041.55,23021.55,23040.05
1775015100000,23039.05,23042.55,23029.05,23033.05
1775016000000,23032.05,23043.55,23028.05,23035.55
1775016900000,23036.95,23053.55,23033.55,23052.55
1775017800000,23054.35,23057.05,23044.05,23048.55
1775018700000,23048.95,23063.35,23044.05,23058.05
1775019600000,23057.05,23085.35,23052.55,23081.35
1775020500000,23080.35,23102.35,23077.55,23083.95
1775021400000,23084.55,23099.35,23075.05,23096.95
1775022300000,23097.35,23099.35,23077.05,23082.05
1775023200000,23081.95,23158.15,23081.95,23158.15
1775024100000,23156.15,23236.15,23155.15,23228.15
1775025000000,23227.75,23290.15,23217.75,23278.15
1775025900000,23277.75,23287.15,23242.75,23283.75
1775026800000,23289.15,23342.15,23258.15,23269.75
1775027700000,23269.15,23272.15,23216.15,23250.15
1775028600000,23252.15,23309.15,23245.15,23294.15
1775029500000,23295.15,23297.15,23137.15,23144.15
1775030400000,23146.15,23171.15,23100.15,23110.15
1775031300000,23109.15,23216.15,23108.15,23176.15
1775032200000,23174.15,23209.15,23164.15,23181.15
1775033100000,23182.149999999998,23201.149999999998,23108.35,23162.85
1775034000000,23162.850000000002,23193.15,23097.15,23105.15
1775034900000,23104.15,23114.15,23014.15,23072.15
1775035800000,23071.15,23128.15,23070.15,23104.15
1775036700000,23107.15,23177.15,23095.15,23127.15
1775037600000,23126.15,23145.15,23075.15,23108.15
1775038500000,23107.15,23141.15,23093.15,23129.15
1775039400000,23130.15,23164.15,23108.15,23151.15
1775040300000,23150.15,23213.15,23149.15,23206.15
1775041200000,23205.15,23252.15,23199.15,23252.15
1775042100000,23251.15,23271.15,23225.15,23256.15
1775043000000,23258.15,23318.15,23254.15,23302.15
1775043900000,23301.15,23324.15,23295.15,23300.15
1775044800000,23301.15,23309.15,23260.15,23272.350000000002
1775045700000,23273.350000000002,23284.15,23231.15,23255.850000000002
1775046600000,23254.850000000002,23401.850000000002,23217.15,23302.350000000002
1775047500000,23314.350000000002,23343.350000000002,23188.15,23202.15
1775048400000,23203.15,23234.15,23177.15,23222.15
1775049300000,23223.15,23251.15,23210.15,23243.15
1775050200000,23248.15,23287.15,23149.15,23174.350000000002
1775051100000,23176.15,23206.15,23139.15,23178.350000000002
1775052000000,23179.350000000002,23225.15,23168.15,23219.15
1775052900000,23218.15,23276.15,23216.15,23248.15
1775053800000,23247.15,23309.15,23215.15,23276.15
1775054700000,23276.75,23300.15,23263.15,23290.15
1775055600000,23289.15,23321.15,23269.15,23273.15
1775056500000,23274.15,23306.15,23259.15,23262.15
1775057400000,23261.15,23317.15,23247.15,23311.15
1775058300000,23310.15,23372.15,23302.15,23369.15
1775059200000,23370.15,23379.15,23326.15,23332.15
1775060100000,23330.15,23338.15,23310.15,23317.15
1775061000000,23316.15,23347.15,23307.15,23344.15
1775061900000,23345.15,23353.15,23335.15,23349.15
1775062800000,23347.15,23372.15,23343.15,23369.15
1775063700000,23369.75,23370.75,23349.75,23356.15
1775064600000,23355.149999999998,23360.149999999998,23332.85,23336.149999999998
1775065500000,23336.75,23342.15,23302.75,23304.75
1775066400000,23303.15,23308.15,23273.15,23281.75
1775067300000,23282.15,23282.15,23205.15,23210.15
1775068200000,23211.15,23233.15,23177.15,23221.15
1775069100000,23220.75,23228.15,23201.15,23212.75
1775070000000,23214.15,23243.15,23206.15,23242.15
1775070900000,23240.15,23306.15,23239.15,23305.15
1775071800000,23308.15,23341.15,23294.15,23329.15
1775072700000,23328.15,23333.15,23270.15,23302.25
1775073600000,23303.25,23320.35,23291.35,23313.35
1775074500000,23312.35,23316.35,23292.35,23297.35
1775075400000,23296.35,23310.35,23294.35,23300.489999999998
1775076300000,23301.49,23307.49,23290.49,23291.49
1775080800000,23307.15,23324.15,23292.15,23302.15
1775081700000,23301.15,23311.15,23287.15,23308.15
1775082600000,23307.15,23314.15,23298.15,23308.15
1775083500000,23309.149999999998,23311.149999999998,23272.64,23282.149999999998
1775084400000,23283.15,23313.15,23276.15,23309.15
1775085300000,23310.15,23311.15,23296.15,23310.15
1775086200000,23311.15,23311.15,23294.15,23302.15
1775087100000,23303.15,23309.15,23275.15,23294.15
1775088000000,23292.15,23297.010000000002,23275.15,23285.15
1775088900000,23284.149999999998,23306.85,23270.05,23278.35
1775089800000,23277.85,23331.85,23263.85,23328.35
1775090700000,23327.85,23345.85,23319.35,23334.75
1775091600000,23334.75,23336.35,23160.75,23242.75
1775092500000,23242.75,23245.85,23020.75,23044.75
1775093400000,23042.75,23047.75,22960.75,22986.35
1775094300000,22986.85,22998.35,22930.85,22971.35
1775095200000,22970.35,22979.85,22907.35,22910.35
1775096100000,22912.35,22945.35,22903.85,22909.85
1775097000000,22910.85,22928.85,22900.35,22918.85
1775097900000,22918.85,22937.35,22913.35,22926.85
1775098800000,22924.35,22924.85,22884.85,22902.85
1775099700000,22899.85,22923.35,22898.35,22908.85
1775100600000,22906.35,22914.85,22854.85,22881.35
1775101500000,22880.85,22890.85,22855.85,22864.35
1775102400000,22864.85,22881.35,22847.85,22859.35
1775103300000,22859.85,22879.85,22839.85,22839.85
1775104200000,22840.85,22853.85,22827.85,22852.85
1775105100000,22851.85,22864.85,22812.35,22840.85
1775106000000,22837.35,22861.149999999998,22835.85,22841.35
1775106900000,22840.85,22850.35,22819.35,22833.85
1775107800000,22837.85,22871.35,22804.85,22818.85
1775108700000,22819.85,22822.15,22797.75,22804.35
1775109600000,22805.75,22859.95,22805.75,22838.55
1775110500000,22838.95,22877.95,22829.95,22869.55
1775111400000,22868.95,22872.95,22844.55,22857.95
1775112300000,22858.95,22897.95,22831.15,22889.550000000003
1775113200000,22892.95,22961.45,22883.55,22951.45
1775114100000,22948.45,22974.45,22920.45,22958.45
1775115000000,22959.45,22960.45,22923.45,22947.45
1775115900000,22946.45,22995.45,22946.45,22991.45
1775116800000,22994.45,22998.45,22933.45,22957.45
1775117700000,22956.45,22968.45,22923.45,22955.45
1775118600000,22954.45,22982.45,22941.45,22949.45
1775119500000,22954.45,22968.45,22937.45,22953.45
1775120400000,22956.45,22968.45,22892.45,22897.45
1775121300000,22896.45,22935.45,22890.45,22924.45
1775122200000,22927.45,22927.45,22874.45,22888.45
1775123100000,22887.45,22912.45,22877.45,22897.45
1775124000000,22898.45,22902.45,22844.45,22846.45
1775124900000,22845.45,22848.45,22800.45,22805.45
1775125800000,22804.45,22831.45,22781.45,22820.45
1775126700000,22819.45,22832.45,22806.45,22816.45
1775127600000,22815.45,22836.45,22786.45,22795.45
1775128500000,22795.05,22798.45,22741.45,22743.05
1775129400000,22743.45,22764.45,22726.45,22737.45
1775130300000,22735.45,22765.45,22714.45,22715.45
1775131200000,22717.45,22723.45,22668.45,22690.45
1775132100000,22691.45,22764.45,22682.45,22739.65
1775133000000,22740.65,22767.05,22736.45,22750.45
1775133900000,22751.45,22783.45,22747.05,22757.45
1775134800000,22762.45,22795.45,22744.45,22752.45
1775135700000,22754.45,22778.45,22747.05,22775.45
1775136600000,22776.45,22808.45,22761.45,22782.45
1775137500000,22785.45,22895.45,22779.45,22887.45
1775138400000,22890.05,22898.05,22847.45,22882.45
1775139300000,22881.45,22928.45,22880.15,22913.45
1775140200000,22912.45,23249.65,22909.45,23144.45
1775141100000,23147.05,23166.45,23072.45,23136.05
1775142000000,23135.45,23156.45,23097.05,23136.05
1775142900000,23138.45,23162.45,23072.45,23106.45
1775143800000,23108.05,23162.45,23096.45,23138.45
1775144700000,23137.45,23139.05,23067.05,23106.649999999998
1775145600000,23107.649999999998,23131.05,23071.05,23106.149999999998
1775146500000,23105.15,23121.050000000003,23067.65,23103.15
1775147400000,23102.15,23158.45,23090.65,23146.15
1775148300000,23147.149999999998,23159.45,23130.05,23130.05
1775149200000,23131.050000000003,23189.45,23122.65,23185.050000000003
1775150100000,23184.45,23209.050000000003,23176.15,23192.65
1775151000000,23194.050000000003,23202.45,23176.15,23189.65
1775151900000,23191.45,23191.45,23138.15,23160.45
1775152800000,23161.45,23183.45,23158.15,23174.45
1775153700000,23174.65,23182.45,23158.65,23166.15
1775154600000,23165.15,23192.45,23163.15,23184.65
1775155500000,23183.65,23194.65,23178.65,23179.65
1775156400000,23182.050000000003,23200.050000000003,23170.65,23190.15
1775157300000,23188.149999999998,23197.149999999998,23175.05,23180.649999999998
1775158200000,23183.45,23184.05,23169.45,23172.45
1775159100000,23171.45,23213.45,23163.65,23206.550000000003
1775160000000,23207.550000000003,23208.65,23204.65,23206.65
1775520900000,23291.65,23361.75,23264.65,23308.95
1775521800000,23309.45,23318.45,23278.95,23289.45
1775522700000,23289.95,23296.95,23267.45,23273.45
1775523600000,23267.45,23286.350000000002,23221.95,23238.95
1775524500000,23239.95,23258.45,23233.95,23257.95
1775525400000,23254.95,23258.45,23202.95,23214.45
1775526300000,23212.95,23225.95,23163.95,23178.45
1775527200000,23177.45,23180.45,23150.95,23160.45
1775528100000,23159.95,23171.45,23147.95,23161.95
1775529000000,23160.949999999997,23181.949999999997,23157.35,23179.949999999997
1775529900000,23178.95,23199.45,23171.95,23176.45
1775530800000,23176.350000000002,23183.45,23167.95,23169.45
1775531700000,23169.95,23170.45,23154.95,23160.95
1775532600000,23158.95,23171.95,23156.95,23160.95
1775533500000,23160.95,23178.75,23159.95,23162.95
1775534400000,23163.45,23171.45,23143.95,23146.95
1775535300000,23148.45,23178.45,23144.95,23170.45
1775536200000,23169.45,23191.45,23144.45,23145.95
1775537100000,23144.95,23156.95,23131.25,23133.35
1775538000000,23133.45,23149.75,23126.95,23143.45
1775538900000,23140.95,23142.95,23111.95,23117.45
1775539800000,23113.95,23138.95,23105.95,23114.95
1775540700000,23113.95,23138.350000000002,23113.95,23126.95
1775541600000,23125.45,23139.35,23103.55,23104.55
1775542500000,23103.55,23124.75,23087.55,23115.55
1775543400000,23116.15,23119.75,23076.15,23091.550000000003
1775544300000,23090.550000000003,23163.550000000003,23081.15,23159.75
1775545200000,23159.149999999998,23203.55,23137.55,23163.149999999998
1775546100000,23166.149999999998,23170.55,23100.55,23113.55
1775547000000,23117.55,23164.55,23094.55,23149.55
1775547900000,23148.55,23181.55,23110.55,23179.55
1775548800000,23180.55,23296.55,23173.55,23284.55
1775549700000,23282.55,23364.55,23257.55,23344.55
1775550600000,23345.55,23388.55,23335.55,23351.55
1775551500000,23349.55,23368.55,23308.55,23332.55
1775552400000,23331.55,23389.55,23327.55,23363.55
1775553300000,23364.55,23405.55,23348.55,23386.55
1775554200000,23387.55,23413.55,23371.55,23380.55
1775555100000,23381.55,23398.55,23352.55,23377.55
1775556000000,23376.55,23394.55,23184.75,23325.75
1775556900000,23326.15,23357.55,23206.75,23271.75
1775557800000,23272.75,23282.55,23154.25,23205.75
1775558700000,23213.15,23213.15,23098.75,23122.75
1775559600000,23127.55,23165.55,23108.55,23141.55
1775560500000,23143.149999999998,23186.35,23123.55,23128.55
1775561400000,23127.55,23150.149999999998,23076.55,23129.55
1775562300000,23131.55,23131.55,23087.55,23103.55
1775563200000,23102.55,23149.25,23020.25,23073.55
1775564100000,23074.15,23165.15,23042.15,23164.550000000003
1775565000000,23160.25,23168.55,23116.55,23120.55
1775565900000,23123.55,23192.149999999998,23054.55,23088.55
1775566800000,23092.55,23140.15,23068.25,23107.75
1775567700000,23108.149999999998,23127.55,23086.55,23099.55
1775568600000,23103.55,23125.55,23021.55,23025.55
1775569500000,23024.55,23028.55,22936.55,22938.55
1775570400000,22941.550000000003,22944.550000000003,22843.15,22903.15
1775571300000,22903.550000000003,22993.550000000003,22898.15,22979.550000000003
1775572200000,22979.149999999998,23026.55,22960.55,22993.55
1775573100000,22994.55,23046.55,22889.55,22891.55
1775574000000,22892.55,22898.55,22852.55,22863.55
1775574900000,22864.55,22944.55,22861.55,22942.55
1775575800000,22943.55,22946.55,22883.75,22887.15
1775576700000,22886.55,22951.55,22872.55,22915.55
1775577600000,22916.55,23033.55,22910.55,22989.55
1775578500000,22988.55,23030.149999999998,22954.55,23012.75
1775579400000,23010.25,23044.55,23000.25,23024.55
1775580300000,23023.15,23064.55,23021.75,23035.15
1775581200000,23034.55,23064.149999999998,23024.55,23040.149999999998
1775582100000,23040.55,23049.149999999998,22994.55,23005.55
1775583000000,23006.55,23109.55,23005.55,23061.55
1775583900000,23062.15,23086.25,23046.25,23064.15
1775584800000,23064.55,23073.15,23039.75,23061.25
1775585700000,23060.25,23082.550000000003,23058.15,23077.550000000003
1775586600000,23079.15,23081.550000000003,23037.15,23044.550000000003
1775587500000,23045.55,23055.25,23008.55,23021.149999999998
1775588400000,23020.55,23035.25,22990.75,23016.15
1775589300000,23015.75,23181.75,23009.25,23102.25
1775590200000,23098.25,23117.25,23064.75,23104.25
1775591100000,23102.25,23382.75,23093.25,23220.65
1775592000000,23220.75,23254.27,23197.75,23245.27
1775592900000,23247.27,23255.27,23207.27,23219.27
1775593800000,23220.27,23282.83,23220.27,23254.75
1775594700000,23253.75,23270.75,23237.75,23244.75
1775599200000,23386.850000000002,23558.850000000002,23354.77,23471.850000000002
1775600100000,23472.85,23484.85,23452.71,23463.85
1775601000000,23464.85,23728.71,23208.71,23654.989999999998
1775601900000,23651.99,23799.57,23631.81,23792.57
1775602800000,23791.57,23824.559999999998,23749.85,23783.85
1775603700000,23784.85,23858.86,23775.28,23820.85
1775604600000,23819.85,23828.85,23778.57,23780.57
1775605500000,23781.57,23806.85,23772.57,23793.85
1775606400000,23792.85,23814.59,23749.85,23770.85
1775607300000,23769.85,23978.45,23764.71,23947.55
1775608200000,23947.05,23978.55,23900.45,23906.45
1775609100000,23906.45,23957.45,23902.45,23930.45
1775610000000,23931.45,23954.05,23896.45,23940.45
1775610900000,23941.45,23963.45,23920.45,23940.45
1775611800000,23942.05,24020.850000000002,23920.45,23999.45
1775612700000,24000.45,24061.850000000002,24000.45,24056.05
1775613600000,24054.45,24084.45,24048.45,24055.45
1775614500000,24055.45,24071.45,24033.45,24038.45
1775615400000,24041.45,24078.45,24033.45,24034.45
1775616300000,24034.45,24044.850000000002,24022.45,24035.45
1775617200000,24030.45,24048.05,24029.45,24037.55
1775618100000,24040.05,24051.45,24003.55,24006.55
1775619000000,24007.05,24025.45,23996.55,24011.55
1775619900000,24011.05,24025.55,24006.05,24016.05
1775620800000,24020.05,24066.85,24014.55,24066.85
1775621700000,24066.55,24123.05,24054.05,24122.45
1775622600000,24122.85,24138.85,24115.55,24115.55
1775623500000,24113.55,24142.05,24104.55,24110.05
1775624400000,24110.45,24112.45,24028.45,24053.05
1775625300000,24053.45,24108.85,24047.55,24103.55
1775626200000,24104.05,24123.55,24070.55,24104.55
1775627100000,24104.55,24134.55,24075.55,24118.45
1775628000000,24118.55,24251.35,24118.55,24143.25
1775628900000,24140.35,24160.65,24108.25,24110.25
1775629800000,24109.65,24175.65,24082.25,24147.65
1775630700000,24147.25,24197.65,24124.25,24138.25
1775631600000,24140.65,24162.65,23987.65,24000.65
1775632500000,23996.65,24135.65,23985.65,24088.65
1775633400000,24084.65,24084.65,23994.65,23994.65
1775634300000,23995.65,24029.65,23954.65,23967.65
1775635200000,23962.65,23996.65,23932.65,23983.65
1775636100000,23982.65,24006.65,23934.65,23967.65
1775637000000,23966.65,24028.65,23912.65,23948.65
1775637900000,23949.65,23989.85,23945.25,23977.65
1775638800000,23977.25,24021.65,23930.25,24012.65
1775639700000,24012.25,24018.65,23972.65,23980.25
1775640600000,23980.65,24012.65,23895.65,23897.25
1775641500000,23898.25,23983.65,23888.65,23953.850000000002
1775642400000,23955.65,23969.65,23927.65,23958.65
1775643300000,23959.65,24028.65,23931.65,24022.65
1775644200000,24021.65,24074.65,24019.65,24072.65
1775645100000,24073.65,24078.65,24048.65,24056.65
1775646000000,24057.25,24100.65,24030.65,24085.65
1775646900000,24086.649999999998,24152.649999999998,24054.35,24113.25
1775647800000,24112.25,24135.25,24083.25,24117.25
1775648700000,24116.25,24157.65,24101.65,24120.65
1775649600000,24120.25,24166.649999999998,24111.85,24159.25
1775650500000,24155.649999999998,24167.649999999998,24029.35,24109.25
1775651400000,24110.25,24158.649999999998,24104.85,24146.649999999998
1775652300000,24147.25,24178.65,24134.65,24147.65
1775653200000,24148.65,24175.65,24114.65,24129.65
1775654100000,24130.65,24147.65,24109.65,24115.65
1775655000000,24118.25,24130.65,24026.65,24048.850000000002
1775655900000,24050.25,24115.649999999998,24038.85,24083.649999999998
1775656800000,24087.649999999998,24125.85,24051.35,24111.25
1775657700000,24110.25,24128.25,24046.65,24053.65
1775658600000,24052.25,24057.649999999998,24003.85,24009.25
1775659500000,24010.65,24039.65,23969.25,24029.65
1775660400000,24032.25,24049.65,23974.25,24010.65
1775661300000,24011.25,24055.65,23988.65,24023.65
1775662200000,24022.65,24117.65,24017.65,24097.65
1775663100000,24100.65,24120.65,24099.65,24103.65
1775664000000,24104.25,24125.649999999998,24095.35,24102.649999999998
1775664900000,24103.65,24107.65,24065.65,24075.65
1775665800000,24075.850000000002,24090.65,24065.65,24084.65
1775666700000,24083.25,24104.65,24082.25,24091.65
1775667600000,24090.850000000002,24101.65,24060.65,24077.65
1775668500000,24076.25,24084.65,24025.65,24040.25
1775669400000,24039.25,24067.25,24034.25,24057.85
1775670300000,24056.85,24066.649999999998,24047.35,24060.85
1775671200000,24060.649999999998,24085.85,24048.35,24076.25
1775672100000,24076.649999999998,24083.649999999998,23964.35,24013.649999999998
1775673000000,24014.85,24030.65,23969.25,23970.85
1775673900000,23972.25,23982.25,23936.65,23943.65
1775674800000,23941.65,23975.25,23932.65,23964.25
1775675700000,23963.85,23971.65,23927.25,23935.65
1775676600000,23934.65,24002.350000000002,23934.65,23998.65
1775677500000,23997.65,24063.25,23990.25,24045.75
1775678400000,24043.85,24051.85,24014.85,24019.85
1775679300000,24020.85,24031.85,24012.85,24014.85
1775680200000,24013.85,24016.85,24003.85,24004.85
1775681100000,24005.85,24009.85,23997.85,24008.85
1775685600000,24012.25,24043.25,24012.25,24016.25
1775686500000,24017.25,24024.25,23996.24,24001.24
1775687400000,24002.24,24024.36,24002.24,24008.25
1775688300000,24009.25,24013.25,24003.25,24010.25
1775689200000,24009.25,24029.25,24002.25,24019.25
1775690100000,24018.25,24026.25,24005.25,24005.25
1775691000000,24006.25,24009.25,23999.25,24002.25
1775691900000,24003.25,24012.25,23992.25,23998.12
1775692800000,23979.12,23999.12,23959.53,23973.25
1775693700000,23962.15,23973.45,23942.95,23955.45
1775694600000,23955.45,23977.95,23945.95,23946.95
1775695500000,23946.95,23950.95,23916.95,23919.850000000002
1775696400000,23921.850000000002,23932.95,23894.45,23900.95
1775697300000,23899.95,23901.45,23873.25,23885.45
1775698200000,23884.45,23907.95,23869.45,23889.95
1775699100000,23889.45,23917.95,23884.45,23910.45
1775700000000,23909.45,23923.75,23898.95,23905.95
1775700900000,23906.95,23917.95,23893.45,23899.95
1775701800000,23898.45,23922.25,23898.45,23912.95
1775702700000,23914.45,23919.95,23899.95,23901.95
1775703600000,23901.45,23915.95,23898.45,23903.95
1775704500000,23902.95,23912.45,23891.45,23895.45
1775705400000,23895.95,23910.95,23885.25,23892.25
1775706300000,23893.95,23906.45,23877.45,23891.45
1775707200000,23894.95,23904.95,23887.95,23898.95
1775708100000,23899.95,23904.45,23882.45,23888.95
1775709000000,23884.45,23902.25,23879.95,23896.95
1775709900000,23895.95,23906.45,23892.45,23896.95
1775710800000,23896.45,23906.45,23884.95,23891.45
1775711700000,23891.45,23933.45,23891.45,23930.95
1775712600000,23928.95,23973.45,23925.45,23961.95
1775713500000,23960.95,23966.95,23922.95,23938.25
1775714400000,23936.850000000002,23979.05,23931.95,23949.65
1775715300000,23950.050000000003,23956.050000000003,23931.65,23946.050000000003
1775716200000,23948.050000000003,23948.65,23926.65,23932.65
1775717100000,23932.050000000003,23953.050000000003,23900.65,23952.65
1775718000000,23954.05,24015.05,23922.25,23941.05
1775718900000,23937.05,23938.05,23866.05,23891.05
1775719800000,23890.05,23897.05,23842.05,23847.05
1775720700000,23846.05,23857.05,23805.05,23846.05
1775721600000,23849.05,23851.05,23806.05,23815.05
1775722500000,23817.05,23846.05,23790.05,23795.05
1775723400000,23798.05,23814.05,23781.05,23811.05
1775724300000,23812.05,23823.05,23766.05,23771.05
1775725200000,23772.05,23809.05,23754.05,23800.05
1775726100000,23801.05,23823.05,23787.05,23810.05
1775727000000,23809.05,23816.05,23783.05,23786.05
1775727900000,23787.05,23811.05,23787.05,23809.05
1775728800000,23810.05,23824.05,23782.05,23786.05
1775729700000,23787.05,23823.05,23776.05,23808.05
1775730600000,23809.05,23824.05,23791.05,23816.05
1775731500000,23815.05,23822.05,23772.05,23775.05
1775732400000,23778.05,23800.05,23764.25,23771.05
1775733300000,23772.05,23789.05,23760.05,23781.05
1775734200000,23780.05,23838.05,23780.05,23826.05
1775735100000,23828.05,23852.05,23825.05,23837.05
1775736000000,23836.05,23850.05,23817.05,23825.05
1775736900000,23826.05,23840.25,23804.05,23838.75
1775737800000,23839.25,23855.649999999998,23804.05,23811.05
1775738700000,23812.05,23823.05,23770.05,23779.05
1775739600000,23780.05,23789.05,23750.05,23766.05
1775740500000,23767.05,23781.05,23748.05,23777.05
1775741400000,23781.05,23790.05,23732.05,23758.05
1775742300000,23757.05,23760.05,23695.05,23723.05
1775743200000,23721.05,23740.05,23692.05,23721.05
1775744100000,23720.05,23727.05,23680.05,23697.05
1775745000000,23692.05,23723.05,23685.05,23706.05
1775745900000,23705.05,23735.05,23701.05,23716.05
1775746800000,23718.05,23726.05,23677.05,23722.05
1775747700000,23721.05,23777.05,23720.05,23766.05
1775748600000,23768.05,23859.05,23753.05,23832.05
1775749500000,23835.05,23900.05,23821.05,23889.05
1775750400000,23890.05,23949.05,23890.05,23896.05
1775751300000,23897.05,23932.05,23892.05,23903.05
1775752200000,23902.05,23911.05,23876.05,23882.05
1775753100000,23881.05,23905.05,23862.05,23892.649999999998
1775754000000,23893.05,23919.05,23875.25,23915.05
1775754900000,23914.05,23938.05,23909.05,23911.05
1775755800000,23910.05,23943.05,23891.05,23922.05
1775756700000,23923.05,23930.05,23910.05,23919.05
1775757600000,23920.05,23921.05,23853.05,23874.05
1775758500000,23873.05,23896.05,23859.05,23861.05
1775759400000,23863.25,23873.05,23834.05,23856.25
1775760300000,23856.65,23879.050000000003,23849.65,23874.050000000003
1775761200000,23874.649999999998,23907.05,23865.05,23899.05
1775762100000,23898.05,23904.05,23883.05,23898.05
1775763000000,23899.05,23918.05,23895.05,23905.05
1775763900000,23904.05,23916.05,23877.05,23901.149999999998
1775764800000,23898.25,23904.25,23877.25,23886.25
1775765700000,23885.25,23890.26,23879.25,23889.26
1775766600000,23890.26,23901.26,23889.26,23896.26
1775767500000,23895.26,23898.26,23880.26,23890.26
1775772000000,23884.55,23900.55,23875.55,23898.55
1775772900000,23896.55,23901.55,23875.35,23876.35
1775773800000,23878.35,23888.35,23872.35,23878.35
1775774700000,23877.35,23879.55,23860.55,23865.55
1775775600000,23866.55,23870.55,23853.55,23867.55
1775776500000,23868.55,23872.55,23864.55,23864.55
1775777400000,23865.55,23870.55,23863.55,23868.55
1775778300000,23867.55,23885.55,23865.55,23871.55
1775779200000,23866.55,23867.55,23847.26,23858.55
1775780100000,23867.45,23870.25,23846.45,23867.25
1775781000000,23865.75,23874.25,23857.75,23858.75
1775781900000,23856.75,23877.25,23842.15,23862.15
1775782800000,23872.25,23872.75,23847.15,23867.25
1775783700000,23869.75,23877.25,23863.25,23876.25
1775784600000,23875.25,23931.75,23868.75,23925.25
1775785500000,23923.25,23924.25,23901.75,23904.25
1775786400000,23902.75,23906.25,23884.25,23885.75
1775787300000,23887.75,23893.25,23870.25,23886.75
1775788200000,23887.25,23898.25,23880.75,23893.25
1775789100000,23891.25,23897.25,23889.75,23895.25
1775790000000,23896.25,23917.75,23895.25,23912.25
1775790900000,23911.25,23915.55,23881.75,23882.75
1775791800000,23883.15,23910.25,23883.15,23897.550000000003
1775792700000,23898.55,23917.55,23891.25,23899.25
1775793600000,23896.25,23915.55,23886.25,23889.15
1775794500000,23890.55,23922.55,23888.75,23920.75
1775795400000,23922.55,23934.15,23905.75,23918.25
1775796300000,23917.75,23921.25,23904.75,23909.75
1775797200000,23910.75,23928.25,23910.25,23915.75
1775798100000,23915.25,23920.25,23891.75,23891.75
1775799000000,23893.75,23931.35,23882.75,23914.35
1775799900000,23915.15,23921.850000000002,23888.15,23894.350000000002
1775800800000,23893.75,23913.550000000003,23871.15,23874.15
1775801700000,23873.15,23878.350000000002,23856.15,23873.15
1775802600000,23874.15,23884.15,23846.15,23871.15
1775803500000,23872.15,23876.350000000002,23852.15,23862.15
1775804400000,23856.149999999998,23858.149999999998,23818.05,23825.149999999998
1775805300000,23827.15,23862.15,23806.15,23855.15
1775806200000,23856.15,23875.15,23846.15,23855.15
1775807100000,23854.15,23880.15,23836.15,23863.15
1775808000000,23865.149999999998,23872.149999999998,23825.55,23848.149999999998
1775808900000,23846.15,23869.15,23828.15,23857.15
1775809800000,23855.15,23864.15,23837.15,23856.15
1775810700000,23855.15,23860.15,23773.15,23789.15
1775811600000,23791.15,23820.15,23786.15,23808.15
1775812500000,23807.15,23945.350000000002,23800.15,23875.15
1775813400000,23876.15,23918.15,23850.15,23916.15
1775814300000,23915.15,23956.15,23905.15,23938.15
1775815200000,23940.15,23954.15,23890.15,23895.15
1775816100000,23896.15,23988.15,23894.15,23984.15
1775817000000,23987.15,23999.15,23960.15,23972.850000000002
1775817900000,23973.85,24012.85,23969.85,23986.85
1775818800000,23985.85,24031.35,23976.35,23997.35
1775819700000,23996.35,24017.85,23979.85,23991.85
1775820600000,23990.85,23999.85,23978.85,23992.85
1775821500000,23991.85,24000.85,23954.85,23965.85
1775822400000,23966.85,24006.85,23955.85,23992.85
1775823300000,23993.85,24006.85,23979.85,23987.05
1775824200000,23987.05,24050.05,23987.05,24011.85
1775825100000,24012.85,24016.85,23973.85,23977.85
1775826000000,23974.85,24007.85,23962.85,23975.85
1775826900000,23976.85,23990.85,23967.85,23986.85
1775827800000,23989.85,23996.85,23906.85,23917.85
1775828700000,23920.85,23930.85,23874.85,23930.85
1775829600000,23919.55,23962.85,23901.05,23960.85
1775830500000,23961.85,23979.85,23953.85,23975.85
1775831400000,23976.85,23982.85,23881.85,23902.85
1775832300000,23903.85,23909.85,23862.85,23875.85
1775833200000,23874.85,23904.85,23851.05,23891.85
1775834100000,23892.85,23902.85,23855.85,23855.85
1775835000000,23856.85,23868.85,23765.85,23777.85
1775835900000,23775.85,23780.85,23740.85,23747.85
1775836800000,23749.85,23779.85,23736.85,23775.85
1775837700000,23774.85,23783.85,23757.85,23764.85
1775838600000,23765.85,23779.85,23742.85,23750.85
1775839500000,23751.85,23792.85,23746.85,23784.85
1775840400000,23785.85,23786.85,23744.85,23752.85
1775841300000,23751.85,23756.85,23721.85,23724.85
1775842200000,23723.85,23750.85,23717.85,23745.85
1775843100000,23744.85,23778.85,23744.85,23773.85
1775844000000,23774.85,23774.85,23753.85,23761.85
1775844900000,23762.85,23791.85,23762.85,23779.85
1775845800000,23780.85,23789.85,23773.85,23776.85
1775846700000,23775.85,23787.85,23772.85,23786.85
1775847600000,23787.85,23803.85,23783.85,23801.85
1775848500000,23800.85,23801.85,23788.85,23788.85
1775849400000,23786.85,23791.85,23772.85,23788.85
1775850300000,23789.85,23808.85,23783.85,23794.949999999997
1775851200000,23794.95,23798.91,23780.91,23797.91
1775852100000,23798.91,23809.62,23796.62,23804.62
1775853000000,23803.62,23818.62,23802.62,23816.62
1775853900000,23817.62,23831.77,23809.62,23829.77
1776031200000,23466.85,23499.85,23454.35,23479.71
1776032100000,23480.71,23480.71,23416.85,23418.85
1776033000000,23419.85,23444.85,23406.85,23430.85
1776033900000,23433.850000000002,23446.850000000002,23426.9,23444.850000000002
1776034800000,23443.85,23444.85,23421.85,23429.85
1776035700000,23430.85,23434.85,23420.85,23429.42
1776036600000,23428.42,23432.42,23415.42,23423.129999999997
1776037500000,23422.13,23464.850000000002,23413.56,23462.850000000002
1776038400000,23398.07,23466.7,23398.07,23465.55
1776039300000,23466.55,23510.05,23423.55,23488.55
1776040200000,23497.55,23544.05,23496.55,23531.55
1776041100000,23533.05,23575.05,23528.05,23566.05
1776042000000,23565.05,23575.55,23552.55,23567.05
1776042900000,23564.05,23566.55,23550.55,23565.05
1776043800000,23563.05,23571.95,23548.05,23551.55
1776044700000,23551.05,23558.55,23532.05,23554.05
1776045600000,23554.05,23560.55,23520.05,23529.05
1776046500000,23528.05,23531.55,23514.55,23514.55
1776047400000,23518.05,23532.05,23518.05,23528.05
1776048300000,23526.55,23542.05,23518.05,23537.05
1776049200000,23542.05,23543.05,23502.55,23509.05
1776050100000,23510.05,23523.95,23504.55,23511.05
1776051000000,23510.05,23518.35,23498.05,23515.05
1776051900000,23515.05,23519.649999999998,23492.05,23510.649999999998
1776052800000,23509.649999999998,23520.649999999998,23496.55,23499.05
1776053700000,23498.05,23514.649999999998,23494.55,23510.149999999998
1776054600000,23511.149999999998,23518.95,23503.05,23514.95
1776055500000,23513.45,23538.350000000002,23505.45,23520.05
1776056400000,23521.55,23524.55,23502.45,23507.05
1776057300000,23506.55,23509.05,23489.45,23499.05
1776058200000,23502.05,23504.55,23484.55,23491.55
1776059100000,23492.55,23506.85,23482.55,23486.55
1776060000000,23492.550000000003,23531.25,23477.65,23482.65
1776060900000,23485.65,23546.45,23483.65,23535.65
1776061800000,23536.65,23536.65,23497.25,23505.25
1776062700000,23506.65,23521.65,23491.65,23516.65
1776063600000,23520.65,23587.15,23516.65,23583.15
1776064500000,23578.15,23584.15,23552.15,23576.15
1776065400000,23577.15,23586.15,23543.15,23584.15
1776066300000,23588.15,23598.15,23568.15,23587.15
1776067200000,23586.15,23622.15,23564.15,23571.15
1776068100000,23572.15,23614.15,23564.15,23594.15
1776069000000,23595.15,23606.15,23556.15,23570.15
1776069900000,23569.15,23584.15,23558.15,23582.15
1776070800000,23590.15,23618.15,23589.15,23600.15
1776071700000,23599.15,23619.15,23588.15,23588.15
1776072600000,23587.15,23597.15,23562.15,23567.15
1776073500000,23568.15,23570.15,23541.15,23568.15
1776074400000,23572.15,23596.15,23565.15,23596.15
1776075300000,23595.15,23595.15,23572.15,23581.15
1776076200000,23582.15,23589.15,23566.15,23570.15
1776077100000,23571.15,23587.15,23558.15,23579.15
1776078000000,23589.15,23615.15,23571.15,23576.15
1776078900000,23575.15,23585.15,23541.15,23549.15
1776079800000,23550.15,23565.15,23508.15,23539.15
1776080700000,23538.15,23550.15,23493.15,23501.15
1776081600000,23502.15,23541.15,23485.15,23536.15
1776082500000,23537.15,23543.15,23523.15,23530.15
1776083400000,23531.15,23538.15,23515.15,23520.15
1776084300000,23521.15,23557.15,23520.15,23556.15
1776085200000,23558.15,23574.15,23553.15,23574.15
1776086100000,23573.15,23603.15,23568.15,23597.15
1776087000000,23595.15,23610.15,23574.15,23607.15
1776087900000,23609.15,23753.15,23600.15,23730.15
1776088800000,23728.15,23728.15,23694.15,23713.15
1776089700000,23714.15,23737.15,23687.15,23730.15
1776090600000,23731.15,23751.15,23726.15,23746.15
1776091500000,23747.15,23763.15,23705.15,23750.15
1776092400000,23751.15,23767.15,23714.15,23752.15
1776093300000,23753.15,23759.15,23734.15,23750.15
1776094200000,23749.15,23758.15,23720.15,23721.15
1776095100000,23713.15,23736.15,23711.15,23733.15
1776096000000,23734.15,23784.15,23719.15,23761.15
1776096900000,23764.15,23837.15,23758.15,23822.15
1776097800000,23821.15,23862.350000000002,23813.15,23845.75
1776098700000,23845.149999999998,23904.75,23840.35,23868.149999999998
1776099600000,23867.15,23891.15,23864.15,23889.15
1776100500000,23888.15,23903.15,23878.15,23891.15
1776101400000,23890.15,23894.15,23879.15,23883.15
1776102300000,23882.15,23886.15,23872.15,23880.15
1776103200000,23881.15,23912.15,23880.15,23908.15
1776104100000,23909.15,23909.15,23883.15,23890.15
1776105000000,23889.15,23897.15,23887.15,23896.15
1776105900000,23897.15,23922.15,23897.15,23914.15
1776106800000,23915.15,23925.15,23896.15,23901.15
1776107700000,23902.15,23914.15,23897.15,23908.15
1776108600000,23907.15,23919.15,23897.15,23901.15
1776109500000,23900.15,23954.25,23888.15,23950.25
1776110400000,23950.25,23955.23,23930.78,23943.94
1776111300000,23944.94,23953.98,23936.94,23946.23
1776112200000,23947.23,23958.23,23946.23,23955.23
1776113100000,23956.23,23965.23,23955.23,23960.23
1776117600000,23950.75,23974.75,23949.75,23960.75
1776118500000,23959.75,23963.75,23952.75,23955.75
1776119400000,23954.75,23964.75,23953.75,23956.75
1776120300000,23957.75,23967.75,23952.75,23961.75
1776121200000,23962.75,23979.75,23956.75,23968.75
1776122100000,23969.75,23993.75,23968.75,23987.75
1776123000000,23986.75,23992.75,23982.75,23989.75
1776123900000,23990.75,23998.75,23975.75,23975.75
1776124800000,23976.75,23990.75,23954.33,23960.75
1776125700000,23959.75,23959.75,23928.65,23932.45
1776126600000,23932.45,23946.95,23928.95,23934.45
1776127500000,23933.45,23938.45,23926.95,23930.45
1776128400000,23927.95,23930.45,23912.95,23926.45
1776129300000,23925.45,23926.45,23913.95,23917.45
1776130200000,23915.95,23916.95,23894.45,23908.45
1776131100000,23907.45,23919.95,23899.45,23901.45
1776132000000,23900.45,23910.95,23892.95,23908.45
1776132900000,23908.95,23922.45,23898.45,23904.45
1776133800000,23903.45,23904.45,23893.45,23898.45
1776134700000,23899.45,23907.75,23890.45,23896.95
1776135600000,23894.95,23902.95,23886.95,23896.45
1776136500000,23896.35,23896.95,23882.75,23884.95
1776137400000,23884.45,23893.75,23879.95,23880.95
1776138300000,23881.45,23892.45,23879.95,23887.45
1776139200000,23887.45,23896.850000000002,23885.45,23890.95
1776140100000,23889.95,23903.25,23888.95,23890.850000000002
1776141000000,23890.949999999997,23896.85,23883.85,23889.949999999997
1776141900000,23890.95,23897.95,23884.95,23888.45
1776142800000,23886.95,23900.45,23885.45,23899.850000000002
1776143700000,23898.850000000002,23907.25,23886.95,23896.25
1776144600000,23895.25,23897.45,23872.75,23889.25
1776145500000,23888.25,23925.25,23883.85,23912.85
1776146400000,23912.45,23925.050000000003,23906.65,23918.050000000003
1776147300000,23917.05,23937.85,23905.25,23920.05
1776148200000,23919.05,23952.05,23912.05,23946.05
1776149100000,23945.050000000003,23956.050000000003,23911.65,23950.65
1776150000000,23953.05,24022.05,23910.05,23997.05
1776150900000,23998.05,24010.05,23967.05,24003.05
1776151800000,24004.05,24027.05,23990.05,24001.05
1776152700000,24002.05,24012.05,23972.05,24007.05
1776153600000,24006.05,24021.05,23977.05,24005.05
1776154500000,24006.05,24019.05,23985.05,24002.05
1776155400000,24003.05,24018.05,23982.05,24000.05
1776156300000,24001.05,24048.05,23997.05,24044.05
1776157200000,24042.05,24063.05,24019.55,24029.55
1776158100000,24030.55,24032.55,23986.55,23990.55
1776159000000,23989.55,23992.55,23962.55,23972.55
1776159900000,23971.55,23984.55,23951.55,23982.55
1776160800000,23981.55,23986.55,23961.55,23975.55
1776161700000,23974.55,23996.55,23969.55,23977.55
1776162600000,23976.55,23981.55,23944.55,23948.55
1776163500000,23949.55,23971.55,23945.55,23961.55
1776164400000,23959.55,23981.55,23952.55,23959.55
1776165300000,23958.55,24002.55,23949.55,23991.55
1776166200000,23992.55,23998.55,23978.55,23981.55
1776167100000,23982.55,24059.149999999998,23971.55,24017.149999999998
1776168000000,24018.55,24032.55,23998.55,24009.55
1776168900000,24008.55,24041.55,23996.55,24036.75
1776169800000,24037.75,24105.149999999998,24013.55,24036.55
1776170700000,24035.55,24042.55,24011.55,24031.55
1776171600000,24030.55,24049.55,24017.55,24045.55
1776172500000,24043.55,24061.55,24036.55,24041.55
1776173400000,24040.55,24069.55,24021.55,24057.55
1776174300000,24055.55,24072.55,24035.55,24062.55
1776175200000,24061.55,24098.55,24048.55,24097.55
1776176100000,24098.55,24099.55,24050.55,24063.55
1776177000000,24062.55,24082.55,24048.55,24070.55
1776177900000,24069.55,24081.55,24064.55,24065.55
1776178800000,24066.55,24068.55,24013.55,24014.55
1776179700000,24015.55,24067.55,24007.55,24045.55
1776180600000,24047.55,24084.55,24037.55,24072.55
1776181500000,24073.55,24084.55,24066.55,24071.45
1776182400000,24071.55,24083.55,24068.55,24075.55
1776183300000,24074.55,24093.55,24068.55,24081.55
1776184200000,24080.55,24081.55,24053.55,24057.55
1776185100000,24058.550000000003,24062.550000000003,24036.15,24040.550000000003
1776186000000,24041.55,24055.55,24041.55,24051.55
1776186900000,24052.149999999998,24072.55,24050.55,24059.55
1776187800000,24058.55,24069.55,24058.55,24068.55
1776188700000,24067.55,24068.55,24051.55,24056.55
1776189600000,24058.55,24077.55,24057.55,24071.55
1776190500000,24070.55,24073.55,24035.55,24053.55
1776191400000,24052.55,24061.55,24048.55,24049.55
1776192300000,24048.55,24058.55,24044.55,24057.55
1776193200000,24056.55,24070.55,24054.55,24067.55
1776194100000,24068.55,24077.55,24068.55,24077.55
1776195000000,24076.55,24076.55,24048.55,24059.55
1776195900000,24058.55,24076.55,24047.55,24062.649999999998
1776196800000,24062.65,24062.65,24040.75,24051.75
1776197700000,24050.75,24058.9,24048.75,24057.75
1776198600000,24056.75,24062.75,24051.75,24056.75
1776199500000,24055.75,24060.75,24052.75,24054.75
1776204000000,24052.05,24074.05,24046.05,24065.05
1776204900000,24064.05,24075.05,24064.05,24068.05
1776205800000,24067.05,24070.05,24058.05,24068.05
1776206700000,24066.05,24072.05,24057.05,24059.05
1776207600000,24058.05,24073.05,24057.05,24064.05
1776208500000,24065.05,24075.77,24064.05,24070.77
1776209400000,24069.77,24092.77,24065.77,24086.04
1776210300000,24087.04,24110.03,24081.89,24082.89
1776211200000,24086.89,24092.89,24072.05,24078.05
1776212100000,24077.05,24077.05,24053.75,24062.75
1776213000000,24064.75,24064.75,24042.75,24045.75
1776213900000,24047.25,24054.75,24038.75,24052.75
1776214800000,24053.75,24066.75,24039.75,24061.75
1776215700000,24061.25,24069.75,24052.25,24060.75
1776216600000,24059.75,24059.75,24036.75,24044.75
1776217500000,24043.25,24056.75,24043.25,24048.75
1776218400000,24047.25,24049.75,24031.75,24036.25
1776219300000,24038.75,24042.75,24030.25,24033.75
1776220200000,24034.75,24034.75,24016.75,24025.75
1776221100000,24027.75,24034.75,24022.75,24025.75
1776222000000,24026.75,24037.05,24020.75,24025.75
1776222900000,24025.75,24033.25,24017.25,24018.75
1776223800000,24019.75,24040.05,24018.75,24035.75
1776224700000,24034.75,24049.65,24031.75,24040.25
1776225600000,24039.75,24046.25,24037.75,24043.75
1776226500000,24042.25,24051.05,24038.05,24040.25
1776227400000,24038.75,24041.25,24023.75,24027.75
1776228300000,24027.75,24028.75,24017.65,24019.75
1776229200000,24019.65,24059.25,24005.75,24030.65
1776230100000,24031.25,24032.65,23988.75,24005.75
1776231000000,24007.75,24012.25,23994.75,24003.75
1776231900000,24004.75,24032.25,23998.75,24027.05
1776232800000,24028.05,24046.850000000002,24025.45,24042.45
1776233700000,24041.05,24066.85,24039.05,24058.85
1776234600000,24055.45,24084.850000000002,24055.45,24082.850000000002
1776235500000,24082.449999999997,24088.85,24065.85,24076.85
1776236400000,24072.85,24101.85,24049.85,24076.85
1776237300000,24078.85,24081.85,24048.85,24057.85
1776238200000,24058.85,24074.85,24050.85,24063.85
1776239100000,24062.85,24066.85,24036.85,24053.85
1776240000000,24054.85,24060.85,24020.85,24044.85
1776240900000,24045.85,24078.85,24037.85,24076.85
1776241800000,24075.85,24111.85,24059.85,24094.85
1776242700000,24093.85,24109.85,24090.85,24097.85
1776243600000,24096.85,24109.85,24035.85,24064.85
1776244500000,24063.85,24075.85,24035.85,24039.85
1776245400000,24040.85,24069.85,24040.85,24057.85
1776246300000,24058.85,24066.85,24046.85,24051.85
1776247200000,24053.85,24093.85,24045.85,24071.85
1776248100000,24069.85,24069.85,24000.85,24010.85
1776249000000,24009.85,24065.85,24004.85,24055.85
1776249900000,24054.85,24071.85,24031.85,24042.85
1776250800000,24043.85,24061.85,24030.85,24054.85
1776251700000,24053.85,24060.85,24037.85,24045.85
1776252600000,24046.85,24076.85,24044.85,24064.85
1776253500000,24063.85,24145.55,24052.05,24074.85
1776254400000,24073.85,24082.85,24034.85,24068.85
1776255300000,24069.85,24075.85,24051.85,24065.05
1776256200000,24065.449999999997,24070.85,24039.85,24068.85
1776257100000,24067.85,24076.85,24058.85,24064.85
1776258000000,24062.85,24082.85,24050.85,24064.85
1776258900000,24065.85,24096.85,24057.85,24091.85
1776259800000,24094.85,24125.85,24066.85,24076.85
1776260700000,24077.85,24110.85,24077.85,24109.85
1776261600000,24108.85,24114.85,24082.85,24100.85
1776262500000,24098.85,24126.85,24076.85,24119.85
1776263400000,24120.85,24122.85,24065.85,24081.85
1776264300000,24080.85,24102.85,24074.85,24096.85
1776265200000,24097.85,24114.85,24077.85,24091.85
1776266100000,24088.85,24108.85,24073.85,24091.85
1776267000000,24092.85,24099.85,24068.85,24076.85
1776267900000,24077.85,24077.85,24054.85,24061.85
1776268800000,24060.85,24075.85,24051.85,24072.85
1776269700000,24071.85,24088.85,24070.85,24083.85
1776270600000,24085.85,24086.85,24024.85,24032.85
1776271500000,24033.85,24048.85,24022.85,24038.85
1776272400000,24037.85,24060.85,24036.85,24051.85
1776273300000,24053.85,24063.85,24052.85,24055.85
1776274200000,24056.85,24070.85,24051.85,24055.85
1776275100000,24056.85,24058.85,24046.85,24050.85
1776276000000,24049.85,24090.85,24040.85,24078.85
1776276900000,24079.85,24087.85,24074.85,24079.85
1776277800000,24080.85,24092.85,24078.85,24084.85
1776278700000,24085.85,24103.85,24084.85,24098.85
1776279600000,24099.85,24103.85,24087.85,24090.85
1776280500000,24091.85,24110.85,24085.85,24109.85
1776281400000,24106.85,24106.85,24080.85,24088.85
1776282300000,24087.85,24105.449999999997,24073.85,24074.949999999997
1776283200000,24072.95,24078.05,24049.98,24054.98
1776284100000,24055.98,24069.98,24054.98,24061.12
1776285000000,24060.12,24074.16,24059.12,24066.16
1776285900000,24067.16,24072.16,24059.16,24065.15
1776290400000,24071.35,24094.94,24062.35,24088.35
1776291300000,24089.35,24095.35,24081.35,24093.35
1776292200000,24094.35,24108.35,24094.35,24100.35
1776293100000,24099.35,24107.35,24099.14,24107.14
1776294000000,24106.14,24112.14,24100.14,24103.14
1776294900000,24102.14,24108.14,24099.14,24101.14
1776295800000,24100.14,24112.14,24100.14,24110.14
1776296700000,24109.14,24127.14,24108.14,24119.14
1776297600000,24123.14,24128.14,24109.14,24123.14
1776298500000,24119.25,24152.85,24111.25,24127.55
1776299400000,24131.05,24144.35,24126.55,24139.05
1776300300000,24137.05,24153.55,24134.55,24143.05
1776301200000,24142.05,24145.55,24117.55,24128.05
1776302100000,24129.05,24130.55,24113.05,24119.05
1776303000000,24114.55,24125.35,24104.05,24118.55
1776303900000,24118.05,24119.05,24107.05,24111.05
1776304800000,24111.05,24127.55,24111.05,24116.05
1776305700000,24113.55,24124.35,24109.05,24112.55
1776306600000,24113.55,24132.35,24112.55,24128.95
1776307500000,24129.55,24131.55,24119.05,24125.05
1776308400000,24124.05,24153.35,24122.55,24138.05
1776309300000,24139.05,24140.45,24123.45,24131.45
1776310200000,24134.45,24138.45,24115.45,24124.05
1776311100000,24125.45,24131.55,24119.05,24119.55
1776312000000,24123.05,24131.85,24108.05,24126.05
1776312900000,24126.05,24135.35,24114.55,24117.95
1776313800000,24118.35,24130.35,24112.05,24120.05
1776314700000,24119.05,24137.35,24116.55,24129.55
1776315600000,24129.05,24133.05,24117.05,24130.95
1776316500000,24125.05,24145.35,24125.05,24137.05
1776317400000,24136.05,24154.95,24128.55,24134.05
1776318300000,24135.55,24148.35,24126.05,24147.55
1776319200000,24148.95,24179.15,24145.95,24176.15
1776320100000,24173.75,24188.15,24163.15,24180.15
1776321000000,24182.15,24185.15,24154.15,24163.75
1776321900000,24163.15,24165.15,24143.15,24161.15
1776322800000,24158.15,24161.15,24061.15,24074.15
1776323700000,24075.15,24114.15,24070.15,24107.15
1776324600000,24106.15,24128.15,24095.15,24109.15
1776325500000,24110.15,24113.15,24092.15,24103.15
1776326400000,24101.15,24108.15,24066.15,24070.15
1776327300000,24071.15,24094.15,24056.15,24075.15
1776328200000,24073.149999999998,24100.149999999998,24069.05,24097.149999999998
1776329100000,24098.15,24124.15,24093.15,24118.15
1776330000000,24116.15,24143.15,24110.15,24131.15
1776330900000,24134.15,24154.65,24133.65,24145.65
1776331800000,24146.65,24157.65,24136.65,24149.65
1776332700000,24148.65,24151.65,24136.65,24150.65
1776333600000,24151.65,24182.65,24147.65,24179.65
1776334500000,24180.65,24196.65,24173.65,24190.65
1776335400000,24189.65,24197.65,24172.65,24190.65
1776336300000,24189.65,24197.15,24168.65,24195.15
1776337200000,24196.15,24212.15,24192.15,24200.15
1776338100000,24201.15,24208.15,24183.15,24196.15
1776339000000,24197.15,24217.15,24197.15,24214.15
1776339900000,24213.15,24234.15,24209.15,24231.15
1776340800000,24232.15,24249.15,24205.15,24222.15
1776341700000,24221.15,24224.15,24204.15,24220.15
1776342600000,24219.15,24231.15,24206.15,24223.15
1776343500000,24222.15,24239.15,24213.15,24235.15
1776344400000,24238.15,24246.15,24216.15,24235.15
1776345300000,24233.75,24252.15,24231.15,24248.15
1776346200000,24247.15,24259.15,24181.15,24191.15
1776347100000,24190.15,24191.15,24090.15,24140.15
1776348000000,24141.15,24178.15,24120.15,24159.15
1776348900000,24160.15,24166.15,24101.15,24124.15
1776349800000,24123.15,24150.15,24109.15,24135.15
1776350700000,24134.15,24154.15,24122.15,24128.15
1776351600000,24129.15,24176.15,24128.15,24166.15
1776352500000,24165.15,24181.15,24147.15,24148.15
1776353400000,24144.15,24196.15,24132.15,24157.15
1776354300000,24160.15,24174.15,24151.75,24164.15
1776355200000,24165.15,24172.15,24151.15,24156.15
1776356100000,24157.15,24165.15,24140.15,24147.15
1776357000000,24148.15,24150.15,24091.15,24109.75
1776357900000,24110.15,24125.15,24087.15,24089.15
1776358800000,24090.15,24090.15,24056.15,24057.15
1776359700000,24056.15,24087.15,24051.15,24076.15
1776360600000,24075.15,24096.15,24075.15,24086.15
1776361500000,24085.15,24096.15,24074.75,24086.15
1776362400000,24087.15,24106.15,24072.15,24090.15
1776363300000,24092.15,24099.15,24078.15,24080.15
1776364200000,24079.15,24101.15,24079.15,24100.15
1776365100000,24099.15,24112.15,24096.15,24109.15
1776366000000,24110.15,24122.15,24095.15,24098.15
1776366900000,24099.15,24107.15,24099.15,24100.15
1776367800000,24101.15,24110.15,24097.15,24104.15
1776368700000,24105.15,24115.15,24098.15,24100.25
1776369600000,24100.25,24104.35,24088.92,24092.92
1776370500000,24091.92,24100.92,24091.92,24099.92
1776371400000,24098.92,24108.859999999997,24095.92,24107.859999999997
1776372300000,24106.86,24112.86,24104.86,24105.86
1776376800000,24107.05,24131.05,24106.05,24128.05
1776377700000,24127.05,24137.079999999998,24123.92,24135.079999999998
1776378600000,24136.079999999998,24142.36,24132.05,24135.05
1776379500000,24136.05,24139.05,24131.05,24132.05
1776380400000,24131.05,24140.05,24129.05,24130.05
1776381300000,24129.05,24147.05,24129.05,24136.05
1776382200000,24135.05,24146.05,24132.05,24140.05
1776383100000,24141.05,24141.05,24133.05,24135.05
1776384000000,24138.05,24143.05,24124.05,24125.05
1776384900000,24126.050000000003,24145.050000000003,24102.65,24145.050000000003
1776385800000,24144.05,24170.25,24144.05,24164.75
1776386700000,24165.25,24178.25,24164.75,24169.75
1776387600000,24166.25,24175.75,24144.25,24161.75
1776388500000,24161.25,24168.25,24144.75,24155.75
1776389400000,24154.25,24165.05,24149.25,24161.25
1776390300000,24157.75,24165.25,24149.75,24161.75
1776391200000,24160.75,24168.05,24151.25,24160.75
1776392100000,24159.25,24171.65,24154.25,24157.25
1776393000000,24156.25,24169.25,24154.75,24160.75
1776393900000,24165.75,24168.75,24152.75,24156.75
1776394800000,24155.75,24161.05,24144.25,24144.25
1776395700000,24144.75,24157.05,24137.25,24138.25
1776396600000,24137.75,24140.75,24125.75,24135.25
1776397500000,24135.75,24143.25,24132.75,24133.75
1776398400000,24135.75,24148.05,24125.25,24139.75
1776399300000,24140.75,24156.05,24136.25,24151.05
1776400200000,24148.65,24151.25,24133.75,24148.75
1776401100000,24148.65,24160.65,24143.25,24152.75
1776402000000,24153.75,24153.75,24133.65,24142.65
1776402900000,24143.65,24151.05,24132.25,24147.25
1776403800000,24145.25,24162.75,24143.25,24153.25
1776404700000,24151.25,24177.65,24151.25,24160.25
1776405600000,24161.649999999998,24176.85,24153.05,24159.85
1776406500000,24158.449999999997,24169.85,24130.85,24134.449999999997
1776407400000,24134.85,24138.449999999997,24112.85,24135.85
1776408300000,24136.85,24145.85,24129.85,24136.85
1776409200000,24137.85,24197.85,24122.85,24197.85
1776410100000,24200.85,24207.85,24181.85,24190.85
1776411000000,24189.85,24213.85,24185.85,24212.85
1776411900000,24211.85,24249.85,24190.85,24239.85
1776412800000,24238.85,24260.649999999998,24229.35,24236.35
1776413700000,24235.35,24275.35,24229.35,24270.35
1776414600000,24271.35,24313.35,24257.35,24306.35
1776415500000,24307.35,24318.35,24294.35,24317.35
1776416400000,24316.35,24324.35,24301.35,24309.35
1776417300000,24308.35,24321.35,24291.35,24317.35
1776418200000,24318.35,24332.35,24313.35,24324.35
1776419100000,24325.35,24365.35,24315.35,24329.55
1776420000000,24328.55,24328.55,24306.35,24320.35
1776420900000,24318.35,24338.35,24306.35,24319.35
1776421800000,24321.35,24323.149999999998,24284.35,24288.35
1776422700000,24287.35,24317.35,24281.35,24311.35
1776423600000,24312.35,24326.35,24262.35,24262.35
1776424500000,24261.35,24274.35,24254.35,24260.35
1776425400000,24261.35,24280.35,24258.35,24272.35
1776426300000,24273.35,24276.35,24253.35,24267.35
1776427200000,24266.35,24281.35,24254.35,24275.35
1776428100000,24274.35,24343.35,24260.35,24332.35
1776429000000,24333.35,24355.35,24326.35,24331.35
1776429900000,24332.35,24678.35,24325.35,24616.35
1776430800000,24615.35,24742.85,24596.35,24704.85
1776431700000,24703.85,24719.85,24645.85,24666.85
1776432600000,24668.85,24716.85,24647.85,24681.85
1776433500000,24684.85,24698.85,24584.85,24665.85
1776434400000,24664.85,24719.85,24646.85,24705.85
1776435300000,24706.85,24779.85,24673.85,24733.85
1776436200000,24734.85,24805.85,24716.85,24787.85
1776437100000,24786.85,24787.85,24744.85,24754.85
1776438000000,24753.85,24764.85,24713.85,24727.85
1776438900000,24729.85,24740.85,24690.85,24710.85
1776439800000,24712.85,24744.85,24700.85,24715.85
1776440700000,24717.85,24740.85,24706.85,24711.85
1776441600000,24712.85,24727.85,24699.85,24702.85
1776442500000,24701.85,24712.85,24677.85,24706.85
1776443400000,24707.85,24719.85,24696.85,24706.85
1776444300000,24705.85,24712.85,24700.85,24704.85
1776445200000,24703.85,24710.85,24633.05,24671.85
1776446100000,24673.85,24677.85,24580.05,24604.85
1776447000000,24605.850000000002,24619.850000000002,24594.45,24603.850000000002
1776447900000,24602.85,24654.85,24602.85,24647.85
1776448800000,24649.449999999997,24655.85,24605.85,24611.85
1776449700000,24610.85,24648.85,24606.85,24622.85
1776450600000,24625.449999999997,24639.85,24613.85,24621.85
1776451500000,24620.85,24631.85,24602.85,24614.85
1776452400000,24615.85,24640.85,24609.85,24626.85
1776453300000,24625.85,24629.85,24616.85,24624.85
1776454200000,24625.85,24658.85,24625.85,24657.85
1776455100000,24656.85,24658.85,24633.85,24647.949999999997
1776456000000,24645.95,24660.03,24642.05,24657.03
1776456900000,24658.03,24662.03,24634.03,24644.05
1776457800000,24643.05,24654.05,24637.05,24647.05
1776458700000,24646.05,24658.05,24645.05,24652.05
1776636000000,24380.15,24433.15,24370.15,24393.15
1776636900000,24392.15,24410.15,24383.15,24388.15
1776637800000,24389.15,24440.15,24385.15,24429.15
1776638700000,24430.149999999998,24442.149999999998,24418.67,24422.67
1776639600000,24423.670000000002,24436.15,24404.15,24405.15
1776640500000,24406.15,24414.15,24400.15,24411.190000000002
1776641400000,24410.190000000002,24413.190000000002,24392.15,24400.15
1776642300000,24399.15,24407.15,24383.15,24403.15
1776643200000,24404.15,24405.15,24374.15,24387.72
1776644100000,24384.72,24430.850000000002,24384.72,24426.850000000002
1776645000000,24427.85,24435.85,24398.75,24418.85
1776645900000,24421.85,24426.75,24412.85,24424.85
1776646800000,24421.85,24459.35,24421.85,24444.35
1776647700000,24444.85,24446.85,24432.85,24437.85
1776648600000,24436.85,24468.35,24433.35,24457.85
1776649500000,24457.35,24467.85,24451.35,24453.85
1776650400000,24454.35,24457.35,24444.85,24446.85
1776651300000,24448.35,24456.35,24441.35,24451.85
1776652200000,24451.85,24458.75,24439.35,24441.75
1776653100000,24442.35,24444.149999999998,24429.85,24440.85
1776654000000,24441.35,24452.149999999998,24431.85,24437.35
1776654900000,24434.85,24446.149999999998,24431.85,24439.35
1776655800000,24438.85,24454.35,24434.75,24436.15
1776656700000,24435.149999999998,24442.149999999998,24420.35,24421.35
1776657600000,24420.85,24438.149999999998,24414.85,24424.85
1776658500000,24426.35,24426.75,24413.85,24414.35
1776659400000,24415.35,24419.649999999998,24389.35,24417.35
1776660300000,24416.85,24426.149999999998,24408.35,24417.35
1776661200000,24417.149999999998,24418.149999999998,24393.85,24408.149999999998
1776662100000,24407.75,24409.149999999998,24372.35,24373.75
1776663000000,24375.149999999998,24375.149999999998,24332.85,24333.85
1776663900000,24334.85,24377.149999999998,24333.85,24377.149999999998
1776664800000,24375.75,24398.350000000002,24346.15,24353.95
1776665700000,24352.95,24360.95,24341.55,24354.95
1776666600000,24358.149999999998,24375.95,24349.55,24352.55
1776667500000,24352.95,24363.95,24324.95,24353.95
1776668400000,24353.55,24438.95,24349.95,24436.95
1776669300000,24435.95,24455.95,24384.95,24393.95
1776670200000,24392.95,24404.95,24336.95,24354.95
1776671100000,24355.95,24362.95,24330.95,24359.95
1776672000000,24360.95,24374.45,24301.45,24311.45
1776672900000,24310.45,24329.45,24289.45,24322.45
1776673800000,24320.45,24322.45,24290.45,24302.45
1776674700000,24305.45,24357.45,24298.45,24341.45
1776675600000,24340.45,24378.45,24330.45,24353.45
1776676500000,24354.45,24373.45,24344.45,24372.45
1776677400000,24371.45,24386.45,24360.45,24385.45
1776678300000,24384.45,24384.45,24363.45,24369.45
1776679200000,24371.45,24414.45,24366.45,24387.45
1776680100000,24386.45,24406.45,24363.45,24384.45
1776681000000,24385.45,24391.45,24359.45,24368.45
1776681900000,24369.45,24383.45,24359.45,24378.45
1776682800000,24377.45,24382.45,24341.45,24379.45
1776683700000,24381.45,24385.45,24363.45,24363.45
1776684600000,24365.45,24386.45,24350.45,24369.45
1776685500000,24370.45,24396.45,24369.45,24390.45
1776686400000,24389.45,24398.45,24367.45,24379.45
1776687300000,24381.45,24390.45,24365.45,24366.45
1776688200000,24367.45,24384.45,24348.45,24373.45
1776689100000,24374.45,24384.45,24357.45,24363.45
1776690000000,24362.45,24435.05,24344.45,24414.95
1776690900000,24415.95,24459.95,24412.95,24456.95
1776691800000,24455.95,24473.95,24434.95,24464.95
1776692700000,24462.95,24502.95,24458.95,24498.95
1776693600000,24497.95,24498.95,24440.95,24460.95
1776694500000,24458.95,24481.95,24457.95,24470.95
1776695400000,24471.95,24479.95,24433.95,24450.95
1776696300000,24451.95,24468.95,24342.15,24411.45
1776697200000,24413.45,24424.45,24389.45,24404.45
1776698100000,24405.45,24451.45,24398.45,24447.45
1776699000000,24448.45,24449.45,24409.45,24411.45
1776699900000,24412.45,24414.45,24398.45,24405.45
1776700800000,24404.45,24407.45,24389.45,24397.45
1776701700000,24398.45,24409.45,24379.45,24392.45
1776702600000,24393.45,24402.45,24381.45,24393.45
1776703500000,24392.45,24399.45,24384.05,24392.45
1776704400000,24393.45,24421.45,24389.45,24420.45
1776705300000,24419.45,24424.45,24410.45,24411.45
1776706200000,24410.45,24439.45,24403.45,24430.45
1776707100000,24431.45,24434.45,24419.45,24423.45
1776708000000,24424.45,24443.45,24414.45,24431.05
1776708900000,24432.05,24441.45,24416.05,24421.45
1776709800000,24422.45,24430.45,24414.05,24424.05
1776710700000,24424.45,24443.45,24421.05,24434.45
1776711600000,24433.45,24446.45,24430.45,24443.45
1776712500000,24444.45,24444.45,24434.45,24437.45
1776713400000,24435.45,24444.45,24433.45,24438.45
1776714300000,24439.45,24474.55,24434.45,24472.55
1776715200000,24471.55,24471.55,24456.25,24456.25
1776716100000,24457.25,24466.11,24452.25,24464.65
1776717000000,24463.65,24517.61,24455.65,24505.65
1776717900000,24504.65,24504.65,24484.65,24488.370000000003
1776722400000,24487.95,24532.95,24486.95,24514.95
1776723300000,24513.95,24520.09,24509.09,24514.09
1776724200000,24513.09,24516.09,24506.09,24513.09
1776725100000,24512.09,24521.09,24511.09,24518.09
1776726000000,24517.09,24518.09,24509.09,24514.09
1776726900000,24513.09,24515.09,24501.95,24501.95
1776727800000,24500.95,24506.95,24498.95,24503.95
1776728700000,24502.95,24504.95,24493.95,24495.95
1776729600000,24490.95,24511.95,24490.95,24503.95
1776730500000,24502.95,24503.15,24481.65,24485.65
1776731400000,24485.65,24492.15,24472.65,24485.65
1776732300000,24484.65,24514.15,24481.65,24500.15
1776733200000,24503.65,24503.65,24480.65,24485.65
1776734100000,24483.65,24501.65,24479.15,24500.65
1776735000000,24501.65,24514.15,24500.65,24512.65
1776735900000,24513.15,24516.15,24495.65,24506.65
1776736800000,24507.149999999998,24510.95,24497.55,24504.649999999998
1776737700000,24503.65,24515.95,24498.15,24512.65
1776738600000,24512.65,24521.15,24497.15,24513.65
1776739500000,24512.65,24518.95,24502.15,24506.65
1776740400000,24506.65,24510.550000000003,24499.15,24503.65
1776741300000,24503.65,24507.15,24481.65,24498.15
1776742200000,24498.55,24500.649999999998,24483.55,24488.149999999998
1776743100000,24487.65,24502.95,24486.65,24500.65
1776744000000,24500.15,24507.65,24498.15,24502.95
1776744900000,24503.95,24519.95,24502.65,24513.95
1776745800000,24512.550000000003,24525.95,24511.65,24513.65
1776746700000,24513.65,24521.65,24513.65,24519.65
1776747600000,24520.149999999998,24549.95,24519.55,24544.149999999998
1776748500000,24543.15,24569.15,24539.65,24563.65
1776749400000,24562.65,24566.95,24555.95,24562.15
1776750300000,24563.550000000003,24563.550000000003,24542.65,24548.95
1776751200000,24547.55,24558.75,24519.75,24522.75
1776752100000,24521.75,24529.75,24502.75,24523.75
1776753000000,24521.75,24531.75,24512.75,24526.75
1776753900000,24526.35,24529.75,24510.75,24522.35
1776754800000,24523.75,24560.75,24495.75,24542.75
1776755700000,24546.75,24567.75,24534.75,24560.75
1776756600000,24562.75,24578.75,24541.75,24571.75
1776757500000,24569.75,24602.75,24556.75,24557.75
1776758400000,24555.75,24557.75,24512.75,24515.75
1776759300000,24516.75,24573.75,24515.75,24565.75
1776760200000,24563.75,24607.75,24551.75,24601.75
1776761100000,24600.75,24604.75,24579.75,24582.75
1776762000000,24580.35,24582.75,24543.75,24570.75
1776762900000,24569.75,24587.75,24562.75,24569.75
1776763800000,24568.75,24579.75,24559.75,24568.75
1776764700000,24569.75,24607.75,24565.75,24583.75
1776765600000,24579.75,24594.75,24570.75,24574.75
1776766500000,24573.75,24578.75,24548.75,24554.75
1776767400000,24555.75,24586.75,24549.75,24574.75
1776768300000,24575.75,24596.75,24569.75,24592.75
1776769200000,24593.75,24595.75,24540.45,24549.75
1776770100000,24548.75,24571.25,24539.75,24569.25
1776771000000,24570.25,24580.25,24555.25,24558.25
1776771900000,24557.25,24557.25,24515.25,24516.25
1776772800000,24518.25,24525.25,24504.25,24505.25
1776773700000,24506.25,24509.25,24479.25,24501.85
1776774600000,24502.25,24512.25,24454.25,24473.25
1776775500000,24475.25,24481.25,24443.25,24458.25
1776776400000,24461.25,24466.25,24430.25,24431.25
1776777300000,24432.25,24440.25,24410.25,24420.25
1776778200000,24419.25,24458.25,24410.25,24455.25
1776779100000,24454.25,24481.25,24454.25,24475.25
1776780000000,24476.25,24476.25,24421.25,24436.25
1776780900000,24435.25,24448.25,24394.25,24400.25
1776781800000,24399.25,24408.25,24360.25,24365.25
1776782700000,24364.25,24365.25,24283.25,24290.25
1776783600000,24291.25,24319.25,24244.25,24314.25
1776784500000,24315.25,24326.25,24281.25,24291.25
1776785400000,24292.25,24294.25,24227.25,24250.25
1776786300000,24251.25,24274.25,24242.25,24252.25
1776787200000,24254.25,24303.25,24254.25,24265.25
1776788100000,24264.25,24271.25,24243.25,24245.25
1776789000000,24246.25,24265.25,24222.25,24224.25
1776789900000,24225.25,24243.25,24202.25,24203.25
1776790800000,24204.25,24226.25,24141.85,24161.25
1776791700000,24161.85,24174.25,24130.25,24168.25
1776792600000,24171.25,24260.25,24171.25,24230.25
1776793500000,24229.85,24232.85,24195.25,24207.25
1776794400000,24208.25,24243.25,24207.25,24223.25
1776795300000,24224.25,24230.25,24158.25,24168.25
1776796200000,24169.25,24193.25,24160.25,24164.25
1776797100000,24162.85,24230.95,24147.25,24194.25
1776798000000,24195.25,24235.25,24179.45,24198.25
1776798900000,24199.25,24252.25,24182.85,24250.25
1776799800000,24249.25,24254.25,24025.45,24047.25
1776800700000,24049.850000000002,24092.25,24026.45,24072.350000000002
1776801600000,24071.350000000002,24225.29,24039.88,24161.45
1776802500000,24162.45,24185.45,24148.45,24157.45
1776803400000,24158.45,24168.45,24146.45,24154.170000000002
1776804300000,24155.17,24183.17,24141.17,24159.449999999997
1776808800000,24173.85,24200.420000000002,24173.84,24194.420000000002
1776809700000,24193.42,24198.42,24183.42,24187.42
1776810600000,24188.42,24192.42,24180.42,24186.42
1776811500000,24185.42,24190.42,24171.14,24180.3
1776812400000,24179.3,24195.01,24174.3,24191.01
1776813300000,24190.01,24197.01,24182.01,24186.01
1776814200000,24187.01,24198.01,24179.01,24196.01
1776815100000,24197.01,24209.57,24197.01,24208.289999999997
1776816000000,24234.289999999997,24245.289999999997,24216.85,24230.84
1776816900000,24218.75,24262.85,24215.75,24242.55
1776817800000,24241.55,24263.85,24241.55,24260.85
1776818700000,24259.45,24262.85,24240.05,24244.55
1776819600000,24242.55,24251.05,24214.05,24236.55
1776820500000,24236.55,24242.05,24215.55,24218.55
1776821400000,24219.55,24238.05,24211.05,24220.05
1776822300000,24219.55,24228.55,24205.55,24218.05
1776823200000,24220.55,24257.05,24218.45,24251.55
1776824100000,24252.55,24253.55,24239.05,24248.55
1776825000000,24246.05,24250.55,24237.05,24246.55
1776825900000,24245.55,24248.55,24226.45,24243.55
1776826800000,24244.55,24252.55,24225.55,24226.55
1776827700000,24225.55,24230.05,24209.55,24224.05
1776828600000,24224.05,24248.55,24212.55,24229.05
1776829500000,24227.85,24232.55,24214.05,24216.05
1776830400000,24214.05,24245.05,24214.05,24243.85
1776831300000,24240.55,24243.85,24210.05,24213.55
1776832200000,24213.55,24225.05,24206.05,24221.55
1776833100000,24221.55,24240.85,24198.55,24203.55
1776834000000,24203.55,24249.85,24195.55,24248.05
1776834900000,24247.05,24325.85,24245.55,24296.45
1776835800000,24296.85,24336.85,24290.05,24330.45
1776836700000,24330.850000000002,24345.850000000002,24320.45,24320.45
1776837600000,24316.05,24334.649999999998,24305.85,24316.649999999998
1776838500000,24316.25,24326.65,24301.65,24323.65
1776839400000,24324.65,24346.45,24322.65,24327.65
1776840300000,24328.65,24357.65,24325.65,24357.65
1776841200000,24358.65,24394.65,24353.65,24357.65
1776842100000,24356.65,24375.65,24332.65,24354.65
1776843000000,24353.65,24354.65,24315.65,24340.65
1776843900000,24338.65,24345.65,24307.65,24307.65
1776844800000,24308.65,24325.65,24287.65,24289.65
1776845700000,24290.65,24291.65,24226.65,24244.65
1776846600000,24245.65,24266.65,24214.65,24257.65
1776847500000,24258.65,24294.65,24250.65,24286.65
1776848400000,24285.65,24322.65,24280.65,24304.65
1776849300000,24306.65,24320.65,24284.65,24285.65
1776850200000,24286.65,24291.65,24256.65,24285.65
1776851100000,24284.65,24286.65,24198.65,24214.65
1776852000000,24215.65,24240.65,24158.65,24186.65
1776852900000,24185.65,24223.65,24169.65,24218.65
1776853800000,24217.65,24246.65,24201.65,24214.65
1776854700000,24213.65,24235.65,24213.15,24229.65
1776855600000,24230.65,24240.65,24220.65,24225.65
1776856500000,24226.65,24257.65,24225.65,24256.65
1776857400000,24257.65,24274.65,24241.65,24245.65
1776858300000,24248.65,24296.65,24246.65,24282.65
1776859200000,24283.65,24304.65,24272.65,24296.65
1776860100000,24294.65,24315.65,24266.65,24269.65
1776861000000,24267.65,24269.65,24230.65,24243.65
1776861900000,24245.65,24256.65,24217.65,24229.65
1776862800000,24231.65,24308.65,24222.65,24243.65
1776863700000,24245.65,24303.65,24220.65,24257.65
1776864600000,24258.65,24262.65,24201.65,24215.65
1776865500000,24217.65,24241.65,24205.65,24225.65
1776866400000,24226.65,24230.65,24197.65,24215.65
1776867300000,24216.65,24258.65,24216.65,24239.65
1776868200000,24238.65,24256.65,24203.15,24204.15
1776869100000,24202.15,24218.15,24146.65,24180.65
1776870000000,24179.65,24203.65,24157.65,24175.65
1776870900000,24174.65,24213.65,24157.65,24204.65
1776871800000,24205.65,24216.65,24165.65,24167.65
1776872700000,24166.65,24198.65,24163.65,24184.65
1776873600000,24197.65,24212.65,24176.65,24200.65
1776874500000,24201.65,24201.65,24178.65,24185.65
1776875400000,24186.65,24204.65,24172.65,24182.65
1776876300000,24181.65,24193.65,24173.65,24177.65
1776877200000,24178.65,24229.65,24174.25,24212.65
1776878100000,24213.65,24227.65,24197.25,24213.65
1776879000000,24214.65,24228.65,24213.65,24222.65
1776879900000,24223.65,24227.65,24207.65,24212.65
1776880800000,24211.65,24212.65,24191.65,24192.65
1776881700000,24191.65,24191.65,24151.65,24166.65
1776882600000,24165.65,24181.65,24163.65,24179.65
1776883500000,24178.65,24181.65,24165.65,24170.65
1776884400000,24171.65,24180.65,24129.65,24171.65
1776885300000,24173.65,24189.65,24172.65,24180.65
1776886200000,24181.65,24196.65,24171.65,24192.65
1776887100000,24193.65,24221.65,24187.65,24208.75
1776888000000,24202.85,24207.85,24187.85,24189.85
1776888900000,24188.85,24192.85,24182.85,24182.85
1776889800000,24183.85,24187.85,24167.85,24176.57
1776890700000,24175.57,24184.85,24175.57,24184.85
1776895200000,24173.15,24184.15,24161.15,24172.15
1776896100000,24173.15,24185.15,24171.15,24171.58
1776897000000,24172.58,24175.15,24167.15,24171.15
1776897900000,24170.15,24177.15,24168.15,24174.15
1776898800000,24175.15,24179.15,24166.15,24178.15
1776899700000,24179.15,24182.15,24174.15,24179.15
1776900600000,24178.15,24178.15,24171.15,24174.15
1776901500000,24173.15,24181.15,24169.15,24178.15
1776902400000,24173.149999999998,24174.149999999998,24008.62,24008.62
1776903300000,24007.62,24120.35,23872.75,24108.35
1776904200000,24108.85,24141.85,24087.35,24090.85
1776905100000,24087.85,24106.149999999998,24076.35,24088.85
1776906000000,24088.85,24095.149999999998,24038.85,24045.35
1776906900000,24045.85,24057.85,24008.85,24018.85
1776907800000,24018.85,24040.35,24007.35,24013.85
1776908700000,24013.85,24014.75,23980.35,23987.85
1776909600000,23986.85,23991.35,23921.85,23924.35
1776910500000,23922.85,23958.85,23914.35,23932.85
1776911400000,23930.85,23940.85,23907.85,23923.35
1776912300000,23923.85,23946.75,23896.85,23899.85
1776913200000,23899.85,23928.35,23886.85,23891.35
1776914100000,23892.85,23898.85,23879.35,23879.85
1776915000000,23878.850000000002,23888.350000000002,23857.65,23877.350000000002
1776915900000,23875.35,23895.35,23870.85,23881.35
1776916800000,23881.85,23895.35,23868.85,23891.85
1776917700000,23891.85,23905.149999999998,23880.85,23889.85
1776918600000,23890.85,23920.25,23888.85,23919.449999999997
1776919500000,23917.449999999997,23935.149999999998,23908.85,23925.85
1776920400000,23929.449999999997,23949.149999999998,23922.85,23944.85
1776921300000,23945.85,23951.25,23931.25,23943.85
1776922200000,23940.35,23963.85,23932.35,23947.85
1776923100000,23947.35,23998.85,23946.85,23998.85
1776924000000,23997.850000000002,24023.45,23996.65,24010.45
1776924900000,24009.45,24040.45,24007.45,24037.45
1776925800000,24037.05,24042.45,24022.45,24028.05
1776926700000,24028.45,24036.45,23999.45,24030.45
1776927600000,24028.45,24133.45,24019.45,24115.45
1776928500000,24119.45,24139.45,24101.45,24127.45
1776929400000,24133.45,24170.45,24104.45,24170.45
1776930300000,24169.45,24184.45,24138.45,24156.45
1776931200000,24155.45,24155.45,24085.45,24088.45
1776932100000,24090.45,24157.45,24081.45,24127.45
1776933000000,24125.45,24125.45,24051.45,24056.45
1776933900000,24057.45,24074.45,24043.45,24044.45
1776934800000,24043.45,24050.45,23983.45,24036.45
1776935700000,24037.45,24092.45,24032.45,24067.45
1776936600000,24068.45,24091.45,24050.45,24064.45
1776937500000,24063.45,24063.45,24021.45,24031.45
1776938400000,24030.45,24054.45,24006.45,24015.45
1776939300000,24016.45,24072.45,24013.45,24048.45
1776940200000,24049.45,24095.45,24049.45,24066.45
1776941100000,24067.45,24113.45,24060.45,24106.45
1776942000000,24103.45,24117.45,24059.45,24075.45
1776942900000,24076.45,24089.45,24045.05,24059.45
1776943800000,24060.45,24096.45,24035.45,24083.45
1776944700000,24084.45,24143.45,24076.45,24125.45
1776945600000,24121.45,24195.45,24121.45,24168.45
1776946500000,24167.45,24167.45,24113.45,24141.45
1776947400000,24141.05,24147.45,24092.45,24094.45
1776948300000,24095.45,24118.45,24014.65,24116.45
1776949200000,24115.45,24138.45,24085.65,24099.050000000003
1776950100000,24096.45,24139.45,24096.45,24124.45
1776951000000,24120.45,24165.45,24107.45,24158.45
1776951900000,24154.45,24177.45,24138.45,24145.45
1776952800000,24149.45,24168.45,24123.45,24154.45
1776953700000,24152.45,24176.45,24143.45,24159.45
1776954600000,24160.45,24180.45,24145.45,24167.45
1776955500000,24168.45,24195.45,24159.45,24188.45
1776956400000,24186.45,24193.75,24143.95,24144.95
1776957300000,24145.95,24176.95,24144.95,24166.95
1776958200000,24167.95,24167.95,24099.95,24100.95
1776959100000,24099.95,24248.95,24058.95,24210.95
1776960000000,24209.95,24226.95,24179.95,24204.95
1776960900000,24203.95,24237.95,24203.95,24223.95
1776961800000,24222.95,24235.55,24212.95,24233.95
1776962700000,24234.95,24242.95,24201.95,24217.95
1776963600000,24218.55,24223.95,24059.55,24087.95
1776964500000,24086.95,24086.95,24002.95,24008.15
1776965400000,24008.550000000003,24054.15,23875.15,23899.45
1776966300000,23900.05,24092.649999999998,23828.05,24020.05
1776967200000,24023.45,24089.15,24007.65,24064.65
1776968100000,24064.15,24091.95,24052.65,24090.95
1776969000000,24091.95,24123.95,24076.95,24093.95
1776969900000,24094.95,24096.95,24029.65,24048.95
1776970800000,24044.95,24084.95,24035.15,24077.95
1776971700000,24078.95,24093.95,24073.95,24080.95
1776972600000,24077.95,24089.95,24027.95,24044.55
1776973500000,24042.95,24085.050000000003,24025.65,24082.050000000003
1776974400000,24081.050000000003,24090.15,24051.72,24056.440000000002
1776975300000,24055.44,24083.149999999998,24035.87,24076.149999999998
1776976200000,24074.15,24086.15,24068.15,24078.15
1776977100000,24079.15,24081.15,24058.15,24073.15
1776981600000,24136.35,24175.35,24128.35,24172.35
1776982500000,24173.35,24176.35,24155.35,24159.35
1776983400000,24160.35,24167.35,24150.35,24160.35
1776984300000,24161.35,24176.35,24161.35,24169.35
1776985200000,24168.35,24172.35,24161.35,24164.35
1776986100000,24163.35,24173.35,24160.35,24172.35
1776987000000,24173.350000000002,24183.99,24170.99,24173.99
1776987900000,24174.99,24192.54,24174.99,24191.54
1776988800000,24200.54,24204.54,24166.39,24190.39
1776989700000,24191.39,24192.25,24152.95,24183.05
1776990600000,24182.55,24188.55,24146.55,24147.55
1776991500000,24151.05,24165.35,24134.55,24150.05
1776992400000,24151.05,24156.05,24117.05,24128.05
1776993300000,24129.05,24136.55,24113.55,24128.55
1776994200000,24124.55,24133.05,24079.05,24090.55
1776995100000,24092.55,24116.05,24087.05,24107.55
1776996000000,24106.55,24106.55,24077.05,24083.05
1776996900000,24084.05,24091.55,24042.05,24046.05
1776997800000,24046.55,24066.05,24038.05,24044.55
1776998700000,24044.55,24054.55,24032.55,24045.05
1776999600000,24046.05,24053.05,24026.55,24028.05
1777000500000,24031.05,24050.55,24026.55,24038.05
1777001400000,24037.05,24062.05,24027.55,24048.05
1777002300000,24050.05,24083.05,24047.05,24061.05
1777003200000,24056.55,24105.35,24048.05,24100.55
1777004100000,24101.05,24102.95,24075.05,24089.05
1777005000000,24091.05,24108.05,24087.55,24100.05
1777005900000,24100.05,24121.85,24094.55,24116.35
1777006800000,24119.55,24135.35,24108.05,24124.05
1777007700000,24122.05,24143.95,24120.55,24138.05
1777008600000,24140.95,24193.55,24140.95,24189.05
1777009500000,24187.05,24193.35,24174.05,24188.35
1777010400000,24186.95,24207.15,24176.15,24205.15
1777011300000,24206.15,24208.15,24176.15,24177.15
1777012200000,24179.15,24199.15,24169.15,24197.15
1777013100000,24197.75,24199.15,24161.15,24176.15
1777014000000,24167.15,24210.15,24138.15,24138.15
1777014900000,24139.15,24187.15,24105.15,24177.15
1777015800000,24172.15,24174.15,24116.15,24134.15
1777016700000,24133.15,24169.15,24125.15,24166.15
1777017600000,24164.350000000002,24171.15,24087.15,24099.15
1777018500000,24100.15,24193.15,24088.15,24099.15
1777019400000,24098.15,24099.15,24049.15,24052.15
1777020300000,24053.15,24070.15,24008.15,24031.15
1777021200000,24032.15,24051.15,24012.15,24031.15
1777022100000,24033.15,24042.15,23980.15,23987.15
1777023000000,23986.15,24043.15,23983.15,24042.15
1777023900000,24043.15,24059.15,24007.15,24019.15
1777024800000,24018.15,24073.15,24016.15,24058.15
1777025700000,24059.15,24083.15,24055.15,24067.15
1777026600000,24066.15,24077.15,24049.15,24069.15
1777027500000,24068.15,24088.15,24060.15,24060.15
1777028400000,24062.15,24231.15,24062.15,24212.15
1777029300000,24206.15,24308.95,24183.15,24306.95
1777030200000,24307.95,24322.95,24189.15,24191.15
1777031100000,24190.15,24199.15,24163.15,24195.75
1777032000000,24199.15,24246.65,24179.65,24232.65
1777032900000,24233.65,24243.65,24177.65,24198.65
1777033800000,24199.65,24200.65,24115.65,24120.65
1777034700000,24122.65,24134.65,24070.65,24123.65
1777035600000,24125.65,24154.65,24115.65,24127.65
1777036500000,24128.65,24165.65,24124.65,24144.65
1777037400000,24143.65,24156.65,24112.65,24142.65
1777038300000,24143.65,24155.65,24091.65,24105.65
1777039200000,24105.850000000002,24157.65,24078.65,24128.65
1777040100000,24129.65,24153.65,24087.65,24116.65
1777041000000,24117.65,24166.65,24105.65,24156.65
1777041900000,24155.65,24163.65,24121.65,24139.65
1777042800000,24140.65,24147.65,24108.65,24127.65
1777043700000,24126.65,24146.65,24105.65,24121.65
1777044600000,24120.65,24259.350000000002,24104.65,24227.350000000002
1777045500000,24222.350000000002,24281.350000000002,24149.65,24191.65
1777046400000,24190.65,24200.65,24161.65,24184.65
1777047300000,24185.65,24198.65,24178.65,24184.65
1777048200000,24185.65,24206.65,24153.65,24166.65
1777049100000,24167.65,24196.65,24165.65,24194.65
1777050000000,24195.65,24205.65,24181.65,24186.65
1777050900000,24185.65,24202.65,24179.65,24198.65
1777051800000,24197.65,24219.65,24184.65,24214.65
1777052700000,24213.65,24244.65,24209.65,24210.65
1777053600000,24211.65,24214.65,24195.65,24203.65
1777054500000,24204.65,24209.65,24188.25,24196.65
1777055400000,24197.65,24213.65,24194.65,24207.65
1777056300000,24208.65,24213.65,24200.65,24205.65
1777057200000,24206.65,24229.65,24206.65,24223.65
1777058100000,24224.65,24235.65,24210.65,24219.65
1777059000000,24216.65,24226.65,24211.65,24215.65
1777059900000,24214.65,24255.75,24207.65,24252.75
1777060800000,24247.75,24247.75,24223.85,24228.85
1777061700000,24227.85,24235.85,24219.85,24223.85
1777062600000,24224.85,24239.85,24223.85,24237.85
1777063500000,24236.85,24248.85,24235.85,24243.85
1777240800000,24180.05,24180.19,24127.05,24138.05
1777241700000,24139.05,24146.05,24129.05,24145.05
1777242600000,24144.05,24155.05,24132.05,24143.329999999998
1777243500000,24144.33,24153.33,24138.33,24152.33
1777244400000,24153.33,24155.33,24139.33,24141.050000000003
1777245300000,24142.05,24156.77,24141.05,24149.79
1777246200000,24148.79,24148.79,24134.05,24142.05
1777247100000,24143.050000000003,24153.050000000003,24136.49,24148.570000000003
1777248000000,24137.57,24162.05,24133.57,24162.05
1777248900000,24161.05,24161.95,24131.25,24140.25
1777249800000,24141.65,24150.75,24126.25,24143.25
1777250700000,24143.25,24181.25,24142.25,24165.25
1777251600000,24166.75,24222.75,24166.75,24182.25
1777252500000,24181.75,24204.75,24164.25,24202.75
1777253400000,24204.75,24239.75,24196.75,24223.25
1777254300000,24226.75,24251.75,24223.75,24248.75
1777255200000,24249.75,24253.65,24227.75,24241.75
1777256100000,24240.25,24255.75,24227.75,24232.05
1777257000000,24230.649999999998,24237.649999999998,24212.05,24213.649999999998
1777257900000,24213.75,24224.25,24211.75,24218.75
1777258800000,24217.75,24231.75,24204.25,24209.75
1777259700000,24209.75,24220.75,24206.25,24213.75
1777260600000,24217.75,24225.75,24209.75,24224.75
1777261500000,24224.75,24227.25,24207.75,24210.75
1777262400000,24209.25,24210.75,24189.75,24198.25
1777263300000,24198.75,24214.75,24197.75,24212.75
1777264200000,24209.25,24223.75,24209.25,24214.75
1777265100000,24215.25,24216.25,24181.75,24187.25
1777266000000,24190.75,24191.25,24156.75,24160.75
1777266900000,24159.75,24174.65,24155.25,24163.25
1777267800000,24162.75,24167.25,24126.25,24135.25
1777268700000,24135.05,24156.25,24130.05,24150.25
1777269600000,24149.75,24169.85,24142.55,24148.45
1777270500000,24145.449999999997,24177.85,24140.85,24176.85
1777271400000,24175.85,24175.85,24147.85,24162.449999999997
1777272300000,24163.05,24186.850000000002,24159.45,24170.850000000002
1777273200000,24160.449999999997,24223.85,24143.85,24206.85
1777274100000,24203.85,24224.85,24169.85,24174.85
1777275000000,24175.85,24191.85,24147.85,24172.85
1777275900000,24171.85,24191.85,24149.85,24150.85
1777276800000,24148.85,24167.85,24122.85,24137.85
1777277700000,24139.85,24201.85,24136.85,24194.85
1777278600000,24193.85,24233.85,24193.85,24227.85
1777279500000,24226.85,24230.85,24201.85,24211.85
1777280400000,24210.85,24237.85,24209.85,24233.85
1777281300000,24232.85,24234.85,24206.85,24230.85
1777282200000,24229.85,24262.649999999998,24226.85,24260.85
1777283100000,24259.85,24273.85,24255.85,24259.85
1777284000000,24260.85,24271.85,24246.85,24255.85
1777284900000,24251.85,24275.85,24248.85,24263.85
1777285800000,24265.85,24308.85,24261.85,24305.85
1777286700000,24304.85,24334.85,24302.85,24323.85
1777287600000,24322.85,24339.85,24315.85,24316.85
1777288500000,24315.85,24354.85,24310.85,24350.85
1777289400000,24351.85,24369.85,24344.85,24348.85
1777290300000,24349.85,24352.85,24303.85,24319.85
1777291200000,24323.85,24326.85,24294.85,24302.85
1777292100000,24303.85,24309.85,24253.85,24263.85
1777293000000,24264.85,24286.85,24237.85,24252.35
1777293900000,24253.35,24259.35,24182.55,24192.05
1777294800000,24193.05,24201.05,24139.05,24143.05
1777295700000,24145.05,24191.05,24144.05,24189.05
1777296600000,24188.05,24234.25,24161.05,24166.05
1777297500000,24165.05,24176.05,24113.05,24171.05
1777298400000,24172.05,24180.55,24117.55,24140.55
1777299300000,24142.55,24170.55,24119.55,24150.55
1777300200000,24151.55,24155.55,24110.55,24132.55
1777301100000,24136.55,24137.55,24072.55,24076.55
1777302000000,24078.55,24082.55,24030.55,24067.55
1777302900000,24068.55,24085.55,24036.05,24080.05
1777303800000,24081.05,24096.05,24064.05,24089.05
1777304700000,24092.05,24131.05,24084.05,24127.05
1777305600000,24129.05,24138.05,24112.05,24134.05
1777306500000,24135.05,24142.05,24115.05,24119.05
1777307400000,24120.05,24122.05,24110.05,24112.05
1777308300000,24111.05,24126.05,24111.05,24123.05
1777309200000,24124.05,24138.05,24121.05,24127.05
1777310100000,24128.05,24133.05,24095.05,24129.05
1777311000000,24128.05,24151.05,24119.05,24121.05
1777311900000,24120.05,24125.05,24115.05,24121.05
1777312800000,24120.05,24124.05,24108.05,24121.05
1777313700000,24120.05,24137.05,24120.05,24135.05
1777314600000,24133.05,24139.05,24121.25,24121.25
1777315500000,24122.25,24131.05,24122.05,24125.05
1777316400000,24124.05,24132.05,24117.05,24130.05
1777317300000,24129.05,24143.05,24127.05,24133.05
1777318200000,24134.05,24139.05,24111.05,24119.05
1777319100000,24118.050000000003,24133.25,24072.65,24076.65
1777320000000,24077.65,24077.75,24066.75,24070.75
1777320900000,24069.75,24073.75,24063.75,24072.75
1777321800000,24071.75,24080.75,24069.75,24077.75
1777322700000,24076.75,24080.75,24070.75,24072.75
1777327200000,24073.75,24126.75,24073.75,24123.75
1777328100000,24122.75,24137.75,24120.32,24127.32
1777329000000,24128.32,24135.32,24121.32,24126.32
1777329900000,24127.32,24129.32,24116.32,24118.32
1777330800000,24117.32,24124.32,24111.32,24114.32
1777331700000,24115.32,24126.75,24114.32,24120.75
1777332600000,24119.75,24131.75,24119.75,24126.75
1777333500000,24127.75,24127.75,24119.75,24123.61
1777334400000,24131.61,24145.75,24122.75,24135.75
1777335300000,24131.65,24136.75,24096.45,24112.45
1777336200000,24113.95,24125.350000000002,24102.45,24121.95
1777337100000,24122.95,24129.95,24117.45,24117.95
1777338000000,24117.45,24121.95,24102.45,24110.45
1777338900000,24109.45,24136.75,24104.45,24131.45
1777339800000,24133.45,24145.45,24118.95,24134.45
1777340700000,24135.45,24135.45,24104.95,24109.45
1777341600000,24109.45,24121.95,24096.45,24119.45
1777342500000,24119.45,24132.350000000002,24114.45,24125.95
1777343400000,24124.95,24125.95,24104.75,24108.35
1777344300000,24108.95,24116.95,24100.45,24106.45
1777345200000,24106.45,24118.95,24096.45,24115.45
1777346100000,24115.95,24129.95,24110.45,24126.95
1777347000000,24128.45,24136.75,24123.45,24124.95
1777347900000,24123.95,24131.95,24118.45,24125.95
1777348800000,24127.35,24131.75,24116.35,24127.949999999997
1777349700000,24128.350000000002,24141.350000000002,24125.45,24134.45
1777350600000,24129.95,24154.75,24129.95,24152.75
1777351500000,24150.350000000002,24155.75,24136.95,24140.350000000002
1777352400000,24141.75,24145.350000000002,24089.95,24096.45
1777353300000,24097.45,24103.350000000002,24086.45,24094.95
1777354200000,24095.949999999997,24095.949999999997,24041.35,24068.949999999997
1777355100000,24067.95,24078.45,24056.45,24074.75
1777356000000,24074.35,24085.55,24056.55,24083.55
1777356900000,24084.55,24095.55,24060.55,24089.55
1777357800000,24091.550000000003,24094.550000000003,24058.15,24061.550000000003
1777358700000,24063.550000000003,24073.050000000003,24043.15,24069.050000000003
1777359600000,24068.05,24076.05,23990.05,23998.05
1777360500000,23999.05,24017.05,23980.05,24010.05
1777361400000,24013.05,24094.05,24012.05,24084.05
1777362300000,24085.05,24109.05,24071.05,24105.05
1777363200000,24104.05,24104.05,24012.05,24038.05
1777364100000,24039.05,24129.05,24039.05,24129.05
1777365000000,24128.05,24138.05,24098.05,24111.05
1777365900000,24110.05,24124.05,24095.05,24123.05
1777366800000,24121.05,24139.05,24091.05,24125.05
1777367700000,24126.05,24142.05,24111.05,24131.05
1777368600000,24132.05,24136.05,24100.05,24116.05
1777369500000,24114.05,24120.05,24078.05,24101.05
1777370400000,24100.05,24128.05,24095.05,24097.05
1777371300000,24096.05,24118.05,24083.05,24104.05
1777372200000,24107.05,24128.05,24101.05,24103.05
1777373100000,24104.05,24138.05,24093.05,24130.05
1777374000000,24128.05,24148.05,24068.05,24072.05
1777374900000,24071.05,24073.05,24008.05,24015.05
1777375800000,24016.05,24020.05,23950.05,23995.05
1777376700000,23996.05,24007.05,23938.05,23956.05
1777377600000,23958.05,23975.05,23931.05,23963.05
1777378500000,23968.05,24011.649999999998,23896.05,23907.05
1777379400000,23906.649999999998,23982.05,23882.05,23967.05
1777380300000,23966.05,24063.55,23965.05,24050.55
1777381200000,24047.55,24050.55,23987.55,23989.55
1777382100000,23988.55,24027.55,23965.55,24005.55
1777383000000,24004.55,24055.55,23999.55,24037.55
1777383900000,24036.55,24044.55,23998.55,24016.149999999998
1777384800000,24014.25,24034.55,23987.55,24002.55
1777385700000,24001.55,24029.55,23980.55,24007.55
1777386600000,24006.55,24019.55,23955.55,23974.55
1777387500000,23975.55,24012.55,23934.55,24010.55
1777388400000,24012.55,24044.55,24001.55,24026.55
1777389300000,24027.55,24045.55,24015.55,24025.55
1777390200000,24026.55,24029.55,23979.55,23982.55
1777391100000,23981.55,24015.55,23958.55,24015.55
1777392000000,24016.55,24039.55,23996.55,24006.55
1777392900000,24007.55,24009.55,23986.55,23999.55
1777393800000,24000.55,24003.55,23979.55,23981.55
1777394700000,23982.55,24005.55,23976.55,23991.55
1777395600000,23990.550000000003,23994.550000000003,23972.15,23985.550000000003
1777396500000,23986.55,23987.55,23963.55,23980.55
1777397400000,23983.55,24000.55,23982.55,23983.55
1777398300000,23982.55,23986.55,23967.55,23975.55
1777399200000,23976.55,23985.55,23965.55,23972.55
1777400100000,23973.55,23995.55,23971.55,23988.55
1777401000000,23987.55,23988.55,23965.55,23981.55
1777401900000,23982.55,23989.55,23977.55,23980.55
1777402800000,23979.55,23997.55,23974.55,23988.55
1777403700000,23986.55,23987.55,23975.55,23983.55
1777404600000,23984.55,23985.55,23964.55,23980.55
1777405500000,23979.55,23990.55,23973.55,23983.649999999998
1777406400000,23976.75,23996.47,23963.75,23985.47
1777407300000,23984.47,23992.47,23981.47,23987.47
1777408200000,23986.47,23987.47,23979.47,23985.47
1777409100000,23986.47,23986.47,23975.47,23980.47
1777413600000,23985.05,24005.05,23985.05,24000.05
1777414500000,24001.05,24002.05,23989.05,23990.05
1777415400000,23991.05,23996.05,23988.05,23991.62
1777416300000,23990.62,23998.62,23990.62,23998.62
1777417200000,23997.62,23999.62,23987.62,23992.62
1777418100000,23993.62,23995.62,23991.62,23994.62
1777419000000,23995.62,24007.62,23994.62,24004.2
1777419900000,24005.2,24013.2,24002.2,24011.2
1777420800000,24020.2,24034.2,24020.2,24026.2
1777421700000,24005.95,24033.25,24005.95,24030.65
1777422600000,24032.05,24042.25,24030.25,24040.75
1777423500000,24041.25,24042.25,24028.65,24032.25
1777424400000,24030.75,24032.25,23974.75,23991.25
1777425300000,23992.25,24007.25,23978.65,23979.25
1777426200000,23980.25,24020.25,23974.75,24011.75
1777427100000,24011.75,24016.25,23991.25,24000.75
1777428000000,24000.75,24023.25,24000.75,24017.25
1777428900000,24017.65,24030.75,24011.75,24013.75
1777429800000,24013.75,24015.65,24001.75,24005.75
1777430700000,24005.75,24015.75,24000.75,24004.25
1777431600000,24003.75,24019.65,23993.75,24018.25
1777432500000,24017.25,24025.25,24015.25,24023.25
1777433400000,24022.75,24023.25,24010.25,24010.65
1777434300000,24009.25,24018.25,24004.75,24017.25
1777435200000,24016.75,24024.25,24013.25,24020.25
1777436100000,24021.25,24023.25,24013.25,24022.05
1777437000000,24023.05,24040.649999999998,24023.05,24036.649999999998
1777437900000,24035.25,24052.25,24034.25,24035.25
1777438800000,24037.65,24056.65,24033.75,24044.65
1777439700000,24045.25,24051.65,24040.65,24047.75
1777440600000,24048.75,24071.25,24046.75,24070.65
1777441500000,24071.05,24089.05,24068.25,24079.05
1777442400000,24078.050000000003,24108.850000000002,24073.65,24078.850000000002
1777443300000,24077.850000000002,24084.850000000002,24071.45,24078.850000000002
1777444200000,24080.85,24081.85,24054.85,24062.85
1777445100000,24062.45,24071.850000000002,24031.45,24032.850000000002
1777446000000,24033.55,24081.850000000002,24019.45,24036.850000000002
1777446900000,24035.85,24062.85,24029.85,24048.85
1777447800000,24049.85,24057.85,24002.85,24003.85
1777448700000,24004.85,24005.85,23972.85,23982.85
1777449600000,23983.85,24012.05,23926.85,23942.85
1777450500000,23941.85,23961.85,23920.85,23950.85
1777451400000,23948.85,23955.85,23906.85,23947.85
1777452300000,23948.85,23960.85,23927.85,23932.85
1777453200000,23931.85,23976.85,23922.85,23965.85
1777454100000,23964.85,23976.85,23944.85,23958.85
1777455000000,23954.85,23986.85,23947.85,23949.85
1777455900000,23950.85,23951.85,23898.85,23917.85
1777456800000,23915.85,23966.85,23905.05,23965.85
1777457700000,23966.85,24012.85,23965.85,23988.85
1777458600000,23989.85,24009.85,23966.85,23974.85
1777459500000,23972.85,23983.85,23961.85,23971.85
1777460400000,23969.85,23976.85,23942.85,23961.85
1777461300000,23960.85,23984.85,23943.85,23969.85
1777462200000,23968.85,24003.85,23960.85,23971.85
1777463100000,23970.85,23994.85,23953.85,23991.85
1777464000000,23990.85,24007.85,23984.85,23986.85
1777464900000,23985.85,24010.85,23971.85,23992.85
1777465800000,23991.85,23991.85,23944.85,23972.85
1777466700000,23969.85,23988.85,23955.85,23982.85
1777467600000,23983.85,24026.85,23983.85,24011.85
1777468500000,24009.85,24009.85,23926.75,23950.75
1777469400000,23952.75,23965.75,23887.75,23891.75
1777470300000,23890.75,23929.75,23859.75,23924.75
1777471200000,23925.75,23991.55,23918.75,23976.55
1777472100000,23977.55,23996.55,23972.55,23972.55
1777473000000,23971.55,23994.55,23951.55,23971.55
1777473900000,23972.55,23983.55,23949.55,23980.55
1777474800000,23982.55,23995.55,23884.55,23890.55
1777475700000,23891.55,23928.55,23887.55,23926.55
1777476600000,23924.55,23939.55,23896.55,23927.55
1777477500000,23926.55,23938.55,23845.55,23871.55
1777478400000,23872.55,23898.55,23863.55,23873.55
1777479300000,23875.55,23885.55,23854.55,23855.55
1777480200000,23854.55,23854.55,23805.75,23828.75
1777481100000,23829.75,23850.75,23825.75,23847.75
1777482000000,23848.75,23848.75,23810.75,23822.75
1777482900000,23821.75,23850.75,23807.75,23849.75
1777483800000,23851.75,23865.75,23838.75,23846.75
1777484700000,23847.75,23875.75,23844.75,23861.95
1777485600000,23863.95,23882.35,23814.75,23836.75
1777486500000,23835.75,23859.75,23832.75,23836.75
1777487400000,23838.75,23855.75,23778.95,23780.95
1777488300000,23781.35,23845.75,23770.75,23841.75
1777489200000,23842.75,23857.75,23820.75,23855.75
1777490100000,23857.75,23866.55,23834.75,23835.75
1777491000000,23834.75,23834.75,23799.75,23826.75
1777491900000,23825.75,23832.75,23804.75,23814.85
1777492800000,23811.95,23853.93,23728.08,23735.08
1777493700000,23736.08,23798.11,23727.08,23795.47
1777494600000,23795.829999999998,23804.47,23782.89,23791.47
1777495500000,23790.469999999998,23797.18,23744.69,23745.69
1777500000000,23786.45,23872.45,23773.45,23868.440000000002
1777500900000,23867.440000000002,23887.760000000002,23846.45,23851.45
1777501800000,23852.45,23860.45,23843.45,23851.45
1777502700000,23850.45,23861.45,23839.45,23842.45
1777503600000,23843.45,23847.45,23838.45,23845.43
1777504500000,23844.43,23844.43,23834.25,23841.25
1777505400000,23842.25,23858.23,23841.25,23857.23
1777506300000,23856.23,23866.43,23851.23,23864.45
1777507200000,23877.45,23886.45,23858.45,23870.49
1777508100000,23880.35,23902.649999999998,23863.05,23872.149999999998
1777509000000,23873.15,23895.65,23870.15,23886.65
1777509900000,23888.65,23908.65,23887.65,23897.15
1777510800000,23896.149999999998,23906.45,23877.05,23884.05
1777511700000,23883.15,23896.65,23880.15,23894.65
1777512600000,23896.15,23912.65,23874.15,23891.15
1777513500000,23890.65,23920.65,23884.15,23918.15
1777514400000,23918.15,23926.65,23912.15,23920.15
1777515300000,23920.65,23922.050000000003,23858.65,23867.65
1777516200000,23868.05,23868.45,23777.05,23839.149999999998
1777517100000,23840.15,23845.15,23795.65,23808.050000000003
1777518000000,23806.15,23814.15,23780.15,23791.15
1777518900000,23790.15,23794.15,23778.15,23779.15
1777519800000,23782.15,23791.65,23778.15,23781.15
1777520700000,23781.15,23785.65,23770.15,23773.15
1777521600000,23770.65,23773.15,23737.15,23753.15
1777522500000,23754.649999999998,23757.149999999998,23718.05,23721.649999999998
1777523400000,23720.15,23720.15,23629.15,23674.050000000003
1777524300000,23674.15,23676.65,23633.65,23640.15
1777525200000,23641.15,23707.050000000003,23634.15,23701.65
1777526100000,23702.050000000003,23707.65,23667.15,23668.15
1777527000000,23670.149999999998,23720.45,23668.05,23704.149999999998
1777527900000,23704.65,23708.05,23658.95,23667.45
1777528800000,23668.45,23674.15,23621.25,23629.25
1777529700000,23630.25,23640.25,23600.25,23638.25
1777530600000,23639.25,23713.25,23639.25,23684.95
1777531500000,23685.45,23706.25,23660.25,23700.25
1777532400000,23697.85,23785.05,23645.85,23778.25
1777533300000,23777.25,23848.25,23774.25,23844.25
1777534200000,23846.25,23876.25,23821.25,23865.25
1777535100000,23864.25,23879.25,23832.25,23859.25
1777536000000,23860.25,23888.25,23856.25,23874.25
1777536900000,23872.25,23905.25,23852.25,23903.25
1777537800000,23901.25,23914.25,23868.25,23876.25
1777538700000,23877.25,23887.25,23854.25,23856.45
1777539600000,23855.25,23893.25,23850.25,23886.25
1777540500000,23885.25,23937.25,23862.25,23934.25
1777541400000,23935.25,23995.25,23933.25,23961.25
1777542300000,23962.25,23997.25,23961.25,23970.25
1777543200000,23969.25,24018.25,23967.25,23998.25
1777544100000,23997.25,24034.25,23992.25,24020.25
1777545000000,24025.25,24042.25,23971.25,23990.25
1777545900000,23996.25,24046.25,23976.25,24034.45
1777546800000,24036.45,24115.95,24036.45,24083.75
1777547700000,24082.75,24125.75,24078.75,24121.75
1777548600000,24122.75,24122.75,24088.75,24098.75
1777549500000,24097.75,24128.75,24093.75,24113.75
1777550400000,24114.75,24131.35,24098.75,24131.35
1777551300000,24128.95,24183.95,24125.95,24168.95
1777552200000,24166.95,24177.75,24137.75,24145.75
1777553100000,24144.75,24179.75,24138.75,24144.75
1777554000000,24143.75,24181.75,24143.75,24171.75
1777554900000,24172.75,24181.75,24133.75,24135.75
1777555800000,24139.75,24141.75,24074.75,24104.75
1777556700000,24103.75,24112.75,24069.75,24079.75
1777557600000,24082.75,24116.75,24067.75,24106.75
1777558500000,24105.75,24174.75,24088.75,24173.75
1777559400000,24170.75,24209.75,24157.75,24190.75
1777560300000,24189.75,24243.75,24189.75,24213.75
1777561200000,24214.75,24252.55,24203.75,24246.75
1777562100000,24245.75,24267.75,24219.75,24255.75
1777563000000,24256.75,24302.75,24230.75,24232.75
1777563900000,24233.75,24257.75,24218.75,24253.75
1777564800000,24254.75,24271.75,24241.75,24266.75
1777565700000,24265.75,24266.75,24247.75,24252.75
1777566600000,24251.75,24269.75,24249.75,24257.75
1777567500000,24256.75,24261.75,24239.75,24251.75
1777568400000,24252.75,24277.75,24250.75,24269.75
1777569300000,24268.75,24268.75,24251.75,24262.75
1777570200000,24263.75,24288.75,24263.75,24277.75
1777571100000,24278.75,24285.75,24273.75,24278.75
1777572000000,24277.75,24304.75,24277.75,24300.75
1777572900000,24301.75,24311.75,24294.75,24297.75
1777573800000,24298.75,24311.75,24288.75,24289.75
1777574700000,24288.75,24304.75,24283.75,24287.75
1777575600000,24288.75,24318.35,24286.75,24308.75
1777576500000,24307.75,24312.75,24292.75,24303.75
1777577400000,24302.75,24302.75,24268.75,24278.75
1777578300000,24276.75,24298.75,24265.85,24268.85
1777579200000,24261.85,24273.949999999997,24261.85,24269.949999999997
1777853700000,24324.850000000002,24383.75,24271.45,24282.05
1777854600000,24283.55,24299.55,24275.55,24284.05
1777855500000,24284.55,24316.55,24281.55,24309.85
1777856400000,24310.85,24313.45,24276.55,24298.05
1777857300000,24298.45,24313.05,24286.05,24292.55
1777858200000,24290.05,24327.05,24288.05,24315.55
1777859100000,24317.05,24325.45,24311.45,24324.05
1777860000000,24323.45,24329.45,24305.05,24322.55
1777860900000,24322.55,24322.55,24299.05,24302.05
1777861800000,24303.45,24327.05,24301.05,24324.45
1777862700000,24325.05,24343.45,24322.05,24330.05
1777863600000,24330.55,24351.05,24326.05,24347.45
1777864500000,24348.850000000002,24348.850000000002,24339.45,24340.05
1777865400000,24339.45,24339.45,24310.55,24323.05
1777866300000,24323.45,24338.05,24323.05,24332.55
1777867200000,24334.55,24341.05,24323.55,24335.55
1777868100000,24334.55,24339.05,24322.05,24324.05
1777869000000,24324.55,24327.05,24305.55,24311.55
1777869900000,24312.55,24325.05,24311.55,24321.45
1777870800000,24321.05,24333.05,24317.45,24331.55
1777871700000,24331.55,24374.45,24330.55,24336.05
1777872600000,24337.05,24366.85,24332.55,24365.85
1777873500000,24366.850000000002,24372.850000000002,24343.45,24363.05
1777874400000,24363.850000000002,24378.45,24347.65,24356.25
1777875300000,24357.65,24365.65,24334.65,24347.65
1777876200000,24350.65,24361.65,24280.25,24281.25
1777877100000,24280.25,24300.25,24266.25,24296.25
1777878000000,24280.85,24316.25,24242.25,24299.25
1777878900000,24298.25,24358.25,24296.25,24340.25
1777879800000,24341.25,24377.25,24313.25,24375.25
1777880700000,24376.25,24390.25,24327.25,24328.25
1777881600000,24325.25,24335.25,24272.25,24291.25
1777882500000,24290.25,24321.25,24273.16,24313.25
1777883400000,24314.25,24326.25,24293.25,24295.25
1777884300000,24296.25,24300.05,24272.05,24281.05
1777885200000,24279.05,24328.05,24275.05,24323.05
1777886100000,24322.05,24349.05,24316.05,24342.05
1777887000000,24341.05,24375.05,24338.05,24363.05
1777887900000,24364.05,24386.05,24347.05,24359.05
1777888800000,24361.25,24380.05,24045.25,24084.25
1777889700000,24087.25,24189.25,24050.25,24179.25
1777890600000,24178.25,24315.45,24153.25,24265.25
1777891500000,24263.25,24298.25,24250.25,24252.25
1777892400000,24259.45,24293.25,24224.25,24251.25
1777893300000,24250.25,24292.25,24247.25,24247.25
1777894200000,24245.25,24252.25,24182.25,24231.25
1777895100000,24230.25,24259.05,24207.25,24239.25
1777896000000,24244.25,24260.25,24232.25,24246.25
1777896900000,24245.25,24295.25,24228.25,24259.25
1777897800000,24258.25,24275.25,24217.25,24261.25
1777898700000,24260.25,24264.25,24220.25,24229.25
1777899600000,24226.25,24239.85,24138.25,24198.25
1777900500000,24199.25,24207.25,24165.25,24176.25
1777901400000,24177.25,24225.25,24155.25,24185.25
1777902300000,24184.25,24190.25,24158.25,24171.25
1777903200000,24172.25,24172.25,24094.95,24142.25
1777904100000,24141.25,24203.25,24139.25,24160.25
1777905000000,24161.25,24185.25,24153.25,24165.25
1777905900000,24166.25,24187.25,24093.25,24098.25
1777906800000,24096.25,24130.75,24064.45,24119.75
1777907700000,24118.75,24140.75,23950.75,24016.75
1777908600000,24015.75,24016.75,23936.66,23977.75
1777909500000,23975.75,23982.75,23904.75,23939.75
1777910400000,23936.350000000002,23949.75,23827.45,23863.75
1777911300000,23860.75,23941.95,23849.75,23903.75
1777912200000,23902.75,23920.75,23862.75,23862.75
1777913100000,23861.75,23875.75,23849.45,23860.75
1777914000000,23863.75,23915.75,23858.75,23900.75
1777914900000,23899.75,23970.75,23887.45,23961.75
1777915800000,23960.75,23963.75,23926.75,23949.75
1777916700000,23950.75,23958.75,23940.75,23940.75
1777917600000,23938.75,23958.75,23919.75,23919.75
1777918500000,23917.75,23918.75,23867.75,23882.75
1777919400000,23885.75,23887.75,23863.75,23872.75
1777920300000,23870.75,23879.75,23845.75,23869.75
1777921200000,23870.75,23902.75,23861.75,23898.75
1777922100000,23899.75,23905.75,23871.75,23892.75
1777923000000,23891.75,23901.75,23882.75,23883.75
1777923900000,23884.75,23904.75,23878.75,23889.85
1777924800000,23888.95,23892.95,23865.66,23876.66
1777925700000,23875.66,23884.66,23866.66,23882.66
1777926600000,23883.66,23886.66,23873.66,23874.66
1777927500000,23872.66,23878.82,23867.66,23878.82
1777932000000,23895.05,23913.05,23889.09,23901.81
1777932900000,23902.81,23910.81,23900.81,23904.81
1777933800000,23903.809999999998,23911.05,23898.05,23899.05
1777934700000,23898.05,23899.05,23883.05,23889.05
1777935600000,23890.05,23904.05,23884.05,23898.899999999998
1777936500000,23899.9,23899.9,23891.9,23895.9
1777937400000,23894.9,23897.9,23887.9,23889.18
1777938300000,23890.18,23901.63,23884.33,23897.63
1777939200000,23865.63,23925.63,23865.63,23918.05
1777940100000,23917.050000000003,23920.95,23873.65,23880.050000000003
1777941000000,23881.05,23888.65,23873.25,23883.75
1777941900000,23885.25,23903.25,23882.75,23898.25
1777942800000,23897.65,23898.65,23880.25,23891.65
1777943700000,23890.25,23898.25,23877.65,23883.050000000003
1777944600000,23882.05,23903.75,23860.25,23876.75
1777945500000,23877.75,23899.75,23876.75,23886.25
1777946400000,23886.75,23896.65,23881.25,23884.75
1777947300000,23883.75,23902.25,23883.75,23899.75
1777948200000,23900.75,23908.65,23895.75,23904.75
1777949100000,23905.25,23906.65,23881.25,23893.65
1777950000000,23892.25,23904.05,23882.75,23903.65
1777950900000,23904.25,23913.25,23897.25,23907.75
1777951800000,23906.75,23912.65,23904.25,23908.25
1777952700000,23908.65,23919.05,23905.75,23910.25
1777953600000,23909.25,23924.25,23905.25,23920.25
1777954500000,23923.05,23923.05,23907.75,23915.65
1777955400000,23914.25,23916.649999999998,23905.05,23911.25
1777956300000,23911.75,23929.05,23908.25,23910.25
1777957200000,23911.25,23915.05,23895.75,23911.65
1777958100000,23911.25,23923.050000000003,23907.65,23912.65
1777959000000,23914.050000000003,23939.050000000003,23907.65,23938.050000000003
1777959900000,23939.050000000003,23961.050000000003,23935.65,23944.050000000003
1777960800000,23943.05,23964.850000000002,23933.45,23934.850000000002
1777961700000,23935.449999999997,23940.85,23900.85,23902.85
1777962600000,23903.85,23955.85,23903.85,23953.85
1777963500000,23954.85,23996.35,23947.85,23996.35
1777964400000,23995.35,24048.35,23969.35,24043.35
1777965300000,24042.35,24079.35,24029.35,24078.35
1777966200000,24080.35,24192.35,24071.35,24147.35
1777967100000,24146.35,24150.35,24111.35,24114.35
1777968000000,24112.35,24169.35,24104.35,24165.35
1777968900000,24164.35,24224.35,24158.35,24199.35
1777969800000,24200.35,24224.35,24195.35,24207.35
1777970700000,24206.35,24234.35,24193.35,24228.35
1777971600000,24231.35,24231.35,24189.35,24219.35
1777972500000,24218.35,24232.35,24201.35,24210.35
1777973400000,24211.35,24244.35,24205.35,24241.35
1777974300000,24240.35,24256.35,24222.35,24244.35
1777975200000,24243.35,24251.35,24225.35,24231.35
1777976100000,24230.35,24242.35,24225.35,24233.35
1777977000000,24232.35,24300.35,24231.35,24244.35
1777977900000,24242.35,24281.35,24236.35,24277.35
1777978800000,24278.35,24311.35,24250.85,24265.85
1777979700000,24266.85,24312.85,24245.85,24295.85
1777980600000,24297.85,24345.85,24289.85,24339.85
1777981500000,24341.85,24343.85,24303.85,24305.85
1777982400000,24304.85,24349.85,24275.85,24346.85
1777983300000,24347.85,24371.35,24335.35,24361.949999999997
1777984200000,24364.35,24373.35,24298.35,24308.35
1777985100000,24307.35,24311.35,24281.35,24304.35
1777986000000,24305.35,24349.35,24299.35,24337.35
1777986900000,24336.35,24346.35,24313.35,24322.35
1777987800000,24326.35,24326.35,24248.85,24265.85
1777988700000,24266.85,24307.85,24265.85,24278.05
1777989600000,24281.449999999997,24317.85,24230.85,24253.85
1777990500000,24254.85,24277.35,24203.85,24251.35
1777991400000,24252.35,24274.25,24226.85,24269.25
1777992300000,24266.25,24305.75,24247.85,24305.75
1777993200000,24306.75,24362.35,24300.75,24360.35
1777994100000,24358.35,24382.35,24348.35,24376.35
1777995000000,24375.35,24412.35,24358.35,24398.35
1777995900000,24396.35,24420.35,24391.35,24393.35
1777996800000,24392.35,24395.35,24377.35,24388.35
1777997700000,24387.35,24389.35,24373.35,24383.35
1777998600000,24384.35,24384.35,24361.35,24370.35
1777999500000,24369.35,24377.35,24360.35,24362.35
1778000400000,24361.35,24368.35,24353.35,24366.35
1778001300000,24367.35,24380.35,24366.35,24374.35
1778002200000,24375.35,24395.35,24371.35,24371.35
1778003100000,24372.35,24372.35,24361.35,24368.35
1778004000000,24367.35,24379.35,24363.35,24375.35
1778004900000,24376.35,24386.35,24370.35,24381.35
1778005800000,24382.35,24389.35,24376.35,24388.35
1778006700000,24389.35,24392.35,24382.35,24388.35
1778007600000,24390.35,24394.35,24386.35,24386.35
1778008500000,24385.35,24400.35,24384.35,24399.149999999998
1778009400000,24395.149999999998,24417.35,24393.35,24412.35
1778010300000,24411.35,24411.35,24378.35,24400.449999999997
1778011200000,24399.45,24409.27,24391.55,24405.27
1778012100000,24404.27,24453.27,24389.27,24445.27
1778013000000,24446.27,24446.27,24425.15,24427.31
1778013900000,24427.74,24435.2,24423.04,24429.2
1778018400000,24445.25,24454.25,24436.25,24440.25
1778019300000,24439.25,24449.25,24435.25,24449.25
1778020200000,24448.25,24454.5,24444.5,24449.5
1778021100000,24448.5,24547.81,24448.5,24527.96
1778022000000,24528.96,24543.25,24509.96,24541.25
1778022900000,24542.25,24544.25,24523.41,24525.41
1778023800000,24524.410000000003,24536.410000000003,24521.83,24522.83
1778024700000,24521.829999999998,24535.25,24519.53,24521.25
1778025600000,24535.25,24545.25,24504.25,24506.25
1778026500000,24488.15,24529.45,24488.15,24503.95
1778027400000,24505.45,24523.45,24501.45,24517.95
1778028300000,24519.850000000002,24547.45,24510.95,24543.45
1778029200000,24542.95,24564.850000000002,24539.95,24560.850000000002
1778030100000,24561.850000000002,24563.45,24536.45,24539.95
1778031000000,24539.95,24548.95,24527.95,24538.45
1778031900000,24537.95,24543.850000000002,24514.95,24520.95
1778032800000,24519.95,24529.95,24510.95,24518.45
1778033700000,24517.95,24529.25,24501.45,24501.45
1778034600000,24501.85,24510.85,24486.85,24491.449999999997
1778035500000,24490.850000000002,24495.45,24482.45,24485.850000000002
1778036400000,24486.850000000002,24504.45,24482.95,24501.45
1778037300000,24500.45,24516.25,24494.95,24509.25
1778038200000,24510.25,24540.95,24508.95,24530.95
1778039100000,24531.45,24533.45,24514.45,24516.25
1778040000000,24515.85,24537.449999999997,24513.85,24537.25
1778040900000,24538.25,24554.85,24531.85,24547.85
1778041800000,24549.25,24554.45,24534.95,24549.45
1778042700000,24548.95,24587.45,24547.95,24567.25
1778043600000,24568.25,24568.25,24543.95,24548.45
1778044500000,24549.45,24549.45,24524.95,24534.850000000002
1778045400000,24534.45,24574.45,24534.45,24559.45
1778046300000,24558.850000000002,24603.25,24556.45,24602.25
1778047200000,24597.95,24629.85,24581.05,24587.05
1778048100000,24586.05,24615.05,24577.05,24595.649999999998
1778049000000,24596.050000000003,24610.050000000003,24573.65,24606.65
1778049900000,24607.05,24626.05,24601.05,24619.05
1778050800000,24621.649999999998,24719.05,24611.05,24692.05
1778051700000,24693.05,24701.05,24665.05,24685.05
1778052600000,24686.05,24706.05,24657.05,24705.05
1778053500000,24706.05,24761.05,24699.05,24754.05
1778054400000,24755.05,24784.05,24745.05,24758.05
1778055300000,24757.05,24769.05,24747.05,24759.05
1778056200000,24758.05,24803.05,24751.05,24792.05
1778057100000,24793.05,25060.649999999998,24788.96,24993.25
1778058000000,24988.25,25018.05,24927.55,24947.55
1778058900000,24948.55,24979.55,24917.55,24919.55
1778059800000,24918.55,25012.55,24912.55,25001.55
1778060700000,25002.55,25018.55,24967.55,25014.55
1778061600000,25015.55,25046.55,24996.55,25016.55
1778062500000,25017.55,25050.55,25000.55,25019.55
1778063400000,25018.55,25066.55,25013.55,25064.55
1778064300000,25065.55,25135.55,25032.55,25106.55
1778065200000,25100.55,25144.55,25085.55,25117.55
1778066100000,25118.55,25123.55,25072.55,25081.55
1778067000000,25082.55,25106.55,25039.55,25041.55
1778067900000,25042.55,25063.55,25001.55,25016.55
1778068800000,25015.55,25021.55,24850.75,24890.75
1778069700000,24891.75,24936.55,24818.75,24925.55
1778070600000,24927.550000000003,24934.550000000003,24902.65,24916.050000000003
1778071500000,24917.05,24937.05,24901.05,24927.05
1778072400000,24925.05,24942.05,24860.05,24909.05
1778073300000,24908.05,24930.05,24887.05,24901.05
1778074200000,24902.05,24912.05,24855.55,24864.55
1778075100000,24865.55,24875.55,24823.55,24865.55
1778076000000,24867.55,24914.85,24835.05,24905.85
1778076900000,24906.85,24925.85,24875.85,24880.85
1778077800000,24879.85,24984.85,24876.85,24970.05
1778078700000,24973.050000000003,24977.050000000003,24916.65,24945.050000000003
1778079600000,24946.05,24953.05,24911.05,24928.05
1778080500000,24927.05,24967.55,24920.05,24946.55
1778081400000,24945.55,24960.55,24892.55,24910.55
1778082300000,24911.55,24921.55,24896.55,24903.55
1778083200000,24904.55,24918.55,24896.55,24916.55
1778084100000,24915.55,24922.55,24911.55,24912.55
1778085000000,24913.55,24931.55,24912.55,24920.55
1778085900000,24919.55,24923.55,24879.55,24894.55
1778086800000,24893.55,24915.55,24888.55,24894.55
1778087700000,24893.55,24896.55,24885.55,24892.55
1778088600000,24893.55,24898.55,24881.55,24895.05
1778089500000,24896.05,24902.05,24894.05,24902.05
1778090400000,24904.05,24920.85,24899.05,24916.25
1778091300000,24917.25,24928.25,24916.25,24920.25
1778092200000,24919.25,24925.25,24914.75,24916.75
1778093100000,24917.75,24928.05,24916.75,24923.05
1778094000000,24922.05,24941.05,24922.05,24938.05
1778094900000,24937.05,24943.05,24927.05,24929.05
1778095800000,24926.05,24941.05,24920.05,24939.05
1778096700000,24938.05,24963.05,24931.05,24931.149999999998
1778097600000,24930.15,24955.620000000003,24914.15,24948.620000000003
1778098500000,24949.62,24957.62,24939.62,24951.62
1778099400000,24952.62,24952.62,24929.34,24933.34
1778100300000,24934.34,24934.34,24920.34,24931.34
1778104800000,24908.85,24922.85,24899.85,24909.87
1778105700000,24908.87,24917.87,24896.85,24900.85
1778106600000,24899.85,24911.85,24896.85,24907.85
1778107500000,24906.850000000002,24912.420000000002,24902.7,24905.7
1778108400000,24904.7,24914.7,24901.7,24902.260000000002
1778109300000,24903.26,24911.85,24898.34,24907.85
1778110200000,24906.85,24909.85,24900.85,24905.57
1778111100000,24906.57,24917.57,24898.28,24906.719999999998
1778112000000,24899.72,24925.72,24893.72,24922.710000000003
1778112900000,24921.71,24921.71,24891.05,24916.45
1778113800000,24916.05,24935.35,24914.55,24926.45
1778114700000,24925.05,24935.05,24920.55,24929.55
1778115600000,24928.55,24957.45,24909.55,24941.05
1778116500000,24942.05,24954.05,24937.55,24945.55
1778117400000,24943.45,24975.85,24938.05,24973.45
1778118300000,24973.05,24982.850000000002,24956.45,24956.45
1778119200000,24957.45,24969.35,24946.55,24947.05
1778120100000,24948.55,24965.350000000002,24945.95,24964.95
1778121000000,24965.95,24968.55,24945.05,24947.55
1778121900000,24947.05,24956.55,24942.55,24946.05
1778122800000,24947.05,24948.05,24931.05,24939.05
1778123700000,24939.05,24952.95,24931.55,24945.55
1778124600000,24945.95,24951.35,24940.05,24946.95
1778125500000,24945.95,24945.95,24933.05,24933.55
1778126400000,24931.05,24950.55,24926.05,24947.95
1778127300000,24947.55,24949.350000000002,24938.95,24944.55
1778128200000,24944.95,24956.35,24935.05,24943.35
1778129100000,24941.55,24961.55,24939.55,24949.95
1778130000000,24950.949999999997,24963.55,24935.35,24941.35
1778130900000,24939.55,24939.55,24908.95,24914.95
1778131800000,24915.55,24935.55,24915.05,24926.45
1778132700000,24925.05,24931.449999999997,24911.35,24914.85
1778133600000,24913.45,24930.65,24899.75,24899.75
1778134500000,24899.350000000002,24928.15,24898.15,24917.15
1778135400000,24913.15,24965.15,24903.15,24954.15
1778136300000,24953.15,24954.15,24926.15,24954.15
1778137200000,24955.15,25001.15,24912.15,24988.15
1778138100000,24987.15,24992.15,24933.15,24980.15
1778139000000,24981.15,25009.15,24972.15,24978.15
1778139900000,24977.15,24982.15,24930.15,24941.15
1778140800000,24942.15,24956.15,24930.15,24955.15
1778141700000,24954.15,24969.15,24905.15,24930.15
1778142600000,24931.15,24949.15,24921.15,24922.15
1778143500000,24920.15,24928.15,24868.15,24878.15
1778144400000,24877.15,24892.15,24868.15,24884.15
1778145300000,24886.15,24906.15,24879.15,24900.15
1778146200000,24898.15,24912.15,24893.15,24901.15
1778147100000,24902.15,24906.15,24853.65,24867.65
1778148000000,24865.649999999998,24874.149999999998,24835.35,24863.149999999998
1778148900000,24862.15,24881.15,24851.15,24861.65
1778149800000,24863.65,24894.65,24847.65,24886.65
1778150700000,24885.65,24890.65,24844.65,24847.65
1778151600000,24850.65,24865.65,24832.65,24863.65
1778152500000,24864.65,24879.65,24855.65,24861.65
1778153400000,24862.65,24885.65,24853.65,24875.65
1778154300000,24874.65,24875.65,24844.15,24855.15
1778155200000,24853.15,24877.15,24849.15,24865.15
1778156100000,24862.15,24908.15,24861.15,24905.75
1778157000000,24906.75,24925.15,24899.15,24916.15
1778157900000,24917.15,24939.15,24893.15,24909.15
1778158800000,24907.15,24907.15,24846.15,24849.15
1778159700000,24850.15,24872.15,24843.15,24845.15
1778160600000,24843.15,24863.15,24803.15,24806.15
1778161500000,24807.15,24813.15,24755.15,24799.15
1778162400000,24798.15,24802.15,24748.15,24771.15
1778163300000,24770.15,24774.15,24714.65,24742.65
1778164200000,24743.65,24760.65,24722.65,24724.65
1778165100000,24725.65,24747.45,24715.65,24741.65
1778166000000,24740.65,24744.65,24701.65,24720.65
1778166900000,24719.65,24720.65,24630.65,24656.65
1778167800000,24662.65,24673.65,24631.65,24652.15
1778168700000,24651.15,24656.15,24595.15,24607.15
1778169600000,24608.15,24621.15,24566.15,24575.15
1778170500000,24574.15,24604.15,24550.15,24597.15
1778171400000,24596.15,24611.15,24550.15,24562.15
1778172300000,24561.15,24562.15,24534.15,24546.15
1778173200000,24551.15,24567.15,24538.15,24551.15
1778174100000,24550.15,24560.15,24427.15,24460.15
1778175000000,24461.15,24497.15,24443.75,24475.15
1778175900000,24474.149999999998,24501.149999999998,24438.35,24498.149999999998
1778176800000,24500.15,24513.15,24477.15,24486.15
1778177700000,24487.15,24506.15,24468.65,24475.65
1778178600000,24476.649999999998,24488.649999999998,24414.35,24432.649999999998
1778179500000,24434.65,24466.65,24416.65,24464.65
1778180400000,24465.65,24487.65,24446.65,24472.65
1778181300000,24471.65,24475.65,24402.15,24426.15
1778182200000,24429.15,24459.15,24423.75,24443.15
1778183100000,24442.15,24457.15,24398.15,24409.25
1778184000000,24409.25,24469.64,24388.35,24427.53
1778184900000,24428.53,24434.53,24414.53,24419.37
1778185800000,24418.37,24425.37,24368.48,24397.36
1778186700000,24396.359999999997,24405.359999999997,24368.94,24376.94
1778191200000,24340.95,24394.52,24340.95,24383.95
1778192100000,24384.95,24417.09,24373.95,24408.09
1778193000000,24409.09,24410.09,24372.09,24386.09
1778193900000,24385.09,24388.09,24371.09,24379.09
1778194800000,24380.09,24395.09,24375.09,24386.09
1778195700000,24387.09,24403.09,24386.09,24397.52
1778196600000,24398.52,24408.37,24393.52,24404.8
1778197500000,24405.8,24436.079999999998,24399.8,24435.079999999998
1778198400000,24444.08,24474.22,24440.79,24459.22
1778199300000,24458.22,24478.550000000003,24425.65,24435.550000000003
1778200200000,24436.15,24453.15,24427.15,24431.95
1778201100000,24431.65,24443.65,24416.15,24443.65
1778202000000,24444.15,24478.95,24443.65,24467.15
1778202900000,24466.65,24471.95,24452.65,24455.65
1778203800000,24460.15,24460.550000000003,24432.65,24445.65
1778204700000,24446.65,24452.95,24433.65,24441.550000000003
1778205600000,24441.65,24452.15,24432.65,24442.65
1778206500000,24443.65,24452.15,24428.65,24441.15
1778207400000,24440.65,24446.95,24399.65,24428.65
1778208300000,24427.65,24472.65,24427.65,24442.95
1778209200000,24443.95,24453.95,24433.55,24435.95
1778210100000,24437.95,24446.55,24429.95,24438.55
1778211000000,24439.149999999998,24466.95,24438.55,24452.649999999998
1778211900000,24451.65,24455.95,24434.95,24449.95
1778212800000,24446.649999999998,24457.95,24438.55,24444.149999999998
1778213700000,24446.15,24453.550000000003,24426.65,24450.65
1778214600000,24451.65,24456.15,24422.65,24429.65
1778215500000,24429.649999999998,24470.55,24425.55,24456.149999999998
1778216400000,24456.550000000003,24470.550000000003,24442.15,24454.65
1778217300000,24455.15,24468.95,24444.95,24454.65
1778218200000,24452.65,24478.95,24452.65,24468.550000000003
1778219100000,24469.95,24478.95,24460.15,24465.550000000003
1778220000000,24464.95,24490.75,24426.75,24474.35
1778220900000,24474.75,24502.75,24470.75,24478.75
1778221800000,24479.75,24485.75,24434.75,24449.75
1778222700000,24449.35,24456.75,24429.75,24455.75
1778223600000,24454.95,24463.75,24384.75,24402.25
1778224500000,24401.25,24440.25,24399.25,24434.25
1778225400000,24435.25,24447.25,24407.25,24430.25
1778226300000,24431.25,24468.25,24410.25,24466.25
1778227200000,24469.25,24470.25,24397.25,24405.25
1778228100000,24403.25,24434.25,24402.25,24408.25
1778229000000,24409.25,24441.25,24405.25,24407.25
1778229900000,24406.25,24423.25,24379.25,24390.25
1778230800000,24394.25,24458.25,24386.25,24446.25
1778231700000,24447.25,24486.25,24431.25,24473.25
1778232600000,24474.25,24492.25,24458.25,24479.25
1778233500000,24478.25,24484.25,24404.25,24425.25
1778234400000,24424.25,24442.25,24403.25,24411.25
1778235300000,24412.25,24454.25,24407.25,24437.25
1778236200000,24436.25,24476.25,24435.25,24474.25
1778237100000,24473.25,24474.25,24410.25,24461.25
1778238000000,24460.25,24476.25,24436.25,24448.25
1778238900000,24447.25,24459.25,24419.25,24433.25
1778239800000,24434.25,24436.25,24393.25,24393.25
1778240700000,24394.25,24418.25,24383.25,24413.25
1778241600000,24411.25,24422.25,24392.25,24408.25
1778242500000,24407.25,24422.25,24397.25,24409.45
1778243400000,24410.45,24454.25,24404.25,24417.25
1778244300000,24416.25,24421.25,24350.45,24376.25
1778245200000,24375.25,24402.25,24359.25,24370.25
1778246100000,24371.25,24430.25,24363.25,24426.25
1778247000000,24428.25,24440.25,24392.25,24417.25
1778247900000,24418.25,24459.25,24416.25,24459.25
1778248800000,24458.25,24459.45,24367.25,24379.25
1778249700000,24377.25,24399.25,24361.25,24363.25
1778250600000,24361.25,24363.25,24311.25,24331.25
1778251500000,24332.25,24338.25,24306.25,24313.25
1778252400000,24310.25,24318.25,24278.25,24282.25
1778253300000,24283.25,24292.25,24263.25,24285.25
1778254200000,24286.25,24340.25,24250.25,24301.25
1778255100000,24302.25,24334.25,24295.25,24332.25
1778256000000,24331.25,24361.25,24331.25,24337.25
1778256900000,24338.25,24343.25,24327.25,24338.25
1778257800000,24339.25,24339.25,24313.25,24319.25
1778258700000,24318.25,24336.05,24315.25,24316.25
1778259600000,24315.25,24340.25,24311.25,24340.25
1778260500000,24339.25,24349.25,24334.25,24340.25
1778261400000,24341.25,24344.25,24316.25,24322.25
1778262300000,24323.25,24324.25,24308.45,24320.25
1778263200000,24318.25,24365.85,24318.25,24337.25
1778264100000,24336.25,24343.25,24326.25,24331.75
1778265000000,24330.75,24342.75,24324.75,24324.75
1778265900000,24323.75,24330.75,24301.75,24310.75
1778266800000,24309.75,24327.75,24309.75,24325.75
1778267700000,24324.75,24349.75,24323.75,24345.75
1778268600000,24344.75,24393.75,24341.75,24385.75
1778269500000,24384.75,24400.55,24366.75,24381.85
1778270400000,24378.95,24387.95,24369.95,24373.95
1778271300000,24372.95,24376.95,24361.23,24372.95
1778272200000,24370.95,24375.95,24367.95,24374.95
1778273100000,24373.95,24378.95,24369.95,24372.95
1778450400000,24278.95,24295.04,24257.95,24278.95
1778451300000,24280.95,24280.95,24240.95,24278.670000000002
1778452200000,24277.67,24279.67,24274.67,24278.67
1778453100000,24279.67,24313.949999999997,24278.67,24306.23
1778454000000,24308.23,24328.95,24304.52,24316.95
1778454900000,24315.95,24327.95,24309.95,24310.95
1778455800000,24311.95,24314.95,24295.95,24305.95
1778456700000,24306.95,24311.95,24295.95,24301.95
1778457600000,24291.95,24313.95,24288.95,24305.95
1778458500000,24303.850000000002,24303.850000000002,24244.65,24263.550000000003
1778459400000,24260.55,24271.55,24254.55,24266.149999999998
1778460300000,24266.550000000003,24283.15,24209.15,24238.65
1778461200000,24238.15,24255.15,24223.15,24246.65
1778462100000,24247.15,24272.550000000003,24240.65,24263.65
1778463000000,24262.65,24271.15,24249.65,24252.65
1778463900000,24254.15,24264.15,24243.65,24256.65
1778464800000,24257.15,24265.15,24244.65,24256.65
1778465700000,24257.15,24271.550000000003,24245.65,24267.550000000003
1778466600000,24268.149999999998,24272.55,24254.55,24261.149999999998
1778467500000,24259.65,24263.95,24243.65,24251.15
1778468400000,24249.649999999998,24261.55,24230.55,24259.149999999998
1778469300000,24260.149999999998,24270.149999999998,24248.55,24268.149999999998
1778470200000,24269.65,24281.15,24262.65,24275.15
1778471100000,24274.649999999998,24292.149999999998,24272.55,24281.55
1778472000000,24280.15,24283.15,24267.65,24276.15
1778472900000,24275.65,24295.95,24275.65,24291.15
1778473800000,24290.15,24292.15,24273.15,24274.550000000003
1778474700000,24275.149999999998,24277.149999999998,24253.55,24261.55
1778475600000,24262.95,24266.95,24247.95,24251.15
1778476500000,24251.65,24270.15,24250.15,24263.95
1778477400000,24263.55,24273.95,24235.95,24238.55
1778478300000,24238.95,24267.15,24232.65,24259.15
1778479200000,24258.15,24275.35,24252.75,24267.75
1778480100000,24266.35,24271.75,24247.75,24268.75
1778481000000,24267.75,24271.75,24249.75,24263.75
1778481900000,24262.75,24292.75,24256.75,24289.75
1778482800000,24287.75,24331.75,24282.75,24302.75
1778483700000,24300.75,24321.75,24278.66,24282.75
1778484600000,24281.75,24297.75,24244.75,24282.75
1778485500000,24281.75,24294.75,24267.75,24280.75
1778486400000,24283.75,24301.75,24258.75,24296.75
1778487300000,24297.75,24338.75,24292.75,24314.75
1778488200000,24313.75,24351.75,24312.95,24329.75
1778489100000,24328.75,24330.75,24275.75,24276.75
1778490000000,24274.75,24283.75,24260.75,24271.75
1778490900000,24270.75,24290.75,24269.75,24284.75
1778491800000,24283.75,24331.75,24279.75,24327.75
1778492700000,24328.75,24344.75,24292.75,24292.75
1778493600000,24289.75,24303.75,24265.75,24284.75
1778494500000,24283.75,24291.75,24264.75,24285.75
1778495400000,24284.75,24300.75,24261.75,24279.75
1778496300000,24278.75,24292.75,24260.75,24278.75
1778497200000,24277.75,24300.75,24267.75,24278.75
1778498100000,24279.75,24281.75,24256.75,24267.75
1778499000000,24270.75,24282.75,24249.75,24249.75
1778499900000,24250.75,24252.75,24205.55,24223.75
1778500800000,24222.75,24224.75,24184.45,24206.25
1778501700000,24207.25,24245.75,24198.25,24242.75
1778502600000,24239.75,24262.75,24238.25,24238.25
1778503500000,24239.25,24246.75,24207.75,24246.75
1778504400000,24247.75,24282.25,24242.75,24278.25
1778505300000,24279.25,24284.25,24257.75,24278.25
1778506200000,24279.25,24307.75,24270.25,24289.75
1778507100000,24288.75,24322.75,24287.75,24301.75
1778508000000,24298.350000000002,24301.75,24251.95,24275.75
1778508900000,24277.75,24303.75,24277.75,24287.75
1778509800000,24286.75,24287.75,24240.75,24277.75
1778510700000,24276.75,24291.75,24256.75,24277.25
1778511600000,24275.25,24310.25,24269.25,24304.25
1778512500000,24305.25,24345.25,24295.25,24336.25
1778513400000,24335.25,24339.25,24304.25,24309.25
1778514300000,24308.25,24322.25,24300.25,24311.25
1778515200000,24309.25,24312.25,24297.25,24300.25
1778516100000,24299.25,24311.25,24296.25,24302.25
1778517000000,24303.25,24303.25,24238.25,24248.25
1778517900000,24247.25,24258.25,24231.75,24241.75
1778518800000,24242.75,24245.75,24226.75,24238.75
1778519700000,24237.75,24263.25,24230.75,24258.25
1778520600000,24259.25,24278.75,24259.25,24276.75
1778521500000,24275.75,24277.75,24260.75,24266.75
1778522400000,24267.75,24286.75,24266.75,24271.75
1778523300000,24270.75,24275.75,24259.25,24271.75
1778524200000,24270.75,24275.75,24259.75,24262.75
1778525100000,24263.75,24267.75,24246.75,24247.75
1778526000000,24248.75,24263.75,24243.75,24256.75
1778526900000,24255.75,24256.75,24238.25,24239.25
1778527800000,24241.25,24241.25,24225.25,24229.25
1778528700000,24228.25,24274.25,24228.25,24271.35
1778529600000,24272.350000000002,24274.45,24227.95,24253.95
1778530500000,24252.95,24259.38,24243.95,24258.38
1778531400000,24257.38,24266.38,24256.38,24261.38
1778532300000,24260.38,24268.31,24251.31,24260.88
1778536800000,24266.25,24285.25,24262.25,24283.25
1778537700000,24282.25,24289.25,24281.25,24285.25
1778538600000,24286.25,24295.25,24285.25,24294.25
1778539500000,24295.25,24297.25,24286.25,24287.25
1778540400000,24288.25,24289.25,24281.25,24284.25
1778541300000,24283.25,24286.97,24274.25,24285.97
1778542200000,24284.97,24287.97,24277.97,24280.97
1778543100000,24279.97,24280.97,24266.25,24275.25
1778544000000,24274.25,24274.25,24245.27,24247.27
1778544900000,24248.269999999997,24255.449999999997,24223.85,24234.949999999997
1778545800000,24236.45,24243.45,24218.45,24222.25
1778546700000,24221.95,24233.45,24220.45,24222.95
1778547600000,24222.45,24230.95,24197.95,24203.95
1778548500000,24204.95,24204.95,24133.45,24142.95
1778549400000,24141.95,24146.95,24048.45,24113.45
1778550300000,24110.45,24140.45,24109.45,24118.45
1778551200000,24117.95,24165.45,24108.95,24159.45
1778552100000,24160.45,24161.45,24136.45,24156.45
1778553000000,24154.45,24161.95,24137.45,24144.350000000002
1778553900000,24144.45,24183.350000000002,24143.45,24175.95
1778554800000,24175.45,24183.75,24151.45,24159.45
1778555700000,24159.45,24160.95,24143.45,24149.350000000002
1778556600000,24150.75,24168.95,24150.75,24165.35
1778557500000,24165.75,24166.95,24125.45,24130.45
1778558400000,24131.45,24147.95,24122.95,24126.350000000002
1778559300000,24126.95,24146.95,24122.45,24134.45
1778560200000,24135.449999999997,24142.949999999997,24129.35,24141.449999999997
1778561100000,24139.45,24152.75,24108.95,24115.45
1778562000000,24104.95,24140.350000000002,24103.95,24124.45
1778562900000,24126.45,24141.75,24117.45,24132.75
1778563800000,24133.350000000002,24148.350000000002,24116.45,24137.45
1778564700000,24139.350000000002,24157.75,24134.95,24152.95
1778565600000,24153.45,24167.75,24141.15,24156.550000000003
1778566500000,24155.55,24162.55,24128.55,24132.55
1778567400000,24133.55,24137.55,24104.55,24119.55
1778568300000,24118.55,24123.55,24038.85,24051.85
1778569200000,24047.85,24072.05,23996.85,24067.05
1778570100000,24066.05,24131.95,24048.05,24131.95
1778571000000,24129.95,24182.55,24129.95,24161.55
1778571900000,24160.55,24171.55,24116.55,24119.55
1778572800000,24120.55,24136.55,24089.55,24116.55
1778573700000,24117.55,24163.55,24100.55,24135.55
1778574600000,24137.55,24150.55,24121.55,24143.55
1778575500000,24142.55,24175.55,24107.55,24120.75
1778576400000,24119.25,24131.55,24091.55,24127.55
1778577300000,24129.55,24141.55,24113.55,24136.55
1778578200000,24138.55,24200.55,24121.55,24121.55
1778579100000,24120.55,24128.55,24078.05,24087.05
1778580000000,24089.05,24108.55,24079.05,24091.55
1778580900000,24090.55,24100.55,24074.55,24099.55
1778581800000,24100.55,24101.55,24065.55,24072.55
1778582700000,24071.55,24084.55,24058.55,24080.55
1778583600000,24083.55,24139.55,24059.55,24089.55
1778584500000,24090.55,24093.55,24064.55,24081.55
1778585400000,24083.55,24104.55,24063.55,24095.55
1778586300000,24096.55,24098.55,24069.55,24077.55
1778587200000,24078.55,24087.55,24036.55,24051.55
1778588100000,24050.15,24077.55,24040.75,24048.75
1778589000000,24034.75,24109.55,24032.55,24100.55
1778589900000,24101.55,24150.55,24101.55,24124.55
1778590800000,24123.55,24127.55,24078.55,24082.55
1778591700000,24081.55,24089.55,24032.55,24036.55
1778592600000,24038.55,24050.55,24017.55,24025.55
1778593500000,24024.55,24041.55,24002.55,24015.55
1778594400000,24021.55,24055.55,24006.55,24049.55
1778595300000,24051.55,24059.55,24006.55,24026.55
1778596200000,24025.55,24029.55,23990.55,24019.55
1778597100000,24018.55,24023.55,23958.05,23962.05
1778598000000,23966.05,23970.05,23925.05,23938.55
1778598900000,23939.55,23957.55,23909.55,23956.55
1778599800000,23955.55,23966.55,23925.55,23958.55
1778600700000,23959.55,23967.55,23943.55,23946.55
1778601600000,23947.55,23971.55,23932.55,23967.55
1778602500000,23966.55,23983.55,23955.55,23961.55
1778603400000,23962.55,23978.55,23947.55,23966.55
1778604300000,23967.55,23972.55,23956.55,23971.55
1778605200000,23970.550000000003,24005.550000000003,23970.15,23995.550000000003
1778606100000,23994.55,24026.55,23994.55,23998.55
1778607000000,23999.55,24010.55,23993.55,24001.55
1778607900000,24002.55,24012.55,23999.55,24005.55
1778608800000,24004.55,24013.55,23989.55,24002.55
1778609700000,24003.55,24036.55,24002.55,24025.55
1778610600000,24024.55,24032.55,24018.55,24029.55
1778611500000,24030.55,24037.55,24020.55,24024.55
1778612400000,24023.55,24048.55,24021.55,24044.55
1778613300000,24045.55,24048.55,24024.55,24028.55
1778614200000,24029.55,24050.55,24029.55,24049.55
1778615100000,24048.55,24064.55,24033.55,24042.649999999998
1778616000000,24043.65,24043.65,24003.15,24019.15
1778616900000,24018.15,24027.15,24005.15,24015.15
1778617800000,24017.15,24023.030000000002,24003.15,24016.870000000003
1778618700000,24015.87,24026.87,24015.87,24017.87
1778623200000,24021.55,24033.55,24015.55,24027.55
1778624100000,24026.55,24042.55,24026.55,24038.27
1778625000000,24039.27,24042.27,24030.55,24031.55
1778625900000,24032.55,24036.55,24019.55,24020.55
1778626800000,24019.55,24029.55,24011.55,24018.55
1778627700000,24019.55,24023.55,24010.27,24016.43
1778628600000,24017.43,24017.43,23983.55,23986.829999999998
1778629500000,23985.829999999998,24000.23,23982.96,23983.55
1778630400000,23977.55,23990.55,23967.55,23973.55
1778631300000,23974.55,24032.25,23954.45,24006.25
1778632200000,24008.25,24024.75,23990.25,24011.25
1778633100000,24012.75,24024.75,24002.25,24020.15
1778634000000,24018.75,24042.25,24017.25,24033.25
1778634900000,24033.75,24051.75,24015.25,24050.25
1778635800000,24050.25,24057.75,24034.75,24050.25
1778636700000,24051.25,24066.15,24034.75,24040.55
1778637600000,24041.55,24050.25,24031.75,24033.25
1778638500000,24033.25,24044.75,24031.25,24038.75
1778639400000,24038.25,24044.75,24028.75,24036.75
1778640300000,24040.25,24052.55,24026.75,24031.25
1778641200000,24030.25,24052.15,24026.25,24040.25
1778642100000,24041.25,24049.55,24040.25,24048.55
1778643000000,24047.55,24077.55,24047.55,24074.149999999998
1778643900000,24072.15,24079.75,24064.15,24072.550000000003
1778644800000,24071.15,24075.550000000003,24066.15,24072.25
1778645700000,24071.75,24074.75,24059.15,24070.15
1778646600000,24070.55,24091.15,24060.75,24088.75
1778647500000,24089.75,24103.55,24081.75,24101.15
1778648400000,24101.75,24120.55,24070.25,24115.15
1778649300000,24113.75,24118.55,24095.75,24107.75
1778650200000,24110.75,24125.15,24103.25,24122.55
1778651100000,24123.550000000003,24130.15,24116.15,24126.550000000003
1778652000000,24125.149999999998,24136.35,24113.35,24129.35
1778652900000,24130.35,24159.35,24130.35,24151.35
1778653800000,24150.35,24170.35,24148.35,24162.35
1778654700000,24163.35,24163.35,24141.35,24156.35
1778655600000,24167.35,24190.35,24091.35,24108.35
1778656500000,24110.35,24128.35,24077.35,24079.35
1778657400000,24078.35,24161.35,24076.35,24136.35
1778658300000,24137.35,24142.35,24098.35,24125.35
1778659200000,24124.35,24184.35,24098.35,24181.35
1778660100000,24182.35,24208.35,24174.35,24194.35
1778661000000,24193.35,24199.35,24137.35,24149.35
1778661900000,24148.35,24153.35,24108.35,24128.35
1778662800000,24129.35,24148.35,24085.55,24090.35
1778663700000,24088.35,24108.35,24074.35,24078.149999999998
1778664600000,24079.149999999998,24087.35,24057.35,24083.35
1778665500000,24082.35,24141.35,24082.35,24131.35
1778666400000,24132.35,24158.35,24109.35,24122.35
1778667300000,24123.35,24128.35,24079.35,24085.35
1778668200000,24084.35,24125.35,24074.35,24123.35
1778669100000,24125.35,24128.35,24099.35,24100.35
1778670000000,24103.35,24114.35,24085.35,24102.35
1778670900000,24101.35,24117.35,24099.35,24112.35
1778671800000,24113.35,24150.35,24108.35,24144.35
1778672700000,24146.35,24169.35,24144.35,24161.35
1778673600000,24162.35,24174.35,24141.35,24146.35
1778674500000,24145.35,24145.35,24067.35,24073.55
1778675400000,24041.55,24057.35,23986.35,24012.35
1778676300000,24013.35,24055.35,24009.35,24043.35
1778677200000,24045.35,24072.35,24045.35,24066.35
1778678100000,24067.35,24077.35,24053.35,24055.35
1778679000000,24056.35,24097.35,24045.35,24087.35
1778679900000,24086.35,24100.35,24052.35,24077.35
1778680800000,24076.35,24108.35,24074.35,24080.35
1778681700000,24079.35,24097.35,24056.35,24087.35
1778682600000,24088.35,24121.35,24083.35,24107.35
1778683500000,24108.35,24130.35,24092.35,24094.35
1778684400000,24095.35,24102.35,24073.85,24081.85
1778685300000,24080.85,24093.85,24073.85,24081.85
1778686200000,24080.85,24150.35,24068.85,24126.35
1778687100000,24124.35,24124.35,24094.35,24100.35
1778688000000,24099.35,24129.35,24098.35,24125.35
1778688900000,24126.35,24173.35,24123.35,24153.35
1778689800000,24152.35,24162.85,24139.35,24152.85
1778690700000,24153.85,24170.85,24147.85,24160.85
1778691600000,24159.85,24169.649999999998,24156.85,24157.85
1778692500000,24158.85,24177.85,24155.05,24172.85
1778693400000,24171.85,24173.85,24155.85,24155.85
1778694300000,24156.85,24168.35,24153.35,24155.35
1778695200000,24154.35,24166.35,24153.35,24160.35
1778696100000,24161.35,24178.35,24161.35,24175.35
1778697000000,24176.35,24180.35,24168.35,24170.35
1778697900000,24169.35,24193.35,24169.35,24185.35
1778698800000,24186.35,24202.85,24184.35,24202.85
1778699700000,24201.85,24206.85,24196.85,24203.85
1778700600000,24202.85,24212.85,24196.85,24206.85
1778701500000,24205.85,24219.85,24191.85,24211.949999999997
1778702400000,24211.95,24228.85,24201.05,24225.85
1778703300000,24224.85,24229.85,24220.85,24229.85
1778704200000,24227.85,24243.85,24226.85,24240.85
1778705100000,24239.85,24239.85,24232.85,24236.05
1778709600000,24248.75,24258.7,24233.75,24243.75
1778710500000,24244.75,24253.75,24234.75,24238.75
1778711400000,24237.75,24252.75,24237.75,24252.75
1778712300000,24251.75,24264.75,24249.75,24251.75
1778713200000,24252.75,24273.75,24252.75,24266.6
1778714100000,24265.6,24268.75,24253.75,24255.75
1778715000000,24254.75,24260.75,24240.75,24248.64
1778715900000,24247.64,24256.75,24234.75,24250.75
1778716800000,24254.75,24260.75,24240.75,24258.75
1778717700000,24247.65,24281.65,24239.45,24247.45
1778718600000,24246.95,24267.45,24245.45,24265.45
1778719500000,24264.45,24276.95,24262.45,24272.95
1778720400000,24272.350000000002,24276.95,24258.45,24266.45
1778721300000,24265.45,24270.95,24240.45,24260.75
1778722200000,24260.35,24260.75,24224.35,24231.949999999997
1778723100000,24232.45,24233.95,24206.45,24206.95
1778724000000,24207.95,24218.95,24202.45,24211.45
1778724900000,24206.95,24221.75,24200.45,24212.75
1778725800000,24213.350000000002,24223.95,24206.45,24215.95
1778726700000,24216.95,24217.75,24189.45,24204.95
1778727600000,24204.350000000002,24217.75,24199.45,24212.45
1778728500000,24211.449999999997,24219.949999999997,24197.35,24219.35
1778729400000,24220.45,24222.95,24190.95,24201.75
1778730300000,24201.45,24212.45,24189.45,24196.45
1778731200000,24196.95,24199.35,24179.75,24193.95
1778732100000,24194.95,24202.75,24190.75,24197.75
1778733000000,24198.75,24221.35,24194.75,24216.45
1778733900000,24218.949999999997,24228.55,24198.35,24201.949999999997
1778734800000,24200.45,24214.75,24192.45,24204.350000000002
1778735700000,24204.75,24204.75,24176.35,24200.949999999997
1778736600000,24200.45,24209.75,24184.45,24193.95
1778737500000,24194.35,24238.449999999997,24194.35,24232.449999999997
1778738400000,24232.35,24279.55,24232.35,24256.55
1778739300000,24257.55,24283.55,24254.55,24278.55
1778740200000,24280.55,24315.55,24278.55,24315.55
1778741100000,24316.55,24333.55,24308.55,24316.55
1778742000000,24317.55,24378.55,24303.35,24360.55
1778742900000,24358.55,24384.35,24355.55,24377.05
1778743800000,24378.05,24390.05,24358.05,24371.05
1778744700000,24372.05,24388.05,24309.05,24313.05
1778745600000,24312.05,24360.05,24307.05,24358.05
1778746500000,24357.05,24397.05,24357.05,24390.05
1778747400000,24391.05,24419.05,24387.05,24401.05
1778748300000,24402.05,24414.05,24391.05,24406.05
1778749200000,24407.05,24418.05,24381.05,24404.05
1778750100000,24402.05,24430.05,24402.05,24425.05
1778751000000,24426.05,24434.05,24372.05,24410.05
1778751900000,24411.05,24450.05,24409.05,24431.05
1778752800000,24429.05,24479.05,24427.05,24458.05
1778753700000,24460.05,24472.05,24440.05,24442.05
1778754600000,24443.05,24446.05,24402.05,24411.05
1778755500000,24412.05,24463.05,24410.05,24436.05
1778756400000,24439.05,24467.05,24413.05,24452.05
1778757300000,24453.05,24468.05,24424.05,24431.05
1778758200000,24430.05,24453.05,24430.05,24442.05
1778759100000,24443.05,24474.05,24442.05,24454.05
1778760000000,24453.05,24471.05,24445.05,24448.05
1778760900000,24447.05,24457.05,24429.05,24432.05
1778761800000,24430.25,24440.05,24407.55,24409.55
1778762700000,24410.55,24428.55,24395.55,24425.55
1778763600000,24424.55,24429.55,24400.55,24421.55
1778764500000,24418.55,24423.55,24371.55,24371.55
1778765400000,24372.55,24386.55,24352.55,24361.55
1778766300000,24359.55,24368.55,24337.55,24343.55
1778767200000,24340.55,24417.55,24335.55,24406.55
1778768100000,24407.55,24436.55,24388.55,24428.55
1778769000000,24429.55,24459.55,24422.55,24439.55
1778769900000,24438.55,24452.55,24425.55,24441.55
1778770800000,24439.55,24458.55,24426.55,24433.55
1778771700000,24434.55,24451.55,24426.55,24435.55
1778772600000,24437.55,24468.55,24408.55,24417.55
1778773500000,24418.55,24425.55,24408.55,24417.55
1778774400000,24418.55,24422.55,24404.55,24405.55
1778775300000,24404.55,24428.55,24390.55,24396.55
1778776200000,24395.55,24404.55,24380.55,24382.55
1778777100000,24381.55,24388.55,24341.55,24360.55
1778778000000,24361.55,24376.55,24346.05,24348.05
1778778900000,24347.05,24350.05,24286.05,24302.05
1778779800000,24303.05,24335.05,24300.05,24325.05
1778780700000,24326.05,24337.05,24316.05,24319.05
1778781600000,24320.05,24320.05,24280.05,24312.05
1778782500000,24311.05,24348.05,24311.05,24342.05
1778783400000,24343.05,24354.05,24325.05,24333.05
1778784300000,24334.05,24352.05,24332.05,24351.05
1778785200000,24352.05,24356.05,24346.05,24349.05
1778786100000,24348.05,24356.05,24342.05,24342.05
1778787000000,24343.05,24346.05,24323.05,24326.05
1778787900000,24324.05,24325.05,24310.05,24316.149999999998
1778788800000,24308.15,24325.25,24308.15,24315.25
1778789700000,24314.25,24318.25,24288.36,24290.420000000002
1778790600000,24289.42,24300.42,24288.42,24294.42
1778791500000,24293.42,24304.42,24293.42,24303.42
1778796000000,24307.45,24322.440000000002,24300.45,24308.45
1778796900000,24307.45,24311.47,24295.45,24311.47
1778797800000,24310.47,24317.47,24309.47,24315.47
1778798700000,24314.47,24324.45,24312.47,24316.45
1778799600000,24317.45,24326.440000000002,24314.45,24325.440000000002
1778800500000,24326.44,24326.44,24313.44,24325.44
1778801400000,24327.44,24332.44,24322.44,24322.44
1778802300000,24321.44,24323.15,24293.59,24302.03
1778803200000,24301.03,24306.449999999997,24280.03,24304.449999999997
1778804100000,24305.449999999997,24330.05,24286.35,24309.149999999998
1778805000000,24309.65,24309.65,24254.15,24258.65
1778805900000,24260.15,24279.65,24254.15,24265.050000000003
1778806800000,24263.65,24267.65,24222.15,24233.65
1778807700000,24232.149999999998,24232.149999999998,24170.05,24184.45
1778808600000,24183.45,24184.45,24147.15,24178.15
1778809500000,24178.65,24180.65,24135.15,24136.65
1778810400000,24138.15,24145.65,24120.15,24125.65
1778811300000,24124.65,24148.050000000003,24116.65,24131.45
1778812200000,24129.65,24145.65,24118.15,24140.050000000003
1778813100000,24141.45,24199.050000000003,24129.65,24178.65
1778814000000,24177.15,24186.65,24159.15,24176.45
1778814900000,24175.050000000003,24176.65,24156.65,24162.65
1778815800000,24160.65,24165.45,24122.45,24143.05
1778816700000,24143.45,24166.65,24137.15,24165.15
1778817600000,24166.15,24167.65,24136.15,24156.65
1778818500000,24157.050000000003,24161.65,24128.65,24141.65
1778819400000,24142.050000000003,24152.65,24126.15,24130.45
1778820300000,24129.05,24131.45,24116.45,24118.45
1778821200000,24117.45,24122.45,24091.65,24112.65
1778822100000,24112.15,24119.65,24090.15,24110.050000000003
1778823000000,24110.649999999998,24112.05,24077.05,24082.649999999998
1778823900000,24081.649999999998,24085.45,24057.05,24082.45
1778824800000,24081.649999999998,24154.05,24080.05,24152.25
1778825700000,24154.25,24157.25,24130.25,24154.25
1778826600000,24153.25,24180.25,24148.25,24176.25
1778827500000,24177.25,24187.25,24155.25,24186.25
1778828400000,24175.25,24262.25,24172.25,24260.25
1778829300000,24262.25,24279.25,24234.25,24248.25
1778830200000,24250.25,24259.25,24182.25,24193.25
1778831100000,24192.25,24206.25,24161.25,24183.25
1778832000000,24191.25,24191.25,24099.25,24111.25
1778832900000,24110.25,24110.25,24017.25,24018.25
1778833800000,24019.25,24085.75,23986.25,24073.75
1778834700000,24072.75,24077.75,24041.75,24065.75
1778835600000,24066.75,24080.75,24044.75,24053.75
1778836500000,24052.75,24052.75,24008.75,24045.75
1778837400000,24044.75,24046.75,24011.75,24022.75
1778838300000,24020.75,24050.75,23999.75,24036.75
1778839200000,24039.75,24075.75,24010.75,24067.75
1778840100000,24069.75,24091.75,24048.75,24049.75
1778841000000,24046.75,24061.75,24021.75,24061.75
1778841900000,24061.35,24154.75,24050.75,24142.75
1778842800000,24141.75,24159.75,24062.75,24082.75
1778843700000,24081.75,24091.75,24042.75,24054.75
1778844600000,24056.75,24059.75,24009.75,24012.75
1778845500000,24011.75,24034.75,23994.75,23998.75
1778846400000,23992.75,23992.75,23947.75,23954.75
1778847300000,23955.75,23980.75,23942.75,23957.95
1778848200000,23958.35,23959.75,23926.75,23926.75
1778849100000,23925.75,23975.75,23922.75,23968.75
1778850000000,23967.75,23981.75,23951.75,23962.75
1778850900000,23963.75,24000.75,23954.75,23987.75
1778851800000,23986.75,24007.75,23920.75,23920.75
1778852700000,23921.75,23975.75,23907.75,23920.75
1778853600000,23917.75,23960.55,23895.95,23949.75
1778854500000,23948.75,24006.75,23943.75,23975.75
1778855400000,23974.75,23999.75,23961.75,23992.75
1778856300000,23993.75,23995.75,23939.75,23975.75
1778857200000,23974.75,23988.75,23949.75,23957.75
1778858100000,23956.75,23959.75,23910.75,23942.75
1778859000000,23943.75,23957.75,23894.75,23900.75
1778859900000,23901.75,23901.75,23843.75,23872.75
1778860800000,23873.75,23878.75,23851.75,23871.75
1778861700000,23870.75,23892.75,23860.75,23890.75
1778862600000,23891.75,23894.75,23876.75,23891.75
1778863500000,23892.75,23894.75,23866.75,23884.75
1778864400000,23885.75,23911.75,23879.75,23905.75
1778865300000,23904.75,23933.75,23900.75,23920.75
1778866200000,23921.75,23931.75,23918.75,23926.75
1778867100000,23927.75,23931.75,23919.75,23929.75
1778868000000,23930.75,23940.75,23925.75,23925.75
1778868900000,23926.75,23927.75,23896.75,23908.75
1778869800000,23909.75,23910.75,23876.75,23898.75
1778870700000,23899.75,23906.75,23889.75,23901.75
1778871600000,23902.75,23903.75,23880.75,23887.75
1778872500000,23886.75,23903.75,23882.75,23891.75
1778873400000,23892.75,23900.75,23885.75,23889.75
1778874300000,23888.75,23909.75,23874.75,23885.85
1778875200000,23872.85,23876.95,23791,23825.09
1778876100000,23824.09,23833.09,23799.12,23816.12
1778877000000,23815.12,23827.12,23812.12,23816.12
1778877900000,23815.12,23826.95,23805.95,23817.95
1779055200000,23844.95,23886.95,23842.95,23871.95
1779056100000,23872.95,23876.95,23839.95,23853.030000000002
1779057000000,23854.03,23877.949999999997,23839.03,23868.949999999997
1779057900000,23869.95,23879.95,23846.95,23864.95
1779058800000,23866.95,23869.95,23830.95,23839.09
1779059700000,23838.09,23839.09,23796.95,23807.95
1779060600000,23806.949999999997,23819.239999999998,23738.92,23796.91
1779061500000,23797.91,23818.77,23781.21,23798.21
1779062400000,23782.21,23800.05,23679,23719.95
1779063300000,23720.949999999997,23789.649999999998,23696.85,23771.149999999998
1779064200000,23772.65,23782.65,23738.15,23742.15
1779065100000,23739.15,23802.65,23735.65,23802.15
1779066000000,23801.15,23809.95,23717.65,23717.65
1779066900000,23713.65,23726.550000000003,23666.65,23684.15
1779067800000,23684.550000000003,23717.65,23670.65,23716.65
1779068700000,23715.65,23756.15,23708.65,23724.65
1779069600000,23726.65,23737.15,23699.65,23732.65
1779070500000,23731.65,23755.65,23723.65,23744.65
1779071400000,23744.550000000003,23747.65,23716.15,23725.65
1779072300000,23726.649999999998,23730.649999999998,23681.55,23687.149999999998
1779073200000,23686.65,23709.15,23682.65,23687.65
1779074100000,23688.649999999998,23704.149999999998,23673.55,23699.149999999998
1779075000000,23697.65,23724.15,23661.65,23715.65
1779075900000,23717.15,23719.15,23690.65,23702.15
1779076800000,23701.65,23749.95,23698.15,23739.15
1779077700000,23737.65,23758.95,23686.15,23696.15
1779078600000,23697.15,23737.15,23689.65,23728.65
1779079500000,23727.15,23742.95,23694.65,23706.15
1779080400000,23708.15,23754.75,23705.65,23732.15
1779081300000,23728.649999999998,23736.55,23690.55,23736.55
1779082200000,23736.15,23763.15,23726.15,23757.15
1779083100000,23756.550000000003,23764.550000000003,23724.65,23727.550000000003
1779084000000,23727.15,23740.350000000002,23702.45,23733.75
1779084900000,23734.35,23748.75,23667.75,23670.75
1779085800000,23671.75,23697.25,23621.75,23696.25
1779086700000,23695.25,23751.25,23693.25,23751.25
1779087600000,23756.25,23841.25,23754.25,23796.25
1779088500000,23797.25,23885.05,23788.25,23879.25
1779089400000,23878.25,23890.25,23807.25,23821.25
1779090300000,23823.25,23885.25,23822.25,23864.25
1779091200000,23866.25,23901.25,23862.25,23890.25
1779092100000,23889.25,23939.25,23881.25,23933.25
1779093000000,23935.25,23963.25,23924.25,23952.25
1779093900000,23953.25,23990.25,23950.25,23983.75
1779094800000,23984.75,23993.75,23956.25,23969.25
1779095700000,23968.25,23997.25,23962.25,23992.25
1779096600000,23993.25,24004.25,23965.25,23983.25
1779097500000,23982.25,24002.25,23963.75,24000.75
1779098400000,24002.75,24013.55,23933.25,23935.25
1779099300000,23936.25,23971.25,23931.25,23969.25
1779100200000,23967.25,23996.25,23945.25,23995.25
1779101100000,23994.25,24016.25,23966.25,23972.25
1779102000000,23968.25,23975.75,23915.25,23975.75
1779102900000,23974.75,24016.75,23974.75,23987.75
1779103800000,23986.75,24232.25,23983.75,24193.75
1779104700000,24194.75,24199.75,24117.25,24126.25
1779105600000,24127.25,24176.25,24115.25,24141.25
1779106500000,24140.25,24159.75,24121.25,24153.75
1779107400000,24154.75,24330.75,24151.75,24316.75
1779108300000,24314.75,24368.25,24304.25,24368.25
1779109200000,24373.25,24377.25,24316.25,24348.75
1779110100000,24349.75,24365.75,24319.75,24331.75
1779111000000,24330.75,24357.75,24303.75,24313.75
1779111900000,24312.75,24430.75,24301.75,24401.75
1779112800000,24402.75,24419.75,24328.95,24385.75
1779113700000,24386.75,24428.75,24370.75,24377.75
1779114600000,24378.75,24385.75,24300.25,24325.25
1779115500000,24324.25,24364.25,24300.25,24347.25
1779116400000,24346.25,24355.25,24234.25,24270.25
1779117300000,24271.25,24288.25,24240.25,24241.25
1779118200000,24238.25,24334.25,24236.25,24315.25
1779119100000,24314.25,24331.25,24304.25,24309.25
1779120000000,24310.25,24311.25,24284.25,24306.25
1779120900000,24308.25,24329.25,24229.85,24245.25
1779121800000,24243.25,24303.25,24229.85,24263.25
1779122700000,24262.25,24290.25,24256.25,24256.25
1779123600000,24254.449999999997,24302.25,24231.85,24289.25
1779124500000,24288.25,24308.25,24286.25,24300.25
1779125400000,24301.25,24305.25,24272.16,24290.25
1779126300000,24288.25,24300.25,24279.25,24283.25
1779127200000,24284.25,24290.25,24239.25,24240.25
1779128100000,24239.25,24241.25,24166.25,24195.25
1779129000000,24197.25,24218.25,24178.25,24197.25
1779129900000,24198.25,24201.25,24152.25,24157.85
1779130800000,24157.25,24336.25,24151.25,24280.25
1779131700000,24278.850000000002,24297.25,24246.45,24263.25
1779132600000,24262.85,24346.25,24258.25,24341.25
1779133500000,24342.25,24392.25,24338.25,24384.35
1779134400000,24384.350000000002,24384.45,24351.31,24367.31
1779135300000,24366.31,24375.31,24358.31,24368.31
1779136200000,24367.31,24375.31,24360.31,24373.31
1779137100000,24374.31,24376.31,24357.29,24359.29
1779141600000,24380.85,24406.85,24368.85,24390.57
1779142500000,24389.57,24427.84,24388.57,24414.84
1779143400000,24415.84,24427.84,24411.84,24414.84
1779144300000,24413.84,24415.84,24398.84,24410.84
1779145200000,24411.84,24429.27,24410.84,24412.27
1779146100000,24413.27,24420.85,24406.84,24416.85
1779147000000,24415.85,24417.85,24404.85,24413.85
1779147900000,24412.85,24414.85,24379.85,24389.85
1779148800000,24391.85,24406.85,24360.85,24384.449999999997
1779149700000,24383.45,24392.05,24327.45,24352.55
1779150600000,24351.55,24364.55,24319.55,24336.55
1779151500000,24335.05,24350.05,24313.55,24322.55
1779152400000,24322.55,24359.05,24299.55,24332.45
1779153300000,24333.85,24335.55,24274.05,24305.55
1779154200000,24307.55,24346.05,24291.55,24337.05
1779155100000,24336.55,24343.850000000002,24310.45,24312.05
1779156000000,24311.55,24311.55,24260.55,24274.55
1779156900000,24272.55,24297.85,24257.55,24290.05
1779157800000,24289.55,24309.55,24275.55,24290.55
1779158700000,24289.55,24297.55,24268.55,24276.55
1779159600000,24275.55,24297.85,24254.05,24278.05
1779160500000,24279.05,24311.05,24276.55,24302.55
1779161400000,24303.55,24330.05,24295.55,24297.55
1779162300000,24296.55,24297.449999999997,24267.85,24270.449999999997
1779163200000,24269.45,24270.85,24214.55,24233.55
1779164100000,24234.55,24234.55,24188.55,24202.55
1779165000000,24203.55,24262.05,24201.55,24244.55
1779165900000,24243.55,24274.85,24234.55,24262.45
1779166800000,24263.05,24277.05,24253.55,24272.05
1779167700000,24274.05,24281.05,24223.55,24270.05
1779168600000,24270.45,24304.85,24245.55,24272.05
1779169500000,24273.05,24301.85,24270.05,24279.05
1779170400000,24280.55,24304.25,24254.25,24298.65
1779171300000,24299.649999999998,24346.649999999998,24293.85,24334.649999999998
1779172200000,24332.65,24358.65,24315.25,24353.65
1779173100000,24354.25,24354.25,24316.65,24328.65
1779174000000,24327.65,24454.95,24326.65,24442.65
1779174900000,24441.65,24488.15,24423.65,24482.15
1779175800000,24483.15,24588.65,24479.15,24579.65
1779176700000,24578.65,24656.65,24577.65,24632.65
1779177600000,24633.65,24641.65,24521.65,24565.65
1779178500000,24566.65,24597.65,24528.65,24561.65
1779179400000,24560.65,24636.65,24553.65,24625.65
1779180300000,24626.65,24646.65,24625.65,24635.65
1779181200000,24634.65,24649.65,24608.65,24632.65
1779182100000,24633.65,24639.65,24575.65,24604.65
1779183000000,24605.65,24610.65,24559.65,24580.65
1779183900000,24579.65,24615.65,24569.65,24614.65
1779184800000,24611.65,24634.65,24590.65,24630.65
1779185700000,24629.65,24634.65,24608.65,24625.65
1779186600000,24626.65,24688.15,24598.15,24609.15
1779187500000,24608.15,24674.45,24588.15,24654.65
1779188400000,24656.65,24663.65,24621.65,24626.65
1779189300000,24624.65,24624.65,24587.15,24603.15
1779190200000,24602.15,24623.15,24594.15,24609.15
1779191100000,24608.15,24611.15,24554.15,24558.15
1779192000000,24557.15,24609.15,24542.15,24607.65
1779192900000,24606.65,24623.65,24603.65,24611.65
1779193800000,24610.65,24628.65,24608.65,24623.65
1779194700000,24622.65,24631.65,24596.65,24607.65
1779195600000,24606.65,24615.65,24530.65,24588.65
1779196500000,24590.65,24591.65,24479.65,24484.65
1779197400000,24488.65,24516.65,24434.65,24441.65
1779198300000,24440.65,24535.65,24427.65,24486.65
1779199200000,24483.65,24544.65,24447.65,24452.65
1779200100000,24450.65,24462.65,24354.65,24379.65
1779201000000,24381.65,24414.65,24368.65,24393.65
1779201900000,24392.65,24432.65,24350.65,24431.65
1779202800000,24432.65,24461.65,24419.65,24460.65
1779203700000,24461.65,24471.65,24414.65,24422.65
1779204600000,24420.65,24454.65,24366.65,24368.65
1779205500000,24370.65,24392.45,24358.65,24376.65
1779206400000,24378.65,24393.65,24334.65,24349.65
1779207300000,24351.65,24402.65,24348.65,24387.65
1779208200000,24385.65,24404.65,24363.65,24375.65
1779209100000,24376.65,24391.65,24368.65,24382.65
1779210000000,24381.65,24386.65,24370.65,24383.65
1779210900000,24382.65,24389.65,24373.65,24379.65
1779211800000,24378.65,24389.65,24365.65,24386.65
1779212700000,24387.65,24398.65,24374.65,24390.65
1779213600000,24391.65,24409.65,24388.65,24401.65
1779214500000,24400.65,24402.65,24356.65,24358.65
1779215400000,24357.65,24376.65,24346.25,24363.65
1779216300000,24362.65,24366.65,24325.65,24333.65
1779217200000,24334.65,24379.65,24334.65,24377.65
1779218100000,24378.65,24380.65,24337.65,24354.65
1779219000000,24357.65,24360.65,24325.65,24327.65
1779219900000,24324.65,24331.65,24292.65,24317.75
1779220800000,24297.75,24309.109999999997,24275.85,24298.85
1779221700000,24297.85,24303.85,24288.85,24293.85
1779222600000,24294.85,24294.85,24287.57,24289.57
1779223500000,24290.57,24302.85,24282.57,24300.7
1779228000000,24323.35,24338.489999999998,24312.35,24321.489999999998
1779228900000,24322.489999999998,24324.489999999998,24289.51,24294.51
1779229800000,24295.510000000002,24317.350000000002,24291.06,24302.760000000002
1779230700000,24303.76,24320.76,24292.76,24317.76
1779231600000,24318.76,24347.39,24315.87,24342.35
1779232500000,24344.89,24364.309999999998,24344.89,24357.309999999998
1779233400000,24358.31,24394.58,24358.31,24373.350000000002
1779234300000,24374.35,24378.35,24347.35,24348.35
1779235200000,24349.350000000002,24351.350000000002,24257.9,24269.9
1779236100000,24270.899999999998,24271.899999999998,24214.55,24270.05
1779237000000,24272.55,24332.05,24256.55,24271.05
1779237900000,24271.05,24310.05,24267.55,24284.05
1779238800000,24282.05,24301.05,24229.55,24277.05
1779239700000,24275.55,24284.55,24235.05,24243.05
1779240600000,24244.05,24247.55,24206.05,24235.55
1779241500000,24235.05,24318.05,24225.55,24274.05
1779242400000,24274.55,24294.05,24261.05,24280.05
1779243300000,24282.05,24305.55,24260.55,24264.05
1779244200000,24265.55,24265.55,24185.55,24204.55
1779245100000,24205.05,24213.35,24192.55,24193.55
1779246000000,24195.05,24195.05,24149.05,24163.05
1779246900000,24162.05,24218.55,24161.05,24213.05
1779247800000,24211.55,24246.05,24188.55,24219.05
1779248700000,24221.55,24234.05,24209.05,24226.05
1779249600000,24225.05,24267.649999999998,24225.05,24264.649999999998
1779250500000,24265.649999999998,24274.649999999998,24236.05,24249.649999999998
1779251400000,24249.65,24250.65,24223.65,24239.050000000003
1779252300000,24239.65,24248.65,24212.65,24229.65
1779253200000,24228.65,24278.25,24226.65,24266.65
1779254100000,24265.649999999998,24274.25,24241.05,24247.649999999998
1779255000000,24244.05,24284.649999999998,24244.05,24262.649999999998
1779255900000,24262.050000000003,24289.65,24256.65,24275.050000000003
1779256800000,24275.050000000003,24312.95,24261.65,24302.95
1779257700000,24304.350000000002,24362.15,24301.95,24347.95
1779258600000,24348.95,24351.15,24320.95,24326.15
1779259500000,24327.15,24361.95,24325.95,24359.15
1779260400000,24343.95,24383.95,24312.95,24358.95
1779261300000,24359.95,24406.65,24350.95,24403.65
1779262200000,24402.65,24406.65,24346.15,24376.15
1779263100000,24375.15,24381.15,24303.65,24303.65
1779264000000,24304.65,24340.65,24274.65,24302.65
1779264900000,24303.65,24382.65,24283.65,24379.65
1779265800000,24382.65,24428.65,24373.65,24418.15
1779266700000,24417.15,24451.95,24413.15,24432.65
1779267600000,24431.65,24466.15,24419.15,24419.15
1779268500000,24418.15,24465.15,24418.15,24462.15
1779269400000,24463.15,24471.15,24449.15,24467.15
1779270300000,24466.15,24491.15,24460.15,24482.15
1779271200000,24481.15,24535.15,24479.15,24533.15
1779272100000,24534.15,24554.15,24523.15,24545.15
1779273000000,24544.15,24585.95,24540.15,24553.15
1779273900000,24554.15,24566.15,24513.45,24517.45
1779274800000,24516.45,24524.65,24499.65,24502.65
1779275700000,24503.65,24533.65,24503.65,24530.65
1779276600000,24531.65,24539.15,24502.15,24518.15
1779277500000,24517.15,24526.15,24479.15,24498.15
1779278400000,24497.15,24531.15,24493.15,24522.95
1779279300000,24521.15,24558.95,24516.15,24547.15
1779280200000,24548.149999999998,24559.149999999998,24487.35,24493.149999999998
1779281100000,24492.149999999998,24499.149999999998,24463.35,24465.149999999998
1779282000000,24464.15,24498.15,24456.15,24481.15
1779282900000,24483.15,24491.65,24462.65,24473.15
1779283800000,24471.149999999998,24503.949999999997,24430.35,24499.949999999997
1779284700000,24500.95,24544.15,24500.95,24536.15
1779285600000,24535.15,24603.350000000002,24453.15,24538.350000000002
1779286500000,24540.75,24722.85,24540.75,24656.15
1779287400000,24657.15,24693.15,24614.15,24662.15
1779288300000,24663.15,24705.15,24629.15,24673.15
1779289200000,24674.15,24716.15,24664.15,24699.15
1779290100000,24698.15,24887.350000000002,24692.15,24738.15
1779291000000,24737.149999999998,24758.149999999998,24719.35,24748.149999999998
1779291900000,24749.15,24753.15,24686.15,24709.15
1779292800000,24710.15,24742.15,24701.75,24740.15
1779293700000,24739.149999999998,24742.149999999998,24674.35,24687.35
1779294600000,24689.75,24727.75,24668.85,24724.75
1779295500000,24725.75,24733.15,24700.15,24715.350000000002
1779296400000,24716.75,24748.15,24698.75,24729.35
1779297300000,24730.75,24749.15,24722.75,24739.15
1779298200000,24738.15,24764.15,24729.15,24744.15
1779299100000,24745.15,24753.15,24733.15,24735.75
1779300000000,24735.149999999998,24751.149999999998,24721.35,24739.149999999998
1779300900000,24740.15,24747.15,24734.15,24746.15
1779301800000,24747.15,24762.15,24739.15,24740.15
1779302700000,24741.15,24755.15,24738.15,24752.15
1779303600000,24752.75,24760.15,24743.15,24749.15
1779304500000,24749.75,24763.15,24749.75,24756.15
1779305400000,24757.15,24786.15,24753.15,24777.15
1779306300000,24776.15,24779.15,24754.15,24770.25
1779307200000,24768.25,24768.25,24751.35,24757.399999999998
1779308100000,24758.399999999998,24783.27,24716.78,24779.27
1779309000000,24780.27,24784.27,24735.29,24740.29
1779309900000,24739.29,24746.29,24726.32,24730.89
1779314400000,24714.75,24722.75,24639.47,24672.54
1779315300000,24673.54,24679.82,24639.54,24676.75
1779316200000,24677.75,24686.18,24671.75,24677.46
1779317100000,24676.46,24687.46,24672.46,24682.46
1779318000000,24683.46,24708.75,24680.46,24695.75
1779318900000,24694.75,24703.84,24674.75,24683.03
1779319800000,24682.46,24690.75,24674.59,24678.03
1779320700000,24677.03,24695.75,24671.03,24692.75
1779321600000,24674.75,24690.75,24664.74,24687.75
1779322500000,24688.75,24720.65,24665.45,24697.95
1779323400000,24698.45,24718.45,24687.95,24708.45
1779324300000,24708.95,24742.350000000002,24705.95,24734.45
1779325200000,24734.45,24765.45,24732.45,24764.45
1779326100000,24766.45,24777.350000000002,24751.45,24761.45
1779327000000,24760.45,24783.45,24748.95,24765.45
1779327900000,24765.95,24778.350000000002,24752.45,24776.75
1779328800000,24777.95,24803.75,24766.95,24781.95
1779329700000,24783.45,24793.45,24762.45,24770.45
1779330600000,24771.95,24775.95,24740.45,24746.45
1779331500000,24749.45,24759.45,24728.95,24743.45
1779332400000,24742.45,24750.95,24730.45,24742.95
1779333300000,24741.95,24757.350000000002,24732.45,24737.45
1779334200000,24738.45,24742.45,24726.45,24733.45
1779335100000,24732.449999999997,24733.949999999997,24700.35,24719.449999999997
1779336000000,24718.45,24739.25,24715.45,24737.45
1779336900000,24737.95,24754.75,24728.95,24749.95
1779337800000,24750.350000000002,24754.75,24725.45,24743.45
1779338700000,24743.95,24766.95,24739.95,24752.95
1779339600000,24753.45,24772.95,24732.95,24741.95
1779340500000,24742.45,24760.75,24734.45,24738.45
1779341400000,24738.45,24738.45,24691.95,24701.45
1779342300000,24704.45,24706.45,24637.45,24677.45
1779343200000,24675.45,24709.55,24666.75,24678.15
1779344100000,24677.75,24730.75,24663.55,24706.149999999998
1779345000000,24705.75,24719.55,24673.55,24674.55
1779345900000,24671.55,24673.55,24649.55,24667.55
1779346800000,24668.55,24719.55,24652.55,24673.55
1779347700000,24674.55,24680.55,24592.25,24601.55
1779348600000,24604.25,24680.55,24601.55,24673.55
1779349500000,24672.55,24725.55,24670.55,24709.55
1779350400000,24710.55,24832.55,24704.55,24815.55
1779351300000,24816.55,24854.55,24752.55,24801.55
1779352200000,24802.25,24804.149999999998,24747.55,24781.55
1779353100000,24782.55,24802.55,24759.55,24790.55
1779354000000,24789.55,24838.55,24779.55,24826.55
1779354900000,24825.55,24879.55,24825.55,24872.55
1779355800000,24873.55,24892.35,24832.55,24832.55
1779356700000,24833.55,24862.55,24821.55,24854.55
1779357600000,24853.55,24866.55,24840.55,24859.55
1779358500000,24860.55,24872.55,24681.55,24696.75
1779359400000,24697.149999999998,24700.55,24522.05,24591.05
1779360300000,24590.050000000003,24605.050000000003,24541.65,24561.550000000003
1779361200000,24554.550000000003,24615.350000000002,24542.15,24593.550000000003
1779362100000,24591.55,24643.55,24583.55,24620.55
1779363000000,24619.550000000003,24632.550000000003,24576.15,24604.550000000003
1779363900000,24605.55,24619.55,24572.55,24589.55
1779364800000,24590.55,24610.55,24576.05,24597.05
1779365700000,24596.05,24603.05,24531.05,24537.25
1779366600000,24538.25,24609.05,24530.05,24560.05
1779367500000,24561.05,24586.05,24541.05,24575.05
1779368400000,24574.050000000003,24616.050000000003,24561.65,24580.050000000003
1779369300000,24578.05,24618.05,24577.05,24597.05
1779370200000,24601.05,24601.05,24523.05,24540.75
1779371100000,24542.25,24699.65,24541.25,24685.05
1779372000000,24686.05,24702.05,24640.05,24650.05
1779372900000,24650.65,24666.550000000003,24602.15,24657.550000000003
1779373800000,24656.55,24688.55,24654.55,24661.55
1779374700000,24662.550000000003,24713.550000000003,24650.15,24707.550000000003
1779375600000,24709.55,24716.55,24645.55,24681.149999999998
1779376500000,24681.55,24697.55,24646.55,24651.149999999998
1779377400000,24650.55,24656.55,24598.75,24641.55
1779378300000,24642.55,24656.55,24626.55,24632.55
1779379200000,24634.55,24673.149999999998,24633.55,24663.149999999998
1779380100000,24662.15,24662.550000000003,24631.15,24651.15
1779381000000,24652.15,24662.550000000003,24643.15,24653.550000000003
1779381900000,24652.75,24657.55,24625.55,24643.55
1779382800000,24644.15,24773.75,24644.15,24727.25
1779383700000,24729.15,24835.15,24724.25,24820.15
1779384600000,24819.75,24880.55,24808.25,24870.55
1779385500000,24871.55,24915.15,24855.75,24886.55
1779386400000,24883.55,24904.55,24829.25,24856.75
1779387300000,24858.550000000003,24874.050000000003,24846.15,24862.050000000003
1779388200000,24863.05,24866.05,24838.05,24864.05
1779389100000,24862.05,24868.05,24765.75,24797.25
1779390000000,24797.65,24857.05,24789.25,24857.05
1779390900000,24858.05,24865.649999999998,24830.05,24841.05
1779391800000,24840.05,24851.05,24822.05,24829.05
1779392700000,24830.05,24851.05,24788.05,24822.149999999998
1779393600000,24821.15,24847.25,24821.15,24839.24
1779394500000,24838.24,24838.24,24822.24,24826.24
1779395400000,24825.24,24835.24,24825.24,24834.25
1779396300000,24833.25,24837.25,24829.25,24831.25
1779400800000,24837.05,24870.05,24836.05,24868.13
1779401700000,24869.13,24873.13,24850.05,24857.05
1779402600000,24856.05,24862.05,24844.05,24853.77
1779403500000,24854.77,24879.05,24854.77,24873.05
1779404400000,24874.05,24880.05,24870.05,24873.05
1779405300000,24874.05,24876.05,24869.05,24874.05
1779406200000,24875.05,24882.05,24869.05,24877.05
1779407100000,24876.05,24902.05,24876.05,24894.36
1779408000000,24904.36,24910,24888,24893.05
1779408900000,24886.95,24886.95,24850.25,24853.75
1779409800000,24855.75,24871.75,24847.25,24852.75
1779410700000,24852.75,24865.75,24851.75,24851.75
1779411600000,24850.25,24860.05,24833.25,24851.75
1779412500000,24859.05,24865.75,24841.75,24853.25
1779413400000,24852.75,24860.75,24835.25,24855.75
1779414300000,24857.25,24878.75,24854.25,24860.75
1779415200000,24860.25,24867.75,24845.25,24858.75
1779416100000,24859.25,24866.25,24837.25,24842.25
1779417000000,24835.25,24882.75,24831.75,24863.75
1779417900000,24861.25,24878.25,24858.25,24874.75
1779418800000,24872.75,24882.65,24836.75,24842.25
1779419700000,24842.75,24866.25,24836.75,24858.75
1779420600000,24863.25,24872.25,24847.25,24852.75
1779421500000,24853.75,24870.25,24852.75,24859.75
1779422400000,24860.75,24918.25,24856.75,24900.75
1779423300000,24902.25,24902.75,24865.25,24872.25
1779424200000,24872.75,24899.25,24864.25,24874.25
1779425100000,24873.75,24885.05,24862.75,24881.75
1779426000000,24878.75,24920.75,24878.25,24903.75
1779426900000,24904.75,24910.65,24865.25,24885.75
1779427800000,24888.25,24902.05,24878.25,24880.75
1779428700000,24880.75,24882.75,24828.25,24828.25
1779429600000,24826.75,24855.05,24810.05,24853.55
1779430500000,24854.05,24864.85,24837.05,24848.45
1779431400000,24849.45,24888.850000000002,24841.45,24874.05
1779432300000,24873.05,24875.45,24850.45,24864.850000000002
1779433200000,24858.449999999997,24858.449999999997,24746.85,24755.85
1779434100000,24756.85,24821.85,24753.35,24805.85
1779435000000,24806.85,24809.85,24707.85,24730.85
1779435900000,24731.85,24751.85,24717.85,24750.85
1779436800000,24751.85,24772.35,24703.35,24743.35
1779437700000,24744.35,24787.35,24733.35,24753.35
1779438600000,24754.35,24761.35,24661.35,24744.35
1779439500000,24745.35,24750.149999999998,24725.35,24735.35
1779440400000,24734.35,24735.35,24701.35,24712.75
1779441300000,24710.75,24759.75,24706.75,24744.75
1779442200000,24743.75,24759.75,24718.75,24742.75
1779443100000,24741.75,24780.75,24737.75,24774.75
1779444000000,24775.75,24813.75,24763.75,24794.75
1779444900000,24792.75,24813.75,24783.75,24806.75
1779445800000,24807.75,24809.75,24772.75,24780.75
1779446700000,24781.75,24786.75,24765.75,24775.75
1779447600000,24776.75,24792.75,24745.75,24753.75
1779448500000,24751.75,24755.75,24738.25,24750.25
1779449400000,24751.25,24810.25,24750.25,24805.25
1779450300000,24806.25,24843.25,24800.25,24802.25
1779451200000,24803.25,24946.45,24800.25,24901.25
1779452100000,24899.85,24919.25,24857.25,24866.25
1779453000000,24867.25,24871.25,24834.25,24855.25
1779453900000,24854.25,24921.25,24850.25,24914.25
1779454800000,24922.25,24943.05,24883.25,24917.25
1779455700000,24919.25,24937.05,24898.25,24899.25
1779456600000,24897.25,24919.25,24867.35,24912.26
1779457500000,24912.35,24928.35,24868.35,24883.35
1779458400000,24870.55,24872.05,24826.35,24842.35
1779459300000,24841.35,24856.35,24830.35,24853.35
1779460200000,24854.35,24880.35,24845.35,24878.35
1779461100000,24879.35,24917.149999999998,24877.35,24906.35
1779462000000,24907.35,24919.35,24890.35,24900.35
1779462900000,24899.35,24932.35,24898.35,24927.35
1779463800000,24928.35,24934.35,24872.35,24878.35
1779464700000,24877.35,24888.35,24843.35,24857.35
1779465600000,24858.35,24868.35,24834.55,24861.35
1779466500000,24859.949999999997,24864.35,24843.35,24860.35
1779467400000,24861.35,24868.35,24854.35,24861.35
1779468300000,24860.35,24871.35,24840.35,24847.35
1779469200000,24848.35,24864.35,24847.35,24851.35
1779470100000,24852.35,24900.949999999997,24804.35,24895.949999999997
1779471000000,24897.35,24937.35,24866.35,24870.949999999997
1779471900000,24871.350000000002,24874.350000000002,24847.95,24851.350000000002
1779472800000,24850.35,24857.35,24817.35,24837.35
1779473700000,24835.35,24852.35,24825.35,24838.35
1779474600000,24837.35,24866.35,24833.35,24844.35
1779475500000,24845.35,24848.35,24828.35,24839.35
1779476400000,24838.95,24841.35,24795.55,24812.95
1779477300000,24812.35,24820.35,24786.35,24790.35
1779478200000,24795.35,24816.35,24791.35,24813.35
1779479100000,24814.35,24814.35,24787.35,24795.449999999997
1779480000000,24794.45,24812.55,24787.55,24807.55
1779480900000,24808.55,24808.55,24797.55,24801.55
1779481800000,24802.55,24803.55,24775.55,24778.55
1779482700000,24777.55,24785.55,24760.55,24766.55
1779660000000,24946.55,24959.98,24934.55,24956.98
1779660900000,24955.98,24960.98,24939.98,24945.989999999998
1779661800000,24946.99,24970.550000000003,24945.99,24968.550000000003
1779662700000,24967.55,24986.69,24967.55,24970.55
1779663600000,24971.55,25007.55,24971.55,25005.57
1779664500000,25006.57,25006.57,24988.51,24991.51
1779665400000,24992.51,25026.59,24992.51,25013.66
1779666300000,25012.66,25015.66,24987.81,24992.550000000003
1779667200000,24991.550000000003,25018.550000000003,24981.97,25011.550000000003
1779668100000,25012.55,25063.75,25010.55,25054.75
1779669000000,25057.15,25074.25,25044.25,25046.25
1779669900000,25045.25,25090.75,25035.75,25036.25
1779670800000,25036.15,25055.75,25034.25,25050.25
1779671700000,25049.25,25076.75,25041.75,25076.15
1779672600000,25076.75,25119.55,25064.75,25113.55
1779673500000,25113.15,25114.55,25097.75,25108.25
1779674400000,25106.75,25138.55,25099.75,25129.25
1779675300000,25128.25,25128.25,25107.75,25112.25
1779676200000,25113.25,25138.25,25105.75,25124.25
1779677100000,25123.25,25133.75,25116.75,25125.25
1779678000000,25124.25,25148.25,25116.25,25140.75
1779678900000,25141.15,25174.55,25132.25,25155.25
1779679800000,25160.25,25174.25,25135.25,25157.75
1779680700000,25158.15,25168.75,25140.75,25146.25
1779681600000,25148.15,25172.75,25141.25,25172.75
1779682500000,25174.15,25176.55,25152.75,25156.75
1779683400000,25156.25,25191.75,25153.75,25184.75
1779684300000,25186.25,25201.25,25168.25,25176.25
1779685200000,25175.25,25197.25,25172.75,25187.75
1779686100000,25187.25,25229.55,25184.75,25202.25
1779687000000,25201.75,25209.55,25170.25,25190.25
1779687900000,25189.25,25189.25,25152.05,25152.55
1779688800000,25151.55,25155.350000000002,25114.95,25139.350000000002
1779689700000,25138.35,25143.35,25099.35,25142.85
1779690600000,25143.85,25153.85,25127.85,25145.85
1779691500000,25146.85,25162.85,25123.85,25125.85
1779692400000,25126.85,25200.85,25126.85,25138.85
1779693300000,25139.85,25161.85,25058.85,25147.85
1779694200000,25146.85,25219.649999999998,25142.85,25154.85
1779695100000,25153.85,25182.85,25144.85,25178.85
1779696000000,25179.85,25184.85,25148.85,25178.85
1779696900000,25179.85,25195.85,25166.85,25191.85
1779697800000,25192.85,25200.85,25182.85,25195.85
1779698700000,25196.85,25203.85,25178.85,25183.85
1779699600000,25184.85,25204.85,25181.85,25199.85
1779700500000,25200.85,25218.649999999998,25197.85,25213.85
1779701400000,25214.85,25241.85,25212.85,25233.35
1779702300000,25234.35,25251.35,25226.35,25232.35
1779703200000,25229.35,25257.35,25219.35,25248.35
1779704100000,25247.35,25275.35,25247.35,25250.35
1779705000000,25251.35,25271.35,25241.35,25268.35
1779705900000,25267.35,25267.35,25249.26,25255.35
1779706800000,25256.35,25261.35,25228.35,25237.35
1779707700000,25238.35,25260.35,25237.35,25255.35
1779708600000,25256.35,25276.35,25254.35,25275.35
1779709500000,25276.35,25299.35,25266.35,25273.35
1779710400000,25270.35,25289.35,25262.35,25283.35
1779711300000,25282.35,25328.35,25278.35,25281.35
1779712200000,25282.35,25307.35,25280.35,25296.35
1779713100000,25297.35,25303.35,25272.35,25281.35
1779714000000,25279.35,25288.35,25267.35,25282.35
1779714900000,25281.35,25284.149999999998,25266.35,25282.35
1779715800000,25283.35,25310.35,25283.35,25310.35
1779716700000,25309.35,25338.35,25298.35,25325.35
1779717600000,25324.35,25345.35,25318.35,25319.35
1779718500000,25320.35,25379.35,25319.35,25377.35
1779719400000,25378.35,25379.35,25351.35,25355.35
1779720300000,25354.35,25384.35,25348.35,25371.35
1779721200000,25370.35,25450.949999999997,25347.35,25414.35
1779722100000,25413.35,25427.35,25389.35,25399.35
1779723000000,25396.35,25404.35,25372.35,25403.35
1779723900000,25402.35,25411.35,25396.35,25403.35
1779724800000,25402.35,25405.35,25382.35,25395.35
1779725700000,25396.35,25398.35,25387.35,25388.35
1779726600000,25389.35,25391.35,25378.35,25388.35
1779727500000,25387.35,25405.35,25380.35,25401.35
1779728400000,25400.35,25419.35,25399.35,25408.949999999997
1779729300000,25408.35,25408.35,25387.55,25400.35
1779730200000,25399.35,25406.35,25394.35,25399.949999999997
1779731100000,25399.859999999997,25399.949999999997,25395.35,25397.35
1779732000000,25396.35,25400.35,25391.35,25391.35
1779732900000,25391.949999999997,25393.35,25382.35,25383.35
1779733800000,25383.949999999997,25386.35,25381.35,25386.35
1779734700000,25385.35,25394.649999999998,25384.05,25390.85
1779735600000,25391.85,25392.649999999998,25380.85,25389.449999999997
1779736500000,25388.05,25393.45,25386.05,25390.85
1779737400000,25385.85,25395.85,25384.85,25389.85
1779738300000,25392.85,25402.85,25384.85,25400.949999999997
1779739200000,25399.95,25399.95,25397.95,25397.95
1779746400000,25400.45,25402.45,25365.45,25369.45
1779747300000,25368.45,25383.45,25365.45,25373.45
1779748200000,25372.45,25372.45,25341.45,25359.45
1779749100000,25358.449999999997,25358.449999999997,25332.44,25342.449999999997
1779750000000,25341.45,25353.45,25329.45,25334.45
1779750900000,25333.45,25337.45,25312.45,25318.45
1779751800000,25316.45,25333.45,25315.45,25330.45
1779752700000,25331.45,25346.45,25327.45,25329.45
1779753600000,25327.45,25329.45,25271.45,25291.45
1779754500000,25271.35,25319.149999999998,25242.35,25313.649999999998
1779755400000,25314.15,25348.15,25313.65,25314.15
1779756300000,25317.15,25323.45,25305.15,25310.15
1779757200000,25311.15,25333.15,25297.15,25328.15
1779758100000,25326.65,25342.15,25305.65,25312.15
1779759000000,25314.15,25316.15,25286.65,25286.65
1779759900000,25288.15,25335.050000000003,25287.15,25320.15
1779760800000,25320.65,25329.95,25308.15,25319.65
1779761700000,25318.15,25327.15,25306.15,25310.65
1779762600000,25309.15,25334.15,25309.15,25320.65
1779763500000,25322.15,25346.65,25318.65,25334.15
1779764400000,25335.15,25340.65,25305.65,25307.15
1779765300000,25307.15,25347.15,25307.15,25338.15
1779766200000,25337.65,25354.05,25328.95,25333.15
1779767100000,25332.65,25355.050000000003,25325.65,25348.65
1779768000000,25349.65,25350.65,25315.15,25344.65
1779768900000,25343.15,25350.65,25330.65,25341.050000000003
1779769800000,25341.15,25348.050000000003,25322.15,25330.45
1779770700000,25330.15,25330.45,25306.15,25319.65
1779771600000,25320.649999999998,25324.149999999998,25296.55,25312.649999999998
1779772500000,25311.65,25327.75,25305.15,25317.65
1779773400000,25318.15,25333.15,25298.65,25316.65
1779774300000,25317.65,25321.15,25295.15,25306.65
1779775200000,25305.65,25344.55,25299.95,25341.75
1779776100000,25340.75,25376.75,25329.75,25356.75
1779777000000,25355.75,25383.75,25327.35,25371.75
1779777900000,25372.75,25374.75,25348.75,25361.75
1779778800000,25353.35,25378.75,25301.25,25349.25
1779779700000,25350.25,25350.25,25296.45,25299.25
1779780600000,25297.25,25297.25,25246.45,25279.25
1779781500000,25281.25,25317.25,25254.25,25279.25
1779782400000,25278.25,25292.25,25217.25,25217.25
1779783300000,25216.25,25251.25,25215.25,25226.25
1779784200000,25225.25,25226.25,25196.25,25218.25
1779785100000,25219.25,25219.25,25188.25,25192.25
1779786000000,25193.25,25220.25,25176.45,25195.25
1779786900000,25194.25,25239.25,25188.25,25236.25
1779787800000,25237.25,25246.25,25210.25,25216.25
1779788700000,25217.25,25225.25,25208.25,25220.25
1779789600000,25221.25,25256.25,25202.25,25251.25
1779790500000,25252.25,25290.25,25235.25,25275.25
1779791400000,25277.25,25305.75,25251.25,25262.25
1779792300000,25261.25,25286.25,25247.25,25279.25
1779793200000,25280.25,25298.25,25276.25,25280.25
1779794100000,25281.25,25282.25,25253.25,25254.25
1779795000000,25255.25,25263.75,25216.75,25261.75
1779795900000,25262.75,25282.75,25258.75,25266.75
1779796800000,25265.75,25281.75,25234.75,25275.75
1779797700000,25276.75,25291.75,25272.75,25283.75
1779798600000,25284.75,25286.75,25264.75,25265.75
1779799500000,25264.75,25295.55,25260.75,25273.75
1779800400000,25271.75,25279.75,25263.75,25278.75
1779801300000,25277.75,25296.75,25273.75,25276.75
1779802200000,25275.75,25285.75,25257.75,25276.75
1779803100000,25277.75,25288.75,25224.75,25260.95
1779804000000,25260.45,25296.55,25249.75,25275.75
1779804900000,25276.75,25282.75,25243.75,25255.75
1779805800000,25256.75,25260.75,25219.75,25228.75
1779806700000,25229.75,25253.75,25223.75,25245.75
1779807600000,25246.75,25247.75,25211.75,25213.75
1779808500000,25212.75,25220.75,25196.75,25209.75
1779809400000,25211.75,25224.75,25169.75,25186.75
1779810300000,25185.75,25207.55,25180.75,25202.75
1779811200000,25204.75,25218.75,25198.75,25199.75
1779812100000,25198.75,25221.75,25195.75,25217.75
1779813000000,25216.75,25236.75,25202.75,25204.75
1779813900000,25203.75,25209.75,25195.75,25203.75
1779814800000,25201.95,25212.75,25195.75,25211.75
1779815700000,25212.75,25212.75,25187.75,25190.75
1779816600000,25189.75,25205.75,25188.75,25193.75
1779817500000,25194.75,25202.75,25189.75,25191.75
1779818400000,25192.75,25207.75,25178.95,25206.75
1779819300000,25207.75,25210.75,25197.75,25199.75
1779820200000,25198.75,25213.75,25198.75,25211.75
1779821100000,25210.75,25214.75,25204.75,25208.75
1779822000000,25209.75,25213.75,25199.75,25209.75
1779822900000,25210.75,25224.75,25209.75,25223.75
1779823800000,25224.75,25244.75,25224.75,25234.75
1779824700000,25233.75,25253.75,25230.75,25244.85
1779825600000,25243.85,25252.379999999997,25228.51,25228.51
1779826500000,25229.51,25245.51,25227.51,25232.51
1779827400000,25231.51,25240.51,25231.51,25231.51
1779828300000,25232.51,25234.51,25220.51,25227.649999999998
1779832800000,25230.35,25246.35,25210.35,25223.35
1779833700000,25222.35,25230.35,25213.35,25223.35
1779834600000,25224.35,25236.35,25223.35,25228.35
1779835500000,25229.35,25233.35,25220.35,25230.35
1779836400000,25231.350000000002,25238.350000000002,25227.36,25228.36
1779837300000,25229.36,25251.91,25225.36,25250.91
1779838200000,25249.91,25260.91,25237.91,25260.91
1779839100000,25261.91,25272.35,25256.91,25268.35
1779840000000,25272.35,25281.21,25266.35,25274.35
1779840900000,25273.35,25282.25,25242.55,25255.55
1779841800000,25256.05,25269.05,25245.55,25257.05
1779842700000,25258.55,25271.05,25256.55,25264.55
1779843600000,25266.05,25270.05,25253.05,25261.05
1779844500000,25260.05,25269.35,25241.05,25246.95
1779845400000,25242.95,25253.05,25235.55,25240.55
1779846300000,25242.05,25247.55,25233.05,25236.55
1779847200000,25236.05,25248.55,25228.55,25238.05
1779848100000,25240.05,25257.95,25240.05,25252.05
1779849000000,25253.05,25258.55,25232.05,25243.55
1779849900000,25243.95,25265.35,25243.55,25245.05
1779850800000,25246.05,25258.05,25243.55,25253.35
1779851700000,25252.95,25253.35,25236.55,25242.05
1779852600000,25241.55,25249.95,25235.55,25242.05
1779853500000,25243.05,25246.55,25222.55,25223.55
1779854400000,25224.05,25247.55,25220.05,25243.05
1779855300000,25246.05,25248.55,25220.55,25225.05
1779856200000,25223.05,25253.55,25220.05,25253.55
1779857100000,25252.55,25265.350000000002,25247.95,25258.95
1779858000000,25257.05,25277.350000000002,25243.95,25274.05
1779858900000,25274.55,25281.55,25248.05,25278.35
1779859800000,25279.35,25286.05,25254.05,25272.55
1779860700000,25272.05,25293.35,25270.05,25285.35
1779861600000,25284.95,25301.15,25270.15,25276.15
1779862500000,25275.15,25285.15,25266.75,25274.15
1779863400000,25275.149999999998,25275.149999999998,25249.35,25270.149999999998
1779864300000,25269.15,25298.15,25266.15,25290.15
1779865200000,25292.15,25341.15,25290.15,25325.15
1779866100000,25326.15,25371.15,25316.15,25341.65
1779867000000,25340.65,25361.65,25326.65,25346.65
1779867900000,25353.65,25361.65,25336.65,25347.65
1779868800000,25343.65,25378.95,25324.15,25357.15
1779869700000,25356.15,25362.15,25317.15,25353.15
1779870600000,25354.15,25359.15,25332.15,25338.15
1779871500000,25337.15,25364.15,25330.15,25343.15
1779872400000,25341.15,25385.15,25340.15,25379.15
1779873300000,25380.15,25403.15,25359.15,25365.15
1779874200000,25364.15,25382.15,25363.15,25370.15
1779875100000,25369.15,25387.15,25355.15,25362.15
1779876000000,25363.15,25388.15,25349.15,25385.15
1779876900000,25384.15,25385.15,25353.15,25355.15
1779877800000,25354.15,25358.15,25327.15,25343.15
1779878700000,25342.15,25370.15,25342.15,25359.15
1779879600000,25360.15,25367.15,25309.15,25317.15
1779880500000,25316.15,25334.15,25297.15,25297.15
1779881400000,25298.15,25314.15,25269.15,25297.15
1779882300000,25296.15,25302.15,25265.15,25267.15
1779883200000,25266.15,25269.15,25237.15,25238.15
1779884100000,25239.15,25379.15,25234.15,25356.15
1779885000000,25355.15,25367.15,25292.15,25329.15
1779885900000,25328.15,25330.15,25256.15,25266.15
1779886800000,25264.15,25289.15,25252.15,25278.15
1779887700000,25277.15,25278.15,25249.15,25254.15
1779888600000,25253.15,25267.95,25220.15,25227.15
1779889500000,25228.15,25264.15,25223.15,25260.15
1779890400000,25258.15,25268.15,25224.15,25231.15
1779891300000,25230.149999999998,25238.149999999998,25175.35,25207.149999999998
1779892200000,25208.149999999998,25216.149999999998,25111.85,25180.149999999998
1779893100000,25179.15,25222.15,25177.15,25220.15
1779894000000,25219.15,25241.15,25191.15,25203.15
1779894900000,25208.15,25221.15,25192.15,25219.15
1779895800000,25225.15,25242.15,25142.15,25149.15
1779896700000,25150.15,25178.15,25136.15,25166.15
1779897600000,25165.15,25186.15,25139.75,25180.15
1779898500000,25181.15,25201.15,25176.15,25190.15
1779899400000,25188.15,25210.15,25183.15,25199.15
1779900300000,25200.15,25204.15,25192.15,25194.15
1779901200000,25193.15,25199.15,25156.15,25168.15
1779902100000,25167.15,25187.15,25163.15,25175.15
1779903000000,25176.15,25182.15,25168.15,25170.65
1779903900000,25169.65,25187.65,25164.65,25170.65
1779904800000,25169.65,25177.65,25153.65,25177.65
1779905700000,25176.65,25199.65,25175.65,25198.65
1779906600000,25199.649999999998,25208.649999999998,25189.85,25197.649999999998
1779907500000,25198.65,25202.65,25192.65,25196.65
1779908400000,25197.65,25211.65,25197.65,25211.65
1779909300000,25210.65,25217.65,25203.65,25206.65
1779910200000,25204.65,25232.25,25203.65,25229.65
1779911100000,25228.65,25228.65,25203.65,25210.75
1779912000000,25205.85,25217.629999999997,25198.85,25214.629999999997
1779912900000,25215.63,25234.63,25215.63,25221.55
1779913800000,25222.55,25233.98,25221.55,25230.98
1779914700000,25231.98,25249.98,25230.98,25246.98
1779919200000,25250.25,25265.25,25228.67,25233.67
1779920100000,25232.67,25240.67,25220.55,25221.55
1779921000000,25219.55,25236.82,25205.27,25224.82
1779921900000,25225.82,25234.82,25217.82,25229.38
1779922800000,25228.38,25237.25,25220.25,25227.25
1779923700000,25226.25,25241.25,25204.97,25214.97
1779924600000,25213.97,25213.97,25181.25,25191.25
1779925500000,25192.25,25192.25,25166.25,25172.25
1779926400000,25169.25,25177.68,25156.54,25156.54
1779927300000,25175.15,25181.95,25144.15,25160.95
1779928200000,25159.95,25169.95,25142.45,25164.95
1779929100000,25164.95,25208.45,25164.45,25200.95
1779930000000,25198.95,25205.95,25177.95,25191.95
1779930900000,25193.95,25197.45,25172.45,25187.95
1779931800000,25185.95,25202.95,25156.75,25159.85
1779932700000,25161.25,25178.95,25146.95,25178.95
1779933600000,25179.95,25196.25,25151.95,25152.95
1779934500000,25153.95,25165.45,25142.95,25153.95
1779935400000,25152.95,25160.45,25120.95,25124.45
1779936300000,25123.45,25133.45,25116.45,25117.95
1779937200000,25117.95,25123.45,25082.95,25094.45
1779938100000,25095.95,25103.95,25054.25,25059.95
1779939000000,25058.95,25062.95,24971.45,24973.45
1779939900000,24973.95,24991.95,24962.45,24965.95
1779940800000,24966.95,24969.95,24918.95,24928.45
1779941700000,24928.95,24943.45,24912.45,24932.45
1779942600000,24932.45,24978.350000000002,24930.95,24957.95
1779943500000,24957.45,24972.45,24941.45,24961.95
1779944400000,24960.45,24979.45,24942.45,24970.45
1779945300000,24971.45,25006.75,24943.75,25003.45
1779946200000,25002.45,25071.45,24998.95,25064.75
1779947100000,25062.95,25073.95,25052.95,25060.45
1779948000000,25061.95,25081.95,25050.55,25074.55
1779948900000,25073.55,25096.55,25070.55,25085.55
1779949800000,25086.55,25090.55,25060.55,25081.55
1779950700000,25080.55,25107.55,25069.55,25095.35
1779951600000,25094.35,25158.55,25074.75,25139.55
1779952500000,25141.55,25157.05,25129.05,25149.05
1779953400000,25148.05,25159.05,25122.05,25132.05
1779954300000,25131.05,25149.05,25097.05,25148.05
1779955200000,25152.05,25183.85,25130.05,25174.05
1779956100000,25173.05,25177.05,25129.05,25147.05
1779957000000,25148.05,25152.05,25125.05,25142.05
1779957900000,25143.05,25167.05,25139.05,25167.05
1779958800000,25166.05,25185.05,25145.05,25166.05
1779959700000,25165.05,25182.05,25154.05,25159.05
1779960600000,25160.05,25160.05,25113.05,25122.05
1779961500000,25123.05,25159.05,25120.05,25131.05
1779962400000,25130.05,25145.05,25112.05,25128.05
1779963300000,25127.05,25130.05,25092.05,25100.05
1779964200000,25099.05,25108.05,25069.05,25074.05
1779965100000,25075.05,25087.05,25012.05,25045.05
1779966000000,25043.05,25072.649999999998,25038.05,25050.05
1779966900000,25049.05,25074.05,25049.05,25067.05
1779967800000,25066.05,25077.05,25046.05,25064.05
1779968700000,25065.05,25065.05,25033.05,25033.05
1779969600000,25032.05,25042.05,25017.05,25041.05
1779970500000,25040.05,25045.05,25000.05,25013.75
1779971400000,25013.25,25066.05,25013.25,25064.05
1779972300000,25063.05,25084.05,25057.05,25078.05
1779973200000,25079.05,25105.05,25046.05,25050.05
1779974100000,25049.05,25054.05,25019.05,25019.05
1779975000000,25021.05,25036.55,24976.55,25036.55
1779975900000,25035.55,25052.55,25003.55,25045.55
1779976800000,25046.55,25251.75,25008.55,25191.149999999998
1779977700000,25187.75,25203.149999999998,25114.55,25133.55
1779978600000,25132.55,25142.55,25083.55,25114.55
1779979500000,25113.55,25116.55,25020.55,25056.55
1779980400000,25057.55,25101.55,25051.55,25085.55
1779981300000,25086.55,25107.05,25056.55,25102.05
1779982200000,25101.05,25105.05,25070.05,25084.05
1779983100000,25086.05,25106.05,25080.05,25095.05
1779984000000,25094.05,25113.05,25080.05,25113.05
1779984900000,25114.05,25166.05,25105.05,25138.05
1779985800000,25137.05,25138.05,25114.05,25132.05
1779986700000,25134.05,25165.05,25133.05,25161.05
1779987600000,25160.05,25164.05,25137.05,25140.05
1779988500000,25141.05,25151.05,25131.05,25133.05
1779989400000,25134.05,25142.05,25124.05,25126.05
1779990300000,25128.05,25136.05,25126.05,25131.05
1779991200000,25130.05,25139.05,25117.05,25120.05
1779992100000,25121.050000000003,25141.050000000003,25106.65,25110.050000000003
1779993000000,25109.05,25110.05,25085.05,25096.05
1779993900000,25095.05,25117.05,25094.05,25101.05
1779994800000,25102.05,25110.05,25095.05,25096.05
1779995700000,25097.05,25098.05,25088.05,25093.05
1779996600000,25092.05,25106.05,25092.05,25092.05
1779997500000,25091.05,25109.05,25088.05,25092.149999999998
1779998400000,25088.15,25117.25,25088.15,25116.25
1779999300000,25115.25,25117.25,25106.25,25115.32
1780000200000,25116.32,25118.32,25107.32,25111.32
1780001100000,25110.32,25118.75,25107.32,25116.75
1780005600000,25128.25,25144.25,25113.25,25124.25
1780006500000,25125.25,25126.25,25112.25,25119.25
1780007400000,25118.25,25125.25,25110.25,25119.25
1780008300000,25120.25,25123.25,25110.25,25111.25
1780009200000,25110.25,25125.25,25110.25,25125.25
1780010100000,25124.25,25130.25,25122.25,25129.25
1780011000000,25128.25,25128.25,25118.25,25120.25
1780011900000,25119.25,25119.25,25106.25,25114.97
1780012800000,25112.97,25115.68,25104.68,25109.68
1780013700000,25110.68,25124.449999999997,25099.85,25100.949999999997
1780014600000,25102.95,25102.95,25072.45,25081.45
1780015500000,25083.95,25089.95,25067.45,25086.95
1780016400000,25085.95,25119.25,25072.45,25100.95
1780017300000,25100.949999999997,25118.949999999997,25093.85,25098.449999999997
1780018200000,25098.95,25123.95,25088.95,25118.45
1780019100000,25119.95,25125.45,25101.95,25110.95
1780020000000,25109.95,25128.95,25108.45,25126.95
1780020900000,25127.95,25136.95,25103.95,25109.45
1780021800000,25108.95,25125.95,25108.95,25113.95
1780022700000,25112.95,25118.45,25106.45,25114.95
1780023600000,25117.95,25151.45,25112.45,25141.850000000002
1780024500000,25142.850000000002,25158.25,25138.95,25151.95
1780025400000,25149.95,25162.45,25146.45,25158.45
1780026300000,25156.95,25163.95,25138.45,25148.95
1780027200000,25149.45,25165.25,25146.95,25163.45
1780028100000,25162.95,25180.45,25157.45,25179.95
1780029000000,25179.850000000002,25183.25,25173.45,25176.95
1780029900000,25177.95,25180.25,25167.45,25171.95
1780030800000,25172.95,25186.25,25164.45,25173.45
1780031700000,25172.45,25181.45,25165.45,25175.95
1780032600000,25174.95,25175.95,25153.95,25175.850000000002
1780033500000,25175.449999999997,25181.25,25167.85,25174.449999999997
1780034400000,25176.25,25185.05,25165.05,25172.05
1780035300000,25171.05,25191.05,25152.05,25153.05
1780036200000,25155.050000000003,25169.050000000003,25150.65,25166.050000000003
1780037100000,25165.65,25208.050000000003,25159.65,25188.75
1780038000000,25185.649999999998,25185.649999999998,25113.55,25143.05
1780038900000,25144.05,25149.05,25082.05,25124.05
1780039800000,25125.05,25139.05,25109.05,25126.05
1780040700000,25125.05,25175.05,25117.05,25169.649999999998
1780041600000,25175.75,25190.649999999998,25146.05,25172.05
1780042500000,25171.05,25179.05,25154.05,25171.05
1780043400000,25174.05,25178.05,25149.05,25158.05
1780044300000,25157.05,25160.05,25120.05,25125.05
1780045200000,25124.05,25165.05,25112.05,25153.05
1780046100000,25154.05,25189.05,25144.05,25172.05
1780047000000,25173.05,25194.05,25169.05,25183.05
1780047900000,25182.05,25209.05,25157.55,25159.55
1780048800000,25160.55,25165.55,25108.55,25123.55
1780049700000,25122.55,25159.55,25119.55,25131.55
1780050600000,25130.55,25145.05,25118.55,25142.05
1780051500000,25141.05,25157.05,25136.05,25143.05
1780052400000,25142.05,25156.05,25112.25,25136.05
1780053300000,25135.05,25148.05,25095.05,25097.05
1780054200000,25096.05,25100.05,25062.05,25086.05
1780055100000,25085.05,25101.05,25033.25,25098.05
1780056000000,25096.25,25116.05,25065.05,25110.05
1780056900000,25109.05,25124.05,25099.96,25114.05
1780057800000,25112.05,25124.05,25082.75,25116.05
1780058700000,25117.05,25122.05,25093.05,25111.05
1780059600000,25110.05,25143.05,25108.05,25115.05
1780060500000,25116.05,25118.05,25067.05,25082.05
1780061400000,25079.05,25099.05,25047.05,25068.05
1780062300000,25066.05,25091.05,25052.05,25057.05
1780063200000,25058.05,25079.05,25043.05,25066.05
1780064100000,25062.05,25091.05,25050.05,25083.05
1780065000000,25084.05,25118.05,25080.05,25092.05
1780065900000,25090.05,25201.05,25073.05,25154.05
1780066800000,25157.05,25203.05,25142.05,25196.05
1780067700000,25197.05,25210.05,25124.05,25124.05
1780068600000,25130.05,25149.05,25057.05,25092.05
1780069500000,25092.649999999998,25122.05,25083.05,25113.05
1780070400000,25114.05,25131.05,25106.05,25123.05
1780071300000,25122.05,25124.05,25099.05,25107.05
1780072200000,25108.05,25138.05,25103.05,25128.05
1780073100000,25129.050000000003,25129.050000000003,25104.65,25112.050000000003
1780074000000,25112.649999999998,25124.05,25104.05,25114.05
1780074900000,25113.05,25123.05,25100.05,25106.05
1780075800000,25105.05,25110.05,25093.05,25097.05
1780076700000,25098.05,25098.05,25063.05,25064.05
1780077600000,25065.05,25080.05,25063.05,25069.05
1780078500000,25070.05,25079.05,25062.05,25070.05
1780079400000,25071.05,25090.05,25071.05,25077.05
1780080300000,25076.05,25076.05,25030.05,25045.05
1780081200000,25044.05,25072.05,25040.05,25062.05
1780082100000,25061.05,25075.05,25054.05,25073.05
1780083000000,25074.05,25081.05,25058.05,25059.05
1780083900000,25058.05,25078.05,25049.05,25053.149999999998
1780084800000,25049.15,25064.25,25045.25,25053.25
1780085700000,25054.25,25054.25,25026.25,25033.25
1780086600000,25032.25,25041.25,25030.25,25033.25
1780087500000,25034.25,25043.25,25028.25,25035.25
1780264800000,25033.95,25050.95,25017.95,25048.95
1780265700000,25047.95,25061.95,25041.95,25055.95
1780266600000,25054.95,25071.95,25052.95,25071.95
1780267500000,25072.95,25084.95,25072.95,25077.95
1780268400000,25078.95,25087.95,25073.95,25082.95
1780269300000,25084.95,25090.95,25076.95,25089.95
1780270200000,25090.95,25096.95,25082.95,25089.95
1780271100000,25088.95,25098.95,25085.95,25094.95
1780272000000,25098.95,25111.95,25088.95,25094.95
1780272900000,25090.85,25120.649999999998,25090.85,25107.649999999998
1780273800000,25107.550000000003,25121.15,25097.15,25110.65
1780274700000,25111.65,25125.65,25105.65,25120.65
1780275600000,25123.149999999998,25130.649999999998,25086.55,25117.149999999998
1780276500000,25115.65,25136.15,25112.65,25114.65
1780277400000,25115.65,25137.65,25109.65,25132.65
1780278300000,25134.65,25139.95,25124.65,25134.15
1780279200000,25131.65,25140.95,25127.65,25139.550000000003
1780280100000,25139.95,25152.95,25135.65,25147.15
1780281000000,25147.550000000003,25152.95,25131.15,25135.15
1780281900000,25136.65,25139.65,25130.15,25137.65
1780282800000,25138.65,25146.65,25134.65,25135.65
1780283700000,25136.65,25136.65,25111.65,25125.65
1780284600000,25124.65,25145.95,25094.65,25096.15
1780285500000,25094.65,25100.15,25083.15,25089.65
1780286400000,25091.65,25111.15,25085.15,25110.65
1780287300000,25111.15,25125.65,25106.15,25122.65
1780288200000,25121.65,25143.550000000003,25117.15,25139.65
1780289100000,25138.65,25139.65,25117.65,25125.65
1780290000000,25124.65,25132.65,25119.65,25128.15
1780290900000,25127.15,25128.15,25105.15,25106.65
1780291800000,25109.15,25136.550000000003,25105.65,25135.15
1780292700000,25135.550000000003,25139.95,25129.15,25134.15
1780293600000,25134.55,25145.75,25120.35,25131.75
1780294500000,25131.35,25136.75,25082.75,25085.75
1780295400000,25088.35,25103.75,25078.35,25092.75
1780296300000,25091.75,25101.75,25065.75,25094.75
1780297200000,25090.75,25160.75,25069.75,25138.75
1780298100000,25139.75,25145.75,25110.75,25124.75
1780299000000,25123.75,25132.75,25095.75,25101.75
1780299900000,25100.75,25145.75,25094.75,25138.75
1780300800000,25139.75,25191.75,25136.75,25158.75
1780301700000,25159.75,25159.75,25125.75,25146.75
1780302600000,25147.75,25155.75,25105.75,25154.75
1780303500000,25155.75,25161.75,25130.75,25154.95
1780304400000,25154.45,25200.75,25154.45,25199.75
1780305300000,25198.75,25212.75,25175.75,25211.75
1780306200000,25210.75,25220.75,25167.75,25168.75
1780307100000,25169.75,25170.75,25125.75,25147.75
1780308000000,25154.75,25190.75,25133.75,25177.75
1780308900000,25176.75,25202.75,25168.75,25195.75
1780309800000,25196.75,25214.75,25193.75,25214.75
1780310700000,25216.75,25256.75,25204.75,25217.75
1780311600000,25218.75,25233.75,25181.75,25193.75
1780312500000,25194.75,25203.75,25182.75,25201.75
1780313400000,25200.75,25253.75,25195.75,25235.75
1780314300000,25233.75,25248.75,25213.75,25242.75
1780315200000,25243.75,25259.75,25223.75,25223.75
1780316100000,25225.75,25267.75,25218.75,25257.75
1780317000000,25256.75,25290.75,25240.75,25283.75
1780317900000,25282.75,25309.75,25263.75,25272.75
1780318800000,25274.75,25276.75,24979.75,25062.35
1780319700000,25060.75,25119.75,25004.75,25018.75
1780320600000,25020.75,25034.75,24966.75,25012.75
1780321500000,25015.75,25041.75,24925.75,24934.95
1780322400000,24928.95,25000.75,24902.75,24988.75
1780323300000,24986.75,25051.35,24934.75,24968.75
1780324200000,24967.75,25005.75,24932.75,24970.75
1780325100000,24971.75,24974.75,24917.75,24925.75
1780326000000,24926.75,24998.75,24909.75,24985.75
1780326900000,24986.75,25007.75,24964.75,24994.75
1780327800000,24995.75,25076.75,24991.75,25026.75
1780328700000,25027.75,25029.75,24992.75,24995.75
1780329600000,24994.75,25020.35,24976.75,24987.75
1780330500000,24987.35,24989.75,24959.75,24984.75
1780331400000,24985.75,25011.75,24983.75,24998.75
1780332300000,24997.75,25069.75,24989.75,25062.75
1780333200000,25063.75,25068.35,25023.75,25038.75
1780334100000,25037.75,25110.75,25033.75,25104.35
1780335000000,25103.95,25185.35,25075.75,25120.35
1780335900000,25119.95,25130.75,25107.75,25117.75
1780336800000,25116.75,25137.75,25116.75,25122.75
1780337700000,25123.75,25131.75,25115.75,25121.75
1780338600000,25122.75,25123.75,25112.75,25120.75
1780339500000,25119.75,25124.75,25115.75,25117.75
1780340400000,25118.75,25129.75,25110.75,25119.75
1780341300000,25120.75,25135.75,25118.75,25135.75
1780342200000,25134.75,25134.75,25108.75,25115.75
1780343100000,25114.75,25118.75,25079.85,25081.85
1780344000000,25080.850000000002,25089.95,25074.95,25086.95
1780344900000,25085.95,25086.95,25069.95,25074.95
1780345800000,25073.95,25092.95,25070.95,25083.95
1780346700000,25082.95,25083.95,25054.95,25063.95
1780351200000,25066.35,25076.35,25016.07,25029.35
1780352100000,25028.35,25035.35,25009.35,25011.35
1780353000000,25012.35,25018.35,24997.35,25001.35
1780353900000,25002.35,25017.35,25000.35,25017.35
1780354800000,25018.350000000002,25019.63,25009.63,25013.63
1780355700000,25012.63,25019.63,25010.63,25011.63
1780356600000,25012.63,25024.63,25004.63,25014.63
1780357500000,25015.63,25024.63,24998.63,25023.63
1780358400000,25015.629999999997,25015.629999999997,24985.35,24990.35
1780359300000,24989.35,25032.25,24989.35,25026.55
1780360200000,25025.55,25046.95,25007.55,25020.05
1780361100000,25019.05,25022.55,24986.05,24994.55
1780362000000,24990.05,25045.05,24990.05,25043.05
1780362900000,25041.55,25057.35,25021.05,25038.95
1780363800000,25039.05,25067.05,25020.55,25037.05
1780364700000,25038.05,25038.05,25006.55,25019.05
1780365600000,25020.05,25045.35,25019.05,25043.05
1780366500000,25043.05,25058.35,25026.05,25052.05
1780367400000,25051.55,25065.55,25047.55,25060.05
1780368300000,25061.05,25070.55,25050.55,25063.05
1780369200000,25062.05,25074.55,25041.55,25064.05
1780370100000,25064.05,25072.55,25040.05,25047.05
1780371000000,25048.95,25072.55,25036.05,25071.55
1780371900000,25070.95,25088.05,25066.55,25080.55
1780372800000,25082.05,25108.35,25079.55,25090.05
1780373700000,25091.55,25099.55,25081.05,25089.05
1780374600000,25088.55,25103.55,25079.55,25091.05
1780375500000,25090.05,25124.35,25089.05,25124.35
1780376400000,25127.05,25128.95,25106.05,25120.05
1780377300000,25121.05,25149.350000000002,25116.95,25133.350000000002
1780378200000,25134.35,25147.95,25122.05,25136.35
1780379100000,25138.55,25138.55,25121.05,25128.05
1780380000000,25127.050000000003,25147.15,25124.15,25135.15
1780380900000,25134.75,25153.15,25134.75,25144.15
1780381800000,25145.15,25176.15,25133.15,25160.15
1780382700000,25162.15,25192.15,25150.15,25190.15
1780383600000,25180.15,25240.15,25179.15,25233.15
1780384500000,25232.15,25264.15,25217.65,25226.65
1780385400000,25228.65,25280.65,25222.65,25274.65
1780386300000,25275.65,25331.65,25259.65,25330.65
1780387200000,25332.65,25368.15,25325.15,25330.65
1780388100000,25329.65,25345.15,25281.65,25282.65
1780389000000,25284.65,25293.65,25254.56,25276.65
1780389900000,25277.65,25289.65,25263.65,25272.25
1780390800000,25271.65,25280.15,25252.65,25270.15
1780391700000,25269.15,25279.15,25239.15,25249.15
1780392600000,25248.15,25253.15,25205.15,25246.15
1780393500000,25247.15,25278.65,25245.15,25251.15
1780394400000,25250.15,25271.15,25233.15,25260.15
1780395300000,25261.15,25280.15,25258.15,25266.15
1780396200000,25265.15,25271.15,25239.15,25263.15
1780397100000,25264.15,25273.15,25238.15,25238.15
1780398000000,25237.15,25240.15,25211.65,25216.15
1780398900000,25217.15,25236.15,25206.15,25226.15
1780399800000,25227.15,25227.15,25193.15,25198.15
1780400700000,25199.15,25221.15,25194.15,25213.15
1780401600000,25212.15,25226.65,25184.65,25213.65
1780402500000,25214.65,25222.65,25172.65,25198.65
1780403400000,25200.65,25200.65,25164.65,25179.65
1780404300000,25180.65,25182.65,25146.65,25152.65
1780405200000,25153.65,25160.65,25092.65,25121.65
1780406100000,25120.65,25136.65,25095.65,25124.65
1780407000000,25122.65,25153.65,25100.65,25116.65
1780407900000,25117.65,25131.65,25067.65,25080.65
1780408800000,25079.65,25126.65,25065.65,25118.65
1780409700000,25115.65,25122.65,25070.65,25085.65
1780410600000,25086.65,25129.65,25078.65,25125.65
1780411500000,25126.65,25142.65,25109.65,25110.65
1780412400000,25111.65,25114.65,25089.65,25095.65
1780413300000,25094.65,25132.65,25087.65,25121.65
1780414200000,25123.65,25146.65,25103.65,25142.65
1780415100000,25143.65,25155.65,25124.65,25136.65
1780416000000,25135.65,25145.65,25115.65,25116.65
1780416900000,25117.65,25121.65,25087.65,25091.65
1780417800000,25090.65,25095.65,25067.65,25083.65
1780418700000,25082.65,25096.65,25080.65,25090.65
1780419600000,25091.65,25097.65,25076.65,25076.65
1780420500000,25075.65,25076.65,25060.65,25070.65
1780421400000,25069.65,25074.65,25061.65,25066.65
1780422300000,25067.65,25076.65,25063.65,25067.65
1780423200000,25069.65,25088.65,25066.65,25081.65
1780424100000,25080.65,25092.65,25077.65,25086.65
1780425000000,25085.65,25101.65,25082.65,25098.65
1780425900000,25097.65,25105.65,25093.65,25094.65
1780426800000,25095.65,25106.65,25094.65,25097.65
1780427700000,25098.65,25110.65,25097.65,25106.65
1780428600000,25108.65,25113.65,25105.65,25109.65
1780429500000,25110.65,25120.65,25105.65,25105.75
1780430400000,25105.75,25128.85,25102.85,25116.85
1780431300000,25117.85,25124.85,25111.85,25113.85
1780432200000,25114.85,25119.859999999997,25110.85,25118.859999999997
1780433100000,25119.86,25122.86,25115.86,25120.86
1780437600000,25123.25,25123.25,25102.25,25106.53
1780438500000,25107.53,25112.859999999997,25101.1,25107.699999999997
1780439400000,25106.7,25113.7,25103.66,25104.66
1780440300000,25105.66,25108.66,25090.25,25095.25
1780441200000,25094.25,25095.25,25065.25,25071.25
1780442100000,25072.25,25073.25,25016.25,25047.25
1780443000000,25048.25,25089.66,25037.25,25084.25
1780443900000,25083.53,25103.25,25071.68,25097.25
1780444800000,25109.25,25110.25,25084.24,25086.24
1780445700000,25079.15,25121.45,25071.45,25096.850000000002
1780446600000,25098.25,25116.45,25093.45,25115.95
1780447500000,25116.45,25117.45,25107.95,25115.45
1780448400000,25114.45,25118.850000000002,25081.45,25093.95
1780449300000,25091.45,25106.45,25088.45,25101.95
1780450200000,25104.95,25117.45,25091.95,25093.95
1780451100000,25101.45,25112.45,25084.95,25106.45
1780452000000,25111.95,25118.45,25102.45,25109.95
1780452900000,25107.95,25111.45,25095.45,25101.95
1780453800000,25103.45,25106.45,25089.95,25093.95
1780454700000,25093.95,25093.95,25080.95,25089.95
1780455600000,25087.95,25124.25,25087.45,25114.95
1780456500000,25112.95,25120.75,25093.45,25096.95
1780457400000,25096.95,25115.25,25095.95,25106.850000000002
1780458300000,25106.45,25118.25,25093.95,25116.850000000002
1780459200000,25109.949999999997,25126.449999999997,25094.85,25104.949999999997
1780460100000,25106.95,25117.25,25102.45,25107.95
1780461000000,25109.45,25110.45,25095.45,25100.45
1780461900000,25099.95,25100.95,25091.45,25093.95
1780462800000,25092.95,25107.95,25081.45,25101.95
1780463700000,25099.95,25104.95,25076.45,25076.45
1780464600000,25081.45,25087.75,25055.95,25072.95
1780465500000,25073.45,25073.95,25036.95,25043.45
1780466400000,25044.45,25070.25,25016.65,25032.050000000003
1780467300000,25031.050000000003,25039.050000000003,25020.65,25029.050000000003
1780468200000,25026.05,25056.05,25003.05,25034.05
1780469100000,25036.05,25036.05,24990.05,25003.05
1780470000000,24995.05,25003.05,24921.55,24952.55
1780470900000,24954.55,24977.55,24923.55,24943.55
1780471800000,24942.55,24951.55,24885.55,24887.55
1780472700000,24886.55,24955.55,24884.55,24954.55
1780473600000,24959.55,24964.55,24926.55,24949.55
1780474500000,24950.55,24957.55,24912.55,24934.55
1780475400000,24935.55,24971.55,24913.55,24948.55
1780476300000,24947.55,24960.55,24931.55,24937.55
1780477200000,24935.55,24954.55,24915.55,24919.55
1780478100000,24918.55,24920.55,24876.55,24878.55
1780479000000,24877.55,24900.55,24866.55,24878.55
1780479900000,24877.55,24883.55,24846.55,24853.55
1780480800000,24852.55,24935.05,24834.55,24906.05
1780481700000,24907.05,24911.05,24871.05,24909.05
1780482600000,24908.05,24912.05,24859.05,24866.05
1780483500000,24865.05,24894.05,24847.05,24879.05
1780484400000,24878.05,24891.05,24865.05,24880.05
1780485300000,24881.05,24932.55,24871.05,24922.55
1780486200000,24923.55,24930.55,24907.55,24928.55
1780487100000,24929.55,24943.55,24908.55,24917.55
1780488000000,24918.55,24931.55,24905.55,24922.55
1780488900000,24921.55,24921.55,24883.55,24883.55
1780489800000,24882.55,24894.55,24861.55,24889.55
1780490700000,24890.55,24916.55,24886.55,24900.55
1780491600000,24901.55,24922.55,24889.55,24903.55
1780492500000,24902.55,24904.55,24868.75,24877.55
1780493400000,24879.55,24879.55,24828.55,24829.55
1780494300000,24829.149999999998,24882.55,24809.55,24857.75
1780495200000,24856.75,24883.55,24815.55,24821.55
1780496100000,24820.55,24839.55,24761.75,24813.55
1780497000000,24811.55,24815.55,24758.75,24773.55
1780497900000,24772.55,24821.55,24767.55,24799.55
1780498800000,24800.55,24821.55,24780.55,24781.55
1780499700000,24782.55,24821.55,24776.55,24819.55
1780500600000,24816.55,24829.55,24779.55,24812.55
1780501500000,24813.55,24819.55,24800.55,24803.55
1780502400000,24804.55,24809.55,24780.55,24789.55
1780503300000,24790.55,24791.55,24756.55,24772.55
1780504200000,24772.149999999998,24786.55,24769.55,24781.55
1780505100000,24779.55,24792.55,24762.55,24785.55
1780506000000,24786.55,24803.55,24762.55,24767.55
1780506900000,24768.55,24782.55,24763.55,24773.55
1780507800000,24772.55,24787.55,24763.55,24781.55
1780508700000,24782.55,24788.55,24776.55,24785.75
1780509600000,24786.149999999998,24795.55,24782.55,24785.55
1780510500000,24786.550000000003,24793.550000000003,24777.15,24792.550000000003
1780511400000,24793.55,24795.55,24777.55,24791.55
1780512300000,24790.55,24792.55,24784.55,24784.55
1780513200000,24783.55,24783.55,24765.55,24767.55
1780514100000,24768.55,24784.55,24764.55,24766.55
1780515000000,24768.55,24774.55,24755.55,24770.55
1780515900000,24769.550000000003,24775.550000000003,24725.65,24728.65
1780516800000,24725.65,24740.75,24724.36,24726.36
1780517700000,24727.36,24728.36,24699.36,24708.88
1780518600000,24707.88,24709.88,24678.32,24680.32
1780519500000,24681.32,24693.32,24679.32,24691.75
1780524000000,24679.75,24697.75,24671.75,24685.75
1780524900000,24686.75,24686.75,24668.75,24681.75
1780525800000,24680.75,24689.75,24674.75,24679.75
1780526700000,24678.75,24699.18,24662.89,24692.18
1780527600000,24693.18,24696.18,24669.75,24677.75
1780528500000,24678.75,24678.75,24665.18,24673.18
1780529400000,24674.18,24679.18,24660.18,24663.18
1780530300000,24664.18,24681.77,24659.4,24671.800000000003
1780531200000,24665.8,24688.28,24648.8,24684.28
1780532100000,24702.65,24714.95,24674.95,24694.95
1780533000000,24690.949999999997,24760.949999999997,24686.85,24749.449999999997
1780533900000,24749.95,24757.95,24731.95,24748.45
1780534800000,24753.95,24788.25,24745.45,24776.45
1780535700000,24773.45,24777.850000000002,24751.45,24761.45
1780536600000,24757.95,24776.95,24743.95,24752.95
1780537500000,24749.95,24758.95,24725.95,24742.95
1780538400000,24743.45,24743.95,24708.45,24711.45
1780539300000,24713.45,24737.95,24690.45,24724.850000000002
1780540200000,24724.95,24733.45,24704.45,24724.95
1780541100000,24724.95,24743.95,24724.95,24734.95
1780542000000,24734.45,24756.45,24730.95,24751.95
1780542900000,24750.95,24759.45,24745.45,24758.850000000002
1780543800000,24760.45,24768.45,24729.95,24731.95
1780544700000,24727.95,24753.95,24724.45,24750.95
1780545600000,24752.95,24760.95,24736.45,24760.95
1780546500000,24762.45,24764.45,24745.45,24756.45
1780547400000,24755.95,24762.95,24739.45,24759.95
1780548300000,24759.95,24762.95,24749.95,24755.95
1780549200000,24754.45,24758.95,24715.45,24731.45
1780550100000,24733.45,24749.45,24721.45,24736.95
1780551000000,24736.45,24771.25,24734.45,24761.45
1780551900000,24761.85,24764.45,24739.75,24761.85
1780552800000,24761.449999999997,24801.05,24756.85,24787.05
1780553700000,24786.05,24796.05,24774.05,24796.05
1780554600000,24797.05,24827.55,24788.55,24809.55
1780555500000,24808.55,24828.55,24792.55,24828.149999999998
1780556400000,24827.55,24881.55,24827.55,24880.55
1780557300000,24881.55,24915.55,24880.55,24915.55
1780558200000,24914.55,24952.05,24908.55,24927.05
1780559100000,24926.05,24956.05,24926.05,24946.05
1780560000000,24947.05,24977.05,24929.05,24951.05
1780560900000,24950.05,24969.05,24926.05,24965.05
1780561800000,24968.05,25007.05,24934.05,24941.05
1780562700000,24940.05,24942.05,24889.05,24891.05
1780563600000,24890.05,24891.05,24844.55,24862.55
1780564500000,24861.55,24891.55,24855.75,24882.55
1780565400000,24881.55,24935.55,24874.55,24934.55
1780566300000,24935.55,24976.55,24931.55,24967.55
1780567200000,24964.55,24967.55,24917.05,24928.05
1780568100000,24929.05,24934.05,24905.05,24908.05
1780569000000,24907.05,24910.05,24862.05,24896.05
1780569900000,24895.05,24915.05,24865.05,24913.05
1780570800000,24915.05,24949.05,24910.05,24918.05
1780571700000,24916.05,24964.05,24912.05,24946.05
1780572600000,24947.05,24955.05,24901.05,24914.05
1780573500000,24915.05,24965.05,24901.05,24957.05
1780574400000,24956.05,24965.05,24921.05,24948.05
1780575300000,24949.05,24972.05,24941.05,24966.25
1780576200000,24962.25,25000.05,24953.05,24997.05
1780577100000,24998.05,25007.05,24969.05,24981.05
1780578000000,24980.05,25007.05,24974.05,24988.05
1780578900000,24986.05,25014.05,24984.05,24995.05
1780579800000,24996.05,25002.05,24928.05,24949.05
1780580700000,24951.05,24982.05,24946.05,24969.05
1780581600000,24968.05,24979.05,24934.05,24976.05
1780582500000,24975.05,24995.05,24939.05,24940.05
1780583400000,24939.05,24949.05,24914.05,24926.05
1780584300000,24927.05,24936.05,24900.05,24900.05
1780585200000,24901.05,24932.05,24872.05,24930.05
1780586100000,24931.05,24937.05,24914.05,24922.05
1780587000000,24923.05,24960.05,24922.05,24935.05
1780587900000,24934.05,24935.05,24910.05,24926.05
1780588800000,24927.05,24957.05,24925.05,24948.05
1780589700000,24947.05,24951.05,24938.05,24941.05
1780590600000,24942.05,24950.05,24933.05,24943.05
1780591500000,24942.05,24951.05,24935.05,24946.05
1780592400000,24945.05,24947.05,24932.05,24932.05
1780593300000,24933.05,24953.05,24931.05,24950.05
1780594200000,24951.05,24959.05,24945.05,24948.05
1780595100000,24947.05,24957.05,24945.05,24951.05
1780596000000,24950.05,24953.05,24938.05,24946.05
1780596900000,24947.05,24956.05,24941.05,24944.05
1780597800000,24943.05,24952.05,24942.05,24943.05
1780598700000,24944.05,24957.05,24942.05,24951.05
1780599600000,24950.05,24953.05,24942.05,24949.05
1780600500000,24950.05,24964.05,24947.05,24962.05
1780601400000,24961.05,24975.05,24957.05,24965.05
1780602300000,24964.05,24966.05,24941.05,24945.149999999998
1780603200000,24943.149999999998,24944.25,24916.23,24920.26
1780604100000,24919.26,24925.26,24898.26,24904.26
1780605000000,24903.26,24912.25,24901.25,24901.25
1780605900000,24900.25,24909.25,24895.25,24902.25
1780610400000,24903.75,24910.75,24887.75,24889.75
1780611300000,24888.75,24897.75,24866.75,24881.75
1780612200000,24880.75,24889.75,24873.75,24882.75
1780613100000,24881.75,24898.75,24880.75,24895.75
1780614000000,24894.75,24900.75,24873.75,24875.75
1780614900000,24874.75,24878.75,24856.75,24869.74
1780615800000,24870.74,24870.74,24854.75,24859.75
1780616700000,24858.75,24858.75,24841.75,24843.75
1780617600000,24842.75,24842.75,24785.75,24788.75
1780618500000,24789.75,24840.649999999998,24764.35,24794.449999999997
1780619400000,24796.45,24819.45,24773.95,24805.45
1780620300000,24800.949999999997,24819.35,24783.35,24812.35
1780621200000,24811.45,24824.45,24797.45,24806.95
1780622100000,24807.449999999997,24819.449999999997,24778.35,24810.949999999997
1780623000000,24812.45,24837.95,24810.95,24819.45
1780623900000,24819.45,24849.45,24808.95,24840.95
1780624800000,24840.95,24855.350000000002,24835.95,24853.45
1780625700000,24849.949999999997,24863.449999999997,24840.35,24858.449999999997
1780626600000,24856.449999999997,24860.449999999997,24835.35,24835.949999999997
1780627500000,24840.45,24845.45,24820.45,24821.95
1780628400000,24821.95,24832.45,24809.95,24823.45
1780629300000,24823.350000000002,24839.45,24808.95,24815.45
1780630200000,24816.449999999997,24826.449999999997,24804.35,24819.449999999997
1780631100000,24818.949999999997,24819.449999999997,24783.35,24783.949999999997
1780632000000,24785.350000000002,24803.95,24784.45,24800.95
1780632900000,24803.45,24816.95,24795.95,24806.95
1780633800000,24805.45,24821.45,24787.45,24805.45
1780634700000,24807.45,24835.45,24803.95,24824.45
1780635600000,24822.95,24829.45,24802.95,24814.45
1780636500000,24813.45,24828.45,24804.95,24818.45
1780637400000,24816.45,24860.350000000002,24814.95,24847.45
1780638300000,24846.45,24849.45,24812.95,24826.350000000002
1780639200000,24827.95,24906.55,24827.95,24896.55
1780640100000,24894.55,24896.55,24854.55,24860.55
1780641000000,24862.55,24886.55,24861.55,24866.55
1780641900000,24865.149999999998,24896.55,24857.55,24890.55
1780642800000,24887.55,24913.05,24852.05,24860.05
1780643700000,24859.05,24884.05,24820.05,24873.05
1780644600000,24874.05,24914.05,24866.05,24914.05
1780645500000,24915.05,24950.05,24908.05,24916.05
1780646400000,24917.05,24918.05,24872.55,24904.55
1780647300000,24905.55,24947.55,24876.55,24947.55
1780648200000,24948.55,24960.55,24925.55,24931.55
1780649100000,24930.55,24946.55,24915.55,24945.55
1780650000000,24947.149999999998,25035.55,24937.55,25002.55
1780650900000,25003.55,25004.55,24965.55,24973.55
1780651800000,24974.55,24997.55,24957.55,24960.55
1780652700000,24961.55,25003.55,24955.55,25000.55
1780653600000,24999.55,25001.55,24972.55,24987.55
1780654500000,24986.55,25005.55,24985.55,24991.55
1780655400000,24992.55,25013.55,24983.55,25012.55
1780656300000,25013.55,25022.55,24997.55,24998.55
1780657200000,24996.55,25025.55,24984.55,25016.55
1780658100000,25015.55,25017.55,24942.55,25004.55
1780659000000,25003.55,25015.55,24990.55,24999.55
1780659900000,24998.55,25011.55,24991.55,25000.55
1780660800000,24999.55,25013.55,24986.55,24994.55
1780661700000,24995.55,24997.55,24943.75,24943.75
1780662600000,24943.75,24991.149999999998,24915.55,24949.55
1780663500000,24948.55,24956.55,24899.55,24912.55
1780664400000,24911.55,24964.55,24905.55,24951.55
1780665300000,24950.55,24957.55,24909.55,24912.55
1780666200000,24910.55,24918.55,24831.55,24838.55
1780667100000,24837.55,24844.55,24795.55,24815.55
1780668000000,24817.55,24871.55,24790.55,24809.55
1780668900000,24810.55,24830.55,24766.75,24804.55
1780669800000,24805.55,24840.55,24798.55,24832.55
1780670700000,24833.55,24846.55,24818.55,24821.55
1780671600000,24822.55,24830.55,24781.55,24792.55
1780672500000,24793.55,24812.55,24771.55,24776.55
1780673400000,24777.55,24799.55,24747.55,24757.55
1780674300000,24758.55,24783.55,24754.55,24764.55
1780675200000,24763.55,24763.55,24725.55,24741.55
1780676100000,24740.55,24744.55,24731.55,24732.55
1780677000000,24731.55,24736.55,24694.75,24702.55
1780677900000,24702.149999999998,24726.55,24684.55,24718.55
1780678800000,24721.35,24721.35,24679.55,24689.55
1780679700000,24688.55,24706.55,24672.55,24703.55
1780680600000,24704.55,24725.55,24696.55,24701.55
1780681500000,24702.55,24715.55,24695.55,24709.55
1780682400000,24710.55,24718.55,24671.55,24672.55
1780683300000,24671.55,24678.55,24629.55,24632.55
1780684200000,24631.55,24647.55,24612.55,24621.55
1780685100000,24620.55,24628.55,24576.55,24598.149999999998
1780686000000,24597.15,24598.55,24534.75,24543.15
1780686900000,24545.55,24565.55,24507.55,24565.55
1780687800000,24566.55,24583.55,24543.55,24560.55
1780688700000,24559.550000000003,24611.550000000003,24558.15,24574.65
1780689600000,24576.75,24581.75,24449.76,24462.76
1780690500000,24463.760000000002,24473.45,24437.45,24465.45
1780691400000,24466.45,24466.45,24427.45,24448.45
1780692300000,24447.45,24474.45,24438.45,24460.45
1780869600000,24488.75,24515.61,24430.75,24511.61
1780870500000,24512.61,24550.75,24498.61,24504.75
1780871400000,24503.75,24534.47,24496.75,24513.18
1780872300000,24512.18,24528.18,24407.04,24448.75
1780873200000,24450.75,24516.75,24450.75,24511.75
1780874100000,24510.75,24512.75,24466.01,24489.719999999998
1780875000000,24490.72,24528.32,24487.75,24526.89
1780875900000,24527.89,24565.84,24521.46,24552.84
1780876800000,24553.84,24575.75,24534.84,24567.75
1780877700000,24536.65,24585.45,24536.65,24571.95
1780878600000,24573.95,24616.75,24567.95,24585.45
1780879500000,24584.45,24584.45,24532.95,24558.45
1780880400000,24559.95,24578.45,24517.45,24517.45
1780881300000,24525.45,24525.45,24438.95,24444.95
1780882200000,24443.949999999997,24506.449999999997,24356.35,24504.449999999997
1780883100000,24500.95,24540.95,24499.95,24539.45
1780884000000,24541.350000000002,24562.45,24519.95,24559.45
1780884900000,24558.45,24576.45,24526.95,24566.45
1780885800000,24565.449999999997,24584.949999999997,24523.35,24582.449999999997
1780886700000,24583.45,24621.95,24579.95,24588.95
1780887600000,24590.45,24600.45,24542.95,24565.45
1780888500000,24566.45,24577.25,24526.95,24551.95
1780889400000,24550.95,24565.95,24540.45,24552.95
1780890300000,24553.95,24572.95,24540.45,24553.95
1780891200000,24550.95,24562.95,24529.95,24543.95
1780892100000,24542.95,24554.850000000002,24514.45,24538.95
1780893000000,24541.95,24554.25,24456.45,24461.95
1780893900000,24461.95,24482.95,24413.45,24430.95
1780894800000,24429.95,24476.95,24429.45,24435.850000000002
1780895700000,24434.95,24477.25,24429.45,24442.95
1780896600000,24445.95,24451.95,24372.45,24388.95
1780897500000,24387.95,24407.95,24369.25,24385.45
1780898400000,24385.85,24421.649999999998,24361.05,24374.05
1780899300000,24373.050000000003,24426.050000000003,24341.65,24423.050000000003
1780900200000,24425.05,24445.55,24372.55,24393.55
1780901100000,24392.550000000003,24441.550000000003,24377.15,24428.550000000003
1780902000000,24428.15,24485.35,24409.25,24457.55
1780902900000,24455.55,24575.55,24435.55,24553.55
1780903800000,24552.55,24570.55,24520.55,24570.55
1780904700000,24572.55,24603.55,24538.55,24538.55
1780905600000,24540.55,24567.55,24517.55,24534.55
1780906500000,24533.55,24551.55,24494.05,24521.05
1780907400000,24523.05,24545.05,24502.05,24516.05
1780908300000,24517.05,24555.05,24514.05,24539.05
1780909200000,24540.05,24575.05,24538.05,24569.05
1780910100000,24568.05,24599.05,24563.05,24575.05
1780911000000,24576.05,24662.649999999998,24559.05,24629.05
1780911900000,24628.05,24650.05,24617.05,24633.05
1780912800000,24634.050000000003,24653.050000000003,24590.65,24635.550000000003
1780913700000,24634.55,24640.55,24592.55,24607.55
1780914600000,24606.55,24717.55,24604.55,24661.55
1780915500000,24662.55,24666.55,24613.55,24618.55
1780916400000,24614.55,24709.55,24584.55,24707.55
1780917300000,24706.550000000003,24751.15,24677.15,24709.550000000003
1780918200000,24711.55,24729.55,24691.55,24695.55
1780919100000,24694.55,24699.55,24664.55,24668.55
1780920000000,24669.55,24713.55,24667.55,24675.55
1780920900000,24674.55,24703.55,24667.55,24683.55
1780921800000,24682.55,24698.149999999998,24656.55,24668.55
1780922700000,24669.55,24672.55,24640.55,24659.55
1780923600000,24660.55,24684.35,24647.55,24654.55
1780924500000,24653.55,24690.55,24646.55,24671.55
1780925400000,24670.55,24702.55,24648.55,24661.55
1780926300000,24662.55,24714.55,24658.55,24686.55
1780927200000,24687.55,24692.55,24647.55,24662.55
1780928100000,24663.55,24664.55,24614.55,24629.55
1780929000000,24627.55,24669.55,24617.55,24663.55
1780929900000,24664.55,24684.55,24637.55,24684.55
1780930800000,24685.149999999998,24689.55,24659.55,24671.55
1780931700000,24670.55,24692.55,24643.55,24651.35
1780932600000,24652.35,24661.55,24617.55,24655.55
1780933500000,24656.55,24658.55,24614.55,24620.55
1780934400000,24619.55,24635.55,24613.55,24626.55
1780935300000,24625.55,24638.55,24604.55,24604.55
1780936200000,24605.55,24613.55,24596.55,24604.55
1780937100000,24603.55,24615.55,24595.55,24596.55
1780938000000,24595.55,24596.55,24552.55,24571.55
1780938900000,24570.55,24582.55,24545.55,24581.55
1780939800000,24580.55,24589.55,24550.55,24555.55
1780940700000,24556.55,24583.55,24555.55,24574.55
1780941600000,24575.55,24610.55,24574.55,24592.55
1780942500000,24593.55,24619.55,24592.55,24615.55
1780943400000,24616.55,24633.55,24610.55,24613.55
1780944300000,24612.55,24627.55,24612.55,24616.55
1780945200000,24617.55,24618.55,24582.55,24583.55
1780946100000,24584.55,24592.55,24552.55,24574.55
1780947000000,24572.55,24589.55,24557.55,24565.55
1780947900000,24564.55,24607.55,24562.55,24589.649999999998
1780948800000,24585.75,24593.75,24572.75,24578.75
1780949700000,24579.75,24583.75,24558.75,24575.75
1780950600000,24576.75,24578.75,24569.75,24574.89
1780951500000,24575.89,24580.89,24565.89,24572.89
1780956000000,24579.25,24592.25,24512.87,24527.25
1780956900000,24528.25,24537.68,24502.25,24520.68
1780957800000,24521.68,24551.69,24521.68,24547.69
1780958700000,24546.69,24575.69,24540.69,24572.84
1780959600000,24573.84,24590.84,24562.84,24584.84
1780960500000,24585.84,24586.84,24570.84,24572.82
1780961400000,24571.82,24596.82,24567.82,24578.82
1780962300000,24577.82,24580.25,24550.25,24578.25
1780963200000,24567.25,24569.25,24523.25,24526.25
1780964100000,24527.25,24550.25,24524.85,24534.949999999997
1780965000000,24534.95,24539.850000000002,24490.95,24519.95
1780965900000,24517.45,24523.95,24492.95,24514.95
1780966800000,24513.95,24528.95,24495.45,24517.95
1780967700000,24519.45,24583.95,24510.45,24560.95
1780968600000,24557.95,24587.95,24549.45,24571.95
1780969500000,24570.95,24596.95,24560.45,24569.95
1780970400000,24570.95,24587.45,24564.45,24570.95
1780971300000,24571.95,24587.45,24558.45,24577.95
1780972200000,24579.850000000002,24588.95,24558.45,24573.95
1780973100000,24570.95,24581.25,24545.45,24566.95
1780974000000,24565.95,24583.45,24557.45,24580.95
1780974900000,24577.95,24609.45,24560.95,24568.95
1780975800000,24571.95,24622.95,24566.45,24618.95
1780976700000,24617.95,24626.45,24592.95,24595.95
1780977600000,24595.45,24619.75,24584.45,24605.95
1780978500000,24607.95,24626.45,24602.45,24626.45
1780979400000,24625.45,24630.25,24602.45,24628.45
1780980300000,24628.850000000002,24647.850000000002,24619.45,24626.45
1780981200000,24625.850000000002,24640.850000000002,24613.45,24617.95
1780982100000,24618.45,24627.25,24598.45,24600.45
1780983000000,24605.95,24640.45,24598.95,24625.95
1780983900000,24624.95,24636.45,24596.25,24598.45
1780984800000,24596.95,24631.05,24596.45,24616.05
1780985700000,24617.05,24633.05,24612.05,24612.05
1780986600000,24614.05,24628.05,24587.05,24624.05
1780987500000,24625.05,24636.05,24581.05,24589.05
1780988400000,24590.649999999998,24666.05,24572.05,24615.05
1780989300000,24618.05,24624.55,24542.55,24574.05
1780990200000,24576.05,24654.05,24575.05,24651.05
1780991100000,24652.05,24698.649999999998,24647.05,24678.05
1780992000000,24680.05,24733.05,24661.05,24714.05
1780992900000,24713.05,24738.05,24705.05,24721.05
1780993800000,24723.05,24741.05,24693.05,24740.05
1780994700000,24740.05,24761.05,24734.05,24755.05
1780995600000,24754.05,24796.55,24747.05,24795.05
1780996500000,24797.05,24801.05,24769.55,24772.55
1780997400000,24771.55,24815.05,24745.05,24814.05
1780998300000,24815.05,24819.05,24791.05,24802.05
1780999200000,24803.05,24828.05,24756.25,24826.05
1781000100000,24825.05,24830.05,24802.05,24829.05
1781001000000,24828.05,24830.05,24785.05,24791.05
1781001900000,24790.05,24815.05,24784.05,24794.05
1781002800000,24793.05,24801.05,24769.05,24774.05
1781003700000,24773.05,24796.05,24766.25,24777.05
1781004600000,24779.05,24787.05,24759.05,24761.05
1781005500000,24762.05,24770.05,24725.05,24739.05
1781006400000,24740.05,24743.05,24715.05,24722.05
1781007300000,24721.05,24729.05,24709.05,24726.05
1781008200000,24725.05,24760.05,24722.05,24749.05
1781009100000,24748.05,24765.05,24724.05,24762.05
1781010000000,24760.05,24800.05,24743.05,24774.05
1781010900000,24775.05,24784.05,24760.05,24766.05
1781011800000,24765.05,24786.05,24744.05,24765.05
1781012700000,24766.05,24822.05,24764.05,24780.05
1781013600000,24782.649999999998,24799.05,24726.05,24727.05
1781014500000,24726.05,24744.05,24653.05,24710.05
1781015400000,24709.05,24742.05,24665.05,24665.05
1781016300000,24666.05,24669.05,24561.05,24625.05
1781017200000,24624.05,24640.05,24568.05,24574.05
1781018100000,24575.05,24580.05,24419.05,24419.05
1781019000000,24409.050000000003,24466.050000000003,24400.65,24455.050000000003
1781019900000,24458.05,24502.05,24417.05,24428.05
1781020800000,24431.05,24466.05,24414.05,24429.05
1781021700000,24427.05,24434.05,24363.05,24415.05
1781022600000,24414.05,24447.05,24241.05,24287.25
1781023500000,24286.65,24320.05,24250.75,24303.65
1781024400000,24302.75,24373.05,24297.75,24366.05
1781025300000,24363.649999999998,24446.05,24351.05,24429.05
1781026200000,24428.05,24483.05,24411.05,24458.05
1781027100000,24459.05,24476.05,24436.05,24459.05
1781028000000,24460.05,24478.05,24446.05,24459.05
1781028900000,24458.05,24516.05,24446.05,24508.05
1781029800000,24507.05,24539.05,24505.05,24509.05
1781030700000,24510.05,24557.05,24502.05,24549.05
1781031600000,24550.05,24561.05,24528.05,24531.05
1781032500000,24533.05,24533.05,24481.05,24511.05
1781033400000,24512.05,24519.05,24479.05,24490.25
1781034300000,24490.65,24557.05,24478.25,24531.15
1781035200000,24531.15,24560.88,24508.25,24515.25
1781036100000,24514.25,24534.25,24507.25,24529.25
1781037000000,24528.25,24542.25,24519.25,24535.25
1781037900000,24536.25,24540.25,24519.25,24529.25
1781042400000,24483.95,24495.97,24461.95,24478.95
1781043300000,24477.95,24494.95,24462.52,24470.52
1781044200000,24471.52,24472.52,24427.95,24441.95
1781045100000,24442.95,24449.95,24419.95,24442.95
1781046000000,24443.95,24475.95,24437.95,24444.95
1781046900000,24442.95,24450.95,24432.95,24438.82
1781047800000,24437.82,24449.95,24431.95,24446.95
1781048700000,24447.95,24476.95,24442.95,24473.95
1781049600000,24472.95,24519.95,24462.95,24504.95
1781050500000,24503.95,24530.850000000002,24486.15,24522.15
1781051400000,24519.65,24526.15,24441.65,24448.65
1781052300000,24448.65,24521.65,24442.15,24512.65
1781053200000,24511.65,24546.95,24492.65,24528.65
1781054100000,24531.15,24550.15,24504.65,24510.65
1781055000000,24511.15,24524.15,24490.15,24491.65
1781055900000,24491.65,24511.65,24470.15,24484.65
1781056800000,24483.65,24494.550000000003,24456.15,24485.65
1781057700000,24487.65,24496.65,24463.45,24482.65
1781058600000,24482.550000000003,24504.95,24464.65,24483.65
1781059500000,24481.65,24496.65,24446.65,24447.15
1781060400000,24450.65,24490.15,24446.15,24477.65
1781061300000,24480.65,24492.65,24466.15,24470.65
1781062200000,24469.65,24480.65,24441.15,24442.15
1781063100000,24442.65,24462.65,24442.15,24458.65
1781064000000,24459.65,24463.65,24432.65,24434.65
1781064900000,24435.15,24445.15,24423.15,24424.15
1781065800000,24423.65,24425.65,24404.95,24405.55
1781066700000,24405.15,24433.550000000003,24396.15,24406.65
1781067600000,24405.65,24441.550000000003,24398.65,24425.65
1781068500000,24424.65,24466.15,24409.65,24462.65
1781069400000,24461.15,24478.550000000003,24436.65,24448.15
1781070300000,24447.65,24490.550000000003,24435.65,24490.550000000003
1781071200000,24489.550000000003,24519.75,24480.65,24509.75
1781072100000,24509.35,24521.75,24476.75,24484.75
1781073000000,24485.75,24516.75,24474.35,24502.75
1781073900000,24503.75,24505.75,24472.75,24484.75
1781074800000,24487.75,24530.55,24455.75,24489.75
1781075700000,24488.75,24505.75,24425.25,24440.25
1781076600000,24439.25,24469.25,24425.25,24447.25
1781077500000,24446.25,24470.25,24429.25,24460.25
1781078400000,24459.25,24468.25,24410.25,24411.25
1781079300000,24410.25,24420.25,24365.25,24387.75
1781080200000,24386.75,24389.75,24340.75,24344.75
1781081100000,24343.75,24351.75,24310.75,24324.55
1781082000000,24323.55,24326.75,24257.75,24261.75
1781082900000,24260.75,24312.75,24240.75,24310.75
1781083800000,24309.75,24347.75,24278.75,24290.75
1781084700000,24289.75,24315.75,24270.75,24315.75
1781085600000,24316.75,24317.75,24239.75,24239.75
1781086500000,24240.75,24270.75,24220.75,24264.75
1781087400000,24263.75,24286.75,24240.75,24265.75
1781088300000,24266.75,24276.75,24234.75,24247.75
1781089200000,24251.75,24257.75,24045.35,24146.75
1781090100000,24145.75,24220.75,24072.45,24165.75
1781091000000,24164.75,24218.75,24150.95,24206.75
1781091900000,24209.75,24246.75,24198.75,24233.75
1781092800000,24234.75,24260.75,24207.75,24227.75
1781093700000,24228.75,24271.75,24211.95,24260.95
1781094600000,24260.95,24333.75,24220.95,24323.75
1781095500000,24322.75,24337.75,24298.75,24299.75
1781096400000,24298.75,24307.75,24256.75,24270.75
1781097300000,24271.75,24291.75,24265.75,24286.75
1781098200000,24285.75,24367.75,24251.75,24367.75
1781099100000,24369.75,24372.75,24323.75,24351.75
1781100000000,24352.75,24358.75,24314.75,24320.75
1781100900000,24321.75,24333.75,24293.75,24317.75
1781101800000,24316.75,24329.75,24282.75,24282.75
1781102700000,24281.75,24301.75,24238.75,24253.75
1781103600000,24255.75,24291.75,24233.75,24237.75
1781104500000,24238.75,24256.75,24206.75,24229.75
1781105400000,24231.75,24250.75,24191.75,24234.75
1781106300000,24233.75,24242.75,24126.45,24212.75
1781107200000,24214.75,24228.75,24168.75,24178.75
1781108100000,24179.75,24200.75,24175.75,24193.75
1781109000000,24192.75,24211.75,24155.75,24181.75
1781109900000,24180.75,24183.75,24151.75,24173.75
1781110800000,24174.75,24187.75,24138.75,24147.75
1781111700000,24148.75,24168.75,24140.75,24158.75
1781112600000,24159.75,24160.75,24117.75,24123.75
1781113500000,24122.75,24194.75,24119.75,24183.75
1781114400000,24184.35,24213.75,24179.75,24187.75
1781115300000,24186.75,24194.75,24158.75,24184.75
1781116200000,24183.75,24185.75,24152.75,24153.75
1781117100000,24152.75,24156.75,24118.75,24136.75
1781118000000,24135.75,24147.75,24117.75,24122.35
1781118900000,24122.75,24126.75,24092.75,24104.75
1781119800000,24103.75,24134.75,24097.75,24131.75
1781120700000,24132.75,24134.75,24080.85,24084.85
1781121600000,24083.95,24089.95,24045.45,24079.62
1781122500000,24078.62,24089.62,24068.62,24072.64
1781123400000,24071.64,24073.85,24049.85,24050.85
1781124300000,24049.85,24066.17,24029.87,24065.17
1781128800000,24056.95,24059.95,24001.95,24028.95
1781129700000,24027.95,24041.95,24018.95,24039.95
1781130600000,24038.95,24066.52,24030.66,24042.66
1781131500000,24043.66,24059.66,23985.95,23988.95
1781132400000,23989.95,24015.95,23957.95,23960.95
1781133300000,23959.95,24024.95,23949.95,24019.52
1781134200000,24020.52,24040.52,23987.52,24024.52
1781135100000,24023.52,24026.52,23984.95,23993.95
1781136000000,23992.95,24010.83,23975.83,24004.83
1781136900000,24003.829999999998,24064.55,23979.85,24010.649999999998
1781137800000,24006.65,24017.65,23969.65,23988.65
1781138700000,23987.65,24069.550000000003,23987.65,24058.65
1781139600000,24060.15,24149.15,24052.65,24142.15
1781140500000,24145.65,24166.65,24113.15,24157.15
1781141400000,24157.65,24157.65,24122.65,24124.65
1781142300000,24125.65,24127.65,24070.65,24081.65
1781143200000,24082.65,24102.65,24076.65,24083.65
1781144100000,24081.65,24087.550000000003,24023.15,24029.15
1781145000000,24029.65,24045.65,24004.65,24027.65
1781145900000,24026.65,24077.65,24021.65,24067.65
1781146800000,24069.15,24091.15,24040.15,24053.65
1781147700000,24055.65,24077.65,24040.15,24071.65
1781148600000,24070.15,24118.65,24067.15,24117.65
1781149500000,24115.65,24146.65,24104.15,24145.65
1781150400000,24144.65,24148.65,24127.15,24137.65
1781151300000,24136.65,24158.65,24120.65,24155.65
1781152200000,24154.65,24197.95,24147.65,24183.65
1781153100000,24185.65,24200.15,24167.65,24179.550000000003
1781154000000,24177.65,24185.95,24143.15,24150.15
1781154900000,24149.65,24162.95,24134.65,24143.65
1781155800000,24144.65,24166.550000000003,24137.65,24159.65
1781156700000,24158.65,24167.65,24149.15,24158.15
1781157600000,24157.65,24172.75,24109.95,24168.350000000002
1781158500000,24168.75,24191.75,24162.75,24181.35
1781159400000,24180.75,24226.75,24161.75,24207.75
1781160300000,24206.350000000002,24222.75,24194.95,24215.75
1781161200000,24218.75,24248.75,24164.95,24203.75
1781162100000,24204.75,24226.75,24181.75,24213.95
1781163000000,24214.95,24256.75,24214.95,24233.75
1781163900000,24234.75,24241.55,24169.75,24175.75
1781164800000,24176.75,24272.75,24174.75,24264.75
1781165700000,24263.75,24264.75,24199.75,24208.75
1781166600000,24206.75,24222.75,24191.95,24214.75
1781167500000,24213.75,24231.75,24188.75,24219.75
1781168400000,24218.75,24230.75,24183.75,24205.75
1781169300000,24206.75,24238.75,24200.75,24219.75
1781170200000,24220.75,24241.75,24201.75,24237.75
1781171100000,24238.75,24283.75,24236.75,24262.75
1781172000000,24260.75,24290.75,24253.75,24287.75
1781172900000,24288.75,24289.75,24249.75,24249.75
1781173800000,24250.75,24286.75,24250.75,24270.75
1781174700000,24271.75,24295.75,24262.75,24264.75
1781175600000,24266.75,24277.75,24234.75,24252.75
1781176500000,24251.75,24272.75,24243.75,24263.75
1781177400000,24262.75,24305.55,24256.75,24280.75
1781178300000,24279.75,24286.75,24271.95,24274.75
1781179200000,24275.75,24276.75,24240.75,24260.95
1781180100000,24262.95,24271.45,24067.95,24148.75
1781181000000,24149.75,24211.35,24099.75,24177.35
1781181900000,24177.75,24236.75,24160.35,24216.75
1781182800000,24215.75,24216.75,24164.75,24185.75
1781183700000,24184.75,24212.75,24180.95,24202.75
1781184600000,24201.75,24249.75,24194.75,24234.75
1781185500000,24233.75,24332.75,24230.75,24309.75
1781186400000,24310.75,24338.75,24232.75,24237.75
1781187300000,24238.75,24269.75,24219.75,24240.75
1781188200000,24239.75,24284.75,24228.75,24275.75
1781189100000,24276.75,24285.75,24196.95,24206.95
1781190000000,24205.95,24289.55,24198.75,24273.75
1781190900000,24274.75,24279.75,24212.75,24213.75
1781191800000,24212.75,24270.75,24210.75,24243.75
1781192700000,24244.75,24251.75,24220.75,24242.75
1781193600000,24243.75,24263.75,24236.75,24257.75
1781194500000,24256.75,24262.75,24216.75,24217.75
1781195400000,24216.75,24249.75,24208.75,24231.75
1781196300000,24232.75,24236.75,24205.75,24206.75
1781197200000,24205.75,24229.75,24175.75,24204.75
1781198100000,24203.75,24433.350000000002,24174.95,24425.95
1781199000000,24427.95,24582.75,24418.95,24567.75
1781199900000,24568.75,24576.75,24490.75,24528.35
1781200800000,24527.35,24550.75,24468.75,24491.75
1781201700000,24494.75,24524.55,24464.75,24497.75
1781202600000,24496.75,24517.75,24487.75,24502.95
1781203500000,24508.55,24542.75,24503.75,24521.75
1781204400000,24522.75,24571.75,24517.75,24548.75
1781205300000,24547.75,24569.75,24540.75,24562.75
1781206200000,24561.75,24658.75,24561.75,24657.75
1781207100000,24658.75,24658.75,24613.75,24618.85
1781208000000,24612.850000000002,24648.18,24600.95,24647.18
1781208900000,24646.18,24655.18,24622.18,24628.18
1781209800000,24630.18,24636.19,24602.21,24602.21
1781210700000,24603.21,24620.95,24601.21,24619.95
1781215200000,24617.35,24668.35,24617.35,24667.35
1781216100000,24668.35,24679.35,24652.35,24660.35
1781217000000,24661.35,24664.35,24649.35,24658.35
1781217900000,24659.35,24675.35,24658.35,24663.35
1781218800000,24664.35,24665.35,24646.35,24655.35
1781219700000,24654.35,24666.35,24634.35,24648.35
1781220600000,24649.35,24670.35,24648.35,24668.35
1781221500000,24669.35,24680.35,24662.35,24671.35
1781222400000,24668.35,24682.35,24645.35,24665.64
1781223300000,24664.64,24665.64,24606.55,24635.55
1781224200000,24635.05,24648.05,24608.05,24608.55
1781225100000,24608.05,24633.05,24597.55,24613.05
1781226000000,24614.05,24616.05,24580.05,24591.05
1781226900000,24591.05,24597.05,24545.55,24547.55
1781227800000,24549.05,24581.05,24540.55,24566.55
1781228700000,24567.05,24629.05,24565.05,24628.55
1781229600000,24629.55,24637.55,24614.55,24623.55
1781230500000,24623.55,24629.55,24585.55,24589.05
1781231400000,24590.55,24608.55,24581.55,24603.05
1781232300000,24602.55,24607.05,24591.55,24603.05
1781233200000,24601.05,24605.05,24577.55,24586.05
1781234100000,24585.05,24594.05,24572.05,24589.05
1781235000000,24589.05,24604.55,24583.05,24597.05
1781235900000,24595.55,24607.05,24576.55,24602.05
1781236800000,24604.05,24604.05,24570.55,24592.05
1781237700000,24593.05,24618.05,24581.05,24611.55
1781238600000,24611.05,24632.35,24609.05,24624.55
1781239500000,24625.55,24629.95,24610.55,24617.55
1781240400000,24619.35,24634.95,24588.05,24606.05
1781241300000,24605.05,24614.55,24591.05,24602.05
1781242200000,24602.55,24602.55,24553.05,24580.05
1781243100000,24582.05,24584.05,24528.05,24545.55
1781244000000,24545.05,24608.149999999998,24544.55,24582.149999999998
1781244900000,24581.15,24595.15,24565.75,24592.15
1781245800000,24591.15,24591.15,24530.15,24546.15
1781246700000,24543.75,24575.15,24533.15,24572.75
1781247600000,24581.15,24599.15,24523.15,24526.15
1781248500000,24527.15,24570.15,24501.15,24513.15
1781249400000,24514.15,24570.95,24510.15,24567.15
1781250300000,24566.15,24749.850000000002,24564.15,24659.15
1781251200000,24660.15,24727.15,24643.95,24706.15
1781252100000,24707.15,24766.15,24692.15,24723.15
1781253000000,24722.15,24736.15,24630.15,24633.15
1781253900000,24632.15,24644.15,24599.15,24631.15
1781254800000,24632.15,24681.15,24629.15,24680.15
1781255700000,24681.15,24704.15,24667.15,24686.15
1781256600000,24687.15,24714.15,24675.15,24681.15
1781257500000,24680.15,24698.15,24661.15,24670.15
1781258400000,24669.15,24683.15,24622.15,24640.15
1781259300000,24639.15,24645.15,24563.15,24575.15
1781260200000,24576.15,24610.15,24561.15,24601.15
1781261100000,24603.15,24610.15,24585.15,24596.15
1781262000000,24601.15,24616.15,24588.15,24606.15
1781262900000,24605.15,24643.15,24605.15,24637.15
1781263800000,24638.15,24647.15,24594.15,24612.15
1781264700000,24613.15,24622.15,24579.15,24586.15
1781265600000,24587.15,24591.15,24535.15,24541.15
1781266500000,24540.15,24541.15,24503.65,24504.65
1781267400000,24505.65,24521.65,24484.65,24492.65
1781268300000,24490.65,24513.65,24461.65,24478.65
1781269200000,24479.65,24540.65,24476.65,24537.65
1781270100000,24536.65,24566.65,24531.65,24560.65
1781271000000,24561.65,24562.65,24428.25,24460.65
1781271900000,24461.65,24528.65,24447.65,24510.65
1781272800000,24509.649999999998,24550.649999999998,24507.35,24522.649999999998
1781273700000,24523.65,24556.65,24491.65,24514.65
1781274600000,24511.65,24565.65,24511.65,24522.65
1781275500000,24521.65,24647.65,24498.65,24636.65
1781276400000,24637.65,24644.65,24597.65,24629.65
1781277300000,24628.65,24650.65,24619.65,24628.65
1781278200000,24626.65,24678.65,24618.65,24625.65
1781279100000,24624.65,24642.65,24567.65,24574.65
1781280000000,24575.65,24647.25,24549.65,24622.65
1781280900000,24621.65,24649.65,24610.65,24616.65
1781281800000,24617.65,24641.65,24611.65,24633.65
1781282700000,24632.65,24651.65,24626.65,24639.65
1781283600000,24640.65,24693.25,24638.65,24668.65
1781284500000,24667.65,24678.65,24653.65,24660.65
1781285400000,24661.65,24664.65,24640.65,24655.65
1781286300000,24656.65,24672.65,24651.65,24659.65
1781287200000,24660.65,24671.65,24648.65,24656.65
1781288100000,24655.65,24672.65,24649.65,24670.65
1781289000000,24671.65,24690.65,24670.65,24683.65
1781289900000,24684.65,24687.65,24661.65,24664.65
1781290800000,24663.65,24685.65,24662.25,24683.65
1781291700000,24684.65,24703.65,24677.65,24692.65
1781292600000,24691.65,24695.65,24664.65,24679.65
1781293500000,24678.65,24694.65,24667.65,24683.75
1781294400000,24683.75,24706.18,24667.75,24706.18
1781295300000,24705.18,24711.15,24697.15,24698.15
1781296200000,24699.15,24704.15,24692.15,24692.15
1781297100000,24691.15,24694.15,24686.15,24689.850000000002
1781474400000,24930.05,24967.05,24899.05,24954.05
1781475300000,24953.05,24968.05,24931.59,24946.05
1781476200000,24947.05,24962.05,24933.91,24941.05
1781477100000,24940.05,24966.05,24936.05,24950.05
1781478000000,24951.05,24965.05,24932.48,24934.48
1781478900000,24933.48,24943.48,24908.48,24938.48
1781479800000,24939.48,24962.48,24936.48,24949.48
1781480700000,24948.48,24961.48,24932.48,24954.48
1781481600000,24955.48,25003.05,24945.73,24999.03
1781482500000,24919.95,25092.75,24919.95,25078.75
1781483400000,25076.75,25094.75,25057.25,25064.75
1781484300000,25064.75,25067.75,25044.25,25054.25
1781485200000,25053.75,25083.25,25034.25,25069.05
1781486100000,25064.75,25069.25,25043.75,25054.25
1781487000000,25053.75,25065.75,25039.25,25053.75
1781487900000,25053.25,25061.75,25028.25,25033.65
1781488800000,25029.75,25037.05,25012.25,25019.75
1781489700000,25019.25,25042.25,25019.25,25035.75
1781490600000,25038.65,25046.25,25032.25,25044.75
1781491500000,25045.75,25055.25,25041.75,25051.75
1781492400000,25053.25,25058.25,25040.75,25057.25
1781493300000,25056.75,25068.25,25050.75,25058.05
1781494200000,25057.65,25058.05,25032.25,25037.25
1781495100000,25036.75,25040.05,25024.75,25027.25
1781496000000,25028.25,25033.25,25013.25,25023.25
1781496900000,25024.25,25036.05,25022.75,25033.65
1781497800000,25035.05,25035.05,25022.25,25027.25
1781498700000,25028.75,25048.55,25024.25,25043.25
1781499600000,25043.75,25058.25,25036.75,25053.25
1781500500000,25048.25,25077.05,25048.25,25070.75
1781501400000,25070.25,25075.25,25038.25,25041.25
1781502300000,25041.649999999998,25049.05,25027.05,25042.25
1781503200000,25042.75,25052.649999999998,25007.85,25035.85
1781504100000,25036.85,25101.85,25031.85,25087.85
1781505000000,25086.85,25094.85,25062.85,25081.85
1781505900000,25080.850000000002,25082.850000000002,25060.45,25068.850000000002
1781506800000,25066.850000000002,25106.850000000002,25039.65,25078.850000000002
1781507700000,25077.85,25107.85,25071.85,25095.85
1781508600000,25094.85,25106.85,25058.85,25066.85
1781509500000,25065.85,25097.85,25041.85,25042.85
1781510400000,25041.85,25068.85,24998.85,25007.85
1781511300000,25008.85,25049.85,24992.85,25039.85
1781512200000,25040.85,25040.85,24982.85,24995.85
1781513100000,24994.85,25004.85,24957.85,24964.85
1781514000000,24965.85,24972.85,24951.85,24952.85
1781514900000,24951.85,24953.85,24917.85,24931.85
1781515800000,24932.85,24947.85,24915.85,24916.85
1781516700000,24918.85,24947.85,24918.85,24938.85
1781517600000,24939.85,24973.35,24926.05,24958.35
1781518500000,24959.35,24977.35,24945.35,24969.35
1781519400000,24970.35,24974.35,24937.35,24953.35
1781520300000,24954.35,24967.35,24939.35,24963.35
1781521200000,24964.35,24985.149999999998,24955.35,24976.35
1781522100000,24977.35,24991.35,24965.35,24985.35
1781523000000,24986.35,24994.35,24961.35,24973.35
1781523900000,24974.35,24991.35,24959.35,24981.35
1781524800000,24982.35,25010.35,24974.35,24997.35
1781525700000,24998.35,25004.35,24976.35,24988.05
1781526600000,24980.55,24998.35,24979.55,24986.35
1781527500000,24987.35,25014.35,24984.35,25009.35
1781528400000,25008.35,25017.35,24995.35,24999.35
1781529300000,25000.35,25023.35,24990.35,25008.85
1781530200000,25009.85,25029.85,24978.85,24992.85
1781531100000,24991.85,24992.85,24933.85,24938.85
1781532000000,24940.85,24954.85,24913.85,24922.85
1781532900000,24923.85,24954.85,24908.85,24940.85
1781533800000,24941.85,24988.85,24940.85,24975.85
1781534700000,24974.85,24982.85,24933.85,24952.85
1781535600000,24950.85,24960.85,24903.85,24905.85
1781536500000,24904.85,24927.85,24897.85,24920.85
1781537400000,24919.85,24944.85,24899.85,24936.85
1781538300000,24937.85,24959.85,24934.85,24940.85
1781539200000,24941.85,24943.85,24926.85,24936.85
1781540100000,24933.85,24938.85,24925.85,24933.85
1781541000000,24936.85,24938.85,24919.85,24922.85
1781541900000,24923.85,24929.85,24915.85,24925.85
1781542800000,24924.85,24926.85,24895.85,24900.85
1781543700000,24899.85,24918.85,24898.85,24915.85
1781544600000,24914.85,24918.85,24894.85,24895.85
1781545500000,24896.85,24904.85,24885.85,24892.85
1781546400000,24893.85,24896.85,24874.85,24883.85
1781547300000,24882.85,24887.85,24865.85,24867.85
1781548200000,24868.85,24880.85,24860.85,24872.85
1781549100000,24871.85,24878.85,24866.85,24868.85
1781550000000,24869.85,24875.85,24862.85,24874.85
1781550900000,24873.85,24877.85,24850.85,24850.85
1781551800000,24851.85,24867.85,24849.85,24867.85
1781552700000,24869.85,24877.85,24855.85,24872.949999999997
1781553600000,24872.95,24880.05,24861.05,24868.05
1781554500000,24867.05,24869.05,24854.05,24858.05
1781555400000,24859.05,24868.05,24859.05,24862.059999999998
1781556300000,24861.059999999998,24871.059999999998,24857.05,24860.05
1781560800000,24871.45,24883.45,24840.59,24849.59
1781561700000,24850.59,24851.59,24816.3,24833.43
1781562600000,24832.43,24840,24822.45,24825.45
1781563500000,24826.45,24839.45,24822.45,24832.45
1781564400000,24831.45,24836.45,24823.45,24825.45
1781565300000,24824.45,24847.47,24821.45,24845.47
1781566200000,24844.47,24845.47,24828.47,24837.47
1781567100000,24838.47,24852.47,24832.47,24847.47
1781568000000,24840.47,24854.050000000003,24828.47,24848.050000000003
1781568900000,24849.050000000003,24874.050000000003,24848.15,24866.65
1781569800000,24867.15,24885.15,24863.65,24875.15
1781570700000,24875.65,24878.65,24861.65,24870.15
1781571600000,24871.15,24879.65,24860.65,24867.15
1781572500000,24865.65,24882.15,24862.65,24873.15
1781573400000,24876.15,24879.15,24851.15,24854.15
1781574300000,24855.65,24868.15,24851.15,24861.65
1781575200000,24861.65,24868.65,24844.15,24848.15
1781576100000,24849.15,24865.45,24848.15,24849.15
1781577000000,24849.65,24861.15,24846.15,24852.15
1781577900000,24851.65,24857.15,24849.65,24851.15
1781578800000,24851.15,24862.15,24850.65,24854.15
1781579700000,24856.15,24866.65,24848.65,24865.65
1781580600000,24867.15,24897.15,24867.15,24893.15
1781581500000,24895.15,24895.65,24869.65,24875.15
1781582400000,24877.65,24881.050000000003,24863.65,24874.15
1781583300000,24871.15,24876.65,24860.65,24870.15
1781584200000,24869.65,24885.050000000003,24869.65,24882.65
1781585100000,24881.65,24886.45,24867.15,24870.15
1781586000000,24869.65,24913.45,24869.65,24908.050000000003
1781586900000,24909.45,24917.45,24901.15,24901.15
1781587800000,24902.15,24905.15,24879.15,24886.15
1781588700000,24885.65,24903.45,24885.15,24900.050000000003
1781589600000,24899.05,24938.25,24883.25,24936.25
1781590500000,24937.25,24942.25,24919.25,24938.25
1781591400000,24941.25,24946.25,24933.25,24937.25
1781592300000,24938.25,24967.25,24935.25,24963.25
1781593200000,24967.25,24978.25,24946.25,24967.25
1781594100000,24966.25,24969.25,24921.25,24944.25
1781595000000,24945.25,24953.25,24915.25,24939.25
1781595900000,24940.25,25013.25,24940.25,25007.25
1781596800000,25008.25,25072.25,24995.25,25072.25
1781597700000,25073.25,25128.25,25069.25,25124.25
1781598600000,25125.25,25127.25,25075.75,25087.75
1781599500000,25088.75,25112.95,25077.75,25111.75
1781600400000,25108.95,25112.25,25088.25,25092.25
1781601300000,25093.25,25099.25,25075.25,25098.25
1781602200000,25099.25,25111.25,25065.25,25069.25
1781603100000,25070.25,25096.25,25057.25,25095.25
1781604000000,25094.25,25104.25,25077.25,25082.25
1781604900000,25081.25,25090.25,25053.25,25061.25
1781605800000,25062.25,25083.25,25060.25,25078.25
1781606700000,25077.25,25078.25,25061.25,25066.25
1781607600000,25064.25,25070.25,25022.25,25026.25
1781608500000,25025.25,25033.25,25013.25,25029.25
1781609400000,25028.25,25035.25,25009.25,25025.25
1781610300000,25026.25,25033.25,25012.25,25025.25
1781611200000,25024.25,25067.25,25021.25,25064.25
1781612100000,25063.25,25070.25,25018.25,25028.45
1781613000000,25026.95,25054.25,25004.25,25011.25
1781613900000,25010.25,25025.25,24994.25,24998.25
1781614800000,24999.25,25002.25,24982.25,24993.25
1781615700000,24992.25,24998.25,24974.25,24997.25
1781616600000,24995.25,25002.25,24942.25,24966.25
1781617500000,24967.25,25000.25,24954.25,24998.25
1781618400000,24997.25,24998.25,24946.25,24955.25
1781619300000,24956.25,24966.25,24922.25,24946.25
1781620200000,24945.25,24981.25,24929.25,24966.25
1781621100000,24965.25,24966.25,24932.25,24941.25
1781622000000,24942.25,24950.25,24916.25,24942.25
1781622900000,24941.25,24947.25,24926.25,24928.25
1781623800000,24930.25,24955.25,24907.25,24912.25
1781624700000,24913.25,24915.25,24819.25,24845.25
1781625600000,24846.25,24860.25,24832.25,24851.25
1781626500000,24852.25,24862.25,24843.25,24859.25
1781627400000,24860.25,24866.25,24848.25,24848.25
1781628300000,24847.25,24856.25,24841.25,24848.25
1781629200000,24849.25,24849.25,24832.25,24835.25
1781630100000,24834.25,24836.25,24817.25,24823.25
1781631000000,24822.25,24848.25,24813.25,24842.25
1781631900000,24843.25,24852.25,24840.25,24849.25
1781632800000,24848.25,24850.25,24835.25,24836.25
1781633700000,24837.25,24848.25,24830.25,24839.25
1781634600000,24840.25,24841.25,24822.25,24830.25
1781635500000,24831.25,24831.25,24815.25,24819.25
1781636400000,24818.25,24826.25,24785.25,24791.25
1781637300000,24790.25,24810.25,24779.25,24802.25
1781638200000,24803.25,24811.25,24785.25,24794.25
1781639100000,24793.25,24807.25,24772.35,24773.35
1781640000000,24772.350000000002,24778.31,24756.45,24762.31
1781640900000,24763.31,24771.34,24748.34,24764.34
1781641800000,24763.34,24775.45,24760.34,24772.45
1781642700000,24773.45,24775.45,24759.45,24766.45
1781647200000,24773.95,24807.95,24773.95,24796.09
1781648100000,24797.09,24810.09,24790.09,24803.09
1781649000000,24804.09,24813.66,24790.66,24802.66
1781649900000,24801.66,24818.95,24799.09,24814.95
1781650800000,24813.95,24815.95,24790.95,24802.95
1781651700000,24803.95,24804.95,24792.95,24795.95
1781652600000,24796.95,24805.95,24789.95,24795.95
1781653500000,24796.95,24804.95,24782.95,24792.95
1781654400000,24801.95,24815.95,24797.95,24806.38
1781655300000,24807.379999999997,24807.379999999997,24774.85,24799.649999999998
1781656200000,24798.65,24815.15,24795.15,24805.65
1781657100000,24803.15,24812.15,24791.65,24808.65
1781658000000,24807.65,24829.65,24800.65,24823.65
1781658900000,24822.65,24833.65,24814.15,24826.65
1781659800000,24827.65,24836.550000000003,24817.15,24818.65
1781660700000,24818.65,24838.95,24818.65,24836.65
1781661600000,24835.65,24842.65,24831.65,24839.15
1781662500000,24837.15,24840.15,24836.65,24836.65
1781663400000,24837.15,24839.65,24827.15,24827.15
1781664300000,24827.65,24829.15,24812.15,24813.15
1781665200000,24813.649999999998,24819.95,24801.55,24802.149999999998
1781666100000,24802.550000000003,24810.15,24800.15,24808.65
1781667000000,24809.65,24825.550000000003,24804.65,24822.65
1781667900000,24823.65,24831.15,24820.65,24827.65
1781668800000,24826.65,24831.550000000003,24816.15,24816.65
1781669700000,24816.15,24822.65,24813.15,24813.65
1781670600000,24813.15,24821.15,24805.65,24808.15
1781671500000,24816.550000000003,24842.550000000003,24815.65,24836.15
1781672400000,24836.65,24844.65,24832.15,24839.65
1781673300000,24839.55,24848.45,24838.95,24846.55
1781674200000,24847.15,24864.95,24845.65,24854.15
1781675100000,24852.65,24860.95,24847.65,24852.65
1781676000000,24853.649999999998,24878.75,24833.55,24868.75
1781676900000,24867.75,24873.75,24852.75,24858.75
1781677800000,24857.75,24859.75,24841.75,24846.75
1781678700000,24845.75,24852.75,24821.75,24838.75
1781679600000,24839.75,24886.75,24814.75,24866.75
1781680500000,24865.75,24867.75,24823.75,24836.75
1781681400000,24835.75,24855.75,24811.75,24844.75
1781682300000,24843.75,24870.75,24839.75,24843.75
1781683200000,24842.75,24854.75,24830.75,24832.75
1781684100000,24831.75,24841.75,24806.75,24829.75
1781685000000,24830.75,24831.75,24773.75,24800.75
1781685900000,24801.75,24845.75,24799.75,24842.75
1781686800000,24841.75,24872.75,24839.66,24871.75
1781687700000,24873.75,24889.75,24864.75,24885.75
1781688600000,24886.75,24900.75,24873.75,24900.75
1781689500000,24899.75,24927.75,24895.75,24923.75
1781690400000,24924.75,24927.75,24893.75,24927.75
1781691300000,24926.75,24937.75,24916.75,24919.75
1781692200000,24920.75,24946.75,24919.75,24945.75
1781693100000,24946.75,24966.75,24940.75,24953.75
1781694000000,24952.75,24965.75,24937.75,24960.75
1781694900000,24959.75,24962.75,24934.75,24946.75
1781695800000,24944.75,24946.75,24898.75,24907.75
1781696700000,24906.75,24914.75,24860.75,24868.75
1781697600000,24869.75,24901.75,24865.75,24890.75
1781698500000,24889.75,24890.75,24868.75,24875.75
1781699400000,24874.75,24903.75,24872.95,24901.75
1781700300000,24902.75,24910.75,24882.75,24884.75
1781701200000,24883.75,24906.75,24859.75,24867.75
1781702100000,24866.75,24877.75,24858.75,24862.75
1781703000000,24863.75,24876.75,24832.75,24870.75
1781703900000,24872.75,24902.75,24867.75,24874.95
1781704800000,24872.45,24874.75,24839.75,24864.75
1781705700000,24865.75,24927.75,24863.75,24924.75
1781706600000,24922.75,24950.75,24907.75,24949.75
1781707500000,24950.75,24952.75,24831.75,24890.75
1781708400000,24893.75,24912.75,24889.75,24910.75
1781709300000,24909.75,24945.75,24906.75,24944.75
1781710200000,24945.75,24980.75,24934.75,24974.75
1781711100000,24975.75,24985.75,24964.75,24967.75
1781712000000,24966.75,24976.75,24959.75,24965.75
1781712900000,24964.75,24976.75,24958.75,24966.75
1781713800000,24967.75,24970.75,24947.75,24951.75
1781714700000,24950.75,24950.75,24936.75,24949.75
1781715600000,24948.75,24956.75,24915.75,24938.75
1781716500000,24937.75,24949.75,24933.75,24942.75
1781717400000,24941.75,24944.75,24930.75,24943.75
1781718300000,24942.75,24967.95,24938.75,24960.95
1781719200000,24960.95,24960.95,24834.95,24894.95
1781720100000,24895.350000000002,24922.95,24894.95,24913.75
1781721000000,24911.95,24967.75,24882.95,24962.75
1781721900000,24962.35,24987.35,24888.35,24909.75
1781722800000,24910.350000000002,24933.75,24872.95,24912.95
1781723700000,24914.75,24917.95,24812.95,24830.350000000002
1781724600000,24830.95,24848.350000000002,24789.95,24800.95
1781725500000,24803.95,24841.95,24786.95,24810.850000000002
1781726400000,24810.85,24855.09,24810.85,24823.09
1781727300000,24822.09,24877.09,24816.09,24873.08
1781728200000,24874.08,24894.08,24866.08,24883.08
1781729100000,24882.08,24883.08,24870.08,24880.08
1781733600000,24896.95,24914.95,24866.95,24907.95
1781734500000,24908.95,24929.95,24901.95,24910.95
1781735400000,24909.95,24922.95,24907.95,24913.95
1781736300000,24912.95,24924.95,24912.95,24917.95
1781737200000,24917.940000000002,24938.95,24913.95,24938.95
1781738100000,24937.95,24962.95,24936.95,24953.95
1781739000000,24954.95,24958.95,24940.95,24945.95
1781739900000,24946.95,24962.52,24940.8,24954.8
1781740800000,24995.8,25010.96,24968.52,25009.96
1781741700000,25010.96,25036.85,24886.55,24917.55
1781742600000,24919.55,24932.55,24900.55,24903.55
1781743500000,24903.55,24905.55,24844.55,24847.55
1781744400000,24847.55,24871.55,24840.55,24855.149999999998
1781745300000,24855.05,24889.149999999998,24838.05,24873.649999999998
1781746200000,24875.149999999998,24900.149999999998,24868.05,24881.649999999998
1781747100000,24882.149999999998,24890.149999999998,24867.05,24876.649999999998
1781748000000,24873.65,24907.15,24873.65,24898.65
1781748900000,24900.65,24900.65,24885.65,24886.65
1781749800000,24887.15,24889.15,24869.65,24874.050000000003
1781750700000,24874.050000000003,24886.15,24863.65,24865.050000000003
1781751600000,24865.050000000003,24878.15,24849.65,24850.050000000003
1781752500000,24850.05,24873.649999999998,24844.05,24860.649999999998
1781753400000,24862.149999999998,24876.149999999998,24841.05,24856.05
1781754300000,24856.05,24897.149999999998,24856.05,24892.649999999998
1781755200000,24893.05,24911.45,24891.55,24899.649999999998
1781756100000,24900.15,24905.15,24868.65,24876.65
1781757000000,24871.55,24878.649999999998,24858.05,24858.05
1781757900000,24862.149999999998,24879.45,24850.05,24871.149999999998
1781758800000,24870.65,24888.15,24859.65,24887.65
1781759700000,24888.65,24927.65,24883.15,24916.15
1781760600000,24916.15,24920.65,24909.15,24915.15
1781761500000,24916.15,24917.15,24886.15,24910.050000000003
1781762400000,24911.45,24959.25,24892.05,24957.25
1781763300000,24956.25,25002.25,24948.85,24980.25
1781764200000,24978.25,24982.25,24941.85,24965.25
1781765100000,24966.25,25013.25,24961.85,25010.85
1781766000000,25007.85,25052.25,25007.85,25022.25
1781766900000,25024.25,25087.25,25007.25,25079.25
1781767800000,25078.25,25083.25,25022.25,25028.25
1781768700000,25027.25,25038.25,24982.25,25011.25
1781769600000,25010.25,25036.25,24996.25,25005.25
1781770500000,25004.25,25010.25,24940.25,24941.25
1781771400000,24940.25,24941.25,24896.25,24904.25
1781772300000,24903.25,24912.25,24878.25,24883.25
1781773200000,24884.25,24943.25,24861.25,24937.25
1781774100000,24936.25,24972.25,24935.25,24967.25
1781775000000,24966.25,24974.25,24952.25,24967.25
1781775900000,24966.25,25022.25,24966.25,24990.25
1781776800000,24991.25,24995.25,24954.25,24991.25
1781777700000,24992.25,25011.25,24990.25,24994.25
1781778600000,24995.25,25000.25,24945.75,24945.75
1781779500000,24946.75,24970.75,24944.75,24950.75
1781780400000,24951.75,24955.75,24890.75,24925.75
1781781300000,24926.75,24951.75,24906.75,24949.75
1781782200000,24950.75,24963.75,24919.75,24948.75
1781783100000,24947.75,24965.75,24930.75,24956.75
1781784000000,24957.75,24992.75,24950.95,24992.75
1781784900000,24991.75,25014.75,24973.95,24973.95
1781785800000,24973.95,25021.75,24973.95,25016.75
1781786700000,25017.75,25056.75,25013.75,25044.75
1781787600000,25046.75,25064.75,25014.75,25054.75
1781788500000,25055.75,25063.75,25029.75,25031.75
1781789400000,25030.75,25041.75,24943.75,24983.75
1781790300000,24984.75,25000.75,24948.75,24966.95
1781791200000,24965.45,25012.75,24959.75,25008.75
1781792100000,25007.75,25045.75,25001.75,25015.75
1781793000000,25014.75,25054.75,25000.75,25039.75
1781793900000,25038.75,25071.75,25037.75,25070.75
1781794800000,25071.75,25098.55,25050.75,25051.75
1781795700000,25052.75,25076.75,25030.75,25063.75
1781796600000,25062.75,25092.75,25025.75,25051.75
1781797500000,25050.75,25090.75,25037.75,25082.75
1781798400000,25084.35,25097.75,25082.75,25092.75
1781799300000,25091.75,25104.75,25083.75,25088.75
1781800200000,25088.35,25098.75,25083.75,25094.75
1781801100000,25096.75,25097.75,25061.75,25077.75
1781802000000,25079.75,25103.75,25069.75,25097.75
1781802900000,25096.75,25101.75,25083.75,25099.75
1781803800000,25101.75,25109.75,25094.75,25107.75
1781804700000,25108.75,25110.75,25097.75,25099.75
1781805600000,25100.75,25109.75,25089.75,25092.75
1781806500000,25093.75,25103.75,25089.75,25092.75
1781807400000,25093.75,25093.75,25067.75,25077.75
1781808300000,25076.75,25090.95,25076.75,25083.75
1781809200000,25082.75,25083.75,25053.75,25055.75
1781810100000,25056.75,25074.75,25053.35,25065.75
1781811000000,25064.75,25073.75,25046.75,25064.75
1781811900000,25063.75,25091.75,25059.75,25084.85
1781812800000,25082.850000000002,25109.97,25066.95,25107.97
1781813700000,25108.97,25128.99,25102.97,25112.95
1781814600000,25111.95,25118.95,25096.95,25099.95
1781815500000,25098.95,25103.95,25090.95,25103.95
1781820000000,25118.05,25126.05,25099.05,25103.05
1781820900000,25102.05,25103.05,25074.05,25079.05
1781821800000,25080.05,25080.05,25059.05,25064.05
1781822700000,25063.05,25071.05,25057.05,25062.05
1781823600000,25063.05,25073.05,25059.05,25064.05
1781824500000,25063.05,25078.09,25063.05,25074.09
1781825400000,25073.09,25084.1,25068.09,25077.19
1781826300000,25076.19,25081.46,25072.46,25072.46
1781827200000,25071.46,25072.46,25037.05,25040.05
1781828100000,25041.050000000003,25046.95,24992.15,25004.550000000003
1781829000000,24998.25,25014.75,24956.25,24991.15
1781829900000,24990.75,25005.55,24984.25,24997.75
1781830800000,24998.25,25018.55,24981.75,24981.75
1781831700000,24982.15,24994.75,24978.25,24984.15
1781832600000,24984.25,24991.25,24977.75,24980.15
1781833500000,24979.75,24986.75,24969.25,24969.25
1781834400000,24968.75,24971.55,24957.75,24962.25
1781835300000,24964.25,24967.25,24954.25,24967.25
1781836200000,24963.75,24982.25,24962.75,24980.25
1781837100000,24978.75,24979.25,24962.25,24967.25
1781838000000,24967.75,24980.75,24964.75,24965.25
1781838900000,24965.25,24965.25,24952.25,24958.75
1781839800000,24960.25,24971.25,24951.75,24962.75
1781840700000,24964.25,24970.25,24957.75,24966.25
1781841600000,24971.25,24989.75,24959.25,24988.25
1781842500000,24988.25,24989.75,24965.75,24969.75
1781843400000,24970.25,24974.75,24927.25,24931.75
1781844300000,24933.25,24939.25,24915.25,24932.55
1781845200000,24933.55,24958.25,24923.25,24949.25
1781846100000,24940.75,24960.25,24936.25,24953.75
1781847000000,24955.149999999998,24963.75,24942.05,24952.75
1781847900000,24953.75,24981.75,24951.25,24976.25
1781848800000,24978.75,25012.35,24973.25,25009.35
1781849700000,25008.350000000002,25035.350000000002,25000.95,25031.350000000002
1781850600000,25032.35,25045.35,25026.35,25038.35
1781851500000,25037.949999999997,25064.35,25034.35,25059.35
1781852400000,25062.949999999997,25115.85,25055.35,25112.85
1781853300000,25111.85,25143.85,25091.85,25129.85
1781854200000,25131.85,25180.449999999997,25111.85,25179.85
1781855100000,25180.85,25196.85,25165.85,25189.85
1781856000000,25188.85,25198.85,25160.35,25177.35
1781856900000,25178.35,25205.35,25177.35,25184.35
1781857800000,25183.35,25184.35,25139.35,25158.35
1781858700000,25157.35,25165.35,25131.35,25149.35
1781859600000,25150.35,25160.35,25114.35,25116.35
1781860500000,25117.35,25122.35,25088.35,25100.35
1781861400000,25101.35,25147.35,25098.35,25127.35
1781862300000,25126.35,25166.35,25118.35,25138.35
1781863200000,25139.35,25154.35,25126.35,25129.35
1781864100000,25128.35,25142.35,25095.35,25096.35
1781865000000,25097.35,25097.35,25043.35,25077.35
1781865900000,25078.35,25098.35,25066.35,25070.35
1781866800000,25069.35,25088.35,25043.35,25072.35
1781867700000,25074.35,25079.35,25041.35,25045.35
1781868600000,25044.35,25070.35,25038.35,25061.35
1781869500000,25060.35,25074.35,25036.35,25068.35
1781870400000,25069.35,25069.35,25017.85,25018.85
1781871300000,25017.85,25033.85,24997.85,25016.85
1781872200000,25015.85,25019.85,24974.85,25002.85
1781873100000,25001.85,25090.85,24987.85,25085.85
1781874000000,25087.85,25120.85,25062.85,25070.85
1781874900000,25071.85,25096.85,25053.85,25095.85
1781875800000,25096.85,25098.85,25049.85,25055.85
1781876700000,25056.85,25093.85,25048.85,25079.85
1781877600000,25081.85,25092.85,25063.85,25090.85
1781878500000,25091.85,25112.85,25087.85,25105.85
1781879400000,25104.85,25112.85,25080.85,25080.85
1781880300000,25081.85,25081.85,25056.85,25066.85
1781881200000,25068.85,25094.85,25061.85,25087.85
1781882100000,25086.85,25086.85,25048.85,25053.85
1781883000000,25055.850000000002,25066.850000000002,25003.45,25022.850000000002
1781883900000,25023.85,25043.85,25019.85,25043.85
1781884800000,25042.85,25055.85,25040.85,25053.85
1781885700000,25054.85,25068.85,25047.85,25068.85
1781886600000,25067.85,25072.85,25055.85,25060.85
1781887500000,25061.85,25061.85,25019.85,25024.85
1781888400000,25025.85,25031.85,25023.85,25026.85
1781889300000,25026.449999999997,25034.85,25019.85,25032.85
1781890200000,25031.85,25037.85,25025.85,25031.85
1781891100000,25030.449999999997,25033.85,25027.85,25033.85
1781892000000,25032.85,25041.85,25030.55,25039.85
1781892900000,25040.85,25040.85,25030.85,25033.85
1781893800000,25035.850000000002,25038.850000000002,25033.45,25038.850000000002
1781894700000,25037.85,25037.85,25028.85,25032.85
1781895600000,25031.85,25039.85,25031.85,25037.85
1781896500000,25036.85,25040.85,25036.85,25036.85
1781897400000,25038.85,25038.85,25025.05,25034.85
1781898300000,25033.85,25036.35,25017.35,25020.449999999997
1781899200000,25020.45,25023.55,25006.45,25023.55
1782079200000,24998.35,25014.64,24932.34,24947.35
1782080100000,24948.35,24989.469999999998,24923.35,24978.48
1782081000000,24977.48,24982.48,24959.48,24979.48
1782081900000,24978.48,24989.48,24958.76,24963.76
1782082800000,24964.760000000002,24965.760000000002,24918.18,24926.35
1782083700000,24927.35,24943.34,24913.34,24933.35
1782084600000,24934.35,24938.35,24891.78,24909.78
1782085500000,24908.78,24917.35,24869.91,24877.91
1782086400000,24854.91,24960.35,24853.92,24951.35
1782087300000,24952.35,25014.949999999997,24952.35,25006.55
1782088200000,25008.05,25020.55,25000.55,25013.05
1782089100000,25015.55,25036.55,25012.05,25029.05
1782090000000,25027.55,25056.55,25027.55,25041.05
1782090900000,25039.05,25059.35,25033.55,25057.05
1782091800000,25056.55,25056.55,25025.55,25026.55
1782092700000,25026.55,25028.05,25002.55,25005.55
1782093600000,25008.55,25025.05,24998.55,24999.05
1782094500000,24999.55,25020.35,24996.05,25003.55
1782095400000,25004.05,25007.05,24989.95,25002.05
1782096300000,25001.05,25003.55,24987.05,24992.05
1782097200000,24992.55,24992.55,24971.55,24979.05
1782098100000,24979.05,24998.35,24979.05,24995.05
1782099000000,24998.95,25005.55,24994.55,24997.55
1782099900000,24999.05,25011.95,24983.05,24989.05
1782100800000,24988.05,25000.95,24980.55,24981.55
1782101700000,24982.95,24989.55,24978.55,24982.05
1782102600000,24982.55,24986.35,24969.05,24970.05
1782103500000,24970.05,25005.35,24969.55,25004.35
1782104400000,25005.350000000002,25049.350000000002,25003.95,25038.05
1782105300000,25037.05,25049.35,25033.55,25043.05
1782106200000,25043.05,25051.55,25028.05,25030.05
1782107100000,25029.05,25050.35,25024.05,25047.55
1782108000000,25048.35,25075.149999999998,25036.35,25060.149999999998
1782108900000,25059.15,25088.15,25045.15,25086.15
1782109800000,25087.15,25097.15,25074.15,25097.15
1782110700000,25098.15,25112.15,25094.15,25104.15
1782111600000,25103.15,25104.15,25051.15,25087.15
1782112500000,25088.15,25105.15,25073.15,25101.15
1782113400000,25102.15,25118.15,25034.15,25042.15
1782114300000,25041.15,25050.15,25018.15,25045.15
1782115200000,25046.15,25049.15,25002.15,25022.15
1782116100000,25021.15,25031.15,24997.15,25019.15
1782117000000,25018.15,25023.15,24984.15,25009.15
1782117900000,25010.15,25010.15,24976.15,24981.15
1782118800000,24982.15,25004.15,24963.15,25003.15
1782119700000,25004.15,25009.15,24963.15,24979.15
1782120600000,24980.15,24990.15,24950.15,24961.15
1782121500000,24962.15,24975.15,24932.15,24932.15
1782122400000,24933.15,24969.15,24927.15,24958.15
1782123300000,24959.15,24969.15,24954.15,24957.15
1782124200000,24958.15,24972.15,24945.15,24957.15
1782125100000,24956.15,24965.15,24943.15,24943.15
1782126000000,24942.15,25000.15,24929.15,24978.15
1782126900000,24977.15,24997.15,24969.15,24991.15
1782127800000,24990.15,25022.15,24987.15,25017.15
1782128700000,25020.15,25032.15,25008.15,25031.15
1782129600000,25032.15,25033.15,25005.15,25031.15
1782130500000,25030.15,25057.15,25017.15,25056.15
1782131400000,25055.15,25064.15,25039.15,25047.15
1782132300000,25048.15,25065.15,25040.15,25056.15
1782133200000,25057.15,25102.45,25056.15,25083.850000000002
1782134100000,25084.85,25123.85,25073.85,25113.85
1782135000000,25114.85,25148.85,25110.85,25134.85
1782135900000,25133.85,25183.85,25125.85,25179.85
1782136800000,25178.85,25208.85,25152.85,25188.85
1782137700000,25186.85,25189.85,25156.85,25157.85
1782138600000,25158.85,25165.85,25140.85,25140.85
1782139500000,25141.85,25160.85,25115.85,25144.85
1782140400000,25145.85,25170.85,25122.85,25166.85
1782141300000,25165.85,25189.85,25147.85,25189.85
1782142200000,25185.85,25201.85,25152.85,25178.85
1782143100000,25179.85,25187.85,25133.85,25138.85
1782144000000,25142.85,25142.85,25109.85,25134.85
1782144900000,25135.85,25137.85,25116.85,25128.85
1782145800000,25127.85,25128.85,25111.85,25113.85
1782146700000,25114.85,25135.85,25107.85,25123.85
1782147600000,25124.85,25125.85,25105.85,25105.85
1782148500000,25106.85,25118.85,25102.85,25112.649999999998
1782149400000,25113.65,25121.65,25096.65,25119.65
1782150300000,25120.65,25130.65,25113.65,25124.65
1782151200000,25123.65,25139.65,25117.65,25135.65
1782152100000,25136.65,25142.65,25130.65,25132.65
1782153000000,25133.65,25143.65,25117.65,25120.65
1782153900000,25119.65,25124.65,25106.65,25108.65
1782154800000,25110.65,25117.65,25099.65,25113.65
1782155700000,25114.65,25119.65,25109.65,25110.65
1782156600000,25112.65,25126.65,25108.65,25109.65
1782157500000,25112.65,25132.65,25110.65,25124.75
1782158400000,25125.75,25144.85,25122.85,25139.85
1782159300000,25140.850000000002,25146.850000000002,25127.38,25130.38
1782160200000,25129.379999999997,25134.37,25127.37,25133.37
1782161100000,25132.37,25133.37,25116.37,25119.37
1782165600000,25127.35,25146.35,25117.35,25125.35
1782166500000,25126.35,25131.35,25117.35,25120.35
1782167400000,25119.35,25120.35,25085.35,25086.35
1782168300000,25087.35,25098.07,25084.35,25093.07
1782169200000,25094.070000000003,25097.070000000003,25078.08,25080.08
1782170100000,25079.08,25087.36,25071.36,25086.36
1782171000000,25087.36,25088.36,25079.36,25087.36
1782171900000,25088.359999999997,25089.94,25072.94,25088.94
1782172800000,25078.94,25089.35,25059.35,25060.35
1782173700000,25061.35,25083.05,25060.25,25079.05
1782174600000,25076.55,25116.05,25070.05,25115.05
1782175500000,25114.55,25130.05,25108.05,25116.05
1782176400000,25119.05,25125.55,25108.55,25110.05
1782177300000,25108.55,25118.05,25101.05,25110.05
1782178200000,25110.55,25113.55,25068.55,25074.55
1782179100000,25073.05,25090.05,25065.55,25085.55
1782180000000,25081.55,25094.05,25045.05,25054.55
1782180900000,25060.05,25072.05,25049.55,25066.05
1782181800000,25066.05,25066.55,25045.05,25056.05
1782182700000,25055.05,25060.35,25028.55,25031.05
1782183600000,25031.05,25036.05,24987.55,24996.05
1782184500000,24996.05,25008.55,24991.55,25004.05
1782185400000,25005.05,25005.05,24949.55,24980.05
1782186300000,24978.05,25015.55,24967.05,25015.05
1782187200000,25012.05,25022.05,24997.55,24999.55
1782188100000,25000.05,25002.55,24972.05,24998.55
1782189000000,24995.05,25001.05,24978.55,24983.05
1782189900000,24986.55,24986.55,24945.05,24952.55
1782190800000,24952.95,24973.05,24942.55,24959.55
1782191700000,24959.05,24963.55,24904.55,24921.35
1782192600000,24917.55,24937.35,24911.55,24926.05
1782193500000,24925.05,24941.95,24912.55,24916.05
1782194400000,24914.550000000003,24947.15,24907.15,24922.75
1782195300000,24923.15,24935.15,24887.75,24891.15
1782196200000,24890.75,24928.15,24874.75,24897.15
1782197100000,24896.15,24907.15,24864.15,24868.15
1782198000000,24869.149999999998,24914.149999999998,24850.85,24873.149999999998
1782198900000,24872.15,24873.15,24802.15,24837.850000000002
1782199800000,24818.85,24888.149999999998,24817.35,24863.149999999998
1782200700000,24862.15,24872.15,24800.15,24820.15
1782201600000,24819.15,24829.65,24781.65,24798.65
1782202500000,24797.65,24812.65,24756.65,24776.65
1782203400000,24775.65,24830.65,24768.65,24800.65
1782204300000,24801.65,24805.65,24765.65,24805.65
1782205200000,24806.65,24833.65,24787.65,24828.65
1782206100000,24827.65,24849.65,24806.65,24845.65
1782207000000,24846.65,24859.65,24824.65,24859.65
1782207900000,24858.65,24892.65,24851.65,24883.65
1782208800000,24885.65,24920.65,24882.65,24908.65
1782209700000,24907.65,24946.65,24899.65,24920.65
1782210600000,24919.65,24924.65,24867.65,24882.65
1782211500000,24883.65,24901.65,24873.65,24889.65
1782212400000,24891.65,24912.65,24869.65,24901.65
1782213300000,24902.65,24964.350000000002,24879.65,24903.65
1782214200000,24902.65,24937.45,24890.65,24933.65
1782215100000,24934.65,24948.65,24917.65,24938.65
1782216000000,24937.65,24960.45,24924.65,24940.65
1782216900000,24939.65,24948.65,24906.65,24921.65
1782217800000,24922.65,24947.65,24892.65,24945.65
1782218700000,24946.65,24949.65,24924.65,24940.65
1782219600000,24942.65,24944.65,24902.65,24913.65
1782220500000,24915.65,24926.65,24890.65,24899.65
1782221400000,24901.65,24941.65,24887.65,24923.850000000002
1782222300000,24923.350000000002,24978.65,24913.65,24978.65
1782223200000,24977.65,25009.65,24965.65,25001.65
1782224100000,25002.65,25025.65,24996.65,25009.65
1782225000000,25010.65,25011.65,24966.65,24986.65
1782225900000,24987.65,24994.65,24958.65,24989.65
1782226800000,24991.65,25011.65,24984.65,25011.65
1782227700000,25010.65,25013.65,24962.65,24974.65
1782228600000,24972.65,24975.65,24909.65,24926.65
1782229500000,24927.65,24970.65,24921.65,24968.65
1782230400000,24969.65,24996.65,24965.65,24992.65
1782231300000,24993.65,24995.65,24973.65,24988.65
1782232200000,24989.65,25006.65,24984.65,25006.65
1782233100000,25007.65,25007.65,24985.65,24998.65
1782234000000,24997.65,25001.65,24973.65,24991.65
1782234900000,24992.65,25003.65,24985.65,24993.65
1782235800000,24994.65,25004.65,24985.65,24990.65
1782236700000,24989.65,24996.65,24963.65,24965.65
1782237600000,24964.65,24981.65,24954.65,24970.65
1782238500000,24969.65,24974.65,24958.65,24961.65
1782239400000,24960.65,24964.65,24927.65,24929.65
1782240300000,24930.65,24941.65,24917.65,24936.65
1782241200000,24935.65,24971.65,24929.65,24955.65
1782242100000,24954.65,24964.65,24937.65,24963.65
1782243000000,24964.65,24965.65,24944.65,24955.65
1782243900000,24956.65,24956.65,24922.65,24930.75
1782244800000,24930.75,24960.85,24925.85,24944.85
1782245700000,24945.85,24959.699999999997,24933.85,24956.699999999997
1782246600000,24955.7,24963.7,24947.7,24953.7
1782247500000,24954.699999999997,24969.85,24947.85,24966.85
1782252000000,24973.65,24985.210000000003,24959.65,24975.210000000003
1782252900000,24974.210000000003,24984.210000000003,24934.65,24935.65
1782253800000,24937.65,24948.65,24905.79,24910.79
1782254700000,24909.79,24929.93,24909.79,24925.93
1782255600000,24924.93,24927.93,24877.65,24920.65
1782256500000,24919.65,24938.65,24918.65,24930.65
1782257400000,24931.649999999998,24934.649999999998,24902.94,24922.94
1782258300000,24923.94,24981.649999999998,24922.94,24957.649999999998
1782259200000,24958.65,25003.65,24947.65,24987.65
1782260100000,24986.649999999998,24989.649999999998,24933.35,24956.35
1782261000000,24955.35,24974.85,24953.85,24965.35
1782261900000,24965.85,24978.85,24942.85,24963.35
1782262800000,24964.35,24969.85,24932.85,24963.85
1782263700000,24961.85,24967.85,24932.85,24967.35
1782264600000,24967.85,24981.35,24951.85,24966.85
1782265500000,24968.35,24983.85,24953.85,24975.25
1782266400000,24971.35,24976.85,24952.85,24970.25
1782267300000,24969.85,24969.85,24937.35,24958.35
1782268200000,24956.85,24968.85,24926.35,24935.35
1782269100000,24934.35,24935.35,24896.35,24897.35
1782270000000,24897.35,24945.35,24887.85,24939.35
1782270900000,24937.85,24950.35,24910.35,24950.35
1782271800000,24949.35,24965.35,24925.85,24934.35
1782272700000,24935.35,24939.649999999998,24911.85,24921.25
1782273600000,24922.65,24922.85,24893.25,24900.35
1782274500000,24898.35,24904.35,24863.35,24879.35
1782275400000,24878.35,24919.35,24877.85,24911.35
1782276300000,24911.35,24925.85,24910.35,24917.649999999998
1782277200000,24918.15,24950.65,24915.25,24943.35
1782278100000,24943.85,24956.85,24933.85,24936.25
1782279000000,24936.85,24970.35,24936.25,24951.35
1782279900000,24950.35,24963.25,24939.35,24948.149999999998
1782280800000,24949.65,24952.65,24922.45,24939.45
1782281700000,24938.45,24948.45,24922.45,24932.45
1782282600000,24933.45,24965.45,24933.45,24946.45
1782283500000,24945.45,24954.45,24905.45,24905.45
1782284400000,24902.45,24902.45,24784.45,24788.45
1782285300000,24787.45,24821.45,24766.45,24768.45
1782286200000,24769.45,24780.45,24695.95,24746.95
1782287100000,24748.95,24787.95,24714.95,24726.65
1782288000000,24725.65,24765.95,24718.65,24761.95
1782288900000,24759.95,24770.95,24717.95,24732.95
1782289800000,24733.95,24750.95,24721.95,24743.95
1782290700000,24742.95,24749.95,24717.95,24731.95
1782291600000,24730.95,24737.95,24700.95,24735.95
1782292500000,24734.95,24742.95,24693.95,24713.95
1782293400000,24715.95,24727.95,24676.95,24676.95
1782294300000,24677.95,24703.95,24673.95,24686.95
1782295200000,24685.95,24687.95,24648.95,24679.95
1782296100000,24678.95,24704.95,24676.95,24703.95
1782297000000,24702.95,24703.95,24666.95,24684.95
1782297900000,24685.95,24700.95,24665.95,24666.95
1782298800000,24667.95,24693.95,24660.95,24661.95
1782299700000,24660.95,24680.95,24634.95,24668.95
1782300600000,24669.95,24686.95,24649.95,24661.95
1782301500000,24660.95,24699.95,24659.95,24695.95
1782302400000,24696.95,24703.95,24675.95,24699.95
1782303300000,24698.95,24726.95,24698.95,24709.95
1782304200000,24710.95,24712.95,24669.95,24678.95
1782305100000,24679.95,24686.95,24647.95,24660.95
1782306000000,24659.95,24681.95,24642.95,24643.95
1782306900000,24642.95,24667.95,24619.95,24663.95
1782307800000,24661.95,24693.95,24628.95,24663.95
1782308700000,24662.95,24721.95,24643.95,24687.65
1782309600000,24688.65,24701.95,24661.95,24669.95
1782310500000,24668.95,24684.95,24644.95,24668.95
1782311400000,24667.95,24710.95,24667.95,24710.95
1782312300000,24709.95,24740.95,24700.95,24736.95
1782313200000,24737.95,24741.95,24684.95,24690.95
1782314100000,24691.95,24752.95,24687.95,24751.95
1782315000000,24750.95,24787.95,24750.95,24762.95
1782315900000,24761.95,24776.95,24750.95,24763.95
1782316800000,24762.95,24779.95,24760.95,24774.95
1782317700000,24773.95,24784.95,24769.95,24772.95
1782318600000,24771.95,24777.95,24732.95,24740.95
1782319500000,24739.95,24759.95,24728.95,24736.95
1782320400000,24735.95,24756.95,24723.95,24743.95
1782321300000,24742.95,24753.95,24687.95,24687.95
1782322200000,24688.95,24709.95,24663.95,24694.95
1782323100000,24693.95,24709.95,24680.55,24685.55
1782324000000,24686.55,24711.95,24677.95,24707.55
1782324900000,24707.95,24747.95,24707.55,24739.95
1782325800000,24739.55,24744.95,24706.95,24715.95
1782326700000,24714.95,24714.95,24675.95,24689.95
1782327600000,24690.95,24710.95,24662.55,24678.95
1782328500000,24677.95,24706.95,24670.95,24694.95
1782329400000,24695.95,24705.95,24681.95,24692.95
1782330300000,24693.95,24735.95,24692.95,24709.05
1782331200000,24698.050000000003,24804.13,24687.15,24787.980000000003
1782332100000,24786.98,24811.149999999998,24777.98,24793.64
1782333000000,24794.640000000003,24826.15,24788.15,24824.15
1782333900000,24825.149999999998,24828.89,24805.89,24809.89
1782338400000,24818.05,24842.05,24794.05,24796.05
1782339300000,24795.05,24803.05,24781.05,24781.05
1782340200000,24782.05,24792.05,24778.05,24789.05
1782341100000,24790.050000000003,24790.050000000003,24774.33,24776.33
1782342000000,24775.33,24784.33,24770.33,24773.33
1782342900000,24772.33,24793.33,24770.33,24785.2
1782343800000,24784.2,24807.33,24784.2,24795.05
1782344700000,24794.05,24807.059999999998,24773.05,24780.05
1782345600000,24789.05,24794.05,24760.91,24783.91
1782346500000,24787.95,24796.95,24742.25,24758.25
1782347400000,24757.25,24775.65,24750.75,24755.75
1782348300000,24756.25,24772.25,24744.25,24761.25
1782349200000,24762.75,24779.25,24751.75,24761.75
1782350100000,24765.25,24791.25,24757.25,24773.75
1782351000000,24775.25,24782.65,24746.75,24752.25
1782351900000,24750.25,24756.25,24730.05,24732.75
1782352800000,24734.65,24741.25,24708.75,24718.75
1782353700000,24717.25,24744.75,24709.25,24723.75
1782354600000,24724.75,24729.75,24711.75,24721.75
1782355500000,24722.25,24737.65,24717.25,24736.25
1782356400000,24735.75,24751.25,24731.25,24738.75
1782357300000,24741.75,24751.75,24732.25,24737.75
1782358200000,24737.25,24741.75,24715.75,24720.25
1782359100000,24720.05,24749.05,24716.75,24747.05
1782360000000,24749.05,24752.75,24732.75,24743.25
1782360900000,24742.75,24744.65,24722.75,24741.75
1782361800000,24738.75,24760.05,24727.75,24759.65
1782362700000,24760.65,24765.55,24750.25,24759.65
1782363600000,24759.25,24774.25,24745.65,24773.65
1782364500000,24772.649999999998,24788.05,24770.05,24781.649999999998
1782365400000,24780.25,24808.05,24771.75,24803.25
1782366300000,24803.65,24806.05,24772.25,24780.65
1782367200000,24779.75,24799.85,24765.85,24788.85
1782368100000,24787.85,24797.449999999997,24777.85,24777.85
1782369000000,24775.85,24803.85,24772.85,24801.85
1782369900000,24802.85,24823.85,24792.85,24823.85
1782370800000,24830.85,24855.85,24789.85,24845.85
1782371700000,24846.85,24872.85,24834.85,24843.85
1782372600000,24844.85,24868.85,24840.85,24851.85
1782373500000,24850.85,24885.85,24847.85,24885.85
1782374400000,24885.85,24901.35,24870.85,24883.35
1782375300000,24882.35,24894.35,24848.35,24881.35
1782376200000,24880.35,24923.35,24877.35,24911.35
1782377100000,24912.35,24915.35,24893.35,24901.35
1782378000000,24900.35,24941.35,24900.35,24939.35
1782378900000,24938.35,24944.35,24907.35,24912.35
1782379800000,24913.35,24935.35,24899.35,24926.35
1782380700000,24927.35,24941.35,24915.35,24936.35
1782381600000,24938.35,24952.35,24922.35,24925.35
1782382500000,24923.35,24948.35,24916.35,24942.35
1782383400000,24941.35,24950.35,24925.35,24934.35
1782384300000,24933.35,24959.35,24931.35,24950.35
1782385200000,24953.35,24955.35,24922.35,24923.35
1782386100000,24922.35,24924.35,24891.35,24900.35
1782387000000,24901.35,24930.35,24893.35,24930.35
1782387900000,24929.35,24949.35,24928.35,24939.35
1782388800000,24940.35,24977.35,24937.35,24970.35
1782389700000,24969.35,24975.35,24945.35,24945.35
1782390600000,24944.35,25016.35,24944.35,24992.35
1782391500000,24994.35,25023.35,24994.35,25007.35
1782392400000,25008.35,25028.35,25003.35,25014.35
1782393300000,25015.35,25026.35,24998.35,25024.35
1782394200000,25023.35,25040.35,24959.35,24960.35
1782395100000,24962.35,24969.35,24874.35,24883.35
1782396000000,24885.35,25061.35,24885.35,25038.35
1782396900000,25037.35,25119.35,25024.35,25088.35
1782397800000,25090.35,25120.35,25077.35,25082.35
1782398700000,25084.35,25107.35,25057.35,25087.35
1782399600000,25089.35,25104.35,25009.35,25015.35
1782400500000,25014.35,25054.35,24992.35,25032.35
1782401400000,25031.35,25068.35,25021.35,25062.35
1782402300000,25064.35,25079.35,25049.35,25056.35
1782403200000,25055.35,25086.35,25046.35,25076.35
1782404100000,25077.35,25085.35,25057.35,25063.35
1782405000000,25064.35,25064.35,25014.35,25017.35
1782405900000,25018.35,25039.35,24999.35,25025.35
1782406800000,25023.55,25041.35,25013.35,25032.35
1782407700000,25033.35,25052.35,25017.35,25034.35
1782408600000,25035.35,25045.35,25021.35,25024.35
1782409500000,25025.35,25034.35,25007.35,25030.35
1782410400000,25031.35,25032.35,24978.35,24994.35
1782411300000,24995.35,25040.35,24992.35,25033.35
1782412200000,25034.35,25034.35,25008.35,25010.35
1782413100000,25009.35,25019.35,24987.35,25001.35
1782414000000,25000.35,25009.35,24990.35,24990.35
1782414900000,24991.35,25006.35,24979.35,25001.35
1782415800000,25000.35,25004.35,24986.35,24988.35
1782416700000,24987.350000000002,25004.350000000002,24968.95,24993.45
1782417600000,24988.45,25055.48,24983.55,25009.5
1782418500000,25008.5,25053.45,25008.5,25028.45
1782419400000,25027.45,25028.45,25008.88,25010.88
1782420300000,25011.88,25011.88,24988.74,24992.74
1782424800000,24985.75,24996.75,24935.46,24947.46
1782425700000,24948.46,24965.46,24935.04,24935.04
1782426600000,24934.04,24957.04,24932.04,24955.04
1782427500000,24954.04,24968.04,24945.04,24965.04
1782428400000,24964.04,24993.04,24962.04,24993.04
1782429300000,24992.04,25064.32,24988.04,25042.46
1782430200000,25043.460000000003,25048.460000000003,24975.9,24978.2
1782431100000,24977.2,24977.2,24941.75,24957.75
1782432000000,24958.75,24990.75,24941.75,24984.32
1782432900000,24996.649999999998,25015.449999999997,24961.35,24989.949999999997
1782433800000,24990.45,24994.350000000002,24966.95,24970.45
1782434700000,24970.95,24980.95,24950.45,24957.45
1782435600000,24957.45,24980.45,24935.45,24963.45
1782436500000,24961.45,24981.95,24929.45,24934.95
1782437400000,24933.95,24944.350000000002,24905.95,24909.350000000002
1782438300000,24909.95,24925.95,24881.45,24898.95
1782439200000,24902.45,24906.45,24858.95,24869.45
1782440100000,24868.45,24874.95,24821.45,24837.45
1782441000000,24836.45,24842.95,24797.95,24814.45
1782441900000,24814.95,24814.95,24765.45,24782.45
1782442800000,24782.95,24787.45,24765.95,24779.45
1782443700000,24779.95,24788.45,24760.95,24772.45
1782444600000,24773.350000000002,24782.45,24731.95,24782.45
1782445500000,24784.949999999997,24829.35,24767.35,24829.35
1782446400000,24831.75,24835.45,24817.45,24825.45
1782447300000,24826.95,24836.95,24799.45,24822.350000000002
1782448200000,24821.95,24830.45,24797.95,24803.45
1782449100000,24805.45,24812.350000000002,24784.45,24791.45
1782450000000,24790.45,24832.95,24787.45,24830.45
1782450900000,24832.45,24844.95,24821.95,24838.95
1782451800000,24839.95,24852.45,24793.95,24795.45
1782452700000,24796.95,24823.75,24782.95,24810.45
1782453600000,24808.45,24831.550000000003,24803.15,24826.550000000003
1782454500000,24828.55,24866.55,24828.55,24864.55
1782455400000,24865.55,24888.55,24856.55,24886.55
1782456300000,24885.55,24925.55,24879.55,24897.55
1782457200000,24890.55,24911.55,24825.55,24865.55
1782458100000,24866.55,24890.55,24843.55,24887.55
1782459000000,24886.55,24903.55,24828.55,24832.55
1782459900000,24831.55,24856.55,24821.55,24851.55
1782460800000,24852.55,24860.55,24805.55,24817.55
1782461700000,24816.55,24849.55,24806.55,24839.55
1782462600000,24838.55,24839.55,24795.55,24800.55
1782463500000,24799.55,24807.55,24756.55,24784.55
1782464400000,24785.55,24785.55,24725.55,24756.55
1782465300000,24752.55,24764.55,24722.55,24737.55
1782466200000,24736.55,24763.55,24711.55,24740.55
1782467100000,24739.55,24765.55,24731.55,24742.55
1782468000000,24743.55,24746.55,24704.55,24724.55
1782468900000,24723.55,24730.55,24699.55,24726.55
1782469800000,24724.55,24724.55,24699.55,24710.55
1782470700000,24709.55,24729.55,24703.55,24714.55
1782471600000,24717.55,24751.55,24712.55,24739.55
1782472500000,24738.55,24739.55,24712.55,24722.55
1782473400000,24721.55,24733.55,24696.55,24701.55
1782474300000,24702.55,24723.55,24697.55,24703.55
1782475200000,24702.55,24722.55,24689.55,24722.55
1782476100000,24723.55,24744.55,24700.05,24728.05
1782477000000,24727.05,24737.05,24677.05,24686.05
1782477900000,24688.05,24688.05,24656.05,24665.05
1782478800000,24666.05,24678.05,24644.05,24659.05
1782479700000,24658.05,24659.05,24583.05,24640.05
1782480600000,24637.05,24679.05,24631.05,24667.05
1782481500000,24668.05,24699.05,24650.05,24693.649999999998
1782482400000,24693.25,24733.05,24687.75,24712.05
1782483300000,24711.05,24727.05,24698.05,24715.05
1782484200000,24719.05,24719.05,24667.05,24668.05
1782485100000,24667.05,24680.05,24631.05,24645.05
1782486000000,24646.05,24675.05,24627.05,24630.05
1782486900000,24631.05,24717.05,24629.05,24716.05
1782487800000,24717.05,24742.05,24701.05,24730.05
1782488700000,24731.05,24736.05,24683.75,24712.05
1782489600000,24713.05,24714.05,24677.05,24695.05
1782490500000,24696.05,24708.05,24637.05,24679.05
1782491400000,24680.05,24697.05,24670.05,24670.05
1782492300000,24671.05,24694.05,24668.05,24679.05
1782493200000,24680.05,24706.05,24668.05,24699.05
1782494100000,24700.05,24702.05,24685.05,24698.05
1782495000000,24699.05,24710.05,24683.05,24698.05
1782495900000,24699.05,24705.05,24684.05,24689.05
1782496800000,24690.05,24704.05,24685.05,24692.05
1782497700000,24693.05,24695.05,24664.05,24668.05
1782498600000,24669.05,24679.05,24661.05,24676.05
1782499500000,24677.05,24677.05,24652.05,24660.05
1782500400000,24662.05,24689.05,24646.05,24688.05
1782501300000,24691.05,24693.05,24667.05,24671.05
1782502200000,24672.05,24682.05,24661.05,24681.05
1782503100000,24682.050000000003,24692.050000000003,24659.15,24663.15
1782504000000,24663.15,24768.690000000002,24663.15,24763.690000000002
1782504900000,24764.69,24785.69,24758.69,24766.69
1782505800000,24767.69,24769.69,24699.69,24704.69
1782506700000,24705.69,24714.68,24686.68,24690.68
1782684000000,24748.35,24794.19,24735.35,24757.35
1782684900000,24758.35,24766.11,24732.21,24752.35
1782685800000,24753.35,24766.35,24752.35,24764.35
1782686700000,24765.35,24768.35,24752.35,24753.35
1782687600000,24752.35,24799.079999999998,24748.35,24785.35
1782688500000,24784.35,24795.35,24776.35,24788.35
1782689400000,24787.35,24802.35,24787.35,24797.35
1782690300000,24796.35,24808.35,24770.64,24770.64
1782691200000,24780.64,24783.64,24730.78,24740.35
1782692100000,24739.350000000002,24778.25,24725.95,24732.95
1782693000000,24735.05,24778.55,24715.55,24776.05
1782693900000,24773.05,24779.05,24720.55,24772.05
1782694800000,24771.05,24790.55,24747.05,24774.05
1782695700000,24772.05,24774.05,24742.05,24748.05
1782696600000,24748.05,24774.05,24732.55,24763.55
1782697500000,24764.05,24766.05,24745.55,24760.05
1782698400000,24760.05,24769.05,24728.05,24731.05
1782699300000,24730.95,24794.55,24722.95,24785.55
1782700200000,24786.05,24794.05,24777.55,24785.55
1782701100000,24786.05,24797.55,24780.05,24787.55
1782702000000,24788.55,24813.35,24788.55,24792.55
1782702900000,24792.55,24815.35,24790.55,24806.05
1782703800000,24806.55,24809.95,24769.55,24774.05
1782704700000,24775.55,24815.35,24772.05,24805.95
1782705600000,24804.05,24805.05,24785.55,24789.05
1782706500000,24789.05,24794.55,24774.55,24783.05
1782707400000,24784.55,24788.95,24761.55,24770.55
1782708300000,24771.05,24786.55,24766.05,24769.05
1782709200000,24773.55,24784.35,24758.05,24783.05
1782710100000,24784.05,24790.05,24759.55,24768.55
1782711000000,24769.05,24812.55,24761.55,24811.35
1782711900000,24809.95,24835.35,24796.05,24828.35
1782712800000,24829.350000000002,24837.15,24792.15,24819.15
1782713700000,24818.15,24831.15,24804.15,24822.15
1782714600000,24821.15,24821.15,24792.15,24793.15
1782715500000,24792.15,24803.15,24776.15,24791.15
1782716400000,24792.15,24807.15,24720.15,24759.15
1782717300000,24761.15,24783.15,24744.15,24772.15
1782718200000,24771.15,24803.15,24755.15,24783.15
1782719100000,24782.15,24788.15,24746.15,24778.15
1782720000000,24777.15,24792.15,24745.15,24768.15
1782720900000,24767.15,24773.15,24707.15,24707.15
1782721800000,24705.15,24733.15,24685.15,24694.15
1782722700000,24697.15,24716.15,24677.15,24677.15
1782723600000,24680.15,24717.15,24675.15,24708.15
1782724500000,24707.15,24745.15,24699.15,24745.15
1782725400000,24744.15,24749.15,24717.15,24723.15
1782726300000,24724.15,24725.15,24697.15,24714.15
1782727200000,24715.15,24718.15,24699.15,24703.15
1782728100000,24702.15,24709.15,24683.15,24709.15
1782729000000,24710.15,24726.15,24693.15,24717.15
1782729900000,24718.149999999998,24724.149999999998,24690.85,24714.149999999998
1782730800000,24716.15,24729.15,24706.15,24710.15
1782731700000,24711.15,24716.15,24681.15,24688.15
1782732600000,24687.15,24726.75,24665.15,24687.15
1782733500000,24686.15,24727.15,24686.15,24721.15
1782734400000,24722.15,24743.15,24714.15,24737.15
1782735300000,24736.15,24745.15,24719.15,24719.15
1782736200000,24720.15,24736.15,24693.15,24705.15
1782737100000,24704.15,24734.15,24704.15,24734.15
1782738000000,24735.15,24749.15,24730.15,24744.15
1782738900000,24741.15,24745.15,24721.15,24741.15
1782739800000,24739.15,24747.15,24711.15,24743.15
1782740700000,24742.15,24751.15,24680.15,24702.15
1782741600000,24701.15,24701.15,24610.15,24610.15
1782742500000,24611.15,24699.15,24596.15,24686.15
1782743400000,24685.15,24693.15,24644.15,24649.15
1782744300000,24648.15,24652.15,24608.15,24625.15
1782745200000,24626.15,24647.15,24588.15,24647.15
1782746100000,24648.15,24673.15,24636.15,24664.15
1782747000000,24663.15,24679.15,24644.15,24667.15
1782747900000,24666.15,24680.15,24660.15,24671.15
1782748800000,24672.15,24687.15,24668.15,24677.15
1782749700000,24676.15,24688.15,24676.15,24684.15
1782750600000,24685.15,24703.15,24678.15,24702.15
1782751500000,24701.15,24715.15,24696.15,24705.15
1782752400000,24706.15,24734.15,24705.15,24727.15
1782753300000,24726.15,24731.15,24712.15,24722.15
1782754200000,24721.15,24731.15,24718.15,24728.65
1782755100000,24727.65,24732.65,24722.65,24725.65
1782756000000,24726.65,24769.65,24722.65,24762.65
1782756900000,24761.65,24765.65,24754.65,24762.65
1782757800000,24763.65,24772.65,24761.65,24768.65
1782758700000,24769.65,24781.65,24766.65,24771.65
1782759600000,24773.65,24774.65,24763.65,24764.65
1782760500000,24763.65,24779.65,24758.65,24771.65
1782761400000,24769.65,24778.65,24763.65,24772.65
1782762300000,24773.65,24779.65,24753.65,24775.75
1782763200000,24773.75,24773.75,24745.85,24758.859999999997
1782764100000,24759.86,24768.440000000002,24756.86,24759.440000000002
1782765000000,24760.44,24764.45,24745.73,24763.45
1782765900000,24762.45,24767.440000000002,24755.45,24762.850000000002
1782770400000,24770.75,24776.76,24754.75,24765.76
1782771300000,24766.760000000002,24774.77,24761.77,24765.77
1782772200000,24766.77,24774.77,24756.77,24770.77
1782773100000,24771.77,24771.77,24759.75,24763.75
1782774000000,24762.75,24776.75,24760.75,24767.75
1782774900000,24768.75,24772.75,24764.75,24768.75
1782775800000,24767.75,24775.47,24764.75,24768.47
1782776700000,24767.47,24770.47,24751.47,24764.47
1782777600000,24762.47,24769.75,24743.75,24759.75
1782778500000,24760.75,24779.45,24732.95,24740.45
1782779400000,24738.45,24742.95,24707.45,24714.95
1782780300000,24714.45,24738.95,24705.75,24738.45
1782781200000,24736.95,24741.45,24722.45,24735.45
1782782100000,24736.45,24779.45,24730.95,24778.45
1782783000000,24776.95,24801.95,24755.45,24768.95
1782783900000,24768.95,24783.95,24755.95,24783.95
1782784800000,24780.45,24781.45,24755.45,24757.45
1782785700000,24756.95,24778.45,24747.95,24773.95
1782786600000,24775.45,24781.95,24765.95,24769.45
1782787500000,24769.45,24780.95,24766.45,24771.95
1782788400000,24770.45,24781.350000000002,24764.95,24765.95
1782789300000,24767.95,24778.45,24762.95,24772.45
1782790200000,24772.95,24797.95,24769.95,24791.45
1782791100000,24789.45,24803.75,24784.95,24786.45
1782792000000,24784.95,24808.95,24782.95,24805.45
1782792900000,24806.45,24812.75,24795.95,24812.350000000002
1782793800000,24813.75,24825.350000000002,24808.45,24818.45
1782794700000,24817.45,24821.75,24807.95,24814.95
1782795600000,24814.45,24852.75,24811.45,24852.75
1782796500000,24850.95,24855.75,24839.86,24843.45
1782797400000,24843.95,24848.45,24824.45,24834.45
1782798300000,24835.45,24844.95,24826.75,24835.75
1782799200000,24834.35,24848.55,24807.75,24815.55
1782800100000,24814.550000000003,24818.550000000003,24799.15,24811.15
1782801000000,24809.75,24815.550000000003,24786.15,24804.550000000003
1782801900000,24808.15,24848.15,24806.15,24848.15
1782802800000,24850.55,24895.55,24822.55,24830.55
1782803700000,24832.55,24883.55,24825.55,24868.55
1782804600000,24869.55,24901.55,24863.55,24885.55
1782805500000,24886.55,24888.55,24821.55,24834.55
1782806400000,24848.55,24860.35,24833.25,24845.55
1782807300000,24844.55,24897.55,24837.55,24889.55
1782808200000,24888.55,24895.55,24838.55,24851.55
1782809100000,24852.55,24860.55,24832.55,24847.55
1782810000000,24846.55,24890.55,24844.55,24875.55
1782810900000,24874.55,24909.55,24874.55,24901.55
1782811800000,24902.55,24943.55,24890.55,24938.55
1782812700000,24937.55,24959.55,24930.55,24934.55
1782813600000,24933.55,24961.55,24927.55,24949.55
1782814500000,24950.55,25001.55,24948.55,24998.55
1782815400000,24999.55,25013.55,24989.55,25004.55
1782816300000,25003.55,25009.55,24980.55,25001.55
1782817200000,25002.55,25026.55,24984.55,25019.55
1782818100000,25020.55,25038.55,25015.55,25017.55
1782819000000,25018.55,25049.55,25018.55,25041.55
1782819900000,25042.55,25047.55,25017.55,25018.55
1782820800000,25017.55,25021.55,24982.55,24985.55
1782821700000,24984.55,24987.55,24947.55,24949.55
1782822600000,24948.55,24967.55,24920.55,24964.55
1782823500000,24965.55,24990.55,24953.55,24972.55
1782824400000,24973.55,24976.55,24914.55,24921.55
1782825300000,24920.55,24933.55,24910.55,24917.55
1782826200000,24918.55,24956.55,24900.55,24946.55
1782827100000,24947.55,24972.55,24929.55,24962.55
1782828000000,24961.55,24969.55,24930.55,24962.55
1782828900000,24961.55,24981.55,24951.55,24955.55
1782829800000,24954.55,24979.55,24941.55,24945.55
1782830700000,24944.55,24947.55,24919.55,24937.55
1782831600000,24939.55,25027.55,24938.55,25022.55
1782832500000,25021.55,25021.55,24979.55,25003.55
1782833400000,25004.55,25041.55,24984.55,25030.55
1782834300000,25031.55,25036.55,25011.55,25011.55
1782835200000,25012.55,25019.55,25000.55,25007.55
1782836100000,25006.55,25018.55,25006.55,25013.55
1782837000000,25012.55,25027.55,25012.55,25026.55
1782837900000,25025.55,25036.55,25022.55,25030.55
1782838800000,25031.55,25041.55,25020.55,25023.55
1782839700000,25024.55,25035.55,25022.55,25033.55
1782840600000,25032.55,25041.55,25029.55,25039.55
1782841500000,25040.55,25043.55,25033.55,25040.55
1782842400000,25039.55,25043.55,25030.55,25042.55
1782843300000,25043.55,25052.55,25038.55,25039.55
1782844200000,25038.55,25049.55,25033.55,25049.55
1782845100000,25050.55,25059.55,25046.55,25055.55
1782846000000,25056.55,25058.55,25044.55,25056.55
1782846900000,25057.55,25067.55,25047.55,25047.55
1782847800000,25046.55,25049.55,25032.55,25040.55
1782848700000,25039.550000000003,25048.550000000003,25026.65,25033.65
1782849600000,25032.65,25048.75,25015.75,25024.75
1782850500000,25023.75,25029.75,25012.75,25015.75
1782851400000,25016.75,25018.75,25007.75,25008.75
1782852300000,25007.75,25015.47,25000.75,25013.47
1782856800000,25020.75,25031.75,25014.75,25028.89
1782857700000,25029.89,25042.89,25028.89,25040.89
1782858600000,25039.89,25039.89,25028.89,25031.89
1782859500000,25030.89,25031.89,25014.89,25019.89
1782860400000,25020.89,25029.35,25017.35,25022.35
1782861300000,25021.35,25030.35,25018.35,25023.35
1782862200000,25024.35,25033.35,25022.35,25026.35
1782863100000,25027.35,25034.35,25015.75,25024.75
1782864000000,25018.75,25043.75,25015.9,25031.75
1782864900000,25038.65,25045.95,25029.95,25035.350000000002
1782865800000,25034.949999999997,25043.949999999997,25029.35,25038.949999999997
1782866700000,25038.45,25040.75,25028.45,25029.45
1782867600000,25032.449999999997,25046.949999999997,25015.35,25022.35
1782868500000,25023.75,25023.75,25007.95,25016.45
1782869400000,25017.95,25021.95,25003.95,25006.45
1782870300000,25006.45,25009.45,24988.95,24995.45
1782871200000,24994.45,25000.75,24970.95,24986.75
1782872100000,24978.95,25001.75,24968.45,24995.45
1782873000000,24987.45,25014.75,24986.95,25009.45
1782873900000,25009.45,25016.75,24998.95,24999.95
1782874800000,24999.45,25016.45,24994.95,25012.45
1782875700000,25010.95,25013.45,24998.25,25000.45
1782876600000,25000.45,25015.45,24993.95,25001.95
1782877500000,25005.45,25017.45,25001.95,25013.45
1782878400000,25013.45,25014.45,24999.45,25001.45
1782879300000,25001.95,25014.95,24998.45,25012.45
1782880200000,25011.45,25016.45,24999.95,25006.45
1782881100000,25006.95,25021.95,24999.45,25000.95
1782882000000,24999.95,25010.75,24991.45,24996.95
1782882900000,24997.95,25002.95,24990.45,24994.45
1782883800000,24997.45,25009.95,24992.45,25004.45
1782884700000,25003.45,25021.95,25001.45,25019.45
1782885600000,25019.45,25044.55,25011.75,25016.55
1782886500000,25016.149999999998,25024.55,25004.55,25021.55
1782887400000,25022.550000000003,25037.550000000003,25008.15,25037.550000000003
1782888300000,25038.55,25050.55,25020.55,25048.55
1782889200000,25049.55,25075.35,24981.55,24989.149999999998
1782890100000,24988.149999999998,25016.55,24976.55,25001.55
1782891000000,25002.55,25031.55,24982.55,25031.55
1782891900000,25032.55,25075.55,25023.55,25074.55
1782892800000,25073.55,25086.55,25038.55,25080.55
1782893700000,25079.55,25104.55,25072.55,25086.55
1782894600000,25087.55,25116.55,25068.55,25107.55
1782895500000,25106.55,25106.55,25067.55,25088.75
1782896400000,25088.55,25094.55,25059.55,25074.55
1782897300000,25073.55,25105.55,25060.55,25105.55
1782898200000,25104.55,25112.55,25095.55,25100.55
1782899100000,25099.55,25110.55,25091.55,25098.55
1782900000000,25099.55,25100.55,25047.55,25082.55
1782900900000,25083.55,25100.55,25077.55,25098.55
1782901800000,25099.55,25102.55,25071.55,25082.55
1782902700000,25081.55,25092.55,25074.55,25085.55
1782903600000,25087.55,25102.55,25065.55,25067.55
1782904500000,25068.55,25081.55,25048.55,25054.55
1782905400000,25055.55,25058.55,25020.55,25039.55
1782906300000,25038.55,25040.55,25004.55,25011.55
1782907200000,25013.55,25023.55,24982.55,25012.75
1782908100000,25012.75,25033.55,25007.55,25027.55
1782909000000,25026.55,25042.55,24993.55,25001.55
1782909900000,25000.55,25010.55,24963.55,24963.55
1782910800000,24961.55,24962.55,24902.55,24911.55
1782911700000,24910.55,24973.55,24910.55,24972.55
1782912600000,24973.55,24991.55,24937.55,24988.55
1782913500000,24987.55,25022.55,24980.55,25000.75
1782914400000,24998.75,25026.55,24989.75,25016.55
1782915300000,25014.55,25038.55,25004.55,25025.55
1782916200000,25026.55,25031.55,24979.55,24995.55
1782917100000,24996.55,25021.55,24979.55,25002.55
1782918000000,25001.55,25032.55,24998.55,25022.55
1782918900000,25023.55,25095.55,25023.55,25095.55
1782919800000,25094.55,25104.55,25051.55,25069.55
1782920700000,25067.55,25082.55,25064.55,25077.55
1782921600000,25078.55,25088.55,25073.55,25088.55
1782922500000,25086.55,25100.55,25086.55,25097.55
1782923400000,25098.55,25109.55,25088.55,25095.55
1782924300000,25094.55,25098.55,25063.55,25066.55
1782925200000,25065.55,25081.55,25064.55,25080.55
1782926100000,25081.55,25099.55,25077.55,25095.55
1782927000000,25096.55,25101.55,25076.55,25077.55
1782927900000,25076.55,25079.55,25061.55,25066.55
1782928800000,25065.55,25078.55,25058.55,25059.55
1782929700000,25060.55,25071.55,25054.55,25065.55
1782930600000,25064.55,25072.55,25061.55,25069.55
1782931500000,25068.55,25069.55,25056.55,25061.55
1782932400000,25060.55,25082.55,25060.55,25078.55
1782933300000,25079.55,25084.55,25071.55,25075.55
1782934200000,25074.55,25082.55,25069.55,25070.55
1782935100000,25071.55,25077.55,25058.55,25068.649999999998
1782936000000,25057.65,25064.75,25022.75,25045.75
1782936900000,25044.75,25045.75,25031.75,25036.75
1782937800000,25035.75,25038.75,25015.75,25030.03
1782938700000,25031.03,25041.03,25025.03,25040.03
1782943200000,25057.65,25063.65,25040.65,25040.65
1782944100000,25041.65,25062.65,25040.65,25060.65
1782945000000,25061.65,25067.65,25058.65,25063.65
1782945900000,25064.65,25070.65,25053.65,25067.65
1782946800000,25068.65,25068.65,25051.65,25052.65
1782947700000,25053.65,25065.65,25049.65,25064.65
1782948600000,25063.65,25066.65,25053.65,25065.65
1782949500000,25064.65,25064.65,25038.65,25060.65
1782950400000,25053.65,25053.65,25011.65,25033.65
1782951300000,25037.55,25037.55,25001.85,25031.35
1782952200000,25040.35,25044.35,25007.85,25010.35
1782953100000,25012.25,25066.35,25008.85,25053.85
1782954000000,25053.85,25094.85,25048.85,25093.85
1782954900000,25094.25,25106.85,25076.85,25104.85
1782955800000,25104.35,25155.25,25099.85,25152.25
1782956700000,25150.85,25167.85,25140.35,25148.85
1782957600000,25148.35,25155.35,25138.35,25155.35
1782958500000,25153.35,25166.35,25145.35,25146.35
1782959400000,25149.35,25153.85,25140.35,25145.35
1782960300000,25146.35,25152.649999999998,25142.35,25146.35
1782961200000,25147.35,25152.35,25137.85,25143.35
1782962100000,25144.35,25147.85,25125.35,25133.35
1782963000000,25134.35,25151.85,25128.85,25147.35
1782963900000,25146.35,25156.85,25135.85,25154.35
1782964800000,25152.85,25165.35,25127.35,25133.35
1782965700000,25133.35,25134.85,25115.25,25128.35
1782966600000,25129.35,25129.85,25092.85,25095.35
1782967500000,25096.35,25122.25,25092.35,25113.85
1782968400000,25118.35,25141.85,25106.85,25129.35
1782969300000,25129.85,25132.35,25108.85,25109.85
1782970200000,25109.35,25110.85,25078.35,25080.35
1782971100000,25081.35,25090.35,25075.35,25082.25
1782972000000,25082.65,25094.45,25056.45,25058.05
1782972900000,25058.45,25073.45,25045.45,25047.45
1782973800000,25048.45,25091.45,25047.45,25072.45
1782974700000,25067.45,25067.45,24995.45,24995.45
1782975600000,24996.45,25070.45,24980.05,25050.45
1782976500000,25049.45,25124.45,25047.45,25105.45
1782977400000,25107.45,25161.45,25090.45,25151.45
1782978300000,25150.45,25157.45,25107.45,25129.45
1782979200000,25128.45,25153.45,25113.45,25131.45
1782980100000,25132.45,25143.45,25114.45,25124.45
1782981000000,25126.45,25180.45,25117.45,25153.45
1782981900000,25154.45,25187.45,25150.45,25169.65
1782982800000,25170.05,25183.45,25152.45,25182.45
1782983700000,25183.45,25214.45,25171.45,25197.45
1782984600000,25198.45,25214.45,25192.45,25207.45
1782985500000,25205.45,25219.45,25191.45,25199.45
1782986400000,25199.05,25202.45,25180.45,25192.45
1782987300000,25191.45,25229.45,25190.45,25229.45
1782988200000,25233.45,25281.45,25232.45,25276.45
1782989100000,25277.45,25312.45,25270.45,25302.45
1782990000000,25303.45,25322.45,25282.45,25302.45
1782990900000,25303.45,25310.45,25290.45,25306.45
1782991800000,25305.45,25316.45,25297.45,25303.45
1782992700000,25302.45,25331.45,25302.45,25323.45
1782993600000,25324.45,25363.45,25315.45,25363.45
1782994500000,25362.45,25379.45,25339.65,25347.65
1782995400000,25347.65,25487.45,25347.65,25485.45
1782996300000,25486.45,25488.45,25440.45,25460.45
1782997200000,25461.45,25488.45,25449.45,25464.45
1782998100000,25465.45,25540.45,25456.45,25525.45
1782999000000,25527.45,25607.45,25518.45,25605.45
1782999900000,25604.45,25682.45,25601.45,25661.65
1783000800000,25661.15,25673.45,25616.45,25663.45
1783001700000,25662.45,25672.45,25615.45,25624.45
1783002600000,25625.45,25653.45,25614.45,25616.45
1783003500000,25617.45,25662.45,25604.45,25662.45
1783004400000,25664.45,25673.45,25606.45,25626.45
1783005300000,25625.45,25636.45,25567.45,25573.45
1783006200000,25572.45,25639.45,25570.45,25622.45
1783007100000,25621.45,25634.45,25567.45,25578.45
1783008000000,25579.45,25622.45,25577.45,25614.45
1783008900000,25615.45,25628.45,25592.45,25595.45
1783009800000,25596.45,25599.45,25568.45,25593.45
1783010700000,25594.45,25595.45,25553.45,25563.45
1783011600000,25562.45,25566.45,25528.45,25546.45
1783012500000,25545.45,25552.45,25535.45,25548.45
1783013400000,25547.45,25555.45,25516.45,25531.45
1783014300000,25530.45,25534.45,25510.45,25513.45
1783015200000,25514.45,25556.45,25502.45,25547.45
1783016100000,25548.45,25548.45,25533.45,25544.45
1783017000000,25543.45,25567.45,25543.45,25561.45
1783017900000,25562.45,25574.45,25554.45,25565.45
1783018800000,25567.45,25568.45,25534.45,25548.45
1783019700000,25549.45,25553.45,25533.45,25546.45
1783020600000,25548.45,25580.45,25548.45,25578.45
1783021500000,25577.45,25653.65,25575.45,25640.55
1783022400000,25639.550000000003,25639.550000000003,25605.65,25625.65
1783023300000,25626.65,25627.65,25612.65,25618.65
1783024200000,25620.65,25629.65,25614.65,25617.510000000002
1783025100000,25618.51,25633.649999999998,25617.51,25630.649999999998
1783029600000,25636.55,25651.57,25632.55,25645.55
1783030500000,25646.55,25654.55,25644.55,25645.55
1783031400000,25644.55,25670.12,25640.55,25668.84
1783032300000,25667.84,25670.27,25658.84,25668.27
1783033200000,25667.27,25670.27,25649.55,25650.55
1783034100000,25651.55,25676.989999999998,25650.55,25671.69
1783035000000,25670.690000000002,25682.120000000003,25662.08,25663.08
1783035900000,25662.08,25677.08,25660.08,25674.550000000003
1783036800000,25673.55,25688.55,25644.55,25666.98
1783037700000,25665.98,25678.45,25648.75,25651.25
1783038600000,25653.25,25658.75,25629.25,25645.25
1783039500000,25644.75,25656.25,25632.15,25640.75
1783040400000,25641.25,25714.550000000003,25632.15,25709.75
1783041300000,25710.25,25727.25,25694.75,25713.25
1783042200000,25713.15,25736.15,25704.25,25722.75
1783043100000,25723.75,25723.75,25707.75,25714.25
1783044000000,25712.25,25725.75,25702.75,25705.25
1783044900000,25704.75,25720.25,25702.75,25717.25
1783045800000,25717.75,25717.75,25701.75,25705.25
1783046700000,25706.25,25715.25,25701.25,25708.75
1783047600000,25709.25,25717.25,25706.75,25717.25
1783048500000,25716.25,25730.55,25705.25,25726.75
1783049400000,25727.15,25733.75,25704.75,25709.25
1783050300000,25709.75,25739.25,25704.75,25738.15
1783051200000,25738.55,25746.55,25725.75,25746.15
1783052100000,25745.75,25749.15,25729.25,25743.15
1783053000000,25742.75,25749.55,25733.05,25738.149999999998
1783053900000,25738.75,25742.75,25722.75,25725.25
1783054800000,25724.25,25727.75,25708.25,25712.25
1783055700000,25713.75,25715.75,25694.25,25714.55
1783056600000,25713.55,25729.75,25706.25,25708.55
1783057500000,25708.25,25718.550000000003,25703.15,25713.75
1783058400000,25715.15,25755.85,25714.25,25749.45
1783059300000,25750.449999999997,25759.85,25729.85,25739.85
1783060200000,25744.45,25763.85,25735.05,25756.85
1783061100000,25757.45,25776.850000000002,25742.45,25776.850000000002
1783062000000,25773.85,25846.85,25755.85,25811.85
1783062900000,25810.85,25810.85,25762.85,25770.85
1783063800000,25769.85,25777.85,25720.85,25720.85
1783064700000,25721.85,25745.85,25705.85,25706.85
1783065600000,25707.85,25741.85,25696.85,25732.85
1783066500000,25733.85,25760.85,25733.85,25738.85
1783067400000,25737.85,25742.85,25700.85,25703.85
1783068300000,25704.85,25706.85,25648.85,25650.85
1783069200000,25651.85,25654.85,25631.85,25652.85
1783070100000,25651.85,25685.85,25647.85,25653.85
1783071000000,25652.85,25676.85,25641.85,25675.85
1783071900000,25674.85,25688.85,25660.85,25673.85
1783072800000,25672.85,25700.35,25660.35,25690.35
1783073700000,25689.35,25706.35,25680.35,25699.35
1783074600000,25698.35,25726.35,25698.35,25719.35
1783075500000,25720.35,25726.35,25709.35,25723.35
1783076400000,25724.35,25726.35,25694.35,25696.35
1783077300000,25697.35,25707.35,25677.35,25681.35
1783078200000,25682.35,25701.35,25677.35,25700.35
1783079100000,25699.35,25729.35,25699.35,25727.35
1783080000000,25728.35,25747.35,25728.35,25739.35
1783080900000,25737.35,25739.35,25721.35,25727.35
1783081800000,25728.35,25759.35,25727.35,25754.35
1783082700000,25755.35,25771.35,25747.35,25770.35
1783083600000,25771.35,25796.649999999998,25763.85,25777.85
1783084500000,25777.76,25791.85,25766.85,25769.85
1783085400000,25767.85,25777.85,25750.85,25773.85
1783086300000,25774.85,25805.85,25766.85,25792.85
1783087200000,25790.85,25815.85,25790.85,25797.85
1783088100000,25798.85,25804.85,25761.85,25771.85
1783089000000,25772.85,25811.85,25766.85,25800.85
1783089900000,25799.85,25842.85,25793.85,25830.85
1783090800000,25832.85,25841.85,25814.85,25838.85
1783091700000,25839.85,25856.85,25816.85,25824.85
1783092600000,25825.85,25833.85,25801.85,25820.85
1783093500000,25819.85,25826.85,25810.85,25818.85
1783094400000,25819.85,25838.85,25815.85,25833.85
1783095300000,25834.85,25841.85,25829.85,25830.85
1783096200000,25829.85,25841.85,25827.85,25831.85
1783097100000,25832.85,25833.85,25824.85,25825.85
1783098000000,25827.85,25827.85,25815.85,25816.85
1783098900000,25817.85,25826.85,25815.85,25823.85
1783099800000,25824.85,25825.85,25819.85,25820.85
1783100700000,25821.85,25830.85,25821.85,25826.85
1783101600000,25825.85,25829.449999999997,25815.85,25818.85
1783102500000,25817.85,25819.85,25811.85,25811.85
1783103400000,25812.85,25820.85,25812.85,25815.85
1783104300000,25814.85,25815.85,25812.85,25814.85
1783105200000,25813.85,25815.85,25810.85,25815.85
1783106100000,25817.449999999997,25822.85,25813.85,25819.85
1783107000000,25820.85,25842.85,25815.85,25835.85
1783107900000,25834.85,25843.85,25823.85,25841.949999999997
1783288800000,25837.15,25837.15,25809.15,25825.15
1783289700000,25824.15,25843.29,25821.15,25840.29
1783290600000,25841.29,25859.010000000002,25841.29,25857.010000000002
1783291500000,25856.010000000002,25863.29,25842.29,25845.29
1783292400000,25844.29,25868.29,25840.29,25865.15
1783293300000,25866.15,25869.15,25855.15,25857.15
1783294200000,25856.15,25868.15,25854.15,25857.15
1783295100000,25856.15,25873.29,25852.15,25871.29
1783296000000,25884.29,25887.29,25849.15,25872.15
1783296900000,25859.05,25930.05,25846.35,25852.85
1783297800000,25851.35,25884.85,25846.35,25876.75
1783298700000,25879.85,25891.85,25876.85,25886.35
1783299600000,25886.35,25895.149999999998,25870.85,25884.85
1783300500000,25884.85,25902.75,25871.85,25879.85
1783301400000,25878.85,25885.35,25869.35,25870.85
1783302300000,25864.35,25872.75,25838.85,25857.149999999998
1783303200000,25857.35,25863.35,25829.35,25829.85
1783304100000,25829.85,25840.35,25823.35,25825.85
1783305000000,25823.85,25835.35,25815.85,25817.35
1783305900000,25819.149999999998,25828.85,25810.35,25825.85
1783306800000,25825.85,25838.85,25820.35,25825.85
1783307700000,25827.85,25833.35,25811.35,25822.85
1783308600000,25824.85,25837.35,25811.85,25821.85
1783309500000,25824.85,25825.85,25803.85,25819.85
1783310400000,25820.85,25832.85,25803.75,25829.85
1783311300000,25828.85,25843.85,25828.85,25839.35
1783312200000,25839.85,25854.35,25838.35,25842.35
1783313100000,25844.35,25848.85,25835.85,25844.35
1783314000000,25845.85,25845.85,25829.85,25832.75
1783314900000,25833.149999999998,25841.35,25805.85,25813.149999999998
1783315800000,25809.35,25819.85,25804.75,25816.35
1783316700000,25817.75,25822.149999999998,25800.85,25810.85
1783317600000,25809.850000000002,25832.55,25790.95,25793.95
1783318500000,25792.95,25811.95,25790.95,25803.95
1783319400000,25802.95,25815.95,25793.15,25802.550000000003
1783320300000,25803.55,25824.95,25792.95,25817.95
1783321200000,25817.55,25843.95,25780.95,25821.95
1783322100000,25822.95,25855.95,25812.95,25844.95
1783323000000,25845.95,25884.95,25834.95,25882.95
1783323900000,25881.95,25931.95,25880.95,25913.95
1783324800000,25915.95,25923.95,25870.95,25874.95
1783325700000,25875.95,25900.95,25861.95,25897.95
1783326600000,25898.95,25901.95,25848.95,25859.95
1783327500000,25858.95,25862.95,25847.86,25853.95
1783328400000,25851.95,25851.95,25819.95,25836.95
1783329300000,25838.95,25882.95,25835.95,25879.95
1783330200000,25880.95,25886.95,25857.95,25876.95
1783331100000,25877.95,25882.95,25855.95,25866.95
1783332000000,25865.95,25871.95,25848.95,25864.95
1783332900000,25863.95,25867.95,25844.95,25847.95
1783333800000,25848.95,25853.95,25815.95,25816.95
1783334700000,25817.95,25831.95,25810.95,25815.95
1783335600000,25812.95,25816.95,25796.95,25801.95
1783336500000,25803.95,25805.95,25776.95,25786.95
1783337400000,25787.95,25817.95,25778.95,25817.95
1783338300000,25818.95,25821.95,25779.95,25786.95
1783339200000,25787.95,25797.95,25774.95,25791.95
1783340100000,25792.95,25806.95,25768.95,25770.95
1783341000000,25769.95,25780.95,25759.95,25775.95
1783341900000,25777.95,25783.95,25761.95,25764.95
1783342800000,25763.95,25766.95,25726.95,25726.95
1783343700000,25725.95,25749.95,25716.95,25748.95
1783344600000,25747.95,25768.95,25740.95,25768.95
1783345500000,25767.95,25790.95,25753.95,25790.55
1783346400000,25789.55,25810.95,25778.95,25802.95
1783347300000,25803.95,25817.95,25787.95,25812.95
1783348200000,25815.95,25821.95,25795.95,25820.95
1783349100000,25819.95,25834.95,25809.95,25827.95
1783350000000,25828.95,25835.95,25803.95,25809.95
1783350900000,25808.95,25858.95,25805.95,25858.95
1783351800000,25853.95,25864.95,25837.95,25845.95
1783352700000,25846.95,25847.95,25807.95,25823.95
1783353600000,25824.95,25824.95,25808.95,25811.95
1783354500000,25812.95,25823.95,25809.95,25820.95
1783355400000,25819.95,25825.95,25815.95,25823.95
1783356300000,25822.95,25832.95,25814.95,25816.95
1783357200000,25815.95,25840.95,25810.95,25840.95
1783358100000,25839.95,25845.95,25830.95,25832.95
1783359000000,25833.95,25834.95,25810.95,25817.95
1783359900000,25816.95,25827.95,25812.95,25821.95
1783360800000,25822.95,25834.95,25820.95,25822.95
1783361700000,25823.95,25837.95,25823.95,25833.95
1783362600000,25832.95,25836.95,25823.95,25827.95
1783363500000,25826.95,25831.95,25820.95,25828.95
1783364400000,25829.95,25832.95,25822.95,25830.95
1783365300000,25829.95,25847.95,25829.95,25846.95
1783366200000,25845.95,25845.95,25825.95,25833.95
1783367100000,25832.95,25843.95,25829.95,25839.05
1783368000000,25819.05,25838.149999999998,25819.05,25835.149999999998
1783368900000,25834.15,25841.15,25828.15,25833.15
1783369800000,25832.15,25837.15,25831.15,25835.15
1783370700000,25836.15,25840.86,25826.15,25837.86
1783375200000,25841.25,25853.25,25836.25,25853.25
1783376100000,25854.25,25861.11,25849.25,25858.11
1783377000000,25859.11,25864.39,25854.11,25858.25
1783377900000,25857.25,25857.25,25835.25,25839.11
1783378800000,25838.11,25853.11,25838.11,25846.11
1783379700000,25845.11,25846.11,25831.11,25836.11
1783380600000,25835.11,25839.11,25824.11,25825.11
1783381500000,25826.11,25826.11,25805.25,25811.68
1783382400000,25804.68,25830.24,25798.68,25821.24
1783383300000,25820.15,25842.25,25804.15,25820.95
1783384200000,25823.95,25831.45,25800.45,25809.45
1783385100000,25805.95,25831.45,25802.45,25808.95
1783386000000,25806.45,25820.45,25803.45,25814.95
1783386900000,25814.95,25819.25,25801.45,25805.95
1783387800000,25807.95,25828.95,25805.45,25825.95
1783388700000,25824.45,25837.45,25813.45,25816.95
1783389600000,25817.95,25827.45,25808.95,25822.95
1783390500000,25820.95,25825.45,25805.95,25809.25
1783391400000,25808.25,25809.25,25792.45,25800.45
1783392300000,25799.45,25803.25,25785.95,25791.850000000002
1783393200000,25793.25,25806.95,25790.45,25796.45
1783394100000,25795.45,25795.850000000002,25767.95,25770.850000000002
1783395000000,25772.25,25787.449999999997,25761.85,25776.449999999997
1783395900000,25775.85,25775.85,25759.85,25771.449999999997
1783396800000,25770.45,25786.25,25763.25,25775.25
1783397700000,25774.25,25774.85,25759.85,25763.949999999997
1783398600000,25764.95,25772.850000000002,25759.95,25767.25
1783399500000,25763.95,25769.25,25758.25,25761.45
1783400400000,25760.850000000002,25761.25,25723.95,25727.850000000002
1783401300000,25726.45,25749.95,25724.95,25746.95
1783402200000,25745.95,25772.25,25744.95,25755.850000000002
1783403100000,25755.95,25800.850000000002,25744.95,25785.45
1783404000000,25786.45,25796.25,25766.05,25771.05
1783404900000,25770.649999999998,25793.05,25768.05,25789.05
1783405800000,25787.65,25803.050000000003,25784.65,25803.050000000003
1783406700000,25802.05,25817.05,25778.05,25814.05
1783407600000,25812.050000000003,25827.050000000003,25777.65,25789.050000000003
1783408500000,25787.05,25827.05,25778.05,25823.05
1783409400000,25822.05,25833.05,25794.05,25794.05
1783410300000,25795.05,25810.05,25772.05,25805.05
1783411200000,25806.05,25815.05,25783.05,25811.05
1783412100000,25813.05,25826.05,25788.05,25794.05
1783413000000,25795.05,25795.05,25760.05,25765.05
1783413900000,25766.05,25771.05,25736.05,25737.05
1783414800000,25736.05,25755.05,25721.05,25726.05
1783415700000,25725.05,25755.05,25724.05,25741.05
1783416600000,25742.05,25745.05,25709.05,25727.05
1783417500000,25726.05,25729.05,25709.05,25716.05
1783418400000,25717.05,25735.05,25699.05,25702.05
1783419300000,25703.05,25730.05,25695.05,25697.05
1783420200000,25696.05,25702.55,25681.55,25692.55
1783421100000,25693.55,25694.55,25675.55,25691.55
1783422000000,25689.55,25699.55,25679.55,25684.55
1783422900000,25685.55,25702.55,25670.55,25674.55
1783423800000,25675.55,25681.55,25666.55,25673.55
1783424700000,25677.55,25677.55,25644.55,25668.55
1783425600000,25669.55,25684.55,25662.55,25670.149999999998
1783426500000,25671.149999999998,25716.55,25667.55,25708.55
1783427400000,25708.75,25730.55,25693.55,25707.55
1783428300000,25708.55,25708.55,25664.55,25682.55
1783429200000,25680.55,25698.55,25661.55,25694.55
1783430100000,25693.55,25699.55,25671.55,25674.55
1783431000000,25673.55,25684.55,25636.55,25661.55
1783431900000,25662.55,25665.55,25564.55,25583.55
1783432800000,25582.55,25587.55,25521.55,25522.55
1783433700000,25523.55,25560.55,25513.55,25551.55
1783434600000,25550.55,25559.55,25510.55,25517.55
1783435500000,25516.55,25543.55,25510.55,25537.55
1783436400000,25538.55,25540.55,25506.55,25522.55
1783437300000,25524.55,25528.55,25500.55,25520.55
1783438200000,25521.55,25522.55,25486.55,25502.55
1783439100000,25501.55,25539.55,25501.55,25530.55
1783440000000,25531.55,25546.55,25527.55,25542.55
1783440900000,25543.55,25571.55,25541.55,25564.55
1783441800000,25562.55,25570.55,25550.55,25559.55
1783442700000,25560.55,25570.55,25558.55,25563.55
1783443600000,25564.55,25575.149999999998,25562.55,25565.55
1783444500000,25566.55,25567.55,25551.55,25559.55
1783445400000,25560.55,25574.55,25559.55,25574.55
1783446300000,25573.55,25574.55,25563.55,25572.55
1783447200000,25573.55,25575.55,25566.55,25572.55
1783448100000,25571.55,25578.55,25568.55,25570.55
1783449000000,25571.55,25572.55,25552.55,25560.55
1783449900000,25562.55,25563.55,25521.55,25524.55
1783450800000,25523.55,25527.55,25476.55,25480.55
1783451700000,25479.55,25487.55,25431.25,25476.55
1783452600000,25477.55,25481.55,25465.55,25471.55
1783453500000,25472.55,25491.649999999998,25463.55,25490.649999999998
1783454400000,25488.65,25493.11,25470.65,25484.11
1783455300000,25483.11,25486.11,25472.11,25480.11
1783456200000,25481.11,25486.11,25478.11,25482.11
1783457100000,25483.11,25486.11,25479.11,25483.11
1783461600000,25445.65,25464.65,25430.65,25459.22
1783462500000,25460.22,25465.22,25455.22,25460.22
1783463400000,25461.22,25467.36,25454.65,25456.65
1783464300000,25455.65,25468.22,25451.65,25462.22
1783465200000,25461.22,25468.22,25450.65,25460.65
1783466100000,25459.65,25478.65,25458.65,25474.65
1783467000000,25473.65,25478.65,25446.65,25448.65
1783467900000,25449.65,25456.65,25423.65,25427.65
1783468800000,25418.65,25435.65,25399.65,25430.65
1783469700000,25431.65,25503.65,25431.65,25491.350000000002
1783470600000,25489.35,25514.25,25464.85,25511.35
1783471500000,25512.35,25534.25,25511.25,25530.35
1783472400000,25530.35,25552.35,25523.35,25550.35
1783473300000,25551.35,25551.35,25526.85,25526.85
1783474200000,25526.85,25536.85,25500.35,25518.35
1783475100000,25516.85,25539.35,25512.35,25517.85
1783476000000,25518.35,25521.35,25479.85,25483.35
1783476900000,25486.35,25492.35,25462.85,25475.35
1783477800000,25473.85,25491.35,25463.35,25491.35
1783478700000,25485.35,25500.85,25466.85,25488.35
1783479600000,25489.35,25500.35,25468.25,25488.25
1783480500000,25488.35,25506.35,25479.35,25499.25
1783481400000,25501.35,25506.35,25487.25,25497.85
1783482300000,25493.25,25507.35,25488.25,25496.35
1783483200000,25496.35,25497.35,25472.85,25481.35
1783484100000,25479.35,25501.35,25473.35,25487.85
1783485000000,25488.35,25493.35,25471.85,25482.35
1783485900000,25482.25,25484.35,25456.35,25483.35
1783486800000,25482.35,25494.35,25470.85,25477.35
1783487700000,25473.85,25486.85,25459.25,25459.85
1783488600000,25462.85,25472.85,25439.35,25452.35
1783489500000,25451.85,25457.35,25423.85,25438.85
1783490400000,25437.850000000002,25443.65,25389.45,25396.45
1783491300000,25397.45,25429.45,25393.45,25415.45
1783492200000,25412.45,25420.45,25359.15,25362.45
1783493100000,25363.45,25363.45,25320.05,25338.05
1783494000000,25336.05,25359.45,25203.45,25235.45
1783494900000,25232.45,25254.45,25172.45,25222.45
1783495800000,25220.45,25252.45,25204.45,25231.45
1783496700000,25230.45,25250.45,25203.45,25218.45
1783497600000,25220.45,25224.45,25180.45,25189.45
1783498500000,25187.45,25199.45,24994.45,25002.45
1783499400000,25001.45,25007.45,24917.45,24932.45
1783500300000,24931.45,24950.45,24902.45,24922.45
1783501200000,24925.45,24925.45,24848.45,24848.45
1783502100000,24849.45,24899.45,24845.45,24889.45
1783503000000,24890.45,24941.45,24866.45,24897.45
1783503900000,24896.45,24917.45,24870.45,24878.45
1783504800000,24877.45,24891.45,24854.45,24885.45
1783505700000,24886.45,24917.45,24874.45,24903.45
1783506600000,24899.45,24980.45,24892.45,24971.45
1783507500000,24970.45,24975.45,24937.45,24955.45
1783508400000,24949.45,24974.45,24930.45,24957.45
1783509300000,24956.45,24958.45,24916.45,24949.45
1783510200000,24947.45,25100.05,24930.45,25024.65
1783511100000,25025.05,25041.45,24998.45,25012.45
1783512000000,25011.45,25059.45,24977.45,25039.45
1783512900000,25041.45,25061.45,25013.45,25042.45
1783513800000,25041.45,25073.45,25035.05,25061.45
1783514700000,25060.45,25079.45,25015.45,25016.45
1783515600000,25015.45,25078.95,25010.65,25070.95
1783516500000,25071.95,25074.95,24982.95,24989.95
1783517400000,24992.95,25083.95,24992.95,25075.95
1783518300000,25076.95,25102.95,25032.95,25053.95
1783519200000,25055.95,25074.95,25022.95,25027.95
1783520100000,25026.95,25054.95,24993.95,25003.95
1783521000000,25001.95,25011.95,24962.95,24980.95
1783521900000,24981.95,24981.95,24950.95,24961.95
1783522800000,24964.95,24967.95,24900.95,24908.95
1783523700000,24906.95,24916.95,24866.95,24878.95
1783524600000,24877.95,24936.95,24877.95,24930.95
1783525500000,24929.95,24930.95,24895.95,24911.95
1783526400000,24912.95,24963.95,24906.95,24959.95
1783527300000,24960.95,24989.95,24957.95,24980.95
1783528200000,24978.95,25030.95,24961.95,25016.95
1783529100000,25018.95,25028.95,25005.95,25023.95
1783530000000,25022.95,25029.95,24994.95,24994.95
1783530900000,24993.95,25032.95,24992.95,25026.95
1783531800000,25027.55,25033.95,25015.95,25019.95
1783532700000,25020.95,25023.95,24997.95,25004.95
1783533600000,25003.95,25037.95,24992.95,25031.95
1783534500000,25032.95,25033.95,25019.95,25023.95
1783535400000,25022.95,25028.95,25006.95,25026.95
1783536300000,25027.95,25034.95,25019.95,25030.95
1783537200000,25028.95,25039.95,25023.95,25026.95
1783538100000,25027.95,25037.95,25024.95,25034.95
1783539000000,25035.95,25039.95,25017.95,25028.95
1783539900000,25029.95,25038.95,25001.95,25029.05
1783540800000,25028.05,25028.05,24997.46,25012.46
1783541700000,25011.460000000003,25011.460000000003,24990.9,24996.9
1783542600000,24998.899999999998,24999.899999999998,24969.19,24988.6
1783543500000,24989.6,25002.6,24986.6,24998.6
1783548000000,25003.05,25032.05,25000.05,25020.6
1783548900000,25019.6,25032.05,25013.05,25021.05
1783549800000,25020.05,25032.05,25013.05,25013.19
1783550700000,25014.19,25022.19,25013.19,25020.19
1783551600000,25021.19,25033.19,25020.19,25025.77
1783552500000,25024.77,25025.77,25004.77,25023.05
1783553400000,25022.05,25040.76,25013.05,25032.739999999998
1783554300000,25031.739999999998,25043.19,25029.05,25038.19
1783555200000,25037.190000000002,25064.050000000003,25029.33,25060.050000000003
1783556100000,25036.95,25067.05,25015.75,25052.75
1783557000000,25054.25,25063.25,25040.25,25049.25
1783557900000,25048.25,25063.75,25026.25,25045.25
1783558800000,25046.75,25070.75,25031.65,25063.050000000003
1783559700000,25055.25,25081.65,25041.25,25053.75
1783560600000,25053.75,25064.75,25041.25,25062.25
1783561500000,25062.75,25077.65,25041.25,25053.25
1783562400000,25051.75,25090.65,25037.75,25088.75
1783563300000,25085.75,25096.25,25062.25,25074.75
1783564200000,25073.25,25083.25,25034.25,25034.25
1783565100000,25034.25,25037.25,25014.75,25015.25
1783566000000,25018.75,25020.75,24994.75,25009.75
1783566900000,25009.25,25038.75,25000.75,25037.25
1783567800000,25039.75,25065.65,25034.25,25065.65
1783568700000,25064.65,25069.25,25053.25,25058.75
1783569600000,25058.25,25071.75,25050.75,25056.75
1783570500000,25057.25,25067.75,25032.75,25039.75
1783571400000,25039.25,25065.75,25036.75,25061.75
1783572300000,25060.75,25078.25,25052.25,25070.25
1783573200000,25070.75,25098.05,25038.75,25077.25
1783574100000,25086.25,25088.65,25040.25,25054.75
1783575000000,25054.25,25083.75,25036.25,25078.75
1783575900000,25077.75,25125.25,25071.25,25122.65
1783576800000,25121.25,25126.05,25088.45,25106.850000000002
1783577700000,25103.449999999997,25132.85,25102.85,25106.85
1783578600000,25104.85,25115.85,25092.85,25100.85
1783579500000,25101.85,25101.85,25069.85,25091.85
1783580400000,25093.85,25142.85,25044.85,25062.85
1783581300000,25061.85,25065.85,25008.85,25025.85
1783582200000,25023.85,25082.85,25021.85,25080.85
1783583100000,25081.85,25088.85,25021.85,25043.85
1783584000000,25044.85,25053.85,25022.85,25032.85
1783584900000,25033.85,25035.85,24970.85,24983.85
1783585800000,24978.85,24987.85,24936.85,24953.85
1783586700000,24954.85,24973.85,24933.85,24949.85
1783587600000,24947.85,24969.85,24931.85,24964.85
1783588500000,24963.85,24982.85,24956.85,24960.85
1783589400000,24961.85,24962.85,24915.85,24933.85
1783590300000,24932.85,24976.85,24932.85,24964.85
1783591200000,24963.85,24973.85,24950.05,24963.85
1783592100000,24962.85,24984.85,24953.85,24958.85
1783593000000,24957.85,24957.85,24924.85,24932.85
1783593900000,24933.85,24936.85,24875.85,24922.85
1783594800000,24923.85,24962.85,24914.85,24959.85
1783595700000,24960.85,24960.85,24918.85,24927.85
1783596600000,24926.85,24964.85,24920.85,24954.85
1783597500000,24953.85,24982.85,24946.85,24957.85
1783598400000,24958.85,24982.85,24948.85,24974.85
1783599300000,24975.85,24985.85,24958.85,24978.85
1783600200000,24978.45,25025.850000000002,24978.45,25001.850000000002
1783601100000,25000.85,25014.85,24984.85,25010.85
1783602000000,25011.85,25059.85,25008.85,25051.85
1783602900000,25052.85,25056.85,25024.85,25034.85
1783603800000,25033.85,25048.85,24987.85,25027.85
1783604700000,25026.85,25077.85,25024.85,25055.85
1783605600000,25057.05,25076.149999999998,25027.35,25048.35
1783606500000,25047.35,25061.35,25011.35,25054.35
1783607400000,25053.35,25088.35,25053.35,25060.35
1783608300000,25061.35,25104.35,25046.35,25103.35
1783609200000,25104.35,25136.35,25099.35,25132.35
1783610100000,25127.35,25138.35,25097.35,25112.35
1783611000000,25111.35,25126.35,25086.35,25113.35
1783611900000,25114.35,25116.35,25099.35,25109.35
1783612800000,25110.35,25133.35,25110.35,25121.35
1783613700000,25122.35,25123.35,25109.35,25117.35
1783614600000,25118.35,25122.35,25107.35,25113.35
1783615500000,25112.35,25119.35,25106.35,25113.35
1783616400000,25114.35,25129.35,25114.35,25122.35
1783617300000,25120.35,25138.35,25120.35,25136.35
1783618200000,25137.35,25146.35,25132.35,25139.35
1783619100000,25138.35,25151.35,25135.35,25139.35
1783620000000,25138.35,25148.35,25134.35,25139.35
1783620900000,25140.35,25141.35,25113.35,25116.35
1783621800000,25117.35,25122.35,25108.35,25120.35
1783622700000,25119.35,25123.35,25110.35,25123.35
1783623600000,25124.35,25130.35,25106.35,25108.35
1783624500000,25109.35,25120.35,25106.35,25118.35
1783625400000,25117.35,25117.35,25103.35,25115.35
1783626300000,25114.35,25131.35,25109.35,25129.449999999997
1783627200000,25123.55,25142.55,25114.55,25139.05
1783628100000,25138.05,25142.05,25124.05,25126.05
1783629000000,25125.05,25134.05,25124.05,25126.05
1783629900000,25127.05,25128.05,25118.05,25119.05
1783634400000,25123.55,25134.55,25119.55,25121.55
1783635300000,25122.55,25133.55,25117.27,25128.55
1783636200000,25127.55,25134.55,25127.55,25129.69
1783637100000,25129.26,25133.26,25128.26,25132.26
1783638000000,25131.26,25143.55,25126.26,25142.55
1783638900000,25143.55,25148.12,25136.12,25145.969999999998
1783639800000,25146.97,25147.97,25138.97,25140.97
1783640700000,25139.97,25143.97,25129.97,25134.97
1783641600000,25133.97,25138.97,25110.97,25118.97
1783642500000,25117.97,25120.25,25095.45,25103.25
1783643400000,25103.75,25107.25,25081.15,25096.75
1783644300000,25096.75,25103.25,25083.25,25103.25
1783645200000,25105.75,25117.75,25095.25,25102.25
1783646100000,25103.25,25115.25,25097.75,25115.25
1783647000000,25115.75,25126.15,25106.25,25119.75
1783647900000,25118.25,25140.75,25117.25,25125.25
1783648800000,25126.25,25140.15,25116.25,25135.25
1783649700000,25135.75,25150.55,25116.75,25119.25
1783650600000,25120.25,25136.55,25109.75,25113.25
1783651500000,25111.75,25127.25,25109.75,25119.25
1783652400000,25119.25,25143.75,25113.25,25128.25
1783653300000,25126.25,25131.55,25103.25,25117.25
1783654200000,25117.75,25118.75,25104.25,25111.25
1783655100000,25112.75,25124.55,25104.25,25118.75
1783656000000,25119.75,25119.75,25103.75,25111.75
1783656900000,25112.25,25116.25,25098.25,25103.55
1783657800000,25101.25,25109.75,25097.75,25107.15
1783658700000,25108.55,25112.75,25083.25,25085.75
1783659600000,25087.25,25107.05,25084.25,25106.15
1783660500000,25106.75,25110.15,25090.25,25095.75
1783661400000,25096.75,25101.55,25077.75,25080.55
1783662300000,25082.25,25088.75,25072.75,25079.75
1783663200000,25079.75,25136.35,25079.75,25127.35
1783664100000,25126.35,25139.35,25101.35,25109.35
1783665000000,25108.35,25132.35,25097.35,25104.35
1783665900000,25103.95,25133.350000000002,25103.95,25113.350000000002
1783666800000,25114.35,25151.35,25082.35,25150.35
1783667700000,25149.35,25181.35,25132.35,25180.35
1783668600000,25181.35,25209.35,25167.35,25167.35
1783669500000,25168.35,25168.35,25105.35,25131.35
1783670400000,25132.35,25180.35,25129.35,25170.35
1783671300000,25169.35,25169.35,25103.35,25117.35
1783672200000,25116.35,25126.35,25096.35,25118.35
1783673100000,25117.35,25118.35,25077.35,25092.35
1783674000000,25093.35,25109.35,25063.35,25102.35
1783674900000,25103.35,25136.35,25097.35,25102.35
1783675800000,25101.35,25104.35,25074.35,25090.35
1783676700000,25089.35,25129.35,25087.35,25090.35
1783677600000,25089.35,25136.35,25088.35,25128.35
1783678500000,25129.35,25145.35,25121.35,25138.35
1783679400000,25139.35,25169.35,25138.35,25146.35
1783680300000,25145.35,25151.35,25129.35,25146.35
1783681200000,25145.35,25157.35,25131.35,25152.35
1783682100000,25153.35,25163.35,25132.35,25137.35
1783683000000,25136.35,25137.35,25103.35,25121.35
1783683900000,25120.35,25134.35,25102.35,25114.35
1783684800000,25115.35,25197.949999999997,25079.35,25162.35
1783685700000,25163.35,25166.35,25117.35,25130.35
1783686600000,25129.35,25130.35,25103.35,25124.35
1783687500000,25125.35,25140.35,25122.35,25136.35
1783688400000,25134.35,25153.35,25125.35,25153.35
1783689300000,25152.35,25166.35,25142.35,25149.35
1783690200000,25152.35,25169.35,25106.35,25111.35
1783691100000,25112.35,25136.35,25099.35,25100.35
1783692000000,25099.35,25131.35,25097.35,25116.35
1783692900000,25117.35,25137.35,25100.35,25102.35
1783693800000,25101.35,25112.35,24936.55,25071.35
1783694700000,25070.35,25078.35,25043.35,25051.35
1783695600000,25050.35,25055.35,25020.35,25038.35
1783696500000,25037.35,25097.35,25037.35,25095.35
1783697400000,25096.35,25098.35,25060.35,25071.35
1783698300000,25070.35,25093.35,25067.35,25087.35
1783699200000,25089.35,25104.35,25088.35,25098.35
1783700100000,25099.35,25108.35,25093.35,25096.35
1783701000000,25097.35,25102.35,25084.35,25102.35
1783701900000,25105.35,25123.35,25099.35,25121.35
1783702800000,25122.35,25126.35,25109.35,25116.35
1783703700000,25115.35,25128.35,25115.35,25125.35
1783704600000,25126.35,25134.35,25125.35,25130.35
1783705500000,25131.35,25136.35,25120.35,25121.35
1783706400000,25122.35,25132.35,25120.35,25122.35
1783707300000,25123.35,25131.35,25116.35,25130.35
1783708200000,25131.35,25138.35,25126.35,25128.35
1783709100000,25127.35,25131.35,25119.35,25123.35
1783710000000,25122.35,25130.35,25120.35,25128.35
1783710900000,25129.35,25131.35,25112.35,25121.35
1783711800000,25118.35,25131.35,25109.35,25112.35
1783712700000,25110.35,25123.35,25107.35,25111.449999999997
1783713600000,25106.45,25114.54,25094.54,25110.54
1783714500000,25109.54,25118.54,25108.54,25116.54
1783715400000,25117.54,25120.54,25114.54,25118.54
1783716300000,25117.54,25127.54,25117.54,25121.54
1783893600000,25055.95,25058.95,24985.77,24992.88
1783894500000,24993.88,25008.16,24988.16,25001.38
1783895400000,25002.38,25014.38,24998.38,25012.38
1783896300000,25011.38,25023.66,25001.38,25019.95
1783897200000,25018.95,25019.95,25009.95,25016.670000000002
1783898100000,25017.670000000002,25017.670000000002,25007.95,25011.95
1783899000000,25010.95,25013.95,25003.95,25006.95
1783899900000,25007.95,25018.95,24990.95,25016.95
1783900800000,25004.95,25087.95,24994.95,25080.670000000002
1783901700000,25043.95,25058.45,25021.15,25041.65
1783902600000,25042.15,25042.15,24976.15,24985.15
1783903500000,24985.15,24999.15,24944.65,24960.65
1783904400000,24960.15,24965.65,24928.65,24944.15
1783905300000,24943.65,24961.15,24927.15,24938.65
1783906200000,24936.65,24959.15,24926.15,24933.65
1783907100000,24935.65,24941.15,24903.15,24917.65
1783908000000,24919.65,24923.15,24897.65,24909.15
1783908900000,24910.15,24936.15,24904.65,24925.15
1783909800000,24927.15,24927.15,24909.65,24914.15
1783910700000,24915.15,24916.15,24900.45,24901.05
1783911600000,24900.65,24902.65,24868.15,24872.15
1783912500000,24874.15,24878.45,24864.65,24873.15
1783913400000,24873.45,24884.45,24855.15,24863.65
1783914300000,24867.15,24873.15,24854.65,24857.65
1783915200000,24857.050000000003,24857.050000000003,24829.65,24832.15
1783916100000,24831.15,24848.15,24825.15,24834.15
1783917000000,24836.15,24839.15,24819.15,24819.65
1783917900000,24820.149999999998,24824.149999999998,24802.05,24815.05
1783918800000,24817.05,24872.149999999998,24810.05,24869.149999999998
1783919700000,24870.15,24871.550000000003,24809.15,24814.65
1783920600000,24817.65,24869.15,24779.15,24845.65
1783921500000,24846.65,24872.65,24834.65,24860.65
1783922400000,24860.65,24892.75,24860.65,24876.75
1783923300000,24875.75,24917.75,24875.75,24913.75
1783924200000,24915.75,24921.75,24899.75,24918.75
1783925100000,24918.35,24943.75,24915.75,24939.75
1783926000000,24944.75,25064.75,24942.75,25062.75
1783926900000,25063.75,25073.75,25022.75,25062.75
1783927800000,25063.75,25074.75,25025.75,25054.75
1783928700000,25056.75,25082.75,25039.75,25081.75
1783929600000,25080.75,25103.75,25062.75,25096.75
1783930500000,25097.75,25118.75,25093.75,25103.75
1783931400000,25104.75,25122.75,25098.75,25105.75
1783932300000,25104.35,25133.75,25099.75,25129.75
1783933200000,25130.75,25138.75,25102.75,25106.75
1783934100000,25107.75,25158.75,25102.75,25154.75
1783935000000,25151.75,25168.75,25144.75,25155.75
1783935900000,25156.75,25167.75,25148.75,25158.75
1783936800000,25159.75,25167.75,25122.75,25134.75
1783937700000,25132.75,25133.75,25085.75,25091.75
1783938600000,25092.75,25121.75,25076.75,25115.75
1783939500000,25114.75,25130.75,25105.75,25117.75
1783940400000,25116.75,25145.75,25104.75,25119.75
1783941300000,25118.75,25138.75,25108.75,25133.75
1783942200000,25131.75,25144.75,25121.75,25138.75
1783943100000,25137.75,25137.75,25099.75,25110.75
1783944000000,25109.75,25130.75,25081.75,25083.75
1783944900000,25084.75,25110.75,25084.75,25089.75
1783945800000,25090.75,25093.75,25062.75,25076.75
1783946700000,25075.75,25137.75,25075.75,25132.75
1783947600000,25133.75,25143.75,25113.75,25122.75
1783948500000,25121.75,25121.75,25089.75,25106.75
1783949400000,25108.75,25129.75,25100.75,25110.75
1783950300000,25108.75,25144.75,25076.75,25132.75
1783951200000,25131.75,25144.75,25092.75,25119.75
1783952100000,25120.75,25125.75,24984.75,25091.75
1783953000000,25092.75,25107.75,25066.75,25074.75
1783953900000,25075.75,25134.75,25065.75,25130.75
1783954800000,25129.75,25139.75,25098.75,25119.75
1783955700000,25118.75,25118.75,25078.75,25098.75
1783956600000,25096.75,25139.75,25095.75,25110.75
1783957500000,25109.75,25118.75,25092.75,25096.75
1783958400000,25095.75,25114.75,25091.75,25097.75
1783959300000,25098.75,25098.75,25058.75,25066.75
1783960200000,25067.35,25085.75,25034.35,25084.75
1783961100000,25083.75,25089.75,25042.75,25058.75
1783962000000,25060.75,25089.75,25057.75,25075.75
1783962900000,25074.75,25078.75,25058.75,25060.75
1783963800000,25061.75,25070.75,25049.75,25064.75
1783964700000,25063.75,25071.75,25023.35,25024.75
1783965600000,25024.95,25033.75,25006.75,25019.75
1783966500000,25017.75,25021.35,24993.75,24997.75
1783967400000,24998.75,25015.75,24990.95,25010.350000000002
1783968300000,25009.75,25031.75,25001.75,25027.75
1783969200000,25028.75,25037.75,25002.75,25003.75
1783970100000,25002.75,25004.75,24980.75,24983.75
1783971000000,24986.75,25000.75,24977.75,24997.75
1783971900000,24998.75,25023.75,24991.75,25021.85
1783972800000,25008.850000000002,25022.95,25001.95,25007.95
1783973700000,25006.95,25006.95,24962.95,24996.95
1783974600000,24995.95,24995.95,24985.95,24990.95
1783975500000,24989.95,24994.95,24982.95,24991.95
1783980000000,25001.45,25023.45,25000.45,25003.45
1783980900000,25004.45,25017.02,24997.86,24998.86
1783981800000,24997.86,25005.73,24993.86,25004.73
1783982700000,25003.73,25012.45,24982.45,24986.45
1783983600000,24985.45,24986.45,24962.45,24968.45
1783984500000,24969.45,24981.45,24964.45,24967.45
1783985400000,24965.45,24970.45,24947.41,24949.41
1783986300000,24950.41,24985.98,24946.41,24983.98
1783987200000,24979.98,24996.45,24933.3,24982.59
1783988100000,24983.59,24983.59,24862.65,24888.65
1783989000000,24898.15,24913.15,24834.95,24847.15
1783989900000,24853.95,24923.15,24850.65,24920.15
1783990800000,24919.15,24932.65,24897.15,24899.15
1783991700000,24900.15,24925.65,24897.15,24909.15
1783992600000,24907.649999999998,24912.149999999998,24868.05,24886.149999999998
1783993500000,24886.15,24900.65,24860.65,24869.15
1783994400000,24870.15,24903.15,24866.65,24880.15
1783995300000,24882.15,24891.15,24856.15,24869.15
1783996200000,24872.15,24899.65,24852.15,24889.15
1783997100000,24890.15,24891.65,24841.15,24845.15
1783998000000,24845.15,24852.15,24819.65,24820.65
1783998900000,24822.15,24837.65,24796.15,24837.65
1783999800000,24834.15,24854.15,24815.65,24826.65
1784000700000,24826.65,24882.95,24826.15,24880.15
1784001600000,24881.550000000003,24902.15,24855.15,24871.15
1784002500000,24871.550000000003,24904.15,24864.15,24895.550000000003
1784003400000,24896.95,24957.65,24896.95,24944.15
1784004300000,24944.65,24957.15,24932.15,24952.65
1784005200000,24953.65,24971.15,24938.15,24963.65
1784006100000,24961.65,24993.550000000003,24956.15,24991.65
1784007000000,24992.65,25015.95,24989.65,25000.550000000003
1784007900000,25001.15,25004.65,24985.65,24990.65
1784008800000,24998.550000000003,25028.75,24989.15,25014.75
1784009700000,25015.75,25026.75,24955.75,24955.75
1784010600000,24958.35,24972.75,24932.35,24943.75
1784011500000,24941.95,24941.95,24874.75,24884.75
1784012400000,24887.75,25026.75,24863.95,25010.75
1784013300000,25009.75,25026.75,24968.75,25004.75
1784014200000,25005.75,25008.75,24943.75,24947.75
1784015100000,24946.75,24995.75,24913.75,24992.75
1784016000000,24995.75,25022.75,24940.75,24979.75
1784016900000,24980.75,24993.75,24955.75,24991.75
1784017800000,24989.75,25001.75,24958.35,24970.75
1784018700000,24969.75,24984.75,24944.75,24951.75
1784019600000,24952.75,25007.75,24940.75,25007.75
1784020500000,25006.75,25006.75,24962.75,24965.75
1784021400000,24964.75,24977.75,24951.75,24972.75
1784022300000,24973.75,25022.75,24973.75,25007.75
1784023200000,25008.75,25033.75,24992.75,25005.75
1784024100000,25006.75,25018.75,24986.75,24997.75
1784025000000,24996.75,25011.75,24964.75,24965.75
1784025900000,24964.75,24977.75,24931.75,24961.75
1784026800000,24963.75,24965.75,24901.75,24933.75
1784027700000,24934.75,24967.75,24925.75,24955.75
1784028600000,24954.75,24961.75,24913.75,24921.75
1784029500000,24920.75,24936.75,24903.75,24929.75
1784030400000,24930.75,24931.75,24882.75,24904.75
1784031300000,24903.75,24947.95,24891.75,24934.95
1784032200000,24934.95,25107.95,24934.95,24995.75
1784033100000,24996.75,25012.75,24957.75,24997.75
1784034000000,24998.75,25044.75,24990.75,25040.75
1784034900000,25041.75,25043.75,25007.75,25042.75
1784035800000,25044.75,25100.75,25015.75,25097.75
1784036700000,25096.75,25118.75,25072.75,25114.75
1784037600000,25112.75,25114.75,25058.75,25080.75
1784038500000,25079.75,25125.75,25051.75,25117.75
1784039400000,25118.75,25222.45,25106.75,25150.75
1784040300000,25151.75,25158.75,25120.75,25143.75
1784041200000,25142.75,25196.75,25114.75,25177.75
1784042100000,25176.75,25180.75,25134.75,25156.75
1784043000000,25157.75,25184.75,25114.75,25133.75
1784043900000,25134.75,25142.75,25088.75,25103.75
1784044800000,25104.75,25108.95,25082.75,25104.95
1784045700000,25105.35,25111.75,25087.35,25105.75
1784046600000,25106.75,25109.75,25093.75,25105.75
1784047500000,25104.75,25119.75,25083.75,25119.75
1784048400000,25118.75,25123.75,25106.75,25115.75
1784049300000,25114.75,25126.75,25106.75,25123.75
1784050200000,25124.75,25127.75,25103.75,25107.75
1784051100000,25108.75,25109.75,25088.75,25090.75
1784052000000,25091.75,25095.75,25079.75,25092.75
1784052900000,25093.75,25095.75,25080.75,25088.75
1784053800000,25089.75,25089.75,25056.75,25073.75
1784054700000,25072.75,25079.75,25065.75,25069.75
1784055600000,25070.75,25075.75,25061.75,25071.75
1784056500000,25072.75,25080.75,25071.75,25073.75
1784057400000,25075.75,25075.75,25053.75,25064.75
1784058300000,25065.75,25073.75,25045.85,25050.85
1784059200000,25049.95,25059.96,25039.95,25051.96
1784060100000,25050.96,25054.96,25037.96,25039.96
1784061000000,25038.96,25052.96,25038.96,25050.96
1784061900000,25049.96,25060.96,25042.96,25058.96
1784066400000,25059.449999999997,25061.449999999997,25025.17,25030.879999999997
1784067300000,25031.88,25060.45,25030.88,25054.45
1784068200000,25055.449999999997,25061.449999999997,25054.17,25056.17
1784069100000,25055.17,25057.17,25045.17,25048.17
1784070000000,25047.17,25063.449999999997,25043.17,25062.449999999997
1784070900000,25061.45,25094.45,25057.45,25092.45
1784071800000,25093.45,25100.45,25089.73,25091.45
1784072700000,25092.45,25104.45,25088.45,25099.45
1784073600000,25100.45,25106.45,25080.46,25100.45
1784074500000,25099.45,25099.45,25076.15,25082.65
1784075400000,25083.15,25089.050000000003,25046.65,25048.15
1784076300000,25048.65,25090.65,25048.65,25088.65
1784077200000,25089.65,25093.65,25052.65,25062.15
1784078100000,25060.65,25077.15,25060.15,25067.65
1784079000000,25069.15,25073.15,25044.15,25044.15
1784079900000,25044.15,25076.15,25042.65,25075.15
1784080800000,25070.649999999998,25081.149999999998,25068.05,25070.649999999998
1784081700000,25072.649999999998,25081.149999999998,25067.05,25079.649999999998
1784082600000,25080.15,25098.65,25079.65,25095.050000000003
1784083500000,25094.65,25097.65,25077.65,25080.15
1784084400000,25079.15,25088.65,25076.65,25078.15
1784085300000,25078.65,25087.15,25073.65,25080.65
1784086200000,25079.65,25094.65,25079.65,25081.65
1784087100000,25080.15,25105.45,25079.15,25098.65
1784088000000,25098.15,25101.65,25091.15,25094.15
1784088900000,25095.15,25100.65,25089.15,25095.15
1784089800000,25094.15,25101.050000000003,25090.15,25097.15
1784090700000,25098.15,25109.65,25098.15,25105.15
1784091600000,25116.050000000003,25147.45,25065.15,25080.15
1784092500000,25078.65,25097.15,25060.15,25065.65
1784093400000,25066.15,25088.050000000003,25043.15,25047.65
1784094300000,25046.65,25086.15,25042.15,25074.15
1784095200000,25071.149999999998,25082.25,25046.85,25052.25
1784096100000,25051.85,25072.25,25037.85,25060.25
1784097000000,25060.85,25060.85,25029.25,25045.25
1784097900000,25044.25,25052.25,25004.25,25028.45
1784098800000,25029.25,25031.25,24909.25,24947.25
1784099700000,24946.25,24957.25,24841.25,24868.25
1784100600000,24869.25,24912.25,24855.25,24910.25
1784101500000,24909.25,24933.25,24884.25,24927.25
1784102400000,24929.25,24962.25,24911.25,24962.25
1784103300000,24963.25,24997.25,24947.25,24994.25
1784104200000,24992.25,25031.25,24985.25,25006.25
1784105100000,25007.25,25033.25,24994.25,25014.25
1784106000000,25015.25,25045.25,25005.25,25041.25
1784106900000,25042.25,25043.25,25018.25,25019.25
1784107800000,25020.25,25023.25,24976.25,24998.25
1784108700000,24999.25,25002.25,24947.25,24954.25
1784109600000,24953.25,24990.25,24949.25,24983.25
1784110500000,24984.25,24997.25,24949.25,24960.25
1784111400000,24961.25,24980.25,24953.25,24953.25
1784112300000,24952.25,24963.25,24944.25,24944.25
1784113200000,24945.25,24949.25,24921.25,24941.25
1784114100000,24943.25,24957.25,24936.25,24937.25
1784115000000,24939.25,24982.25,24929.25,24977.25
1784115900000,24976.25,25014.25,24965.25,25008.25
1784116800000,25010.25,25018.25,24984.25,25014.25
1784117700000,25013.25,25033.25,25000.25,25001.45
1784118600000,25001.45,25033.25,25001.45,25033.25
1784119500000,25031.25,25041.25,25013.25,25023.25
1784120400000,25024.25,25050.25,25004.25,25005.25
1784121300000,25004.25,25030.25,24996.25,25016.25
1784122200000,25017.25,25060.25,24991.25,24992.25
1784123100000,24991.25,25043.25,24963.25,25025.25
1784124000000,25027.25,25041.25,25010.25,25036.25
1784124900000,25037.25,25067.25,25019.25,25041.25
1784125800000,25040.25,25060.25,25020.25,25021.25
1784126700000,25022.25,25046.25,25002.25,25046.25
1784127600000,25045.25,25047.25,25008.25,25010.25
1784128500000,25011.25,25031.25,25000.25,25021.25
1784129400000,25020.25,25050.25,25014.25,25029.25
1784130300000,25027.25,25033.25,25005.25,25005.25
1784131200000,25007.25,25009.25,24965.25,24966.25
1784132100000,24965.25,24969.25,24948.25,24963.25
1784133000000,24962.25,24967.25,24932.25,24951.25
1784133900000,24952.25,24992.25,24948.25,24973.25
1784134800000,24974.45,24993.25,24972.45,24983.25
1784135700000,24982.25,25009.25,24981.25,25008.25
1784136600000,25009.25,25035.25,25005.25,25027.25
1784137500000,25026.25,25043.25,25023.25,25028.25
1784138400000,25029.25,25038.25,25022.25,25034.25
1784139300000,25035.25,25036.25,25024.25,25025.25
1784140200000,25026.25,25037.25,25025.25,25030.25
1784141100000,25029.25,25031.25,25005.25,25008.25
1784142000000,25009.25,25026.25,25000.25,25024.25
1784142900000,25025.25,25026.25,25001.85,25013.25
1784143800000,25012.25,25017.25,24989.25,25000.25
1784144700000,24999.25,25015.25,24986.25,25006.35
1784145600000,25004.350000000002,25016.45,24978.45,24997.4
1784146500000,24998.4,25011.45,24994.4,25006.45
1784147400000,25005.45,25006.45,24998.45,25003.45
1784148300000,25004.45,25008.45,24998.45,24998.45
1784152800000,25002.95,25027.95,24997.95,25013.95
1784153700000,25014.95,25014.95,25003.95,25005.95
1784154600000,25006.95,25009.95,24997.95,24998.95
1784155500000,24999.95,25017.38,24998.38,25011.95
1784156400000,25010.95,25017.23,25007.95,25013.23
1784157300000,25012.23,25018.95,25006.23,25016.95
1784158200000,25017.95,25025.95,25011.95,25019.23
1784159100000,25018.23,25021.23,25001.52,25004.52
1784160000000,25005.52,25045.95,25003.52,25045.95
1784160900000,25044.95,25046.850000000002,25011.15,25013.15
1784161800000,25013.550000000003,25021.65,24979.65,24980.65
1784162700000,24982.15,24992.15,24960.65,24968.65
1784163600000,24968.15,24972.65,24934.65,24941.65
1784164500000,24943.65,24946.15,24914.65,24929.65
1784165400000,24931.65,24957.95,24928.15,24937.15
1784166300000,24939.15,24969.15,24933.65,24940.65
1784167200000,24940.15,24944.65,24920.65,24927.15
1784168100000,24927.65,24956.15,24918.15,24954.65
1784169000000,24954.149999999998,24970.649999999998,24950.55,24960.149999999998
1784169900000,24962.15,24992.65,24962.15,24990.65
1784170800000,24990.65,25008.65,24985.15,25003.65
1784171700000,25001.65,25003.65,24991.15,24999.65
1784172600000,24999.15,25019.15,24997.65,25011.15
1784173500000,25012.65,25038.550000000003,25011.15,25038.15
1784174400000,25037.65,25043.95,25012.15,25023.65
1784175300000,25025.65,25025.65,24998.15,25001.65
1784176200000,24999.65,25005.65,24994.15,25000.65
1784177100000,24999.15,25008.65,24995.65,24997.65
1784178000000,25005.65,25041.15,24999.15,25037.65
1784178900000,25038.65,25066.15,25035.15,25057.65
1784179800000,25056.65,25069.65,25016.15,25030.15
1784180700000,25030.65,25039.95,25018.65,25031.15
1784181600000,25029.649999999998,25046.449999999997,24975.35,25010.75
1784182500000,25009.35,25037.75,25008.35,25016.75
1784183400000,25015.75,25017.75,24981.35,24998.75
1784184300000,24997.75,25042.75,24988.95,25035.75
1784185200000,25034.75,25062.75,24920.75,24921.75
1784186100000,24920.75,24975.75,24905.75,24954.75
1784187000000,24955.75,24965.75,24884.75,24906.75
1784187900000,24907.75,24908.75,24853.75,24879.75
1784188800000,24878.75,24903.75,24847.75,24849.75
1784189700000,24850.75,24910.75,24829.75,24907.75
1784190600000,24906.75,24926.75,24894.75,24909.75
1784191500000,24910.75,24949.75,24909.75,24912.75
1784192400000,24911.75,24954.75,24907.75,24946.75
1784193300000,24947.75,24956.75,24879.75,24887.75
1784194200000,24888.75,24904.75,24859.75,24869.75
1784195100000,24868.75,24877.75,24843.75,24863.75
1784196000000,24864.75,24887.75,24849.75,24857.75
1784196900000,24858.75,24860.75,24822.75,24853.75
1784197800000,24852.75,24865.75,24838.75,24852.75
1784198700000,24851.75,24867.75,24836.75,24843.75
1784199600000,24842.75,24847.75,24813.75,24818.75
1784200500000,24819.75,24833.75,24793.75,24808.75
1784201400000,24807.75,24809.75,24774.75,24797.75
1784202300000,24798.75,24804.75,24704.75,24780.75
1784203200000,24781.75,24806.75,24759.75,24766.75
1784204100000,24767.75,24789.75,24719.75,24738.95
1784205000000,24738.95,24745.75,24708.75,24716.75
1784205900000,24715.75,24766.75,24707.75,24741.75
1784206800000,24743.75,24797.75,24732.75,24791.75
1784207700000,24792.75,24799.75,24767.75,24776.75
1784208600000,24778.75,24788.75,24737.75,24764.75
1784209500000,24765.75,24807.75,24753.75,24786.75
1784210400000,24785.75,24832.75,24781.35,24821.75
1784211300000,24820.75,24828.75,24786.75,24799.75
1784212200000,24796.75,24812.75,24785.75,24798.75
1784213100000,24797.75,24833.75,24791.75,24829.75
1784214000000,24828.75,24865.75,24820.75,24863.75
1784214900000,24864.75,24888.75,24852.75,24875.75
1784215800000,24876.75,24946.75,24872.75,24929.75
1784216700000,24928.75,24931.75,24889.75,24894.75
1784217600000,24893.75,24895.75,24867.75,24871.75
1784218500000,24872.75,24883.75,24843.75,24862.75
1784219400000,24861.75,24881.75,24857.75,24877.75
1784220300000,24878.75,24921.75,24873.75,24915.75
1784221200000,24916.75,24921.75,24902.75,24906.75
1784222100000,24905.75,24921.75,24900.75,24920.75
1784223000000,24921.75,24925.75,24884.75,24895.75
1784223900000,24896.75,24904.75,24885.75,24892.75
1784224800000,24893.75,24895.75,24869.75,24883.75
1784225700000,24882.75,24906.75,24877.75,24897.75
1784226600000,24896.75,24897.75,24873.75,24889.75
1784227500000,24888.75,24900.75,24882.75,24884.75
1784228400000,24883.75,24896.75,24875.75,24880.75
1784229300000,24879.75,24890.75,24872.75,24879.75
1784230200000,24878.75,24881.75,24853.75,24873.75
1784231100000,24872.75,24893.85,24834.75,24887.85
1784232000000,24886.850000000002,24889.95,24856.95,24857.95
1784232900000,24858.95,24880.95,24854.95,24864.95
1784233800000,24863.95,24869.95,24855.95,24862.95
1784234700000,24863.95,24869.84,24857.95,24865.95
1784239200000,24884.45,24890.45,24869.73,24872.73
1784240100000,24871.73,24871.73,24857.45,24858.45
1784241000000,24859.45,24863.31,24850.31,24859.31
1784241900000,24860.31,24860.31,24845.31,24853.31
1784242800000,24854.31,24858.31,24835.31,24849.31
1784243700000,24850.31,24850.31,24824.02,24833.02
1784244600000,24834.02,24844.02,24817.45,24836.02
1784245500000,24837.02,24841.02,24823.02,24832.02
1784246400000,24825.02,24834.02,24795.15,24804.15
1784247300000,24805.149999999998,24835.649999999998,24783.05,24807.149999999998
1784248200000,24807.65,24814.15,24784.15,24792.15
1784249100000,24794.050000000003,24823.65,24791.15,24810.65
1784250000000,24810.65,24832.65,24795.65,24808.65
1784250900000,24808.65,24824.65,24795.65,24809.65
1784251800000,24807.15,24807.15,24765.65,24769.15
1784252700000,24766.15,24766.15,24734.75,24742.15
1784253600000,24743.75,24760.75,24736.75,24741.15
1784254500000,24741.75,24744.75,24731.15,24734.15
1784255400000,24730.15,24744.75,24721.75,24744.75
1784256300000,24743.75,24747.55,24721.75,24729.75
1784257200000,24729.15,24763.75,24729.15,24750.15
1784258100000,24752.15,24784.45,24751.65,24767.65
1784259000000,24768.15,24769.15,24735.65,24744.15
1784259900000,24743.65,24744.65,24711.15,24711.65
1784260800000,24712.15,24713.15,24682.65,24684.15
1784261700000,24683.15,24693.65,24651.65,24658.15
1784262600000,24659.15,24666.15,24615.15,24641.65
1784263500000,24641.15,24690.95,24637.15,24672.65
1784264400000,24672.65,24681.65,24652.15,24676.15
1784265300000,24677.149999999998,24684.45,24659.05,24669.149999999998
1784266200000,24670.15,24687.050000000003,24653.65,24677.15
1784267100000,24673.15,24720.65,24662.15,24711.15
1784268000000,24709.65,24739.25,24694.25,24724.85
1784268900000,24724.25,24798.25,24720.25,24790.25
1784269800000,24786.25,24796.25,24751.85,24766.25
1784270700000,24765.25,24766.25,24743.85,24747.25
1784271600000,24745.25,24784.25,24718.25,24766.25
1784272500000,24769.25,24809.25,24750.25,24799.25
1784273400000,24800.25,24829.25,24786.25,24828.25
1784274300000,24829.25,24848.25,24808.25,24822.25
1784275200000,24824.25,24860.25,24784.25,24812.25
1784276100000,24811.25,24812.25,24725.25,24749.25
1784277000000,24751.25,24758.25,24697.25,24739.25
1784277900000,24740.25,24750.25,24712.25,24734.25
1784278800000,24733.25,24734.25,24669.25,24703.25
1784279700000,24702.25,24728.25,24682.25,24726.25
1784280600000,24727.25,24728.25,24659.25,24667.25
1784281500000,24668.25,24703.25,24665.25,24701.25
1784282400000,24702.25,24744.25,24689.25,24733.25
1784283300000,24734.25,24768.25,24732.25,24763.25
1784284200000,24762.25,24804.25,24760.25,24784.25
1784285100000,24785.25,24805.25,24775.25,24778.25
1784286000000,24777.25,24795.25,24743.25,24747.25
1784286900000,24748.25,24766.25,24741.25,24750.25
1784287800000,24751.25,24788.25,24742.25,24768.25
1784288700000,24769.25,24811.25,24765.25,24807.25
1784289600000,24808.25,24820.05,24766.25,24786.25
1784290500000,24787.25,24801.25,24762.25,24778.45
1784291400000,24781.95,24811.25,24775.95,24807.25
1784292300000,24806.25,24817.25,24771.25,24773.25
1784293200000,24774.25,24775.25,24717.25,24726.25
1784294100000,24723.85,24744.25,24702.25,24732.25
1784295000000,24734.25,24785.25,24728.25,24753.25
1784295900000,24752.25,24813.25,24749.25,24812.25
1784296800000,24813.25,24821.25,24775.25,24786.25
1784297700000,24785.25,24807.25,24778.25,24790.25
1784298600000,24789.25,24811.25,24775.25,24786.25
1784299500000,24784.25,24832.25,24771.25,24809.25
1784300400000,24812.25,24814.25,24771.25,24789.25
1784301300000,24790.25,24841.25,24781.25,24840.25
1784302200000,24839.25,24863.25,24814.25,24845.25
1784303100000,24844.25,24888.25,24838.25,24886.25
1784304000000,24885.25,24889.25,24841.25,24861.25
1784304900000,24862.25,24866.25,24826.25,24842.25
1784305800000,24841.25,24856.25,24833.25,24856.25
1784306700000,24855.25,24876.25,24854.25,24862.25
1784307600000,24861.25,24887.25,24859.25,24872.25
1784308500000,24873.25,24882.25,24865.25,24877.25
1784309400000,24876.25,24877.25,24846.25,24850.25
1784310300000,24849.25,24854.25,24825.25,24827.25
1784311200000,24828.25,24840.25,24820.25,24824.25
1784312100000,24825.25,24828.25,24811.25,24817.25
1784313000000,24818.25,24833.25,24798.25,24804.25
1784313900000,24803.25,24824.25,24800.25,24815.25
1784314800000,24817.25,24818.25,24793.25,24794.25
1784315700000,24795.25,24800.25,24772.25,24796.25
1784316600000,24799.25,24837.25,24798.25,24834.25
1784317500000,24833.25,24855.25,24829.25,24836.35
1784318400000,24836.350000000002,24836.350000000002,24792.45,24807.31
1784319300000,24808.31,24824.31,24803.31,24821.31
1784320200000,24822.31,24835.31,24820.31,24834.31
1784321100000,24835.31,24838.31,24823.11,24825.11
1784498400000,24836.95,24836.95,24770.23,24774.25
1784499300000,24775.25,24828.25,24775.25,24791.25
1784500200000,24790.25,24851.25,24787.25,24843.25
1784501100000,24844.25,24851.25,24823.25,24827.25
1784502000000,24828.25,24837.95,24811.25,24825.95
1784502900000,24827.95,24838.95,24812.95,24821.95
1784503800000,24822.95,24850.8,24813.95,24850.8
1784504700000,24851.8,24860.95,24821.8,24856.95
1784505600000,24850.95,24887.45,24828.52,24881.45
1784506500000,24882.45,24896.15,24857.65,24864.65
1784507400000,24860.65,24862.15,24830.65,24831.15
1784508300000,24830.15,24838.15,24816.65,24829.15
1784509200000,24828.15,24871.65,24828.15,24839.15
1784510100000,24838.649999999998,24857.149999999998,24829.05,24829.149999999998
1784511000000,24828.65,24830.65,24790.65,24800.15
1784511900000,24799.65,24812.15,24781.15,24797.65
1784512800000,24799.65,24838.15,24797.65,24807.050000000003
1784513700000,24809.050000000003,24809.65,24783.15,24794.65
1784514600000,24795.15,24840.15,24795.15,24832.15
1784515500000,24831.65,24850.15,24830.65,24832.65
1784516400000,24834.15,24846.65,24819.65,24833.15
1784517300000,24832.15,24841.15,24825.15,24825.15
1784518200000,24825.65,24837.15,24818.65,24836.65
1784519100000,24837.149999999998,24857.149999999998,24832.05,24838.649999999998
1784520000000,24838.65,24854.15,24827.15,24827.15
1784520900000,24826.15,24852.65,24823.15,24846.15
1784521800000,24847.15,24877.15,24841.15,24870.15
1784522700000,24867.15,24879.15,24850.15,24854.15
1784523600000,24852.65,24859.15,24809.65,24838.15
1784524500000,24834.15,24838.15,24810.15,24811.15
1784525400000,24810.65,24820.050000000003,24796.65,24797.15
1784526300000,24797.15,24797.65,24767.65,24769.15
1784527200000,24770.65,24798.45,24757.25,24763.25
1784528100000,24762.85,24774.25,24749.25,24764.25
1784529000000,24762.25,24774.25,24739.25,24764.25
1784529900000,24760.25,24772.25,24745.85,24758.25
1784530800000,24757.25,24814.25,24746.25,24805.25
1784531700000,24804.25,24840.25,24762.25,24837.25
1784532600000,24838.25,24899.25,24838.25,24899.25
1784533500000,24900.25,24918.25,24842.25,24868.25
1784534400000,24869.25,24900.25,24846.25,24895.25
1784535300000,24896.25,24918.25,24881.25,24913.25
1784536200000,24912.25,24924.25,24885.25,24894.25
1784537100000,24895.25,24920.25,24882.25,24915.25
1784538000000,24914.25,24923.25,24885.25,24900.25
1784538900000,24901.25,24929.25,24900.25,24920.25
1784539800000,24917.25,24957.25,24916.25,24947.25
1784540700000,24948.25,24949.25,24909.25,24931.25
1784541600000,24930.25,24938.25,24904.25,24907.25
1784542500000,24906.25,24916.25,24876.25,24901.25
1784543400000,24900.25,24905.25,24832.25,24846.25
1784544300000,24845.25,24876.25,24828.25,24870.25
1784545200000,24874.25,24901.25,24869.25,24881.25
1784546100000,24880.25,24897.25,24875.25,24890.25
1784547000000,24888.25,24986.25,24881.25,24961.25
1784547900000,24962.25,24968.25,24915.25,24953.25
1784548800000,24952.25,24955.25,24847.85,24904.25
1784549700000,24903.25,24915.25,24878.25,24910.25
1784550600000,24913.25,24924.25,24887.25,24895.25
1784551500000,24894.25,24909.25,24838.25,24846.25
1784552400000,24847.25,24854.25,24809.75,24809.75
1784553300000,24810.75,24851.75,24801.75,24842.75
1784554200000,24845.75,24856.75,24792.75,24802.75
1784555100000,24801.75,24802.75,24765.75,24794.75
1784556000000,24795.75,24813.75,24772.25,24807.25
1784556900000,24808.25,24836.25,24783.25,24835.25
1784557800000,24834.25,24862.25,24820.25,24848.25
1784558700000,24845.25,24861.25,24813.25,24838.25
1784559600000,24836.25,24891.25,24819.25,24863.25
1784560500000,24862.25,24883.25,24854.25,24871.25
1784561400000,24870.25,24880.25,24836.25,24851.25
1784562300000,24852.25,24870.25,24835.25,24861.25
1784563200000,24860.25,24894.25,24858.25,24881.25
1784564100000,24879.25,24886.25,24870.25,24877.25
1784565000000,24878.25,24881.25,24813.95,24844.25
1784565900000,24843.25,24853.25,24825.25,24827.25
1784566800000,24828.25,24835.25,24807.25,24818.25
1784567700000,24817.25,24828.25,24806.25,24825.25
1784568600000,24826.25,24836.25,24799.25,24800.25
1784569500000,24801.25,24819.25,24799.25,24812.25
1784570400000,24811.25,24827.25,24811.25,24824.25
1784571300000,24823.25,24826.25,24796.25,24801.25
1784572200000,24800.25,24801.25,24740.25,24743.25
1784573100000,24742.25,24770.25,24742.25,24756.25
1784574000000,24757.25,24771.25,24715.25,24715.25
1784574900000,24714.25,24745.25,24705.25,24743.25
1784575800000,24746.25,24754.25,24731.25,24736.25
1784576700000,24737.25,24760.25,24708.85,24708.85
1784577600000,24708.850000000002,24732.95,24688.95,24696.95
1784578500000,24695.95,24696.95,24677.81,24686.81
1784579400000,24687.81,24703.95,24685.81,24697.95
1784580300000,24698.95,24706.95,24694.95,24703.95
1784584800000,24714.45,24717.45,24666.45,24678.45
1784585700000,24677.45,24684.45,24673.45,24678.45
1784586600000,24679.45,24682.45,24666.45,24680.45
1784587500000,24681.45,24683.45,24670.45,24675.45
1784588400000,24676.45,24703.73,24672.45,24702.73
1784589300000,24701.73,24730.73,24701.73,24729.73
1784590200000,24728.73,24734.73,24722.73,24725.73
1784591100000,24724.73,24733.73,24698.88,24709.45
1784592000000,24712.45,24712.45,24668.45,24698.45
1784592900000,24699.45,24721.15,24674.65,24713.050000000003
1784593800000,24712.65,24743.15,24709.15,24732.15
1784594700000,24734.15,24750.15,24728.65,24732.15
1784595600000,24723.65,24778.15,24717.15,24775.15
1784596500000,24778.15,24792.15,24759.15,24768.65
1784597400000,24770.65,24787.65,24748.65,24750.65
1784598300000,24750.15,24764.65,24740.65,24746.65
1784599200000,24748.65,24777.15,24744.15,24748.65
1784600100000,24748.15,24773.550000000003,24736.15,24767.15
1784601000000,24767.65,24788.550000000003,24767.15,24779.15
1784601900000,24779.15,24788.550000000003,24773.65,24786.65
1784602800000,24789.95,24797.550000000003,24785.65,24795.65
1784603700000,24794.65,24808.95,24792.15,24805.65
1784604600000,24807.15,24828.15,24801.65,24820.65
1784605500000,24821.65,24837.15,24817.65,24823.15
1784606400000,24822.65,24828.65,24818.15,24819.15
1784607300000,24818.65,24828.65,24815.65,24825.550000000003
1784608200000,24825.65,24834.15,24821.65,24831.65
1784609100000,24830.65,24841.15,24823.65,24828.65
1784610000000,24829.65,24831.15,24809.65,24809.65
1784610900000,24809.65,24829.15,24798.15,24829.15
1784611800000,24829.65,24853.550000000003,24820.65,24850.15
1784612700000,24849.15,24873.15,24843.15,24864.65
1784613600000,24864.149999999998,24880.75,24849.35,24858.75
1784614500000,24858.35,24864.75,24835.75,24847.35
1784615400000,24848.35,24873.75,24848.35,24860.75
1784616300000,24861.75,24878.25,24840.75,24875.25
1784617200000,24874.25,24944.25,24862.25,24885.25
1784618100000,24887.25,24915.25,24851.25,24863.25
1784619000000,24864.25,24896.25,24829.25,24867.25
1784619900000,24866.25,24889.25,24850.25,24883.25
1784620800000,24885.25,24885.25,24844.25,24876.25
1784621700000,24875.25,24896.25,24859.25,24868.25
1784622600000,24870.25,24915.25,24861.25,24915.25
1784623500000,24914.25,24914.25,24885.25,24891.85
1784624400000,24891.449999999997,24941.25,24889.85,24935.25
1784625300000,24937.25,24960.25,24918.25,24923.25
1784626200000,24922.25,24959.25,24919.25,24939.25
1784627100000,24938.25,24964.25,24928.25,24938.25
1784628000000,24939.25,24999.25,24938.25,24959.25
1784628900000,24960.25,24979.25,24950.25,24963.25
1784629800000,24964.25,24988.25,24954.25,24969.25
1784630700000,24968.25,24971.25,24939.25,24941.25
1784631600000,24944.25,24947.25,24887.25,24895.25
1784632500000,24896.25,24902.25,24872.25,24895.25
1784633400000,24896.25,24919.25,24888.25,24900.25
1784634300000,24899.25,24910.25,24889.25,24904.25
1784635200000,24905.25,24916.25,24899.25,24909.25
1784636100000,24910.25,24914.25,24849.25,24852.25
1784637000000,24851.25,24890.25,24834.25,24860.25
1784637900000,24861.25,24909.25,24856.25,24902.25
1784638800000,24903.25,24904.25,24873.25,24879.25
1784639700000,24878.25,24891.25,24854.25,24871.25
1784640600000,24872.25,24912.25,24820.25,24830.25
1784641500000,24828.25,24856.25,24822.25,24837.25
1784642400000,24838.25,24908.25,24836.25,24902.25
1784643300000,24903.25,24942.25,24891.25,24929.25
1784644200000,24930.25,24959.25,24930.25,24951.25
1784645100000,24953.25,24979.25,24950.25,24970.25
1784646000000,24971.25,24985.25,24950.25,24975.25
1784646900000,24976.25,25014.25,24975.25,24998.25
1784647800000,24997.25,25045.25,24995.25,25030.25
1784648700000,25031.25,25049.25,25023.25,25041.25
1784649600000,25042.25,25059.25,25040.25,25054.25
1784650500000,25055.25,25062.25,25047.25,25056.25
1784651400000,25057.25,25058.25,25047.25,25052.25
1784652300000,25051.25,25068.25,25047.25,25051.25
1784653200000,25052.25,25059.25,25047.25,25052.25
1784654100000,25053.25,25054.25,25040.25,25043.25
1784655000000,25042.25,25058.25,25042.25,25051.25
1784655900000,25052.25,25055.25,25043.25,25046.25
1784656800000,25045.25,25056.25,25045.25,25049.25
1784657700000,25050.25,25060.25,25047.25,25059.25
1784658600000,25060.25,25068.25,25053.25,25066.25
1784659500000,25065.25,25068.25,25058.25,25063.25
1784660400000,25062.25,25065.25,25051.25,25061.25
1784661300000,25060.25,25066.25,25059.25,25064.25
1784662200000,25059.25,25071.25,25054.25,25064.25
1784663100000,25061.25,25084.25,25054.25,25073.35
1784664000000,25072.350000000002,25079.45,25057.45,25070.600000000002
1784664900000,25069.6,25069.6,25057.32,25061.04
1784665800000,25060.04,25070.04,25060.04,25064.04
1784666700000,25065.04,25066.04,25057.04,25065.04
1784671200000,25069.95,25073.100000000002,25055.95,25073.100000000002
1784672100000,25072.100000000002,25076.100000000002,25057.95,25063.100000000002
1784673000000,25062.1,25067.949999999997,25058.67,25061.949999999997
1784673900000,25060.95,25065.93,25055.93,25065.93
1784674800000,25064.93,25071.93,25058.49,25060.49
1784675700000,25061.49,25070.49,25054.49,25066.95
1784676600000,25065.95,25070.95,25053.95,25056.95
1784677500000,25055.95,25070.95,25054.95,25067.95
1784678400000,25063.95,25079.96,25057.95,25072.96
1784679300000,25073.96,25092.649999999998,25054.55,25074.649999999998
1784680200000,25074.15,25084.550000000003,25072.15,25084.550000000003
1784681100000,25084.15,25092.65,25071.65,25091.15
1784682000000,25090.65,25098.550000000003,25074.15,25079.15
1784682900000,25080.65,25094.65,25078.65,25082.65
1784683800000,25086.65,25087.15,25070.15,25079.65
1784684700000,25079.15,25110.95,25079.15,25096.65
1784685600000,25094.65,25095.65,25075.65,25083.65
1784686500000,25081.65,25094.15,25078.65,25088.65
1784687400000,25089.65,25092.15,25070.65,25075.15
1784688300000,25075.65,25082.15,25072.15,25077.65
1784689200000,25078.149999999998,25083.149999999998,25057.55,25058.55
1784690100000,25057.65,25092.65,25057.65,25084.65
1784691000000,25085.65,25094.15,25054.15,25059.15
1784691900000,25058.65,25073.65,25047.65,25058.65
1784692800000,25057.15,25073.15,25056.15,25060.15
1784693700000,25060.65,25069.65,25057.15,25061.65
1784694600000,25061.15,25083.65,25053.15,25080.65
1784695500000,25078.65,25080.65,25057.65,25070.65
1784696400000,25068.65,25068.65,25049.65,25056.15
1784697300000,25056.65,25068.65,25054.15,25057.65
1784698200000,25058.15,25062.65,25047.15,25050.15
1784699100000,25050.65,25068.15,25045.15,25056.65
1784700000000,25054.649999999998,25078.75,25047.55,25070.35
1784700900000,25070.75,25070.75,25009.35,25017.75
1784701800000,25016.35,25021.75,24996.75,25003.75
1784702700000,25002.75,25002.75,24959.75,24975.75
1784703600000,24980.75,25043.75,24980.75,25007.75
1784704500000,25008.75,25091.75,25001.75,25073.75
1784705400000,25072.75,25076.75,24997.75,25018.75
1784706300000,25016.75,25073.75,25014.75,25072.75
1784707200000,25073.75,25159.75,25066.75,25121.75
1784708100000,25122.75,25167.75,25115.75,25159.75
1784709000000,25158.75,25197.75,25145.75,25152.75
1784709900000,25151.75,25182.75,25151.75,25179.75
1784710800000,25180.75,25223.75,25173.75,25212.75
1784711700000,25211.75,25248.75,25204.75,25206.75
1784712600000,25205.75,25206.75,25128.75,25131.75
1784713500000,25130.75,25174.75,25121.75,25174.75
1784714400000,25173.75,25210.75,25171.75,25193.75
1784715300000,25194.75,25277.75,25193.75,25260.75
1784716200000,25259.75,25262.75,25145.75,25153.75
1784717100000,25152.75,25175.75,25135.75,25140.25
1784718000000,25139.75,25144.25,25078.75,25094.75
1784718900000,25093.75,25102.75,25066.25,25088.75
1784719800000,25089.25,25114.25,25052.25,25082.75
1784720700000,25081.25,25107.75,25060.25,25064.25
1784721600000,25064.75,25100.25,25055.25,25099.25
1784722500000,25098.25,25133.25,25084.25,25131.25
1784723400000,25130.75,25177.25,25127.25,25173.75
1784724300000,25174.25,25185.25,25101.95,25146.75
1784725200000,25149.25,25193.75,25147.75,25177.25
1784726100000,25176.25,25209.25,25172.75,25203.25
1784727000000,25203.75,25219.25,25128.25,25156.25
1784727900000,25158.25,25219.75,25158.25,25202.75
1784728800000,25202.25,25206.25,25172.75,25183.75
1784729700000,25184.25,25185.25,25155.75,25175.75
1784730600000,25176.75,25186.75,25157.75,25157.75
1784731500000,25158.75,25184.75,25147.75,25176.75
1784732400000,25177.75,25196.75,25165.75,25170.75
1784733300000,25169.75,25190.75,25161.75,25180.75
1784734200000,25179.75,25209.75,25162.75,25205.75
1784735100000,25206.75,25214.75,25188.75,25206.75
1784736000000,25207.75,25210.75,25201.75,25207.75
1784736900000,25206.75,25207.75,25172.75,25183.75
1784737800000,25184.75,25199.75,25178.75,25193.75
1784738700000,25194.75,25209.75,25189.75,25207.75
1784739600000,25206.75,25211.75,25199.75,25201.75
1784740500000,25200.75,25210.75,25185.75,25190.75
1784741400000,25189.75,25201.75,25188.75,25190.75
1784742300000,25189.75,25192.75,25174.75,25176.75
1784743200000,25177.75,25179.75,25159.75,25159.75
1784744100000,25158.75,25164.75,25142.75,25154.75
1784745000000,25153.75,25157.75,25143.75,25154.75
1784745900000,25155.75,25167.75,25153.75,25157.75
1784746800000,25156.75,25157.75,25142.75,25142.75
1784747700000,25141.75,25155.75,25141.75,25153.75
1784748600000,25152.75,25153.75,25140.75,25148.75
1784749500000,25150.75,25161.75,25140.75,25152.85
1784750400000,25153.850000000002,25191.95,25139.95,25191.95
1784751300000,25192.95,25195.09,25176.09,25182.09
1784752200000,25181.09,25183.09,25167.09,25170.09
1784753100000,25169.09,25180.09,25161.09,25164.09
1784757600000,25145.45,25152.45,25118.45,25126.45
1784758500000,25127.45,25130.45,25117.45,25119.45
1784759400000,25120.45,25121.45,25101.45,25104.45
1784760300000,25103.45,25122.45,25101.45,25117.45
1784761200000,25118.449999999997,25118.449999999997,25103.17,25114.17
1784762100000,25113.170000000002,25114.600000000002,25103.45,25109.45
1784763000000,25110.45,25122.02,25110.45,25120.31
1784763900000,25119.31,25138.45,25119.31,25138.45
1784764800000,25132.45,25148.02,25128.45,25135.88
1784765700000,25134.88,25214.05,25134.88,25185.15
1784766600000,25184.65,25211.15,25178.65,25210.15
1784767500000,25209.15,25218.15,25203.65,25207.15
1784768400000,25208.65,25221.050000000003,25200.65,25211.65
1784769300000,25216.15,25218.15,25203.15,25204.050000000003
1784770200000,25205.050000000003,25207.65,25183.15,25183.15
1784771100000,25183.65,25193.65,25169.65,25177.15
1784772000000,25175.15,25186.15,25167.15,25167.15
1784772900000,25168.15,25170.65,25146.15,25147.15
1784773800000,25146.65,25164.050000000003,25141.65,25148.15
1784774700000,25148.15,25159.15,25145.15,25156.15
1784775600000,25158.15,25160.65,25123.65,25134.15
1784776500000,25132.65,25140.65,25125.65,25139.15
1784777400000,25140.65,25165.15,25131.65,25165.15
1784778300000,25163.15,25169.45,25154.65,25160.15
1784779200000,25159.149999999998,25161.149999999998,25135.05,25154.649999999998
1784780100000,25157.15,25166.15,25145.65,25158.65
1784781000000,25162.15,25163.15,25143.15,25144.15
1784781900000,25143.65,25149.65,25107.15,25115.15
1784782800000,25116.15,25123.65,25102.65,25120.15
1784783700000,25120.649999999998,25128.45,25097.05,25123.05
1784784600000,25124.050000000003,25134.65,25090.65,25094.15
1784785500000,25096.65,25097.050000000003,25040.15,25043.15
1784786400000,25042.65,25082.25,25039.15,25074.25
1784787300000,25073.85,25085.25,25066.85,25075.85
1784788200000,25076.25,25076.25,25035.25,25035.25
1784789100000,25036.25,25058.25,25014.25,25025.25
1784790000000,25024.25,25026.25,24901.25,24943.25
1784790900000,24942.25,24980.25,24925.25,24967.25
1784791800000,24968.25,24973.25,24936.25,24961.25
1784792700000,24960.25,24999.25,24926.25,24986.25
1784793600000,24992.25,25043.25,24967.25,25005.25
1784794500000,25004.25,25066.25,25001.25,25056.25
1784795400000,25054.25,25073.25,25011.25,25012.25
1784796300000,25011.25,25035.25,25001.25,25034.25
1784797200000,25033.25,25077.25,25026.16,25043.25
1784798100000,25042.25,25051.25,24996.25,25004.25
1784799000000,25005.25,25017.25,24983.25,25011.25
1784799900000,25012.25,25028.25,24984.25,24995.25
1784800800000,24996.25,25006.25,24966.25,24970.25
1784801700000,24971.25,25002.25,24964.25,24986.25
1784802600000,24987.25,25025.25,24984.25,25006.25
1784803500000,25005.25,25052.25,25002.25,25028.25
1784804400000,25029.25,25032.25,24987.25,24993.25
1784805300000,24992.25,25004.25,24963.25,24972.25
1784806200000,24971.25,24978.25,24934.25,24948.25
1784807100000,24950.25,25029.85,24943.25,25000.25
1784808000000,25001.25,25004.25,24961.25,24963.45
1784808900000,24966.45,24988.95,24926.45,24949.25
1784809800000,24948.25,24948.25,24860.25,24874.25
1784810700000,24873.25,24880.25,24837.25,24847.25
1784811600000,24846.25,24854.25,24776.25,24808.25
1784812500000,24807.25,24808.25,24749.25,24758.25
1784813400000,24760.25,24877.25,24754.25,24853.25
1784814300000,24854.25,24880.25,24821.25,24822.85
1784815200000,24823.95,24865.25,24790.25,24847.25
1784816100000,24846.25,24863.25,24817.25,24848.25
1784817000000,24847.25,24855.25,24784.25,24787.25
1784817900000,24785.25,24799.25,24748.25,24791.25
1784818800000,24792.25,24798.25,24741.25,24751.25
1784819700000,24750.25,24764.25,24697.25,24708.25
1784820600000,24707.25,24787.25,24694.25,24768.25
1784821500000,24769.25,24784.25,24764.25,24784.25
1784822400000,24785.25,24803.25,24781.25,24802.25
1784823300000,24803.25,24839.25,24803.25,24832.25
1784824200000,24833.25,24833.25,24804.25,24805.25
1784825100000,24803.25,24803.25,24778.25,24793.25
1784826000000,24792.25,24793.25,24762.25,24788.25
1784826900000,24787.25,24803.25,24785.25,24785.25
1784827800000,24784.25,24790.25,24770.25,24775.25
1784828700000,24776.25,24787.25,24758.25,24758.25
1784829600000,24757.25,24761.25,24738.25,24742.25
1784830500000,24743.25,24768.25,24740.25,24767.25
1784831400000,24766.25,24768.25,24747.25,24754.25
1784832300000,24755.25,24765.25,24743.25,24754.25
1784833200000,24755.25,24763.25,24740.25,24743.25
1784834100000,24742.25,24766.25,24742.25,24759.25
1784835000000,24758.25,24768.25,24730.25,24730.25
1784835900000,24731.25,24754.25,24717.25,24745.35
1784836800000,24742.35,24803.019999999997,24742.35,24795.969999999998
1784837700000,24796.97,24810.7,24792.97,24799.13
1784838600000,24800.13,24807.13,24788.99,24792.99
1784839500000,24791.989999999998,24800.55,24787.55,24798.55
1784844000000,24786.45,24791.45,24756.45,24762.45
1784844900000,24763.45,24779.46,24756.46,24769.46
1784845800000,24770.46,24782.04,24769.04,24777.04
1784846700000,24776.04,24790.02,24776.04,24787.45
1784847600000,24786.449999999997,24789.449999999997,24768.17,24773.17
1784848500000,24772.17,24779.17,24769.17,24776.17
1784849400000,24775.17,24778.32,24759.32,24773.32
1784850300000,24774.32,24785.45,24763.45,24781.45
1784851200000,24783.45,24794.46,24757.45,24767.45
1784852100000,24768.45,24770.149999999998,24730.05,24745.649999999998
1784853000000,24747.149999999998,24765.149999999998,24728.05,24762.649999999998
1784853900000,24760.149999999998,24775.149999999998,24741.05,24764.649999999998
1784854800000,24765.149999999998,24787.05,24752.05,24754.149999999998
1784855700000,24753.65,24784.65,24752.65,24767.050000000003
1784856600000,24768.45,24782.15,24756.65,24773.65
1784857500000,24774.15,24780.65,24740.15,24754.15
1784858400000,24752.65,24767.65,24739.65,24761.15
1784859300000,24757.15,24766.050000000003,24743.65,24756.65
1784860200000,24757.149999999998,24757.149999999998,24725.05,24726.649999999998
1784861100000,24726.65,24728.65,24701.15,24703.15
1784862000000,24703.65,24717.65,24697.15,24714.15
1784862900000,24713.15,24735.050000000003,24713.15,24728.65
1784863800000,24728.15,24733.65,24706.65,24722.15
1784864700000,24720.15,24733.65,24708.65,24711.15
1784865600000,24710.649999999998,24723.649999999998,24700.05,24703.149999999998
1784866500000,24702.65,24738.15,24699.65,24729.15
1784867400000,24728.65,24732.65,24698.65,24708.65
1784868300000,24710.15,24743.45,24702.65,24738.15
1784869200000,24739.15,24763.15,24727.15,24761.15
1784870100000,24759.15,24778.050000000003,24749.65,24768.15
1784871000000,24766.15,24776.95,24752.65,24774.15
1784871900000,24772.15,24791.65,24757.45,24758.15
1784872800000,24757.149999999998,24769.25,24731.85,24753.25
1784873700000,24754.25,24788.25,24742.25,24747.25
1784874600000,24748.25,24769.25,24738.85,24743.25
1784875500000,24744.25,24758.25,24712.25,24744.25
1784876400000,24745.25,24900.25,24735.25,24898.25
1784877300000,24898.95,24950.25,24876.45,24916.25
1784878200000,24914.85,24924.25,24884.25,24900.25
1784879100000,24899.25,24917.25,24879.25,24891.25
1784880000000,24884.85,24902.25,24861.25,24896.25
1784880900000,24897.25,24944.25,24887.25,24941.25
1784881800000,24934.45,24974.25,24934.45,24945.25
1784882700000,24944.25,24969.25,24935.25,24946.25
1784883600000,24945.25,24984.25,24934.25,24969.25
1784884500000,24968.25,24987.25,24955.25,24973.25
1784885400000,24972.25,25008.25,24966.25,24989.25
1784886300000,24990.25,25008.25,24989.25,24995.25
1784887200000,24996.25,25000.25,24957.25,24966.25
1784888100000,24965.25,24969.25,24944.25,24967.25
1784889000000,24968.25,24983.25,24950.25,24967.25
1784889900000,24969.25,24980.25,24961.25,24963.25
1784890800000,24962.25,24987.25,24940.25,24953.25
1784891700000,24951.85,24955.25,24926.25,24941.25
1784892600000,24940.25,24951.25,24918.25,24929.25
1784893500000,24931.25,24987.25,24918.25,24969.25
1784894400000,24971.25,24987.25,24940.25,24981.25
1784895300000,24979.25,24990.25,24934.25,24956.25
1784896200000,24955.25,24970.25,24936.25,24938.25
1784897100000,24939.25,24945.25,24907.25,24915.25
1784898000000,24914.25,24942.25,24914.25,24930.25
1784898900000,24931.25,24975.25,24927.25,24967.25
1784899800000,24966.25,24993.25,24946.25,24952.25
1784900700000,24948.95,24999.25,24943.95,24955.25
1784901600000,24954.25,25003.25,24945.25,24997.25
1784902500000,24995.25,25001.25,24968.25,24970.25
1784903400000,24971.25,24993.25,24956.25,24962.25
1784904300000,24960.25,25004.25,24939.25,24999.25
1784905200000,25000.25,25059.25,24982.25,25053.25
1784906100000,25051.25,25100.25,25047.25,25093.25
1784907000000,25091.25,25138.25,25083.25,25119.25
1784907900000,25118.25,25122.25,25097.25,25114.25
1784908800000,25115.25,25131.25,25112.25,25117.25
1784909700000,25116.25,25128.25,25111.25,25118.25
1784910600000,25119.25,25120.25,25093.25,25098.25
1784911500000,25099.25,25113.25,25084.25,25110.25
1784912400000,25111.25,25115.25,25063.25,25081.25
1784913300000,25080.25,25123.25,25077.25,25123.25
1784914200000,25122.25,25126.25,25094.25,25095.25
1784915100000,25094.25,25105.25,25091.25,25092.25
1784916000000,25091.25,25100.25,25084.25,25087.25
1784916900000,25086.25,25091.25,25066.25,25069.25
1784917800000,25068.25,25070.25,25041.25,25047.25
1784918700000,25048.25,25070.25,25045.25,25062.25
1784919600000,25063.25,25071.25,25037.25,25037.25
1784920500000,25038.25,25051.25,25026.25,25039.25
1784921400000,25041.25,25070.25,25040.25,25070.25
1784922300000,25071.25,25079.25,25060.25,25078.35
1784923200000,25079.35,25081.44,25055.43,25065.56
1784924100000,25066.56,25083.56,25063.45,25063.45
1784925000000,25064.45,25065.46,25048.45,25064.46
1784925900000,25065.46,25074.46,25057.46,25065.45
1785103200000,25284.95,25301,25258.95,25275.95
1785104100000,25276.95,25282.95,25263.95,25271.510000000002
1785105000000,25272.51,25285.51,25268.51,25273.44
1785105900000,25272.440000000002,25279.15,25262.95,25265.95
1785106800000,25266.95,25297.95,25263.95,25296.95
1785107700000,25298.95,25301.95,25289.95,25295.95
1785108600000,25294.95,25324.95,25294.95,25319.95
1785109500000,25318.95,25350.95,25308.95,25348.95
1785110400000,25347.95,25356.96,25299.52,25319.95
1785111300000,25320.95,25320.95,25195.15,25224.65
1785112200000,25223.65,25238.15,25219.65,25227.65
1785113100000,25228.15,25234.65,25205.15,25208.65
1785114000000,25206.15,25221.65,25193.65,25202.15
1785114900000,25205.65,25213.15,25181.65,25192.65
1785115800000,25194.65,25241.65,25194.15,25228.15
1785116700000,25221.550000000003,25252.45,25220.65,25244.65
1785117600000,25244.149999999998,25259.149999999998,25237.55,25258.649999999998
1785118500000,25259.15,25265.65,25242.15,25254.15
1785119400000,25253.649999999998,25268.649999999998,25237.55,25256.649999999998
1785120300000,25256.649999999998,25267.649999999998,25247.55,25259.649999999998
1785121200000,25260.65,25295.65,25260.15,25294.65
1785122100000,25295.649999999998,25303.55,25282.55,25289.149999999998
1785123000000,25284.65,25288.15,25266.15,25275.65
1785123900000,25276.65,25277.65,25253.65,25263.15
1785124800000,25263.15,25289.65,25263.15,25274.15
1785125700000,25275.65,25298.65,25265.15,25278.65
1785126600000,25279.15,25316.65,25275.15,25311.15
1785127500000,25311.65,25341.15,25311.15,25321.65
1785128400000,25323.65,25369.15,25315.15,25358.65
1785129300000,25359.65,25362.65,25351.65,25357.65
1785130200000,25364.65,25376.65,25357.15,25362.65
1785131100000,25359.15,25369.550000000003,25352.65,25357.65
1785132000000,25362.149999999998,25405.75,25360.55,25398.75
1785132900000,25397.35,25414.75,25389.75,25396.75
1785133800000,25398.75,25424.75,25390.75,25406.75
1785134700000,25406.35,25453.75,25403.75,25441.75
1785135600000,25446.75,25485.75,25401.75,25448.75
1785136500000,25450.75,25465.75,25400.75,25409.75
1785137400000,25411.75,25451.75,25389.75,25434.75
1785138300000,25435.75,25461.75,25390.75,25391.75
1785139200000,25392.35,25422.75,25370.75,25422.75
1785140100000,25421.75,25458.75,25405.75,25456.75
1785141000000,25455.75,25499.75,25440.75,25499.75
1785141900000,25500.75,25513.75,25487.75,25512.75
1785142800000,25513.75,25513.75,25479.75,25487.75
1785143700000,25488.75,25515.75,25480.75,25493.75
1785144600000,25494.75,25502.75,25468.75,25479.75
1785145500000,25478.75,25507.75,25471.75,25483.75
1785146400000,25481.75,25495.75,25463.35,25492.75
1785147300000,25493.75,25519.75,25490.75,25519.75
1785148200000,25520.75,25527.75,25504.75,25512.75
1785149100000,25513.75,25535.75,25510.75,25513.75
1785150000000,25512.75,25534.75,25509.75,25524.75
1785150900000,25523.75,25534.75,25506.75,25507.75
1785151800000,25508.75,25544.75,25507.75,25536.75
1785152700000,25537.75,25547.75,25529.75,25529.75
1785153600000,25528.75,25547.75,25497.75,25498.75
1785154500000,25499.75,25512.75,25487.75,25505.75
1785155400000,25505.35,25532.75,25493.75,25513.75
1785156300000,25512.75,25516.75,25489.75,25516.75
1785157200000,25517.75,25523.75,25484.75,25515.75
1785158100000,25516.75,25524.75,25500.75,25500.75
1785159000000,25501.75,25548.75,25477.75,25518.75
1785159900000,25519.75,25568.75,25479.75,25481.75
1785160800000,25482.75,25513.75,25453.75,25469.75
1785161700000,25470.75,25487.75,25438.75,25438.75
1785162600000,25439.75,25448.75,25401.75,25414.75
1785163500000,25415.75,25482.75,25414.75,25480.75
1785164400000,25482.75,25482.75,25428.75,25453.75
1785165300000,25451.75,25464.75,25421.75,25434.75
1785166200000,25433.75,25435.75,25366.75,25393.75
1785167100000,25392.75,25412.75,25386.75,25402.75
1785168000000,25403.75,25423.75,25395.75,25403.75
1785168900000,25404.75,25473.75,25395.75,25461.75
1785169800000,25459.75,25473.75,25440.75,25446.75
1785170700000,25447.75,25450.75,25399.75,25403.75
1785171600000,25404.75,25406.75,25383.75,25399.75
1785172500000,25398.75,25419.75,25393.75,25411.75
1785173400000,25410.75,25433.75,25410.75,25429.75
1785174300000,25430.75,25445.75,25422.75,25444.75
1785175200000,25445.75,25445.75,25433.75,25438.75
1785176100000,25437.75,25439.75,25422.75,25437.75
1785177000000,25436.75,25453.75,25419.75,25441.95
1785177900000,25442.35,25473.75,25440.75,25473.75
1785178800000,25472.75,25484.75,25458.75,25473.75
1785179700000,25474.75,25482.75,25466.75,25474.75
1785180600000,25475.75,25489.75,25472.75,25476.75
1785181500000,25475.75,25482.85,25463.75,25480.85
1785182400000,25481.850000000002,25491.95,25459.95,25469.95
1785183300000,25470.95,25473.95,25462.95,25473.95
1785184200000,25472.95,25495.95,25470.95,25482.95
1785185100000,25483.95,25483.95,25472.95,25482.95
1785189600000,25485.45,25495.45,25461.45,25463.45
1785190500000,25464.449999999997,25468.449999999997,25452.17,25455.6
1785191400000,25453.45,25466.45,25453.45,25455.45
1785192300000,25456.45,25460.45,25450.45,25452.45
1785193200000,25451.45,25466.45,25438.45,25453.73
1785194100000,25452.73,25468.86,25446.73,25467.86
1785195000000,25466.86,25469.45,25457.45,25459.45
1785195900000,25458.45,25475.58,25447.45,25469.73
1785196800000,25470.73,25480.88,25428.16,25442.89
1785197700000,25443.890000000003,25452.350000000002,25415.65,25423.15
1785198600000,25422.649999999998,25441.149999999998,25400.05,25425.649999999998
1785199500000,25425.649999999998,25427.149999999998,25403.05,25407.149999999998
1785200400000,25406.65,25417.65,25385.15,25387.65
1785201300000,25387.15,25427.65,25381.65,25420.050000000003
1785202200000,25418.050000000003,25427.65,25408.65,25418.15
1785203100000,25424.649999999998,25434.149999999998,25382.05,25394.149999999998
1785204000000,25395.65,25400.15,25381.65,25389.65
1785204900000,25389.15,25419.25,25385.65,25396.15
1785205800000,25395.15,25414.65,25384.15,25392.65
1785206700000,25393.15,25418.15,25389.65,25406.15
1785207600000,25405.649999999998,25408.55,25382.55,25405.149999999998
1785208500000,25398.55,25444.85,25398.55,25415.649999999998
1785209400000,25417.65,25486.65,25403.15,25479.65
1785210300000,25479.15,25504.65,25469.65,25496.25
1785211200000,25489.65,25496.25,25455.65,25455.65
1785212100000,25456.050000000003,25483.75,25452.65,25464.15
1785213000000,25462.15,25473.75,25454.65,25458.050000000003
1785213900000,25455.050000000003,25471.050000000003,25431.65,25441.050000000003
1785214800000,25441.050000000003,25458.75,25433.65,25449.75
1785215700000,25449.15,25457.350000000002,25449.15,25451.75
1785216600000,25452.75,25452.75,25398.15,25403.15
1785217500000,25402.75,25428.75,25402.75,25417.75
1785218400000,25420.75,25447.949999999997,25409.35,25414.75
1785219300000,25415.75,25453.75,25414.35,25442.75
1785220200000,25443.75,25459.75,25424.75,25455.75
1785221100000,25455.35,25491.75,25450.35,25468.75
1785222000000,25470.75,25524.75,25445.75,25493.75
1785222900000,25494.75,25565.75,25492.75,25525.75
1785223800000,25523.75,25536.75,25493.75,25495.75
1785224700000,25494.75,25508.75,25480.66,25482.75
1785225600000,25483.75,25510.75,25458.75,25460.75
1785226500000,25461.75,25487.75,25439.75,25467.75
1785227400000,25469.75,25511.75,25440.75,25506.75
1785228300000,25507.75,25525.75,25485.75,25503.75
1785229200000,25501.75,25521.75,25491.75,25510.75
1785230100000,25511.75,25541.75,25507.75,25541.75
1785231000000,25540.75,25547.75,25522.75,25528.75
1785231900000,25529.75,25544.75,25519.75,25520.75
1785232800000,25521.75,25532.75,25491.75,25507.75
1785233700000,25509.75,25513.75,25463.75,25482.75
1785234600000,25483.75,25483.75,25437.75,25454.75
1785235500000,25455.75,25472.75,25438.75,25459.75
1785236400000,25457.75,25461.75,25410.75,25421.75
1785237300000,25419.75,25454.75,25395.66,25395.75
1785238200000,25394.75,25415.75,25360.75,25378.75
1785239100000,25376.75,25412.75,25375.75,25410.75
1785240000000,25411.75,25437.25,25399.25,25402.85
1785240900000,25403.85,25408.25,25381.25,25388.25
1785241800000,25388.85,25398.25,25361.25,25364.25
1785242700000,25366.25,25373.25,25345.25,25351.85
1785243600000,25353.25,25354.25,25318.25,25329.25
1785244500000,25330.25,25344.25,25315.25,25333.25
1785245400000,25334.25,25383.25,25327.25,25375.25
1785246300000,25374.25,25388.25,25343.25,25362.25
1785247200000,25359.85,25415.25,25358.25,25401.25
1785248100000,25400.25,25422.25,25391.25,25420.25
1785249000000,25418.25,25427.25,25393.25,25409.25
1785249900000,25408.25,25432.25,25388.25,25404.25
1785250800000,25403.25,25460.25,25377.25,25453.25
1785251700000,25452.25,25522.25,25452.25,25508.25
1785252600000,25507.25,25520.25,25481.25,25511.25
1785253500000,25510.25,25522.25,25501.25,25513.25
1785254400000,25514.25,25521.25,25505.25,25514.25
1785255300000,25515.25,25521.25,25502.25,25504.25
1785256200000,25503.25,25527.25,25494.25,25522.25
1785257100000,25521.25,25560.25,25509.25,25548.25
1785258000000,25547.25,25559.25,25527.25,25532.25
1785258900000,25533.25,25551.25,25523.25,25525.25
1785259800000,25524.25,25539.25,25515.25,25517.25
1785260700000,25516.25,25527.25,25513.25,25523.25
1785261600000,25524.25,25532.25,25509.25,25509.25
1785262500000,25507.25,25515.25,25506.25,25512.25
1785263400000,25510.25,25524.25,25510.25,25518.25
1785264300000,25519.25,25530.25,25517.25,25527.25
1785265200000,25526.25,25540.25,25526.25,25529.25
1785266100000,25530.25,25539.25,25526.25,25536.25
1785267000000,25535.25,25536.25,25516.25,25524.25
1785267900000,25523.25,25528.25,25511.35,25513.35
1785268800000,25513.350000000002,25525.45,25487.45,25513.45
1785269700000,25514.45,25540.45,25505.45,25533.45
1785270600000,25532.45,25536.45,25509.48,25514.48
1785271500000,25513.48,25525.45,25508.12,25522.45
1785276000000,25528.05,25548.05,25516.05,25523.05
1785276900000,25522.05,25527.05,25481.19,25499.19
1785277800000,25497.19,25501.19,25454.91,25468.91
1785278700000,25467.91,25477.04,25454.04,25454.75
1785279600000,25455.75,25506.05,25446.19,25498.05
1785280500000,25499.05,25524.05,25485.77,25517.33
1785281400000,25516.33,25563.050000000003,25513.33,25560.050000000003
1785282300000,25559.05,25610.93,25548.05,25604.05
1785283200000,25603.05,25618.329999999998,25593.05,25604.05
1785284100000,25603.05,25603.05,25516.25,25529.25
1785285000000,25529.05,25529.75,25499.25,25501.25
1785285900000,25500.65,25501.75,25478.75,25481.75
1785286800000,25481.75,25484.75,25416.65,25422.75
1785287700000,25423.75,25456.75,25417.75,25438.75
1785288600000,25440.25,25446.25,25402.25,25409.25
1785289500000,25410.25,25412.75,25371.75,25371.75
1785290400000,25371.25,25385.75,25362.25,25379.25
1785291300000,25379.25,25388.75,25361.75,25381.25
1785292200000,25381.75,25396.15,25380.25,25386.25
1785293100000,25386.25,25394.75,25365.15,25369.15
1785294000000,25369.15,25400.65,25364.25,25375.25
1785294900000,25375.65,25386.75,25362.25,25364.65
1785295800000,25363.65,25366.25,25335.25,25343.75
1785296700000,25343.25,25358.25,25301.25,25313.25
1785297600000,25310.75,25315.75,25295.25,25297.75
1785298500000,25300.75,25332.75,25293.25,25319.75
1785299400000,25320.75,25330.75,25290.25,25290.25
1785300300000,25288.65,25340.75,25280.25,25337.75
1785301200000,25339.75,25382.05,25338.25,25375.25
1785302100000,25376.75,25396.25,25355.75,25395.65
1785303000000,25391.75,25426.05,25387.25,25409.75
1785303900000,25406.25,25414.25,25390.75,25397.75
1785304800000,25397.75,25435.85,25391.75,25422.85
1785305700000,25421.45,25449.850000000002,25421.45,25441.850000000002
1785306600000,25440.85,25481.85,25440.85,25480.85
1785307500000,25478.05,25501.850000000002,25467.45,25500.850000000002
1785308400000,25502.85,25573.85,25501.85,25554.85
1785309300000,25555.85,25558.85,25506.85,25535.85
1785310200000,25536.85,25550.85,25523.85,25529.85
1785311100000,25530.85,25541.85,25492.85,25493.85
1785312000000,25494.85,25497.649999999998,25432.85,25434.85
1785312900000,25436.85,25459.85,25366.85,25381.85
1785313800000,25382.85,25451.85,25377.85,25413.85
1785314700000,25414.85,25456.85,25408.85,25440.85
1785315600000,25439.85,25441.85,25392.85,25406.85
1785316500000,25407.85,25408.85,25353.05,25358.85
1785317400000,25359.85,25389.85,25347.85,25382.85
1785318300000,25383.85,25401.85,25370.85,25378.85
1785319200000,25379.85,25414.85,25362.85,25407.85
1785320100000,25408.85,25441.85,25407.85,25440.85
1785321000000,25441.85,25483.85,25426.85,25480.85
1785321900000,25479.85,25492.85,25441.85,25459.85
1785322800000,25460.85,25509.85,25445.85,25498.85
1785323700000,25499.85,25529.85,25489.85,25524.85
1785324600000,25525.85,25532.85,25504.85,25517.85
1785325500000,25518.85,25565.85,25515.85,25562.85
1785326400000,25561.85,25582.85,25535.85,25543.85
1785327300000,25544.85,25547.85,25448.85,25502.85
1785328200000,25501.85,25539.85,25487.85,25518.85
1785329100000,25519.85,25521.85,25486.85,25503.85
1785330000000,25505.85,25531.85,25487.85,25518.85
1785330900000,25517.85,25535.85,25493.85,25526.85
1785331800000,25524.85,25544.85,25494.85,25494.85
1785332700000,25493.85,25512.85,25460.85,25506.85
1785333600000,25507.85,25545.85,25491.85,25506.85
1785334500000,25508.85,25534.85,25470.85,25471.85
1785335400000,25469.85,25490.85,25440.85,25449.85
1785336300000,25448.85,25490.85,25445.85,25469.85
1785337200000,25471.85,25506.85,25457.85,25494.85
1785338100000,25493.85,25493.85,25451.85,25459.85
1785339000000,25462.85,25487.85,25427.85,25435.85
1785339900000,25436.85,25469.85,25429.85,25443.85
1785340800000,25442.85,25457.85,25413.85,25416.85
1785341700000,25415.850000000002,25452.850000000002,25411.45,25446.850000000002
1785342600000,25444.85,25456.85,25438.85,25444.85
1785343500000,25443.85,25482.85,25442.85,25482.85
1785344400000,25483.85,25518.85,25475.85,25518.85
1785345300000,25517.85,25518.85,25498.85,25501.85
1785346200000,25500.85,25517.85,25499.85,25504.85
1785347100000,25505.85,25515.85,25496.85,25499.05
1785348000000,25499.05,25589.85,25495.05,25530.85
1785348900000,25531.85,25544.85,25493.85,25521.85
1785349800000,25520.850000000002,25579.850000000002,25481.45,25573.850000000002
1785350700000,25573.449999999997,25596.85,25557.85,25566.85
1785351600000,25567.85,25580.85,25487.55,25519.85
1785352500000,25520.45,25545.45,25455.45,25484.850000000002
1785353400000,25486.850000000002,25506.850000000002,25405.45,25412.05
1785354300000,25414.85,25417.449999999997,25366.85,25385.949999999997
1785355200000,25385.95,25391.05,25325.05,25352.05
1785356100000,25353.05,25369.05,25322.05,25339.05
1785357000000,25340.05,25382.05,25324.05,25370.01
1785357900000,25371.01,25375.01,25353.01,25356.01
1785362400000,25346.65,25457.65,25346.65,25442.65
1785363300000,25441.65,25459.65,25431.65,25444.65
1785364200000,25445.65,25451.65,25435.65,25448.22
1785365100000,25449.22,25456.93,25428.65,25435.65
1785366000000,25436.65,25463.65,25435.65,25448.65
1785366900000,25449.65,25465.93,25445.65,25456.5
1785367800000,25455.5,25467.5,25447.21,25456.649999999998
1785368700000,25455.65,25468.65,25447.93,25457.93
1785369600000,25465.93,25479.34,25439.65,25472.65
1785370500000,25442.55,25480.649999999998,25439.55,25471.35
1785371400000,25471.35,25476.35,25414.35,25419.35
1785372300000,25418.35,25454.35,25417.35,25443.35
1785373200000,25443.25,25536.85,25443.25,25490.35
1785374100000,25486.35,25511.35,25481.85,25510.35
1785375000000,25509.85,25546.85,25509.35,25533.85
1785375900000,25533.85,25550.35,25525.35,25528.85
1785376800000,25528.35,25535.35,25505.85,25506.85
1785377700000,25507.25,25508.649999999998,25485.85,25490.35
1785378600000,25490.35,25490.35,25471.35,25488.85
1785379500000,25487.35,25491.25,25442.35,25442.85
1785380400000,25444.35,25464.35,25423.85,25436.35
1785381300000,25435.85,25438.35,25416.85,25428.85
1785382200000,25426.85,25460.35,25413.85,25438.85
1785383100000,25439.85,25456.35,25430.85,25432.35
1785384000000,25432.85,25434.35,25398.35,25398.85
1785384900000,25399.35,25429.35,25394.25,25425.35
1785385800000,25425.85,25433.35,25383.85,25385.85
1785386700000,25385.85,25409.35,25370.85,25374.35
1785387600000,25376.35,25387.35,25353.35,25378.35
1785388500000,25377.35,25410.35,25374.85,25392.85
1785389400000,25394.25,25420.35,25385.35,25412.85
1785390300000,25413.35,25429.85,25374.85,25402.35
1785391200000,25400.350000000002,25408.850000000002,25360.45,25368.45
1785392100000,25367.05,25388.45,25343.45,25375.45
1785393000000,25374.05,25376.45,25328.45,25329.45
1785393900000,25330.45,25358.65,25327.45,25356.65
1785394800000,25360.649999999998,25428.95,25335.55,25384.95
1785395700000,25386.95,25391.95,25308.95,25375.95
1785396600000,25377.95,25381.95,25301.95,25367.95
1785397500000,25366.95,25426.95,25363.95,25385.95
1785398400000,25386.55,25444.45,25362.45,25424.45
1785399300000,25423.45,25464.45,25401.45,25447.45
1785400200000,25448.45,25470.45,25426.45,25438.45
1785401100000,25439.45,25457.45,25415.45,25440.45
1785402000000,25440.65,25520.25,25438.45,25506.25
1785402900000,25507.25,25517.45,25492.45,25501.45
1785403800000,25502.45,25515.45,25470.45,25484.45
1785404700000,25485.45,25505.45,25422.45,25425.45
1785405600000,25426.45,25456.95,25406.95,25416.95
1785406500000,25417.95,25464.95,25414.95,25450.95
1785407400000,25449.95,25501.95,25447.95,25483.95
1785408300000,25480.95,25489.95,25447.15,25447.15
1785409200000,25447.15,25503.95,25440.15,25503.95
1785410100000,25502.95,25534.95,25495.95,25526.95
1785411000000,25527.95,25538.95,25499.45,25525.45
1785411900000,25524.45,25559.45,25516.45,25537.45
1785412800000,25535.65,25549.45,25516.45,25523.45
1785413700000,25524.45,25555.45,25508.65,25508.65
1785414600000,25507.65,25532.45,25489.45,25514.45
1785415500000,25516.45,25523.45,25492.45,25512.45
1785416400000,25511.45,25583.45,25511.45,25552.45
1785417300000,25551.45,25592.45,25523.45,25591.45
1785418200000,25594.45,25615.45,25516.45,25530.45
1785419100000,25529.45,25638.45,25529.45,25629.45
1785420000000,25628.45,25635.45,25589.45,25612.45
1785420900000,25611.45,25654.45,25595.45,25646.45
1785421800000,25647.45,25655.45,25630.45,25644.45
1785422700000,25643.45,25657.45,25597.45,25615.45
1785423600000,25614.45,25623.45,25570.45,25570.45
1785424500000,25571.45,25612.45,25566.45,25574.45
1785425400000,25575.45,25641.45,25568.45,25630.45
1785426300000,25631.45,25639.45,25616.45,25626.45
1785427200000,25625.45,25636.45,25617.45,25633.45
1785428100000,25634.45,25647.45,25628.45,25644.45
1785429000000,25643.45,25657.45,25633.45,25637.45
1785429900000,25636.45,25659.45,25636.45,25645.45
1785430800000,25646.45,25681.45,25646.45,25665.45
1785431700000,25666.45,25679.45,25664.45,25673.45
1785432600000,25674.45,25684.45,25659.45,25680.45
1785433500000,25681.45,25688.45,25671.45,25672.45
1785434400000,25673.45,25681.45,25665.45,25670.45
1785435300000,25669.45,25682.45,25665.45,25682.45
1785436200000,25681.45,25686.45,25675.45,25681.45
1785437100000,25682.45,25694.45,25680.45,25693.45
1785438000000,25694.45,25714.45,25694.45,25710.45
1785438900000,25709.45,25715.45,25698.45,25699.45
1785439800000,25697.45,25700.45,25684.45,25684.45
1785440700000,25683.45,25718.45,25679.45,25691.55
1785441600000,25690.550000000003,25739.65,25683.65,25725.65
1785442500000,25724.65,25737.65,25722.65,25732.65
1785443400000,25735.649999999998,25747.51,25702.44,25715.44
1785444300000,25714.440000000002,25717.440000000002,25697.65,25700.65
1785448800000,25696.25,25720.53,25689.25,25702.97
1785449700000,25701.97,25713.97,25694.68,25698.68
1785450600000,25697.68,25718.68,25692.4,25718.25
1785451500000,25717.25,25725.25,25716.25,25722.25
1785452400000,25723.25,25735.25,25717.25,25718.25
1785453300000,25719.25,25721.25,25711.25,25717.25
1785454200000,25716.25,25732.25,25715.25,25731.25
1785455100000,25730.25,25741.25,25724.82,25726.25
1785456000000,25727.25,25737.97,25720.25,25734.97
1785456900000,25735.97,25735.97,25679.45,25696.95
1785457800000,25698.95,25710.95,25679.45,25689.45
1785458700000,25686.95,25698.95,25672.45,25696.45
1785459600000,25698.45,25732.45,25695.95,25708.95
1785460500000,25709.45,25722.45,25692.45,25693.45
1785461400000,25693.95,25702.95,25674.95,25677.95
1785462300000,25675.95,25683.25,25663.95,25671.95
1785463200000,25669.45,25686.95,25660.45,25666.95
1785464100000,25663.850000000002,25667.95,25652.95,25662.95
1785465000000,25658.95,25673.95,25654.95,25668.45
1785465900000,25669.949999999997,25689.949999999997,25668.85,25689.949999999997
1785466800000,25688.95,25693.850000000002,25663.45,25670.95
1785467700000,25671.45,25706.25,25669.95,25697.95
1785468600000,25699.949999999997,25712.449999999997,25678.85,25690.449999999997
1785469500000,25687.95,25692.95,25668.45,25688.95
1785470400000,25691.45,25692.95,25674.45,25688.45
1785471300000,25688.95,25704.95,25685.45,25699.95
1785472200000,25700.45,25734.45,25699.45,25723.45
1785473100000,25728.95,25737.45,25722.45,25732.95
1785474000000,25733.95,25743.45,25726.45,25729.45
1785474900000,25729.95,25744.25,25728.95,25736.95
1785475800000,25737.95,25743.850000000002,25718.45,25724.95
1785476700000,25725.95,25738.45,25719.45,25737.850000000002
1785477600000,25737.95,25757.05,25735.05,25745.05
1785478500000,25746.05,25766.05,25740.05,25759.05
1785479400000,25757.65,25766.050000000003,25708.65,25708.75
1785480300000,25710.65,25733.050000000003,25700.65,25731.050000000003
1785481200000,25728.050000000003,25830.050000000003,25701.65,25812.050000000003
1785482100000,25811.05,25896.05,25786.05,25881.05
1785483000000,25882.05,25897.05,25853.05,25880.05
1785483900000,25881.05,25895.05,25854.05,25880.05
1785484800000,25879.05,25880.05,25824.05,25855.05
1785485700000,25856.05,25894.05,25856.05,25877.05
1785486600000,25876.05,25880.05,25837.05,25846.05
1785487500000,25847.05,25858.05,25835.05,25851.05
1785488400000,25850.05,25854.05,25796.05,25842.05
1785489300000,25843.05,25864.05,25836.05,25840.05
1785490200000,25839.05,25845.05,25794.05,25813.05
1785491100000,25812.05,25837.05,25792.05,25801.05
1785492000000,25802.05,25810.05,25777.05,25804.05
1785492900000,25803.05,25829.05,25792.05,25812.05
1785493800000,25811.05,25832.05,25805.05,25823.05
1785494700000,25822.05,25826.05,25785.05,25787.05
1785495600000,25793.05,25810.05,25763.05,25763.05
1785496500000,25764.05,25774.05,25735.05,25740.05
1785497400000,25739.05,25741.05,25684.05,25686.05
1785498300000,25687.05,25728.05,25677.05,25720.05
1785499200000,25721.05,25723.05,25680.05,25681.05
1785500100000,25680.05,25699.05,25667.75,25667.75
1785501000000,25633.25,25691.05,25617.25,25665.05
1785501900000,25667.05,25668.05,25630.05,25643.05
1785502800000,25644.05,25657.05,25632.05,25645.05
1785503700000,25644.05,25671.05,25642.05,25649.05
1785504600000,25648.05,25654.05,25598.05,25602.05
1785505500000,25603.05,25616.05,25569.05,25590.05
1785506400000,25588.25,25609.05,25553.55,25576.55
1785507300000,25577.55,25648.55,25555.55,25636.55
1785508200000,25635.55,25674.55,25620.55,25670.55
1785509100000,25671.55,25697.55,25669.55,25695.55
1785510000000,25697.55,25703.55,25679.55,25696.55
1785510900000,25695.55,25715.55,25628.55,25636.55
1785511800000,25634.55,25673.55,25604.55,25662.55
1785512700000,25663.55,25681.55,25648.55,25675.55
1785513600000,25676.55,25677.55,25649.55,25668.55
1785514500000,25669.55,25678.55,25653.55,25676.55
1785515400000,25675.55,25686.75,25660.55,25663.55
1785516300000,25662.55,25697.55,25660.55,25686.55
1785517200000,25685.55,25711.55,25682.55,25710.55
1785518100000,25711.55,25719.55,25700.55,25716.55
1785519000000,25715.55,25715.55,25693.55,25695.55
1785519900000,25696.55,25700.55,25681.55,25687.55
1785520800000,25688.55,25712.55,25686.55,25705.55
1785521700000,25704.55,25711.55,25699.55,25704.55
1785522600000,25705.55,25712.55,25696.55,25705.55
1785523500000,25706.55,25714.55,25695.55,25700.55
1785524400000,25701.55,25708.55,25690.55,25707.55
1785525300000,25708.55,25727.55,25704.55,25717.55
1785526200000,25714.55,25730.55,25707.55,25730.55
1785527100000,25729.550000000003,25737.550000000003,25692.65,25700.65
1785528000000,25699.65,25736.75,25699.65,25721.77
1785528900000,25720.77,25721.77,25705.75,25711.75
1785529800000,25710.75,25719.32,25703.75,25715.32
1785530700000,25714.32,25719.32,25638.75,25650.75
1785708000000,25864.75,25872.75,25847.75,25863.75
1785708900000,25862.75,25866.75,25840.75,25846.88
1785709800000,25847.88,25853.75,25834.75,25836.75
1785710700000,25835.75,25840.75,25816.76,25822.199999999997
1785711600000,25823.2,25837.75,25810.75,25817.75
1785712500000,25818.75,25842.75,25818.75,25836.75
1785713400000,25837.75,25846.75,25831.75,25842.75
1785714300000,25841.75,25863.03,25826.75,25844.75
1785715200000,25854.75,25854.75,25804.75,25829.25
1785716100000,25805.25,25869.05,25805.25,25845.45
1785717000000,25846.45,25866.05,25839.45,25845.05
1785717900000,25845.45,25863.05,25839.45,25852.45
1785718800000,25852.45,25866.649999999998,25826.05,25827.45
1785719700000,25828.05,25850.05,25820.05,25846.45
1785720600000,25847.05,25853.05,25830.45,25845.45
1785721500000,25843.05,25859.05,25841.45,25855.45
1785722400000,25855.45,25861.05,25844.45,25852.05
1785723300000,25851.45,25875.05,25843.45,25847.45
1785724200000,25849.05,25855.45,25841.45,25848.850000000002
1785725100000,25848.45,25870.05,25848.45,25862.05
1785726000000,25861.850000000002,25873.05,25861.45,25867.05
1785726900000,25867.45,25868.05,25856.45,25859.05
1785727800000,25861.05,25894.05,25858.05,25889.05
1785728700000,25892.05,25928.05,25885.75,25900.05
1785729600000,25902.05,25911.649999999998,25892.05,25900.05
1785730500000,25902.05,25925.05,25899.45,25921.05
1785731400000,25919.05,25924.649999999998,25915.05,25923.85
1785732300000,25923.05,25934.05,25905.85,25909.05
1785733200000,25905.45,25917.05,25898.45,25903.05
1785734100000,25900.05,25913.05,25892.45,25904.05
1785735000000,25904.05,25917.95,25896.45,25911.95
1785735900000,25911.45,25917.95,25899.75,25904.45
1785736800000,25906.45,25913.95,25887.15,25888.550000000003
1785737700000,25889.55,25892.55,25859.55,25870.149999999998
1785738600000,25871.55,25892.55,25869.55,25887.55
1785739500000,25888.149999999998,25904.55,25875.55,25886.55
1785740400000,25882.55,25939.55,25851.55,25937.55
1785741300000,25938.55,25992.55,25930.35,25977.55
1785742200000,25980.55,26002.55,25949.55,25956.55
1785743100000,25955.55,25995.55,25951.55,25984.55
1785744000000,25983.55,26013.55,25972.55,26013.55
1785744900000,26012.55,26013.55,25965.55,25988.55
1785745800000,25986.55,25990.55,25956.55,25977.55
1785746700000,25975.55,26021.55,25970.55,26018.55
1785747600000,26019.55,26024.55,25998.55,26007.55
1785748500000,26006.55,26021.55,25996.55,26010.55
1785749400000,26011.55,26037.55,26008.55,26019.55
1785750300000,26020.55,26045.55,26005.55,26014.55
1785751200000,26013.55,26022.55,25992.55,26012.55
1785752100000,26013.55,26039.55,26006.55,26036.55
1785753000000,26037.55,26039.55,25995.55,26015.55
1785753900000,26016.55,26021.55,25999.55,26008.55
1785754800000,26011.55,26020.55,26000.55,26008.55
1785755700000,26009.55,26034.55,26000.55,26029.55
1785756600000,26028.55,26046.55,26027.55,26041.55
1785757500000,26040.55,26041.55,26020.55,26024.55
1785758400000,26023.55,26024.55,25976.55,25995.55
1785759300000,25994.55,25999.55,25946.55,25961.55
1785760200000,25963.55,26000.55,25958.55,25992.55
1785761100000,25993.55,26014.55,25978.55,26013.55
1785762000000,26012.55,26020.55,25960.55,25968.55
1785762900000,25967.55,26005.55,25963.55,25989.55
1785763800000,25986.55,26036.55,25973.55,26027.55
1785764700000,26028.149999999998,26065.55,26025.55,26060.149999999998
1785765600000,26061.55,26088.55,26045.55,26077.55
1785766500000,26076.55,26089.55,26051.55,26073.55
1785767400000,26075.55,26112.55,26074.55,26086.55
1785768300000,26087.55,26091.55,26065.55,26081.55
1785769200000,26082.55,26086.55,26041.55,26044.55
1785770100000,26045.55,26072.55,26042.55,26061.55
1785771000000,26064.55,26070.55,26007.55,26044.55
1785771900000,26045.55,26056.55,26031.55,26037.55
1785772800000,26038.55,26051.55,26035.55,26048.55
1785773700000,26047.55,26055.55,26043.55,26050.55
1785774600000,26049.55,26053.55,26033.55,26040.55
1785775500000,26039.55,26042.55,26025.55,26026.55
1785776400000,26027.55,26035.55,26020.55,26035.55
1785777300000,26036.55,26049.55,26035.55,26045.55
1785778200000,26044.55,26054.55,26041.55,26053.55
1785779100000,26054.55,26063.55,26051.55,26060.55
1785780000000,26062.55,26091.55,26060.55,26090.55
1785780900000,26091.55,26097.55,26078.55,26081.55
1785781800000,26080.55,26089.55,26075.55,26088.55
1785782700000,26089.55,26089.55,26079.55,26079.55
1785783600000,26080.55,26093.55,26080.55,26084.55
1785784500000,26085.55,26090.55,26081.55,26083.55
1785785400000,26082.55,26091.55,26082.55,26086.55
1785786300000,26085.55,26095.55,26081.55,26089.649999999998
1785787200000,26089.65,26105.61,26073.61,26101.61
1785788100000,26102.61,26117.63,26102.61,26104.63
1785789000000,26105.63,26116.91,26103.63,26113.91
1785789900000,26112.91,26113.91,26096.75,26099.75
1785794400000,26098.35,26117.35,26093.35,26105.35
1785795300000,26106.35,26115.35,26106.35,26111.35
1785796200000,26112.35,26123.629999999997,26108.35,26121.629999999997
1785797100000,26120.629999999997,26120.92,26113.92,26117.92
1785798000000,26116.92,26118.92,26109.92,26113.35
1785798900000,26114.35,26120.35,26112.35,26114.35
1785799800000,26115.35,26121.35,26107.35,26108.35
1785800700000,26109.35,26120.35,26107.35,26119.35
1785801600000,26120.35,26125.35,26105.35,26114.35
1785802500000,26102.25,26123.25,26096.55,26103.05
1785803400000,26104.05,26113.55,26100.55,26107.05
1785804300000,26106.55,26111.05,26083.05,26089.05
1785805200000,26089.05,26105.55,26077.55,26102.55
1785806100000,26101.05,26118.55,26099.05,26117.05
1785807000000,26117.55,26128.35,26108.05,26116.05
1785807900000,26114.05,26162.95,26113.55,26151.05
1785808800000,26150.05,26151.05,26114.55,26123.55
1785809700000,26119.55,26129.05,26119.55,26122.55
1785810600000,26127.05,26143.05,26122.95,26134.55
1785811500000,26135.05,26137.05,26121.95,26128.55
1785812400000,26126.55,26133.55,26108.55,26109.05
1785813300000,26108.55,26128.95,26108.55,26121.05
1785814200000,26119.05,26133.05,26096.55,26100.05
1785815100000,26100.55,26127.55,26099.05,26117.55
1785816000000,26119.05,26124.55,26107.95,26112.05
1785816900000,26112.55,26129.55,26110.95,26127.55
1785817800000,26129.55,26131.55,26113.95,26116.05
1785818700000,26115.55,26126.55,26114.55,26122.55
1785819600000,26124.55,26131.05,26105.55,26108.05
1785820500000,26107.55,26130.35,26107.55,26123.05
1785821400000,26121.55,26142.05,26120.05,26141.05
1785822300000,26139.55,26149.95,26132.95,26145.05
1785823200000,26144.050000000003,26172.15,26136.15,26171.15
1785824100000,26170.15,26174.15,26150.15,26152.15
1785825000000,26154.15,26154.15,26135.15,26151.15
1785825900000,26152.15,26168.15,26148.15,26154.15
1785826800000,26157.15,26251.15,26133.15,26244.15
1785827700000,26245.15,26264.15,26226.15,26257.15
1785828600000,26258.15,26276.15,26236.15,26246.15
1785829500000,26246.75,26285.15,26237.15,26280.15
1785830400000,26279.15,26279.15,26221.15,26226.15
1785831300000,26225.15,26240.15,26208.15,26236.15
1785832200000,26235.15,26235.15,26175.15,26178.15
1785833100000,26177.15,26180.15,26142.15,26160.15
1785834000000,26159.15,26171.15,26132.15,26134.15
1785834900000,26135.15,26158.15,26124.15,26157.15
1785835800000,26156.15,26180.15,26149.15,26174.15
1785836700000,26175.15,26176.15,26130.15,26146.15
1785837600000,26145.15,26146.15,26115.15,26120.15
1785838500000,26121.15,26124.15,26095.15,26118.15
1785839400000,26123.15,26153.15,26121.15,26151.15
1785840300000,26150.15,26192.15,26148.15,26159.15
1785841200000,26158.15,26190.15,26145.15,26171.15
1785842100000,26172.15,26186.15,26164.15,26185.15
1785843000000,26187.15,26233.15,26175.15,26231.15
1785843900000,26232.15,26242.15,26215.15,26239.15
1785844800000,26240.15,26252.15,26219.15,26236.15
1785845700000,26235.15,26243.15,26214.15,26219.15
1785846600000,26220.15,26233.15,26180.15,26181.15
1785847500000,26182.15,26193.15,26156.15,26156.15
1785848400000,26157.15,26201.15,26152.15,26184.15
1785849300000,26185.15,26258.15,26185.15,26249.15
1785850200000,26248.15,26258.15,26225.15,26225.15
1785851100000,26226.15,26242.15,26208.15,26209.350000000002
1785852000000,26209.350000000002,26220.15,26191.15,26211.15
1785852900000,26210.15,26240.15,26190.15,26195.15
1785853800000,26197.15,26269.850000000002,26189.15,26231.15
1785854700000,26233.15,26250.15,26219.15,26222.15
1785855600000,26224.15,26235.15,26207.15,26226.15
1785856500000,26225.15,26250.15,26217.15,26242.15
1785857400000,26243.15,26275.15,26219.15,26266.15
1785858300000,26264.15,26264.15,26238.15,26247.15
1785859200000,26248.15,26258.15,26242.15,26249.15
1785860100000,26248.15,26266.15,26245.15,26264.15
1785861000000,26263.15,26273.15,26259.15,26269.15
1785861900000,26268.15,26273.15,26263.15,26271.15
1785862800000,26270.15,26294.15,26269.15,26294.15
1785863700000,26295.15,26298.15,26285.15,26293.15
1785864600000,26292.15,26308.15,26287.15,26307.15
1785865500000,26308.15,26320.15,26298.15,26306.15
1785866400000,26305.15,26322.15,26305.15,26321.15
1785867300000,26322.15,26327.15,26316.15,26321.15
1785868200000,26322.15,26323.15,26297.15,26305.15
1785869100000,26306.15,26316.15,26304.15,26313.15
1785870000000,26315.15,26334.15,26315.15,26333.15
1785870900000,26334.15,26347.15,26333.15,26343.15
1785871800000,26342.15,26364.15,26339.15,26363.15
1785872700000,26361.15,26368.15,26348.15,26358.25
1785873600000,26358.25,26424.35,26347.25,26386.35
1785874500000,26384.35,26384.35,26340.35,26358.489999999998
1785875400000,26357.49,26383.760000000002,26357.49,26376.050000000003
1785876300000,26375.05,26393.92,26374.05,26391.92
1785880800000,26385.85,26405.85,26377.85,26405.85
1785881700000,26404.85,26419.85,26401.57,26416.85
1785882600000,26417.85,26426.85,26405.85,26406.85
1785883500000,26407.85,26417.85,26403.85,26417.85
1785884400000,26418.85,26428.149999999998,26408.85,26424.149999999998
1785885300000,26425.149999999998,26427.149999999998,26411.85,26413.85
1785886200000,26414.85,26418.85,26402.85,26416.85
1785887100000,26417.85,26423.85,26404.85,26404.85
1785888000000,26412.85,26431.85,26407.85,26410.85
1785888900000,26383.75,26400.55,26371.75,26382.05
1785889800000,26381.05,26386.55,26358.45,26366.55
1785890700000,26365.55,26384.55,26350.45,26383.05
1785891600000,26383.45,26385.850000000002,26361.45,26373.55
1785892500000,26373.55,26373.55,26355.55,26370.55
1785893400000,26370.55,26395.45,26367.45,26380.05
1785894300000,26381.55,26404.55,26379.55,26399.05
1785895200000,26399.55,26421.55,26399.05,26418.45
1785896100000,26418.55,26429.85,26415.05,26424.55
1785897000000,26425.05,26433.85,26414.55,26429.55
1785897900000,26430.55,26436.85,26417.05,26421.55
1785898800000,26420.55,26434.55,26416.05,26430.55
1785899700000,26432.55,26443.35,26426.05,26426.55
1785900600000,26426.55,26441.55,26425.05,26438.55
1785901500000,26438.55,26447.45,26432.05,26432.55
1785902400000,26434.55,26439.55,26425.45,26426.55
1785903300000,26425.55,26428.55,26414.05,26416.05
1785904200000,26416.05,26429.55,26416.05,26420.05
1785905100000,26422.05,26427.05,26406.55,26415.85
1785906000000,26414.05,26420.55,26363.55,26395.55
1785906900000,26393.35,26414.55,26393.05,26399.55
1785907800000,26399.55,26413.05,26360.55,26413.05
1785908700000,26412.05,26432.35,26401.05,26424.55
1785909600000,26426.85,26436.649999999998,26407.35,26427.649999999998
1785910500000,26425.25,26427.65,26398.75,26404.75
1785911400000,26405.15,26421.15,26399.75,26419.15
1785912300000,26418.149999999998,26447.149999999998,26404.85,26444.149999999998
1785913200000,26433.15,26454.15,26358.15,26377.15
1785914100000,26379.15,26398.15,26367.15,26372.15
1785915000000,26373.15,26378.15,26313.15,26315.15
1785915900000,26314.15,26341.15,26309.15,26314.15
1785916800000,26313.15,26314.15,26239.15,26244.15
1785917700000,26245.15,26278.15,26239.15,26274.15
1785918600000,26275.15,26277.15,26244.15,26259.15
1785919500000,26260.15,26297.15,26249.15,26256.15
1785920400000,26257.15,26265.15,26237.15,26239.15
1785921300000,26240.15,26248.15,26218.15,26241.15
1785922200000,26243.15,26244.15,26216.15,26226.15
1785923100000,26225.15,26234.15,26210.15,26231.15
1785924000000,26232.15,26234.65,26205.65,26215.65
1785924900000,26214.65,26219.65,26201.65,26217.65
1785925800000,26218.65,26232.65,26203.65,26214.65
1785926700000,26215.65,26221.65,26189.65,26199.65
1785927600000,26198.65,26225.65,26191.65,26225.65
1785928500000,26226.65,26248.65,26223.65,26231.65
1785929400000,26230.65,26247.65,26227.65,26242.65
1785930300000,26241.65,26277.65,26239.65,26272.65
1785931200000,26271.65,26281.65,26246.65,26261.65
1785932100000,26261.350000000002,26287.65,26259.65,26270.65
1785933000000,26272.65,26280.65,26259.65,26260.65
1785933900000,26263.65,26267.65,26240.65,26257.65
1785934800000,26259.65,26273.65,26254.65,26268.65
1785935700000,26267.65,26276.65,26250.65,26274.65
1785936600000,26273.65,26300.65,26244.65,26271.25
1785937500000,26271.850000000002,26286.25,26250.65,26278.65
1785938400000,26276.850000000002,26278.65,26243.65,26262.65
1785939300000,26261.65,26263.65,26227.65,26235.65
1785940200000,26233.25,26243.65,26210.65,26214.65
1785941100000,26212.649999999998,26216.649999999998,26182.85,26198.649999999998
1785942000000,26200.65,26221.65,26192.65,26194.65
1785942900000,26195.65,26197.65,26152.65,26160.65
1785943800000,26159.65,26185.65,26138.65,26173.65
1785944700000,26175.65,26176.65,26143.65,26145.65
1785945600000,26144.65,26168.65,26143.65,26161.65
1785946500000,26160.65,26195.65,26157.65,26194.65
1785947400000,26195.65,26195.65,26183.25,26187.65
1785948300000,26186.65,26196.65,26184.65,26190.65
1785949200000,26191.65,26195.65,26180.65,26190.65
1785950100000,26189.65,26197.65,26183.65,26192.65
1785951000000,26191.65,26211.65,26187.65,26206.65
1785951900000,26205.65,26211.65,26199.65,26206.65
1785952800000,26207.65,26213.65,26201.65,26205.65
1785953700000,26204.65,26210.65,26201.65,26207.65
1785954600000,26206.65,26208.65,26199.65,26204.65
1785955500000,26205.65,26207.65,26199.65,26200.65
1785956400000,26199.65,26215.65,26194.65,26213.65
1785957300000,26212.65,26214.65,26205.65,26212.65
1785958200000,26211.65,26215.65,26207.65,26208.65
1785959100000,26210.65,26215.65,26195.75,26201.75
1785960000000,26198.75,26241.79,26180.75,26238.79
1785960900000,26240.789999999997,26240.789999999997,26216.85,26222.85
1785961800000,26221.85,26237.85,26220.85,26237.8
1785962700000,26236.8,26239.8,26226.8,26227.219999999998
1785967200000,26227.449999999997,26240.449999999997,26225.44,26229.44
1785968100000,26230.44,26264.07,26229.43,26262.010000000002
1785969000000,26261.01,26278.01,26259.01,26269.989999999998
1785969900000,26270.99,26277.99,26252.45,26252.45
1785970800000,26253.45,26262.45,26248.45,26260.45
1785971700000,26259.45,26268.45,26255.45,26259.45
1785972600000,26260.45,26264.45,26243.45,26248.32
1785973500000,26247.32,26249.32,26234.45,26245.02
1785974400000,26246.02,26259.02,26226.45,26234.45
1785975300000,26195.35,26223.649999999998,26187.05,26205.649999999998
1785976200000,26206.15,26219.15,26205.65,26212.65
1785977100000,26213.15,26219.15,26199.15,26212.15
1785978000000,26211.15,26224.050000000003,26198.65,26212.15
1785978900000,26211.649999999998,26216.149999999998,26193.05,26195.149999999998
1785979800000,26205.65,26206.050000000003,26181.65,26183.45
1785980700000,26184.15,26190.15,26172.15,26185.15
1785981600000,26187.149999999998,26215.45,26177.05,26205.149999999998
1785982500000,26205.149999999998,26221.45,26198.05,26201.649999999998
1785983400000,26198.050000000003,26225.65,26194.15,26225.15
1785984300000,26225.65,26234.65,26224.15,26231.65
1785985200000,26233.15,26241.65,26225.15,26232.15
1785986100000,26234.15,26238.65,26223.65,26232.65
1785987000000,26236.15,26250.050000000003,26232.15,26246.15
1785987900000,26246.15,26257.050000000003,26236.15,26256.65
1785988800000,26258.45,26259.15,26241.06,26243.15
1785989700000,26243.65,26252.65,26232.15,26236.15
1785990600000,26238.050000000003,26241.15,26224.15,26226.15
1785991500000,26226.15,26240.65,26226.15,26235.15
1785992400000,26234.65,26260.65,26202.65,26209.65
1785993300000,26211.15,26227.050000000003,26205.65,26221.15
1785994200000,26222.15,26226.15,26201.65,26213.15
1785995100000,26209.65,26209.65,26168.65,26190.45
1785996000000,26199.15,26208.45,26169.25,26174.25
1785996900000,26175.25,26204.25,26167.25,26203.25
1785997800000,26204.25,26207.25,26181.25,26204.25
1785998700000,26203.25,26227.25,26196.25,26211.85
1785999600000,26216.25,26222.25,26111.75,26204.75
1786000500000,26205.75,26224.75,26167.75,26169.75
1786001400000,26168.75,26188.75,26144.75,26163.75
1786002300000,26162.75,26175.75,26133.75,26134.75
1786003200000,26135.75,26152.75,26099.75,26106.75
1786004100000,26105.75,26163.75,26101.75,26162.75
1786005000000,26163.75,26198.75,26158.75,26175.75
1786005900000,26173.75,26206.75,26170.75,26200.75
1786006800000,26201.75,26215.75,26172.75,26198.75
1786007700000,26199.75,26221.75,26192.75,26213.75
1786008600000,26214.75,26221.75,26180.75,26196.75
1786009500000,26197.75,26219.75,26175.75,26218.75
1786010400000,26220.75,26225.75,26198.75,26222.75
1786011300000,26221.75,26228.75,26205.75,26205.75
1786012200000,26207.75,26214.75,26195.75,26200.75
1786013100000,26202.75,26220.75,26199.75,26217.75
1786014000000,26216.75,26220.75,26170.75,26209.75
1786014900000,26208.75,26231.75,26206.75,26226.75
1786015800000,26227.75,26229.75,26193.75,26193.75
1786016700000,26192.75,26202.75,26172.75,26194.75
1786017600000,26193.75,26225.75,26179.75,26189.75
1786018500000,26188.75,26202.75,26179.75,26197.75
1786019400000,26188.95,26204.75,26176.75,26178.75
1786020300000,26179.75,26190.75,26147.75,26165.75
1786021200000,26166.75,26167.75,26141.75,26151.75
1786022100000,26152.75,26154.75,26118.75,26136.75
1786023000000,26134.75,26190.75,26132.75,26162.75
1786023900000,26163.75,26202.75,26160.75,26192.75
1786024800000,26194.75,26220.75,26185.75,26220.75
1786025700000,26222.75,26243.75,26208.75,26213.75
1786026600000,26212.75,26239.75,26212.75,26235.75
1786027500000,26233.75,26234.75,26206.75,26208.75
1786028400000,26210.75,26233.75,26204.75,26220.75
1786029300000,26219.75,26219.75,26167.75,26177.75
1786030200000,26179.75,26197.75,26152.75,26193.75
1786031100000,26192.75,26220.75,26162.75,26181.75
1786032000000,26182.75,26185.75,26155.75,26161.75
1786032900000,26162.75,26180.75,26154.75,26177.75
1786033800000,26178.75,26188.75,26170.75,26171.75
1786034700000,26172.75,26199.75,26168.75,26197.75
1786035600000,26198.75,26204.75,26187.75,26187.75
1786036500000,26188.75,26192.75,26179.75,26181.75
1786037400000,26180.75,26195.75,26179.75,26188.75
1786038300000,26189.75,26196.75,26185.75,26192.75
1786039200000,26194.75,26195.75,26187.75,26193.75
1786040100000,26194.75,26205.75,26185.75,26198.75
1786041000000,26199.75,26199.75,26182.75,26185.75
1786041900000,26186.75,26189.75,26179.75,26188.75
1786042800000,26187.75,26197.75,26185.75,26185.75
1786043700000,26184.75,26188.75,26162.75,26166.75
1786044600000,26168.75,26172.75,26160.75,26162.75
1786045500000,26161.75,26186.85,26155.75,26182.85
1786046400000,26181.85,26202.949999999997,26180.85,26184.949999999997
1786047300000,26185.95,26188.95,26152.95,26158.95
1786048200000,26157.95,26163.95,26150.95,26157.95
1786049100000,26158.95,26163.95,26155.95,26161.95
1786053600000,26177.65,26192.620000000003,26156.65,26189.9
1786054500000,26190.9,26196.65,26175.65,26178.65
1786055400000,26177.65,26179.370000000003,26164.65,26175.370000000003
1786056300000,26176.37,26184.649999999998,26174.37,26182.649999999998
1786057200000,26181.65,26185.65,26177.65,26178.65
1786058100000,26179.65,26195.65,26179.65,26183.93
1786059000000,26182.93,26191.65,26181.93,26190.65
1786059900000,26191.65,26195.22,26184.22,26187.22
1786060800000,26188.22,26193.230000000003,26172.65,26179.370000000003
1786061700000,26162.55,26163.55,26130.85,26145.85
1786062600000,26146.35,26163.35,26138.85,26145.35
1786063500000,26147.35,26164.35,26140.85,26164.35
1786064400000,26166.35,26182.649999999998,26161.85,26165.35
1786065300000,26166.85,26176.35,26146.85,26175.35
1786066200000,26174.85,26183.35,26146.85,26159.35
1786067100000,26159.25,26168.85,26154.25,26162.35
1786068000000,26160.35,26179.35,26158.85,26174.85
1786068900000,26172.35,26179.35,26162.35,26167.35
1786069800000,26166.85,26168.35,26147.25,26155.25
1786070700000,26155.35,26172.85,26154.25,26168.35
1786071600000,26170.35,26174.35,26161.85,26166.85
1786072500000,26168.35,26176.35,26159.25,26169.85
1786073400000,26169.35,26177.35,26165.25,26170.35
1786074300000,26170.35,26176.35,26166.35,26174.35
1786075200000,26173.35,26181.85,26166.85,26169.35
1786076100000,26169.85,26186.35,26162.85,26169.85
1786077000000,26171.35,26177.35,26162.85,26164.85
1786077900000,26165.25,26185.649999999998,26160.85,26175.35
1786078800000,26176.35,26202.649999999998,26165.35,26190.35
1786079700000,26189.85,26205.35,26186.85,26198.35
1786080600000,26198.85,26200.35,26177.35,26185.35
1786081500000,26184.35,26185.35,26173.35,26175.85
1786082400000,26175.35,26205.45,26175.05,26202.45
1786083300000,26201.45,26210.45,26190.05,26206.05
1786084200000,26206.45,26211.45,26195.45,26197.45
1786085100000,26198.45,26217.45,26196.05,26198.05
1786086000000,26202.05,26283.45,26202.05,26246.45
1786086900000,26245.45,26276.45,26243.45,26270.45
1786087800000,26271.45,26303.45,26261.45,26298.45
1786088700000,26297.45,26306.45,26274.45,26274.45
1786089600000,26277.45,26286.95,26260.95,26271.95
1786090500000,26269.95,26305.95,26252.95,26291.95
1786091400000,26290.95,26304.95,26281.95,26293.95
1786092300000,26292.95,26330.95,26291.95,26326.95
1786093200000,26325.95,26337.95,26307.95,26323.95
1786094100000,26324.95,26331.95,26308.95,26308.95
1786095000000,26309.95,26316.95,26301.95,26301.95
1786095900000,26302.95,26342.95,26299.95,26337.95
1786096800000,26338.95,26359.95,26334.95,26341.95
1786097700000,26341.86,26366.95,26338.95,26349.95
1786098600000,26350.95,26371.95,26346.95,26366.95
1786099500000,26365.95,26377.95,26364.95,26375.95
1786100400000,26371.95,26393.95,26367.95,26368.95
1786101300000,26367.95,26387.95,26366.95,26374.95
1786102200000,26375.95,26380.95,26364.95,26366.95
1786103100000,26365.95,26368.95,26344.95,26358.95
1786104000000,26359.95,26387.95,26358.95,26372.95
1786104900000,26373.95,26405.95,26369.95,26372.15
1786105800000,26372.15,26444.95,26359.15,26430.95
1786106700000,26431.95,26452.95,26422.95,26429.95
1786107600000,26431.95,26435.95,26381.95,26385.95
1786108500000,26384.95,26400.95,26375.95,26395.95
1786109400000,26396.95,26401.95,26367.95,26392.95
1786110300000,26394.95,26396.95,26342.95,26348.95
1786111200000,26351.95,26359.95,26310.95,26341.95
1786112100000,26339.95,26395.95,26338.95,26392.95
1786113000000,26394.95,26419.55,26379.95,26399.95
1786113900000,26398.95,26410.95,26387.95,26387.95
1786114800000,26388.95,26391.95,26367.95,26374.95
1786115700000,26375.95,26381.95,26358.95,26359.95
1786116600000,26362.95,26368.95,26321.95,26337.95
1786117500000,26336.95,26347.95,26321.95,26325.95
1786118400000,26326.95,26334.95,26322.95,26326.95
1786119300000,26325.95,26334.95,26297.95,26305.95
1786120200000,26304.95,26319.95,26295.95,26314.95
1786121100000,26315.95,26320.95,26308.95,26311.95
1786122000000,26310.95,26312.95,26301.95,26303.95
1786122900000,26302.95,26313.95,26302.95,26310.95
1786123800000,26311.95,26321.95,26307.95,26317.95
1786124700000,26316.95,26323.95,26313.95,26319.95
1786125600000,26318.95,26320.95,26303.95,26305.95
1786126500000,26306.95,26309.95,26297.95,26300.95
1786127400000,26299.95,26301.95,26289.95,26290.95
1786128300000,26291.95,26311.55,26290.95,26309.95
1786129200000,26310.55,26351.95,26309.95,26348.95
1786130100000,26349.95,26377.95,26349.95,26366.95
1786131000000,26369.95,26379.95,26364.95,26370.95
1786131900000,26369.95,26375.95,26353.95,26375.05
1786132800000,26375.05,26379.149999999998,26354.87,26360.87
1786133700000,26359.870000000003,26365.870000000003,26351.15,26352.15
1786134600000,26351.15,26365.15,26350.15,26359.65
1786135500000,26360.65,26371.65,26357.65,26369.15
1786312800000,26374.55,26376.55,26338.55,26342.55
1786313700000,26343.55,26352.829999999998,26326.55,26349.829999999998
1786314600000,26348.829999999998,26354.829999999998,26337.55,26347.55
1786315500000,26348.55,26349.829999999998,26343.55,26347.12
1786316400000,26348.12,26360.55,26342.12,26354.55
1786317300000,26355.55,26360.55,26352.55,26354.55
1786318200000,26355.55,26355.55,26337.55,26351.55
1786319100000,26350.55,26355.55,26329.55,26330.98
1786320000000,26324.98,26374.27,26313.84,26362.55
1786320900000,26363.55,26370.45,26293.75,26301.25
1786321800000,26302.25,26325.15,26296.75,26299.25
1786322700000,26301.25,26306.25,26291.75,26295.25
1786323600000,26295.25,26317.550000000003,26294.15,26317.15
1786324500000,26319.55,26337.25,26311.75,26326.25
1786325400000,26327.25,26344.75,26318.25,26334.75
1786326300000,26335.25,26352.75,26332.75,26342.75
1786327200000,26344.25,26348.25,26331.15,26332.15
1786328100000,26332.15,26338.25,26324.15,26332.25
1786329000000,26330.25,26335.75,26326.75,26334.75
1786329900000,26336.75,26344.75,26328.75,26331.25
1786330800000,26333.15,26345.75,26332.25,26336.25
1786331700000,26335.75,26350.75,26333.25,26334.25
1786332600000,26336.25,26351.75,26333.25,26349.25
1786333500000,26350.75,26353.75,26342.25,26353.15
1786334400000,26354.15,26361.75,26343.75,26349.75
1786335300000,26351.25,26362.25,26351.25,26357.25
1786336200000,26356.75,26360.55,26346.25,26348.75
1786337100000,26350.25,26368.75,26348.15,26357.25
1786338000000,26356.75,26376.75,26356.75,26371.25
1786338900000,26372.25,26373.25,26356.75,26360.25
1786339800000,26356.75,26378.75,26355.75,26372.15
1786340700000,26371.75,26376.55,26365.55,26367.55
1786341600000,26368.55,26376.35,26354.35,26357.35
1786342500000,26356.35,26357.35,26333.35,26334.35
1786343400000,26335.35,26345.35,26332.35,26343.35
1786344300000,26344.35,26363.35,26340.35,26357.35
1786345200000,26356.35,26389.35,26336.35,26349.35
1786346100000,26348.35,26369.35,26325.35,26360.35
1786347000000,26359.35,26373.35,26345.35,26371.35
1786347900000,26370.35,26387.35,26364.35,26381.35
1786348800000,26382.35,26388.35,26337.35,26344.35
1786349700000,26345.35,26366.35,26342.35,26366.35
1786350600000,26365.35,26383.35,26362.35,26382.35
1786351500000,26381.35,26403.35,26375.35,26402.35
1786352400000,26401.35,26407.35,26386.35,26404.35
1786353300000,26403.35,26423.35,26394.35,26421.35
1786354200000,26420.35,26425.35,26413.35,26417.35
1786355100000,26419.35,26423.35,26407.35,26409.35
1786356000000,26410.35,26417.35,26396.35,26405.35
1786356900000,26404.35,26440.35,26404.35,26440.35
1786357800000,26439.35,26451.35,26430.35,26434.35
1786358700000,26433.35,26436.35,26410.35,26422.35
1786359600000,26423.35,26423.35,26403.35,26405.35
1786360500000,26407.35,26426.35,26403.35,26424.35
1786361400000,26423.35,26427.35,26396.35,26411.35
1786362300000,26410.35,26423.35,26405.35,26411.35
1786363200000,26412.35,26415.35,26393.35,26395.35
1786364100000,26394.35,26407.35,26387.35,26395.35
1786365000000,26394.35,26400.35,26369.35,26370.35
1786365900000,26369.35,26386.35,26366.35,26386.35
1786366800000,26387.35,26395.35,26364.35,26365.35
1786367700000,26364.35,26365.35,26328.35,26339.35
1786368600000,26340.35,26358.35,26327.35,26352.35
1786369500000,26351.35,26351.35,26311.35,26320.35
1786370400000,26322.35,26363.35,26313.35,26358.35
1786371300000,26359.35,26382.35,26358.35,26380.35
1786372200000,26379.35,26379.35,26344.35,26348.35
1786373100000,26349.35,26379.35,26346.35,26359.35
1786374000000,26357.35,26374.35,26352.35,26373.35
1786374900000,26372.35,26378.35,26354.35,26368.35
1786375800000,26367.35,26371.35,26333.35,26337.35
1786376700000,26336.35,26350.35,26329.35,26345.35
1786377600000,26344.35,26347.35,26333.35,26345.35
1786378500000,26344.35,26354.35,26342.35,26349.35
1786379400000,26348.35,26348.35,26309.05,26332.35
1786380300000,26331.35,26337.35,26329.35,26336.35
1786381200000,26335.35,26341.35,26332.35,26338.35
1786382100000,26339.35,26341.35,26318.35,26318.35
1786383000000,26319.35,26321.35,26312.35,26317.35
1786383900000,26316.35,26327.35,26311.35,26325.35
1786384800000,26326.35,26330.35,26321.35,26327.35
1786385700000,26326.35,26330.35,26317.35,26318.35
1786386600000,26317.35,26326.35,26316.35,26325.35
1786387500000,26324.35,26332.35,26322.35,26329.35
1786388400000,26330.35,26346.35,26326.35,26345.35
1786389300000,26344.35,26350.35,26341.35,26343.35
1786390200000,26345.35,26346.35,26336.35,26343.35
1786391100000,26342.35,26353.449999999997,26330.35,26351.449999999997
1786392000000,26336.45,26344.550000000003,26332.47,26333.47
1786392900000,26332.47,26340.91,26325.47,26338.91
1786393800000,26337.91,26340.91,26334.91,26339.91
1786394700000,26340.91,26348.91,26339.91,26343.48
1786399200000,26354.55,26359.55,26342.55,26346.27
1786400100000,26347.27,26347.27,26331.55,26338.55
1786401000000,26337.55,26337.55,26326.55,26330.55
1786401900000,26329.55,26336.27,26329.27,26335.27
1786402800000,26336.27,26337.27,26330.27,26332.55
1786403700000,26331.55,26331.55,26319.7,26321.7
1786404600000,26322.7,26329.7,26317.7,26328.7
1786405500000,26327.7,26333.7,26305.27,26323.27
1786406400000,26310.27,26337.55,26310.27,26336.55
1786407300000,26335.55,26348.15,26320.75,26346.25
1786408200000,26346.75,26351.55,26338.75,26345.25
1786409100000,26344.75,26350.25,26343.75,26347.25
1786410000000,26347.25,26365.55,26334.75,26364.15
1786410900000,26360.25,26368.75,26352.75,26364.25
1786411800000,26366.25,26372.55,26361.75,26368.25
1786412700000,26368.75,26383.55,26361.75,26363.15
1786413600000,26362.75,26366.55,26358.75,26363.25
1786414500000,26364.25,26375.25,26361.75,26373.25
1786415400000,26374.75,26378.75,26366.75,26375.25
1786416300000,26374.75,26375.75,26362.25,26364.25
1786417200000,26367.25,26371.25,26365.25,26369.25
1786418100000,26368.25,26380.55,26366.25,26379.15
1786419000000,26378.15,26378.55,26363.25,26364.75
1786419900000,26366.15,26370.550000000003,26363.15,26364.15
1786420800000,26365.55,26369.55,26363.75,26368.15
1786421700000,26368.25,26376.55,26365.75,26375.15
1786422600000,26376.75,26389.15,26374.25,26376.15
1786423500000,26377.55,26382.75,26375.75,26379.75
1786424400000,26380.75,26383.55,26370.75,26379.25
1786425300000,26379.75,26379.75,26362.25,26368.15
1786426200000,26365.25,26384.55,26356.25,26381.75
1786427100000,26379.75,26383.75,26356.15,26364.15
1786428000000,26369.550000000003,26384.350000000002,26366.15,26380.350000000002
1786428900000,26378.35,26386.35,26350.35,26350.35
1786429800000,26349.35,26360.35,26333.35,26351.35
1786430700000,26352.35,26376.35,26351.35,26370.35
1786431600000,26365.35,26395.35,26338.35,26342.35
1786432500000,26340.35,26349.35,26320.35,26324.35
1786433400000,26325.35,26352.35,26306.35,26312.35
1786434300000,26310.35,26312.35,26267.35,26287.35
1786435200000,26288.35,26305.35,26273.35,26286.35
1786436100000,26285.35,26308.35,26279.35,26289.35
1786437000000,26288.35,26292.35,26274.35,26284.35
1786437900000,26282.35,26286.35,26271.35,26271.35
1786438800000,26270.35,26286.35,26257.35,26268.35
1786439700000,26269.35,26289.85,26264.85,26271.85
1786440600000,26272.85,26290.85,26269.85,26281.85
1786441500000,26280.85,26302.85,26274.85,26299.85
1786442400000,26300.85,26311.85,26286.85,26299.85
1786443300000,26300.85,26332.85,26297.85,26317.85
1786444200000,26318.85,26333.85,26314.85,26327.85
1786445100000,26328.85,26333.85,26315.85,26319.85
1786446000000,26318.85,26380.85,26314.85,26370.85
1786446900000,26371.85,26379.85,26348.85,26361.85
1786447800000,26362.85,26376.85,26353.85,26375.85
1786448700000,26376.85,26390.85,26359.85,26382.85
1786449600000,26383.85,26414.35,26374.35,26409.35
1786450500000,26408.35,26412.35,26378.35,26387.35
1786451400000,26386.35,26413.35,26379.35,26413.35
1786452300000,26412.35,26421.35,26401.35,26417.35
1786453200000,26418.35,26434.35,26411.35,26416.35
1786454100000,26415.35,26438.35,26408.35,26434.35
1786455000000,26433.35,26457.35,26420.35,26447.35
1786455900000,26448.35,26479.35,26444.35,26457.35
1786456800000,26458.35,26481.35,26439.35,26481.35
1786457700000,26482.35,26493.35,26470.35,26478.35
1786458600000,26480.35,26493.35,26468.35,26489.35
1786459500000,26492.35,26518.35,26476.35,26478.35
1786460400000,26479.35,26482.35,26438.35,26440.35
1786461300000,26439.35,26441.35,26403.35,26408.35
1786462200000,26412.35,26433.35,26401.35,26405.35
1786463100000,26404.35,26412.35,26399.35,26408.35
1786464000000,26409.35,26430.35,26408.35,26423.35
1786464900000,26424.35,26434.35,26416.35,26420.35
1786465800000,26419.35,26419.35,26408.35,26411.35
1786466700000,26410.35,26415.35,26402.35,26404.35
1786467600000,26405.35,26410.35,26391.35,26392.35
1786468500000,26391.35,26401.35,26390.35,26396.35
1786469400000,26395.35,26396.35,26378.35,26387.35
1786470300000,26386.35,26388.35,26380.35,26382.35
1786471200000,26381.35,26381.35,26368.35,26370.35
1786472100000,26369.35,26374.35,26352.35,26355.35
1786473000000,26356.35,26377.35,26356.35,26365.35
1786473900000,26364.35,26381.35,26364.35,26379.35
1786474800000,26380.35,26380.35,26367.35,26376.35
1786475700000,26377.35,26385.35,26374.35,26381.35
1786476600000,26380.35,26391.35,26379.35,26388.35
1786477500000,26387.35,26398.35,26381.35,26395.449999999997
1786478400000,26391.45,26392.55,26372.41,26388.55
1786479300000,26389.55,26407.54,26386.55,26406.54
1786480200000,26405.54,26409.54,26402.52,26405.52
1786481100000,26404.52,26404.52,26389.52,26392.52
1786485600000,26399.550000000003,26404.550000000003,26385.56,26402.84
1786486500000,26403.84,26403.84,26397.81,26398.81
1786487400000,26399.809999999998,26402.809999999998,26390.55,26390.55
1786488300000,26389.55,26398.55,26386.55,26395.55
1786489200000,26394.55,26399.55,26391.55,26393.55
1786490100000,26392.55,26400.55,26392.55,26399.55
1786491000000,26398.55,26398.55,26390.55,26394.55
1786491900000,26395.55,26405.55,26391.55,26403.55
1786492800000,26400.55,26400.55,26382.55,26395.55
1786493700000,26371.45,26395.45,26371.45,26390.25
1786494600000,26389.75,26391.75,26381.25,26386.25
1786495500000,26389.75,26392.15,26379.25,26389.75
1786496400000,26388.25,26394.15,26383.25,26385.75
1786497300000,26386.25,26387.25,26378.75,26382.25
1786498200000,26382.25,26390.05,26375.75,26388.55
1786499100000,26387.15,26391.55,26379.25,26383.25
1786500000000,26385.25,26387.25,26378.75,26385.25
1786500900000,26385.75,26392.15,26383.25,26389.25
1786501800000,26389.25,26389.75,26384.25,26388.75
1786502700000,26387.25,26394.55,26386.25,26393.75
1786503600000,26393.25,26396.55,26389.25,26394.15
1786504500000,26392.75,26395.15,26388.75,26392.15
1786505400000,26392.75,26393.75,26378.75,26381.55
1786506300000,26380.75,26388.55,26377.25,26384.25
1786507200000,26384.75,26392.55,26383.25,26390.25
1786508100000,26390.25,26393.75,26387.75,26390.25
1786509000000,26391.25,26395.75,26386.25,26394.75
1786509900000,26394.25,26406.55,26390.25,26405.15
1786510800000,26406.55,26406.55,26390.25,26394.15
1786511700000,26391.75,26400.75,26389.75,26398.75
1786512600000,26397.75,26408.55,26394.75,26404.75
1786513500000,26405.15,26411.55,26401.75,26407.25
1786514400000,26408.75,26419.35,26403.05,26410.35
1786515300000,26408.949999999997,26418.35,26406.35,26417.35
1786516200000,26416.35,26428.35,26415.35,26424.35
1786517100000,26425.35,26441.35,26421.35,26436.35
1786518000000,26448.350000000002,26474.350000000002,26436.95,26463.350000000002
1786518900000,26462.35,26477.35,26414.35,26417.35
1786519800000,26419.35,26453.35,26413.35,26448.35
1786520700000,26447.35,26455.35,26422.35,26429.35
1786521600000,26428.35,26444.35,26421.35,26437.35
1786522500000,26436.35,26459.35,26420.35,26454.35
1786523400000,26453.35,26468.35,26438.35,26464.35
1786524300000,26465.35,26491.35,26459.35,26483.35
1786525200000,26484.35,26493.35,26478.35,26484.35
1786526100000,26483.35,26539.35,26483.35,26510.35
1786527000000,26511.35,26527.35,26509.35,26513.35
1786527900000,26512.35,26540.35,26499.35,26507.35
1786528800000,26506.35,26522.35,26503.35,26520.35
1786529700000,26519.35,26546.35,26519.35,26525.35
1786530600000,26527.35,26548.35,26527.35,26548.35
1786531500000,26547.35,26549.35,26500.55,26541.35
1786532400000,26540.35,26551.35,26533.35,26540.35
1786533300000,26539.35,26555.35,26537.35,26545.35
1786534200000,26546.35,26549.35,26523.35,26527.35
1786535100000,26526.35,26526.35,26498.35,26499.35
1786536000000,26501.35,26508.35,26491.35,26507.35
1786536900000,26508.35,26581.55,26503.35,26577.55
1786537800000,26578.55,26586.55,26503.55,26529.35
1786538700000,26528.35,26533.35,26484.35,26485.35
1786539600000,26484.35,26486.35,26464.35,26486.35
1786540500000,26485.35,26503.35,26475.35,26477.35
1786541400000,26479.35,26503.35,26466.35,26478.35
1786542300000,26480.35,26487.35,26444.35,26444.35
1786543200000,26445.35,26452.35,26414.35,26421.35
1786544100000,26420.35,26434.35,26403.35,26410.35
1786545000000,26408.35,26421.35,26355.55,26409.35
1786545900000,26408.35,26408.35,26372.35,26382.35
1786546800000,26383.35,26384.35,26328.85,26339.85
1786547700000,26338.85,26357.85,26329.85,26357.85
1786548600000,26354.85,26361.85,26331.85,26350.85
1786549500000,26351.85,26357.85,26343.85,26353.85
1786550400000,26354.85,26359.85,26345.85,26353.85
1786551300000,26354.85,26360.85,26343.85,26346.85
1786552200000,26347.85,26349.85,26337.85,26345.85
1786553100000,26346.85,26351.85,26341.85,26351.85
1786554000000,26350.85,26356.85,26345.85,26352.85
1786554900000,26353.85,26357.85,26343.85,26352.85
1786555800000,26350.85,26358.85,26348.85,26356.85
1786556700000,26355.85,26358.85,26347.85,26353.85
1786557600000,26354.85,26364.85,26352.85,26362.85
1786558500000,26361.85,26364.85,26357.85,26357.85
1786559400000,26358.85,26369.85,26358.85,26368.85
1786560300000,26369.85,26371.85,26363.85,26363.85
1786561200000,26364.85,26374.85,26364.85,26371.85
1786562100000,26372.85,26375.85,26365.85,26370.85
1786563000000,26372.85,26375.85,26364.85,26372.85
1786563900000,26371.85,26390.949999999997,26366.85,26390.949999999997
1786564800000,26390.95,26415.06,26379.06,26384.06
1786565700000,26385.059999999998,26387.05,26363.05,26367.05
1786566600000,26368.05,26370.05,26364.05,26367.05
1786567500000,26368.05,26370.05,26361.19,26363.19
1786572000000,26379.75,26384.75,26371.75,26374.75
1786572900000,26373.75,26377.97,26368.97,26373.97
1786573800000,26372.97,26372.97,26364.75,26370.75
1786574700000,26369.75,26374.75,26369.75,26372.75
1786575600000,26371.75,26383.75,26371.75,26382.75
1786576500000,26383.75,26385.32,26379.75,26381.75
1786577400000,26380.75,26383.75,26374.75,26381.75
1786578300000,26380.75,26381.75,26368.75,26371.75
1786579200000,26361.75,26383.75,26361.75,26371.75
1786580100000,26368.65,26401.95,26368.65,26388.350000000002
1786581000000,26389.75,26393.45,26377.95,26389.45
1786581900000,26389.95,26396.45,26382.95,26391.45
1786582800000,26389.95,26394.45,26372.95,26377.45
1786583700000,26376.45,26385.95,26371.95,26376.45
1786584600000,26374.95,26394.95,26374.95,26389.45
1786585500000,26391.45,26401.45,26383.45,26397.45
1786586400000,26399.45,26412.75,26395.95,26409.45
1786587300000,26409.449999999997,26412.35,26405.35,26405.35
1786588200000,26403.95,26418.95,26393.45,26416.95
1786589100000,26416.45,26422.75,26413.95,26417.95
1786590000000,26416.95,26421.95,26411.95,26420.45
1786590900000,26419.45,26426.95,26417.45,26423.45
1786591800000,26422.45,26429.75,26421.95,26428.350000000002
1786592700000,26428.45,26436.75,26428.45,26433.350000000002
1786593600000,26434.75,26437.75,26426.75,26427.75
1786594500000,26426.35,26428.949999999997,26418.35,26426.449999999997
1786595400000,26425.449999999997,26430.949999999997,26421.35,26423.949999999997
1786596300000,26422.95,26433.350000000002,26419.95,26427.75
1786597200000,26427.35,26446.75,26426.75,26445.75
1786598100000,26444.75,26447.75,26440.75,26441.75
1786599000000,26440.75,26441.75,26420.45,26422.95
1786599900000,26423.35,26429.95,26419.75,26421.75
1786600800000,26421.95,26431.55,26410.25,26430.55
1786601700000,26431.55,26439.55,26414.55,26424.55
1786602600000,26425.55,26425.55,26411.55,26424.55
1786603500000,26425.55,26460.55,26421.55,26456.55
1786604400000,26457.55,26511.55,26442.55,26451.55
1786605300000,26453.55,26457.55,26424.55,26432.55
1786606200000,26431.55,26459.55,26415.55,26457.55
1786607100000,26458.55,26469.55,26439.55,26439.55
1786608000000,26440.55,26465.55,26426.55,26464.55
1786608900000,26465.55,26470.55,26447.55,26459.55
1786609800000,26460.55,26462.55,26441.55,26461.55
1786610700000,26462.55,26464.55,26449.55,26458.55
1786611600000,26459.55,26468.55,26449.55,26459.55
1786612500000,26458.55,26486.55,26453.55,26467.55
1786613400000,26466.55,26476.55,26459.55,26469.55
1786614300000,26468.55,26485.55,26467.55,26479.55
1786615200000,26481.55,26483.55,26471.55,26478.55
1786616100000,26477.55,26493.55,26475.55,26481.55
1786617000000,26480.55,26486.55,26468.55,26483.55
1786617900000,26482.55,26496.55,26469.55,26480.55
1786618800000,26481.55,26487.55,26459.55,26464.55
1786619700000,26465.55,26477.55,26459.55,26460.55
1786620600000,26461.55,26461.55,26435.55,26448.55
1786621500000,26447.55,26453.55,26439.55,26444.55
1786622400000,26443.55,26457.55,26434.55,26439.55
1786623300000,26440.55,26452.75,26435.55,26444.75
1786624200000,26445.75,26462.55,26423.55,26433.55
1786625100000,26432.55,26432.55,26404.55,26412.55
1786626000000,26413.55,26422.55,26402.55,26417.55
1786626900000,26416.55,26423.55,26396.55,26399.55
1786627800000,26400.55,26409.55,26383.55,26389.55
1786628700000,26388.55,26392.55,26364.55,26374.55
1786629600000,26375.55,26396.55,26373.55,26379.55
1786630500000,26378.55,26392.55,26355.55,26385.55
1786631400000,26386.55,26395.55,26364.55,26387.55
1786632300000,26386.55,26395.55,26367.55,26377.55
1786633200000,26379.55,26382.05,26334.05,26335.05
1786634100000,26336.05,26337.05,26292.05,26298.05
1786635000000,26299.05,26329.05,26297.05,26318.05
1786635900000,26317.05,26333.05,26313.05,26328.05
1786636800000,26329.05,26340.05,26328.05,26333.05
1786637700000,26332.05,26341.05,26331.05,26341.05
1786638600000,26340.05,26350.05,26339.05,26347.05
1786639500000,26348.05,26355.05,26343.05,26354.05
1786640400000,26355.05,26365.05,26354.05,26361.05
1786641300000,26362.05,26366.05,26353.05,26356.05
1786642200000,26357.05,26357.05,26344.05,26347.05
1786643100000,26348.05,26354.05,26345.05,26350.55
1786644000000,26351.55,26359.55,26351.55,26356.55
1786644900000,26355.55,26358.55,26351.55,26355.55
1786645800000,26354.55,26390.55,26353.55,26389.55
1786646700000,26390.55,26401.55,26385.55,26390.55
1786647600000,26389.55,26406.55,26385.55,26400.55
1786648500000,26399.55,26414.55,26398.55,26404.55
1786649400000,26403.55,26415.55,26403.55,26407.55
1786650300000,26408.55,26423.55,26401.55,26419.649999999998
1786651200000,26407.75,26414.82,26390.03,26403.02
1786652100000,26404.02,26405.02,26395.02,26396.02
1786653000000,26397.02,26414.75,26391.75,26413.75
1786653900000,26414.75,26418.75,26411.16,26417.75
1786658400000,26416.85,26423.85,26410.85,26412.85
1786659300000,26411.85,26418.85,26407.85,26412.85
1786660200000,26413.85,26415.85,26412.85,26414.85
1786661100000,26413.85,26414.85,26410.85,26411.85
1786662000000,26412.85,26424.85,26410.85,26424.85
1786662900000,26423.85,26424.85,26413.85,26416.85
1786663800000,26417.85,26420.85,26414.85,26417.85
1786664700000,26418.85,26421.85,26413.85,26415.85
1786665600000,26413.85,26422.85,26410.85,26415.85
1786666500000,26416.85,26425.05,26403.75,26418.05
1786667400000,26415.55,26416.55,26406.05,26407.05
1786668300000,26407.55,26412.05,26401.96,26409.05
1786669200000,26408.55,26420.449999999997,26397.85,26406.05
1786670100000,26407.05,26426.85,26405.55,26422.55
1786671000000,26425.45,26432.85,26416.05,26427.55
1786671900000,26429.55,26430.850000000002,26423.45,26429.850000000002
1786672800000,26429.45,26440.45,26427.45,26435.850000000002
1786673700000,26435.45,26437.45,26430.55,26432.05
1786674600000,26433.55,26438.55,26433.05,26436.55
1786675500000,26437.55,26440.55,26426.05,26429.55
1786676400000,26428.55,26439.05,26427.05,26435.55
1786677300000,26436.55,26446.55,26434.55,26442.55
1786678200000,26440.55,26440.85,26430.05,26430.55
1786679100000,26431.05,26432.55,26423.05,26423.55
1786680000000,26423.05,26433.85,26423.05,26429.45
1786680900000,26430.45,26434.85,26425.55,26430.45
1786681800000,26429.45,26432.85,26423.55,26426.05
1786682700000,26424.05,26425.55,26420.05,26421.55
1786683600000,26421.05,26426.55,26412.45,26420.55
1786684500000,26421.05,26426.85,26416.05,26424.85
1786685400000,26423.45,26425.850000000002,26417.45,26422.850000000002
1786686300000,26422.45,26423.45,26407.45,26407.850000000002
1786687200000,26409.850000000002,26419.65,26403.65,26413.65
1786688100000,26415.65,26426.65,26413.65,26424.65
1786689000000,26425.65,26437.65,26424.65,26435.65
1786689900000,26436.65,26462.65,26436.65,26458.65
1786690800000,26463.65,26492.65,26439.65,26464.65
1786691700000,26465.65,26478.65,26447.65,26456.65
1786692600000,26458.65,26488.65,26452.65,26477.65
1786693500000,26476.65,26506.65,26464.65,26492.65
1786694400000,26491.65,26500.45,26449.65,26460.65
1786695300000,26459.65,26463.65,26412.65,26424.65
1786696200000,26425.65,26443.65,26418.65,26419.65
1786697100000,26418.65,26461.65,26414.65,26451.65
1786698000000,26450.25,26457.65,26437.65,26445.65
1786698900000,26444.65,26468.65,26431.65,26458.65
1786699800000,26456.65,26475.65,26449.65,26475.65
1786700700000,26474.65,26501.65,26474.65,26492.65
1786701600000,26493.65,26513.65,26486.65,26498.65
1786702500000,26499.65,26501.65,26477.15,26491.15
1786703400000,26490.15,26501.15,26482.15,26500.15
1786704300000,26502.15,26506.15,26488.15,26505.15
1786705200000,26506.15,26510.15,26479.15,26484.15
1786706100000,26485.15,26514.15,26485.15,26508.15
1786707000000,26509.15,26531.15,26507.15,26526.65
1786707900000,26525.65,26547.65,26520.65,26545.65
1786708800000,26546.65,26549.65,26508.65,26533.65
1786709700000,26532.65,26536.65,26517.65,26526.850000000002
1786710600000,26526.850000000002,26545.850000000002,26514.65,26538.65
1786711500000,26537.65,26544.65,26520.65,26521.65
1786712400000,26520.65,26533.65,26514.65,26522.65
1786713300000,26521.65,26523.65,26491.65,26517.65
1786714200000,26516.65,26518.65,26460.65,26468.65
1786715100000,26470.65,26478.65,26449.65,26473.65
1786716000000,26475.350000000002,26476.65,26442.65,26454.65
1786716900000,26455.65,26461.65,26423.65,26429.65
1786717800000,26430.65,26443.65,26422.65,26423.65
1786718700000,26424.65,26463.65,26421.65,26461.65
1786719600000,26462.65,26468.15,26443.15,26452.15
1786720500000,26451.15,26456.15,26422.15,26447.15
1786721400000,26445.15,26448.15,26429.15,26443.15
1786722300000,26444.15,26460.15,26437.15,26458.15
1786723200000,26459.15,26471.15,26459.15,26468.15
1786724100000,26469.15,26470.15,26458.15,26467.15
1786725000000,26468.15,26468.15,26451.15,26452.15
1786725900000,26451.15,26459.15,26450.15,26451.15
1786726800000,26452.15,26459.15,26447.15,26458.15
1786727700000,26457.15,26468.15,26455.15,26461.15
1786728600000,26462.15,26465.15,26451.15,26456.15
1786729500000,26455.15,26460.15,26451.15,26459.15
1786730400000,26460.15,26467.15,26455.15,26466.15
1786731300000,26467.15,26472.15,26465.15,26470.15
1786732200000,26471.15,26472.15,26464.15,26469.15
1786733100000,26468.15,26474.15,26465.15,26466.15
1786734000000,26465.15,26467.15,26459.15,26465.15
1786734900000,26464.15,26475.15,26461.15,26471.15
1786735800000,26472.15,26478.15,26468.15,26468.15
1786736700000,26469.15,26470.15,26451.15,26466.25
1786737600000,26465.25,26465.25,26445.35,26448.35
1786738500000,26449.35,26450.35,26444.35,26448.35
1786739400000,26447.35,26458.35,26446.35,26455.35
1786740300000,26456.35,26458.85,26452.85,26456.85
1786917600000,26473.85,26494.85,26473.85,26493.85
1786918500000,26494.85,26494.85,26489.85,26491.85
1786919400000,26490.85,26492.71,26486.71,26489.85
1786920300000,26488.85,26495.85,26487.85,26493.129999999997
1786921200000,26492.129999999997,26492.85,26487.85,26488.85
1786922100000,26487.85,26491.85,26487.85,26489.85
1786923000000,26488.850000000002,26493.260000000002,26484.54,26484.54
1786923900000,26483.54,26495.120000000003,26483.54,26491.120000000003
1786924800000,26493.12,26496.85,26486.85,26492.85
1786925700000,26493.85,26500.75,26486.55,26494.55
1786926600000,26492.55,26497.45,26486.55,26490.55
1786927500000,26489.05,26498.45,26489.05,26497.55
1786928400000,26498.05,26505.85,26491.05,26501.55
1786929300000,26502.05,26522.55,26500.55,26522.55
1786930200000,26523.05,26524.05,26505.05,26508.55
1786931100000,26507.05,26509.55,26495.05,26497.55
1786932000000,26495.55,26495.55,26481.55,26481.55
1786932900000,26482.55,26490.55,26479.55,26487.55
1786933800000,26487.05,26492.05,26483.55,26487.55
1786934700000,26489.55,26494.85,26486.55,26491.55
1786935600000,26493.05,26501.05,26488.55,26496.55
1786936500000,26496.55,26500.55,26494.55,26494.55
1786937400000,26493.55,26511.85,26491.05,26510.85
1786938300000,26511.85,26518.45,26508.55,26518.45
1786939200000,26516.55,26525.45,26513.55,26520.85
1786940100000,26519.85,26527.45,26511.05,26511.05
1786941000000,26510.55,26510.55,26504.05,26505.55
1786941900000,26505.05,26506.55,26491.55,26493.55
1786942800000,26492.05,26505.05,26490.05,26499.05
1786943700000,26501.55,26505.55,26497.05,26505.05
1786944600000,26505.45,26514.850000000002,26503.45,26510.05
1786945500000,26510.45,26519.85,26505.55,26519.85
1786946400000,26520.050000000003,26530.65,26508.65,26514.65
1786947300000,26515.65,26515.65,26495.65,26502.65
1786948200000,26501.65,26502.65,26479.65,26486.65
1786949100000,26488.65,26497.65,26478.65,26492.25
1786950000000,26491.65,26512.65,26453.65,26454.65
1786950900000,26453.65,26462.65,26435.65,26455.65
1786951800000,26454.65,26473.65,26433.65,26471.65
1786952700000,26470.65,26496.65,26467.65,26481.65
1786953600000,26482.65,26484.65,26428.65,26454.65
1786954500000,26453.65,26453.65,26402.65,26416.65
1786955400000,26417.65,26456.65,26414.65,26455.65
1786956300000,26456.65,26457.65,26430.65,26448.65
1786957200000,26447.65,26460.65,26441.65,26450.65
1786958100000,26449.65,26459.65,26439.65,26441.65
1786959000000,26442.65,26444.65,26423.65,26441.65
1786959900000,26442.65,26444.65,26414.65,26433.65
1786960800000,26432.65,26447.65,26420.65,26447.65
1786961700000,26448.65,26511.65,26445.65,26505.65
1786962600000,26501.65,26505.65,26458.65,26472.65
1786963500000,26473.65,26479.65,26458.65,26458.65
1786964400000,26457.65,26464.65,26451.65,26457.65
1786965300000,26458.65,26470.65,26442.65,26466.65
1786966200000,26467.65,26469.65,26453.65,26462.65
1786967100000,26463.65,26474.65,26460.65,26465.65
1786968000000,26466.65,26468.65,26441.65,26447.65
1786968900000,26448.65,26449.65,26394.65,26413.65
1786969800000,26415.25,26427.65,26406.65,26417.65
1786970700000,26416.65,26419.65,26403.65,26408.65
1786971600000,26407.65,26414.65,26388.65,26389.65
1786972500000,26390.65,26409.65,26370.65,26381.65
1786973400000,26382.65,26425.65,26371.65,26400.65
1786974300000,26399.65,26432.65,26394.65,26430.65
1786975200000,26429.65,26432.65,26410.65,26425.65
1786976100000,26426.65,26427.65,26400.65,26416.65
1786977000000,26415.65,26430.65,26404.65,26404.65
1786977900000,26405.65,26408.65,26391.65,26396.65
1786978800000,26397.65,26411.65,26379.65,26381.65
1786979700000,26380.65,26386.65,26369.65,26379.65
1786980600000,26378.65,26378.65,26338.65,26347.65
1786981500000,26346.65,26365.65,26346.65,26353.65
1786982400000,26354.65,26364.65,26353.65,26358.65
1786983300000,26357.65,26372.65,26355.65,26365.65
1786984200000,26366.65,26368.65,26355.65,26355.65
1786985100000,26356.65,26358.65,26348.65,26355.65
1786986000000,26354.65,26358.65,26344.65,26344.65
1786986900000,26343.65,26348.65,26326.65,26332.65
1786987800000,26334.65,26337.65,26321.65,26333.65
1786988700000,26334.65,26335.65,26317.65,26319.65
1786989600000,26318.65,26322.65,26306.65,26315.65
1786990500000,26316.65,26329.65,26313.65,26326.65
1786991400000,26327.65,26327.65,26313.65,26316.65
1786992300000,26317.65,26319.65,26308.65,26310.65
1786993200000,26309.65,26311.65,26301.65,26308.65
1786994100000,26309.65,26321.65,26308.65,26317.65
1786995000000,26318.65,26322.65,26313.65,26317.65
1786995900000,26318.65,26333.65,26317.65,26326.75
1786996800000,26319.85,26322.85,26304.85,26310.42
1786997700000,26311.42,26311.85,26302.42,26305.85
1786998600000,26306.85,26308,26301.85,26304.149999999998
1786999500000,26303.15,26311.850000000002,26300.15,26307.850000000002
1787004000000,26315.55,26322.55,26312.55,26313.55
1787004900000,26314.55,26314.55,26300.55,26309.55
1787005800000,26308.55,26310.55,26305.55,26307.55
1787006700000,26308.55,26313.55,26307.55,26310.55
1787007600000,26309.55,26314.27,26303.55,26311.27
1787008500000,26310.27,26312.27,26305.27,26311.55
1787009400000,26310.55,26321.55,26310.55,26320.7
1787010300000,26319.7,26327.98,26309.98,26323.26
1787011200000,26319.26,26329.26,26315.26,26328.26
1787012100000,26319.45,26337.55,26312.25,26316.25
1787013000000,26315.25,26317.55,26307.25,26312.15
1787013900000,26311.75,26314.75,26303.75,26309.75
1787014800000,26311.25,26320.75,26306.75,26319.25
1787015700000,26318.25,26319.75,26304.75,26311.25
1787016600000,26307.75,26317.75,26293.25,26297.75
1787017500000,26297.25,26301.75,26269.75,26296.25
1787018400000,26297.25,26299.75,26271.25,26272.75
1787019300000,26274.25,26277.25,26256.75,26258.25
1787020200000,26257.25,26273.75,26252.75,26253.25
1787021100000,26253.25,26268.25,26249.75,26267.25
1787022000000,26266.25,26269.75,26254.75,26262.25
1787022900000,26262.25,26263.75,26243.25,26253.75
1787023800000,26252.25,26264.15,26237.25,26253.15
1787024700000,26253.75,26262.75,26251.25,26254.75
1787025600000,26255.25,26255.25,26242.25,26247.25
1787026500000,26246.25,26252.55,26238.75,26250.25
1787027400000,26250.75,26255.75,26244.25,26246.25
1787028300000,26246.75,26259.25,26245.25,26257.25
1787029200000,26258.25,26258.25,26234.75,26237.25
1787030100000,26237.75,26251.75,26233.25,26249.55
1787031000000,26246.55,26255.149999999998,26235.55,26252.149999999998
1787031900000,26250.75,26284.55,26250.25,26267.55
1787032800000,26261.25,26275.350000000002,26239.95,26269.350000000002
1787033700000,26268.35,26271.35,26249.35,26255.35
1787034600000,26256.35,26271.35,26243.35,26269.35
1787035500000,26273.35,26306.35,26267.35,26306.35
1787036400000,26309.35,26324.35,26224.35,26231.35
1787037300000,26233.26,26264.35,26222.35,26242.35
1787038200000,26245.35,26265.35,26208.35,26213.35
1787039100000,26215.35,26222.35,26183.35,26190.35
1787040000000,26191.35,26208.35,26163.35,26205.35
1787040900000,26204.35,26229.35,26193.35,26216.35
1787041800000,26217.35,26247.35,26214.35,26239.35
1787042700000,26240.35,26256.35,26219.35,26254.35
1787043600000,26255.35,26255.35,26219.35,26230.35
1787044500000,26229.35,26243.35,26221.35,26228.35
1787045400000,26229.35,26243.35,26215.35,26242.35
1787046300000,26243.35,26274.35,26237.35,26263.35
1787047200000,26264.35,26284.35,26255.35,26259.35
1787048100000,26260.35,26276.35,26258.35,26272.35
1787049000000,26271.35,26279.35,26258.35,26264.35
1787049900000,26265.35,26277.35,26262.35,26274.35
1787050800000,26271.35,26280.35,26263.35,26275.35
1787051700000,26274.35,26279.35,26253.35,26262.35
1787052600000,26261.35,26282.35,26251.35,26277.35
1787053500000,26279.35,26288.35,26270.35,26271.35
1787054400000,26273.35,26281.35,26258.35,26268.35
1787055300000,26267.35,26287.35,26261.35,26272.35
1787056200000,26272.949999999997,26275.35,26252.35,26265.35
1787057100000,26264.35,26271.35,26254.35,26270.35
1787058000000,26271.35,26271.35,26242.35,26254.35
1787058900000,26253.949999999997,26262.35,26226.35,26233.35
1787059800000,26232.35,26258.35,26192.05,26238.35
1787060700000,26237.35,26237.35,26205.35,26215.35
1787061600000,26214.35,26233.35,26193.35,26194.35
1787062500000,26195.35,26224.35,26190.35,26224.35
1787063400000,26225.35,26225.35,26178.35,26180.35
1787064300000,26179.35,26190.35,26134.35,26143.35
1787065200000,26142.35,26166.35,26134.35,26142.35
1787066100000,26143.35,26173.35,26136.35,26166.35
1787067000000,26164.35,26171.35,26133.35,26165.35
1787067900000,26166.35,26189.35,26166.35,26179.35
1787068800000,26178.35,26181.35,26170.35,26178.35
1787069700000,26179.35,26192.35,26177.35,26181.35
1787070600000,26182.35,26193.35,26181.35,26190.35
1787071500000,26191.35,26208.35,26185.35,26199.35
1787072400000,26198.35,26203.35,26191.35,26199.35
1787073300000,26200.35,26202.35,26192.35,26196.35
1787074200000,26195.35,26201.35,26191.35,26193.35
1787075100000,26194.35,26196.35,26178.35,26178.35
1787076000000,26177.35,26187.35,26173.35,26187.35
1787076900000,26188.35,26193.35,26184.35,26193.35
1787077800000,26192.35,26198.35,26189.35,26190.35
1787078700000,26191.35,26192.35,26180.35,26180.35
1787079600000,26179.35,26182.35,26174.35,26180.35
1787080500000,26179.35,26195.35,26179.35,26190.35
1787081400000,26189.35,26193.35,26180.35,26182.35
1787082300000,26181.350000000002,26184.350000000002,26157.45,26165.45
1787083200000,26149.45,26160.550000000003,26147.83,26151.83
1787084100000,26152.83,26154.83,26144.83,26152.83
1787085000000,26151.83,26158.83,26150.83,26153.83
1787085900000,26154.83,26155.83,26140.83,26147.83
1787090400000,26154.45,26162.45,26148.45,26153.45
1787091300000,26154.45,26168.45,26145.88,26145.88
1787092200000,26146.879999999997,26148.879999999997,26138.6,26144.6
1787093100000,26143.600000000002,26147.04,26133.45,26135.45
1787094000000,26136.45,26149.45,26133.45,26146.45
1787094900000,26145.45,26159.45,26140.45,26150.45
1787095800000,26151.45,26152.45,26146.45,26149.45
1787096700000,26148.45,26159.45,26146.45,26146.45
1787097600000,26147.45,26148.45,26120.45,26123.45
1787098500000,26123.47,26149.050000000003,26107.15,26143.45
1787099400000,26144.45,26165.15,26142.65,26150.65
1787100300000,26151.15,26156.65,26133.15,26136.050000000003
1787101200000,26134.65,26155.45,26134.65,26144.15
1787102100000,26143.15,26149.050000000003,26134.65,26146.15
1787103000000,26146.15,26151.05,26127.45,26129.45
1787103900000,26129.95,26132.65,26118.65,26127.15
1787104800000,26129.15,26132.65,26120.15,26124.050000000003
1787105700000,26123.149999999998,26141.649999999998,26122.05,26135.649999999998
1787106600000,26135.050000000003,26136.45,26119.65,26128.15
1787107500000,26127.15,26135.65,26122.15,26127.15
1787108400000,26129.15,26136.65,26117.15,26122.15
1787109300000,26124.15,26134.050000000003,26123.65,26130.15
1787110200000,26128.15,26137.65,26122.15,26125.15
1787111100000,26123.15,26128.15,26118.65,26123.15
1787112000000,26122.15,26123.15,26119.65,26121.15
1787112900000,26120.15,26129.65,26111.65,26129.45
1787113800000,26129.15,26131.65,26115.15,26122.15
1787114700000,26125.15,26139.45,26114.65,26138.45
1787115600000,26138.050000000003,26150.65,26128.15,26132.65
1787116500000,26132.15,26142.65,26122.15,26140.15
1787117400000,26141.15,26142.65,26126.65,26134.15
1787118300000,26132.15,26136.45,26122.15,26128.65
1787119200000,26126.15,26130.45,26102.25,26117.25
1787120100000,26119.25,26174.25,26116.25,26165.25
1787121000000,26164.25,26181.25,26162.25,26179.25
1787121900000,26180.25,26215.25,26178.25,26203.25
1787122800000,26199.25,26209.25,26116.25,26135.25
1787123700000,26136.25,26150.25,26119.25,26137.25
1787124600000,26138.25,26164.25,26124.25,26127.25
1787125500000,26126.25,26151.25,26114.25,26146.25
1787126400000,26143.25,26155.25,26110.25,26113.25
1787127300000,26114.25,26155.25,26105.25,26151.25
1787128200000,26152.25,26158.25,26134.25,26158.25
1787129100000,26159.25,26162.25,26113.25,26116.25
1787130000000,26117.25,26129.25,26104.25,26109.25
1787130900000,26108.25,26124.25,26096.25,26113.25
1787131800000,26112.25,26117.25,26085.25,26092.25
1787132700000,26091.25,26131.25,26090.25,26129.25
1787133600000,26128.25,26143.25,26117.25,26138.25
1787134500000,26137.25,26139.25,26116.25,26130.25
1787135400000,26131.25,26135.25,26104.25,26111.25
1787136300000,26110.25,26119.25,26103.25,26116.25
1787137200000,26117.25,26136.25,26111.25,26125.25
1787138100000,26126.25,26142.25,26123.25,26129.25
1787139000000,26130.25,26132.25,26103.25,26111.25
1787139900000,26110.25,26121.25,26100.25,26103.25
1787140800000,26104.25,26105.25,26084.25,26089.25
1787141700000,26090.25,26115.25,26090.25,26108.25
1787142600000,26110.25,26203.25,26105.25,26184.25
1787143500000,26186.25,26194.25,26122.25,26124.25
1787144400000,26125.25,26130.25,26109.25,26111.25
1787145300000,26110.25,26133.25,26100.25,26125.25
1787146200000,26127.25,26136.25,26102.25,26104.25
1787147100000,26105.25,26110.25,26078.25,26097.25
1787148000000,26099.25,26112.25,26083.25,26092.25
1787148900000,26091.25,26123.25,26086.25,26115.25
1787149800000,26114.25,26146.25,26111.25,26132.25
1787150700000,26131.25,26153.25,26127.25,26152.25
1787151600000,26153.25,26154.25,26129.25,26136.25
1787152500000,26137.25,26146.25,26121.25,26138.25
1787153400000,26137.25,26144.25,26097.25,26108.25
1787154300000,26109.25,26127.25,26108.25,26123.25
1787155200000,26122.25,26144.25,26118.25,26134.25
1787156100000,26133.25,26137.25,26118.25,26119.25
1787157000000,26118.25,26121.25,26109.25,26110.25
1787157900000,26109.25,26112.25,26097.25,26099.25
1787158800000,26100.25,26108.25,26092.25,26095.25
1787159700000,26097.25,26097.25,26080.25,26091.25
1787160600000,26092.25,26093.25,26082.25,26087.25
1787161500000,26086.25,26095.25,26086.25,26093.25
1787162400000,26091.45,26106.25,26079.25,26081.25
1787163300000,26080.25,26086.25,26070.25,26084.25
1787164200000,26085.25,26096.25,26085.25,26092.25
1787165100000,26091.25,26092.25,26083.25,26086.25
1787166000000,26085.25,26094.25,26084.25,26094.25
1787166900000,26095.25,26106.25,26091.25,26097.25
1787167800000,26098.25,26108.25,26084.25,26091.25
1787168700000,26093.25,26101.25,26086.25,26096.35
1787169600000,26088.350000000002,26100.45,26080.45,26086.45
1787170500000,26085.45,26090.45,26080.45,26090.45
1787171400000,26089.45,26092.45,26084.45,26088.45
1787172300000,26089.45,26101.32,26089.45,26095.45
1787176800000,26108.05,26145.05,26105.05,26138.05
1787177700000,26137.05,26138.05,26128.05,26131.12
1787178600000,26130.12,26142.12,26128.12,26138.12
1787179500000,26137.12,26144.1,26136.12,26143.1
1787180400000,26142.1,26155.32,26134.6,26143.05
1787181300000,26142.05,26146.05,26137.05,26141.05
1787182200000,26140.050000000003,26148.06,26136.06,26145.06
1787183100000,26146.06,26148.06,26135.06,26136.06
1787184000000,26137.059999999998,26137.059999999998,26122.05,26136.05
1787184900000,26137.05,26137.05,26104.25,26107.25
1787185800000,26106.65,26114.25,26099.75,26109.25
1787186700000,26108.65,26113.25,26103.25,26106.75
1787187600000,26106.75,26106.75,26089.75,26095.75
1787188500000,26097.25,26107.05,26085.75,26095.25
1787189400000,26094.75,26099.05,26084.75,26090.75
1787190300000,26090.75,26094.25,26075.75,26079.25
1787191200000,26080.25,26097.05,26077.75,26090.75
1787192100000,26090.75,26092.25,26071.25,26074.75
1787193000000,26075.75,26086.550000000003,26067.65,26082.65
1787193900000,26081.25,26085.25,26074.75,26078.75
1787194800000,26081.75,26088.25,26073.75,26080.75
1787195700000,26081.75,26094.25,26079.25,26088.25
1787196600000,26088.65,26088.65,26077.75,26085.25
1787197500000,26084.75,26087.65,26080.75,26085.65
1787198400000,26085.25,26092.050000000003,26081.65,26086.75
1787199300000,26085.75,26097.05,26083.75,26095.25
1787200200000,26094.65,26095.65,26083.75,26089.75
1787201100000,26089.25,26104.05,26089.25,26095.75
1787202000000,26095.75,26104.65,26092.75,26093.75
1787202900000,26093.75,26116.65,26092.75,26108.75
1787203800000,26109.75,26116.65,26100.75,26111.05
1787204700000,26110.65,26111.050000000003,26089.65,26095.65
1787205600000,26096.65,26129.850000000002,26094.65,26124.850000000002
1787206500000,26125.85,26125.85,26113.85,26122.85
1787207400000,26123.85,26141.85,26121.85,26130.85
1787208300000,26131.85,26148.85,26119.85,26120.85
1787209200000,26119.85,26119.85,26018.85,26021.85
1787210100000,26019.85,26031.85,25995.85,25997.85
1787211000000,25998.85,26025.85,25980.85,26009.85
1787211900000,26011.85,26025.85,25981.85,25981.85
1787212800000,25980.85,25998.85,25967.85,25983.85
1787213700000,25984.85,25996.85,25954.85,25960.85
1787214600000,25961.85,25963.85,25935.85,25938.85
1787215500000,25937.85,25967.85,25937.85,25948.85
1787216400000,25947.85,25988.85,25944.85,25960.85
1787217300000,25959.85,25978.85,25949.85,25973.85
1787218200000,25972.85,25985.85,25961.85,25983.85
1787219100000,25982.85,26003.85,25982.85,25990.85
1787220000000,25991.85,26002.85,25979.85,25998.85
1787220900000,25999.85,26002.85,25970.85,25970.85
1787221800000,25969.85,25984.85,25960.85,25974.85
1787222700000,25973.85,26005.85,25965.85,26005.85
1787223600000,26003.85,26019.85,25995.85,26006.85
1787224500000,26005.85,26008.85,25979.85,25980.85
1787225400000,25979.85,26011.85,25979.85,26003.85
1787226300000,26002.85,26002.85,25964.85,25964.85
1787227200000,25965.85,25967.85,25927.85,25940.85
1787228100000,25939.85,25948.85,25923.85,25927.449999999997
1787229000000,25927.05,25954.85,25916.55,25953.85
1787229900000,25954.85,25976.85,25953.85,25976.85
1787230800000,25977.85,25986.85,25953.85,25961.85
1787231700000,25960.85,25986.85,25960.85,25983.85
1787232600000,25982.85,25999.85,25956.85,25997.85
1787233500000,25998.85,26002.85,25962.85,25981.85
1787234400000,25979.85,25979.85,25950.85,25971.85
1787235300000,25970.85,25994.85,25968.85,25972.85
1787236200000,25971.85,25992.85,25962.85,25989.85
1787237100000,25990.85,26024.85,25989.85,26023.85
1787238000000,26024.85,26047.85,26001.85,26011.85
1787238900000,26012.85,26021.85,25988.85,26019.85
1787239800000,26018.85,26018.85,25980.85,25984.85
1787240700000,25983.85,26006.85,25981.85,26005.85
1787241600000,26006.85,26011.85,25995.85,25995.85
1787242500000,25993.85,26014.85,25992.85,26013.85
1787243400000,26012.85,26023.85,26001.85,26020.85
1787244300000,26019.85,26029.85,26016.85,26025.85
1787245200000,26024.85,26025.85,26006.85,26006.85
1787246100000,26007.85,26007.85,25991.85,25994.85
1787247000000,25995.85,25996.85,25985.85,25988.85
1787247900000,25987.85,25999.85,25987.85,25993.85
1787248800000,25992.85,25993.85,25971.85,25979.85
1787249700000,25978.85,25984.85,25969.85,25971.85
1787250600000,25972.85,25972.85,25961.85,25969.85
1787251500000,25968.85,25977.85,25967.85,25973.85
1787252400000,25972.85,25990.85,25971.85,25988.85
1787253300000,25989.85,25991.85,25982.85,25989.85
1787254200000,25991.85,25998.85,25983.85,25983.85
1787255100000,25984.850000000002,25990.850000000002,25971.95,25972.95
1787256000000,25972.05,25976.05,25954.19,25956.35
1787256900000,25957.35,25968.07,25945.35,25963.07
1787257800000,25962.07,25978.07,25961.07,25976.07
1787258700000,25977.07,25982.13,25974.07,25982.13
1787263200000,25991.65,25997.65,25968.65,25971.22
1787264100000,25972.22,25980.52,25971.22,25977.52
1787265000000,25978.52,25984.52,25972.52,25981.65
1787265900000,25980.65,25990.65,25979.65,25989.65
1787266800000,25988.65,25989.65,25984.65,25985.65
1787267700000,25986.65,25989.65,25983.65,25984.65
1787268600000,25985.65,25987.65,25977.65,25985.65
1787269500000,25984.65,25986.65,25971.65,25982.65
1787270400000,25978.65,26000.08,25973.65,25999.08
1787271300000,25998.079999999998,25999.55,25979.85,25984.85
1787272200000,25991.25,26006.85,25980.35,26004.35
1787273100000,26003.35,26007.85,25984.85,25989.35
1787274000000,25989.85,26000.649999999998,25983.35,25996.35
1787274900000,25997.35,26009.25,25990.85,26001.35
1787275800000,26000.35,26014.649999999998,25999.35,26013.25
1787276700000,26006.85,26020.25,25999.85,26005.35
1787277600000,26004.85,26010.85,26000.85,26008.85
1787278500000,26010.649999999998,26021.85,26009.85,26017.35
1787279400000,26015.85,26020.35,26006.35,26009.35
1787280300000,26011.85,26022.85,26007.35,26012.85
1787281200000,26014.35,26016.35,26005.85,26007.25
1787282100000,26003.35,26011.85,26000.85,26009.35
1787283000000,26006.35,26018.85,26001.85,26006.35
1787283900000,26007.35,26011.85,26001.35,26008.35
1787284800000,26006.85,26019.85,26004.85,26018.35
1787285700000,26020.35,26022.85,26002.35,26007.35
1787286600000,26005.35,26013.85,26000.85,26009.35
1787287500000,26008.35,26023.85,26008.35,26018.85
1787288400000,26022.35,26027.25,26015.35,26024.35
1787289300000,26022.35,26025.85,26012.35,26015.35
1787290200000,26013.85,26025.85,26011.85,26016.35
1787291100000,26015.35,26015.85,26004.35,26015.649999999998
1787292000000,26014.65,26035.45,26009.15,26034.45
1787292900000,26035.45,26038.45,26022.45,26026.45
1787293800000,26028.45,26039.45,26021.45,26026.45
1787294700000,26027.45,26060.45,26021.45,26052.45
1787295600000,26054.45,26061.25,25985.95,25994.95
1787296500000,25994.65,26028.95,25978.95,26021.55
1787297400000,26022.95,26076.95,26018.95,26071.95
1787298300000,26070.95,26078.95,26044.95,26058.95
1787299200000,26054.95,26064.95,26034.95,26054.95
1787300100000,26056.95,26089.95,26055.95,26089.95
1787301000000,26088.95,26090.95,26067.95,26083.95
1787301900000,26084.95,26094.95,26075.95,26090.95
1787302800000,26091.95,26100.95,26074.95,26081.95
1787303700000,26082.95,26084.95,26056.95,26059.95
1787304600000,26058.95,26075.95,26048.95,26053.95
1787305500000,26052.95,26069.95,26043.95,26050.95
1787306400000,26049.95,26071.95,26035.95,26038.95
1787307300000,26037.95,26046.95,26029.95,26030.95
1787308200000,26029.95,26031.95,26017.95,26023.45
1787309100000,26024.45,26034.45,26021.45,26026.45
1787310000000,26027.45,26062.45,26018.45,26053.45
1787310900000,26052.45,26087.45,26052.45,26069.45
1787311800000,26070.45,26089.45,26052.45,26056.45
1787312700000,26058.45,26062.45,26050.45,26060.45
1787313600000,26061.45,26075.45,26056.45,26068.45
1787314500000,26069.45,26082.45,26064.45,26081.45
1787315400000,26080.45,26105.45,26072.45,26098.45
1787316300000,26099.45,26110.45,26088.45,26099.45
1787317200000,26097.45,26115.45,26095.45,26114.45
1787318100000,26113.45,26132.45,26106.45,26124.45
1787319000000,26125.45,26150.25,26119.45,26127.45
1787319900000,26124.15,26167.45,26113.45,26158.45
1787320800000,26157.45,26171.45,26132.45,26132.45
1787321700000,26133.45,26161.45,26126.45,26156.45
1787322600000,26157.45,26167.45,26133.45,26157.45
1787323500000,26158.45,26174.45,26150.45,26164.45
1787324400000,26165.45,26166.45,26134.45,26135.45
1787325300000,26134.45,26142.45,26123.45,26137.45
1787326200000,26136.45,26167.45,26119.45,26165.45
1787327100000,26163.65,26167.45,26139.45,26140.45
1787328000000,26141.45,26141.45,26124.45,26124.45
1787328900000,26123.45,26141.45,26111.45,26126.45
1787329800000,26125.45,26131.45,26121.45,26124.45
1787330700000,26123.45,26124.45,26113.45,26124.45
1787331600000,26125.45,26127.45,26117.45,26118.45
1787332500000,26119.45,26119.45,26106.45,26111.45
1787333400000,26110.45,26118.45,26107.45,26116.45
1787334300000,26117.45,26124.45,26109.45,26110.45
1787335200000,26109.45,26111.45,26100.45,26103.45
1787336100000,26102.45,26110.45,26102.45,26108.45
1787337000000,26107.45,26109.45,26100.45,26108.45
1787337900000,26109.45,26115.45,26107.45,26115.45
1787338800000,26114.45,26118.45,26111.45,26114.45
1787339700000,26113.45,26116.45,26108.45,26109.45
1787340600000,26108.45,26130.45,26107.45,26126.45
1787341500000,26127.45,26139.45,26118.45,26125.55
1787342400000,26125.550000000003,26125.550000000003,26100.65,26107.65
1787343300000,26106.65,26110.65,26098.65,26098.65
1787344200000,26099.65,26108.65,26098.65,26107.640000000003
1787345100000,26108.64,26108.64,26099.64,26101.64
1787522400000,26089.55,26111.55,26089.55,26101.27
1787523300000,26100.27,26105.850000000002,26092.27,26099.55
1787524200000,26098.55,26119.55,26097.55,26118.55
1787525100000,26119.55,26124.55,26118.55,26121.55
1787526000000,26120.55,26124.55,26119.55,26122.55
1787526900000,26121.55,26140.55,26120.55,26140.55
1787527800000,26139.55,26148.7,26139.27,26140.27
1787528700000,26141.27,26167.55,26139.55,26167.55
1787529600000,26172.55,26179.55,26146.55,26147.55
1787530500000,26148.55,26148.55,26101.25,26112.25
1787531400000,26114.25,26120.55,26099.75,26100.75
1787532300000,26100.15,26131.55,26098.25,26131.25
1787533200000,26129.25,26150.75,26127.75,26144.25
1787534100000,26147.25,26151.75,26136.25,26139.25
1787535000000,26137.25,26138.15,26118.25,26130.25
1787535900000,26128.25,26142.55,26117.75,26118.15
1787536800000,26118.55,26131.15,26108.25,26129.75
1787537700000,26130.75,26147.55,26126.25,26141.25
1787538600000,26141.75,26145.15,26135.25,26143.15
1787539500000,26142.75,26144.75,26125.75,26139.25
1787540400000,26138.25,26139.25,26110.55,26113.149999999998
1787541300000,26114.55,26123.25,26108.25,26112.75
1787542200000,26111.75,26123.75,26103.75,26111.25
1787543100000,26110.75,26116.55,26105.25,26108.15
1787544000000,26109.25,26121.15,26109.25,26121.15
1787544900000,26122.55,26128.55,26110.25,26118.75
1787545800000,26119.25,26130.15,26113.75,26117.25
1787546700000,26120.25,26127.75,26113.25,26113.25
1787547600000,26111.75,26124.55,26109.25,26122.55
1787548500000,26120.25,26122.15,26111.25,26113.15
1787549400000,26112.15,26113.55,26093.25,26096.25
1787550300000,26096.75,26106.149999999998,26084.55,26094.75
1787551200000,26091.15,26113.35,26089.25,26110.35
1787552100000,26111.35,26120.35,26091.35,26113.35
1787553000000,26114.35,26120.35,26092.35,26096.35
1787553900000,26095.35,26103.35,26088.35,26093.35
1787554800000,26092.35,26114.35,26071.55,26085.35
1787555700000,26084.35,26090.35,26054.35,26054.35
1787556600000,26055.35,26085.35,26046.35,26072.35
1787557500000,26071.35,26095.35,26054.35,26057.35
1787558400000,26056.350000000002,26143.850000000002,26045.45,26101.850000000002
1787559300000,26100.85,26133.85,26100.85,26126.85
1787560200000,26127.85,26167.35,26117.85,26161.35
1787561100000,26162.35,26169.35,26128.85,26134.85
1787562000000,26133.85,26168.35,26122.35,26162.35
1787562900000,26161.35,26164.35,26126.35,26137.35
1787563800000,26138.35,26152.35,26138.35,26144.35
1787564700000,26143.35,26160.35,26137.35,26159.35
1787565600000,26160.35,26167.35,26149.35,26156.35
1787566500000,26157.35,26172.35,26155.35,26163.35
1787567400000,26162.35,26185.35,26148.35,26149.35
1787568300000,26150.35,26153.35,26136.35,26141.35
1787569200000,26139.35,26143.35,26116.35,26127.35
1787570100000,26126.35,26137.35,26119.35,26130.35
1787571000000,26129.35,26179.35,26125.35,26155.35
1787571900000,26154.35,26156.35,26132.35,26143.35
1787572800000,26144.35,26145.35,26119.35,26138.35
1787573700000,26137.35,26152.35,26135.35,26142.35
1787574600000,26143.35,26153.05,26094.55,26120.35
1787575500000,26121.35,26131.35,26116.35,26122.35
1787576400000,26123.35,26125.35,26085.35,26090.35
1787577300000,26092.35,26112.35,26089.35,26091.35
1787578200000,26090.35,26106.35,26053.35,26068.35
1787579100000,26069.35,26113.35,26063.35,26097.35
1787580000000,26098.35,26105.35,26059.35,26065.35
1787580900000,26066.35,26081.35,26059.35,26064.35
1787581800000,26062.35,26094.35,26060.35,26093.35
1787582700000,26094.35,26122.35,26090.35,26117.35
1787583600000,26118.35,26121.35,26091.35,26108.35
1787584500000,26105.35,26140.149999999998,26097.35,26131.35
1787585400000,26132.35,26137.35,26103.35,26126.35
1787586300000,26125.35,26139.35,26124.35,26133.35
1787587200000,26132.35,26155.35,26132.35,26133.35
1787588100000,26132.35,26144.35,26131.35,26140.35
1787589000000,26141.35,26141.35,26122.35,26122.35
1787589900000,26123.35,26125.35,26116.35,26122.35
1787590800000,26123.35,26147.35,26121.35,26142.35
1787591700000,26141.35,26141.35,26121.35,26121.35
1787592600000,26122.35,26128.35,26116.35,26116.35
1787593500000,26115.35,26125.35,26113.35,26121.35
1787594400000,26120.35,26136.35,26120.35,26135.35
1787595300000,26136.35,26143.35,26131.35,26142.35
1787596200000,26141.35,26145.35,26131.35,26138.35
1787597100000,26137.35,26141.35,26128.35,26128.35
1787598000000,26129.35,26130.35,26122.35,26127.35
1787598900000,26126.35,26127.35,26119.35,26121.35
1787599800000,26120.35,26126.35,26115.35,26118.35
1787600700000,26119.35,26128.35,26109.35,26126.449999999997
1787601600000,26124.45,26129.55,26113.55,26121.559999999998
1787602500000,26122.56,26122.56,26108.56,26110.56
1787603400000,26109.56,26124.56,26109.56,26123.56
1787604300000,26122.56,26136.56,26118.56,26135.56
1787608800000,26148.15,26150.15,26135.15,26137.15
1787609700000,26138.15,26140.15,26136.15,26137.15
1787610600000,26138.15,26139.15,26134.15,26134.15
1787611500000,26135.15,26138.15,26134.15,26138.15
1787612400000,26137.15,26140.15,26136.15,26140.15
1787613300000,26139.15,26141.15,26130.15,26130.15
1787614200000,26129.15,26131.15,26113.15,26118.15
1787615100000,26117.15,26123.15,26115.15,26123.15
1787616000000,26122.15,26133.15,26109.15,26113.15
1787616900000,26103.05,26133.149999999998,26098.35,26131.35
1787617800000,26130.35,26141.35,26129.35,26137.85
1787618700000,26140.85,26146.85,26136.85,26137.75
1787619600000,26137.85,26159.149999999998,26134.35,26154.35
1787620500000,26154.75,26158.149999999998,26145.85,26151.35
1787621400000,26152.35,26168.75,26149.85,26158.85
1787622300000,26159.85,26166.35,26153.85,26153.85
1787623200000,26154.35,26158.15,26136.75,26142.35
1787624100000,26141.75,26157.149999999998,26140.35,26151.75
1787625000000,26152.35,26161.149999999998,26145.85,26145.85
1787625900000,26145.85,26147.35,26131.35,26134.35
1787626800000,26133.85,26160.35,26133.85,26153.35
1787627700000,26154.350000000002,26167.75,26153.15,26164.850000000002
1787628600000,26164.85,26168.149999999998,26154.35,26161.35
1787629500000,26160.85,26164.149999999998,26152.35,26164.149999999998
1787630400000,26163.149999999998,26170.149999999998,26157.85,26166.85
1787631300000,26167.35,26170.149999999998,26160.85,26164.75
1787632200000,26162.85,26174.149999999998,26160.85,26170.85
1787633100000,26170.85,26173.75,26163.85,26168.85
1787634000000,26167.85,26189.149999999998,26167.35,26186.149999999998
1787634900000,26187.15,26197.15,26186.15,26188.75
1787635800000,26188.35,26189.75,26181.35,26181.75
1787636700000,26182.15,26195.15,26180.65,26193.15
1787637600000,26193.75,26212.949999999997,26188.85,26202.949999999997
1787638500000,26201.95,26219.95,26194.95,26211.95
1787639400000,26210.95,26214.95,26200.95,26213.95
1787640300000,26212.95,26241.95,26205.95,26229.95
1787641200000,26222.95,26260.75,26187.95,26198.95
1787642100000,26199.95,26208.95,26175.95,26198.95
1787643000000,26197.95,26237.95,26197.95,26235.95
1787643900000,26234.95,26236.95,26187.95,26202.95
1787644800000,26203.95,26210.75,26174.95,26187.95
1787645700000,26188.95,26286.95,26182.95,26238.95
1787646600000,26237.95,26247.95,26202.95,26235.95
1787647500000,26237.95,26261.95,26232.95,26260.95
1787648400000,26259.95,26269.95,26242.95,26256.95
1787649300000,26257.95,26285.95,26255.95,26284.95
1787650200000,26285.95,26326.95,26282.95,26309.95
1787651100000,26310.95,26354.95,26300.95,26322.95
1787652000000,26323.95,26344.95,26315.95,26340.95
1787652900000,26339.95,26345.95,26330.95,26331.95
1787653800000,26332.95,26358.95,26330.95,26335.95
1787654700000,26336.95,26351.95,26336.95,26343.95
1787655600000,26342.95,26344.95,26290.55,26321.95
1787656500000,26322.95,26329.95,26305.95,26306.95
1787657400000,26307.95,26332.95,26307.95,26327.95
1787658300000,26328.95,26338.95,26316.95,26327.95
1787659200000,26326.95,26343.95,26294.95,26307.95
1787660100000,26306.95,26329.95,26289.95,26297.95
1787661000000,26296.95,26307.95,26283.95,26294.95
1787661900000,26295.95,26309.95,26287.95,26292.95
1787662800000,26293.95,26302.95,26279.95,26298.95
1787663700000,26297.95,26298.95,26276.95,26291.95
1787664600000,26292.95,26297.95,26261.95,26297.95
1787665500000,26298.95,26301.95,26268.95,26273.95
1787666400000,26272.95,26318.95,26261.15,26315.95
1787667300000,26314.95,26323.95,26291.95,26294.95
1787668200000,26292.95,26339.95,26259.65,26328.95
1787669100000,26329.95,26332.95,26306.95,26308.95
1787670000000,26309.95,26312.95,26276.95,26283.95
1787670900000,26286.95,26306.95,26283.95,26293.95
1787671800000,26295.95,26317.95,26268.95,26273.95
1787672700000,26272.95,26290.95,26268.95,26280.95
1787673600000,26279.95,26281.95,26269.95,26272.95
1787674500000,26271.95,26275.95,26265.95,26268.95
1787675400000,26267.95,26274.95,26264.95,26267.95
1787676300000,26266.95,26278.95,26262.95,26273.95
1787677200000,26272.95,26272.95,26248.95,26256.95
1787678100000,26255.95,26258.95,26246.95,26250.95
1787679000000,26249.95,26256.95,26246.95,26249.95
1787679900000,26248.95,26257.95,26248.95,26254.95
1787680800000,26253.95,26255.95,26247.95,26247.95
1787681700000,26246.95,26251.95,26244.95,26245.95
1787682600000,26246.95,26255.95,26245.95,26253.95
1787683500000,26254.95,26265.95,26253.95,26261.95
1787684400000,26262.95,26262.95,26255.95,26256.95
1787685300000,26257.95,26265.95,26251.95,26263.95
1787686200000,26264.95,26271.95,26257.95,26265.95
1787687100000,26264.95,26293.95,26259.95,26286.05
1787688000000,26287.050000000003,26288.15,26274.15,26283.15
1787688900000,26284.15,26294.940000000002,26281.15,26289.940000000002
1787689800000,26290.94,26293.94,26279.94,26280.94
1787690700000,26279.94,26280.94,26272.94,26277.94
1787695200000,26288.95,26291.95,26280.95,26283.95
1787696100000,26282.95,26287.95,26279.95,26286.95
1787697000000,26287.95,26288.95,26283.95,26286.95
1787697900000,26285.95,26286.95,26283.95,26284.95
1787698800000,26285.95,26286.95,26281.95,26282.670000000002
1787699700000,26283.67,26283.67,26272.26,26272.26
1787700600000,26273.260000000002,26274.98,26259.95,26261.95
1787701500000,26260.949999999997,26260.949999999997,26249.1,26256.1
1787702400000,26251.1,26256.949999999997,26243.1,26251.949999999997
1787703300000,26249.95,26278.649999999998,26232.55,26253.149999999998
1787704200000,26250.65,26258.65,26242.65,26252.65
1787705100000,26251.65,26257.65,26244.15,26249.15
1787706000000,26246.65,26266.95,26245.65,26257.65
1787706900000,26256.15,26268.15,26236.65,26246.65
1787707800000,26247.15,26253.65,26241.65,26250.15
1787708700000,26249.15,26256.550000000003,26238.65,26256.550000000003
1787709600000,26257.95,26262.15,26250.65,26256.65
1787710500000,26257.65,26285.95,26255.65,26285.95
1787711400000,26286.15,26304.95,26280.65,26303.95
1787712300000,26300.65,26309.95,26297.65,26301.65
1787713200000,26304.15,26307.550000000003,26299.15,26304.15
1787714100000,26303.65,26305.550000000003,26294.15,26296.15
1787715000000,26295.65,26308.15,26290.15,26304.550000000003
1787715900000,26304.95,26308.15,26299.15,26301.65
1787716800000,26300.65,26307.95,26294.15,26297.65
1787717700000,26298.65,26301.15,26294.15,26295.65
1787718600000,26297.15,26298.15,26290.15,26291.65
1787719500000,26292.15,26292.550000000003,26275.15,26280.65
1787720400000,26279.65,26295.15,26278.65,26283.65
1787721300000,26286.550000000003,26287.550000000003,26269.15,26280.15
1787722200000,26279.65,26284.15,26266.15,26278.550000000003
1787723100000,26277.550000000003,26278.95,26267.15,26271.550000000003
1787724000000,26272.15,26285.75,26249.75,26276.75
1787724900000,26275.75,26290.75,26272.75,26284.75
1787725800000,26285.75,26301.75,26278.75,26299.75
1787726700000,26297.75,26300.75,26274.75,26282.75
1787727600000,26283.75,26293.75,26250.75,26266.75
1787728500000,26267.75,26273.75,26226.75,26236.75
1787729400000,26235.75,26248.75,26207.75,26239.75
1787730300000,26238.75,26279.75,26233.75,26279.75
1787731200000,26280.75,26281.75,26253.75,26260.75
1787732100000,26259.75,26273.75,26241.75,26258.75
1787733000000,26257.75,26289.75,26246.75,26286.75
1787733900000,26285.75,26296.75,26254.75,26274.75
1787734800000,26275.75,26295.75,26272.75,26285.75
1787735700000,26284.75,26299.75,26282.75,26294.75
1787736600000,26295.75,26320.75,26293.75,26314.75
1787737500000,26313.75,26339.75,26309.25,26336.75
1787738400000,26337.75,26342.25,26321.25,26326.75
1787739300000,26327.75,26335.75,26314.75,26315.75
1787740200000,26314.75,26339.75,26307.75,26319.75
1787741100000,26320.75,26329.75,26306.75,26310.75
1787742000000,26309.75,26326.75,26304.75,26325.75
1787742900000,26326.75,26348.75,26326.75,26343.75
1787743800000,26344.75,26349.75,26330.75,26339.75
1787744700000,26340.75,26354.75,26328.75,26353.75
1787745600000,26352.75,26396.75,26351.75,26385.75
1787746500000,26386.75,26405.75,26382.75,26399.75
1787747400000,26398.35,26404.95,26372.75,26384.75
1787748300000,26385.75,26404.75,26373.75,26379.75
1787749200000,26380.75,26387.75,26361.75,26374.75
1787750100000,26373.75,26390.75,26367.75,26386.75
1787751000000,26384.75,26455.75,26379.75,26454.75
1787751900000,26455.75,26475.75,26422.75,26438.75
1787752800000,26437.75,26446.75,26403.75,26413.75
1787753700000,26414.75,26418.75,26374.75,26385.75
1787754600000,26384.75,26395.75,26375.75,26381.75
1787755500000,26382.75,26385.75,26365.75,26366.75
1787756400000,26367.75,26377.75,26343.75,26345.75
1787757300000,26344.75,26345.75,26316.75,26324.75
1787758200000,26326.75,26333.75,26288.95,26322.75
1787759100000,26323.75,26327.75,26284.75,26286.75
1787760000000,26285.75,26287.75,26263.75,26265.75
1787760900000,26264.75,26269.75,26257.75,26261.75
1787761800000,26264.75,26266.75,26243.75,26248.75
1787762700000,26249.75,26267.75,26246.75,26266.75
1787763600000,26265.75,26278.75,26262.75,26272.75
1787764500000,26273.75,26283.75,26273.75,26279.75
1787765400000,26280.75,26280.75,26271.75,26275.75
1787766300000,26274.75,26274.75,26266.75,26271.75
1787767200000,26270.75,26275.75,26268.75,26270.75
1787768100000,26271.75,26277.75,26267.75,26268.75
1787769000000,26267.75,26274.75,26263.75,26272.75
1787769900000,26271.75,26286.75,26271.75,26283.75
1787770800000,26284.75,26299.75,26284.75,26296.75
1787771700000,26295.75,26300.75,26291.75,26297.75
1787772600000,26296.75,26305.75,26294.75,26302.75
1787773500000,26301.75,26307.75,26290.75,26295.85
1787774400000,26290.95,26320.09,26283.95,26317.09
1787775300000,26318.09,26326.95,26288.81,26308.09
1787776200000,26309.09,26312.09,26297.09,26307.09
1787777100000,26308.09,26340.95,26306.09,26339.95
1787781600000,26381.550000000003,26411.370000000003,26365.56,26375.56
1787782500000,26374.56,26389.550000000003,26369.56,26386.260000000002
1787783400000,26385.26,26397.52,26379.55,26387.55
1787784300000,26386.55,26387.55,26372.55,26374.55
1787785200000,26373.55,26376.55,26368.55,26371.55
1787786100000,26370.55,26374.45,26366.45,26370.55
1787787000000,26369.55,26373.55,26368.55,26370.55
1787787900000,26369.55,26382.55,26367.55,26382.55
1787788800000,26394.55,26395.55,26367.55,26370.55
1787789700000,26350.45,26355.55,26330.45,26355.55
1787790600000,26355.15,26355.55,26336.25,26339.15
1787791500000,26338.75,26340.15,26322.25,26333.55
1787792400000,26333.15,26342.75,26327.75,26335.55
1787793300000,26334.15,26356.55,26333.25,26355.15
1787794200000,26353.75,26366.550000000003,26342.15,26344.25
1787795100000,26343.25,26358.55,26343.25,26353.75
1787796000000,26354.15,26361.55,26352.25,26358.75
1787796900000,26359.15,26359.55,26338.25,26344.75
1787797800000,26342.25,26356.75,26341.25,26349.25
1787798700000,26350.25,26359.55,26346.25,26354.25
1787799600000,26353.25,26361.75,26349.25,26354.25
1787800500000,26355.25,26366.75,26353.25,26361.25
1787801400000,26363.25,26366.25,26352.25,26358.25
1787802300000,26357.25,26365.75,26343.75,26351.25
1787803200000,26350.25,26357.25,26349.75,26355.25
1787804100000,26354.25,26361.55,26349.75,26349.75
1787805000000,26349.15,26349.55,26334.25,26347.75
1787805900000,26348.15,26358.55,26347.25,26351.75
1787806800000,26352.15,26358.75,26336.25,26355.75
1787807700000,26355.25,26369.55,26341.75,26368.15
1787808600000,26368.55,26383.75,26354.75,26374.15
1787809500000,26377.05,26385.15,26364.25,26376.75
1787810400000,26377.149999999998,26381.35,26342.35,26345.35
1787811300000,26346.350000000002,26362.350000000002,26343.95,26357.350000000002
1787812200000,26358.35,26384.35,26357.35,26384.35
1787813100000,26382.35,26397.35,26366.35,26385.35
1787814000000,26378.35,26383.35,26319.35,26324.35
1787814900000,26326.35,26328.35,26301.35,26314.35
1787815800000,26316.35,26329.35,26292.35,26299.35
1787816700000,26300.35,26351.35,26295.35,26329.35
1787817600000,26330.35,26383.35,26327.35,26368.35
1787818500000,26369.35,26388.35,26362.35,26362.35
1787819400000,26361.35,26374.35,26341.35,26345.35
1787820300000,26346.35,26349.35,26312.35,26314.35
1787821200000,26313.35,26376.35,26307.35,26356.35
1787822100000,26355.35,26360.35,26341.35,26355.35
1787823000000,26354.35,26369.35,26338.35,26338.35
1787823900000,26339.35,26362.35,26327.35,26353.35
1787824800000,26354.35,26375.35,26342.35,26348.35
1787825700000,26349.35,26376.35,26347.35,26352.35
1787826600000,26351.35,26360.35,26328.35,26345.35
1787827500000,26346.35,26355.35,26324.35,26353.35
1787828400000,26352.35,26366.35,26337.35,26354.35
1787829300000,26357.35,26378.35,26357.35,26362.35
1787830200000,26361.35,26394.35,26356.35,26388.35
1787831100000,26387.35,26402.35,26374.35,26401.35
1787832000000,26400.35,26405.35,26385.35,26387.35
1787832900000,26388.35,26394.35,26362.35,26366.05
1787833800000,26360.05,26379.35,26346.35,26350.35
1787834700000,26351.35,26360.35,26343.35,26351.35
1787835600000,26352.35,26380.35,26346.35,26351.35
1787836500000,26350.35,26362.35,26335.35,26360.35
1787837400000,26361.35,26370.35,26316.35,26317.35
1787838300000,26316.35,26343.35,26298.35,26323.35
1787839200000,26322.35,26324.35,26239.55,26248.35
1787840100000,26249.35,26309.35,26248.35,26300.35
1787841000000,26301.35,26319.35,26270.35,26318.35
1787841900000,26317.35,26335.35,26316.35,26330.35
1787842800000,26331.35,26350.35,26321.35,26342.35
1787843700000,26341.35,26366.35,26341.35,26356.35
1787844600000,26355.35,26380.35,26340.35,26364.35
1787845500000,26363.35,26383.35,26355.35,26377.35
1787846400000,26376.35,26382.35,26370.35,26373.35
1787847300000,26374.35,26380.35,26370.35,26376.35
1787848200000,26377.35,26389.35,26375.35,26386.35
1787849100000,26384.35,26392.35,26384.35,26387.35
1787850000000,26388.35,26389.35,26376.35,26377.35
1787850900000,26378.35,26381.35,26366.35,26366.35
1787851800000,26367.35,26379.35,26361.35,26364.35
1787852700000,26363.35,26366.35,26356.35,26358.35
1787853600000,26359.35,26361.35,26351.35,26358.35
1787854500000,26357.35,26363.35,26341.35,26343.35
1787855400000,26342.35,26366.35,26342.35,26362.35
1787856300000,26363.35,26371.35,26360.35,26371.35
1787857200000,26370.35,26383.35,26370.35,26376.35
1787858100000,26377.35,26379.35,26368.35,26374.35
1787859000000,26373.35,26385.35,26372.35,26378.35
1787859900000,26377.35,26398.449999999997,26376.35,26397.449999999997
1787860800000,26397.45,26399.55,26371.55,26371.55
1787861700000,26372.55,26375.55,26361.98,26366.98
1787862600000,26367.98,26368.98,26363.55,26367.27
1787863500000,26366.27,26369.27,26360.27,26365.27
1787868000000,26364.55,26373.14,26347.55,26366.55
1787868900000,26365.55,26374.55,26364.55,26373.55
1787869800000,26372.55,26374.55,26370.55,26372.55
1787870700000,26371.55,26372.55,26367.55,26370.55
1787871600000,26371.55,26372.55,26361.55,26364.55
1787872500000,26363.55,26364.55,26360.55,26361.55
1787873400000,26362.55,26362.55,26358.55,26359.55
1787874300000,26358.55,26363.55,26351.55,26363.55
1787875200000,26364.55,26384.55,26357.55,26383.55
1787876100000,26384.55,26416.15,26370.25,26412.25
1787877000000,26414.25,26438.75,26411.25,26431.75
1787877900000,26432.25,26434.25,26427.25,26429.15
1787878800000,26430.55,26441.75,26430.55,26435.25
1787879700000,26436.25,26437.75,26427.25,26430.75
1787880600000,26430.25,26446.75,26429.25,26441.25
1787881500000,26441.25,26453.25,26434.75,26452.75
1787882400000,26452.25,26473.55,26452.25,26470.75
1787883300000,26472.15,26485.15,26470.75,26479.75
1787884200000,26478.25,26479.75,26455.15,26455.75
1787885100000,26456.15,26460.75,26449.25,26456.25
1787886000000,26459.25,26469.15,26454.75,26461.75
1787886900000,26464.25,26479.15,26462.25,26475.25
1787887800000,26475.25,26476.25,26452.25,26455.75
1787888700000,26454.25,26479.75,26452.25,26472.25
1787889600000,26471.75,26473.25,26459.25,26469.25
1787890500000,26470.75,26476.75,26460.25,26462.25
1787891400000,26464.25,26467.55,26455.25,26463.55
1787892300000,26463.75,26465.55,26457.75,26461.55
1787893200000,26460.55,26463.75,26454.25,26458.25
1787894100000,26457.75,26459.75,26449.15,26453.15
1787895000000,26452.15,26453.55,26444.75,26447.15
1787895900000,26446.149999999998,26448.55,26433.55,26437.149999999998
1787896800000,26438.149999999998,26463.35,26434.05,26457.35
1787897700000,26458.35,26480.35,26451.35,26451.35
1787898600000,26452.35,26491.35,26452.35,26487.35
1787899500000,26493.35,26503.35,26477.35,26500.35
1787900400000,26499.949999999997,26520.35,26475.35,26514.35
1787901300000,26515.35,26556.35,26506.35,26508.35
1787902200000,26507.35,26527.35,26488.35,26496.35
1787903100000,26497.35,26530.35,26491.35,26506.35
1787904000000,26505.35,26531.35,26501.35,26527.35
1787904900000,26528.35,26540.35,26506.35,26540.35
1787905800000,26539.35,26559.35,26532.35,26550.35
1787906700000,26549.35,26550.35,26521.85,26523.85
1787907600000,26524.85,26550.85,26524.85,26527.85
1787908500000,26526.85,26540.85,26523.85,26527.85
1787909400000,26528.85,26545.85,26524.85,26543.85
1787910300000,26542.85,26557.85,26535.85,26542.85
1787911200000,26541.85,26546.85,26509.85,26522.35
1787912100000,26523.35,26529.35,26504.35,26515.35
1787913000000,26514.35,26529.35,26512.35,26515.35
1787913900000,26514.35,26516.35,26486.35,26499.35
1787914800000,26497.35,26529.35,26496.35,26529.35
1787915700000,26530.35,26534.35,26506.35,26508.35
1787916600000,26507.35,26518.35,26496.35,26500.35
1787917500000,26499.35,26511.35,26490.35,26503.35
1787918400000,26502.35,26512.35,26492.35,26510.35
1787919300000,26511.35,26542.35,26510.35,26539.35
1787920200000,26538.35,26550.35,26525.35,26537.35
1787921100000,26538.35,26552.35,26523.35,26525.35
1787922000000,26526.35,26554.85,26520.85,26522.85
1787922900000,26523.85,26530.85,26510.85,26529.85
1787923800000,26532.85,26551.85,26504.85,26504.85
1787924700000,26505.85,26515.85,26488.85,26497.449999999997
1787925600000,26495.05,26548.85,26491.85,26508.85
1787926500000,26507.85,26549.85,26507.85,26537.85
1787927400000,26536.85,26588.85,26536.85,26573.85
1787928300000,26572.85,26629.85,26568.85,26611.85
1787929200000,26610.85,26618.85,26580.85,26595.85
1787930100000,26596.85,26606.85,26582.85,26592.85
1787931000000,26593.85,26595.85,26558.85,26568.85
1787931900000,26569.85,26578.85,26549.85,26550.85
1787932800000,26549.85,26565.85,26543.85,26544.85
1787933700000,26545.85,26548.85,26520.85,26534.85
1787934600000,26533.85,26553.85,26531.85,26539.85
1787935500000,26540.85,26557.85,26539.85,26541.85
1787936400000,26540.85,26540.85,26523.85,26538.85
1787937300000,26539.85,26540.85,26526.85,26526.85
1787938200000,26527.85,26541.85,26525.85,26528.85
1787939100000,26529.85,26541.85,26528.85,26533.85
1787940000000,26534.85,26543.85,26530.85,26530.85
1787940900000,26531.85,26538.85,26525.85,26526.85
1787941800000,26525.85,26536.85,26525.85,26533.85
1787942700000,26532.85,26538.85,26526.85,26535.85
1787943600000,26536.85,26549.85,26533.85,26546.85
1787944500000,26547.85,26555.85,26543.85,26554.85
1787945400000,26555.85,26561.85,26546.85,26558.85
1787946300000,26557.85,26568.85,26545.85,26561.949999999997
1787947200000,26561.95,26561.95,26547.05,26552.05
1787948100000,26553.05,26554.05,26549.05,26553.05
1787949000000,26552.05,26564.05,26548.05,26562.399999999998
1787949900000,26563.4,26569.4,26560.4,26566.4
1788127200000,26571.45,26573.45,26508.45,26530.45
1788128100000,26531.45,26544.45,26529.45,26533.45
1788129000000,26534.449999999997,26536.449999999997,26513.17,26517.17
1788129900000,26516.17,26526.17,26515.17,26525.17
1788130800000,26524.170000000002,26525.88,26507.45,26517.45
1788131700000,26516.45,26522.45,26504.45,26505.45
1788132600000,26504.449999999997,26504.449999999997,26479.17,26496.17
1788133500000,26497.170000000002,26497.170000000002,26461.45,26466.45
1788134400000,26465.45,26496.45,26457.45,26492.45
1788135300000,26493.45,26514.35,26479.05,26509.05
1788136200000,26506.65,26517.15,26503.15,26512.15
1788137100000,26513.15,26513.65,26496.15,26497.15
1788138000000,26497.15,26514.050000000003,26482.15,26496.65
1788138900000,26499.45,26501.45,26478.65,26490.65
1788139800000,26489.65,26493.65,26478.15,26482.15
1788140700000,26482.15,26490.050000000003,26478.65,26484.65
1788141600000,26483.149999999998,26484.649999999998,26471.05,26484.05
1788142500000,26483.65,26484.65,26460.65,26474.15
1788143400000,26473.15,26484.15,26457.65,26468.65
1788144300000,26470.15,26484.050000000003,26461.15,26483.65
1788145200000,26483.15,26495.45,26481.65,26493.45
1788146100000,26491.65,26492.65,26483.15,26487.050000000003
1788147000000,26487.65,26491.050000000003,26482.65,26487.15
1788147900000,26486.15,26492.45,26482.65,26486.15
1788148800000,26487.15,26493.050000000003,26483.15,26493.050000000003
1788149700000,26492.65,26495.45,26486.15,26489.15
1788150600000,26489.65,26501.45,26481.45,26497.15
1788151500000,26496.15,26518.15,26489.65,26515.050000000003
1788152400000,26515.65,26536.65,26508.15,26535.95
1788153300000,26535.45,26556.45,26535.45,26551.45
1788154200000,26550.45,26552.05,26520.05,26527.149999999998
1788155100000,26528.649999999998,26530.649999999998,26520.05,26526.05
1788156000000,26526.15,26542.25,26512.25,26529.25
1788156900000,26530.25,26542.25,26530.25,26536.25
1788157800000,26537.25,26540.25,26519.25,26523.25
1788158700000,26522.25,26527.25,26495.25,26502.25
1788159600000,26499.25,26499.25,26438.25,26459.25
1788160500000,26460.25,26478.25,26426.25,26428.25
1788161400000,26427.25,26430.25,26401.25,26416.25
1788162300000,26417.25,26418.25,26380.25,26396.25
1788163200000,26397.25,26425.25,26380.25,26382.25
1788164100000,26383.25,26424.25,26379.25,26417.25
1788165000000,26416.25,26426.25,26405.25,26412.25
1788165900000,26413.25,26435.25,26409.25,26431.25
1788166800000,26429.25,26431.25,26408.25,26425.25
1788167700000,26426.25,26430.25,26402.25,26414.25
1788168600000,26413.25,26434.25,26403.25,26413.25
1788169500000,26412.25,26417.25,26383.25,26387.25
1788170400000,26388.25,26388.25,26350.75,26352.75
1788171300000,26353.75,26364.75,26345.75,26353.75
1788172200000,26352.75,26367.75,26343.75,26365.75
1788173100000,26366.75,26385.75,26364.75,26381.75
1788174000000,26380.75,26405.75,26379.66,26403.75
1788174900000,26404.75,26408.75,26396.75,26407.75
1788175800000,26408.75,26410.75,26378.75,26389.75
1788176700000,26390.75,26406.75,26388.75,26405.75
1788177600000,26406.75,26426.75,26387.45,26418.75
1788178500000,26419.75,26427.75,26386.75,26399.75
1788179400000,26398.75,26413.75,26370.75,26373.75
1788180300000,26372.75,26375.75,26354.75,26372.75
1788181200000,26371.75,26404.25,26366.75,26403.25
1788182100000,26404.25,26405.25,26376.25,26383.25
1788183000000,26382.25,26397.25,26336.25,26340.25
1788183900000,26342.25,26371.25,26329.25,26366.25
1788184800000,26368.25,26379.25,26340.25,26349.25
1788185700000,26348.25,26351.25,26305.25,26309.25
1788186600000,26308.25,26336.25,26306.25,26331.25
1788187500000,26332.25,26336.25,26303.25,26316.25
1788188400000,26317.25,26334.25,26286.25,26289.25
1788189300000,26288.25,26307.25,26282.25,26291.25
1788190200000,26289.25,26297.25,26249.25,26254.25
1788191100000,26255.25,26261.25,26242.25,26246.25
1788192000000,26247.25,26252.25,26235.25,26242.25
1788192900000,26243.25,26245.25,26229.25,26239.25
1788193800000,26238.25,26242.25,26222.25,26226.25
1788194700000,26225.25,26234.25,26222.25,26226.25
1788195600000,26225.25,26227.25,26205.25,26208.25
1788196500000,26207.25,26212.25,26190.25,26191.25
1788197400000,26190.25,26216.25,26188.25,26216.25
1788198300000,26217.25,26224.25,26212.25,26218.25
1788199200000,26217.25,26220.25,26203.25,26210.25
1788200100000,26212.25,26213.25,26195.25,26197.25
1788201000000,26196.25,26202.25,26191.25,26195.25
1788201900000,26197.25,26204.25,26192.25,26203.25
1788202800000,26204.25,26210.25,26198.25,26202.25
1788203700000,26201.25,26209.25,26198.25,26204.25
1788204600000,26207.25,26224.25,26201.25,26222.25
1788205500000,26221.25,26235.75,26210.85,26210.85
1788206400000,26209.850000000002,26226.4,26207.95,26219.95
1788207300000,26218.95,26222.95,26215.95,26221.95
1788208200000,26220.95,26223.95,26217.95,26222.95
1788209100000,26221.95,26222.95,26215.95,26219.95
1788213600000,26221.55,26226.54,26218.55,26224.54
1788214500000,26225.54,26225.54,26220.54,26221.82
1788215400000,26222.82,26226.11,26222.82,26223.11
1788216300000,26224.11,26225.11,26218.11,26220.11
1788217200000,26219.11,26226.12,26218.11,26224.12
1788218100000,26223.12,26225.12,26218.12,26224.12
1788219000000,26223.12,26234.12,26223.12,26229.12
1788219900000,26230.12,26233.12,26219.55,26225.55
1788220800000,26194.55,26245.55,26192.55,26230.55
1788221700000,26229.55,26256.55,26229.55,26250.25
1788222600000,26249.25,26257.550000000003,26246.15,26255.15
1788223500000,26254.75,26259.55,26249.75,26252.75
1788224400000,26253.15,26257.550000000003,26243.15,26250.15
1788225300000,26248.75,26254.149999999998,26228.55,26229.55
1788226200000,26230.55,26254.55,26227.75,26253.15
1788227100000,26254.15,26254.55,26239.75,26244.15
1788228000000,26242.75,26251.15,26239.25,26240.25
1788228900000,26240.25,26244.55,26233.75,26235.15
1788229800000,26235.55,26239.55,26220.25,26223.25
1788230700000,26224.75,26237.75,26221.25,26237.75
1788231600000,26238.15,26239.15,26224.75,26231.15
1788232500000,26230.75,26238.550000000003,26229.15,26231.75
1788233400000,26234.15,26240.55,26228.75,26232.75
1788234300000,26231.75,26236.75,26229.25,26230.75
1788235200000,26231.25,26236.75,26230.15,26233.75
1788236100000,26233.25,26237.75,26231.75,26232.25
1788237000000,26230.25,26234.25,26227.25,26229.15
1788237900000,26229.550000000003,26239.550000000003,26225.15,26227.15
1788238800000,26226.75,26228.75,26215.15,26215.15
1788239700000,26215.550000000003,26219.15,26204.15,26214.15
1788240600000,26211.25,26243.55,26211.25,26242.55
1788241500000,26241.55,26245.55,26224.55,26235.75
1788242400000,26237.149999999998,26247.35,26206.35,26212.35
1788243300000,26213.35,26223.35,26206.35,26210.35
1788244200000,26211.35,26220.35,26185.35,26205.35
1788245100000,26206.35,26209.35,26137.35,26154.35
1788246000000,26156.35,26196.35,26128.35,26196.35
1788246900000,26195.35,26214.35,26184.35,26205.35
1788247800000,26206.35,26206.35,26141.35,26143.35
1788248700000,26141.35,26198.35,26133.35,26191.35
1788249600000,26192.35,26206.35,26118.75,26140.75
1788250500000,26142.75,26156.75,26094.75,26098.75
1788251400000,26097.75,26104.75,26010.75,26010.75
1788252300000,26011.75,26029.75,25975.75,25980.75
1788253200000,25981.75,26004.75,25962.75,25980.75
1788254100000,25981.75,26000.75,25960.66,25970.75
1788255000000,25971.75,25982.75,25934.75,25947.75
1788255900000,25946.75,25979.75,25946.75,25967.75
1788256800000,25966.75,26006.75,25966.75,26006.75
1788257700000,26008.75,26047.75,25999.75,26032.75
1788258600000,26031.75,26048.75,26006.75,26006.75
1788259500000,26007.75,26012.75,25968.75,25978.75
1788260400000,25977.75,25995.75,25954.75,25990.75
1788261300000,25991.75,25999.75,25967.75,25974.75
1788262200000,25973.75,26019.75,25972.75,26010.75
1788263100000,26011.75,26044.75,26011.75,26013.75
1788264000000,26014.75,26024.75,25999.75,26019.75
1788264900000,26020.75,26042.75,26013.75,26029.75
1788265800000,26027.75,26055.75,26018.75,26024.75
1788266700000,26025.75,26051.75,26025.75,26048.75
1788267600000,26049.75,26051.75,26009.75,26022.75
1788268500000,26023.75,26045.75,26015.75,26036.75
1788269400000,26035.75,26058.75,26011.75,26036.75
1788270300000,26037.75,26047.75,25980.75,26005.75
1788271200000,26005.45,26014.75,25980.75,26004.75
1788272100000,26005.75,26009.75,25979.75,25983.75
1788273000000,25981.75,26001.75,25959.75,25968.75
1788273900000,25969.75,25976.75,25935.75,25937.75
1788274800000,25936.75,25965.75,25930.75,25941.75
1788275700000,25940.75,25969.75,25933.75,25968.75
1788276600000,25969.75,25993.75,25961.75,25976.75
1788277500000,25975.75,25996.75,25975.75,25988.75
1788278400000,25987.75,25993.75,25969.75,25972.75
1788279300000,25971.75,25975.75,25924.75,25931.75
1788280200000,25930.75,25933.75,25906.75,25908.75
1788281100000,25909.75,25927.75,25908.75,25924.75
1788282000000,25923.75,25924.75,25899.75,25911.75
1788282900000,25910.75,25917.75,25881.75,25904.75
1788283800000,25903.75,25912.75,25897.75,25909.75
1788284700000,25908.75,25910.75,25894.75,25897.75
1788285600000,25898.75,25900.75,25863.75,25863.75
1788286500000,25864.75,25875.75,25845.75,25845.75
1788287400000,25846.75,25846.75,25823.75,25823.75
1788288300000,25825.75,25849.75,25815.75,25847.75
1788289200000,25848.75,25861.75,25845.75,25861.75
1788290100000,25862.75,25866.75,25848.75,25855.75
1788291000000,25857.75,25857.75,25841.75,25846.75
1788291900000,25847.75,25852.75,25833.85,25833.85
1788292800000,25831.85,25843.95,25822.66,25833.95
1788293700000,25834.95,25848.95,25833.95,25841.95
1788294600000,25840.949999999997,25848.67,25836.67,25845.379999999997
1788295500000,25844.379999999997,25846.46,25838.46,25842.46
1788300000000,25845.55,25847.55,25826.53,25828.53
1788300900000,25829.53,25834.53,25825.53,25830.53
1788301800000,25830.55,25834.55,25829.55,25831.55
1788302700000,25830.55,25845.54,25830.55,25839.84
1788303600000,25838.84,25841.84,25837.4,25839.4
1788304500000,25840.55,25841.55,25834.12,25841.1
1788305400000,25840.100000000002,25841.68,25837.52,25840.68
1788306300000,25841.68,25845.55,25837.55,25840.55
1788307200000,25839.55,25842.55,25828.55,25833.55
1788308100000,25832.55,25869.55,25824.25,25839.25
1788309000000,25840.25,25850.75,25829.15,25843.15
1788309900000,25842.149999999998,25848.55,25817.55,25817.55
1788310800000,25816.55,25836.75,25809.55,25821.25
1788311700000,25820.25,25852.75,25820.25,25846.15
1788312600000,25847.15,25849.550000000003,25831.15,25842.15
1788313500000,25842.75,25844.75,25827.55,25836.149999999998
1788314400000,25835.550000000003,25836.550000000003,25819.15,25825.550000000003
1788315300000,25824.15,25843.15,25824.15,25836.550000000003
1788316200000,25837.15,25838.550000000003,25823.15,25834.15
1788317100000,25832.75,25840.55,25824.75,25831.15
1788318000000,25832.15,25837.75,25820.25,25835.75
1788318900000,25835.15,25836.550000000003,25822.15,25823.15
1788319800000,25823.75,25825.15,25807.75,25811.25
1788320700000,25811.25,25816.25,25806.25,25812.25
1788321600000,25815.25,25820.75,25806.25,25813.25
1788322500000,25812.25,25820.75,25807.75,25819.75
1788323400000,25819.15,25828.55,25813.75,25818.55
1788324300000,25819.55,25830.55,25817.55,25827.55
1788325200000,25827.149999999998,25832.55,25814.55,25830.25
1788326100000,25830.25,25848.15,25827.25,25845.75
1788327000000,25846.75,25863.55,25832.75,25860.55
1788327900000,25861.550000000003,25861.550000000003,25836.15,25848.050000000003
1788328800000,25848.55,25862.35,25832.35,25848.35
1788329700000,25849.35,25860.35,25834.35,25834.35
1788330600000,25836.35,25864.35,25832.35,25857.35
1788331500000,25858.35,25896.35,25849.35,25890.35
1788332400000,25892.35,25934.35,25872.35,25908.35
1788333300000,25907.35,25937.35,25900.35,25923.85
1788334200000,25925.85,25932.85,25895.35,25897.85
1788335100000,25898.85,25901.85,25854.85,25869.85
1788336000000,25871.85,25901.85,25862.85,25866.85
1788336900000,25864.85,25881.85,25852.85,25876.85
1788337800000,25875.85,25892.85,25863.85,25874.85
1788338700000,25875.85,25885.85,25819.85,25825.85
1788339600000,25826.85,25858.85,25811.85,25814.85
1788340500000,25813.85,25823.85,25786.85,25790.85
1788341400000,25789.85,25789.85,25763.85,25778.85
1788342300000,25779.85,25814.85,25770.85,25806.85
1788343200000,25805.85,25811.85,25773.85,25791.85
1788344100000,25792.85,25798.85,25776.85,25778.85
1788345000000,25779.85,25780.85,25739.85,25753.85
1788345900000,25751.85,25768.85,25749.85,25768.85
1788346800000,25767.85,25848.149999999998,25748.85,25842.149999999998
1788347700000,25840.15,25846.65,25822.65,25836.65
1788348600000,25837.65,25875.65,25832.65,25849.65
1788349500000,25848.65,25882.65,25837.65,25881.65
1788350400000,25882.65,25914.65,25871.65,25897.050000000003
1788351300000,25895.05,25905.35,25862.35,25875.35
1788352200000,25874.35,25892.35,25866.55,25884.35
1788353100000,25885.35,25887.35,25850.35,25852.35
1788354000000,25851.35,25880.35,25850.35,25875.35
1788354900000,25874.35,25910.35,25867.35,25897.35
1788355800000,25899.35,25917.35,25850.35,25868.35
1788356700000,25867.35,25901.35,25834.35,25898.35
1788357600000,25897.35,25900.35,25877.35,25881.35
1788358500000,25882.35,25911.35,25877.35,25880.35
1788359400000,25879.35,25883.35,25854.35,25868.35
1788360300000,25869.35,25871.35,25838.35,25850.35
1788361200000,25851.35,25869.35,25824.35,25835.35
1788362100000,25833.35,25860.35,25820.55,25856.35
1788363000000,25859.35,25875.35,25836.35,25844.35
1788363900000,25843.35,25845.35,25828.35,25838.35
1788364800000,25839.35,25850.35,25838.35,25847.35
1788365700000,25846.35,25851.35,25832.35,25833.35
1788366600000,25834.35,25841.35,25828.35,25836.35
1788367500000,25837.35,25845.35,25832.35,25843.35
1788368400000,25844.35,25853.35,25843.35,25847.35
1788369300000,25846.35,25849.35,25835.35,25838.35
1788370200000,25839.35,25852.35,25834.35,25849.35
1788371100000,25850.35,25864.35,25849.35,25860.35
1788372000000,25861.35,25866.35,25849.35,25861.35
1788372900000,25860.35,25881.35,25854.35,25860.35
1788373800000,25859.35,25866.35,25843.35,25845.35
1788374700000,25846.35,25847.35,25836.35,25838.35
1788375600000,25839.35,25848.35,25833.35,25842.35
1788376500000,25841.35,25846.35,25838.35,25845.35
1788377400000,25847.35,25864.35,25842.35,25863.35
1788378300000,25864.35,25876.35,25857.35,25865.449999999997
1788379200000,25864.45,25874.66,25857.54,25866.73
1788380100000,25867.73,25867.73,25829.55,25843.62
1788381000000,25842.62,25844.55,25837.55,25837.55
1788381900000,25836.55,25846.55,25834.55,25836.55
1788386400000,25855.55,25866.829999999998,25846.55,25865.829999999998
1788387300000,25866.83,25875.84,25861.83,25869.84
1788388200000,25868.84,25872.84,25867.84,25869.84
1788389100000,25868.84,25868.84,25862.84,25862.84
1788390000000,25863.84,25868.84,25858.84,25859.84
1788390900000,25860.84,25864.84,25857.84,25864.84
1788391800000,25863.84,25868.84,25862.84,25868.84
1788392700000,25869.84,25880.84,25869.4,25869.4
1788393600000,25865.4,25872.550000000003,25860.4,25868.550000000003
1788394500000,25867.55,25868.45,25832.75,25847.55
1788395400000,25846.55,25859.75,25844.25,25853.15
1788396300000,25853.55,25858.75,25851.75,25853.15
1788397200000,25853.550000000003,25860.550000000003,25846.15,25859.15
1788398100000,25858.15,25873.75,25853.25,25871.15
1788399000000,25869.75,25879.55,25864.25,25866.75
1788399900000,25867.550000000003,25876.15,25861.15,25862.550000000003
1788400800000,25861.55,25895.75,25861.55,25894.149999999998
1788401700000,25893.15,25894.75,25881.25,25886.15
1788402600000,25884.25,25888.75,25873.25,25873.75
1788403500000,25873.25,25883.15,25868.75,25875.75
1788404400000,25876.15,25879.15,25870.25,25875.75
1788405300000,25876.75,25883.15,25871.25,25871.25
1788406200000,25872.25,25877.75,25870.25,25873.25
1788407100000,25872.25,25878.75,25869.25,25872.25
1788408000000,25872.25,25877.15,25870.15,25871.25
1788408900000,25871.75,25879.55,25868.25,25870.25
1788409800000,25870.25,25881.15,25869.25,25877.25
1788410700000,25880.75,25884.55,25876.25,25876.25
1788411600000,25877.25,25881.149999999998,25849.55,25852.149999999998
1788412500000,25852.75,25852.75,25812.25,25824.25
1788413400000,25824.25,25864.75,25824.25,25858.25
1788414300000,25859.25,25901.55,25850.75,25899.75
1788415200000,25899.25,25911.35,25889.55,25895.35
1788416100000,25896.35,25916.35,25893.35,25897.35
1788417000000,25896.949999999997,25903.35,25884.35,25889.35
1788417900000,25888.35,25890.35,25859.35,25866.35
1788418800000,25864.35,25902.35,25833.35,25882.35
1788419700000,25881.35,25890.35,25839.35,25873.35
1788420600000,25874.35,25883.35,25838.35,25848.35
1788421500000,25849.35,25860.85,25815.85,25852.85
1788422400000,25854.85,25914.85,25844.85,25891.85
1788423300000,25890.85,25929.85,25887.85,25917.85
1788424200000,25916.85,25946.85,25914.85,25940.85
1788425100000,25939.85,25946.85,25900.85,25905.85
1788426000000,25908.85,25925.85,25889.85,25901.85
1788426900000,25900.85,25903.85,25859.85,25865.85
1788427800000,25864.85,25882.85,25845.85,25845.85
1788428700000,25844.85,25852.85,25819.85,25820.85
1788429600000,25819.85,25841.85,25804.85,25814.85
1788430500000,25816.85,25823.85,25795.85,25806.85
1788431400000,25805.85,25837.85,25798.85,25837.85
1788432300000,25836.85,25845.85,25816.85,25828.85
1788433200000,25829.85,25879.85,25827.85,25868.85
1788434100000,25866.85,25884.449999999997,25846.85,25865.85
1788435000000,25866.85,25884.85,25839.55,25873.85
1788435900000,25874.85,25874.85,25834.85,25850.85
1788436800000,25851.85,25869.85,25846.85,25853.85
1788437700000,25854.85,25880.85,25837.85,25878.449999999997
1788438600000,25873.05,25935.05,25873.05,25922.85
1788439500000,25924.85,25974.85,25917.85,25962.85
1788440400000,25963.85,25986.85,25954.85,25984.85
1788441300000,25985.85,26012.85,25973.85,26007.85
1788442200000,26008.85,26011.85,25967.85,25989.85
1788443100000,25990.85,26011.85,25977.85,26011.85
1788444000000,26010.85,26010.85,25932.85,25940.85
1788444900000,25941.85,25963.85,25935.85,25940.85
1788445800000,25938.85,25969.85,25924.85,25945.85
1788446700000,25946.85,25981.85,25927.55,25977.85
1788447600000,25978.85,26001.85,25971.85,25989.85
1788448500000,25990.85,26025.85,25990.85,26023.85
1788449400000,26022.85,26030.35,26003.85,26018.35
1788450300000,26019.35,26028.35,26013.35,26022.149999999998
1788451200000,26021.149999999998,26024.149999999998,26002.35,26017.35
1788452100000,26016.35,26019.35,26010.35,26011.35
1788453000000,26012.35,26028.35,26010.35,26020.35
1788453900000,26021.35,26027.35,26018.35,26022.35
1788454800000,26023.35,26024.35,26009.35,26014.35
1788455700000,26015.35,26026.35,26012.35,26026.35
1788456600000,26027.35,26039.35,26026.35,26035.35
1788457500000,26036.35,26039.35,26030.35,26039.35
1788458400000,26040.35,26049.35,26039.35,26047.35
1788459300000,26048.35,26051.35,26045.35,26048.35
1788460200000,26049.35,26049.35,26033.35,26036.35
1788461100000,26037.35,26040.35,26034.35,26036.35
1788462000000,26035.35,26037.35,26030.35,26032.35
1788462900000,26033.35,26041.35,26030.35,26041.35
1788463800000,26039.35,26052.35,26038.35,26048.35
1788464700000,26047.35,26056.35,26041.35,26052.449999999997
1788465600000,26041.45,26045.55,26028.27,26038.27
1788466500000,26037.27,26038.27,26027.27,26028.27
1788467400000,26027.27,26033.27,26027.27,26029.98
1788468300000,26028.98,26029.98,26021.98,26025.98
1788472800000,26030.55,26034.55,26022.54,26025.54
1788473700000,26026.54,26033.54,26025.54,26030.54
1788474600000,26031.54,26035.54,26031.54,26033.55
1788475500000,26034.55,26039.55,26033.55,26038.55
1788476400000,26037.55,26040.55,26036.55,26036.55
1788477300000,26035.55,26039.55,26032.55,26038.55
1788478200000,26037.55,26040.55,26034.55,26037.55
1788479100000,26036.55,26042.55,26035.55,26037.55
1788480000000,26036.55,26041.55,26027.55,26040.55
1788480900000,26050.45,26050.45,26026.45,26041.15
1788481800000,26041.55,26043.25,26029.25,26043.25
1788482700000,26044.25,26050.15,26037.15,26037.15
1788483600000,26036.15,26039.75,26026.25,26030.75
1788484500000,26029.25,26043.55,26028.25,26038.75
1788485400000,26038.25,26044.75,26031.75,26044.25
1788486300000,26044.25,26050.75,26039.25,26049.25
1788487200000,26049.25,26059.55,26046.25,26054.25
1788488100000,26054.75,26055.75,26048.75,26055.25
1788489000000,26055.25,26062.15,26051.75,26055.25
1788489900000,26055.25,26066.75,26055.25,26061.25
1788490800000,26064.25,26066.15,26053.25,26057.75
1788491700000,26057.25,26062.15,26052.25,26054.75
1788492600000,26055.75,26058.55,26052.55,26052.55
1788493500000,26053.050000000003,26053.550000000003,26050.15,26052.15
1788494400000,26051.75,26055.75,26045.15,26055.25
1788495300000,26054.25,26069.55,26052.25,26069.15
1788496200000,26068.75,26074.15,26065.25,26068.25
1788497100000,26070.25,26071.75,26063.25,26070.25
1788498000000,26071.25,26082.15,26070.25,26078.25
1788498900000,26078.75,26086.050000000003,26077.15,26079.15
1788499800000,26078.25,26088.15,26073.75,26078.15
1788500700000,26079.15,26080.550000000003,26066.15,26074.550000000003
1788501600000,26073.75,26094.35,26060.35,26093.35
1788502500000,26092.35,26093.35,26077.35,26086.35
1788503400000,26085.35,26089.35,26063.35,26069.35
1788504300000,26071.35,26071.35,26013.35,26020.35
1788505200000,26019.35,26036.35,25967.35,26033.149999999998
1788506100000,26034.149999999998,26077.35,26023.35,26061.35
1788507000000,26060.35,26089.35,26060.35,26087.35
1788507900000,26088.35,26097.35,26054.35,26062.35
1788508800000,26063.35,26079.35,26048.35,26053.35
1788509700000,26052.35,26053.35,26000.35,26016.35
1788510600000,26017.35,26029.35,25993.35,26013.35
1788511500000,26015.35,26041.35,26005.35,26025.35
1788512400000,26024.35,26044.35,25999.35,26001.35
1788513300000,26003.35,26018.35,25989.35,25989.35
1788514200000,25990.35,26035.35,25987.35,26025.35
1788515100000,26026.35,26039.35,26020.35,26025.35
1788516000000,26026.35,26064.35,26021.35,26056.35
1788516900000,26057.35,26103.35,26057.35,26088.35
1788517800000,26087.35,26091.35,26055.35,26075.35
1788518700000,26076.35,26094.35,26075.35,26094.35
1788519600000,26092.35,26092.35,26070.35,26088.35
1788520500000,26087.35,26092.35,26071.35,26086.35
1788521400000,26087.35,26126.35,26083.35,26111.35
1788522300000,26110.35,26120.35,26103.35,26115.35
1788523200000,26116.35,26121.35,26085.35,26106.35
1788524100000,26107.35,26138.35,26092.35,26133.55
1788525000000,26128.55,26172.35,26006.55,26161.35
1788525900000,26147.35,26163.35,26107.35,26139.35
1788526800000,26140.35,26140.35,26092.35,26093.35
1788527700000,26094.35,26109.35,26079.35,26102.35
1788528600000,26101.35,26168.35,26097.35,26150.35
1788529500000,26149.35,26162.35,26122.35,26127.35
1788530400000,26126.35,26136.35,26110.35,26134.35
1788531300000,26135.35,26144.35,26089.35,26089.35
1788532200000,26088.35,26099.35,26053.85,26058.85
1788533100000,26060.85,26067.85,26031.85,26044.85
1788534000000,26045.85,26066.85,26023.85,26066.85
1788534900000,26065.85,26078.85,26056.85,26057.85
1788535800000,26058.85,26085.85,26041.85,26085.85
1788536700000,26084.85,26086.85,26068.85,26080.85
1788537600000,26081.85,26089.85,26072.05,26087.85
1788538500000,26088.85,26104.85,26087.85,26098.85
1788539400000,26097.85,26103.85,26086.85,26089.85
1788540300000,26088.85,26097.85,26086.85,26087.85
1788541200000,26088.85,26089.85,26070.85,26075.85
1788542100000,26074.85,26077.85,26057.85,26058.85
1788543000000,26057.85,26063.85,26049.85,26050.85
1788543900000,26051.85,26053.85,26043.85,26053.85
1788544800000,26054.85,26066.85,26052.85,26060.85
1788545700000,26061.85,26063.85,26053.85,26056.85
1788546600000,26057.85,26062.85,26053.85,26059.85
1788547500000,26060.85,26065.85,26058.85,26061.85
1788548400000,26062.85,26064.85,26043.85,26044.85
1788549300000,26045.85,26057.85,26041.85,26055.85
1788550200000,26057.85,26064.85,26051.85,26063.85
1788551100000,26062.85,26073.949999999997,26055.85,26070.949999999997
1788552000000,26064.05,26064.05,26039.05,26047.05
1788552900000,26048.05,26049.05,26039.05,26046.05
1788553800000,26045.05,26053.05,26028.05,26053.05
1788554700000,26052.05,26057.05,26049.05,26050.05
1788732000000,26084.05,26085.05,26065.05,26068.05
1788732900000,26069.05,26070.05,26067.05,26068.05
1788733800000,26069.05,26072.05,26067.05,26070.05
1788734700000,26069.05,26072.05,26069.05,26069.05
1788735600000,26070.05,26072.05,26066.05,26066.05
1788736500000,26065.05,26069.05,26059.05,26060.05
1788737400000,26059.05,26070.05,26057.05,26068.05
1788738300000,26069.05,26070.05,26057.05,26063.77
1788739200000,26064.77,26071.05,26051.77,26062.05
1788740100000,26061.05,26062.05,26034.75,26041.75
1788741000000,26040.75,26045.25,26033.05,26042.05
1788741900000,26042.550000000003,26049.050000000003,26034.65,26037.65
1788742800000,26036.25,26056.65,26032.25,26042.65
1788743700000,26042.25,26043.25,26031.25,26043.25
1788744600000,26043.65,26046.65,26030.25,26038.75
1788745500000,26037.75,26041.65,26032.75,26035.25
1788746400000,26033.75,26038.05,26031.25,26036.25
1788747300000,26036.65,26043.050000000003,26035.65,26040.25
1788748200000,26040.649999999998,26046.05,26038.05,26041.25
1788749100000,26041.65,26044.05,26026.75,26029.05
1788750000000,26028.65,26035.05,26026.25,26029.05
1788750900000,26028.65,26042.050000000003,26027.65,26039.65
1788751800000,26038.25,26045.050000000003,26025.65,26025.65
1788752700000,26026.25,26033.05,26025.25,26032.65
1788753600000,26033.65,26033.65,26025.65,26029.050000000003
1788754500000,26028.65,26030.050000000003,26023.65,26029.65
1788755400000,26029.25,26029.649999999998,26012.05,26019.05
1788756300000,26018.05,26026.05,26015.05,26026.05
1788757200000,26024.649999999998,26025.05,26012.55,26013.649999999998
1788758100000,26014.050000000003,26028.050000000003,26011.65,26026.25
1788759000000,26025.65,26039.050000000003,26024.65,26035.050000000003
1788759900000,26034.05,26038.05,26004.05,26011.55
1788760800000,26009.649999999998,26011.649999999998,25980.85,26003.85
1788761700000,26004.85,26011.85,25996.85,26003.85
1788762600000,26004.85,26031.85,25996.85,26015.85
1788763500000,26014.85,26027.85,25994.85,26013.85
1788764400000,26015.85,26084.85,25999.85,26057.85
1788765300000,26055.85,26065.85,25997.85,25998.85
1788766200000,25999.85,26007.85,25942.85,25957.85
1788767100000,25956.85,26006.85,25952.85,26003.85
1788768000000,26002.85,26014.85,25966.85,25998.85
1788768900000,25997.85,26018.85,25968.85,25978.85
1788769800000,25981.85,26010.85,25979.85,25986.85
1788770700000,25987.85,26009.85,25972.85,25998.85
1788771600000,25999.85,26007.85,25980.85,25986.85
1788772500000,25985.85,25995.85,25970.85,25982.85
1788773400000,25983.85,25999.85,25965.85,25987.85
1788774300000,25986.85,25997.85,25977.85,25981.85
1788775200000,25983.85,25994.85,25976.85,25981.85
1788776100000,25980.85,25993.85,25974.85,25976.85
1788777000000,25977.85,25994.85,25977.85,25989.85
1788777900000,25990.85,25990.85,25950.85,25970.85
1788778800000,25969.85,25975.85,25947.85,25974.85
1788779700000,25973.85,25979.85,25943.76,25960.85
1788780600000,25959.85,25968.85,25943.85,25959.85
1788781500000,25957.85,25970.85,25944.85,25946.85
1788782400000,25947.85,25955.85,25936.85,25945.85
1788783300000,25944.85,25978.85,25943.85,25975.85
1788784200000,25976.85,25993.85,25966.85,25971.85
1788785100000,25970.85,26000.85,25970.85,25980.85
1788786000000,25979.85,25993.85,25967.85,25993.85
1788786900000,25992.85,26011.85,25982.85,26003.85
1788787800000,26004.85,26020.85,25994.85,25998.85
1788788700000,25997.85,26023.85,25995.85,26018.85
1788789600000,26019.85,26022.85,25994.85,26007.85
1788790500000,26008.85,26018.85,26000.85,26015.85
1788791400000,26013.85,26018.85,26002.85,26012.85
1788792300000,26011.85,26020.85,25991.85,25992.85
1788793200000,25991.85,26020.85,25986.85,26014.85
1788794100000,26013.85,26013.85,25992.85,25996.85
1788795000000,25997.85,26037.85,25996.85,26030.85
1788795900000,26029.85,26031.85,26008.85,26013.85
1788796800000,26014.85,26020.85,26010.85,26019.85
1788797700000,26020.85,26023.85,26014.85,26016.85
1788798600000,26017.85,26020.85,26014.85,26016.85
1788799500000,26015.85,26019.85,26013.85,26019.85
1788800400000,26018.85,26024.85,26018.85,26020.85
1788801300000,26021.85,26022.85,26018.85,26021.85
1788802200000,26022.85,26024.85,26022.85,26024.85
1788803100000,26023.85,26024.85,26018.85,26019.85
1788804000000,26020.85,26022.85,26019.85,26019.85
1788804900000,26018.95,26021.850000000002,26018.95,26019.850000000002
1788805800000,26018.15,26019.850000000002,26018.15,26019.850000000002
1788806700000,26018.85,26018.85,26012.85,26012.85
1788807600000,26013.85,26013.85,26012.85,26012.85
1788808500000,26011.15,26018.850000000002,26011.15,26017.850000000002
1788809400000,26016.85,26022.85,26014.85,26018.85
1788810300000,26017.850000000002,26018.850000000002,26008.95,26009.95
1788811200000,26009.95,26009.95,26005.05,26005.05
1788818400000,26012.05,26022.77,26000.05,26018.77
1788819300000,26019.77,26020.77,26008.05,26009.05
1788820200000,26008.05,26008.05,25997.05,26004.329999999998
1788821100000,26005.329999999998,26008.05,26001.05,26005.329999999998
1788822000000,26004.33,26006.33,25998.33,26000.33
1788822900000,25999.329999999998,26002.05,25987.05,26000.05
1788823800000,25999.05,26023.05,25995.05,26022.05
1788824700000,26023.05,26033.05,26019.05,26030.05
1788825600000,26027.05,26038.05,26024.05,26027.05
1788826500000,26015.95,26032.050000000003,26006.65,26032.050000000003
1788827400000,26031.05,26038.05,26020.75,26022.75
1788828300000,26021.75,26037.25,26021.25,26027.75
1788829200000,26029.25,26034.75,26010.75,26033.75
1788830100000,26030.75,26038.25,26025.25,26031.75
1788831000000,26030.75,26044.25,26028.75,26038.75
1788831900000,26038.75,26059.25,26037.05,26054.75
1788832800000,26057.25,26058.25,26039.25,26043.75
1788833700000,26040.75,26047.75,26037.25,26040.75
1788834600000,26042.25,26048.050000000003,26033.65,26038.25
1788835500000,26041.05,26042.05,26019.25,26019.25
1788836400000,26020.05,26028.05,26012.75,26025.75
1788837300000,26023.75,26039.25,26023.75,26037.75
1788838200000,26036.75,26042.25,26030.25,26036.75
1788839100000,26038.25,26040.65,26034.75,26039.65
1788840000000,26039.75,26040.65,26034.75,26035.65
1788840900000,26035.75,26036.05,26024.05,26025.25
1788841800000,26023.75,26023.75,26012.05,26019.649999999998
1788842700000,26019.25,26022.05,26008.25,26009.25
1788843600000,26010.25,26011.05,25984.25,25991.75
1788844500000,25989.75,26008.05,25985.25,25986.75
1788845400000,25987.75,25990.25,25965.75,25968.25
1788846300000,25967.25,25974.050000000003,25945.65,25945.65
1788847200000,25947.05,25951.85,25923.85,25933.85
1788848100000,25932.85,25935.85,25909.85,25920.85
1788849000000,25919.85,25946.85,25908.85,25937.85
1788849900000,25936.85,25937.85,25911.85,25927.85
1788850800000,25924.85,25999.85,25896.85,25966.85
1788851700000,25965.85,25967.85,25936.85,25956.85
1788852600000,25958.85,25968.85,25879.85,25907.85
1788853500000,25908.85,25923.85,25860.85,25880.85
1788854400000,25883.85,25889.85,25843.85,25866.85
1788855300000,25867.85,25882.85,25846.85,25857.85
1788856200000,25856.85,25877.85,25837.85,25842.85
1788857100000,25840.85,25872.85,25812.85,25851.85
1788858000000,25852.85,25906.85,25840.85,25899.85
1788858900000,25900.85,25917.85,25877.85,25915.85
1788859800000,25916.85,25940.85,25914.85,25924.85
1788860700000,25925.85,25953.85,25917.85,25948.85
1788861600000,25949.85,25958.85,25927.85,25941.85
1788862500000,25942.85,25997.85,25933.85,25962.85
1788863400000,25963.85,25979.85,25946.85,25979.85
1788864300000,25978.85,25989.85,25963.85,25967.85
1788865200000,25968.85,26001.85,25955.85,25968.85
1788866100000,25967.85,25998.85,25967.85,25977.85
1788867000000,25978.85,25989.85,25969.85,25985.85
1788867900000,25984.85,26006.85,25974.85,26003.85
1788868800000,26002.85,26009.85,25978.85,25978.85
1788869700000,25979.85,26028.85,25974.85,26028.85
1788870600000,26029.85,26045.85,26009.85,26033.85
1788871500000,26031.85,26033.85,26018.85,26023.85
1788872400000,26024.85,26044.85,26016.85,26030.85
1788873300000,26029.85,26032.85,26003.85,26008.85
1788874200000,26007.85,26014.85,25966.85,25973.85
1788875100000,25974.85,26009.85,25971.85,25983.85
1788876000000,25985.85,25987.85,25932.85,25936.85
1788876900000,25938.85,25950.85,25919.85,25935.85
1788877800000,25934.85,25980.85,25934.85,25975.85
1788878700000,25972.85,26006.85,25971.85,26004.85
1788879600000,26001.85,26014.85,25989.85,26005.85
1788880500000,26004.85,26028.85,25995.85,26006.85
1788881400000,26007.85,26028.85,26005.85,26028.85
1788882300000,26029.85,26031.85,25992.85,25992.85
1788883200000,25993.85,25997.85,25973.85,25977.85
1788884100000,25976.85,25988.85,25967.85,25977.85
1788885000000,25976.85,25981.85,25969.85,25972.85
1788885900000,25971.85,25986.85,25946.85,25963.85
1788886800000,25962.85,25982.85,25960.85,25967.85
1788887700000,25966.85,25970.85,25961.85,25966.85
1788888600000,25967.85,25971.85,25959.85,25961.85
1788889500000,25960.85,25967.85,25957.85,25963.85
1788890400000,25964.85,25973.85,25963.85,25970.85
1788891300000,25969.85,25978.85,25965.85,25970.85
1788892200000,25969.85,25970.85,25955.85,25963.85
1788893100000,25962.85,25966.85,25918.85,25934.85
1788894000000,25935.85,25936.85,25925.35,25931.35
1788894900000,25932.35,25934.35,25911.35,25919.35
1788895800000,25920.35,25934.35,25916.35,25917.35
1788896700000,25918.35,25920.35,25875.35,25887.449999999997
1788897600000,25882.45,25884.550000000003,25856.99,25871.550000000003
1788898500000,25872.55,25877.55,25863.55,25864.55
1788899400000,25863.55,25871.55,25859.55,25868.55
1788900300000,25867.55,25873.55,25865.55,25872.55
1788904800000,25875.55,25879.55,25865.55,25873.55
1788905700000,25872.55,25880.55,25870.55,25877.55
1788906600000,25878.55,25880.55,25874.55,25877.55
1788907500000,25878.55,25888.55,25878.55,25888.55
1788908400000,25887.55,25888.55,25879.55,25880.55
1788909300000,25879.550000000003,25879.550000000003,25871.83,25872.980000000003
1788910200000,25873.98,25877.42,25870.98,25872.55
1788911100000,25873.55,25875.55,25862.55,25869.98
1788912000000,25871.98,25903,25869.98,25892.55
1788912900000,25891.55,25891.55,25871.75,25877.25
1788913800000,25879.25,25890.55,25866.25,25889.15
1788914700000,25889.55,25895.15,25883.25,25891.75
1788915600000,25892.15,25894.15,25882.25,25891.75
1788916500000,25891.25,25899.550000000003,25888.15,25891.550000000003
1788917400000,25892.55,25895.55,25884.75,25887.46
1788918300000,25887.55,25891.55,25876.55,25880.55
1788919200000,25878.75,25886.550000000003,25871.15,25872.550000000003
1788920100000,25873.550000000003,25877.15,25867.15,25874.75
1788921000000,25874.25,25881.15,25871.25,25877.75
1788921900000,25877.25,25881.55,25875.25,25879.55
1788922800000,25880.550000000003,25880.550000000003,25864.15,25866.550000000003
1788923700000,25866.149999999998,25871.75,25863.55,25870.75
1788924600000,25870.25,25878.15,25866.15,25871.75
1788925500000,25871.55,25873.55,25865.25,25865.25
1788926400000,25863.25,25873.75,25855.25,25857.15
1788927300000,25856.75,25882.55,25856.25,25879.55
1788928200000,25878.149999999998,25887.55,25870.55,25881.149999999998
1788929100000,25880.75,25889.55,25879.55,25889.55
1788930000000,25889.15,25890.550000000003,25880.15,25887.25
1788930900000,25886.25,25887.75,25865.25,25876.25
1788931800000,25878.25,25883.75,25867.75,25881.25
1788932700000,25879.25,25905.05,25877.25,25901.25
1788933600000,25899.149999999998,25899.149999999998,25871.35,25884.35
1788934500000,25882.35,25884.35,25850.35,25856.35
1788935400000,25857.35,25865.35,25839.35,25847.35
1788936300000,25846.35,25846.35,25804.35,25812.35
1788937200000,25813.35,25921.35,25799.55,25892.35
1788938100000,25893.35,25916.35,25867.35,25911.35
1788939000000,25912.35,25916.35,25857.35,25881.35
1788939900000,25880.35,25880.35,25838.35,25873.35
1788940800000,25872.35,25891.85,25838.85,25843.85
1788941700000,25842.85,25855.85,25818.85,25845.85
1788942600000,25846.85,25853.85,25793.85,25794.85
1788943500000,25795.85,25814.85,25781.85,25808.85
1788944400000,25809.85,25816.85,25779.85,25804.85
1788945300000,25805.85,25809.85,25780.85,25786.85
1788946200000,25787.85,25803.85,25747.85,25751.85
1788947100000,25750.85,25753.85,25709.85,25710.85
1788948000000,25711.85,25713.85,25657.85,25662.85
1788948900000,25661.85,25670.85,25642.85,25661.35
1788949800000,25660.35,25669.35,25619.85,25619.85
1788950700000,25618.85,25626.35,25590.35,25599.35
1788951600000,25600.35,25641.35,25588.35,25619.35
1788952500000,25618.35,25642.35,25605.35,25613.35
1788953400000,25612.35,25625.35,25591.35,25615.35
1788954300000,25616.35,25642.35,25584.35,25586.35
1788955200000,25587.35,25587.35,25553.35,25568.35
1788956100000,25567.35,25590.35,25559.35,25578.35
1788957000000,25579.35,25628.35,25571.35,25622.85
1788957900000,25623.85,25664.85,25620.85,25662.85
1788958800000,25661.85,25684.85,25646.85,25646.85
1788959700000,25647.85,25653.85,25617.85,25629.85
1788960600000,25630.85,25632.85,25551.85,25580.85
1788961500000,25581.85,25587.85,25561.85,25583.85
1788962400000,25584.85,25604.85,25574.85,25592.85
1788963300000,25591.85,25592.85,25525.85,25568.85
1788964200000,25569.85,25579.85,25538.85,25564.85
1788965100000,25565.85,25576.85,25543.85,25567.85
1788966000000,25568.85,25579.85,25528.85,25540.85
1788966900000,25541.85,25567.85,25522.85,25561.85
1788967800000,25563.85,25614.85,25544.85,25580.85
1788968700000,25579.85,25588.85,25557.85,25559.85
1788969600000,25560.85,25575.85,25543.85,25548.85
1788970500000,25547.85,25555.85,25535.85,25550.85
1788971400000,25549.85,25564.85,25545.85,25562.85
1788972300000,25561.85,25570.85,25554.85,25569.85
1788973200000,25568.85,25575.85,25560.85,25574.85
1788974100000,25575.85,25577.85,25565.85,25566.85
1788975000000,25565.85,25570.85,25556.85,25569.85
1788975900000,25570.85,25576.85,25565.85,25568.85
1788976800000,25567.85,25570.85,25550.85,25551.85
1788977700000,25550.85,25561.85,25548.85,25558.85
1788978600000,25559.85,25563.85,25553.85,25558.85
1788979500000,25559.85,25561.85,25552.85,25554.85
1788980400000,25555.85,25560.85,25542.85,25558.85
1788981300000,25557.85,25560.85,25550.85,25550.85
1788982200000,25551.85,25554.85,25542.85,25548.85
1788983100000,25549.85,25550.85,25530.85,25533.949999999997
1788984000000,25530.05,25537.05,25522.05,25533.05
1788984900000,25534.05,25535.05,25530.05,25531.05
1788985800000,25532.05,25539.05,25531.05,25536.05
1788986700000,25537.05,25541.05,25533.05,25540.05
1788991200000,25544.65,25555.65,25537.65,25540.370000000003
1788992100000,25541.37,25543.8,25539.52,25540.52
1788993000000,25541.52,25545.81,25540.52,25545.100000000002
1788993900000,25546.1,25546.1,25541.1,25543.1
1788994800000,25542.100000000002,25543.24,25536.65,25542.24
1788995700000,25541.24,25550.65,25540.24,25547.65
1788996600000,25548.65,25549.65,25547.65,25548.65
1788997500000,25549.65,25563.65,25546.65,25563.65
1788998400000,25564.65,25568.65,25548.65,25555.65
1788999300000,25541.55,25586.649999999998,25541.55,25578.35
1789000200000,25577.35,25585.65,25563.25,25567.85
1789001100000,25566.85,25567.649999999998,25547.35,25554.649999999998
1789002000000,25553.25,25564.85,25552.35,25561.35
1789002900000,25559.35,25564.85,25552.35,25555.649999999998
1789003800000,25554.649999999998,25569.35,25544.35,25566.35
1789004700000,25564.85,25580.649999999998,25562.85,25577.85
1789005600000,25578.35,25585.85,25571.25,25580.35
1789006500000,25580.85,25582.85,25571.85,25573.35
1789007400000,25574.85,25599.649999999998,25572.35,25595.649999999998
1789008300000,25594.649999999998,25600.649999999998,25588.35,25595.25
1789009200000,25594.850000000002,25601.65,25590.65,25592.65
1789010100000,25593.649999999998,25597.649999999998,25587.85,25595.649999999998
1789011000000,25594.65,25596.65,25590.25,25591.85
1789011900000,25592.85,25597.85,25591.35,25596.85
1789012800000,25596.25,25601.25,25593.25,25597.35
1789013700000,25599.35,25602.649999999998,25597.35,25598.35
1789014600000,25598.85,25604.25,25595.35,25599.85
1789015500000,25601.25,25610.85,25600.35,25606.649999999998
1789016400000,25608.65,25613.65,25588.65,25602.25
1789017300000,25600.85,25615.649999999998,25598.85,25615.649999999998
1789018200000,25616.15,25631.65,25610.65,25623.15
1789019100000,25621.65,25629.65,25607.65,25613.350000000002
1789020000000,25612.350000000002,25623.45,25591.45,25594.45
1789020900000,25593.45,25603.45,25588.45,25603.45
1789021800000,25604.45,25620.45,25600.45,25610.45
1789022700000,25611.45,25626.45,25594.45,25594.45
1789023600000,25595.45,25614.45,25553.45,25603.45
1789024500000,25602.45,25625.45,25587.45,25589.45
1789025400000,25590.45,25602.45,25558.45,25578.45
1789026300000,25577.45,25592.45,25551.36,25580.45
1789027200000,25579.45,25595.45,25549.45,25563.45
1789028100000,25564.45,25577.45,25537.45,25568.45
1789029000000,25569.45,25570.45,25527.45,25533.45
1789029900000,25534.45,25541.45,25507.45,25514.45
1789030800000,25515.45,25544.45,25510.45,25540.45
1789031700000,25539.45,25566.45,25530.45,25541.45
1789032600000,25540.45,25547.45,25513.45,25543.45
1789033500000,25542.45,25555.45,25528.45,25550.45
1789034400000,25551.45,25579.45,25548.45,25572.45
1789035300000,25573.45,25585.45,25565.45,25571.45
1789036200000,25572.45,25587.45,25560.45,25577.45
1789037100000,25578.45,25611.45,25571.45,25576.45
1789038000000,25577.45,25598.45,25570.45,25584.45
1789038900000,25583.45,25586.45,25572.45,25579.45
1789039800000,25580.45,25610.45,25573.45,25610.45
1789040700000,25609.45,25611.45,25540.45,25541.45
1789041600000,25540.45,25564.45,25527.45,25545.45
1789042500000,25535.05,25559.45,25457.45,25463.65
1789043400000,25459.649999999998,25477.05,25401.05,25440.45
1789044300000,25439.45,25455.45,25406.45,25424.45
1789045200000,25425.45,25456.45,25412.45,25432.45
1789046100000,25431.45,25460.45,25406.45,25460.45
1789047000000,25461.45,25478.45,25435.45,25435.45
1789047900000,25436.45,25451.45,25404.45,25414.45
1789048800000,25413.45,25451.45,25407.45,25408.45
1789049700000,25407.45,25500.45,25402.45,25446.45
1789050600000,25445.45,25449.45,25398.45,25400.45
1789051500000,25399.45,25432.45,25389.45,25426.45
1789052400000,25425.45,25425.45,25383.45,25393.45
1789053300000,25396.45,25424.45,25389.45,25407.45
1789054200000,25408.45,25414.45,25361.45,25378.45
1789055100000,25379.45,25384.45,25345.45,25347.45
1789056000000,25348.45,25358.45,25328.45,25344.45
1789056900000,25345.45,25351.45,25330.45,25344.45
1789057800000,25345.45,25353.45,25321.45,25351.45
1789058700000,25352.45,25367.45,25351.45,25365.45
1789059600000,25364.45,25383.45,25349.45,25351.45
1789060500000,25350.45,25352.45,25338.45,25342.45
1789061400000,25341.45,25344.45,25331.45,25337.45
1789062300000,25338.45,25342.45,25332.45,25337.45
1789063200000,25338.45,25344.45,25309.45,25320.45
1789064100000,25319.45,25327.45,25312.45,25322.45
1789065000000,25321.45,25332.45,25317.45,25329.45
1789065900000,25328.45,25352.45,25322.45,25339.45
1789066800000,25338.45,25338.45,25318.45,25323.45
1789067700000,25324.45,25334.45,25312.45,25334.45
1789068600000,25335.45,25346.45,25332.45,25338.45
1789069500000,25337.45,25342.55,25327.45,25341.55
1789070400000,25336.550000000003,25354.690000000002,25323.65,25353.690000000002
1789071300000,25354.69,25355.69,25345.69,25346.69
1789072200000,25347.69,25350.649999999998,25345.69,25347.649999999998
1789073100000,25348.65,25351.65,25332.65,25339.65
1789077600000,25339.25,25347.97,25336.25,25344.97
1789078500000,25345.97,25358.97,25337.97,25337.97
1789079400000,25338.97,25341.97,25332.97,25333.97
1789080300000,25332.97,25342.97,25330.97,25334.97
1789081200000,25335.97,25339.97,25332.97,25338.97
1789082100000,25339.97,25340.97,25333.97,25334.97
1789083000000,25335.969999999998,25343.69,25334.69,25341.25
1789083900000,25340.25,25342.25,25318.68,25320.68
1789084800000,25317.68,25345.25,25307.68,25341.25
1789085700000,25342.25,25348.25,25328.85,25347.85
1789086600000,25348.25,25353.850000000002,25333.45,25347.25
1789087500000,25346.75,25382.25,25346.75,25380.85
1789088400000,25380.45,25394.25,25375.25,25377.85
1789089300000,25376.850000000002,25379.25,25354.95,25360.850000000002
1789090200000,25361.45,25367.25,25342.95,25350.850000000002
1789091100000,25351.25,25352.25,25341.85,25350.85
1789092000000,25351.25,25358.25,25341.95,25353.850000000002
1789092900000,25354.85,25354.85,25332.85,25337.25
1789093800000,25338.25,25342.25,25325.85,25329.25
1789094700000,25330.25,25346.25,25326.85,25334.25
1789095600000,25332.25,25338.25,25318.45,25329.25
1789096500000,25328.850000000002,25333.25,25322.45,25331.25
1789097400000,25330.25,25347.25,25319.25,25346.25
1789098300000,25345.850000000002,25348.25,25331.45,25343.25
1789099200000,25342.25,25386.25,25332.85,25378.85
1789100100000,25378.45,25398.25,25369.45,25398.25
1789101000000,25400.25,25406.25,25389.85,25396.85
1789101900000,25398.25,25399.25,25383.25,25384.25
1789102800000,25384.75,25404.25,25384.25,25404.25
1789103700000,25403.85,25408.25,25383.25,25384.25
1789104600000,25383.85,25421.85,25383.85,25419.449999999997
1789105500000,25419.850000000002,25458.850000000002,25409.45,25450.45
1789106400000,25446.95,25458.25,25422.05,25444.05
1789107300000,25443.649999999998,25450.05,25428.05,25446.05
1789108200000,25447.05,25453.05,25425.05,25445.05
1789109100000,25446.050000000003,25479.050000000003,25443.65,25471.050000000003
1789110000000,25470.05,25507.05,25450.05,25465.05
1789110900000,25467.05,25493.05,25453.05,25470.05
1789111800000,25469.05,25474.05,25431.05,25453.05
1789112700000,25451.05,25456.05,25423.55,25438.55
1789113600000,25442.55,25457.55,25409.55,25446.55
1789114500000,25445.55,25494.55,25437.55,25466.55
1789115400000,25465.55,25498.55,25462.55,25473.55
1789116300000,25474.55,25522.55,25470.55,25522.55
1789117200000,25523.55,25534.55,25493.55,25503.55
1789118100000,25501.55,25516.55,25492.55,25510.55
1789119000000,25511.55,25529.55,25503.55,25521.05
1789119900000,25520.05,25546.25,25515.05,25538.25
1789120800000,25540.25,25564.25,25510.25,25551.25
1789121700000,25550.25,25556.25,25538.25,25551.25
1789122600000,25552.25,25570.25,25546.25,25560.25
1789123500000,25559.25,25566.25,25547.25,25552.25
1789124400000,25553.25,25559.25,25529.25,25535.25
1789125300000,25536.25,25544.25,25528.25,25535.25
1789126200000,25536.25,25543.25,25510.25,25534.25
1789127100000,25535.25,25537.25,25518.25,25526.25
1789128000000,25527.25,25533.25,25499.25,25510.25
1789128900000,25511.25,25549.85,25507.25,25539.45
1789129800000,25556.45,25556.45,25464.45,25531.25
1789130700000,25530.25,25579.25,25521.25,25578.25
1789131600000,25579.25,25599.25,25551.25,25553.25
1789132500000,25552.25,25581.25,25528.25,25564.25
1789133400000,25565.25,25591.25,25537.25,25556.25
1789134300000,25555.25,25597.25,25553.25,25596.25
1789135200000,25595.25,25595.25,25530.25,25556.25
1789136100000,25557.25,25569.25,25532.25,25539.25
1789137000000,25540.25,25548.25,25504.25,25529.25
1789137900000,25530.25,25560.25,25517.25,25531.25
1789138800000,25532.25,25560.25,25527.25,25540.25
1789139700000,25541.25,25583.25,25539.25,25573.25
1789140600000,25572.25,25602.25,25562.25,25577.25
1789141500000,25576.25,25576.25,25557.25,25561.25
1789142400000,25562.25,25574.25,25560.25,25563.25
1789143300000,25562.25,25570.25,25550.25,25552.25
1789144200000,25553.25,25582.25,25547.25,25577.25
1789145100000,25576.25,25583.25,25572.25,25577.25
1789146000000,25578.25,25592.25,25574.25,25579.25
1789146900000,25578.25,25596.25,25575.25,25594.25
1789147800000,25593.25,25597.25,25579.25,25581.25
1789148700000,25579.25,25585.25,25575.25,25577.25
1789149600000,25578.25,25585.25,25576.25,25582.25
1789150500000,25581.25,25583.25,25557.25,25566.25
1789151400000,25565.25,25570.25,25556.25,25561.25
1789152300000,25562.25,25565.25,25556.25,25560.25
1789153200000,25561.25,25565.25,25557.25,25565.25
1789154100000,25564.25,25568.25,25561.25,25562.25
1789155000000,25563.25,25565.25,25559.25,25562.25
1789155900000,25561.25,25573.25,25555.25,25567.35
1789156800000,25566.350000000002,25574.45,25562.45,25569.45
1789157700000,25568.45,25573.45,25566.45,25571.45
1789158600000,25570.45,25577.45,25566.45,25569.49
1789159500000,25570.49,25571.49,25566.49,25570.49
1789336800000,25419.15,25444.32,25386.15,25401.15
1789337700000,25402.15,25417.72,25385.15,25417.72
1789338600000,25416.72,25435.15,25415.15,25416.15
1789339500000,25415.15,25426.15,25413.15,25419.15
1789340400000,25420.15,25424.15,25416.15,25423.15
1789341300000,25422.15,25444.15,25421.15,25444.15
1789342200000,25443.15,25447.15,25418.15,25422.15
1789343100000,25421.15,25429.15,25409.15,25417.15
1789344000000,25418.15,25452.15,25414.15,25448.15
1789344900000,25447.15,25499.75,25447.15,25496.15
1789345800000,25494.75,25525.149999999998,25492.85,25524.75
1789346700000,25524.35,25528.35,25509.35,25513.35
1789347600000,25512.85,25522.35,25504.85,25510.85
1789348500000,25509.85,25519.35,25504.85,25516.75
1789349400000,25517.149999999998,25531.35,25504.85,25527.85
1789350300000,25528.35,25554.35,25526.85,25550.85
1789351200000,25546.85,25552.35,25538.85,25546.149999999998
1789352100000,25546.649999999998,25549.35,25541.35,25546.35
1789353000000,25545.75,25553.75,25533.85,25540.35
1789353900000,25538.85,25547.35,25535.35,25535.85
1789354800000,25536.85,25537.35,25519.35,25519.85
1789355700000,25520.35,25522.35,25512.85,25520.149999999998
1789356600000,25519.149999999998,25520.149999999998,25507.85,25511.35
1789357500000,25511.85,25514.35,25507.35,25510.85
1789358400000,25512.85,25521.75,25502.85,25504.85
1789359300000,25505.85,25515.75,25503.35,25508.149999999998
1789360200000,25507.15,25511.350000000002,25498.15,25501.850000000002
1789361100000,25500.85,25513.149999999998,25499.85,25502.85
1789362000000,25502.85,25512.35,25497.75,25506.35
1789362900000,25506.75,25510.15,25491.15,25499.15
1789363800000,25498.75,25501.75,25478.15,25490.15
1789364700000,25489.75,25492.350000000002,25471.15,25482.75
1789365600000,25483.15,25513.95,25478.15,25510.95
1789366500000,25508.95,25522.95,25501.95,25513.95
1789367400000,25512.95,25514.95,25437.95,25455.95
1789368300000,25456.95,25468.95,25445.95,25465.95
1789369200000,25468.95,25562.95,25459.95,25544.95
1789370100000,25546.95,25546.95,25505.95,25520.95
1789371000000,25522.95,25525.95,25446.95,25459.95
1789371900000,25460.95,25460.95,25406.95,25454.95
1789372800000,25455.95,25487.95,25433.95,25450.95
1789373700000,25449.95,25454.95,25401.95,25401.95
1789374600000,25398.95,25439.95,25396.95,25437.95
1789375500000,25438.95,25446.95,25407.95,25438.95
1789376400000,25437.95,25444.65,25389.45,25396.45
1789377300000,25393.45,25414.45,25356.45,25412.45
1789378200000,25411.45,25440.45,25405.45,25418.45
1789379100000,25421.45,25455.45,25416.45,25454.45
1789380000000,25453.45,25468.75,25432.75,25462.75
1789380900000,25461.75,25487.75,25454.75,25481.75
1789381800000,25482.75,25510.75,25477.75,25506.75
1789382700000,25505.75,25517.75,25497.75,25510.75
1789383600000,25507.75,25520.75,25488.75,25498.75
1789384500000,25497.75,25514.75,25480.75,25490.75
1789385400000,25491.75,25495.75,25457.75,25481.75
1789386300000,25482.75,25490.75,25449.75,25452.75
1789387200000,25451.75,25454.75,25421.75,25440.75
1789388100000,25439.75,25471.75,25416.75,25425.75
1789389000000,25424.75,25453.75,25392.75,25448.75
1789389900000,25447.75,25468.75,25423.75,25467.75
1789390800000,25468.75,25468.75,25414.75,25427.75
1789391700000,25428.75,25479.75,25422.75,25478.75
1789392600000,25479.75,25481.75,25443.95,25468.95
1789393500000,25469.95,25500.95,25466.95,25473.95
1789394400000,25474.95,25490.95,25449.95,25450.95
1789395300000,25451.95,25452.95,25382.95,25387.95
1789396200000,25386.95,25388.95,25344.95,25367.95
1789397100000,25369.95,25382.95,25354.95,25364.95
1789398000000,25363.95,25438.55,25351.95,25406.95
1789398900000,25407.95,25445.95,25402.95,25439.95
1789399800000,25438.95,25530.95,25422.95,25523.95
1789400700000,25524.95,25527.95,25508.95,25518.95
1789401600000,25517.95,25536.95,25510.95,25530.95
1789402500000,25531.95,25555.95,25531.95,25537.95
1789403400000,25536.95,25554.95,25530.95,25552.95
1789404300000,25551.95,25598.95,25546.95,25589.95
1789405200000,25588.95,25591.95,25565.95,25565.95
1789406100000,25564.95,25580.95,25556.95,25579.95
1789407000000,25578.95,25581.95,25571.95,25580.95
1789407900000,25581.95,25581.95,25572.95,25573.95
1789408800000,25574.95,25587.95,25567.95,25573.95
1789409700000,25572.95,25580.95,25568.95,25574.95
1789410600000,25575.95,25595.95,25568.95,25591.95
1789411500000,25590.95,25593.95,25581.95,25587.95
1789412400000,25588.95,25589.95,25558.95,25571.95
1789413300000,25570.95,25570.95,25555.95,25557.95
1789414200000,25555.95,25561.95,25552.95,25560.95
1789415100000,25561.95,25562.95,25525.05,25525.05
1789416000000,25524.050000000003,25524.050000000003,25497.15,25505.15
1789416900000,25505.19,25516.19,25497.19,25516.19
1789417800000,25515.19,25515.19,25511.19,25514.19
1789418700000,25513.19,25530.149999999998,25513.19,25530.149999999998
1789423200000,25528.75,25528.75,25516.75,25519.75
1789424100000,25520.75,25521.75,25513.75,25517.75
1789425000000,25518.75,25520.75,25515.75,25516.75
1789425900000,25517.75,25525.75,25517.75,25519.75
1789426800000,25518.75,25522.75,25513.75,25520.75
1789427700000,25519.75,25521.75,25512.75,25513.75
1789428600000,25514.75,25520.75,25514.75,25517.75
1789429500000,25516.75,25520.75,25511.75,25517.75
1789430400000,25522.75,25522.75,25504.75,25517.75
1789431300000,25527.65,25539.65,25508.75,25509.95
1789432200000,25510.35,25532.949999999997,25509.35,25522.949999999997
1789433100000,25522.45,25545.350000000002,25520.95,25533.45
1789434000000,25532.45,25540.75,25523.45,25536.95
1789434900000,25535.45,25537.350000000002,25518.95,25523.45
1789435800000,25524.45,25528.350000000002,25487.45,25496.45
1789436700000,25495.449999999997,25500.75,25486.35,25491.449999999997
1789437600000,25490.45,25501.95,25484.45,25496.45
1789438500000,25497.95,25506.75,25493.45,25502.95
1789439400000,25503.350000000002,25510.75,25491.95,25495.95
1789440300000,25498.95,25503.350000000002,25486.95,25489.75
1789441200000,25490.350000000002,25492.350000000002,25480.45,25482.45
1789442100000,25480.45,25489.95,25477.45,25489.95
1789443000000,25489.449999999997,25490.949999999997,25478.35,25486.449999999997
1789443900000,25487.449999999997,25487.949999999997,25467.35,25470.75
1789444800000,25469.75,25478.95,25462.45,25462.45
1789445700000,25463.45,25466.350000000002,25435.45,25441.95
1789446600000,25442.35,25443.949999999997,25418.35,25428.949999999997
1789447500000,25428.350000000002,25436.350000000002,25405.95,25406.350000000002
1789448400000,25405.350000000002,25417.350000000002,25393.45,25401.350000000002
1789449300000,25401.75,25423.75,25392.45,25422.350000000002
1789450200000,25421.95,25447.75,25418.95,25447.350000000002
1789451100000,25447.75,25477.75,25446.75,25464.75
1789452000000,25463.35,25486.55,25461.75,25477.55
1789452900000,25476.55,25483.55,25456.55,25459.55
1789453800000,25458.55,25459.55,25431.55,25437.55
1789454700000,25435.55,25453.55,25417.55,25423.55
1789455600000,25425.55,25426.55,25334.55,25337.55
1789456500000,25335.55,25382.55,25329.55,25349.55
1789457400000,25350.55,25352.55,25250.05,25250.05
1789458300000,25251.05,25253.55,25208.55,25251.55
1789459200000,25250.55,25252.55,25184.55,25228.55
1789460100000,25229.55,25292.55,25225.55,25287.55
1789461000000,25286.55,25303.55,25255.55,25260.55
1789461900000,25259.55,25269.55,25240.55,25266.55
1789462800000,25267.55,25269.55,25236.55,25254.55
1789463700000,25253.55,25282.55,25229.55,25278.55
1789464600000,25279.55,25330.05,25275.55,25329.05
1789465500000,25330.05,25383.55,25325.55,25383.55
1789466400000,25384.55,25420.55,25379.55,25402.55
1789467300000,25401.55,25414.55,25373.55,25413.55
1789468200000,25414.55,25430.55,25404.55,25424.55
1789469100000,25425.55,25450.55,25418.55,25446.55
1789470000000,25445.55,25456.55,25426.55,25428.55
1789470900000,25427.55,25450.55,25427.55,25442.55
1789471800000,25444.55,25459.55,25433.55,25437.55
1789472700000,25436.55,25478.05,25435.55,25471.55
1789473600000,25469.55,25470.55,25435.75,25451.75
1789474500000,25450.75,25450.75,25430.75,25443.95
1789475400000,25444.35,25457.75,25429.75,25441.75
1789476300000,25440.75,25500.75,25440.75,25493.75
1789477200000,25492.75,25500.75,25474.75,25480.75
1789478100000,25481.75,25507.75,25479.75,25480.75
1789479000000,25482.75,25492.75,25447.75,25475.75
1789479900000,25474.75,25489.75,25444.75,25489.75
1789480800000,25488.75,25505.75,25463.75,25476.75
1789481700000,25477.75,25486.75,25433.75,25436.75
1789482600000,25435.75,25455.75,25416.75,25421.75
1789483500000,25420.75,25420.75,25382.75,25411.75
1789484400000,25412.75,25436.75,25396.75,25436.75
1789485300000,25434.75,25451.75,25422.75,25449.75
1789486200000,25450.75,25477.75,25419.75,25473.75
1789487100000,25474.75,25475.75,25448.75,25450.75
1789488000000,25449.75,25452.75,25433.75,25440.75
1789488900000,25441.75,25481.75,25440.75,25476.75
1789489800000,25475.75,25481.75,25465.75,25471.75
1789490700000,25470.75,25478.75,25464.75,25473.75
1789491600000,25474.75,25481.75,25462.75,25477.75
1789492500000,25476.75,25479.75,25461.75,25467.75
1789493400000,25468.75,25477.75,25463.75,25465.75
1789494300000,25466.75,25477.75,25460.75,25476.75
1789495200000,25477.75,25489.75,25470.75,25488.75
1789496100000,25489.75,25490.75,25476.75,25481.75
1789497000000,25480.75,25481.75,25460.75,25461.75
1789497900000,25462.75,25469.75,25447.75,25469.75
1789498800000,25468.75,25471.75,25457.75,25458.75
1789499700000,25457.75,25459.75,25446.75,25451.75
1789500600000,25452.75,25454.75,25444.75,25444.75
1789501500000,25443.75,25458.75,25441.75,25453.85
1789502400000,25451.850000000002,25472.96,25450.95,25470.96
1789503300000,25471.96,25471.96,25466.96,25467.96
1789504200000,25466.96,25473.96,25465.96,25468.96
1789505100000,25469.96,25473.96,25467.96,25470.95
1789509600000,25468.55,25473.55,25461.55,25463.55
1789510500000,25464.55,25468.55,25461.55,25466.55
1789511400000,25465.55,25476.55,25465.55,25472.55
1789512300000,25471.55,25480.55,25471.55,25476.55
1789513200000,25475.55,25477.55,25470.55,25470.55
1789514100000,25471.55,25472.55,25463.55,25464.55
1789515000000,25463.55,25478.27,25463.27,25476.27
1789515900000,25477.27,25480.27,25472.27,25477.27
1789516800000,25479.27,25490.55,25473.27,25488.55
1789517700000,25472.45,25496.55,25470.75,25492.75
1789518600000,25493.75,25498.15,25484.75,25489.25
1789519500000,25487.25,25494.75,25481.75,25483.15
1789520400000,25481.75,25492.75,25474.25,25491.25
1789521300000,25491.25,25494.75,25482.25,25482.25
1789522200000,25484.25,25485.75,25459.75,25462.75
1789523100000,25466.25,25470.75,25446.75,25451.25
1789524000000,25452.75,25466.75,25450.25,25457.75
1789524900000,25457.25,25482.25,25454.25,25480.25
1789525800000,25479.25,25492.75,25471.75,25471.75
1789526700000,25472.25,25486.75,25471.75,25486.25
1789527600000,25483.25,25501.75,25483.25,25501.15
1789528500000,25500.75,25521.25,25496.25,25506.25
1789529400000,25506.25,25507.75,25493.75,25502.25
1789530300000,25501.25,25512.25,25500.75,25508.25
1789531200000,25509.75,25514.75,25501.75,25504.25
1789532100000,25505.75,25507.75,25493.25,25494.75
1789533000000,25493.75,25496.25,25476.75,25478.25
1789533900000,25479.25,25491.75,25478.75,25478.75
1789534800000,25479.75,25487.15,25471.75,25484.15
1789535700000,25483.75,25491.75,25480.55,25489.75
1789536600000,25490.15,25506.15,25484.75,25506.15
1789537500000,25507.55,25518.05,25500.75,25507.25
1789538400000,25504.149999999998,25525.35,25494.35,25514.35
1789539300000,25513.35,25525.35,25497.35,25504.35
1789540200000,25503.35,25508.35,25490.35,25499.35
1789541100000,25498.35,25527.35,25481.35,25521.35
1789542000000,25520.35,25553.35,25504.35,25511.35
1789542900000,25513.35,25535.35,25491.35,25520.35
1789543800000,25521.35,25527.35,25476.35,25476.35
1789544700000,25477.35,25484.35,25459.35,25468.35
1789545600000,25470.35,25470.35,25421.85,25432.35
1789546500000,25433.35,25451.85,25407.35,25423.35
1789547400000,25422.35,25433.35,25388.85,25418.35
1789548300000,25419.35,25452.35,25411.35,25452.35
1789549200000,25453.35,25468.35,25432.35,25440.35
1789550100000,25439.35,25452.35,25416.35,25431.35
1789551000000,25430.35,25465.35,25420.35,25461.35
1789551900000,25462.35,25486.35,25445.35,25473.35
1789552800000,25472.35,25476.35,25441.35,25472.35
1789553700000,25473.35,25494.35,25466.35,25494.35
1789554600000,25493.35,25510.35,25488.35,25510.35
1789555500000,25509.35,25525.35,25490.35,25525.35
1789556400000,25523.35,25532.35,25505.35,25514.35
1789557300000,25515.35,25520.35,25502.35,25514.35
1789558200000,25515.35,25528.35,25509.35,25521.35
1789559100000,25522.35,25537.35,25517.35,25532.35
1789560000000,25531.35,25538.35,25518.35,25519.35
1789560900000,25518.35,25526.35,25510.35,25519.05
1789561800000,25521.05,25522.35,25483.35,25491.35
1789562700000,25490.35,25526.35,25490.35,25523.35
1789563600000,25522.35,25527.35,25482.35,25518.35
1789564500000,25517.35,25518.35,25498.35,25514.35
1789565400000,25517.35,25537.35,25497.35,25524.35
1789566300000,25525.35,25556.35,25518.35,25541.35
1789567200000,25538.35,25557.35,25510.35,25522.35
1789568100000,25523.35,25531.35,25510.35,25529.35
1789569000000,25530.35,25557.35,25517.35,25547.35
1789569900000,25548.35,25586.35,25541.35,25585.35
1789570800000,25584.35,25625.35,25574.85,25618.35
1789571700000,25617.35,25622.35,25577.35,25584.35
1789572600000,25585.35,25591.35,25562.35,25569.35
1789573500000,25568.35,25630.35,25567.35,25579.35
1789574400000,25580.35,25582.35,25567.35,25571.35
1789575300000,25572.350000000002,25573.350000000002,25552.95,25554.350000000002
1789576200000,25553.35,25556.35,25545.35,25553.35
1789577100000,25554.35,25558.35,25545.35,25545.35
1789578000000,25546.35,25552.35,25535.35,25549.35
1789578900000,25548.35,25559.35,25546.35,25559.35
1789579800000,25560.35,25562.35,25548.35,25550.35
1789580700000,25551.35,25582.55,25550.35,25580.55
1789581600000,25580.55,25617.35,25551.05,25598.35
1789582500000,25599.35,25622.35,25593.35,25609.35
1789583400000,25608.949999999997,25633.35,25540.35,25608.35
1789584300000,25607.35,25623.35,25500.35,25502.35
1789585200000,25503.35,25538.35,25457.35,25460.35
1789586100000,25461.35,25475.35,25425.35,25446.35
1789587000000,25447.35,25493.35,25445.35,25475.35
1789587900000,25476.35,25538.449999999997,25474.35,25536.449999999997
1789588800000,25536.45,25548.59,25527.59,25530.59
1789589700000,25531.59,25536.59,25512.59,25522.59
1789590600000,25523.59,25534.55,25517.59,25529.55
1789591500000,25530.55,25533.55,25520.55,25529.55
1789596000000,25541.05,25548.34,25525.05,25545.329999999998
1789596900000,25546.329999999998,25564.899999999998,25541.62,25564.899999999998
1789597800000,25563.9,25593.06,25563.9,25587.77
1789598700000,25586.77,25597.2,25578.05,25585.05
1789599600000,25584.05,25597.05,25583.05,25592.05
1789600500000,25593.05,25622.18,25593.05,25613.18
1789601400000,25614.18,25636.55,25614.18,25630.55
1789602300000,25629.55,25645.05,25625.05,25637.05
1789603200000,25636.05,25662.05,25630.62,25630.62
1789604100000,25629.62,25666.05,25617.75,25656.75
1789605000000,25657.75,25701.65,25655.25,25697.25
1789605900000,25696.75,25705.25,25684.05,25697.25
1789606800000,25700.75,25725.55,25696.75,25715.65
1789607700000,25715.25,25721.05,25707.75,25714.75
1789608600000,25715.25,25728.25,25694.75,25702.65
1789609500000,25702.25,25705.25,25679.75,25682.25
1789610400000,25681.25,25698.25,25677.75,25684.75
1789611300000,25685.75,25703.65,25684.75,25699.75
1789612200000,25700.75,25716.65,25699.75,25714.25
1789613100000,25714.649999999998,25717.05,25695.05,25702.05
1789614000000,25701.65,25706.55,25691.75,25701.25
1789614900000,25702.65,25719.05,25700.25,25716.25
1789615800000,25716.05,25732.25,25710.75,25731.25
1789616700000,25731.649999999998,25734.649999999998,25720.05,25727.649999999998
1789617600000,25728.25,25733.75,25712.75,25717.75
1789618500000,25717.25,25718.25,25707.25,25711.75
1789619400000,25709.75,25723.25,25703.25,25722.75
1789620300000,25721.75,25727.05,25709.25,25710.25
1789621200000,25711.75,25715.75,25704.25,25704.75
1789622100000,25705.75,25706.75,25690.65,25695.25
1789623000000,25696.25,25696.65,25677.75,25679.75
1789623900000,25679.75,25680.75,25659.75,25662.75
1789624800000,25661.25,25692.85,25655.25,25674.85
1789625700000,25675.85,25713.85,25652.85,25711.85
1789626600000,25710.850000000002,25721.850000000002,25687.45,25702.850000000002
1789627500000,25703.85,25714.85,25696.85,25702.85
1789628400000,25701.85,25759.85,25669.85,25743.85
1789629300000,25742.85,25778.85,25725.85,25749.75
1789630200000,25750.75,25755.75,25717.75,25738.75
1789631100000,25737.75,25741.75,25669.75,25672.75
1789632000000,25674.75,25679.75,25638.75,25641.75
1789632900000,25639.75,25687.75,25619.75,25683.75
1789633800000,25681.75,25718.75,25673.75,25701.75
1789634700000,25700.75,25709.75,25685.75,25695.75
1789635600000,25694.75,25727.75,25672.75,25703.75
1789636500000,25702.75,25726.75,25690.75,25690.75
1789637400000,25691.75,25735.75,25691.75,25728.75
1789638300000,25729.75,25729.75,25693.75,25704.75
1789639200000,25705.75,25710.75,25688.75,25697.75
1789640100000,25696.75,25703.75,25670.75,25696.75
1789641000000,25698.75,25707.75,25684.75,25693.75
1789641900000,25694.75,25696.75,25670.75,25695.75
1789642800000,25693.75,25732.75,25688.75,25728.75
1789643700000,25729.75,25732.75,25695.75,25710.75
1789644600000,25711.75,25727.75,25706.75,25711.75
1789645500000,25712.75,25758.75,25710.75,25757.75
1789646400000,25755.75,25773.75,25729.75,25760.75
1789647300000,25759.75,25818.75,25757.75,25815.35
1789648200000,25811.95,25830.75,25772.75,25775.75
1789649100000,25776.75,25799.75,25772.75,25777.75
1789650000000,25776.75,25790.75,25748.75,25756.75
1789650900000,25757.75,25794.75,25756.75,25776.75
1789651800000,25783.75,25783.75,25743.75,25775.75
1789652700000,25776.75,25811.75,25771.75,25782.75
1789653600000,25781.75,25795.75,25769.75,25791.75
1789654500000,25789.75,25805.75,25784.75,25794.75
1789655400000,25795.75,25795.75,25761.75,25784.75
1789656300000,25785.75,25792.75,25757.75,25768.75
1789657200000,25769.75,25779.75,25743.75,25779.75
1789658100000,25778.75,25782.75,25745.75,25755.75
1789659000000,25756.75,25760.25,25721.75,25743.25
1789659900000,25742.25,25746.25,25730.25,25743.25
1789660800000,25742.25,25749.25,25723.25,25726.25
1789661700000,25725.25,25727.25,25710.25,25716.25
1789662600000,25715.25,25718.25,25697.25,25710.25
1789663500000,25709.25,25714.25,25666.85,25684.25
1789664400000,25683.25,25699.25,25674.25,25681.25
1789665300000,25682.25,25692.25,25673.25,25681.25
1789666200000,25682.25,25683.25,25671.25,25676.25
1789667100000,25677.25,25682.25,25673.25,25675.25
1789668000000,25676.25,25679.25,25663.25,25675.25
1789668900000,25674.25,25679.25,25668.25,25673.25
1789669800000,25674.25,25678.25,25657.25,25662.25
1789670700000,25663.25,25678.25,25662.25,25670.25
1789671600000,25671.25,25689.25,25669.25,25672.25
1789672500000,25673.25,25676.25,25653.25,25658.25
1789673400000,25660.25,25668.25,25649.25,25655.25
1789674300000,25656.25,25677.25,25652.25,25667.35
1789675200000,25663.350000000002,25671.45,25656.45,25657.45
1789676100000,25656.45,25659.45,25650.45,25651.88
1789677000000,25652.88,25655.88,25649.88,25651.88
1789677900000,25650.88,25656.88,25646.88,25650.88
1789682400000,25662.45,25664.45,25648.45,25654.45
1789683300000,25655.02,25655.02,25642.02,25643.02
1789684200000,25641.02,25643.02,25637.45,25639.45
1789685100000,25640.45,25646.45,25636.45,25644.45
1789686000000,25643.45,25656.45,25643.45,25648.45
1789686900000,25649.45,25654.45,25645.45,25648.45
1789687800000,25649.45,25657.45,25647.45,25654.45
1789688700000,25655.45,25658.45,25650.73,25652.73
1789689600000,25651.73,25655.73,25642.45,25654.45
1789690500000,25655.45,25655.45,25597.15,25600.45
1789691400000,25599.050000000003,25604.45,25594.15,25603.45
1789692300000,25602.05,25604.45,25585.05,25588.149999999998
1789693200000,25587.15,25604.050000000003,25587.15,25596.65
1789694100000,25597.050000000003,25597.050000000003,25583.15,25590.65
1789695000000,25591.050000000003,25600.45,25583.15,25595.65
1789695900000,25596.05,25601.45,25585.05,25597.649999999998
1789696800000,25598.65,25602.050000000003,25591.65,25600.65
1789697700000,25601.050000000003,25611.65,25597.15,25610.15
1789698600000,25610.15,25617.65,25605.65,25608.65
1789699500000,25607.65,25613.65,25598.65,25603.65
1789700400000,25601.65,25630.45,25601.65,25626.050000000003
1789701300000,25627.45,25633.15,25617.15,25631.15
1789702200000,25631.649999999998,25633.649999999998,25626.05,25630.149999999998
1789703100000,25629.15,25641.45,25629.15,25639.65
1789704000000,25640.050000000003,25644.45,25632.15,25637.65
1789704900000,25638.65,25641.65,25630.15,25635.15
1789705800000,25637.65,25655.15,25637.15,25652.65
1789706700000,25654.050000000003,25658.45,25648.15,25655.65
1789707600000,25654.65,25664.95,25650.15,25659.65
1789708500000,25661.45,25667.050000000003,25658.65,25665.45
1789709400000,25665.65,25694.45,25664.65,25693.65
1789710300000,25692.149999999998,25700.45,25678.05,25683.149999999998
1789711200000,25685.45,25694.25,25659.25,25663.25
1789712100000,25664.25,25671.25,25647.25,25663.25
1789713000000,25662.25,25705.25,25661.85,25691.25
1789713900000,25692.25,25696.25,25654.25,25659.25
1789714800000,25657.25,25672.25,25611.25,25650.25
1789715700000,25651.25,25660.25,25606.25,25629.25
1789716600000,25630.25,25646.25,25596.25,25603.25
1789717500000,25602.25,25651.25,25595.25,25642.25
1789718400000,25641.25,25645.45,25589.75,25590.75
1789719300000,25589.75,25596.75,25557.75,25560.75
1789720200000,25561.75,25607.75,25560.75,25607.75
1789721100000,25609.75,25637.75,25603.75,25628.75
1789722000000,25627.75,25643.75,25618.75,25626.75
1789722900000,25625.75,25633.75,25604.75,25613.75
1789723800000,25612.75,25613.75,25571.75,25572.75
1789724700000,25573.75,25593.75,25544.75,25546.75
1789725600000,25543.75,25564.75,25535.75,25550.75
1789726500000,25552.75,25556.75,25532.75,25555.75
1789727400000,25556.75,25569.75,25540.75,25561.75
1789728300000,25562.75,25564.75,25520.75,25524.75
1789729200000,25523.75,25612.75,25523.75,25548.75
1789730100000,25546.75,25548.75,25506.75,25541.75
1789731000000,25542.75,25568.75,25486.75,25491.75
1789731900000,25490.75,25492.75,25470.75,25476.75
1789732800000,25475.75,25486.75,25427.75,25434.75
1789733700000,25435.75,25438.75,25395.75,25419.75
1789734600000,25418.75,25454.75,25409.75,25429.75
1789735500000,25430.75,25451.75,25410.75,25442.75
1789736400000,25441.75,25456.75,25428.75,25448.75
1789737300000,25447.75,25453.75,25418.75,25436.75
1789738200000,25433.75,25437.75,25366.75,25366.75
1789739100000,25367.75,25368.75,25331.75,25346.75
1789740000000,25343.75,25382.75,25324.75,25364.75
1789740900000,25365.75,25395.75,25362.75,25384.75
1789741800000,25383.75,25389.75,25326.75,25329.75
1789742700000,25330.75,25356.75,25319.75,25345.75
1789743600000,25346.75,25349.75,25323.75,25333.75
1789744500000,25334.75,25338.75,25304.75,25321.25
1789745400000,25320.25,25336.25,25299.25,25312.25
1789746300000,25313.25,25319.25,25300.25,25305.25
1789747200000,25306.25,25306.25,25288.25,25292.25
1789748100000,25291.25,25305.25,25284.25,25299.25
1789749000000,25298.25,25308.25,25286.25,25305.25
1789749900000,25306.25,25321.25,25297.25,25310.25
1789750800000,25311.25,25312.25,25302.25,25309.25
1789751700000,25308.25,25313.25,25304.25,25307.25
1789752600000,25306.25,25316.25,25302.25,25315.25
1789753500000,25314.25,25314.25,25305.25,25310.25
1789754400000,25309.25,25313.25,25301.25,25306.25
1789755300000,25305.25,25307.25,25298.25,25301.25
1789756200000,25302.25,25312.25,25297.25,25306.25
1789757100000,25305.25,25318.25,25305.25,25311.25
1789758000000,25310.25,25325.25,25306.25,25321.25
1789758900000,25320.25,25325.25,25312.25,25314.25
1789759800000,25317.25,25327.25,25306.25,25327.25
1789760700000,25328.25,25337.25,25316.95,25321.350000000002
1789761600000,25320.350000000002,25361.45,25317.45,25350.45
1789762500000,25351.45,25352.45,25341.59,25349.59
1789763400000,25350.59,25353.59,25342.59,25352.59
1789764300000,25353.59,25356.59,25340.59,25344.59