time,open,high,low,close
1783410300000,1.14271,1.14277,1.14242,1.14247
1783411200000,1.1424599999999998,1.1431699999999998,1.14244,1.1430699999999998
1783412100000,1.14306,1.14334,1.14276,1.1432
1783413000000,1.14321,1.14352,1.14303,1.14303
1783413900000,1.14304,1.1432900000000001,1.14264,1.14273
1783414800000,1.14278,1.14284,1.14259,1.14263
1783415700000,1.14264,1.14287,1.1425,1.1427
1783416600000,1.1427100000000001,1.14296,1.14256,1.14279
1783417500000,1.14278,1.14289,1.14241,1.14245
1783418400000,1.1424400000000001,1.14283,1.14229,1.14283
1783419300000,1.14283,1.14299,1.14279,1.14294
1783420200000,1.14294,1.14312,1.14286,1.14295
1783421100000,1.14296,1.14336,1.14285,1.14332
1783422000000,1.14334,1.14338,1.1431,1.14325
1783422900000,1.14326,1.14385,1.14323,1.14366
1783423800000,1.1436300000000001,1.14365,1.14318,1.1432
1783424700000,1.1432300000000002,1.14341,1.14247,1.1431900000000002
1783425600000,1.14323,1.1434,1.14303,1.14334
1783426500000,1.14333,1.14414,1.14306,1.14401
1783427400000,1.144,1.14416,1.1435,1.14355
1783428300000,1.14356,1.1437599999999999,1.1434,1.1436
1783429200000,1.14361,1.14361,1.14298,1.1432900000000001
1783430100000,1.1433,1.14372,1.14321,1.1434600000000001
1783431000000,1.14345,1.14407,1.14344,1.14394
1783431900000,1.14395,1.14413,1.14337,1.14357
1783432800000,1.14356,1.14373,1.14232,1.14259
1783433700000,1.1425999999999998,1.1430799999999999,1.14248,1.14293
1783434600000,1.14297,1.14328,1.14274,1.14321
1783435500000,1.1432200000000001,1.14365,1.14311,1.14325
1783436400000,1.14324,1.1434300000000002,1.14281,1.1429500000000001
1783437300000,1.14295,1.14296,1.14248,1.14279
1783438200000,1.1427999999999998,1.14282,1.14251,1.14252
1783439100000,1.1425100000000001,1.14262,1.14216,1.14223
1783440000000,1.1422400000000001,1.14253,1.14209,1.14219
1783440900000,1.14219,1.14223,1.14174,1.1418
1783441800000,1.1418,1.14209,1.14178,1.14196
1783442700000,1.14198,1.14231,1.14192,1.14228
1783443600000,1.14229,1.1425699999999999,1.14218,1.14226
1783444500000,1.14227,1.14248,1.14217,1.14234
1783445400000,1.14232,1.14259,1.14226,1.14255
1783446300000,1.14255,1.14289,1.14248,1.1427699999999998
1783447200000,1.1427699999999998,1.14283,1.14251,1.14265
1783448100000,1.14266,1.14293,1.1426,1.14272
1783449000000,1.14271,1.1428299999999998,1.14254,1.1427299999999998
1783449900000,1.14274,1.14283,1.14169,1.14179
1783450800000,1.1418000000000001,1.14188,1.14108,1.1411200000000001
1783451700000,1.1411099999999998,1.14133,1.14075,1.14119
1783452600000,1.14123,1.1416099999999998,1.14122,1.14149
1783453500000,1.1415,1.14166,1.14132,1.1416099999999998
1783454400000,1.1415899999999999,1.14166,1.14133,1.14134
1783455300000,1.1413300000000002,1.1414300000000002,1.14118,1.1413300000000002
1783456200000,1.14131,1.14133,1.14104,1.14114
1783457100000,1.1411200000000001,1.1411600000000002,1.14098,1.1410900000000002
1783458000000,1.14113,1.14124,1.14016,1.1407800000000001
1783458900000,1.14078,1.1408099999999999,1.14041,1.1405999999999998
1783459800000,1.14059,1.14059,1.14009,1.14055
1783460700000,1.14052,1.1407299999999998,1.14017,1.14038
1783461600000,1.14064,1.14082,1.14049,1.14052
1783462500000,1.1405,1.14061,1.14042,1.14044
1783463400000,1.14045,1.14049,1.14024,1.14042
1783464300000,1.1404100000000001,1.1406500000000002,1.14037,1.14063
1783465200000,1.14059,1.14078,1.14032,1.14033
1783466100000,1.14033,1.14059,1.14028,1.14043
1783467000000,1.14044,1.14051,1.14035,1.14035
1783467900000,1.14035,1.14037,1.13995,1.14009
1783468800000,1.1401000000000001,1.14059,1.13996,1.14049
1783469700000,1.1404999999999998,1.14079,1.14024,1.14066
1783470600000,1.14065,1.14109,1.14063,1.14096
1783471500000,1.14094,1.1410500000000001,1.14064,1.14074
1783472400000,1.14075,1.14088,1.14051,1.14071
1783473300000,1.1406999999999998,1.14072,1.14034,1.14035
1783474200000,1.1403699999999999,1.14038,1.1398,1.1399199999999998
1783475100000,1.13992,1.14056,1.13992,1.14049
1783476000000,1.1405299999999998,1.14069,1.14041,1.1405399999999999
1783476900000,1.1405500000000002,1.14114,1.14054,1.1410300000000002
1783477800000,1.141,1.1412,1.14082,1.1411499999999999
1783478700000,1.1411600000000002,1.1412,1.14101,1.1410600000000002
1783479600000,1.1411,1.14152,1.1411,1.14152
1783480500000,1.14153,1.1416,1.14139,1.14147
1783481400000,1.14144,1.14149,1.14129,1.14143
1783482300000,1.1414300000000002,1.1414900000000001,1.14128,1.1413900000000001
1783483200000,1.14141,1.14141,1.14107,1.14115
1783484100000,1.14114,1.14131,1.14104,1.1412900000000001
1783485000000,1.1412900000000001,1.14153,1.14124,1.14138
1783485900000,1.14137,1.1415000000000002,1.14128,1.1413900000000001
1783486800000,1.14137,1.14182,1.14134,1.14141
1783487700000,1.14139,1.14157,1.14119,1.1413
1783488600000,1.1413,1.14201,1.1413,1.14191
1783489500000,1.1419,1.142,1.14161,1.1419
1783490400000,1.14192,1.1422999999999999,1.14167,1.14172
1783491300000,1.14175,1.1422400000000001,1.14175,1.14215
1783492200000,1.1421599999999998,1.14234,1.14193,1.1420899999999998
1783493100000,1.14209,1.14224,1.14174,1.14219
1783494000000,1.14222,1.1422400000000001,1.14175,1.14188
1783494900000,1.14189,1.1428,1.14164,1.14274
1783495800000,1.14273,1.14311,1.14259,1.14286
1783496700000,1.14287,1.14299,1.14249,1.14252
1783497600000,1.1425100000000001,1.1427,1.14219,1.14221
1783498500000,1.1421999999999999,1.1425,1.14001,1.14136
1783499400000,1.1413399999999998,1.14163,1.14044,1.14096
1783500300000,1.1409500000000001,1.1418000000000001,1.14081,1.14097
1783501200000,1.14096,1.14105,1.13956,1.1395899999999999
1783502100000,1.1395799999999998,1.1406699999999999,1.13956,1.14051
1783503000000,1.1405,1.1411,1.1404,1.14098
1783503900000,1.1409699999999998,1.1410399999999998,1.14034,1.14038
1783504800000,1.1404,1.14069,1.14006,1.1402700000000001
1783505700000,1.14024,1.14114,1.14015,1.14108
1783506600000,1.1410500000000001,1.14142,1.14098,1.14128
1783507500000,1.14123,1.1413,1.14076,1.1408
1783508400000,1.14076,1.14084,1.14043,1.1406100000000001
1783509300000,1.14062,1.1409099999999999,1.14052,1.14058
1783510200000,1.14059,1.14065,1.13926,1.1403699999999999
1783511100000,1.14036,1.14038,1.13964,1.13977
1783512000000,1.1397599999999999,1.14048,1.1397,1.14018
1783512900000,1.1402,1.14062,1.14019,1.14043
1783513800000,1.14044,1.14058,1.14025,1.14041
1783514700000,1.14041,1.14064,1.13951,1.1395600000000001
1783515600000,1.13952,1.14032,1.13952,1.14002
1783516500000,1.14001,1.1405699999999999,1.13966,1.14027
1783517400000,1.14029,1.14118,1.14029,1.1411
1783518300000,1.14109,1.14132,1.14071,1.1409399999999998
1783519200000,1.14093,1.14128,1.14053,1.14056
1783520100000,1.14057,1.14117,1.14053,1.1407800000000001
1783521000000,1.1407200000000002,1.1408,1.14037,1.1405500000000002
1783521900000,1.14053,1.14078,1.14028,1.14069
1783522800000,1.1407,1.14113,1.14022,1.14024
1783523700000,1.1402599999999998,1.14031,1.13987,1.1399899999999998
1783524600000,1.1400000000000001,1.14006,1.13907,1.1392200000000001
1783525500000,1.13923,1.13964,1.13911,1.1394600000000001
1783526400000,1.13948,1.14005,1.13943,1.13967
1783527300000,1.13968,1.14025,1.13954,1.14009
1783528200000,1.14006,1.1412,1.14003,1.14114
1783529100000,1.14115,1.14142,1.14101,1.1413600000000002
1783530000000,1.14139,1.14232,1.14137,1.14207
1783530900000,1.14209,1.1426100000000001,1.14203,1.1425500000000002
1783531800000,1.1425800000000002,1.14265,1.14209,1.14212
1783532700000,1.14211,1.14221,1.14182,1.1418300000000001
1783533600000,1.1418300000000001,1.1427500000000002,1.14155,1.14273
1783534500000,1.14275,1.14281,1.14249,1.1425400000000001
1783535400000,1.14255,1.14283,1.14232,1.14281
1783536300000,1.1428,1.14284,1.14247,1.1424800000000002
1783537200000,1.14249,1.14289,1.14249,1.14281
1783538100000,1.1428,1.1428900000000002,1.14267,1.14283
1783539000000,1.14284,1.1429900000000002,1.14264,1.1426900000000002
1783539900000,1.14268,1.14285,1.14221,1.14271
1783540800000,1.1426699999999999,1.14273,1.14238,1.1423999999999999
1783541700000,1.14239,1.1424299999999998,1.14197,1.14198
1783542600000,1.1419700000000002,1.1419700000000002,1.14148,1.14159
1783543500000,1.14161,1.14167,1.14155,1.14159
1783544400000,1.14156,1.14187,1.14129,1.14173
1783545300000,1.1417599999999999,1.14185,1.14153,1.14175
1783546200000,1.14174,1.1418,1.14143,1.14156
1783547100000,1.14155,1.14161,1.14148,1.1415600000000001
1783548000000,1.1417000000000002,1.14176,1.14155,1.14164
1783548900000,1.14165,1.14166,1.1416,1.1416199999999999
1783549800000,1.14163,1.14183,1.14163,1.14177
1783550700000,1.14178,1.14188,1.14172,1.14184
1783551600000,1.14182,1.1419,1.14171,1.14173
1783552500000,1.14172,1.14178,1.14167,1.14178
1783553400000,1.14178,1.1420100000000002,1.14176,1.1420000000000001
1783554300000,1.14198,1.14218,1.14192,1.1420700000000001
1783555200000,1.14213,1.1428200000000002,1.14206,1.14273
1783556100000,1.14272,1.14279,1.14248,1.14271
1783557000000,1.14272,1.14296,1.1426,1.14262
1783557900000,1.14261,1.1426399999999999,1.14225,1.14251
1783558800000,1.14252,1.14268,1.14221,1.1422299999999999
1783559700000,1.14224,1.14241,1.1421,1.1421299999999999
1783560600000,1.14212,1.14248,1.14194,1.14229
1783561500000,1.14228,1.14256,1.14207,1.14251
1783562400000,1.1425400000000001,1.14277,1.14249,1.14267
1783563300000,1.14268,1.14278,1.14252,1.14257
1783564200000,1.14257,1.14262,1.14226,1.14242
1783565100000,1.14243,1.14266,1.14237,1.1423800000000002
1783566000000,1.14236,1.14254,1.14235,1.1425
1783566900000,1.14249,1.14262,1.14224,1.14258
1783567800000,1.14257,1.14297,1.14257,1.14274
1783568700000,1.14275,1.14283,1.14255,1.14263
1783569600000,1.14262,1.14268,1.14249,1.14259
1783570500000,1.14259,1.1426,1.14226,1.1424800000000002
1783571400000,1.1424699999999999,1.1426399999999999,1.14245,1.1425
1783572300000,1.14249,1.14267,1.14247,1.1426100000000001
1783573200000,1.14261,1.14334,1.14259,1.1431499999999999
1783574100000,1.1431399999999998,1.1432399999999998,1.14285,1.1431799999999999
1783575000000,1.1432,1.1432900000000001,1.14294,1.14311
1783575900000,1.1431200000000001,1.14331,1.14298,1.1430200000000001
1783576800000,1.14302,1.14363,1.14302,1.1433799999999998
1783577700000,1.1433600000000002,1.1447100000000001,1.14331,1.14463
1783578600000,1.14461,1.14487,1.14411,1.14449
1783579500000,1.14448,1.1445299999999998,1.1439,1.14414
1783580400000,1.1441599999999998,1.14417,1.14346,1.14363
1783581300000,1.14361,1.14386,1.14355,1.1437300000000001
1783582200000,1.14374,1.14379,1.14341,1.1435
1783583100000,1.14348,1.14353,1.1432,1.1435
1783584000000,1.14351,1.14377,1.1433,1.14351
1783584900000,1.14352,1.14372,1.14338,1.1436000000000002
1783585800000,1.1436,1.14367,1.14306,1.14317
1783586700000,1.14318,1.14321,1.1425,1.1426100000000001
1783587600000,1.14259,1.14281,1.14232,1.14253
1783588500000,1.1425400000000001,1.14277,1.14247,1.1426800000000001
1783589400000,1.1427,1.14272,1.14235,1.14257
1783590300000,1.14255,1.1431,1.14253,1.1430200000000001
1783591200000,1.14303,1.14305,1.14269,1.14288
1783592100000,1.14287,1.14296,1.14257,1.14266
1783593000000,1.14264,1.14311,1.1426,1.1426800000000001
1783593900000,1.14269,1.14278,1.14205,1.14228
1783594800000,1.14229,1.14253,1.14215,1.14253
1783595700000,1.14254,1.14259,1.14227,1.14231
1783596600000,1.1422999999999999,1.14262,1.14214,1.14252
1783597500000,1.14253,1.14294,1.14243,1.1429
1783598400000,1.14291,1.14354,1.14291,1.14334
1783599300000,1.1433499999999999,1.1434499999999999,1.14305,1.14319
1783600200000,1.14322,1.14349,1.14262,1.14278
1783601100000,1.1427699999999998,1.14279,1.14221,1.14243
1783602000000,1.14242,1.143,1.14233,1.14298
1783602900000,1.14299,1.1436,1.14299,1.1433799999999998
1783603800000,1.14341,1.1436300000000001,1.14311,1.14342
1783604700000,1.14343,1.14387,1.14329,1.1438599999999999
1783605600000,1.14386,1.1445400000000001,1.14386,1.1440400000000002
1783606500000,1.14402,1.1440400000000002,1.14359,1.14385
1783607400000,1.14384,1.14422,1.14353,1.1436
1783608300000,1.14359,1.14364,1.14307,1.14323
1783609200000,1.14324,1.1435600000000001,1.14287,1.14308
1783610100000,1.14309,1.1434,1.14286,1.14328
1783611000000,1.14329,1.1436899999999999,1.14305,1.1436799999999998
1783611900000,1.14363,1.144,1.14353,1.1438199999999998
1783612800000,1.1438300000000001,1.14399,1.14368,1.1439000000000001
1783613700000,1.14391,1.14408,1.14354,1.14366
1783614600000,1.14365,1.14399,1.14345,1.14392
1783615500000,1.1439100000000002,1.1440100000000002,1.14359,1.14362
1783616400000,1.14361,1.14374,1.14336,1.1435899999999999
1783617300000,1.1435799999999998,1.14401,1.14349,1.1439499999999998
1783618200000,1.14396,1.144,1.14354,1.14363
1783619100000,1.14364,1.14376,1.14361,1.1437
1783620000000,1.14371,1.14376,1.14342,1.1434600000000001
1783620900000,1.14347,1.14354,1.14313,1.1431499999999999
1783621800000,1.14316,1.14331,1.14309,1.1432499999999999
1783622700000,1.14324,1.1433900000000001,1.14317,1.1433
1783623600000,1.1432900000000001,1.14338,1.14301,1.1431
1783624500000,1.1430900000000002,1.14318,1.14281,1.1428600000000002
1783625400000,1.1428500000000001,1.1428900000000002,1.14267,1.1426800000000001
1783626300000,1.14269,1.1428,1.1425,1.1427100000000001
1783627200000,1.14269,1.1429399999999998,1.14268,1.1429
1783628100000,1.14287,1.14296,1.1428,1.14284
1783629000000,1.1428500000000001,1.14294,1.14284,1.14291
1783629900000,1.1429,1.14299,1.1428,1.14296
1783630800000,1.1428999999999998,1.1430399999999998,1.14278,1.1430099999999999
1783631700000,1.14281,1.14301,1.14277,1.14277
1783632600000,1.14281,1.14297,1.14259,1.14283
1783633500000,1.14274,1.14294,1.1427,1.14272
1783634400000,1.1429200000000002,1.1432900000000001,1.1427,1.14323
1783635300000,1.1432200000000001,1.14328,1.14321,1.14323
1783636200000,1.14323,1.1432499999999999,1.14322,1.14323
1783637100000,1.14324,1.1433,1.14323,1.14328
1783638000000,1.1432799999999999,1.1433499999999999,1.14326,1.14332
1783638900000,1.14331,1.14331,1.1431,1.14316
1783639800000,1.1431499999999999,1.14326,1.14312,1.1432499999999999
1783640700000,1.14326,1.1433,1.14316,1.14326
1783641600000,1.1432499999999999,1.14336,1.14312,1.1431499999999999
1783642500000,1.14314,1.14322,1.14303,1.14308
1783643400000,1.14306,1.14346,1.143,1.14345
1783644300000,1.14343,1.14415,1.14343,1.14397
1783645200000,1.14395,1.14442,1.14375,1.1444
1783646100000,1.14441,1.1446599999999998,1.1441,1.1441999999999999
1783647000000,1.14418,1.14451,1.14415,1.14428
1783647900000,1.14429,1.14493,1.14416,1.14466
1783648800000,1.14467,1.14555,1.14464,1.1455000000000002
1783649700000,1.1455099999999998,1.14593,1.14549,1.1456499999999998
1783650600000,1.14565,1.1458599999999999,1.14543,1.14581
1783651500000,1.1458,1.14601,1.14567,1.14577
1783652400000,1.14578,1.14589,1.14552,1.14554
1783653300000,1.1455600000000001,1.14558,1.14531,1.14551
1783654200000,1.1455199999999999,1.1456199999999999,1.14529,1.14537
1783655100000,1.14536,1.14536,1.14468,1.14489
1783656000000,1.14485,1.14485,1.14465,1.14483
1783656900000,1.14482,1.14485,1.14438,1.14453
1783657800000,1.14452,1.14453,1.14412,1.14413
1783658700000,1.14411,1.14422,1.14391,1.14422
1783659600000,1.14423,1.1444,1.14398,1.14399
1783660500000,1.14398,1.14405,1.14368,1.14375
1783661400000,1.14373,1.14377,1.1435,1.1436899999999999
1783662300000,1.1437,1.14407,1.1437,1.14392
1783663200000,1.14391,1.14436,1.14387,1.14424
1783664100000,1.1443,1.14468,1.14398,1.14414
1783665000000,1.14413,1.14456,1.14396,1.14396
1783665900000,1.14397,1.14425,1.14384,1.14415
1783666800000,1.14418,1.14419,1.1437,1.14378
1783667700000,1.14379,1.1441700000000001,1.14368,1.14391
1783668600000,1.14389,1.14406,1.14369,1.1439400000000002
1783669500000,1.14395,1.1441000000000001,1.14359,1.1436600000000001
1783670400000,1.14367,1.14417,1.14347,1.14365
1783671300000,1.14366,1.14366,1.14316,1.1433499999999999
1783672200000,1.14336,1.14353,1.14312,1.14347
1783673100000,1.1434600000000001,1.14348,1.14298,1.143
1783674000000,1.14299,1.14336,1.14299,1.14326
1783674900000,1.14327,1.14332,1.14302,1.1432
1783675800000,1.14321,1.14326,1.14289,1.1429
1783676700000,1.1429099999999999,1.14302,1.14262,1.14267
1783677600000,1.14269,1.14287,1.14262,1.14283
1783678500000,1.14282,1.1433099999999998,1.14278,1.1432799999999999
1783679400000,1.14327,1.14333,1.14297,1.14313
1783680300000,1.14314,1.14348,1.143,1.14328
1783681200000,1.1432900000000001,1.1434600000000001,1.14298,1.143
1783682100000,1.14301,1.14314,1.14266,1.14296
1783683000000,1.14299,1.1430500000000001,1.1426,1.14291
1783683900000,1.14286,1.14314,1.14283,1.14304
1783684800000,1.1430699999999998,1.1441199999999998,1.14261,1.14347
1783685700000,1.14348,1.14358,1.14281,1.14284
1783686600000,1.14285,1.14299,1.14246,1.14255
1783687500000,1.14255,1.14289,1.14227,1.14286
1783688400000,1.1428800000000001,1.14289,1.14192,1.14216
1783689300000,1.1421700000000001,1.14226,1.14192,1.14196
1783690200000,1.14195,1.1426,1.14191,1.14253
1783691100000,1.1425400000000001,1.1425400000000001,1.14189,1.14202
1783692000000,1.14203,1.1423100000000002,1.14162,1.1423
1783692900000,1.1423100000000002,1.1426100000000001,1.14199,1.14256
1783693800000,1.1425800000000002,1.1427800000000001,1.14115,1.1420000000000001
1783694700000,1.14199,1.14225,1.14179,1.14219
1783695600000,1.1421999999999999,1.14282,1.14208,1.1426
1783696500000,1.14262,1.1434199999999999,1.14262,1.14327
1783697400000,1.1432600000000002,1.1434300000000002,1.14308,1.1431
1783698300000,1.14311,1.14384,1.14311,1.14371
1783699200000,1.1437199999999998,1.14398,1.14356,1.14391
1783700100000,1.1439199999999998,1.14407,1.14353,1.14387
1783701000000,1.1438599999999999,1.14389,1.1434,1.14341
1783701900000,1.14344,1.1435,1.14289,1.1429
1783702800000,1.14289,1.14306,1.14255,1.14268
1783703700000,1.14267,1.14271,1.14218,1.14242
1783704600000,1.14242,1.14242,1.14196,1.1421100000000002
1783705500000,1.14212,1.14222,1.14161,1.14171
1783706400000,1.1417400000000002,1.14175,1.14152,1.1416000000000002
1783707300000,1.14161,1.14164,1.14136,1.14141
1783708200000,1.1414,1.14157,1.14111,1.14124
1783709100000,1.14123,1.1415899999999999,1.14123,1.14158
1783710000000,1.14159,1.14159,1.14134,1.14143
1783710900000,1.14144,1.14159,1.14142,1.14154
1783711800000,1.14153,1.14165,1.14141,1.14143
1783712700000,1.14144,1.1416199999999999,1.14133,1.1415199999999999
1783713600000,1.14154,1.14177,1.14137,1.14152
1783714500000,1.14151,1.14164,1.14134,1.1414
1783715400000,1.1413600000000002,1.1413600000000002,1.14108,1.1412300000000002
1783716300000,1.14125,1.14144,1.14124,1.14142
1783890000000,1.14005,1.14035,1.13977,1.14031
1783890900000,1.1404699999999999,1.1404699999999999,1.1401,1.1403699999999999
1783891800000,1.14035,1.14037,1.13995,1.13995
1783892700000,1.1402,1.14048,1.14002,1.14021
1783893600000,1.14023,1.1403699999999999,1.13876,1.13895
1783894500000,1.13896,1.13956,1.13886,1.13943
1783895400000,1.1394000000000002,1.13951,1.13932,1.1393700000000002
1783896300000,1.13937,1.1395199999999999,1.13933,1.13941
1783897200000,1.1394,1.1396499999999998,1.13926,1.13963
1783898100000,1.13961,1.13979,1.13957,1.13977
1783899000000,1.13978,1.1398599999999999,1.13956,1.1398
1783899900000,1.13979,1.14037,1.13978,1.14036
1783900800000,1.14039,1.14039,1.13998,1.14001
1783901700000,1.1400000000000001,1.1404800000000002,1.13972,1.1401000000000001
1783902600000,1.1401,1.1402599999999998,1.13949,1.1396499999999998
1783903500000,1.13968,1.13979,1.13942,1.1394900000000001
1783904400000,1.13946,1.13947,1.13899,1.139
1783905300000,1.1389900000000002,1.1391900000000001,1.13837,1.1388900000000002
1783906200000,1.1389200000000002,1.1394600000000001,1.13884,1.1394600000000001
1783907100000,1.13947,1.1396899999999999,1.13933,1.1396899999999999
1783908000000,1.13972,1.1397700000000002,1.13928,1.13944
1783908900000,1.13943,1.13956,1.13937,1.13949
1783909800000,1.13948,1.13992,1.13937,1.1399
1783910700000,1.13991,1.1399299999999999,1.13936,1.13936
1783911600000,1.1393600000000002,1.13947,1.13901,1.13927
1783912500000,1.1392799999999998,1.1395199999999999,1.13926,1.1394499999999999
1783913400000,1.13944,1.1396400000000002,1.13942,1.13955
1783914300000,1.1395600000000001,1.13984,1.13951,1.13984
1783915200000,1.13982,1.13987,1.13964,1.13987
1783916100000,1.13986,1.14009,1.13978,1.14009
1783917000000,1.14008,1.1401999999999999,1.14004,1.1400599999999999
1783917900000,1.14005,1.14045,1.14005,1.14033
1783918800000,1.1403500000000002,1.14086,1.1403,1.1407500000000002
1783919700000,1.14075,1.1407699999999998,1.14004,1.1401
1783920600000,1.1400899999999998,1.14028,1.1399,1.1400599999999999
1783921500000,1.14005,1.14035,1.13963,1.1398
1783922400000,1.13979,1.13989,1.13952,1.1396000000000002
1783923300000,1.13961,1.14033,1.13961,1.14031
1783924200000,1.14031,1.1407,1.14022,1.14043
1783925100000,1.1404100000000001,1.14064,1.13996,1.1400400000000002
1783926000000,1.14009,1.14099,1.14004,1.14075
1783926900000,1.14076,1.1408800000000001,1.1406,1.14086
1783927800000,1.14085,1.1421299999999999,1.14062,1.14161
1783928700000,1.1416199999999999,1.14256,1.1416,1.14241
1783929600000,1.14246,1.14427,1.14235,1.14392
1783930500000,1.14393,1.1445299999999998,1.14366,1.1437899999999999
1783931400000,1.1438000000000001,1.14402,1.14352,1.14389
1783932300000,1.14388,1.14392,1.14351,1.14354
1783933200000,1.14355,1.14368,1.14304,1.1430900000000002
1783934100000,1.1431,1.1433900000000001,1.1428,1.1431200000000001
1783935000000,1.1431099999999998,1.1432499999999999,1.14271,1.1429099999999999
1783935900000,1.14293,1.1431,1.14268,1.14309
1783936800000,1.1431,1.14342,1.143,1.14313
1783937700000,1.14312,1.14312,1.14272,1.14286
1783938600000,1.14285,1.1430999999999998,1.14254,1.14285
1783939500000,1.14286,1.1435,1.14277,1.1435
1783940400000,1.1435300000000002,1.14367,1.1427,1.1429500000000001
1783941300000,1.14294,1.14298,1.14246,1.14285
1783942200000,1.1427999999999998,1.1430399999999998,1.14261,1.1429699999999998
1783943100000,1.14296,1.14296,1.14261,1.1426999999999998
1783944000000,1.14269,1.14301,1.14199,1.1421700000000001
1783944900000,1.14218,1.1424699999999999,1.14204,1.14236
1783945800000,1.14235,1.1428099999999999,1.14224,1.14249
1783946700000,1.14247,1.14303,1.14212,1.14303
1783947600000,1.1430799999999999,1.1432699999999998,1.14254,1.1425999999999998
1783948500000,1.14259,1.14267,1.14222,1.1424
1783949400000,1.1424299999999998,1.1429099999999999,1.1419,1.1420299999999999
1783950300000,1.14202,1.14216,1.14138,1.1414
1783951200000,1.14139,1.1415499999999998,1.14102,1.14133
1783952100000,1.14131,1.14144,1.13999,1.14073
1783953000000,1.14073,1.14087,1.13991,1.14024
1783953900000,1.14023,1.14067,1.13978,1.14056
1783954800000,1.14057,1.1406100000000001,1.13968,1.13977
1783955700000,1.13976,1.1401400000000002,1.13959,1.13988
1783956600000,1.13992,1.1400400000000002,1.13959,1.13992
1783957500000,1.13993,1.1403400000000001,1.13965,1.1401000000000001
1783958400000,1.14013,1.1402100000000002,1.13993,1.1400800000000002
1783959300000,1.1400899999999998,1.14011,1.13885,1.13906
1783960200000,1.1390500000000001,1.13907,1.13822,1.13892
1783961100000,1.13896,1.13916,1.13828,1.13882
1783962000000,1.1388399999999999,1.13902,1.13848,1.13865
1783962900000,1.13866,1.13886,1.13851,1.13869
1783963800000,1.13864,1.13883,1.13849,1.1388
1783964700000,1.1388200000000002,1.1389500000000001,1.13854,1.13857
1783965600000,1.13858,1.13882,1.13842,1.13861
1783966500000,1.1386,1.13873,1.13845,1.13862
1783967400000,1.13863,1.13883,1.13855,1.13872
1783968300000,1.13873,1.13877,1.13852,1.13868
1783969200000,1.13869,1.13873,1.13815,1.13816
1783970100000,1.13815,1.1384,1.13813,1.1382400000000001
1783971000000,1.13825,1.1384,1.13819,1.13829
1783971900000,1.13828,1.13834,1.13818,1.13829
1783972800000,1.1383,1.13839,1.13789,1.13792
1783973700000,1.13793,1.1379400000000002,1.13769,1.1379100000000002
1783974600000,1.1379,1.1379599999999999,1.13777,1.13791
1783975500000,1.1379100000000002,1.13799,1.13786,1.13798
1783976400000,1.1378599999999999,1.1380899999999998,1.13763,1.1378199999999998
1783977300000,1.1377,1.1381599999999998,1.1377,1.13812
1783978200000,1.1379700000000001,1.13856,1.13779,1.13806
1783979100000,1.13794,1.1382299999999999,1.13783,1.13783
1783980000000,1.13785,1.13858,1.13785,1.13824
1783980900000,1.1382400000000001,1.1383400000000001,1.13823,1.1383100000000002
1783981800000,1.13835,1.13844,1.13824,1.13844
1783982700000,1.13844,1.13844,1.13804,1.13804
1783983600000,1.13804,1.13824,1.13795,1.13808
1783984500000,1.13808,1.13815,1.13794,1.13805
1783985400000,1.13803,1.1383,1.13798,1.13819
1783986300000,1.1382,1.13833,1.13809,1.13828
1783987200000,1.13829,1.1386,1.13806,1.1384100000000001
1783988100000,1.1384100000000001,1.1384200000000002,1.13776,1.1379800000000002
1783989000000,1.13796,1.13875,1.13791,1.1387
1783989900000,1.13869,1.13889,1.13841,1.13842
1783990800000,1.1384,1.13867,1.1384,1.1386
1783991700000,1.13862,1.13896,1.13845,1.13846
1783992600000,1.1384599999999998,1.13879,1.13844,1.13872
1783993500000,1.13873,1.139,1.13859,1.13882
1783994400000,1.13883,1.13907,1.13883,1.139
1783995300000,1.1389900000000002,1.13934,1.13898,1.13931
1783996200000,1.13932,1.13937,1.13917,1.1392
1783997100000,1.13921,1.13925,1.13901,1.13901
1783998000000,1.13902,1.1391799999999999,1.13878,1.1390699999999998
1783998900000,1.13907,1.1392600000000002,1.13881,1.13925
1783999800000,1.13926,1.13961,1.1392,1.13934
1784000700000,1.13935,1.13946,1.13927,1.1393
1784001600000,1.1393,1.1394,1.139,1.13923
1784002500000,1.13924,1.1394,1.13921,1.13921
1784003400000,1.13922,1.13935,1.13913,1.1391499999999999
1784004300000,1.1391499999999999,1.1391499999999999,1.13869,1.139
1784005200000,1.139,1.13926,1.139,1.1392200000000001
1784006100000,1.13921,1.13942,1.13921,1.13934
1784007000000,1.13936,1.13954,1.1392,1.13935
1784007900000,1.1393600000000002,1.1393600000000002,1.13904,1.1391200000000001
1784008800000,1.13911,1.1392,1.13874,1.1387900000000002
1784009700000,1.1388,1.13889,1.13856,1.13866
1784010600000,1.13867,1.13933,1.1386,1.1388
1784011500000,1.13879,1.1388,1.1384,1.1385500000000002
1784012400000,1.13856,1.13896,1.13836,1.1386100000000001
1784013300000,1.1385999999999998,1.1394199999999999,1.13858,1.1393199999999999
1784014200000,1.13931,1.13932,1.13884,1.13911
1784015100000,1.13913,1.1397,1.1391,1.13953
1784016000000,1.13954,1.13977,1.13927,1.13961
1784016900000,1.1396,1.14,1.13949,1.1399499999999998
1784017800000,1.13994,1.1405399999999999,1.13977,1.1404999999999998
1784018700000,1.1404800000000002,1.1405100000000001,1.13986,1.1399000000000001
1784019600000,1.13991,1.14031,1.13987,1.14028
1784020500000,1.14029,1.14029,1.13971,1.13978
1784021400000,1.13979,1.13987,1.13944,1.13946
1784022300000,1.13946,1.14023,1.13944,1.14005
1784023200000,1.14008,1.14011,1.13963,1.13971
1784024100000,1.1397300000000001,1.13986,1.13935,1.13944
1784025000000,1.13944,1.1396600000000001,1.13928,1.13942
1784025900000,1.13941,1.13951,1.13904,1.1391200000000001
1784026800000,1.13915,1.13941,1.13893,1.13936
1784027700000,1.13935,1.13964,1.1392,1.13948
1784028600000,1.13953,1.14008,1.13947,1.14006
1784029500000,1.1400700000000001,1.1408800000000001,1.14006,1.1406
1784030400000,1.14061,1.1406999999999998,1.14034,1.1405699999999999
1784031300000,1.14055,1.1414600000000001,1.14036,1.14131
1784032200000,1.14132,1.14616,1.14069,1.14572
1784033100000,1.1457300000000001,1.14585,1.14406,1.1445500000000002
1784034000000,1.14454,1.14546,1.1441,1.1444699999999999
1784034900000,1.14445,1.1452900000000001,1.14433,1.14494
1784035800000,1.1449799999999999,1.14533,1.14462,1.14522
1784036700000,1.14519,1.14538,1.14472,1.14509
1784037600000,1.14508,1.1458300000000001,1.14498,1.14545
1784038500000,1.14543,1.14547,1.14432,1.14438
1784039400000,1.14437,1.14575,1.14406,1.1447500000000002
1784040300000,1.14476,1.1449,1.14395,1.14446
1784041200000,1.14447,1.14529,1.14415,1.1448
1784042100000,1.14478,1.14487,1.14405,1.14411
1784043000000,1.1441000000000001,1.1443100000000002,1.14298,1.1432600000000002
1784043900000,1.14328,1.14357,1.14252,1.14265
1784044800000,1.14269,1.14284,1.14236,1.14276
1784045700000,1.1427699999999998,1.14303,1.14261,1.1429799999999999
1784046600000,1.14299,1.1433799999999998,1.14299,1.1431799999999999
1784047500000,1.14319,1.14327,1.14292,1.14314
1784048400000,1.14313,1.14328,1.14223,1.14225
1784049300000,1.14227,1.14258,1.14188,1.14253
1784050200000,1.14254,1.14262,1.14235,1.14253
1784051100000,1.1425400000000001,1.14276,1.14222,1.1422700000000001
1784052000000,1.14228,1.14245,1.14224,1.14235
1784052900000,1.14236,1.1425800000000002,1.14196,1.14208
1784053800000,1.14206,1.1422700000000001,1.14155,1.14185
1784054700000,1.14184,1.14234,1.14184,1.14229
1784055600000,1.1422800000000002,1.14256,1.14223,1.14249
1784056500000,1.1425,1.14254,1.14225,1.14239
1784057400000,1.1424,1.1424,1.14205,1.14222
1784058300000,1.14223,1.14235,1.14196,1.14196
1784059200000,1.1419700000000002,1.1422100000000002,1.14179,1.14199
1784060100000,1.14198,1.14204,1.14185,1.14189
1784061000000,1.14188,1.14209,1.14187,1.14198
1784061900000,1.14195,1.14209,1.14188,1.14203
1784062800000,1.14187,1.14187,1.14136,1.1418
1784063700000,1.14186,1.14186,1.14161,1.14172
1784064600000,1.14183,1.1419599999999999,1.14166,1.1418199999999998
1784065500000,1.14184,1.14185,1.14167,1.14171
1784066400000,1.14205,1.14226,1.14165,1.14182
1784067300000,1.1418300000000001,1.14198,1.14175,1.14196
1784068200000,1.14196,1.14212,1.14191,1.14206
1784069100000,1.14205,1.14206,1.14185,1.1420000000000001
1784070000000,1.1419899999999998,1.1421599999999998,1.14193,1.1421299999999999
1784070900000,1.1421400000000002,1.1422,1.14199,1.1422
1784071800000,1.1421899999999998,1.1423999999999999,1.1421,1.14238
1784072700000,1.1423699999999999,1.1424299999999998,1.14227,1.14238
1784073600000,1.1424,1.1427,1.14233,1.1425
1784074500000,1.1425,1.14297,1.1425,1.14289
1784075400000,1.1428800000000001,1.14294,1.14257,1.1426500000000002
1784076300000,1.1426500000000002,1.1433600000000002,1.14264,1.14324
1784077200000,1.14324,1.14351,1.14318,1.14348
1784078100000,1.14348,1.14368,1.14344,1.14353
1784079000000,1.1435300000000002,1.1436300000000001,1.14325,1.1433200000000001
1784079900000,1.14333,1.14352,1.1432,1.14349
1784080800000,1.14347,1.1438599999999999,1.14336,1.14357
1784081700000,1.14354,1.14354,1.14326,1.14346
1784082600000,1.1434499999999999,1.1440599999999999,1.14343,1.1440299999999999
1784083500000,1.14404,1.14417,1.14388,1.14397
1784084400000,1.14398,1.14417,1.14371,1.14371
1784085300000,1.14372,1.14372,1.14328,1.1434300000000002
1784086200000,1.14344,1.14363,1.14336,1.14336
1784087100000,1.14338,1.14379,1.14338,1.14374
1784088000000,1.1437700000000002,1.14385,1.14362,1.14368
1784088900000,1.14367,1.14397,1.14364,1.14388
1784089800000,1.14387,1.14402,1.14371,1.14375
1784090700000,1.14376,1.14391,1.14361,1.14364
1784091600000,1.14364,1.1437300000000001,1.14348,1.14361
1784092500000,1.14362,1.14378,1.14359,1.1437000000000002
1784093400000,1.14368,1.14404,1.14367,1.1440299999999999
1784094300000,1.14401,1.14427,1.14397,1.1439899999999998
1784095200000,1.144,1.1442,1.14388,1.14394
1784096100000,1.14393,1.14432,1.14391,1.14413
1784097000000,1.14414,1.14415,1.14371,1.1438
1784097900000,1.1437899999999999,1.1438,1.14275,1.14282
1784098800000,1.14286,1.14313,1.14255,1.14295
1784099700000,1.14295,1.1429999999999998,1.14193,1.1421999999999999
1784100600000,1.1422,1.1424100000000001,1.14206,1.1423400000000001
1784101500000,1.14233,1.14246,1.14211,1.14228
1784102400000,1.14229,1.1427,1.14209,1.14222
1784103300000,1.1422299999999999,1.14249,1.14217,1.14248
1784104200000,1.14247,1.14261,1.14232,1.1424
1784105100000,1.14239,1.14249,1.14205,1.14238
1784106000000,1.14245,1.1425299999999998,1.14197,1.1423699999999999
1784106900000,1.14238,1.14246,1.14212,1.14213
1784107800000,1.1421299999999999,1.1421999999999999,1.14174,1.14201
1784108700000,1.14203,1.14216,1.14161,1.14164
1784109600000,1.1416499999999998,1.1417599999999999,1.14129,1.14144
1784110500000,1.14145,1.14177,1.14117,1.14126
1784111400000,1.14127,1.1414,1.14102,1.1412099999999998
1784112300000,1.1412,1.14154,1.14113,1.14153
1784113200000,1.14152,1.14189,1.14148,1.14165
1784114100000,1.14165,1.14179,1.14147,1.14153
1784115000000,1.14154,1.14185,1.1414,1.1414199999999999
1784115900000,1.14146,1.1415,1.14095,1.1411099999999998
1784116800000,1.14116,1.1414,1.14055,1.14087
1784117700000,1.14088,1.14144,1.14072,1.14131
1784118600000,1.1413,1.14248,1.14127,1.14246
1784119500000,1.1424699999999999,1.14296,1.14238,1.14278
1784120400000,1.1428099999999999,1.14332,1.14265,1.14266
1784121300000,1.14265,1.14329,1.14232,1.14239
1784122200000,1.14237,1.14276,1.14233,1.14259
1784123100000,1.14262,1.1435,1.14246,1.1429500000000001
1784124000000,1.14298,1.1435,1.14297,1.14314
1784124900000,1.14313,1.14349,1.14296,1.14318
1784125800000,1.1431900000000002,1.1438700000000002,1.14318,1.14382
1784126700000,1.14383,1.14409,1.14323,1.14363
1784127600000,1.14365,1.14408,1.1435,1.1435
1784128500000,1.1434900000000001,1.14395,1.14328,1.14389
1784129400000,1.1439,1.1439,1.14312,1.1433799999999998
1784130300000,1.14339,1.1436499999999998,1.14312,1.1434799999999998
1784131200000,1.14347,1.1435600000000001,1.14297,1.1433900000000001
1784132100000,1.14335,1.14392,1.14335,1.14381
1784133000000,1.14382,1.14385,1.14338,1.14347
1784133900000,1.14348,1.1441700000000001,1.14341,1.1441700000000001
1784134800000,1.14416,1.14496,1.14416,1.14489
1784135700000,1.1448900000000002,1.1455300000000002,1.14474,1.1455300000000002
1784136600000,1.14552,1.14704,1.14551,1.14701
1784137500000,1.14698,1.14742,1.14663,1.14728
1784138400000,1.14729,1.14763,1.14717,1.14728
1784139300000,1.14727,1.14781,1.14718,1.14778
1784140200000,1.1477899999999999,1.1481999999999999,1.14726,1.1472799999999999
1784141100000,1.14727,1.14739,1.14655,1.14661
1784142000000,1.14657,1.14734,1.14652,1.14733
1784142900000,1.14732,1.14741,1.14696,1.14724
1784143800000,1.14723,1.14724,1.14618,1.14626
1784144700000,1.1462700000000001,1.14643,1.14609,1.1463400000000001
1784145600000,1.14633,1.1464,1.14603,1.14609
1784146500000,1.1461,1.14635,1.14607,1.14632
1784147400000,1.14633,1.14634,1.14605,1.1462
1784148300000,1.14621,1.14635,1.14617,1.1462899999999998
1784149200000,1.14593,1.1462899999999998,1.14593,1.1460199999999998
1784150100000,1.1460199999999998,1.1461299999999999,1.14593,1.14593
1784151000000,1.14595,1.1462899999999998,1.1459,1.14614
1784151900000,1.14613,1.1462700000000001,1.14599,1.14615
1784152800000,1.14634,1.14676,1.1461,1.14658
1784153700000,1.14659,1.14668,1.14648,1.1466699999999999
1784154600000,1.14668,1.1467,1.14656,1.14662
1784155500000,1.1466100000000001,1.14664,1.14646,1.14664
1784156400000,1.14663,1.1468200000000002,1.1466,1.1468200000000002
1784157300000,1.1468099999999999,1.14692,1.14671,1.1468699999999998
1784158200000,1.14686,1.14702,1.14679,1.14699
1784159100000,1.1469799999999999,1.14703,1.14686,1.14692
1784160000000,1.14693,1.14734,1.14686,1.14732
1784160900000,1.1473099999999998,1.1473399999999998,1.14695,1.14713
1784161800000,1.14714,1.14718,1.14674,1.1469200000000002
1784162700000,1.1469,1.14741,1.14667,1.1473200000000001
1784163600000,1.1473,1.14734,1.147,1.14724
1784164500000,1.1472300000000002,1.14725,1.14681,1.1469
1784165400000,1.14691,1.14701,1.14646,1.14664
1784166300000,1.1466399999999999,1.14666,1.14645,1.14653
1784167200000,1.14651,1.1465299999999998,1.146,1.1460199999999998
1784168100000,1.14603,1.14641,1.14595,1.14638
1784169000000,1.1463700000000001,1.14646,1.14616,1.1462700000000001
1784169900000,1.14628,1.14643,1.14611,1.1463999999999999
1784170800000,1.14642,1.14663,1.14628,1.14651
1784171700000,1.1465,1.1467800000000001,1.1465,1.14674
1784172600000,1.14673,1.14683,1.14666,1.14667
1784173500000,1.14666,1.14669,1.14649,1.14661
1784174400000,1.1466,1.1466,1.14632,1.14645
1784175300000,1.14645,1.14645,1.14625,1.14626
1784176200000,1.14626,1.14667,1.14625,1.14654
1784177100000,1.14653,1.14662,1.14646,1.14656
1784178000000,1.14658,1.14669,1.14651,1.14668
1784178900000,1.14669,1.1467800000000001,1.14657,1.1466100000000001
1784179800000,1.14662,1.14683,1.14655,1.14665
1784180700000,1.14666,1.14667,1.14616,1.14628
1784181600000,1.14629,1.1468500000000001,1.14626,1.1468500000000001
1784182500000,1.14682,1.1469,1.14652,1.14676
1784183400000,1.14677,1.14677,1.14645,1.14662
1784184300000,1.1466100000000001,1.14704,1.14656,1.14679
1784185200000,1.1467999999999998,1.1469699999999998,1.14661,1.14676
1784186100000,1.14677,1.14715,1.14672,1.14687
1784187000000,1.14684,1.1471500000000001,1.14667,1.1470900000000002
1784187900000,1.14708,1.14759,1.14681,1.14687
1784188800000,1.14686,1.1471300000000002,1.1463,1.1463700000000001
1784189700000,1.1463800000000002,1.1465800000000002,1.1462,1.1464400000000001
1784190600000,1.1464800000000002,1.1467800000000001,1.14647,1.14667
1784191500000,1.14668,1.1467,1.14622,1.14653
1784192400000,1.1465400000000001,1.1465400000000001,1.14622,1.14646
1784193300000,1.14646,1.1466299999999998,1.14624,1.14629
1784194200000,1.14628,1.14648,1.146,1.1464599999999998
1784195100000,1.14647,1.14676,1.14646,1.14657
1784196000000,1.1465599999999998,1.1465699999999999,1.14637,1.14651
1784196900000,1.14652,1.14678,1.14645,1.14648
1784197800000,1.14647,1.14649,1.14615,1.1464
1784198700000,1.14641,1.1465699999999999,1.14587,1.14593
1784199600000,1.14591,1.14618,1.14582,1.14598
1784200500000,1.14598,1.1462599999999998,1.14576,1.14597
1784201400000,1.14596,1.14659,1.14596,1.1464
1784202300000,1.14641,1.14683,1.14563,1.1467999999999998
1784203200000,1.14682,1.14702,1.14631,1.14641
1784204100000,1.14642,1.14648,1.14593,1.1462599999999998
1784205000000,1.14625,1.14645,1.14506,1.14521
1784205900000,1.1452,1.14555,1.14464,1.1447
1784206800000,1.14473,1.1453,1.14439,1.14528
1784207700000,1.14524,1.14578,1.14502,1.14576
1784208600000,1.14577,1.14585,1.14527,1.14529
1784209500000,1.1453,1.1455600000000001,1.1449,1.14491
1784210400000,1.1448999999999998,1.1453399999999998,1.14444,1.1447699999999998
1784211300000,1.14476,1.14518,1.14463,1.14487
1784212200000,1.14488,1.14515,1.14418,1.14442
1784213100000,1.14443,1.14456,1.14395,1.14424
1784214000000,1.14422,1.1442500000000002,1.14359,1.14413
1784214900000,1.1441199999999998,1.14434,1.14393,1.1439899999999998
1784215800000,1.1440000000000001,1.14462,1.14395,1.14459
1784216700000,1.1446,1.1449,1.1445,1.14464
1784217600000,1.14465,1.14465,1.14402,1.14414
1784218500000,1.14415,1.1442299999999999,1.1435,1.14356
1784219400000,1.14357,1.1438,1.14341,1.14365
1784220300000,1.14364,1.1437499999999998,1.14336,1.14343
1784221200000,1.14342,1.14345,1.14307,1.14315
1784222100000,1.14316,1.14347,1.14313,1.14345
1784223000000,1.1434600000000001,1.14352,1.14321,1.1434
1784223900000,1.1434199999999999,1.1437799999999998,1.14339,1.1435899999999999
1784224800000,1.1436,1.14374,1.14344,1.14371
1784225700000,1.1437,1.1438599999999999,1.14357,1.1436
1784226600000,1.14359,1.14372,1.14352,1.14371
1784227500000,1.14371,1.14381,1.14363,1.1437899999999999
1784228400000,1.14378,1.14395,1.14368,1.14369
1784229300000,1.1437000000000002,1.1437000000000002,1.14338,1.1434600000000001
1784230200000,1.14347,1.14374,1.14345,1.1436700000000002
1784231100000,1.14366,1.14411,1.14366,1.1439899999999998
1784232000000,1.14398,1.14414,1.14393,1.14398
1784232900000,1.1439899999999998,1.14402,1.1438,1.1439199999999998
1784233800000,1.14391,1.14434,1.14388,1.14424
1784234700000,1.14423,1.1443800000000002,1.1442,1.14423
1784235600000,1.14392,1.144,1.14374,1.14399
1784236500000,1.14399,1.14403,1.14385,1.14403
1784237400000,1.1440199999999998,1.1440199999999998,1.1439,1.14398
1784238300000,1.14399,1.14402,1.14389,1.14389
1784239200000,1.14411,1.1444400000000001,1.14395,1.14439
1784240100000,1.14438,1.14439,1.14428,1.14431
1784241000000,1.14432,1.14435,1.14424,1.1442599999999998
1784241900000,1.14423,1.14429,1.14416,1.14426
1784242800000,1.1442700000000001,1.1443800000000002,1.1442,1.1443500000000002
1784243700000,1.14437,1.14449,1.14433,1.14442
1784244600000,1.14441,1.14459,1.14438,1.1444699999999999
1784245500000,1.14446,1.14448,1.14431,1.14445
1784246400000,1.1445100000000001,1.14457,1.14433,1.1443800000000002
1784247300000,1.14439,1.14452,1.14412,1.14414
1784248200000,1.14414,1.14428,1.14407,1.14408
1784249100000,1.14409,1.1446399999999999,1.14408,1.1446399999999999
1784250000000,1.14463,1.14476,1.14429,1.1444
1784250900000,1.1443999999999999,1.14461,1.14427,1.1442899999999998
1784251800000,1.14429,1.14438,1.14411,1.14428
1784252700000,1.14426,1.14426,1.14368,1.14386
1784253600000,1.14385,1.14408,1.14384,1.14405
1784254500000,1.14404,1.14409,1.14384,1.14385
1784255400000,1.14386,1.14395,1.14362,1.14375
1784256300000,1.14374,1.1439,1.14361,1.14363
1784257200000,1.14364,1.14396,1.14358,1.1437300000000001
1784258100000,1.14377,1.14395,1.14375,1.14387
1784259000000,1.14388,1.1439199999999998,1.14353,1.14358
1784259900000,1.1435899999999999,1.1438899999999999,1.14353,1.14387
1784260800000,1.14387,1.14389,1.14371,1.14373
1784261700000,1.14373,1.14378,1.14356,1.1435799999999998
1784262600000,1.14357,1.14375,1.14353,1.1436199999999999
1784263500000,1.1436300000000001,1.14374,1.14341,1.1435600000000001
1784264400000,1.14357,1.1436600000000001,1.14351,1.1436
1784265300000,1.14361,1.14376,1.14351,1.14364
1784266200000,1.14365,1.1443,1.14365,1.14412
1784267100000,1.14413,1.1442800000000002,1.14386,1.1439100000000002
1784268000000,1.14392,1.14454,1.14391,1.14453
1784268900000,1.14453,1.14507,1.14452,1.14479
1784269800000,1.14478,1.1451,1.14472,1.14489
1784270700000,1.14488,1.14515,1.14478,1.14493
1784271600000,1.14492,1.14516,1.14466,1.14484
1784272500000,1.1448500000000001,1.1448500000000001,1.14436,1.14462
1784273400000,1.14463,1.1449399999999998,1.14438,1.14463
1784274300000,1.1446,1.14489,1.14442,1.14443
1784275200000,1.14442,1.14473,1.14396,1.14402
1784276100000,1.14403,1.14403,1.14352,1.14396
1784277000000,1.14395,1.14432,1.14391,1.1441999999999999
1784277900000,1.14419,1.1442700000000001,1.14386,1.14406
1784278800000,1.1440499999999998,1.14417,1.14366,1.14381
1784279700000,1.1438,1.14419,1.14368,1.14412
1784280600000,1.14413,1.14414,1.14358,1.1437300000000001
1784281500000,1.14372,1.1440000000000001,1.14369,1.14399
1784282400000,1.14398,1.14398,1.1435,1.14387
1784283300000,1.14386,1.14398,1.14307,1.14318
1784284200000,1.14316,1.14333,1.14303,1.14321
1784285100000,1.1432200000000001,1.14326,1.14256,1.14262
1784286000000,1.1426100000000001,1.14297,1.1424,1.14284
1784286900000,1.1428500000000001,1.14303,1.14267,1.14298
1784287800000,1.14301,1.14355,1.14294,1.1433
1784288700000,1.14328,1.14343,1.14287,1.14296
1784289600000,1.14295,1.1434799999999998,1.14295,1.1432399999999998
1784290500000,1.14323,1.14339,1.14303,1.14337
1784291400000,1.14338,1.14338,1.14255,1.14263
1784292300000,1.14264,1.14287,1.14243,1.1428500000000001
1784293200000,1.14288,1.14312,1.14251,1.1428999999999998
1784294100000,1.14289,1.14293,1.14239,1.14247
1784295000000,1.14248,1.1432499999999999,1.14244,1.1431399999999998
1784295900000,1.14313,1.14362,1.14296,1.14353
1784296800000,1.14354,1.1437000000000002,1.14325,1.14358
1784297700000,1.14359,1.14405,1.14337,1.14348
1784298600000,1.1434900000000001,1.14419,1.14344,1.14415
1784299500000,1.14411,1.14436,1.14375,1.14392
1784300400000,1.14393,1.14427,1.14381,1.14389
1784301300000,1.14391,1.14439,1.14387,1.14409
1784302200000,1.1441,1.1441999999999999,1.14366,1.1436799999999998
1784303100000,1.14369,1.14406,1.14368,1.14394
1784304000000,1.14395,1.1439899999999998,1.14336,1.14393
1784304900000,1.14393,1.1441,1.14373,1.14404
1784305800000,1.1440199999999998,1.1440899999999998,1.14383,1.14393
1784306700000,1.1439199999999998,1.14393,1.14366,1.1437599999999999
1784307600000,1.14377,1.14382,1.14337,1.14341
1784308500000,1.14337,1.14355,1.14328,1.14352
1784309400000,1.1435099999999998,1.1435499999999998,1.14332,1.1433399999999998
1784310300000,1.14333,1.1434499999999999,1.14332,1.1433799999999998
1784311200000,1.1433600000000002,1.14355,1.14331,1.1434600000000001
1784312100000,1.14347,1.14368,1.14338,1.1436300000000001
1784313000000,1.1436199999999999,1.1436899999999999,1.1435,1.14353
1784313900000,1.14353,1.1435899999999999,1.14343,1.14348
1784314800000,1.14347,1.1436,1.14344,1.14354
1784315700000,1.1435499999999998,1.14366,1.14332,1.14353
1784316600000,1.14355,1.14384,1.14334,1.14376
1784317500000,1.14375,1.14409,1.14372,1.1440400000000002
1784318400000,1.14403,1.1441800000000002,1.14386,1.1438700000000002
1784319300000,1.1438599999999999,1.14392,1.14357,1.14371
1784320200000,1.14372,1.14378,1.14362,1.1437000000000002
1784321100000,1.14365,1.1438,1.14357,1.14372
1784494800000,1.1426399999999999,1.1426399999999999,1.14214,1.14238
1784495700000,1.14237,1.1425200000000002,1.14237,1.1425
1784496600000,1.14251,1.14274,1.14242,1.14261
1784497500000,1.14262,1.14276,1.14242,1.14242
1784498400000,1.14266,1.14304,1.14239,1.14289
1784499300000,1.1428800000000001,1.14308,1.14257,1.14267
1784500200000,1.14259,1.14294,1.14257,1.14276
1784501100000,1.14276,1.14277,1.14257,1.1425800000000002
1784502000000,1.14261,1.1426399999999999,1.14245,1.1424699999999999
1784502900000,1.14247,1.14253,1.14232,1.14248
1784503800000,1.14248,1.14264,1.14242,1.14261
1784504700000,1.1426100000000001,1.14269,1.14246,1.1426800000000001
1784505600000,1.14272,1.14305,1.14258,1.1429099999999999
1784506500000,1.14293,1.14322,1.14292,1.14317
1784507400000,1.14316,1.14317,1.14297,1.14311
1784508300000,1.14313,1.1433,1.14311,1.14328
1784509200000,1.14329,1.1435,1.14309,1.14313
1784510100000,1.14313,1.14339,1.1431,1.14339
1784511000000,1.14338,1.1435,1.14311,1.14323
1784511900000,1.14324,1.14359,1.14318,1.14355
1784512800000,1.14355,1.14375,1.14341,1.14358
1784513700000,1.14358,1.14385,1.14354,1.14384
1784514600000,1.14383,1.1442299999999999,1.14373,1.14401
1784515500000,1.1440299999999999,1.14418,1.1439,1.14404
1784516400000,1.1440299999999999,1.14408,1.14391,1.14401
1784517300000,1.1440000000000001,1.14409,1.14396,1.14403
1784518200000,1.14404,1.14419,1.14398,1.14417
1784519100000,1.14418,1.1441999999999999,1.1441,1.14414
1784520000000,1.1441299999999999,1.14424,1.14407,1.14418
1784520900000,1.14419,1.1444,1.14419,1.1444
1784521800000,1.14439,1.14445,1.14432,1.14442
1784522700000,1.14442,1.14445,1.14435,1.14439
1784523600000,1.14438,1.14444,1.14418,1.14425
1784524500000,1.14425,1.14432,1.14413,1.1441400000000002
1784525400000,1.14412,1.14415,1.14397,1.14398
1784526300000,1.14397,1.14418,1.14394,1.14395
1784527200000,1.1439199999999998,1.1441599999999998,1.14356,1.14364
1784528100000,1.14363,1.1438899999999999,1.14356,1.1435899999999999
1784529000000,1.14361,1.14386,1.14335,1.14354
1784529900000,1.14353,1.14388,1.14343,1.1434499999999999
1784530800000,1.14346,1.1438899999999999,1.14336,1.1434199999999999
1784531700000,1.1434300000000002,1.14419,1.14338,1.14419
1784532600000,1.1441800000000002,1.1449,1.14413,1.14473
1784533500000,1.1447500000000002,1.1448200000000002,1.14416,1.14436
1784534400000,1.1443699999999999,1.1444999999999999,1.14411,1.14417
1784535300000,1.1441599999999998,1.14425,1.14373,1.1437499999999998
1784536200000,1.14376,1.14431,1.14368,1.14403
1784537100000,1.14404,1.1441,1.14371,1.14384
1784538000000,1.1438300000000001,1.1439100000000002,1.14325,1.14337
1784538900000,1.14337,1.14348,1.14299,1.14302
1784539800000,1.14303,1.14319,1.14286,1.14311
1784540700000,1.14307,1.14307,1.14269,1.14295
1784541600000,1.14295,1.14327,1.14278,1.1431
1784542500000,1.14309,1.14321,1.14306,1.14311
1784543400000,1.14309,1.14356,1.14306,1.1434
1784544300000,1.14339,1.1434499999999999,1.14299,1.14305
1784545200000,1.1430500000000001,1.1433000000000002,1.14281,1.14298
1784546100000,1.14297,1.14329,1.14296,1.14328
1784547000000,1.1432900000000001,1.14399,1.14328,1.14344
1784547900000,1.14343,1.14346,1.14275,1.14288
1784548800000,1.14286,1.14295,1.14204,1.14218
1784549700000,1.1421899999999998,1.1421899999999998,1.14166,1.14188
1784550600000,1.14186,1.1423,1.14164,1.14194
1784551500000,1.14195,1.14273,1.14195,1.14232
1784552400000,1.1423299999999998,1.1423999999999999,1.14173,1.14191
1784553300000,1.1419,1.14201,1.14164,1.14187
1784554200000,1.1419000000000001,1.14194,1.14141,1.14145
1784555100000,1.14146,1.14178,1.1414,1.14146
1784556000000,1.1414700000000002,1.14158,1.14115,1.1413700000000002
1784556900000,1.1414,1.14171,1.14121,1.14158
1784557800000,1.14157,1.14158,1.1406,1.1406100000000001
1784558700000,1.1406,1.14099,1.14019,1.1406
1784559600000,1.1406100000000001,1.14099,1.14043,1.1406800000000001
1784560500000,1.1406900000000002,1.1409200000000002,1.14047,1.1408900000000002
1784561400000,1.14088,1.1410799999999999,1.14065,1.14076
1784562300000,1.14079,1.14119,1.14076,1.14108
1784563200000,1.14107,1.14153,1.14103,1.14152
1784564100000,1.14152,1.1416600000000001,1.14128,1.14135
1784565000000,1.14137,1.14147,1.14067,1.14106
1784565900000,1.1410500000000001,1.1411300000000002,1.14091,1.1411
1784566800000,1.1411200000000001,1.14141,1.14107,1.14113
1784567700000,1.14112,1.1414799999999998,1.14112,1.1414199999999999
1784568600000,1.14141,1.14144,1.14123,1.14127
1784569500000,1.14127,1.14142,1.14121,1.14134
1784570400000,1.14133,1.1416199999999999,1.14133,1.14161
1784571300000,1.1416300000000001,1.1418300000000001,1.14158,1.1416600000000001
1784572200000,1.14168,1.14168,1.14133,1.14136
1784573100000,1.1413499999999999,1.14151,1.14126,1.14148
1784574000000,1.1415,1.1415899999999999,1.14132,1.14136
1784574900000,1.14137,1.1417300000000001,1.14128,1.14167
1784575800000,1.14168,1.14176,1.14151,1.14157
1784576700000,1.14158,1.1416899999999999,1.1414,1.1415199999999999
1784577600000,1.14151,1.14164,1.14131,1.1413600000000002
1784578500000,1.14137,1.1414300000000002,1.14121,1.14141
1784579400000,1.1414199999999999,1.1414199999999999,1.14122,1.14127
1784580300000,1.14123,1.1413799999999998,1.14122,1.14132
1784581200000,1.14117,1.14145,1.14084,1.14145
1784582100000,1.14145,1.14154,1.14107,1.14107
1784583000000,1.14107,1.1411200000000001,1.14087,1.14098
1784583900000,1.1409799999999999,1.1409799999999999,1.14085,1.14093
1784584800000,1.14095,1.14117,1.14089,1.14114
1784585700000,1.14114,1.1412,1.1411,1.14114
1784586600000,1.14114,1.1411600000000002,1.14108,1.14115
1784587500000,1.1411600000000002,1.1413200000000001,1.14115,1.1412600000000002
1784588400000,1.1412499999999999,1.1413,1.14119,1.14129
1784589300000,1.1413000000000002,1.14135,1.14108,1.1412600000000002
1784590200000,1.14127,1.1413200000000001,1.14125,1.1412600000000002
1784591100000,1.14125,1.14155,1.14124,1.14153
1784592000000,1.14152,1.14178,1.14148,1.14154
1784592900000,1.14155,1.1415600000000001,1.14115,1.1412200000000001
1784593800000,1.1412099999999998,1.14137,1.14109,1.14136
1784594700000,1.14137,1.14156,1.14126,1.14127
1784595600000,1.1412499999999999,1.14148,1.14116,1.14126
1784596500000,1.14126,1.1416,1.14124,1.14141
1784597400000,1.14143,1.1415499999999998,1.14119,1.14153
1784598300000,1.14152,1.14157,1.14137,1.1414
1784599200000,1.14141,1.14156,1.1414,1.14144
1784600100000,1.1414300000000002,1.14157,1.14128,1.1412900000000001
1784601000000,1.14129,1.14146,1.14129,1.14129
1784601900000,1.14128,1.1412900000000001,1.14098,1.1410500000000001
1784602800000,1.1410600000000002,1.1412,1.14084,1.14091
1784603700000,1.1409,1.14111,1.14089,1.14105
1784604600000,1.14105,1.1412499999999999,1.14105,1.14123
1784605500000,1.14124,1.1414900000000001,1.14118,1.1411900000000001
1784606400000,1.14117,1.14146,1.14116,1.14143
1784607300000,1.14144,1.14152,1.14138,1.14141
1784608200000,1.14142,1.1416300000000001,1.14141,1.14161
1784609100000,1.1416,1.1417499999999998,1.14156,1.14174
1784610000000,1.1417199999999998,1.14187,1.14153,1.1415499999999998
1784610900000,1.1415600000000001,1.14171,1.14155,1.14168
1784611800000,1.14167,1.14212,1.14167,1.1421
1784612700000,1.1421000000000001,1.14211,1.14165,1.1417300000000001
1784613600000,1.14168,1.14199,1.14168,1.14186
1784614500000,1.14187,1.14215,1.14183,1.1419499999999998
1784615400000,1.14199,1.14221,1.14185,1.14215
1784616300000,1.14214,1.14231,1.14195,1.14208
1784617200000,1.14207,1.14261,1.14207,1.14214
1784618100000,1.14214,1.14271,1.14214,1.14238
1784619000000,1.14236,1.14246,1.14215,1.14221
1784619900000,1.1421999999999999,1.14229,1.14201,1.14223
1784620800000,1.14224,1.1423299999999998,1.14207,1.14225
1784621700000,1.14224,1.14256,1.14215,1.1422
1784622600000,1.14219,1.14228,1.14178,1.14226
1784623500000,1.14225,1.1422899999999998,1.142,1.1420299999999999
1784624400000,1.14203,1.1422700000000001,1.14202,1.1421700000000001
1784625300000,1.14216,1.14245,1.14201,1.14205
1784626200000,1.1420400000000002,1.14281,1.14196,1.1423
1784627100000,1.14229,1.14249,1.14219,1.14219
1784628000000,1.1421800000000002,1.1427200000000002,1.14213,1.14239
1784628900000,1.14238,1.14269,1.14234,1.14265
1784629800000,1.14264,1.1428,1.14237,1.1424100000000001
1784630700000,1.14238,1.14238,1.14195,1.14196
1784631600000,1.14195,1.1420599999999999,1.1416,1.14191
1784632500000,1.14192,1.1421,1.14177,1.14199
1784633400000,1.14201,1.14224,1.14195,1.1422
1784634300000,1.1422100000000002,1.1422100000000002,1.14172,1.14185
1784635200000,1.14184,1.1420000000000001,1.14158,1.14165
1784636100000,1.14166,1.14171,1.14143,1.14151
1784637000000,1.1415000000000002,1.14182,1.14128,1.1414600000000001
1784637900000,1.14146,1.14179,1.14144,1.14167
1784638800000,1.14171,1.14174,1.14131,1.1416
1784639700000,1.1415899999999999,1.14161,1.14089,1.141
1784640600000,1.14099,1.14131,1.14049,1.14058
1784641500000,1.14056,1.1412000000000002,1.14054,1.14108
1784642400000,1.14109,1.14191,1.14107,1.14184
1784643300000,1.14181,1.14181,1.14091,1.1409500000000001
1784644200000,1.14094,1.14105,1.14032,1.14073
1784645100000,1.14074,1.1408200000000002,1.1402,1.14053
1784646000000,1.14049,1.14057,1.14022,1.14049
1784646900000,1.14048,1.14109,1.14048,1.14082
1784647800000,1.1408099999999999,1.14109,1.14052,1.14052
1784648700000,1.14053,1.1406800000000001,1.14033,1.1406800000000001
1784649600000,1.1407,1.14091,1.14064,1.14074
1784650500000,1.14075,1.14085,1.14068,1.1407699999999998
1784651400000,1.14074,1.14103,1.14064,1.14093
1784652300000,1.14094,1.14095,1.14072,1.14075
1784653200000,1.14074,1.1408800000000001,1.14067,1.14084
1784654100000,1.14083,1.14098,1.14074,1.14097
1784655000000,1.1409500000000001,1.141,1.14064,1.1407200000000002
1784655900000,1.14071,1.1407699999999998,1.14058,1.14062
1784656800000,1.14063,1.14064,1.14005,1.14013
1784657700000,1.14012,1.14026,1.13981,1.1401999999999999
1784658600000,1.1401800000000002,1.14022,1.13986,1.14006
1784659500000,1.14005,1.1402400000000001,1.14002,1.14023
1784660400000,1.1402400000000001,1.1403500000000002,1.14003,1.14012
1784661300000,1.1401299999999999,1.14034,1.14011,1.14026
1784662200000,1.14027,1.14028,1.13998,1.14005
1784663100000,1.1400400000000002,1.1402400000000001,1.14003,1.1401000000000001
1784664000000,1.14011,1.14024,1.14004,1.14005
1784664900000,1.14001,1.14007,1.1399,1.1400599999999999
1784665800000,1.14005,1.1400700000000001,1.13999,1.1400000000000001
1784666700000,1.13998,1.14004,1.13968,1.13972
1784667600000,1.13978,1.13978,1.13928,1.13961
1784668500000,1.13942,1.13972,1.13942,1.1396000000000002
1784669400000,1.13965,1.13994,1.13961,1.13992
1784670300000,1.1399000000000001,1.1399400000000002,1.13986,1.1399100000000002
1784671200000,1.13991,1.13996,1.13982,1.13984
1784672100000,1.13985,1.13998,1.13981,1.13994
1784673000000,1.13995,1.13998,1.13989,1.1399400000000002
1784673900000,1.13994,1.13995,1.13985,1.13986
1784674800000,1.1398599999999999,1.1399,1.13974,1.1398599999999999
1784675700000,1.13987,1.13991,1.1398,1.13985
1784676600000,1.13986,1.14002,1.13985,1.14001
1784677500000,1.14,1.14018,1.13994,1.14017
1784678400000,1.14019,1.14034,1.14005,1.14031
1784679300000,1.14031,1.14066,1.14028,1.14061
1784680200000,1.1406500000000002,1.14066,1.1402,1.1402700000000001
1784681100000,1.14026,1.14038,1.14011,1.14035
1784682000000,1.14036,1.14061,1.14035,1.14051
1784682900000,1.14052,1.1405599999999998,1.14017,1.14031
1784683800000,1.1403,1.1403100000000002,1.13982,1.14005
1784684700000,1.14005,1.14024,1.14005,1.14023
1784685600000,1.14026,1.14044,1.14005,1.1404
1784686500000,1.14039,1.14095,1.14034,1.14072
1784687400000,1.1407100000000001,1.14077,1.14057,1.14066
1784688300000,1.14065,1.14079,1.14049,1.1405
1784689200000,1.1405100000000001,1.1406800000000001,1.14037,1.1405
1784690100000,1.14051,1.14073,1.14051,1.1406999999999998
1784691000000,1.14071,1.14072,1.14052,1.14057
1784691900000,1.14058,1.14069,1.14052,1.14068
1784692800000,1.1407,1.1407,1.14043,1.14052
1784693700000,1.14058,1.14068,1.14051,1.14068
1784694600000,1.1406699999999999,1.14079,1.14065,1.1407699999999998
1784695500000,1.14076,1.14078,1.14068,1.14078
1784696400000,1.14079,1.14089,1.1407,1.1407500000000002
1784697300000,1.14075,1.1409,1.14065,1.14066
1784698200000,1.1406500000000002,1.1407,1.1405,1.1406800000000001
1784699100000,1.1406900000000002,1.1409,1.14054,1.1408900000000002
1784700000000,1.14085,1.14132,1.14082,1.14106
1784700900000,1.1410500000000001,1.14117,1.1407,1.14079
1784701800000,1.14078,1.14112,1.14066,1.14106
1784702700000,1.14108,1.14116,1.14077,1.14115
1784703600000,1.14118,1.14125,1.14081,1.1412
1784704500000,1.14119,1.1414499999999999,1.14102,1.1412499999999999
1784705400000,1.1412399999999998,1.14177,1.14051,1.14061
1784706300000,1.1406,1.14105,1.14028,1.14088
1784707200000,1.14087,1.14097,1.14047,1.1404800000000002
1784708100000,1.1404699999999999,1.1409099999999999,1.14034,1.14079
1784709000000,1.14078,1.14119,1.14078,1.1410799999999999
1784709900000,1.14111,1.14116,1.14076,1.14094
1784710800000,1.14093,1.14117,1.14076,1.14091
1784711700000,1.1408999999999998,1.14095,1.14071,1.14086
1784712600000,1.14085,1.14127,1.14079,1.14082
1784713500000,1.14081,1.1408900000000002,1.14037,1.14043
1784714400000,1.1404100000000001,1.14054,1.13999,1.14023
1784715300000,1.1402400000000001,1.1407,1.14016,1.14045
1784716200000,1.14046,1.14056,1.14028,1.14046
1784717100000,1.14046,1.14064,1.14023,1.1403
1784718000000,1.14029,1.14045,1.14018,1.1404
1784718900000,1.14039,1.14059,1.1402,1.14036
1784719800000,1.14035,1.1406,1.14028,1.14046
1784720700000,1.14043,1.1406800000000001,1.14033,1.14063
1784721600000,1.1406699999999999,1.1410799999999999,1.14061,1.1410799999999999
1784722500000,1.1410900000000002,1.1411,1.14084,1.1409500000000001
1784723400000,1.14096,1.1413099999999998,1.14095,1.1410799999999999
1784724300000,1.14109,1.14109,1.14034,1.1407299999999998
1784725200000,1.14071,1.14119,1.14068,1.14095
1784726100000,1.1409399999999998,1.14163,1.14085,1.14146
1784727000000,1.14149,1.1421,1.14149,1.14173
1784727900000,1.14174,1.14179,1.14113,1.14129
1784728800000,1.1413200000000001,1.14171,1.14101,1.14158
1784729700000,1.1415899999999999,1.14179,1.14103,1.14109
1784730600000,1.14108,1.14128,1.14094,1.14106
1784731500000,1.14107,1.14125,1.14073,1.14087
1784732400000,1.1408800000000001,1.1410900000000002,1.14077,1.14094
1784733300000,1.14093,1.14134,1.14077,1.14131
1784734200000,1.14129,1.14133,1.14069,1.14096
1784735100000,1.14097,1.14133,1.1409,1.14131
1784736000000,1.14132,1.1413499999999999,1.14058,1.14068
1784736900000,1.14069,1.1411200000000001,1.14057,1.14103
1784737800000,1.14104,1.14117,1.1407,1.14083
1784738700000,1.14082,1.14095,1.14071,1.14086
1784739600000,1.14085,1.1412,1.14082,1.14109
1784740500000,1.1411,1.14122,1.14102,1.14109
1784741400000,1.1410799999999999,1.1411,1.14075,1.14093
1784742300000,1.14093,1.14106,1.14083,1.14094
1784743200000,1.14095,1.1410099999999999,1.14075,1.14083
1784744100000,1.14082,1.14102,1.14079,1.1409799999999999
1784745000000,1.14094,1.1410500000000001,1.14084,1.14086
1784745900000,1.1408699999999998,1.14107,1.14085,1.1410399999999998
1784746800000,1.1410500000000001,1.14117,1.14091,1.14093
1784747700000,1.1409200000000002,1.1411200000000001,1.14091,1.1410500000000001
1784748600000,1.14104,1.14108,1.14097,1.14106
1784749500000,1.14109,1.1411499999999999,1.14086,1.14107
1784750400000,1.1410600000000002,1.1412200000000001,1.14101,1.1411200000000001
1784751300000,1.14113,1.1412,1.14109,1.14112
1784752200000,1.14111,1.14119,1.14103,1.14117
1784753100000,1.14116,1.14119,1.14107,1.14113
1784754000000,1.14093,1.14093,1.14036,1.14065
1784754900000,1.1408099999999999,1.1408099999999999,1.14048,1.1405999999999998
1784755800000,1.14052,1.14065,1.14049,1.14055
1784756700000,1.1405500000000002,1.1406900000000002,1.14047,1.1406900000000002
1784757600000,1.14069,1.14088,1.14065,1.14071
1784758500000,1.1407100000000001,1.14076,1.14067,1.1407100000000001
1784759400000,1.1407,1.1407600000000002,1.14054,1.1405800000000001
1784760300000,1.1405699999999999,1.14076,1.14055,1.14075
1784761200000,1.14075,1.1409099999999999,1.14075,1.1408699999999998
1784762100000,1.14089,1.1409799999999999,1.14082,1.14096
1784763000000,1.1409500000000001,1.1410600000000002,1.14091,1.14103
1784763900000,1.14099,1.1411099999999998,1.14095,1.1410799999999999
1784764800000,1.14109,1.1413099999999998,1.14105,1.1410699999999998
1784765700000,1.14107,1.14134,1.14099,1.14114
1784766600000,1.14113,1.14132,1.14112,1.14129
1784767500000,1.14127,1.1417,1.14112,1.14167
1784768400000,1.1417000000000002,1.14198,1.14165,1.14168
1784769300000,1.14168,1.14181,1.14162,1.1417000000000002
1784770200000,1.1417,1.14197,1.14163,1.1417
1784771100000,1.14169,1.14175,1.14155,1.14158
1784772000000,1.14157,1.14181,1.14156,1.14177
1784772900000,1.14178,1.14198,1.14172,1.1419700000000002
1784773800000,1.14196,1.1425400000000001,1.14196,1.1425100000000001
1784774700000,1.1425,1.14277,1.14249,1.1427
1784775600000,1.14274,1.14287,1.14229,1.14229
1784776500000,1.1422999999999999,1.14283,1.14228,1.1428
1784777400000,1.1428099999999999,1.14295,1.14272,1.14292
1784778300000,1.14291,1.143,1.14281,1.1428600000000002
1784779200000,1.14285,1.14349,1.14278,1.14333
1784780100000,1.1433200000000001,1.14345,1.143,1.14343
1784781000000,1.14344,1.1435199999999999,1.14313,1.14314
1784781900000,1.14313,1.14337,1.14292,1.1432
1784782800000,1.1432,1.14344,1.14318,1.14318
1784783700000,1.14319,1.14319,1.14282,1.14299
1784784600000,1.14298,1.14304,1.14284,1.14293
1784785500000,1.14293,1.14311,1.14287,1.14293
1784786400000,1.14292,1.1432499999999999,1.14279,1.14309
1784787300000,1.1431,1.14312,1.14272,1.14279
1784788200000,1.1428,1.14281,1.14239,1.1426
1784789100000,1.14259,1.14273,1.14232,1.14248
1784790000000,1.1425,1.14264,1.14216,1.14263
1784790900000,1.14264,1.1427,1.14233,1.1425
1784791800000,1.1425,1.14269,1.14216,1.14219
1784792700000,1.1421999999999999,1.1425,1.14191,1.14239
1784793600000,1.14243,1.14245,1.14188,1.14189
1784794500000,1.14188,1.1419,1.14153,1.14166
1784795400000,1.1416499999999998,1.1416499999999998,1.14065,1.14086
1784796300000,1.1408500000000001,1.14114,1.1408,1.141
1784797200000,1.14099,1.14146,1.14095,1.14102
1784798100000,1.14103,1.1412600000000002,1.14091,1.1409500000000001
1784799000000,1.1409600000000002,1.14138,1.14091,1.14135
1784799900000,1.1413600000000002,1.14142,1.14111,1.14125
1784800800000,1.14124,1.14128,1.14081,1.14097
1784801700000,1.14096,1.141,1.14053,1.14072
1784802600000,1.14071,1.14093,1.14058,1.1406399999999999
1784803500000,1.14063,1.14076,1.14026,1.14039
1784804400000,1.14037,1.14062,1.14019,1.1405100000000001
1784805300000,1.14052,1.14055,1.13966,1.13973
1784806200000,1.1397499999999998,1.1398,1.13827,1.1386699999999998
1784807100000,1.1387,1.13958,1.1387,1.13941
1784808000000,1.13939,1.13947,1.13896,1.13936
1784808900000,1.13936,1.13946,1.13805,1.13839
1784809800000,1.13827,1.13851,1.13764,1.13778
1784810700000,1.13779,1.13852,1.13752,1.1384500000000002
1784811600000,1.1384699999999999,1.1385699999999999,1.13675,1.13683
1784812500000,1.13678,1.13783,1.13678,1.13777
1784813400000,1.13776,1.1385,1.13769,1.1378000000000001
1784814300000,1.13781,1.1379,1.13716,1.1372
1784815200000,1.13725,1.13755,1.1367,1.13711
1784816100000,1.13713,1.13719,1.13635,1.1369799999999999
1784817000000,1.1369699999999998,1.1373099999999998,1.13668,1.1366999999999998
1784817900000,1.13671,1.13711,1.1364,1.1371
1784818800000,1.13711,1.13748,1.13697,1.1373
1784819700000,1.13729,1.1375,1.13675,1.13707
1784820600000,1.13708,1.13755,1.13654,1.1372900000000001
1784821500000,1.13728,1.1374900000000001,1.137,1.13721
1784822400000,1.13725,1.13771,1.1372,1.13768
1784823300000,1.1377,1.1377899999999999,1.13723,1.13777
1784824200000,1.13778,1.13791,1.13753,1.1377899999999999
1784825100000,1.13778,1.13798,1.13763,1.13795
1784826000000,1.13796,1.1380400000000002,1.13762,1.13762
1784826900000,1.1376099999999998,1.1377899999999999,1.13749,1.13753
1784827800000,1.1375400000000002,1.1375700000000002,1.13732,1.1373300000000002
1784828700000,1.13733,1.13746,1.13707,1.13709
1784829600000,1.1370799999999999,1.1374499999999999,1.13705,1.1373499999999999
1784830500000,1.1373399999999998,1.13749,1.13722,1.1374499999999999
1784831400000,1.13744,1.13757,1.13733,1.13739
1784832300000,1.1374000000000002,1.13759,1.13735,1.1375600000000001
1784833200000,1.1376,1.13776,1.13744,1.13745
1784834100000,1.1374300000000002,1.13765,1.13732,1.13765
1784835000000,1.13764,1.1379299999999999,1.13753,1.13754
1784835900000,1.13755,1.13782,1.13745,1.13768
1784836800000,1.13769,1.13788,1.13769,1.13775
1784837700000,1.13776,1.13786,1.13765,1.13786
1784838600000,1.13786,1.13793,1.13762,1.1377300000000001
1784839500000,1.13774,1.13777,1.13761,1.13771
1784840400000,1.1373,1.13747,1.13689,1.13746
1784841300000,1.13751,1.13751,1.13744,1.1374900000000001
1784842200000,1.1374600000000001,1.13782,1.13741,1.13765
1784843100000,1.1376499999999998,1.13792,1.13726,1.1373199999999999
1784844000000,1.13738,1.1378300000000001,1.13738,1.13774
1784844900000,1.13774,1.13788,1.1377,1.1377199999999998
1784845800000,1.13772,1.1378,1.13764,1.13778
1784846700000,1.13777,1.1379299999999999,1.13777,1.1378899999999998
1784847600000,1.1379,1.13792,1.13781,1.13782
1784848500000,1.13782,1.13788,1.13782,1.1378300000000001
1784849400000,1.13783,1.13792,1.13757,1.13767
1784850300000,1.1376700000000002,1.1378300000000001,1.13752,1.13759
1784851200000,1.1375199999999999,1.13798,1.13746,1.13783
1784852100000,1.13783,1.1379599999999999,1.13777,1.1379
1784853000000,1.13788,1.1379000000000001,1.13765,1.13767
1784853900000,1.13768,1.13836,1.1376,1.13836
1784854800000,1.13839,1.13857,1.13819,1.1383400000000001
1784855700000,1.1383299999999998,1.1385399999999999,1.13814,1.13815
1784856600000,1.1381400000000002,1.13857,1.13813,1.1385500000000002
1784857500000,1.13853,1.13867,1.13829,1.1383400000000001
1784858400000,1.13833,1.13843,1.13823,1.13842
1784859300000,1.13841,1.1385,1.13829,1.13839
1784860200000,1.1383800000000002,1.1387,1.13837,1.1384200000000002
1784861100000,1.1384,1.1384500000000002,1.13803,1.13803
1784862000000,1.13802,1.13808,1.13772,1.13779
1784862900000,1.13778,1.1378899999999998,1.13773,1.13783
1784863800000,1.13789,1.13818,1.13789,1.13815
1784864700000,1.13814,1.13819,1.13801,1.13818
1784865600000,1.13819,1.1383,1.13815,1.13829
1784866500000,1.13828,1.1383400000000001,1.13802,1.13803
1784867400000,1.1380400000000002,1.13809,1.13772,1.13772
1784868300000,1.13773,1.13788,1.13761,1.13786
1784869200000,1.13787,1.13807,1.13777,1.13798
1784870100000,1.13797,1.13819,1.13797,1.13812
1784871000000,1.13813,1.13828,1.13799,1.13803
1784871900000,1.13802,1.1380800000000002,1.13759,1.13772
1784872800000,1.13771,1.13794,1.13768,1.13794
1784873700000,1.13793,1.1385800000000001,1.13793,1.1385
1784874600000,1.13848,1.13859,1.13828,1.13833
1784875500000,1.1383400000000001,1.13864,1.13826,1.13862
1784876400000,1.13866,1.1395300000000002,1.13857,1.13931
1784877300000,1.13939,1.1399,1.13896,1.13966
1784878200000,1.1396899999999999,1.1400599999999999,1.13892,1.13923
1784879100000,1.1392,1.13922,1.13886,1.13892
1784880000000,1.13893,1.13899,1.13853,1.13874
1784880900000,1.13873,1.13878,1.13831,1.13869
1784881800000,1.13869,1.13871,1.13843,1.13853
1784882700000,1.13852,1.13856,1.13807,1.13829
1784883600000,1.13828,1.1386100000000001,1.13819,1.13846
1784884500000,1.1384400000000001,1.13871,1.13829,1.13864
1784885400000,1.1386500000000002,1.1386800000000001,1.1383,1.1385500000000002
1784886300000,1.13857,1.13885,1.13849,1.13885
1784887200000,1.13886,1.13901,1.13867,1.1387500000000002
1784888100000,1.13871,1.13924,1.1387,1.13896
1784889000000,1.1389500000000001,1.1391200000000001,1.13864,1.13866
1784889900000,1.1386399999999999,1.1387399999999999,1.13804,1.13824
1784890800000,1.13825,1.1387500000000002,1.13809,1.1387500000000002
1784891700000,1.1387500000000002,1.13876,1.13816,1.13816
1784892600000,1.13817,1.13822,1.13777,1.13792
1784893500000,1.13797,1.13805,1.13707,1.13741
1784894400000,1.1374199999999999,1.13777,1.13713,1.13771
1784895300000,1.1377,1.13773,1.1372,1.13735
1784896200000,1.13737,1.13756,1.13669,1.13677
1784897100000,1.1367500000000001,1.1371,1.1367,1.1369200000000002
1784898000000,1.1369099999999999,1.1372099999999998,1.13644,1.1369799999999999
1784898900000,1.13699,1.1373600000000001,1.13687,1.137
1784899800000,1.13703,1.13729,1.13672,1.1371
1784900700000,1.1369600000000002,1.13762,1.13681,1.13761
1784901600000,1.13761,1.13788,1.13699,1.1371499999999999
1784902500000,1.1371600000000002,1.13778,1.13715,1.1374900000000001
1784903400000,1.1375000000000002,1.13786,1.13742,1.1375600000000001
1784904300000,1.13755,1.13803,1.13744,1.13777
1784905200000,1.13778,1.13886,1.13765,1.1386800000000001
1784906100000,1.13865,1.13902,1.13838,1.13842
1784907000000,1.13844,1.13887,1.13832,1.1384
1784907900000,1.1384100000000001,1.13859,1.1382,1.1384
1784908800000,1.13839,1.1385399999999999,1.13811,1.1384699999999999
1784909700000,1.13848,1.13859,1.13812,1.1382700000000001
1784910600000,1.13828,1.1383299999999998,1.1379,1.13798
1784911500000,1.13793,1.1380000000000001,1.13772,1.13772
1784912400000,1.13771,1.1377300000000001,1.13697,1.13707
1784913300000,1.13707,1.1371900000000001,1.13681,1.1371300000000002
1784914200000,1.1371200000000001,1.1372,1.13677,1.13687
1784915100000,1.13686,1.13697,1.1367,1.13689
1784916000000,1.1369,1.137,1.13673,1.13692
1784916900000,1.13693,1.13706,1.13672,1.13686
1784917800000,1.13685,1.13692,1.13668,1.13682
1784918700000,1.13682,1.1370099999999999,1.13682,1.13693
1784919600000,1.1369399999999998,1.13707,1.13692,1.1369799999999999
1784920500000,1.1369799999999999,1.1370099999999999,1.13675,1.13679
1784921400000,1.1368,1.13716,1.13676,1.13707
1784922300000,1.13707,1.13711,1.13694,1.13694
1784923200000,1.13696,1.137,1.13692,1.13693
1784924100000,1.13691,1.13691,1.13676,1.13678
1784925000000,1.13679,1.13686,1.13668,1.1368099999999999
1784925900000,1.1368,1.13728,1.1368,1.13698
1785099600000,1.139,1.1391200000000001,1.13853,1.1391200000000001
1785100500000,1.13925,1.13952,1.13897,1.13897
1785101400000,1.13896,1.13922,1.13886,1.139
1785102300000,1.139,1.13931,1.13847,1.13864
1785103200000,1.13869,1.13992,1.13869,1.13926
1785104100000,1.13927,1.13936,1.139,1.13912
1785105000000,1.1391099999999998,1.1391499999999999,1.13899,1.13913
1785105900000,1.13913,1.13914,1.13876,1.13887
1785106800000,1.13886,1.1390500000000001,1.13884,1.1388500000000001
1785107700000,1.13885,1.13895,1.13879,1.13885
1785108600000,1.13886,1.1392499999999999,1.13885,1.1392
1785109500000,1.1392,1.13947,1.13908,1.1394000000000002
1785110400000,1.13941,1.14032,1.13941,1.14031
1785111300000,1.14032,1.14117,1.14006,1.14104
1785112200000,1.14103,1.14124,1.14036,1.1404
1785113100000,1.14038,1.1404800000000002,1.13999,1.14011
1785114000000,1.1401,1.1406699999999999,1.1401,1.1404699999999999
1785114900000,1.14048,1.14071,1.14041,1.14056
1785115800000,1.14056,1.14083,1.14029,1.1407
1785116700000,1.1407,1.14138,1.1407,1.14138
1785117600000,1.14136,1.14138,1.14093,1.14097
1785118500000,1.14098,1.14103,1.1407,1.14097
1785119400000,1.14096,1.141,1.14072,1.1408099999999999
1785120300000,1.1408200000000002,1.14083,1.1405,1.1405
1785121200000,1.1405,1.14066,1.14025,1.14029
1785122100000,1.1402999999999999,1.14041,1.14024,1.14031
1785123000000,1.1403,1.14035,1.14008,1.14028
1785123900000,1.14029,1.14042,1.14026,1.1403100000000002
1785124800000,1.1403,1.14042,1.14026,1.14039
1785125700000,1.1404,1.14046,1.14019,1.14026
1785126600000,1.14025,1.1404299999999998,1.14024,1.14027
1785127500000,1.14028,1.14038,1.14015,1.1403
1785128400000,1.1403,1.14066,1.14019,1.14065
1785129300000,1.14064,1.1407100000000001,1.1404,1.14056
1785130200000,1.14057,1.14063,1.1403,1.1404100000000001
1785131100000,1.14041,1.1406699999999999,1.14031,1.1405699999999999
1785132000000,1.14058,1.14133,1.14051,1.14116
1785132900000,1.14117,1.1412799999999999,1.14068,1.1412399999999998
1785133800000,1.14123,1.14177,1.14092,1.1414499999999999
1785134700000,1.14146,1.14146,1.14066,1.14075
1785135600000,1.1407399999999999,1.14093,1.14041,1.14092
1785136500000,1.14093,1.14093,1.14052,1.14065
1785137400000,1.1406399999999999,1.1406399999999999,1.14007,1.1401999999999999
1785138300000,1.14021,1.14025,1.13956,1.1395799999999998
1785139200000,1.13957,1.13989,1.13948,1.13958
1785140100000,1.13957,1.13967,1.13943,1.13949
1785141000000,1.13951,1.14009,1.1395,1.13983
1785141900000,1.13984,1.14028,1.13961,1.14016
1785142800000,1.14015,1.14028,1.13971,1.13975
1785143700000,1.13974,1.1399000000000001,1.13948,1.13948
1785144600000,1.1394900000000001,1.13978,1.13941,1.13968
1785145500000,1.1396700000000002,1.13981,1.13952,1.13958
1785146400000,1.13956,1.14008,1.13929,1.13947
1785147300000,1.13948,1.1399299999999999,1.13947,1.1397
1785148200000,1.13968,1.14009,1.13961,1.14001
1785149100000,1.13998,1.13999,1.1394,1.13947
1785150000000,1.13948,1.13953,1.1391,1.13911
1785150900000,1.13912,1.13938,1.13906,1.13907
1785151800000,1.13904,1.13948,1.13904,1.13911
1785152700000,1.13917,1.13918,1.13846,1.13859
1785153600000,1.1385999999999998,1.1389799999999999,1.13831,1.13836
1785154500000,1.1383699999999999,1.1385699999999999,1.13827,1.13827
1785155400000,1.13828,1.13833,1.13758,1.13801
1785156300000,1.1380000000000001,1.1385,1.13793,1.1382800000000002
1785157200000,1.1382999999999999,1.1385999999999998,1.13787,1.13832
1785158100000,1.1383,1.13833,1.13768,1.13788
1785159000000,1.13791,1.1383,1.13782,1.13799
1785159900000,1.138,1.13806,1.1372,1.13736
1785160800000,1.13734,1.1376300000000001,1.13704,1.13755
1785161700000,1.1375600000000001,1.13757,1.13697,1.13697
1785162600000,1.1369799999999999,1.13739,1.13692,1.13707
1785163500000,1.13708,1.13744,1.13684,1.13718
1785164400000,1.1371699999999998,1.1372799999999998,1.13678,1.1370799999999999
1785165300000,1.1370699999999998,1.1376099999999998,1.13705,1.13757
1785166200000,1.13757,1.1375899999999999,1.1373,1.13747
1785167100000,1.13748,1.1377599999999999,1.1373,1.13745
1785168000000,1.1374600000000001,1.13768,1.13731,1.13758
1785168900000,1.1375799999999998,1.13832,1.13756,1.13818
1785169800000,1.13819,1.13846,1.13812,1.13821
1785170700000,1.13822,1.13822,1.13782,1.13792
1785171600000,1.13791,1.13791,1.13718,1.1372900000000001
1785172500000,1.13727,1.13731,1.13689,1.13696
1785173400000,1.13697,1.13723,1.13682,1.13688
1785174300000,1.13687,1.13722,1.13682,1.1371799999999999
1785175200000,1.13717,1.1373199999999999,1.13706,1.13722
1785176100000,1.13721,1.13722,1.13686,1.13699
1785177000000,1.13698,1.13721,1.13676,1.13692
1785177900000,1.13692,1.1369799999999999,1.13668,1.13678
1785178800000,1.1367999999999998,1.1369399999999998,1.13668,1.1367099999999999
1785179700000,1.1367200000000002,1.137,1.13667,1.1369900000000002
1785180600000,1.13698,1.13728,1.13697,1.13718
1785181500000,1.1372099999999998,1.13723,1.13692,1.13693
1785182400000,1.13692,1.1371499999999999,1.13692,1.13714
1785183300000,1.13714,1.13717,1.13697,1.13701
1785184200000,1.1369900000000002,1.1369900000000002,1.13664,1.1366800000000001
1785185100000,1.13665,1.13676,1.13665,1.1367399999999999
1785186000000,1.13665,1.1371,1.13628,1.1370799999999999
1785186900000,1.13708,1.13711,1.13667,1.13676
1785187800000,1.1367099999999999,1.13686,1.13662,1.13683
1785188700000,1.13676,1.13698,1.13664,1.1368500000000001
1785189600000,1.13688,1.13713,1.13668,1.13693
1785190500000,1.13694,1.13705,1.13686,1.13687
1785191400000,1.13688,1.13697,1.13686,1.13686
1785192300000,1.13685,1.13688,1.13682,1.13686
1785193200000,1.13686,1.13698,1.13677,1.13693
1785194100000,1.1369200000000002,1.13698,1.13691,1.13698
1785195000000,1.13697,1.13697,1.13682,1.1369099999999999
1785195900000,1.1369,1.13695,1.13672,1.13686
1785196800000,1.1368699999999998,1.1368699999999998,1.13661,1.13678
1785197700000,1.13676,1.13724,1.13675,1.1371499999999999
1785198600000,1.1371600000000002,1.1373,1.13711,1.13717
1785199500000,1.13718,1.1374,1.13696,1.13737
1785200400000,1.1373799999999998,1.13767,1.13736,1.13747
1785201300000,1.1374600000000001,1.13752,1.13731,1.1374600000000001
1785202200000,1.13747,1.13753,1.13724,1.13728
1785203100000,1.13727,1.13734,1.137,1.13725
1785204000000,1.13727,1.13741,1.13714,1.13734
1785204900000,1.1373199999999999,1.13747,1.13712,1.13712
1785205800000,1.13711,1.13726,1.13707,1.13725
1785206700000,1.13725,1.13781,1.13721,1.1376600000000001
1785207600000,1.1376700000000002,1.13772,1.13745,1.13751
1785208500000,1.1374900000000001,1.13774,1.13748,1.13771
1785209400000,1.13772,1.13797,1.13751,1.13755
1785210300000,1.13756,1.13756,1.13733,1.13739
1785211200000,1.1374,1.1374,1.13701,1.13701
1785212100000,1.13697,1.13714,1.1369,1.13702
1785213000000,1.13703,1.13706,1.13694,1.13704
1785213900000,1.1370399999999998,1.1371,1.13675,1.1368
1785214800000,1.13681,1.13683,1.13612,1.13616
1785215700000,1.1361700000000001,1.13646,1.13612,1.13646
1785216600000,1.13647,1.13657,1.13626,1.1364800000000002
1785217500000,1.13648,1.13658,1.13635,1.13653
1785218400000,1.1365100000000001,1.13674,1.13643,1.13662
1785219300000,1.13663,1.13705,1.13662,1.13702
1785220200000,1.13699,1.13723,1.13683,1.13692
1785221100000,1.1369099999999999,1.1371,1.13668,1.1367999999999998
1785222000000,1.1368,1.1373000000000002,1.13664,1.13725
1785222900000,1.13726,1.1373,1.13687,1.13694
1785223800000,1.13693,1.1371499999999999,1.13679,1.13685
1785224700000,1.13686,1.13686,1.13627,1.1364299999999998
1785225600000,1.13641,1.1369799999999999,1.13641,1.13675
1785226500000,1.13678,1.13717,1.13675,1.13695
1785227400000,1.13696,1.13709,1.13676,1.13706
1785228300000,1.13707,1.1372,1.13696,1.13719
1785229200000,1.1372,1.1372499999999999,1.13658,1.13663
1785230100000,1.1366399999999999,1.13675,1.13652,1.13653
1785231000000,1.1364999999999998,1.1364999999999998,1.13617,1.13618
1785231900000,1.13619,1.13619,1.13553,1.13558
1785232800000,1.1355600000000001,1.13568,1.13528,1.13561
1785233700000,1.1356000000000002,1.1357000000000002,1.13542,1.13559
1785234600000,1.1355799999999998,1.13605,1.13556,1.1356799999999998
1785235500000,1.13567,1.13625,1.13567,1.13602
1785236400000,1.1360000000000001,1.13606,1.13562,1.13578
1785237300000,1.13579,1.13651,1.13578,1.13648
1785238200000,1.13648,1.13661,1.13627,1.1362899999999998
1785239100000,1.13629,1.13673,1.13605,1.13647
1785240000000,1.13648,1.13669,1.13612,1.13647
1785240900000,1.1364699999999999,1.13658,1.13618,1.13621
1785241800000,1.13623,1.13646,1.13603,1.1364
1785242700000,1.1364100000000001,1.13679,1.1364,1.13652
1785243600000,1.13653,1.137,1.13652,1.1366399999999999
1785244500000,1.13666,1.13701,1.13657,1.1366800000000001
1785245400000,1.13667,1.1370200000000001,1.13667,1.1368800000000001
1785246300000,1.13689,1.13735,1.13676,1.13718
1785247200000,1.1371600000000002,1.13754,1.13708,1.1373300000000002
1785248100000,1.1373199999999999,1.1377599999999999,1.13709,1.13774
1785249000000,1.1377199999999998,1.1379299999999999,1.13753,1.13784
1785249900000,1.13781,1.1386,1.13757,1.13853
1785250800000,1.1385399999999999,1.13954,1.13835,1.13939
1785251700000,1.1394199999999999,1.13987,1.13922,1.1395499999999998
1785252600000,1.13954,1.14016,1.13937,1.1401
1785253500000,1.14009,1.14009,1.13959,1.1400000000000001
1785254400000,1.1399899999999998,1.1402599999999998,1.13983,1.14018
1785255300000,1.14017,1.1404699999999999,1.14011,1.14044
1785256200000,1.14045,1.14045,1.13997,1.13997
1785257100000,1.13998,1.14003,1.13952,1.1395300000000002
1785258000000,1.13954,1.1396899999999999,1.1393,1.13936
1785258900000,1.13938,1.1397300000000001,1.13924,1.13925
1785259800000,1.1392099999999998,1.13936,1.13912,1.1391499999999999
1785260700000,1.13919,1.1392,1.13878,1.1388699999999998
1785261600000,1.1388800000000001,1.13902,1.13873,1.13887
1785262500000,1.1388800000000001,1.1390900000000002,1.13867,1.13873
1785263400000,1.1387200000000002,1.1388500000000001,1.13871,1.1387800000000001
1785264300000,1.13877,1.13877,1.13856,1.13862
1785265200000,1.13863,1.13898,1.13856,1.13876
1785266100000,1.13877,1.13903,1.13873,1.13884
1785267000000,1.13885,1.139,1.13882,1.13895
1785267900000,1.13894,1.13913,1.13867,1.1386800000000001
1785268800000,1.13867,1.13879,1.13863,1.1387800000000001
1785269700000,1.13883,1.13885,1.13849,1.13858
1785270600000,1.13856,1.13868,1.13848,1.13868
1785271500000,1.13867,1.13873,1.13853,1.13857
1785272400000,1.13855,1.13889,1.13853,1.13882
1785273300000,1.1388200000000002,1.13907,1.13881,1.13894
1785274200000,1.13894,1.13917,1.13891,1.13915
1785275100000,1.13915,1.13916,1.1388,1.13884
1785276000000,1.13884,1.1390600000000002,1.13871,1.13873
1785276900000,1.13872,1.1388,1.13835,1.13844
1785277800000,1.13848,1.13859,1.13839,1.13846
1785278700000,1.1384500000000002,1.1384800000000002,1.13837,1.1384500000000002
1785279600000,1.1384400000000001,1.13845,1.13816,1.13837
1785280500000,1.13838,1.13848,1.13832,1.13847
1785281400000,1.13848,1.13858,1.13839,1.13856
1785282300000,1.13856,1.13858,1.13835,1.13855
1785283200000,1.13857,1.13859,1.13823,1.13832
1785284100000,1.1383100000000002,1.1389500000000001,1.1383,1.1388800000000001
1785285000000,1.13888,1.1389399999999998,1.13875,1.13883
1785285900000,1.1388200000000002,1.13908,1.13864,1.13903
1785286800000,1.13903,1.13911,1.13876,1.1388
1785287700000,1.13879,1.1392,1.13873,1.13896
1785288600000,1.13891,1.13901,1.13847,1.13856
1785289500000,1.1385500000000002,1.13911,1.1385,1.13908
1785290400000,1.13908,1.13943,1.13897,1.1393
1785291300000,1.13931,1.13952,1.1392,1.13933
1785292200000,1.13933,1.1395300000000002,1.13931,1.13941
1785293100000,1.13939,1.13951,1.1392,1.13942
1785294000000,1.1394199999999999,1.1395899999999999,1.13939,1.1395
1785294900000,1.13951,1.13988,1.1395,1.13984
1785295800000,1.13984,1.13997,1.1398,1.13987
1785296700000,1.13988,1.14001,1.13958,1.13965
1785297600000,1.13962,1.13995,1.13957,1.1399
1785298500000,1.1399,1.14019,1.13981,1.13987
1785299400000,1.13985,1.14029,1.13978,1.14022
1785300300000,1.14021,1.14031,1.13985,1.14005
1785301200000,1.14007,1.1402299999999999,1.14,1.14018
1785302100000,1.14018,1.1402100000000002,1.13989,1.13991
1785303000000,1.1399,1.13995,1.13971,1.13994
1785303900000,1.1399299999999999,1.1401,1.1397,1.13977
1785304800000,1.13976,1.14003,1.13945,1.1397000000000002
1785305700000,1.13969,1.13985,1.13924,1.13932
1785306600000,1.13932,1.13943,1.13924,1.13938
1785307500000,1.13935,1.13935,1.13894,1.13914
1785308400000,1.13915,1.1396,1.13897,1.13933
1785309300000,1.13934,1.13967,1.1393,1.13963
1785310200000,1.13964,1.1400299999999999,1.13953,1.13971
1785311100000,1.13968,1.14005,1.13961,1.13973
1785312000000,1.13972,1.13992,1.13948,1.1395300000000002
1785312900000,1.13954,1.13974,1.13937,1.13953
1785313800000,1.1395199999999999,1.13974,1.13926,1.1397199999999998
1785314700000,1.13971,1.1400000000000001,1.13948,1.13959
1785315600000,1.13956,1.13964,1.1394,1.13954
1785316500000,1.1395300000000002,1.13958,1.13932,1.1394700000000002
1785317400000,1.13948,1.13958,1.13913,1.1394
1785318300000,1.1394099999999998,1.1395799999999998,1.13912,1.13913
1785319200000,1.13912,1.13922,1.13899,1.13906
1785320100000,1.13909,1.13909,1.13865,1.1389799999999999
1785321000000,1.13897,1.13915,1.13867,1.13876
1785321900000,1.13875,1.13876,1.13828,1.13848
1785322800000,1.13849,1.13875,1.13849,1.13863
1785323700000,1.13861,1.13879,1.13845,1.13866
1785324600000,1.1387099999999999,1.1387399999999999,1.1381,1.13815
1785325500000,1.1381599999999998,1.1383999999999999,1.13797,1.13815
1785326400000,1.1381599999999998,1.1382299999999999,1.13773,1.13783
1785327300000,1.13784,1.13792,1.1374,1.13763
1785328200000,1.13762,1.13797,1.13741,1.13786
1785329100000,1.13786,1.1379700000000001,1.13762,1.1377700000000002
1785330000000,1.13778,1.13795,1.1376,1.13795
1785330900000,1.1379299999999999,1.13865,1.13791,1.1385
1785331800000,1.13853,1.1387099999999999,1.13828,1.13869
1785332700000,1.1387,1.13918,1.13864,1.1391200000000001
1785333600000,1.13913,1.1392900000000001,1.13874,1.1388
1785334500000,1.13879,1.13941,1.1386,1.1393900000000001
1785335400000,1.1394,1.13964,1.1389,1.13918
1785336300000,1.13919,1.13923,1.13802,1.13802
1785337200000,1.13801,1.13849,1.13787,1.1384299999999998
1785338100000,1.13844,1.13849,1.1378,1.1379199999999998
1785339000000,1.13792,1.1381,1.13774,1.13809
1785339900000,1.13805,1.13828,1.13804,1.1382299999999999
1785340800000,1.13822,1.1382999999999999,1.13773,1.1377599999999999
1785341700000,1.13775,1.1382100000000002,1.13762,1.1381700000000001
1785342600000,1.13818,1.1381999999999999,1.13787,1.1381999999999999
1785343500000,1.13819,1.1385399999999999,1.13814,1.13846
1785344400000,1.1384500000000002,1.13898,1.1384,1.1389200000000002
1785345300000,1.13891,1.1392600000000002,1.13884,1.1390500000000001
1785346200000,1.13906,1.13965,1.13896,1.13953
1785347100000,1.1395300000000002,1.13991,1.13945,1.13945
1785348000000,1.13945,1.14303,1.13879,1.14271
1785348900000,1.14273,1.14292,1.14147,1.14218
1785349800000,1.14218,1.1436099999999998,1.14061,1.14349
1785350700000,1.1434799999999998,1.1451799999999999,1.14332,1.14513
1785351600000,1.1451900000000002,1.1455,1.14392,1.14511
1785352500000,1.14513,1.14662,1.14488,1.1452
1785353400000,1.14522,1.14581,1.14452,1.14571
1785354300000,1.14571,1.14575,1.14472,1.14473
1785355200000,1.14475,1.1452200000000001,1.14463,1.14509
1785356100000,1.1451,1.14557,1.14483,1.1455
1785357000000,1.14549,1.14654,1.14549,1.14654
1785357900000,1.14653,1.14704,1.14639,1.14659
1785358800000,1.14625,1.1464400000000001,1.14517,1.14559
1785359700000,1.14567,1.14625,1.14567,1.14625
1785360600000,1.1462500000000002,1.14639,1.1462,1.1463800000000002
1785361500000,1.14638,1.14638,1.14578,1.14585
1785362400000,1.14585,1.14683,1.14585,1.14677
1785363300000,1.14676,1.1468500000000001,1.14667,1.14673
1785364200000,1.14672,1.14689,1.14671,1.14689
1785365100000,1.14689,1.1470799999999999,1.14688,1.1470699999999998
1785366000000,1.14707,1.14744,1.14696,1.14699
1785366900000,1.14699,1.147,1.14662,1.14665
1785367800000,1.1466699999999999,1.1466999999999998,1.14641,1.1464299999999998
1785368700000,1.14642,1.14689,1.14638,1.14663
1785369600000,1.14659,1.14674,1.1463,1.1466200000000002
1785370500000,1.1466,1.1467,1.14557,1.14564
1785371400000,1.14564,1.14577,1.14553,1.1457
1785372300000,1.1457199999999998,1.14576,1.14556,1.14574
1785373200000,1.14575,1.14606,1.14569,1.14588
1785374100000,1.1458700000000002,1.14588,1.14528,1.14547
1785375000000,1.14546,1.14586,1.14534,1.1455600000000001
1785375900000,1.1455499999999998,1.14577,1.14519,1.14527
1785376800000,1.1452799999999999,1.1454499999999999,1.14512,1.1451799999999999
1785377700000,1.1451900000000002,1.14524,1.14508,1.1452
1785378600000,1.14519,1.14544,1.14517,1.14536
1785379500000,1.14537,1.1454499999999999,1.14522,1.14523
1785380400000,1.1452200000000001,1.14538,1.14507,1.14513
1785381300000,1.14512,1.14515,1.14472,1.14495
1785382200000,1.14496,1.14521,1.14487,1.14513
1785383100000,1.14514,1.14517,1.14489,1.14492
1785384000000,1.14491,1.14523,1.14484,1.14523
1785384900000,1.14523,1.14528,1.14517,1.14523
1785385800000,1.14522,1.14534,1.14519,1.14522
1785386700000,1.14521,1.14528,1.14493,1.14503
1785387600000,1.14504,1.14545,1.14497,1.14544
1785388500000,1.14543,1.14562,1.14537,1.1455
1785389400000,1.1455,1.1455499999999998,1.14509,1.1452
1785390300000,1.14519,1.14548,1.14483,1.14495
1785391200000,1.14494,1.14508,1.14432,1.14443
1785392100000,1.14441,1.14458,1.14432,1.14443
1785393000000,1.1444400000000001,1.14479,1.14426,1.1445400000000001
1785393900000,1.14453,1.1450500000000001,1.14453,1.14464
1785394800000,1.14466,1.14506,1.14419,1.14422
1785395700000,1.14426,1.1444400000000001,1.14358,1.14368
1785396600000,1.14367,1.14384,1.14337,1.14363
1785397500000,1.14364,1.14383,1.14357,1.1437
1785398400000,1.14371,1.14469,1.14366,1.1445299999999998
1785399300000,1.14454,1.14541,1.14452,1.14538
1785400200000,1.1453799999999998,1.14551,1.14448,1.1450799999999999
1785401100000,1.1451,1.14536,1.14461,1.14476
1785402000000,1.14474,1.14579,1.14473,1.14569
1785402900000,1.14564,1.1463299999999998,1.1456,1.14611
1785403800000,1.14609,1.14635,1.14591,1.14623
1785404700000,1.14622,1.1467,1.14603,1.14642
1785405600000,1.1464100000000002,1.1472200000000001,1.14609,1.14714
1785406500000,1.14713,1.1479,1.14682,1.1471799999999999
1785407400000,1.1471699999999998,1.14834,1.14715,1.148
1785408300000,1.14801,1.14831,1.14723,1.14724
1785409200000,1.14722,1.14775,1.14713,1.14715
1785410100000,1.14717,1.14724,1.14649,1.1467100000000001
1785411000000,1.1467299999999998,1.1467299999999998,1.14644,1.14648
1785411900000,1.14649,1.14754,1.14649,1.14753
1785412800000,1.14752,1.1480700000000001,1.14748,1.1480000000000001
1785413700000,1.14799,1.14799,1.14737,1.14756
1785414600000,1.14753,1.14829,1.1472,1.14804
1785415500000,1.14807,1.14809,1.14689,1.14719
1785416400000,1.1472,1.14757,1.1469,1.14719
1785417300000,1.1471799999999999,1.14804,1.14709,1.1479599999999999
1785418200000,1.14798,1.15031,1.14784,1.1500299999999999
1785419100000,1.15005,1.1523400000000001,1.14975,1.1523
1785420000000,1.1523299999999999,1.15364,1.1517,1.15271
1785420900000,1.15271,1.1531799999999999,1.15184,1.15207
1785421800000,1.15208,1.1522400000000002,1.15091,1.15118
1785422700000,1.1512099999999998,1.15143,1.1502,1.15024
1785423600000,1.15025,1.15066,1.14981,1.15063
1785424500000,1.15063,1.15157,1.15062,1.15151
1785425400000,1.1515199999999999,1.15221,1.15129,1.15212
1785426300000,1.15213,1.1524400000000001,1.15199,1.15206
1785427200000,1.15205,1.15276,1.15205,1.15239
1785428100000,1.1523800000000002,1.15297,1.1523,1.15293
1785429000000,1.15294,1.153,1.15246,1.15248
1785429900000,1.1525100000000001,1.1528,1.15219,1.15279
1785430800000,1.1527900000000002,1.1529900000000002,1.15203,1.15203
1785431700000,1.15202,1.1520400000000002,1.15182,1.15186
1785432600000,1.1518499999999998,1.15295,1.15132,1.15288
1785433500000,1.15289,1.1530399999999998,1.15251,1.1528999999999998
1785434400000,1.1529099999999999,1.15349,1.15288,1.1534499999999999
1785435300000,1.15344,1.15346,1.15269,1.15296
1785436200000,1.15298,1.1533099999999998,1.15285,1.1530799999999999
1785437100000,1.15309,1.1535,1.15309,1.15349
1785438000000,1.15348,1.15351,1.1528,1.15287
1785438900000,1.15285,1.15337,1.15275,1.15316
1785439800000,1.15314,1.15319,1.15293,1.15305
1785440700000,1.15306,1.15318,1.1528,1.15306
1785441600000,1.1530799999999999,1.15322,1.15288,1.15302
1785442500000,1.15303,1.1530500000000001,1.1527,1.15272
1785443400000,1.15273,1.15295,1.15259,1.15264
1785444300000,1.1526500000000002,1.1528900000000002,1.15264,1.1527500000000002
1785445200000,1.1526399999999999,1.1526399999999999,1.15214,1.15228
1785446100000,1.15228,1.15242,1.15222,1.15231
1785447000000,1.1522599999999998,1.1523299999999999,1.1522,1.1522599999999998
1785447900000,1.1522999999999999,1.15238,1.15217,1.15234
1785448800000,1.15235,1.15289,1.15235,1.15262
1785449700000,1.15262,1.15276,1.15251,1.15265
1785450600000,1.15265,1.15306,1.15255,1.15295
1785451500000,1.15296,1.1530099999999999,1.15275,1.1528
1785452400000,1.15281,1.15302,1.15241,1.15249
1785453300000,1.15246,1.15267,1.1523,1.1523700000000001
1785454200000,1.1523599999999998,1.15245,1.15217,1.15241
1785455100000,1.15242,1.15256,1.15224,1.15224
1785456000000,1.15225,1.15243,1.15201,1.1522
1785456900000,1.15219,1.15259,1.15212,1.15223
1785457800000,1.15222,1.15228,1.15147,1.15167
1785458700000,1.15166,1.15196,1.15154,1.15174
1785459600000,1.15175,1.1519300000000001,1.15148,1.1516
1785460500000,1.15161,1.15185,1.15148,1.15167
1785461400000,1.15165,1.15207,1.15137,1.15138
1785462300000,1.1513900000000001,1.15144,1.15094,1.15094
1785463200000,1.15095,1.1515799999999998,1.15095,1.15146
1785464100000,1.1514499999999999,1.1515,1.15122,1.1512799999999999
1785465000000,1.15127,1.15143,1.15114,1.15118
1785465900000,1.1511799999999999,1.15123,1.15099,1.15114
1785466800000,1.1511500000000001,1.15128,1.15083,1.151
1785467700000,1.15097,1.15106,1.15077,1.15083
1785468600000,1.15083,1.15098,1.15058,1.15072
1785469500000,1.15073,1.15131,1.15072,1.1512799999999999
1785470400000,1.1512499999999999,1.15136,1.15116,1.15126
1785471300000,1.15125,1.15134,1.15104,1.1510500000000001
1785472200000,1.15104,1.15106,1.15052,1.15057
1785473100000,1.15055,1.15079,1.15038,1.15076
1785474000000,1.15077,1.15087,1.15053,1.15055
1785474900000,1.15054,1.15068,1.15042,1.15045
1785475800000,1.1504599999999998,1.1508999999999998,1.15044,1.15068
1785476700000,1.1506699999999999,1.15068,1.15041,1.1505699999999999
1785477600000,1.15058,1.15164,1.15048,1.15161
1785478500000,1.1516,1.1521000000000001,1.15134,1.1520000000000001
1785479400000,1.15199,1.15199,1.15103,1.15122
1785480300000,1.1512900000000001,1.1521700000000001,1.15128,1.15165
1785481200000,1.15166,1.1517,1.15132,1.1516499999999998
1785482100000,1.1516700000000002,1.1516700000000002,1.15118,1.1513300000000002
1785483000000,1.15133,1.15189,1.1511,1.15182
1785483900000,1.1518300000000001,1.15243,1.15114,1.15138
1785484800000,1.15138,1.15154,1.15076,1.151
1785485700000,1.15101,1.15125,1.1507,1.1507
1785486600000,1.1507100000000001,1.15095,1.15039,1.15086
1785487500000,1.15088,1.15256,1.15086,1.15213
1785488400000,1.15202,1.15243,1.15142,1.15158
1785489300000,1.15162,1.1518,1.15086,1.15087
1785490200000,1.15086,1.1511799999999999,1.15027,1.1502999999999999
1785491100000,1.15029,1.15086,1.15029,1.15048
1785492000000,1.15049,1.15076,1.1503,1.15064
1785492900000,1.15063,1.15065,1.15008,1.15013
1785493800000,1.1501000000000001,1.15039,1.15005,1.15024
1785494700000,1.15023,1.15036,1.15008,1.15013
1785495600000,1.15014,1.15015,1.14967,1.14978
1785496500000,1.14978,1.14979,1.14917,1.14925
1785497400000,1.1492399999999998,1.1493,1.14888,1.14899
1785498300000,1.149,1.14904,1.14842,1.14846
1785499200000,1.14846,1.14863,1.14809,1.14863
1785500100000,1.14862,1.1487399999999999,1.14834,1.14835
1785501000000,1.1483400000000001,1.14865,1.14812,1.14847
1785501900000,1.1484999999999999,1.14902,1.14831,1.1487699999999998
1785502800000,1.14876,1.14913,1.14861,1.1487299999999998
1785503700000,1.1487399999999999,1.1502999999999999,1.14835,1.14999
1785504600000,1.14995,1.15007,1.14546,1.1470399999999998
1785505500000,1.14705,1.1474499999999999,1.14645,1.14661
1785506400000,1.1466,1.14742,1.1462,1.14741
1785507300000,1.14737,1.14797,1.14716,1.14792
1785508200000,1.14796,1.14918,1.14791,1.14916
1785509100000,1.14915,1.15058,1.14889,1.15042
1785510000000,1.1504299999999998,1.1506999999999998,1.14966,1.15031
1785510900000,1.15032,1.15074,1.14986,1.15032
1785511800000,1.1503100000000002,1.15097,1.15009,1.15083
1785512700000,1.1508399999999999,1.1518199999999998,1.15082,1.15176
1785513600000,1.1517499999999998,1.1518599999999999,1.15122,1.15164
1785514500000,1.15161,1.15178,1.15118,1.1512900000000001
1785515400000,1.15133,1.15171,1.15123,1.15134
1785516300000,1.15135,1.15175,1.15135,1.1516600000000001
1785517200000,1.15169,1.1522700000000001,1.15165,1.15222
1785518100000,1.1522000000000001,1.15273,1.15195,1.15266
1785519000000,1.15269,1.1535300000000002,1.15267,1.15351
1785519900000,1.1535,1.1537,1.1527,1.15327
1785520800000,1.1532799999999999,1.15357,1.15272,1.15275
1785521700000,1.15276,1.1530099999999999,1.15258,1.1529
1785522600000,1.1528900000000002,1.15297,1.15267,1.15267
1785523500000,1.15264,1.1530500000000001,1.15239,1.15302
1785524400000,1.15304,1.15337,1.15304,1.15321
1785525300000,1.1532,1.15321,1.15293,1.15303
1785526200000,1.1530399999999998,1.1533499999999999,1.15265,1.1533499999999999
1785527100000,1.15334,1.15356,1.15302,1.15307
1785528000000,1.15308,1.15308,1.15232,1.153
1785528900000,1.1529900000000002,1.15378,1.15291,1.1535600000000001
1785529800000,1.1535900000000001,1.15394,1.15327,1.15394
1785530700000,1.15393,1.15466,1.15275,1.15276
1785704400000,1.15443,1.1546,1.15423,1.1543400000000001
1785705300000,1.15435,1.15444,1.15427,1.15438
1785706200000,1.15439,1.15462,1.15429,1.15462
1785707100000,1.1546399999999999,1.15477,1.15445,1.15468
1785708000000,1.15462,1.15578,1.1546,1.15574
1785708900000,1.1557199999999999,1.1558199999999998,1.15471,1.15499
1785709800000,1.1550099999999999,1.15509,1.15471,1.1547999999999998
1785710700000,1.1548,1.15513,1.15474,1.15477
1785711600000,1.15478,1.1550399999999998,1.15427,1.15445
1785712500000,1.15446,1.15451,1.15421,1.1543999999999999
1785713400000,1.1544,1.15453,1.15419,1.15438
1785714300000,1.15438,1.15441,1.15414,1.15432
1785715200000,1.15433,1.15434,1.15344,1.1536
1785716100000,1.1536000000000002,1.15477,1.15352,1.15466
1785717000000,1.15465,1.15546,1.15454,1.1553399999999998
1785717900000,1.1553799999999999,1.15554,1.15404,1.15419
1785718800000,1.15421,1.15454,1.15356,1.15356
1785719700000,1.1535799999999998,1.15374,1.15315,1.15315
1785720600000,1.1531500000000001,1.1533200000000001,1.15297,1.15316
1785721500000,1.1531600000000002,1.1532600000000002,1.15294,1.1531600000000002
1785722400000,1.15317,1.1533499999999999,1.15289,1.15294
1785723300000,1.15294,1.15327,1.15279,1.15322
1785724200000,1.15321,1.15349,1.15313,1.15313
1785725100000,1.15313,1.1532600000000002,1.15301,1.15304
1785726000000,1.15304,1.15306,1.15267,1.15276
1785726900000,1.15274,1.1529,1.15266,1.15286
1785727800000,1.1528500000000002,1.15287,1.15264,1.1527
1785728700000,1.1526900000000002,1.1529800000000001,1.15264,1.15293
1785729600000,1.15293,1.1531200000000001,1.15284,1.15308
1785730500000,1.15317,1.15325,1.15304,1.1532200000000001
1785731400000,1.15323,1.15354,1.15311,1.15354
1785732300000,1.15353,1.15353,1.15323,1.15336
1785733200000,1.15337,1.15351,1.15311,1.15327
1785734100000,1.15327,1.15338,1.15317,1.1533
1785735000000,1.15329,1.15355,1.15327,1.15354
1785735900000,1.1535499999999999,1.1537,1.15343,1.15367
1785736800000,1.15366,1.15383,1.15323,1.15323
1785737700000,1.15323,1.15353,1.15307,1.15333
1785738600000,1.1533499999999999,1.1534,1.15235,1.15248
1785739500000,1.15248,1.15279,1.15231,1.1526399999999999
1785740400000,1.15263,1.15297,1.15218,1.15288
1785741300000,1.15289,1.153,1.15201,1.15282
1785742200000,1.15284,1.1531600000000002,1.1523,1.1525800000000002
1785743100000,1.15259,1.15268,1.15228,1.15255
1785744000000,1.15256,1.15269,1.15225,1.15265
1785744900000,1.15264,1.1526800000000001,1.15213,1.15239
1785745800000,1.1523999999999999,1.15271,1.15228,1.15245
1785746700000,1.15244,1.15251,1.15204,1.15222
1785747600000,1.1522,1.15259,1.15194,1.15239
1785748500000,1.15238,1.15239,1.15204,1.1523299999999999
1785749400000,1.15234,1.15283,1.15228,1.15279
1785750300000,1.1528,1.15297,1.15213,1.15216
1785751200000,1.15215,1.15241,1.15205,1.15224
1785752100000,1.1522299999999999,1.15237,1.15166,1.1522599999999998
1785753000000,1.15225,1.1523,1.15198,1.15203
1785753900000,1.1520299999999999,1.15241,1.15194,1.15216
1785754800000,1.15213,1.1526200000000002,1.15213,1.1525
1785755700000,1.15249,1.15252,1.15202,1.15214
1785756600000,1.15215,1.15254,1.15208,1.15251
1785757500000,1.15259,1.1532,1.15256,1.15319
1785758400000,1.15318,1.1534600000000002,1.15301,1.1530900000000002
1785759300000,1.1531,1.1532499999999999,1.15285,1.1529099999999999
1785760200000,1.15292,1.15326,1.15234,1.1523999999999999
1785761100000,1.15241,1.15285,1.15222,1.15275
1785762000000,1.15276,1.1533,1.15275,1.15289
1785762900000,1.1529,1.1531,1.15242,1.1531
1785763800000,1.15309,1.15345,1.15249,1.15268
1785764700000,1.15268,1.153,1.15212,1.15269
1785765600000,1.15215,1.1526800000000001,1.15158,1.15158
1785766500000,1.1515900000000001,1.1522400000000002,1.15142,1.1514700000000002
1785767400000,1.15146,1.15174,1.15096,1.1513
1785768300000,1.15131,1.1515600000000001,1.15107,1.15134
1785769200000,1.15133,1.15137,1.15018,1.15028
1785770100000,1.1502700000000001,1.15066,1.15022,1.15035
1785771000000,1.15037,1.15053,1.14998,1.15029
1785771900000,1.1503299999999999,1.1509099999999999,1.15027,1.1508999999999998
1785772800000,1.15092,1.15099,1.15053,1.15077
1785773700000,1.15076,1.15083,1.15041,1.1504999999999999
1785774600000,1.1504999999999999,1.15076,1.15038,1.15066
1785775500000,1.15067,1.1508,1.15045,1.15063
1785776400000,1.15062,1.1506399999999999,1.15027,1.1503299999999999
1785777300000,1.1503100000000002,1.15033,1.15013,1.1503
1785778200000,1.15029,1.15043,1.15023,1.15033
1785779100000,1.15034,1.15055,1.15008,1.15014
1785780000000,1.15015,1.15059,1.1501,1.15045
1785780900000,1.15046,1.15096,1.15045,1.1509
1785781800000,1.15089,1.15116,1.15078,1.15113
1785782700000,1.15109,1.15142,1.15107,1.1513
1785783600000,1.15131,1.15141,1.15123,1.1513
1785784500000,1.15131,1.15134,1.15117,1.15119
1785785400000,1.15118,1.15124,1.15104,1.15121
1785786300000,1.1512,1.15124,1.15089,1.15098
1785787200000,1.15097,1.15102,1.15063,1.15069
1785788100000,1.1506999999999998,1.15086,1.15058,1.15069
1785789000000,1.15067,1.15092,1.15066,1.1508800000000001
1785789900000,1.1508900000000002,1.15091,1.15074,1.15077
1785790800000,1.1505999999999998,1.1508999999999998,1.15027,1.15054
1785791700000,1.15055,1.1508099999999999,1.15055,1.1508
1785792600000,1.1508,1.15083,1.15066,1.15074
1785793500000,1.15077,1.15092,1.15073,1.15086
1785794400000,1.15085,1.15099,1.15062,1.15066
1785795300000,1.15066,1.15078,1.15062,1.15065
1785796200000,1.15064,1.1508,1.15063,1.15074
1785797100000,1.15075,1.1509,1.15072,1.15083
1785798000000,1.15083,1.15094,1.15076,1.15094
1785798900000,1.15093,1.15098,1.15085,1.15088
1785799800000,1.1508800000000001,1.1508900000000002,1.15067,1.15073
1785800700000,1.15073,1.1507500000000002,1.15057,1.15064
1785801600000,1.15066,1.1513200000000001,1.15064,1.1509200000000002
1785802500000,1.15093,1.15119,1.15089,1.15113
1785803400000,1.15114,1.15145,1.15104,1.1512
1785804300000,1.15121,1.15121,1.15042,1.1505
1785805200000,1.15049,1.15053,1.15016,1.1504400000000001
1785806100000,1.15045,1.1508800000000001,1.15043,1.1507800000000001
1785807000000,1.15077,1.1513900000000001,1.15077,1.15138
1785807900000,1.1514,1.1514099999999998,1.15115,1.1511799999999999
1785808800000,1.15119,1.15133,1.15088,1.15116
1785809700000,1.15117,1.15123,1.15072,1.15087
1785810600000,1.15086,1.15113,1.15082,1.15107
1785811500000,1.1510799999999999,1.1512,1.15071,1.15075
1785812400000,1.15074,1.15107,1.1507,1.1508800000000001
1785813300000,1.15093,1.15119,1.15086,1.15115
1785814200000,1.15113,1.15135,1.15069,1.15079
1785815100000,1.1507699999999998,1.1509399999999999,1.15071,1.1507399999999999
1785816000000,1.1507500000000002,1.1508,1.15053,1.15062
1785816900000,1.15062,1.15081,1.1506,1.1507500000000002
1785817800000,1.15075,1.1509399999999999,1.15075,1.15085
1785818700000,1.1508500000000002,1.1510500000000001,1.1508,1.1509800000000001
1785819600000,1.15097,1.1509800000000001,1.15064,1.15067
1785820500000,1.1506800000000001,1.15093,1.15064,1.1508800000000001
1785821400000,1.1508800000000001,1.1509900000000002,1.15047,1.15049
1785822300000,1.15049,1.15069,1.15032,1.15068
1785823200000,1.1506599999999998,1.15072,1.15037,1.15071
1785824100000,1.15072,1.151,1.15053,1.15055
1785825000000,1.15052,1.15075,1.15032,1.1504
1785825900000,1.15039,1.1507,1.15033,1.15067
1785826800000,1.15068,1.151,1.15058,1.15086
1785827700000,1.1508500000000002,1.15165,1.1508,1.15121
1785828600000,1.1512,1.15143,1.15093,1.15093
1785829500000,1.15093,1.15126,1.15082,1.15103
1785830400000,1.15102,1.1513799999999998,1.15082,1.1509099999999999
1785831300000,1.1508800000000001,1.15116,1.15073,1.15114
1785832200000,1.15113,1.15114,1.15057,1.1509
1785833100000,1.1509099999999999,1.1509099999999999,1.15058,1.1507399999999999
1785834000000,1.15073,1.15077,1.15028,1.15063
1785834900000,1.15064,1.15106,1.15063,1.15099
1785835800000,1.15098,1.15107,1.15069,1.15075
1785836700000,1.15076,1.15086,1.1505,1.1507500000000002
1785837600000,1.1507399999999999,1.15106,1.15071,1.15096
1785838500000,1.1509500000000001,1.151,1.15074,1.1509
1785839400000,1.1509099999999999,1.1516899999999999,1.15082,1.15137
1785840300000,1.1513900000000001,1.15184,1.15121,1.15133
1785841200000,1.15133,1.1516,1.1511,1.15157
1785842100000,1.15157,1.15194,1.15153,1.15193
1785843000000,1.1519700000000002,1.1522800000000002,1.15169,1.15222
1785843900000,1.15223,1.15223,1.15144,1.15157
1785844800000,1.1515799999999998,1.15181,1.15132,1.15137
1785845700000,1.1513600000000002,1.1517300000000001,1.15128,1.15138
1785846600000,1.15137,1.15227,1.15137,1.15212
1785847500000,1.15211,1.15212,1.1514,1.15143
1785848400000,1.1514199999999999,1.15146,1.15103,1.15123
1785849300000,1.15126,1.1518899999999999,1.15088,1.15149
1785850200000,1.1515,1.15246,1.15143,1.15228
1785851100000,1.1523,1.15256,1.15208,1.15228
1785852000000,1.15233,1.1529800000000001,1.15215,1.1529
1785852900000,1.1528900000000002,1.1530200000000002,1.15257,1.15263
1785853800000,1.15262,1.1527999999999998,1.15227,1.1522899999999998
1785854700000,1.15228,1.1523899999999998,1.15183,1.1522599999999998
1785855600000,1.15225,1.1524800000000002,1.15179,1.15179
1785856500000,1.15178,1.15179,1.15134,1.15173
1785857400000,1.15171,1.1522100000000002,1.15128,1.15206
1785858300000,1.15205,1.1525999999999998,1.15197,1.15256
1785859200000,1.15257,1.1526,1.15203,1.15212
1785860100000,1.15212,1.1521599999999999,1.15187,1.15188
1785861000000,1.1518700000000002,1.1519300000000001,1.15162,1.15182
1785861900000,1.15181,1.15191,1.1516,1.15181
1785862800000,1.1518,1.1522,1.1518,1.15218
1785863700000,1.15217,1.1522,1.15191,1.1520299999999999
1785864600000,1.15201,1.15252,1.15199,1.1525
1785865500000,1.15251,1.15258,1.15235,1.15235
1785866400000,1.15234,1.15261,1.15227,1.15237
1785867300000,1.15238,1.15251,1.15222,1.15242
1785868200000,1.1524299999999998,1.1526599999999998,1.15237,1.1526599999999998
1785869100000,1.15267,1.1533200000000001,1.15263,1.15323
1785870000000,1.15324,1.1532900000000001,1.15301,1.1530200000000002
1785870900000,1.1530200000000002,1.15317,1.15291,1.15317
1785871800000,1.15317,1.1532200000000001,1.15297,1.15307
1785872700000,1.15307,1.1531,1.1529,1.15302
1785873600000,1.153,1.15316,1.153,1.15311
1785874500000,1.1530900000000002,1.15335,1.15308,1.1532
1785875400000,1.1531799999999999,1.1532099999999998,1.15302,1.15303
1785876300000,1.153,1.15335,1.153,1.15321
1785877200000,1.15296,1.15296,1.15227,1.1526699999999999
1785878100000,1.15267,1.15294,1.15267,1.15277
1785879000000,1.1527699999999999,1.15302,1.15271,1.15272
1785879900000,1.15272,1.15287,1.15272,1.15287
1785880800000,1.15286,1.15309,1.15286,1.15306
1785881700000,1.1530500000000001,1.15307,1.15294,1.15301
1785882600000,1.15306,1.1532,1.15304,1.15318
1785883500000,1.15317,1.15323,1.15302,1.15322
1785884400000,1.1532,1.15326,1.15295,1.15315
1785885300000,1.15315,1.15315,1.15296,1.15297
1785886200000,1.15297,1.15305,1.15293,1.15296
1785887100000,1.15301,1.15319,1.153,1.15314
1785888000000,1.15314,1.1534200000000001,1.15308,1.1532300000000002
1785888900000,1.1532300000000002,1.15348,1.15318,1.1534000000000002
1785889800000,1.1533900000000001,1.1535,1.15317,1.15317
1785890700000,1.15318,1.15327,1.15291,1.15308
1785891600000,1.15309,1.15312,1.15282,1.15295
1785892500000,1.15297,1.15312,1.15262,1.15278
1785893400000,1.15278,1.15282,1.15265,1.1527399999999999
1785894300000,1.15272,1.1528100000000001,1.15263,1.15265
1785895200000,1.15265,1.1530799999999999,1.15262,1.1529099999999999
1785896100000,1.1529099999999999,1.15346,1.15285,1.1533
1785897000000,1.15331,1.15399,1.15325,1.15399
1785897900000,1.15397,1.15399,1.15341,1.1534200000000001
1785898800000,1.15343,1.15398,1.15341,1.15389
1785899700000,1.1538899999999999,1.15398,1.15366,1.1537
1785900600000,1.15369,1.15369,1.15347,1.1535
1785901500000,1.1535,1.15371,1.15349,1.15367
1785902400000,1.15368,1.15388,1.15367,1.1538
1785903300000,1.1538,1.15397,1.15377,1.15387
1785904200000,1.1538599999999999,1.15393,1.15363,1.15364
1785905100000,1.15364,1.15375,1.15341,1.1535600000000001
1785906000000,1.1535499999999999,1.15356,1.15312,1.15333
1785906900000,1.15334,1.1534900000000001,1.15325,1.1533900000000001
1785907800000,1.15339,1.15363,1.15339,1.15354
1785908700000,1.15353,1.15375,1.15337,1.15351
1785909600000,1.15354,1.1537,1.15344,1.1535900000000001
1785910500000,1.15358,1.15358,1.15318,1.15347
1785911400000,1.15348,1.15417,1.1532,1.15414
1785912300000,1.15415,1.15453,1.15415,1.15442
1785913200000,1.15439,1.15462,1.15371,1.15378
1785914100000,1.15378,1.15411,1.15333,1.1533499999999999
1785915000000,1.15335,1.1537300000000001,1.15335,1.15352
1785915900000,1.1535099999999998,1.15393,1.15342,1.1537499999999998
1785916800000,1.15373,1.15398,1.15353,1.15361
1785917700000,1.15363,1.15429,1.15363,1.15429
1785918600000,1.15431,1.15441,1.15327,1.1534200000000001
1785919500000,1.15337,1.15365,1.15306,1.15351
1785920400000,1.1535,1.15379,1.15331,1.15367
1785921300000,1.15368,1.1541,1.1536,1.1539
1785922200000,1.1539000000000001,1.1542000000000001,1.15375,1.15411
1785923100000,1.15408,1.15413,1.15391,1.15392
1785924000000,1.15391,1.1539700000000002,1.15345,1.15357
1785924900000,1.15357,1.15403,1.15353,1.1537199999999999
1785925800000,1.1537199999999999,1.15387,1.1536,1.15373
1785926700000,1.15375,1.15402,1.15355,1.15389
1785927600000,1.15391,1.15458,1.15391,1.15453
1785928500000,1.1545200000000002,1.1550500000000001,1.1543,1.15473
1785929400000,1.15474,1.15547,1.1546,1.15523
1785930300000,1.15522,1.15531,1.15483,1.15521
1785931200000,1.15521,1.15545,1.15507,1.1551200000000001
1785932100000,1.15513,1.15566,1.15513,1.15533
1785933000000,1.15536,1.15542,1.15471,1.1547399999999999
1785933900000,1.15472,1.15496,1.15442,1.15451
1785934800000,1.15453,1.1546800000000002,1.15419,1.1545400000000001
1785935700000,1.15455,1.1552799999999999,1.15451,1.1551799999999999
1785936600000,1.15517,1.15534,1.15446,1.1545
1785937500000,1.1545,1.15459,1.15396,1.1542800000000002
1785938400000,1.15429,1.15551,1.15415,1.15527
1785939300000,1.1552399999999998,1.15564,1.15495,1.15496
1785940200000,1.15498,1.1552099999999998,1.15468,1.1551099999999999
1785941100000,1.1551,1.15533,1.15446,1.1552900000000002
1785942000000,1.1553,1.1556,1.15489,1.15489
1785942900000,1.15488,1.15488,1.15448,1.15468
1785943800000,1.1546699999999999,1.15503,1.15438,1.15487
1785944700000,1.15486,1.1549200000000002,1.15423,1.1545400000000001
1785945600000,1.1545400000000001,1.15474,1.15422,1.15464
1785946500000,1.15464,1.15486,1.15456,1.1547
1785947400000,1.15471,1.15472,1.15432,1.1545
1785948300000,1.15449,1.15463,1.15431,1.15453
1785949200000,1.1545699999999999,1.15468,1.15421,1.15437
1785950100000,1.15437,1.15489,1.15437,1.1548299999999998
1785951000000,1.15482,1.1553399999999998,1.15471,1.1553099999999998
1785951900000,1.1553,1.15568,1.1553,1.15557
1785952800000,1.15558,1.1558000000000002,1.15545,1.1554600000000002
1785953700000,1.15547,1.15588,1.15537,1.15585
1785954600000,1.15584,1.15588,1.15527,1.1553200000000001
1785955500000,1.15531,1.15551,1.15526,1.15532
1785956400000,1.15531,1.1554200000000001,1.15504,1.15507
1785957300000,1.15506,1.15508,1.1547,1.15472
1785958200000,1.15472,1.15503,1.15472,1.15493
1785959100000,1.15492,1.1551799999999999,1.15482,1.15503
1785960000000,1.1550399999999998,1.1552499999999999,1.15495,1.15495
1785960900000,1.15496,1.1551,1.15485,1.15502
1785961800000,1.15501,1.15536,1.155,1.15513
1785962700000,1.15513,1.15532,1.15506,1.15532
1785963600000,1.1552200000000001,1.1553900000000001,1.15501,1.15525
1785964500000,1.1552499999999999,1.15556,1.15486,1.15527
1785965400000,1.1551699999999998,1.1552499999999999,1.15481,1.15495
1785966300000,1.1549500000000001,1.1550500000000001,1.15477,1.1549200000000002
1785967200000,1.15506,1.15543,1.15504,1.15525
1785968100000,1.15525,1.1554000000000002,1.15525,1.1553300000000002
1785969000000,1.15533,1.1554200000000001,1.15527,1.1554
1785969900000,1.1553900000000001,1.15544,1.15534,1.1554200000000001
1785970800000,1.15542,1.1555199999999999,1.15536,1.15551
1785971700000,1.1555,1.15553,1.15542,1.15542
1785972600000,1.15543,1.1555199999999999,1.1554,1.15551
1785973500000,1.15551,1.15572,1.1555,1.15564
1785974400000,1.15563,1.1557,1.1554,1.15548
1785975300000,1.15549,1.15575,1.15547,1.15557
1785976200000,1.15558,1.15575,1.15555,1.1556000000000002
1785977100000,1.1556,1.15591,1.15557,1.15558
1785978000000,1.1555799999999998,1.15567,1.15529,1.15549
1785978900000,1.1554900000000001,1.15569,1.15535,1.15547
1785979800000,1.15545,1.15564,1.1554,1.15561
1785980700000,1.1556000000000002,1.15561,1.15538,1.15544
1785981600000,1.15543,1.1556899999999999,1.15542,1.15553
1785982500000,1.15553,1.15573,1.1554,1.15555
1785983400000,1.15554,1.1556899999999999,1.15543,1.15568
1785984300000,1.15567,1.1557,1.1552,1.15532
1785985200000,1.1553200000000001,1.15534,1.15514,1.15516
1785986100000,1.1551500000000001,1.15518,1.15487,1.1549500000000001
1785987000000,1.15493,1.15503,1.1547,1.15472
1785987900000,1.1547100000000001,1.15483,1.15463,1.15482
1785988800000,1.15481,1.15492,1.15478,1.1548699999999998
1785989700000,1.15486,1.15487,1.1547,1.15477
1785990600000,1.15477,1.15486,1.1547,1.1547100000000001
1785991500000,1.1547200000000002,1.1548600000000002,1.15464,1.1548500000000002
1785992400000,1.1548500000000002,1.1548500000000002,1.1544,1.15447
1785993300000,1.1544699999999999,1.15456,1.15445,1.1545
1785994200000,1.15449,1.1548399999999999,1.15445,1.1548
1785995100000,1.1548,1.155,1.15473,1.1548800000000001
1785996000000,1.15489,1.15511,1.1545,1.1546100000000001
1785996900000,1.15462,1.15472,1.15443,1.15457
1785997800000,1.1545800000000002,1.1546,1.15426,1.1545
1785998700000,1.15452,1.15465,1.15425,1.15442
1785999600000,1.15443,1.15452,1.15416,1.1544100000000002
1786000500000,1.15442,1.1545999999999998,1.15424,1.15441
1786001400000,1.15441,1.15455,1.15425,1.15442
1786002300000,1.15438,1.15445,1.15405,1.1543700000000001
1786003200000,1.15438,1.15445,1.15384,1.15426
1786004100000,1.15427,1.1544299999999998,1.154,1.15405
1786005000000,1.1540400000000002,1.1543800000000002,1.15396,1.15426
1786005900000,1.1542700000000001,1.15439,1.15405,1.1542700000000001
1786006800000,1.15426,1.15435,1.15401,1.15431
1786007700000,1.15432,1.15432,1.15396,1.1541800000000002
1786008600000,1.15419,1.15425,1.15368,1.15372
1786009500000,1.15373,1.15397,1.15359,1.1537899999999999
1786010400000,1.15378,1.15403,1.1536,1.1536199999999999
1786011300000,1.1536099999999998,1.15417,1.15359,1.15407
1786012200000,1.1540700000000002,1.15423,1.15396,1.15402
1786013100000,1.1540100000000002,1.1541700000000001,1.15386,1.1540400000000002
1786014000000,1.15406,1.1544400000000001,1.15406,1.15423
1786014900000,1.1542299999999999,1.1546399999999999,1.15417,1.1544599999999998
1786015800000,1.1544699999999999,1.1544999999999999,1.1538,1.1538
1786016700000,1.15381,1.15446,1.15371,1.15446
1786017600000,1.15447,1.1545100000000001,1.15385,1.1539000000000001
1786018500000,1.15391,1.1543299999999999,1.1539,1.15418
1786019400000,1.15416,1.15447,1.15395,1.15411
1786020300000,1.1541400000000002,1.15418,1.15362,1.1538000000000002
1786021200000,1.1538300000000001,1.15406,1.15351,1.1537600000000001
1786022100000,1.15375,1.15401,1.15361,1.15382
1786023000000,1.15384,1.15431,1.15371,1.15419
1786023900000,1.15416,1.15446,1.15381,1.15423
1786024800000,1.15424,1.15435,1.1532,1.15339
1786025700000,1.1534,1.1538300000000001,1.15334,1.15341
1786026600000,1.15342,1.1536899999999999,1.1533,1.15351
1786027500000,1.1535,1.1535,1.153,1.15346
1786028400000,1.15347,1.15352,1.15269,1.15276
1786029300000,1.15276,1.1528,1.15208,1.15231
1786030200000,1.1523,1.15235,1.15192,1.15221
1786031100000,1.1522800000000002,1.1523800000000002,1.15186,1.1520100000000002
1786032000000,1.15202,1.15216,1.15185,1.15195
1786032900000,1.15196,1.15196,1.15142,1.1518700000000002
1786033800000,1.15188,1.15201,1.15162,1.15172
1786034700000,1.15172,1.15222,1.15171,1.15201
1786035600000,1.1520000000000001,1.1521700000000001,1.15186,1.1519100000000002
1786036500000,1.1518899999999999,1.15204,1.1517,1.15194
1786037400000,1.15195,1.1520000000000001,1.15169,1.15185
1786038300000,1.15184,1.15223,1.15181,1.15223
1786039200000,1.15222,1.15242,1.15218,1.15229
1786040100000,1.15228,1.15236,1.15214,1.1521599999999999
1786041000000,1.15217,1.15227,1.1521,1.15215
1786041900000,1.15216,1.15232,1.15212,1.15232
1786042800000,1.1523400000000001,1.1525100000000001,1.15216,1.1522100000000002
1786043700000,1.1522,1.15234,1.15166,1.1518199999999998
1786044600000,1.15179,1.15204,1.15171,1.15181
1786045500000,1.15182,1.1525,1.15179,1.15226
1786046400000,1.15225,1.1523299999999999,1.15204,1.15207
1786047300000,1.15208,1.15208,1.15182,1.1520000000000001
1786048200000,1.1520100000000002,1.15216,1.15196,1.15215
1786049100000,1.15216,1.1523700000000001,1.15213,1.1523500000000002
1786050000000,1.15233,1.15233,1.15205,1.15206
1786050900000,1.15207,1.15208,1.15195,1.15196
1786051800000,1.1518,1.15195,1.15171,1.15182
1786052700000,1.1517300000000001,1.1519000000000001,1.15168,1.15172
1786053600000,1.15172,1.15215,1.15172,1.1521000000000001
1786054500000,1.15211,1.15218,1.15209,1.15215
1786055400000,1.15215,1.15221,1.15211,1.15215
1786056300000,1.15214,1.15218,1.1521,1.1521199999999998
1786057200000,1.15213,1.15229,1.15212,1.15228
1786058100000,1.1522999999999999,1.1522999999999999,1.1522,1.15225
1786059000000,1.15225,1.15231,1.15218,1.15231
1786059900000,1.1522999999999999,1.15237,1.15228,1.15234
1786060800000,1.1523400000000001,1.1523500000000002,1.15203,1.1520700000000001
1786061700000,1.15208,1.15216,1.15195,1.1521000000000001
1786062600000,1.15209,1.15219,1.15198,1.15202
1786063500000,1.15203,1.15213,1.15175,1.15185
1786064400000,1.15186,1.15219,1.15179,1.15213
1786065300000,1.1521400000000002,1.15216,1.15203,1.1521000000000001
1786066200000,1.1521000000000001,1.1525,1.15195,1.15241
1786067100000,1.1523999999999999,1.1524599999999998,1.15207,1.1521
1786068000000,1.1521,1.15224,1.15208,1.15211
1786068900000,1.1521,1.15224,1.15201,1.15218
1786069800000,1.1522,1.15222,1.15204,1.15208
1786070700000,1.15207,1.15229,1.15204,1.15209
1786071600000,1.1521,1.1521899999999998,1.15193,1.1520499999999998
1786072500000,1.15204,1.15212,1.15197,1.15208
1786073400000,1.15209,1.15217,1.15204,1.15209
1786074300000,1.1520899999999998,1.15228,1.15207,1.15228
1786075200000,1.15227,1.15228,1.1521,1.15215
1786076100000,1.15215,1.15225,1.15211,1.15215
1786077000000,1.15216,1.15235,1.15211,1.15235
1786077900000,1.15235,1.1523800000000002,1.15223,1.15229
1786078800000,1.15229,1.15247,1.15229,1.15242
1786079700000,1.15243,1.1524400000000001,1.15209,1.1521000000000001
1786080600000,1.15211,1.15235,1.15201,1.15229
1786081500000,1.15228,1.15242,1.15216,1.1521700000000001
1786082400000,1.15218,1.1523700000000001,1.15205,1.1523
1786083300000,1.15229,1.15244,1.15208,1.15234
1786084200000,1.15235,1.15236,1.15209,1.15216
1786085100000,1.1521400000000002,1.15242,1.15209,1.15216
1786086000000,1.15215,1.15229,1.15172,1.1522100000000002
1786086900000,1.15221,1.15238,1.15212,1.1522000000000001
1786087800000,1.1521899999999998,1.15227,1.1519,1.1519599999999999
1786088700000,1.15197,1.15226,1.15195,1.15218
1786089600000,1.1522000000000001,1.15223,1.15175,1.15181
1786090500000,1.15181,1.15206,1.15181,1.15188
1786091400000,1.15187,1.1523700000000001,1.15185,1.15236
1786092300000,1.15237,1.1524699999999999,1.1522,1.1522999999999999
1786093200000,1.15229,1.15282,1.15224,1.1527999999999998
1786094100000,1.1527900000000002,1.1529,1.15264,1.15267
1786095000000,1.15267,1.15276,1.1525,1.1527
1786095900000,1.1527100000000001,1.15307,1.1527,1.15284
1786096800000,1.1528299999999998,1.15286,1.15254,1.15261
1786097700000,1.15261,1.1528,1.15255,1.1527
1786098600000,1.1526999999999998,1.15278,1.15251,1.1525299999999998
1786099500000,1.15253,1.15285,1.15252,1.15265
1786100400000,1.15266,1.1529399999999999,1.15265,1.1527699999999999
1786101300000,1.15277,1.1529,1.15259,1.15261
1786102200000,1.15259,1.15317,1.15259,1.15315
1786103100000,1.15316,1.15327,1.15309,1.1532499999999999
1786104000000,1.15327,1.1537300000000001,1.15324,1.15336
1786104900000,1.15337,1.15341,1.15263,1.15272
1786105800000,1.15271,1.15767,1.15268,1.15729
1786106700000,1.1573,1.15803,1.15702,1.15722
1786107600000,1.15718,1.1574300000000002,1.15667,1.1574
1786108500000,1.15739,1.15748,1.15662,1.15694
1786109400000,1.15695,1.15739,1.15615,1.15714
1786110300000,1.15712,1.15717,1.1556,1.1557
1786111200000,1.15573,1.1558,1.15515,1.1557199999999999
1786112100000,1.15571,1.1563700000000001,1.15558,1.15564
1786113000000,1.15565,1.15597,1.155,1.15516
1786113900000,1.1551500000000001,1.1555300000000002,1.15504,1.15525
1786114800000,1.15524,1.15604,1.15496,1.15602
1786115700000,1.1560000000000001,1.15632,1.15562,1.15564
1786116600000,1.15565,1.1562000000000001,1.15538,1.15609
1786117500000,1.1561000000000001,1.15626,1.15561,1.1558
1786118400000,1.15575,1.15646,1.15569,1.15646
1786119300000,1.15645,1.15653,1.15598,1.15619
1786120200000,1.1562000000000001,1.15634,1.15605,1.15624
1786121100000,1.15625,1.15667,1.15582,1.15584
1786122000000,1.1558300000000001,1.15608,1.15569,1.15605
1786122900000,1.15606,1.15626,1.15588,1.15605
1786123800000,1.15605,1.15629,1.15594,1.1562
1786124700000,1.1562,1.15628,1.15604,1.15605
1786125600000,1.1560599999999999,1.15628,1.15583,1.15607
1786126500000,1.1560599999999999,1.15621,1.15594,1.15616
1786127400000,1.15617,1.1563700000000001,1.15615,1.15634
1786128300000,1.15635,1.15656,1.15631,1.15644
1786129200000,1.15645,1.1567500000000002,1.15633,1.1563800000000002
1786130100000,1.15635,1.1569500000000001,1.15633,1.1569
1786131000000,1.1569,1.15694,1.15653,1.15653
1786131900000,1.15654,1.1566299999999998,1.15603,1.1561
1786132800000,1.1561,1.15612,1.15581,1.15584
1786133700000,1.15584,1.15585,1.15554,1.15561
1786134600000,1.1556,1.15587,1.1555,1.15573
1786135500000,1.15574,1.15595,1.15558,1.15577
1786309200000,1.15622,1.15622,1.15591,1.15619
1786310100000,1.15638,1.1564,1.15599,1.1563700000000001
1786311000000,1.15621,1.15637,1.15576,1.1557899999999999
1786311900000,1.15596,1.15598,1.15575,1.15595
1786312800000,1.15599,1.15611,1.15551,1.15557
1786313700000,1.1555799999999998,1.15564,1.15542,1.15543
1786314600000,1.15544,1.15565,1.15543,1.15559
1786315500000,1.1555900000000001,1.15564,1.15545,1.1554900000000001
1786316400000,1.1555,1.15574,1.15549,1.15571
1786317300000,1.15571,1.15576,1.15563,1.15567
1786318200000,1.15567,1.15571,1.15537,1.1557
1786319100000,1.15569,1.1557600000000001,1.15548,1.15548
1786320000000,1.15549,1.1558499999999998,1.15549,1.1558
1786320900000,1.15579,1.1558,1.15544,1.15551
1786321800000,1.15551,1.15555,1.15537,1.15538
1786322700000,1.15538,1.1558300000000001,1.15534,1.15575
1786323600000,1.15575,1.15584,1.1552,1.15543
1786324500000,1.1554399999999998,1.1556,1.15532,1.1553799999999999
1786325400000,1.15538,1.15543,1.15514,1.15534
1786326300000,1.1553099999999998,1.15547,1.15522,1.1553399999999998
1786327200000,1.1553399999999998,1.15543,1.15522,1.1553
1786328100000,1.1553,1.15544,1.15521,1.15535
1786329000000,1.1553499999999999,1.1554499999999999,1.15515,1.15515
1786329900000,1.15516,1.15523,1.15503,1.1551
1786330800000,1.1550900000000002,1.15513,1.15487,1.15503
1786331700000,1.15502,1.15523,1.15492,1.15505
1786332600000,1.15506,1.15507,1.15482,1.15488
1786333500000,1.15489,1.155,1.15483,1.15484
1786334400000,1.1548500000000002,1.15491,1.15474,1.1548900000000002
1786335300000,1.1548800000000001,1.1549500000000001,1.1548,1.15491
1786336200000,1.15488,1.15495,1.15478,1.1549399999999999
1786337100000,1.15495,1.1552,1.15495,1.15509
1786338000000,1.15511,1.1552600000000002,1.15494,1.15504
1786338900000,1.15505,1.15513,1.15499,1.1550799999999999
1786339800000,1.15509,1.15527,1.15497,1.1551
1786340700000,1.15509,1.15557,1.15509,1.15541
1786341600000,1.15539,1.15544,1.15519,1.15534
1786342500000,1.15534,1.15569,1.15531,1.15554
1786343400000,1.15553,1.15557,1.15533,1.1554
1786344300000,1.1554000000000002,1.1554900000000001,1.15518,1.15544
1786345200000,1.1554499999999999,1.1555399999999998,1.15515,1.1553
1786346100000,1.1553,1.15573,1.15527,1.15555
1786347000000,1.15554,1.1562599999999998,1.15549,1.1562599999999998
1786347900000,1.15621,1.15649,1.15578,1.15604
1786348800000,1.1560300000000001,1.1564800000000002,1.15589,1.15645
1786349700000,1.1564699999999999,1.15651,1.15628,1.15641
1786350600000,1.15643,1.1564400000000001,1.15613,1.1562100000000002
1786351500000,1.1562,1.15621,1.15601,1.15604
1786352400000,1.1560300000000001,1.15631,1.15588,1.15628
1786353300000,1.15629,1.1562999999999999,1.15604,1.15619
1786354200000,1.15618,1.1561899999999998,1.15563,1.15595
1786355100000,1.1559400000000002,1.15606,1.15562,1.1556300000000002
1786356000000,1.15562,1.15569,1.15538,1.15547
1786356900000,1.15545,1.15574,1.15544,1.1556
1786357800000,1.15561,1.1556899999999999,1.15539,1.15559
1786358700000,1.1556,1.15564,1.15543,1.15548
1786359600000,1.1555,1.15559,1.15503,1.15518
1786360500000,1.15517,1.15523,1.15495,1.15509
1786361400000,1.1550799999999999,1.1552499999999999,1.15498,1.15503
1786362300000,1.1550099999999999,1.1551799999999999,1.15485,1.1551799999999999
1786363200000,1.15517,1.15545,1.15503,1.1551
1786364100000,1.15509,1.15511,1.15462,1.1548
1786365000000,1.15479,1.15496,1.15453,1.15453
1786365900000,1.1545400000000001,1.15485,1.15446,1.15464
1786366800000,1.1546500000000002,1.15517,1.1545,1.1551500000000001
1786367700000,1.15516,1.15531,1.15489,1.1552
1786368600000,1.15521,1.15529,1.15473,1.15474
1786369500000,1.1547500000000002,1.1550200000000002,1.15433,1.15445
1786370400000,1.15444,1.15497,1.15438,1.15485
1786371300000,1.15484,1.15533,1.1547,1.15523
1786372200000,1.15522,1.15541,1.15506,1.15528
1786373100000,1.15527,1.1555,1.15493,1.15513
1786374000000,1.15512,1.15517,1.15469,1.15505
1786374900000,1.15505,1.15526,1.15459,1.1548
1786375800000,1.15481,1.1549099999999999,1.15458,1.15466
1786376700000,1.15465,1.15515,1.15462,1.15511
1786377600000,1.1551200000000001,1.1553600000000002,1.15511,1.15521
1786378500000,1.1552,1.15521,1.15484,1.1552
1786379400000,1.1552,1.15527,1.15461,1.15462
1786380300000,1.15462,1.15481,1.15445,1.15465
1786381200000,1.15465,1.15471,1.15431,1.15441
1786382100000,1.15441,1.15443,1.15405,1.1543
1786383000000,1.15433,1.1546100000000001,1.15433,1.1544
1786383900000,1.1543999999999999,1.15441,1.15414,1.1542299999999999
1786384800000,1.15424,1.15442,1.1542,1.15431
1786385700000,1.1543,1.1543100000000002,1.15406,1.15416
1786386600000,1.15415,1.15443,1.15406,1.1544
1786387500000,1.15439,1.15441,1.15395,1.15416
1786388400000,1.15415,1.1542,1.15397,1.15408
1786389300000,1.15409,1.1542400000000002,1.15399,1.1541400000000002
1786390200000,1.15418,1.15425,1.15404,1.1542
1786391100000,1.15421,1.15425,1.15404,1.15409
1786392000000,1.1541000000000001,1.1542700000000001,1.15409,1.15425
1786392900000,1.15425,1.15426,1.15409,1.1541000000000001
1786393800000,1.1541000000000001,1.15422,1.15409,1.15419
1786394700000,1.15416,1.1542100000000002,1.15413,1.15419
1786395600000,1.15397,1.15459,1.15387,1.15398
1786396500000,1.15398,1.15401,1.15397,1.154
1786397400000,1.154,1.1540499999999998,1.15393,1.15401
1786398300000,1.15401,1.15408,1.15394,1.15401
1786399200000,1.154,1.15432,1.154,1.1542
1786400100000,1.15419,1.15426,1.15416,1.15422
1786401000000,1.1542299999999999,1.15431,1.15417,1.15428
1786401900000,1.15428,1.15433,1.15426,1.15432
1786402800000,1.1543100000000002,1.15435,1.15423,1.15426
1786403700000,1.15424,1.1542899999999998,1.1542,1.1542299999999999
1786404600000,1.15423,1.1542700000000001,1.15416,1.15425
1786405500000,1.15425,1.15461,1.15425,1.15455
1786406400000,1.15457,1.15467,1.15447,1.15464
1786407300000,1.15464,1.1548,1.15457,1.1547500000000002
1786408200000,1.15475,1.15492,1.15463,1.15482
1786409100000,1.1548299999999998,1.1548399999999999,1.15454,1.15455
1786410000000,1.15456,1.1546699999999999,1.15424,1.1546699999999999
1786410900000,1.15467,1.1548600000000002,1.15464,1.1547800000000001
1786411800000,1.15479,1.15492,1.15458,1.15458
1786412700000,1.15456,1.1548100000000001,1.15456,1.15456
1786413600000,1.1545599999999998,1.1545699999999999,1.15427,1.15442
1786414500000,1.15442,1.15443,1.15399,1.15405
1786415400000,1.15405,1.15417,1.15401,1.1541
1786416300000,1.15411,1.15412,1.15382,1.1539300000000001
1786417200000,1.15394,1.15417,1.1539,1.15415
1786418100000,1.15416,1.15439,1.15412,1.15438
1786419000000,1.15437,1.15444,1.15427,1.15428
1786419900000,1.15428,1.15429,1.15414,1.1542299999999999
1786420800000,1.15424,1.15435,1.15421,1.1543299999999999
1786421700000,1.15432,1.15443,1.15432,1.1544
1786422600000,1.15441,1.15448,1.15398,1.15405
1786423500000,1.15404,1.1542599999999998,1.15387,1.15422
1786424400000,1.15423,1.15423,1.15399,1.1540400000000002
1786425300000,1.15403,1.15408,1.15393,1.15407
1786426200000,1.1540599999999999,1.1542299999999999,1.15393,1.1542
1786427100000,1.15421,1.15421,1.15382,1.15405
1786428000000,1.15407,1.15429,1.15395,1.15398
1786428900000,1.1539700000000002,1.15405,1.15338,1.15362
1786429800000,1.15361,1.15374,1.15324,1.1536
1786430700000,1.1535900000000001,1.15364,1.15334,1.15364
1786431600000,1.15365,1.15395,1.15364,1.15379
1786432500000,1.15378,1.15382,1.15348,1.1537000000000002
1786433400000,1.15369,1.1538000000000002,1.15321,1.1532200000000001
1786434300000,1.15321,1.15345,1.15311,1.15314
1786435200000,1.1531300000000002,1.1533600000000002,1.15308,1.15321
1786436100000,1.1532200000000001,1.15337,1.15318,1.1533600000000002
1786437000000,1.15336,1.15382,1.15334,1.15375
1786437900000,1.15372,1.15376,1.15347,1.15357
1786438800000,1.1535900000000001,1.1535900000000001,1.15331,1.1533600000000002
1786439700000,1.15337,1.1534600000000002,1.15324,1.1533200000000001
1786440600000,1.15333,1.15341,1.15324,1.15336
1786441500000,1.15335,1.15367,1.15334,1.1536600000000001
1786442400000,1.15365,1.15378,1.15338,1.15354
1786443300000,1.15355,1.15375,1.15328,1.15361
1786444200000,1.1536,1.1537899999999999,1.15349,1.1535499999999999
1786445100000,1.15354,1.1536000000000002,1.15338,1.1535900000000001
1786446000000,1.15358,1.15431,1.1534,1.15411
1786446900000,1.15412,1.15414,1.15378,1.15385
1786447800000,1.15385,1.1539000000000001,1.15355,1.15357
1786448700000,1.15357,1.15371,1.15344,1.1535900000000001
1786449600000,1.15359,1.15397,1.1535,1.15372
1786450500000,1.15371,1.15388,1.15333,1.15363
1786451400000,1.1536499999999998,1.1541199999999998,1.15359,1.154
1786452300000,1.15401,1.15436,1.15395,1.15409
1786453200000,1.15408,1.15445,1.15408,1.15412
1786454100000,1.15413,1.1544400000000001,1.15402,1.1541000000000001
1786455000000,1.15409,1.1544100000000002,1.15386,1.1544
1786455900000,1.15441,1.15479,1.15431,1.15434
1786456800000,1.15434,1.15436,1.15384,1.1541
1786457700000,1.15409,1.15422,1.15372,1.1538700000000002
1786458600000,1.15386,1.1542100000000002,1.15379,1.15418
1786459500000,1.1541700000000001,1.15424,1.15395,1.15421
1786460400000,1.15422,1.15442,1.15369,1.15369
1786461300000,1.1536799999999998,1.1540499999999998,1.15359,1.1539799999999998
1786462200000,1.15397,1.1540599999999999,1.1536,1.15375
1786463100000,1.15374,1.1542999999999999,1.15373,1.15424
1786464000000,1.15425,1.15431,1.15392,1.15405
1786464900000,1.1540400000000002,1.1541100000000002,1.15386,1.15409
1786465800000,1.1540700000000002,1.15422,1.15402,1.15408
1786466700000,1.15405,1.1541000000000001,1.15386,1.15389
1786467600000,1.1539,1.1539599999999999,1.15349,1.1535
1786468500000,1.15349,1.15373,1.15337,1.15347
1786469400000,1.15347,1.1537300000000001,1.15341,1.15369
1786470300000,1.1536799999999998,1.15384,1.15366,1.15374
1786471200000,1.1537300000000001,1.15378,1.15355,1.1536000000000002
1786472100000,1.15359,1.15367,1.15349,1.15363
1786473000000,1.15364,1.1541,1.15359,1.15404
1786473900000,1.15405,1.1541700000000001,1.15389,1.15399
1786474800000,1.1540300000000001,1.15419,1.15396,1.15413
1786475700000,1.15414,1.15419,1.15394,1.15419
1786476600000,1.15418,1.1542299999999999,1.15411,1.15415
1786477500000,1.15414,1.15424,1.1541,1.1542299999999999
1786478400000,1.15422,1.15431,1.15415,1.15417
1786479300000,1.15418,1.15418,1.15402,1.15408
1786480200000,1.15408,1.15409,1.15388,1.1539
1786481100000,1.15391,1.15425,1.15388,1.15421
1786482000000,1.15401,1.15401,1.15384,1.15391
1786482900000,1.15391,1.1539300000000001,1.15371,1.15386
1786483800000,1.15387,1.15394,1.1538,1.1539
1786484700000,1.15394,1.15398,1.15383,1.1538599999999999
1786485600000,1.15386,1.15425,1.15386,1.15419
1786486500000,1.15419,1.15424,1.15415,1.15423
1786487400000,1.15424,1.15425,1.15408,1.15417
1786488300000,1.15416,1.15429,1.15415,1.15429
1786489200000,1.15431,1.15431,1.15418,1.15418
1786490100000,1.1542000000000001,1.15425,1.15412,1.15412
1786491000000,1.1541299999999999,1.15428,1.15407,1.15427
1786491900000,1.1542400000000002,1.1543100000000002,1.15416,1.1543
1786492800000,1.15432,1.15441,1.15417,1.15432
1786493700000,1.1542999999999999,1.15441,1.15428,1.15435
1786494600000,1.15434,1.15437,1.1542,1.15421
1786495500000,1.15421,1.1542299999999999,1.1539,1.1540199999999998
1786496400000,1.15401,1.15403,1.1536,1.1537199999999999
1786497300000,1.15372,1.15381,1.15362,1.15378
1786498200000,1.15379,1.15392,1.15369,1.15392
1786499100000,1.1539199999999998,1.15398,1.15373,1.15378
1786500000000,1.1537700000000002,1.15379,1.15362,1.15362
1786500900000,1.15363,1.1536499999999998,1.15346,1.15363
1786501800000,1.15363,1.15395,1.15363,1.15383
1786502700000,1.15382,1.1538599999999999,1.15367,1.15378
1786503600000,1.15378,1.1538,1.15364,1.15368
1786504500000,1.15367,1.1537300000000001,1.15358,1.1536
1786505400000,1.1535900000000001,1.1537000000000002,1.15355,1.15355
1786506300000,1.15355,1.15356,1.15344,1.15347
1786507200000,1.15347,1.15358,1.15337,1.1534
1786508100000,1.1533900000000001,1.1534200000000001,1.15324,1.1533200000000001
1786509000000,1.15333,1.15357,1.15333,1.15353
1786509900000,1.1535199999999999,1.15359,1.15343,1.15353
1786510800000,1.15352,1.15352,1.15328,1.15328
1786511700000,1.15327,1.15329,1.15316,1.1532799999999999
1786512600000,1.1532900000000001,1.1534600000000002,1.15328,1.15337
1786513500000,1.15336,1.1534099999999998,1.15322,1.15332
1786514400000,1.1533200000000001,1.1535000000000002,1.15328,1.15345
1786515300000,1.1534499999999999,1.15354,1.15339,1.15349
1786516200000,1.15348,1.1535600000000001,1.15334,1.15343
1786517100000,1.1534200000000001,1.1536700000000002,1.15335,1.1536600000000001
1786518000000,1.15367,1.15387,1.15354,1.15377
1786518900000,1.15376,1.1538899999999999,1.15366,1.15366
1786519800000,1.1536600000000001,1.15384,1.15365,1.15368
1786520700000,1.15367,1.15378,1.15353,1.15368
1786521600000,1.1536899999999999,1.1537,1.1534,1.15363
1786522500000,1.1536199999999999,1.15391,1.15353,1.15373
1786523400000,1.1537099999999998,1.1539499999999998,1.15359,1.1539499999999998
1786524300000,1.15394,1.15394,1.15361,1.1536600000000001
1786525200000,1.15367,1.1540599999999999,1.15363,1.1540599999999999
1786526100000,1.1540700000000002,1.15494,1.15396,1.15422
1786527000000,1.15423,1.15441,1.15378,1.1538
1786527900000,1.1537899999999999,1.1539599999999999,1.15343,1.1535499999999999
1786528800000,1.15354,1.15383,1.15347,1.15356
1786529700000,1.15355,1.15385,1.15351,1.1537300000000001
1786530600000,1.15373,1.15374,1.15353,1.1536499999999998
1786531500000,1.15364,1.15376,1.15319,1.15344
1786532400000,1.15343,1.15365,1.15334,1.1533900000000001
1786533300000,1.1534,1.15386,1.15338,1.1538300000000001
1786534200000,1.15384,1.15401,1.15375,1.1540000000000001
1786535100000,1.15401,1.15449,1.154,1.1542899999999998
1786536000000,1.15431,1.15452,1.15417,1.15445
1786536900000,1.15444,1.15475,1.15407,1.1544299999999998
1786537800000,1.15443,1.15613,1.15325,1.1557400000000002
1786538700000,1.15574,1.1559300000000001,1.15511,1.15589
1786539600000,1.1559199999999998,1.1562299999999999,1.15498,1.15499
1786540500000,1.155,1.1555300000000002,1.15487,1.15538
1786541400000,1.1553900000000001,1.1556,1.15456,1.15462
1786542300000,1.1545999999999998,1.15529,1.15454,1.15516
1786543200000,1.1551799999999999,1.1553399999999998,1.15488,1.15495
1786544100000,1.15496,1.15539,1.15475,1.15483
1786545000000,1.1548100000000001,1.15506,1.15426,1.15443
1786545900000,1.15444,1.15468,1.15384,1.15425
1786546800000,1.15424,1.15434,1.15377,1.15418
1786547700000,1.15419,1.1542000000000001,1.15385,1.15391
1786548600000,1.1539,1.154,1.15354,1.15363
1786549500000,1.15364,1.15397,1.15347,1.15389
1786550400000,1.1539,1.1539599999999999,1.15329,1.15353
1786551300000,1.15354,1.15354,1.1531,1.15312
1786552200000,1.1531099999999999,1.1531699999999998,1.15278,1.15295
1786553100000,1.15295,1.153,1.15241,1.15276
1786554000000,1.1527500000000002,1.15301,1.15274,1.1527500000000002
1786554900000,1.15274,1.1527800000000001,1.15257,1.15273
1786555800000,1.1527399999999999,1.15282,1.15218,1.1522
1786556700000,1.1522,1.15246,1.15208,1.1521
1786557600000,1.1520899999999998,1.1524899999999998,1.15193,1.1523899999999998
1786558500000,1.1523800000000002,1.15264,1.15233,1.15243
1786559400000,1.15241,1.15245,1.15225,1.1523
1786560300000,1.15232,1.15236,1.15194,1.15205
1786561200000,1.15206,1.15226,1.15201,1.1522
1786562100000,1.15221,1.15241,1.15214,1.15215
1786563000000,1.15216,1.15225,1.15205,1.1522000000000001
1786563900000,1.15221,1.15224,1.15193,1.1521899999999998
1786564800000,1.1521800000000002,1.15236,1.15213,1.15216
1786565700000,1.15215,1.15223,1.15209,1.1522000000000001
1786566600000,1.1521899999999998,1.15239,1.15217,1.15239
1786567500000,1.15238,1.15255,1.15231,1.1524299999999998
1786568400000,1.15224,1.15252,1.15187,1.152
1786569300000,1.1520000000000001,1.15208,1.15199,1.15201
1786570200000,1.15202,1.15212,1.15195,1.1521000000000001
1786571100000,1.1519899999999998,1.1521,1.15197,1.1520299999999999
1786572000000,1.15203,1.15246,1.15203,1.15242
1786572900000,1.15242,1.15246,1.15238,1.15243
1786573800000,1.15243,1.15251,1.15242,1.15251
1786574700000,1.1525,1.15262,1.15249,1.15261
1786575600000,1.1526200000000002,1.15267,1.15257,1.1526200000000002
1786576500000,1.15262,1.15269,1.15261,1.1526399999999999
1786577400000,1.15264,1.15267,1.15257,1.15263
1786578300000,1.15264,1.15274,1.15257,1.1527200000000002
1786579200000,1.15277,1.15296,1.15272,1.15278
1786580100000,1.15279,1.15294,1.15277,1.15289
1786581000000,1.1529,1.15308,1.1529,1.15299
1786581900000,1.15298,1.15298,1.15259,1.15283
1786582800000,1.15283,1.15291,1.15266,1.15282
1786583700000,1.15282,1.15297,1.15282,1.1529
1786584600000,1.1528800000000001,1.1530500000000001,1.15274,1.1527500000000002
1786585500000,1.1527200000000002,1.15274,1.1523,1.15242
1786586400000,1.15242,1.1525,1.15232,1.15234
1786587300000,1.15235,1.15235,1.15211,1.15212
1786588200000,1.1521299999999999,1.15221,1.15193,1.1521199999999998
1786589100000,1.15212,1.15219,1.15204,1.1521299999999999
1786590000000,1.15214,1.15236,1.15202,1.1521700000000001
1786590900000,1.15216,1.1521700000000001,1.15196,1.15212
1786591800000,1.1521299999999999,1.15227,1.1521,1.15224
1786592700000,1.15225,1.15225,1.1521,1.1522
1786593600000,1.15219,1.15219,1.15201,1.15205
1786594500000,1.15204,1.1521,1.15194,1.1521
1786595400000,1.1521000000000001,1.15214,1.15205,1.15209
1786596300000,1.15208,1.1526399999999999,1.15208,1.15253
1786597200000,1.15254,1.15258,1.15242,1.15253
1786598100000,1.15252,1.1526500000000002,1.1525,1.15259
1786599000000,1.1525999999999998,1.1525999999999998,1.15234,1.15235
1786599900000,1.1523599999999998,1.15251,1.15227,1.15244
1786600800000,1.1524699999999999,1.15255,1.15197,1.152
1786601700000,1.1520000000000001,1.15218,1.15168,1.15175
1786602600000,1.15176,1.15176,1.15112,1.15159
1786603500000,1.1516,1.15178,1.15151,1.1517600000000001
1786604400000,1.15176,1.15193,1.15164,1.15174
1786605300000,1.15175,1.15213,1.15171,1.1521
1786606200000,1.1521,1.15245,1.15197,1.15245
1786607100000,1.15244,1.15272,1.15237,1.15251
1786608000000,1.15252,1.1525999999999998,1.15221,1.1524999999999999
1786608900000,1.15249,1.1524999999999999,1.15231,1.15244
1786609800000,1.1524299999999998,1.15269,1.15241,1.15263
1786610700000,1.15262,1.1528,1.15233,1.15235
1786611600000,1.15236,1.1527500000000002,1.15226,1.15274
1786612500000,1.1527399999999999,1.15315,1.15271,1.1530699999999998
1786613400000,1.15306,1.15321,1.15294,1.1530900000000002
1786614300000,1.15308,1.15341,1.15301,1.1533900000000001
1786615200000,1.1533799999999998,1.15358,1.15336,1.15343
1786616100000,1.15344,1.15368,1.15333,1.15368
1786617000000,1.15368,1.1538,1.15363,1.1536499999999998
1786617900000,1.15364,1.15367,1.15341,1.15353
1786618800000,1.1535600000000001,1.15381,1.15341,1.1538
1786619700000,1.1538,1.15381,1.15353,1.15371
1786620600000,1.15369,1.15371,1.15348,1.15352
1786621500000,1.15352,1.15362,1.1532,1.15335
1786622400000,1.15336,1.15343,1.15319,1.1532099999999998
1786623300000,1.15322,1.15322,1.15296,1.15306
1786624200000,1.1531099999999999,1.15337,1.15251,1.1530699999999998
1786625100000,1.15306,1.15438,1.15306,1.15433
1786626000000,1.15435,1.1544699999999999,1.15373,1.1539199999999998
1786626900000,1.1539300000000001,1.15413,1.15341,1.15345
1786627800000,1.15346,1.15357,1.153,1.15337
1786628700000,1.1533600000000002,1.15357,1.15301,1.15338
1786629600000,1.15339,1.15412,1.15309,1.1540899999999998
1786630500000,1.1541,1.15449,1.1538,1.1538
1786631400000,1.15381,1.15415,1.15364,1.15398
1786632300000,1.1539899999999998,1.1544599999999998,1.15383,1.1543299999999999
1786633200000,1.1543400000000001,1.15449,1.15372,1.15375
1786634100000,1.15374,1.15379,1.15321,1.1533200000000001
1786635000000,1.15331,1.15359,1.1532,1.15324
1786635900000,1.1532499999999999,1.15343,1.15296,1.15301
1786636800000,1.15302,1.15323,1.15273,1.15282
1786637700000,1.15281,1.15287,1.15238,1.15258
1786638600000,1.15259,1.1528900000000002,1.15247,1.15283
1786639500000,1.15284,1.15299,1.15283,1.15289
1786640400000,1.1528999999999998,1.15309,1.15271,1.15271
1786641300000,1.15273,1.15285,1.15252,1.15259
1786642200000,1.1526,1.15289,1.15256,1.1528800000000001
1786643100000,1.15289,1.15289,1.15272,1.1527399999999999
1786644000000,1.15273,1.15317,1.15259,1.15309
1786644900000,1.1530799999999999,1.15309,1.15278,1.15286
1786645800000,1.1528500000000002,1.1530200000000002,1.15277,1.15294
1786646700000,1.15293,1.153,1.15283,1.15284
1786647600000,1.15286,1.153,1.15283,1.15295
1786648500000,1.15294,1.15309,1.15293,1.15307
1786649400000,1.15308,1.15308,1.15274,1.1527800000000001
1786650300000,1.15279,1.1528800000000001,1.1527,1.1528100000000001
1786651200000,1.1528200000000002,1.1528800000000001,1.15257,1.15266
1786652100000,1.15265,1.1527699999999999,1.15261,1.1527699999999999
1786653000000,1.15276,1.1528,1.15266,1.15273
1786653900000,1.1527500000000002,1.1529500000000001,1.15274,1.15286
1786654800000,1.1526200000000002,1.15264,1.1523,1.1525
1786655700000,1.1524800000000002,1.1528,1.15247,1.1528
1786656600000,1.15279,1.15308,1.1527,1.1527
1786657500000,1.1527500000000002,1.15276,1.1526,1.15264
1786658400000,1.15267,1.1530200000000002,1.15267,1.1528500000000002
1786659300000,1.15286,1.1530799999999999,1.15285,1.15302
1786660200000,1.1530399999999998,1.1530999999999998,1.15298,1.1530999999999998
1786661100000,1.15309,1.15313,1.15305,1.1531
1786662000000,1.15309,1.15329,1.15309,1.15324
1786662900000,1.1532300000000002,1.15324,1.15318,1.1531900000000002
1786663800000,1.15319,1.15332,1.15319,1.1532799999999999
1786664700000,1.1532900000000001,1.15338,1.15328,1.1533300000000002
1786665600000,1.15333,1.15353,1.15329,1.15342
1786666500000,1.15343,1.15367,1.15341,1.15362
1786667400000,1.1536199999999999,1.1537199999999999,1.15356,1.15361
1786668300000,1.15362,1.15386,1.15354,1.15377
1786669200000,1.15375,1.1537600000000001,1.15328,1.1532900000000001
1786670100000,1.1533,1.15349,1.15315,1.15333
1786671000000,1.15332,1.15374,1.15329,1.1535799999999998
1786671900000,1.1535900000000001,1.15368,1.15334,1.15334
1786672800000,1.15335,1.1535600000000001,1.15334,1.15354
1786673700000,1.1535499999999999,1.15364,1.15343,1.15354
1786674600000,1.1535300000000002,1.15368,1.15352,1.1536600000000001
1786675500000,1.15366,1.15367,1.1533,1.15337
1786676400000,1.15337,1.15351,1.15333,1.15348
1786677300000,1.15348,1.15387,1.15347,1.15376
1786678200000,1.15375,1.15379,1.15364,1.15368
1786679100000,1.15367,1.15371,1.15355,1.15365
1786680000000,1.15365,1.15398,1.15364,1.15388
1786680900000,1.15389,1.1539300000000001,1.15362,1.15365
1786681800000,1.15364,1.15391,1.15362,1.15378
1786682700000,1.15379,1.15393,1.15374,1.15382
1786683600000,1.1538300000000001,1.15395,1.15378,1.15394
1786684500000,1.1539300000000001,1.15407,1.15388,1.15404
1786685400000,1.15405,1.1542400000000002,1.15396,1.1540300000000001
1786686300000,1.1540300000000001,1.15412,1.15398,1.15412
1786687200000,1.15413,1.15435,1.15402,1.1540700000000002
1786688100000,1.15406,1.15411,1.15382,1.15392
1786689000000,1.1539300000000001,1.15423,1.15392,1.15421
1786689900000,1.15422,1.1543999999999999,1.15404,1.15439
1786690800000,1.1544100000000002,1.15466,1.15426,1.15447
1786691700000,1.15446,1.15469,1.15436,1.1545400000000001
1786692600000,1.15455,1.15485,1.15442,1.15477
1786693500000,1.1547800000000001,1.15507,1.15477,1.15504
1786694400000,1.15503,1.1554900000000001,1.155,1.15534
1786695300000,1.1553499999999999,1.15537,1.15499,1.15524
1786696200000,1.15525,1.15571,1.15501,1.1554
1786697100000,1.1553900000000001,1.15553,1.15517,1.15553
1786698000000,1.15547,1.15564,1.15537,1.15543
1786698900000,1.15542,1.15551,1.1553,1.15532
1786699800000,1.15533,1.15546,1.15505,1.15516
1786700700000,1.15519,1.15543,1.15507,1.1554200000000001
1786701600000,1.15537,1.15549,1.15515,1.1553799999999999
1786702500000,1.1553900000000001,1.15547,1.15524,1.15528
1786703400000,1.15527,1.15546,1.15523,1.15546
1786704300000,1.15547,1.1555700000000002,1.15535,1.15551
1786705200000,1.15552,1.1558300000000001,1.15551,1.1558300000000001
1786706100000,1.15584,1.15634,1.15581,1.15621
1786707000000,1.15623,1.15713,1.15616,1.15687
1786707900000,1.15686,1.15698,1.15645,1.15648
1786708800000,1.15655,1.1570500000000001,1.15622,1.15636
1786709700000,1.15634,1.1571099999999999,1.15634,1.15695
1786710600000,1.15696,1.15782,1.15655,1.15656
1786711500000,1.15655,1.1569399999999999,1.15631,1.15655
1786712400000,1.15656,1.15663,1.15615,1.15626
1786713300000,1.15627,1.15689,1.15617,1.15671
1786714200000,1.15672,1.1582,1.15661,1.1581
1786715100000,1.15809,1.1584100000000002,1.15755,1.15799
1786716000000,1.15798,1.15839,1.15772,1.1578700000000002
1786716900000,1.15786,1.15848,1.15766,1.1582899999999998
1786717800000,1.15832,1.15836,1.15775,1.15818
1786718700000,1.1581599999999999,1.15817,1.15776,1.1580199999999998
1786719600000,1.1580300000000001,1.1584100000000002,1.15796,1.1580300000000001
1786720500000,1.15804,1.15823,1.15765,1.15805
1786721400000,1.1580700000000002,1.15846,1.15796,1.1581000000000001
1786722300000,1.15809,1.15846,1.15791,1.15797
1786723200000,1.15801,1.1581299999999999,1.15756,1.15761
1786724100000,1.15759,1.1579599999999999,1.1575,1.1575
1786725000000,1.15751,1.15778,1.15731,1.1573600000000002
1786725900000,1.15738,1.15743,1.15696,1.15706
1786726800000,1.15705,1.1570699999999998,1.15654,1.15665
1786727700000,1.1566500000000002,1.15674,1.15633,1.15647
1786728600000,1.15646,1.15656,1.15631,1.15632
1786729500000,1.1563100000000002,1.15642,1.15623,1.15642
1786730400000,1.15643,1.15654,1.15628,1.15628
1786731300000,1.1562700000000001,1.1566100000000001,1.15626,1.1565800000000002
1786732200000,1.15659,1.15659,1.15639,1.15649
1786733100000,1.1564999999999999,1.15664,1.15641,1.15649
1786734000000,1.15653,1.15675,1.15639,1.15666
1786734900000,1.1566699999999999,1.15685,1.15658,1.15675
1786735800000,1.1567399999999999,1.15685,1.15648,1.15658
1786736700000,1.15659,1.15681,1.15654,1.15678
1786737600000,1.15679,1.15688,1.15669,1.15674
1786738500000,1.15675,1.15688,1.15668,1.1568399999999999
1786739400000,1.15685,1.15693,1.15666,1.15669
1786740300000,1.1566800000000002,1.15697,1.15663,1.15697
1786914000000,1.15622,1.15625,1.15598,1.15625
1786914900000,1.15627,1.15627,1.15597,1.15619
1786915800000,1.15618,1.15619,1.15615,1.15615
1786916700000,1.15615,1.15627,1.15594,1.1562299999999999
1786917600000,1.1562700000000001,1.15674,1.15622,1.15659
1786918500000,1.1565800000000002,1.1568900000000002,1.15657,1.15687
1786919400000,1.15687,1.1571500000000001,1.15687,1.1571
1786920300000,1.15709,1.15747,1.15706,1.15742
1786921200000,1.15741,1.15748,1.15737,1.1574200000000001
1786922100000,1.15743,1.15743,1.15736,1.1573799999999999
1786923000000,1.15737,1.15745,1.1573,1.15742
1786923900000,1.15741,1.1575199999999999,1.15719,1.1573099999999998
1786924800000,1.15731,1.1579300000000001,1.15731,1.15791
1786925700000,1.15789,1.1580000000000001,1.15775,1.1579000000000002
1786926600000,1.1579,1.1580300000000001,1.15778,1.1578600000000001
1786927500000,1.15785,1.158,1.15777,1.15795
1786928400000,1.1579700000000002,1.1580300000000001,1.15775,1.1579000000000002
1786929300000,1.1579,1.15824,1.1578,1.15814
1786930200000,1.15813,1.15819,1.15775,1.15818
1786931100000,1.15816,1.1583,1.15812,1.15829
1786932000000,1.15829,1.15836,1.15811,1.15825
1786932900000,1.1582599999999998,1.15838,1.15814,1.15836
1786933800000,1.15837,1.15838,1.15798,1.15806
1786934700000,1.15802,1.15811,1.15784,1.15791
1786935600000,1.15792,1.15798,1.15779,1.1578600000000001
1786936500000,1.15787,1.1580000000000001,1.15785,1.15792
1786937400000,1.1579300000000001,1.15799,1.15779,1.1579300000000001
1786938300000,1.1579199999999998,1.15831,1.1579,1.1582999999999999
1786939200000,1.15831,1.15875,1.15821,1.15866
1786940100000,1.15865,1.15868,1.15848,1.15861
1786941000000,1.1586100000000001,1.15866,1.15847,1.1586
1786941900000,1.15861,1.15866,1.15838,1.15842
1786942800000,1.15841,1.15854,1.1582,1.15827
1786943700000,1.15826,1.15868,1.15825,1.15865
1786944600000,1.15866,1.15873,1.15845,1.15866
1786945500000,1.15867,1.15887,1.15859,1.15867
1786946400000,1.1586800000000002,1.1588900000000002,1.1583,1.15843
1786947300000,1.15842,1.15917,1.15841,1.15916
1786948200000,1.15913,1.15917,1.15874,1.1590200000000002
1786949100000,1.1590399999999998,1.1596199999999999,1.15902,1.1595199999999999
1786950000000,1.15951,1.15972,1.15921,1.1596600000000001
1786950900000,1.1596700000000002,1.16059,1.15962,1.1605800000000002
1786951800000,1.1605699999999999,1.1611399999999998,1.16054,1.1608399999999999
1786952700000,1.16082,1.16089,1.16051,1.1605999999999999
1786953600000,1.16059,1.1607100000000001,1.16033,1.16057
1786954500000,1.16056,1.16135,1.16056,1.16134
1786955400000,1.1613499999999999,1.1613499999999999,1.16047,1.1604999999999999
1786956300000,1.16051,1.1606299999999998,1.15949,1.1598199999999999
1786957200000,1.15984,1.16003,1.15966,1.1598199999999999
1786958100000,1.15982,1.16018,1.15978,1.16011
1786959000000,1.1601,1.1601899999999998,1.15983,1.1599499999999998
1786959900000,1.15994,1.16004,1.15954,1.15963
1786960800000,1.15964,1.15964,1.1592,1.15943
1786961700000,1.1594099999999998,1.1597499999999998,1.15932,1.1596799999999998
1786962600000,1.1597000000000002,1.15979,1.15908,1.15921
1786963500000,1.1592200000000001,1.1593,1.1589,1.15899
1786964400000,1.159,1.1594799999999998,1.15895,1.1590099999999999
1786965300000,1.1590200000000002,1.15906,1.1587,1.15897
1786966200000,1.15895,1.15913,1.15881,1.1588299999999998
1786967100000,1.1588200000000002,1.1592300000000002,1.15874,1.15918
1786968000000,1.15917,1.15958,1.1591,1.1592
1786968900000,1.1592099999999999,1.15953,1.15865,1.1590099999999999
1786969800000,1.15901,1.1593900000000001,1.15884,1.1593600000000002
1786970700000,1.15934,1.1597199999999999,1.15902,1.1597
1786971600000,1.15973,1.15992,1.1595,1.1595199999999999
1786972500000,1.1595099999999998,1.15987,1.15942,1.15953
1786973400000,1.1595199999999999,1.15987,1.15899,1.159
1786974300000,1.1590099999999999,1.15947,1.15872,1.15941
1786975200000,1.1594200000000001,1.15963,1.1592,1.15957
1786976100000,1.1595799999999998,1.15987,1.15905,1.15926
1786977000000,1.15925,1.15933,1.15864,1.15882
1786977900000,1.1588100000000001,1.15902,1.15856,1.15862
1786978800000,1.1586299999999998,1.1586599999999998,1.15827,1.15842
1786979700000,1.15843,1.15852,1.15813,1.15843
1786980600000,1.15842,1.15857,1.15813,1.15815
1786981500000,1.1581700000000001,1.1589500000000001,1.15812,1.1589500000000001
1786982400000,1.15896,1.15896,1.15846,1.15866
1786983300000,1.15865,1.1590099999999999,1.15865,1.15879
1786984200000,1.1588,1.15913,1.15877,1.15906
1786985100000,1.15907,1.15907,1.15875,1.1587699999999999
1786986000000,1.1587800000000001,1.15891,1.15857,1.1585800000000002
1786986900000,1.1585699999999999,1.1585999999999999,1.1582,1.1583999999999999
1786987800000,1.15841,1.15848,1.15756,1.15791
1786988700000,1.15793,1.15803,1.15764,1.15766
1786989600000,1.15767,1.15778,1.15748,1.15771
1786990500000,1.15773,1.1577899999999999,1.15725,1.1573799999999999
1786991400000,1.15735,1.1573600000000002,1.15704,1.15716
1786992300000,1.15715,1.15733,1.15706,1.1572
1786993200000,1.15727,1.15765,1.15717,1.15763
1786994100000,1.15764,1.1578700000000002,1.15762,1.1578400000000002
1786995000000,1.15786,1.1579899999999999,1.15766,1.15797
1786995900000,1.15798,1.15798,1.15767,1.15783
1786996800000,1.15781,1.15792,1.1577,1.15771
1786997700000,1.1577199999999999,1.15783,1.1577,1.15771
1786998600000,1.1577,1.15783,1.15766,1.1577799999999998
1786999500000,1.15777,1.1579,1.15774,1.1579
1787000400000,1.1576899999999999,1.15826,1.15757,1.15768
1787001300000,1.15777,1.1579499999999998,1.15759,1.1576099999999998
1787002200000,1.1576499999999998,1.15776,1.15759,1.15767
1787003100000,1.1577,1.15778,1.1576,1.15764
1787004000000,1.15767,1.15791,1.15767,1.1578
1787004900000,1.15781,1.1579599999999999,1.1577,1.15792
1787005800000,1.1579199999999998,1.15793,1.15776,1.15783
1787006700000,1.15784,1.15788,1.15777,1.15781
1787007600000,1.15782,1.15798,1.15777,1.15795
1787008500000,1.15796,1.15806,1.15792,1.15806
1787009400000,1.15805,1.15825,1.15802,1.15822
1787010300000,1.15823,1.1583100000000002,1.15816,1.15822
1787011200000,1.15823,1.1584400000000001,1.15813,1.1582100000000002
1787012100000,1.15819,1.15828,1.15789,1.1579300000000001
1787013000000,1.15792,1.15814,1.15771,1.15806
1787013900000,1.15804,1.15822,1.1579,1.1581899999999998
1787014800000,1.1582,1.15852,1.15808,1.15848
1787015700000,1.1584699999999999,1.1584699999999999,1.1579,1.15812
1787016600000,1.15812,1.15837,1.15804,1.15807
1787017500000,1.15805,1.15809,1.15782,1.15791
1787018400000,1.1579,1.15791,1.15761,1.15763
1787019300000,1.1576199999999999,1.1577,1.15753,1.15766
1787020200000,1.1576499999999998,1.15768,1.15746,1.15761
1787021100000,1.1576,1.15798,1.1576,1.15797
1787022000000,1.1579599999999999,1.1579599999999999,1.1577,1.1577
1787022900000,1.15771,1.15771,1.15741,1.15752
1787023800000,1.1575,1.1575199999999999,1.15715,1.15723
1787024700000,1.15722,1.1573499999999999,1.15709,1.15727
1787025600000,1.1572500000000001,1.15735,1.15697,1.157
1787026500000,1.1570099999999999,1.15726,1.15692,1.1571799999999999
1787027400000,1.15717,1.15727,1.15701,1.1572300000000002
1787028300000,1.1572200000000001,1.1574300000000002,1.15708,1.1570900000000002
1787029200000,1.1571,1.15713,1.15687,1.15693
1787030100000,1.15692,1.15723,1.15688,1.1572
1787031000000,1.1572,1.15723,1.15697,1.15718
1787031900000,1.15717,1.15737,1.15716,1.15725
1787032800000,1.15726,1.15742,1.15664,1.1568999999999998
1787033700000,1.15688,1.1572099999999998,1.15682,1.15719
1787034600000,1.1571799999999999,1.15719,1.15661,1.15702
1787035500000,1.1570099999999999,1.15716,1.15675,1.15716
1787036400000,1.1571500000000001,1.15738,1.15701,1.1570200000000002
1787037300000,1.15701,1.1575600000000001,1.1569,1.15741
1787038200000,1.15742,1.15765,1.1573,1.15751
1787039100000,1.1575,1.1577,1.15729,1.15733
1787040000000,1.15732,1.1573499999999999,1.15696,1.15712
1787040900000,1.15711,1.15714,1.15686,1.15709
1787041800000,1.15708,1.1574300000000002,1.15708,1.1574300000000002
1787042700000,1.15742,1.1577,1.1574,1.15755
1787043600000,1.1575600000000001,1.1575600000000001,1.15731,1.1573600000000002
1787044500000,1.1573200000000001,1.15772,1.15721,1.15768
1787045400000,1.15767,1.15788,1.15736,1.1575499999999999
1787046300000,1.15755,1.15794,1.1575,1.15787
1787047200000,1.1578300000000001,1.15787,1.15741,1.1574200000000001
1787048100000,1.15741,1.15762,1.15734,1.15761
1787049000000,1.1576,1.15762,1.1574,1.15747
1787049900000,1.15748,1.15764,1.1574,1.15755
1787050800000,1.15756,1.1576,1.15736,1.15737
1787051700000,1.1573600000000002,1.15747,1.15721,1.15724
1787052600000,1.15723,1.15752,1.1572,1.15736
1787053500000,1.15735,1.15764,1.15724,1.1576
1787054400000,1.15761,1.15788,1.15744,1.1577
1787055300000,1.1576899999999999,1.1578799999999998,1.15732,1.15736
1787056200000,1.15735,1.15752,1.15711,1.15744
1787057100000,1.15748,1.15775,1.1573,1.1574
1787058000000,1.15738,1.15789,1.15737,1.15783
1787058900000,1.1578300000000001,1.1578700000000002,1.15735,1.1574600000000002
1787059800000,1.15745,1.15844,1.15703,1.15798
1787060700000,1.158,1.15825,1.15774,1.158
1787061600000,1.15799,1.15865,1.15798,1.15825
1787062500000,1.15826,1.15878,1.15815,1.15846
1787063400000,1.1584699999999999,1.1584699999999999,1.158,1.15841
1787064300000,1.15842,1.15877,1.15802,1.15804
1787065200000,1.15805,1.15858,1.15768,1.15768
1787066100000,1.15769,1.15809,1.15762,1.15775
1787067000000,1.15773,1.15798,1.15761,1.15785
1787067900000,1.1578300000000001,1.15812,1.15782,1.1578700000000002
1787068800000,1.1578899999999999,1.15839,1.1578,1.15827
1787069700000,1.15828,1.15851,1.15804,1.1580599999999999
1787070600000,1.15805,1.15814,1.15781,1.15813
1787071500000,1.15814,1.1582299999999999,1.1579,1.15791
1787072400000,1.15789,1.15798,1.15752,1.15758
1787073300000,1.15756,1.15776,1.1575,1.15766
1787074200000,1.15765,1.15767,1.15738,1.15758
1787075100000,1.15757,1.1576300000000002,1.15748,1.1576
1787076000000,1.1576099999999998,1.1576899999999999,1.15742,1.1576899999999999
1787076900000,1.15771,1.1578199999999998,1.15766,1.15766
1787077800000,1.15767,1.15769,1.15738,1.15738
1787078700000,1.15737,1.15757,1.15737,1.1575
1787079600000,1.1575099999999998,1.15773,1.15742,1.1576199999999999
1787080500000,1.15763,1.1576899999999999,1.15753,1.1576
1787081400000,1.15759,1.15803,1.15757,1.15783
1787082300000,1.15782,1.1578600000000001,1.15734,1.1574200000000001
1787083200000,1.15741,1.15743,1.15713,1.15724
1787084100000,1.15723,1.15728,1.15717,1.15726
1787085000000,1.15727,1.1574200000000001,1.15724,1.15734
1787085900000,1.15733,1.1576,1.15724,1.15752
1787086800000,1.15739,1.15743,1.15712,1.15742
1787087700000,1.15723,1.1576899999999999,1.15723,1.15757
1787088600000,1.15757,1.1576700000000002,1.15718,1.1573200000000001
1787089500000,1.15721,1.1572900000000002,1.15707,1.15717
1787090400000,1.15716,1.15757,1.15716,1.15739
1787091300000,1.15739,1.1575499999999999,1.15739,1.15742
1787092200000,1.15742,1.15751,1.1574,1.15744
1787093100000,1.1574499999999999,1.15761,1.15743,1.15757
1787094000000,1.15759,1.1577799999999998,1.15759,1.1576199999999999
1787094900000,1.15761,1.15766,1.1574,1.15744
1787095800000,1.15744,1.15751,1.15727,1.15735
1787096700000,1.15736,1.1575499999999999,1.15729,1.1575499999999999
1787097600000,1.15759,1.1581,1.15747,1.15799
1787098500000,1.15801,1.15811,1.15783,1.15788
1787099400000,1.1578600000000001,1.15791,1.15745,1.15748
1787100300000,1.1575000000000002,1.1577700000000002,1.15728,1.1573600000000002
1787101200000,1.1573600000000002,1.15741,1.15708,1.15718
1787102100000,1.15722,1.15733,1.15696,1.15732
1787103000000,1.15733,1.15771,1.15733,1.1576199999999999
1787103900000,1.15761,1.15771,1.15746,1.15766
1787104800000,1.15765,1.1579899999999999,1.1576,1.15785
1787105700000,1.15785,1.15846,1.15769,1.15816
1787106600000,1.15815,1.15845,1.15801,1.15841
1787107500000,1.15843,1.15866,1.15798,1.15817
1787108400000,1.15818,1.15841,1.15811,1.15838
1787109300000,1.15839,1.15842,1.15824,1.15832
1787110200000,1.15834,1.15836,1.15811,1.1582
1787111100000,1.15821,1.15828,1.15804,1.15807
1787112000000,1.15808,1.15832,1.158,1.15831
1787112900000,1.15832,1.15835,1.15825,1.15828
1787113800000,1.1583,1.15852,1.15816,1.15828
1787114700000,1.1582700000000001,1.1586100000000001,1.15823,1.15852
1787115600000,1.1585100000000002,1.1586500000000002,1.1584,1.1585800000000002
1787116500000,1.1585699999999999,1.15871,1.15851,1.15858
1787117400000,1.15858,1.15872,1.15849,1.15869
1787118300000,1.15869,1.1589,1.15858,1.1588
1787119200000,1.1588,1.1590799999999999,1.15872,1.15894
1787120100000,1.1589600000000002,1.15982,1.15891,1.15972
1787121000000,1.15973,1.15978,1.1594,1.15953
1787121900000,1.15954,1.1596700000000002,1.15935,1.1593900000000001
1787122800000,1.15943,1.15958,1.15913,1.15928
1787123700000,1.15929,1.15944,1.1591,1.1594
1787124600000,1.15942,1.15967,1.15925,1.1593399999999998
1787125500000,1.1593499999999999,1.1597199999999999,1.15933,1.1596
1787126400000,1.15961,1.1603999999999999,1.1595,1.1602999999999999
1787127300000,1.1603100000000002,1.1604700000000001,1.15965,1.15977
1787128200000,1.15978,1.16026,1.1596,1.1601599999999999
1787129100000,1.16015,1.16026,1.15965,1.15974
1787130000000,1.1597600000000001,1.16001,1.15958,1.15991
1787130900000,1.15989,1.16043,1.15979,1.16036
1787131800000,1.16034,1.1605999999999999,1.16031,1.16044
1787132700000,1.16043,1.16077,1.16039,1.16059
1787133600000,1.16058,1.1609999999999998,1.16047,1.1609099999999999
1787134500000,1.16092,1.1611,1.16079,1.16099
1787135400000,1.16098,1.16109,1.16089,1.16105
1787136300000,1.1610399999999998,1.1611399999999998,1.16051,1.16061
1787137200000,1.16063,1.1608100000000001,1.16023,1.1605100000000002
1787138100000,1.16053,1.16061,1.16038,1.16042
1787139000000,1.16041,1.16057,1.15988,1.16001
1787139900000,1.16002,1.16049,1.16001,1.16023
1787140800000,1.1602400000000002,1.1605400000000001,1.16019,1.1605100000000002
1787141700000,1.16054,1.1609699999999998,1.16051,1.16061
1787142600000,1.1606400000000001,1.16293,1.16053,1.1628100000000001
1787143500000,1.16283,1.1643,1.16251,1.1635
1787144400000,1.16353,1.16496,1.16351,1.1648
1787145300000,1.16481,1.16522,1.16435,1.1652
1787146200000,1.1652099999999999,1.16584,1.16475,1.16549
1787147100000,1.16548,1.16591,1.16493,1.1655900000000001
1787148000000,1.16557,1.1667299999999998,1.16532,1.16634
1787148900000,1.16635,1.16715,1.16625,1.16715
1787149800000,1.16711,1.16767,1.167,1.1676
1787150700000,1.1675900000000001,1.1676,1.16602,1.16628
1787151600000,1.16626,1.1665100000000002,1.16585,1.1663700000000001
1787152500000,1.16639,1.16656,1.16562,1.1659700000000002
1787153400000,1.16598,1.16676,1.16589,1.1666800000000002
1787154300000,1.16669,1.16675,1.16605,1.16633
1787155200000,1.16635,1.1671,1.16631,1.16698
1787156100000,1.16701,1.1671,1.16656,1.16669
1787157000000,1.1667,1.1670900000000002,1.16667,1.1668500000000002
1787157900000,1.16686,1.1671500000000001,1.16677,1.16679
1787158800000,1.1668,1.16717,1.16632,1.16648
1787159700000,1.16647,1.16647,1.16617,1.16634
1787160600000,1.16633,1.16639,1.16602,1.16612
1787161500000,1.16608,1.16616,1.16578,1.16581
1787162400000,1.1658600000000001,1.1670800000000001,1.16582,1.1668800000000001
1787163300000,1.16685,1.16692,1.16594,1.1660599999999999
1787164200000,1.16604,1.1673699999999998,1.16603,1.16715
1787165100000,1.1671099999999999,1.16746,1.16708,1.16729
1787166000000,1.16732,1.16763,1.16693,1.1673
1787166900000,1.16729,1.16781,1.16729,1.16773
1787167800000,1.1677499999999998,1.16786,1.16722,1.1673
1787168700000,1.16729,1.16773,1.16712,1.16767
1787169600000,1.16771,1.16777,1.16751,1.16753
1787170500000,1.1675200000000001,1.16771,1.16745,1.16748
1787171400000,1.16747,1.16781,1.16747,1.16777
1787172300000,1.16778,1.16785,1.16765,1.16767
1787173200000,1.16758,1.16758,1.16727,1.16745
1787174100000,1.1673900000000001,1.16741,1.16735,1.1673600000000002
1787175000000,1.1673600000000002,1.1674900000000001,1.16731,1.16741
1787175900000,1.16741,1.1677600000000001,1.16741,1.1674600000000002
1787176800000,1.16747,1.16796,1.16747,1.16785
1787177700000,1.1678499999999998,1.1678499999999998,1.16769,1.1677199999999999
1787178600000,1.16771,1.1677700000000002,1.16755,1.16765
1787179500000,1.16765,1.16765,1.16744,1.16747
1787180400000,1.16746,1.1676900000000001,1.16737,1.1675
1787181300000,1.1675,1.1675300000000002,1.16731,1.1674
1787182200000,1.1674200000000001,1.16747,1.16724,1.1672500000000001
1787183100000,1.16724,1.16738,1.16721,1.16738
1787184000000,1.16739,1.1679199999999998,1.16739,1.1676499999999999
1787184900000,1.1676600000000001,1.16789,1.16734,1.16745
1787185800000,1.1674600000000002,1.1676900000000001,1.16741,1.16743
1787186700000,1.16744,1.1675200000000001,1.16717,1.16737
1787187600000,1.16738,1.1674200000000001,1.16694,1.1671900000000002
1787188500000,1.1672099999999999,1.16794,1.16719,1.16787
1787189400000,1.16774,1.16822,1.16741,1.16777
1787190300000,1.16778,1.16788,1.16731,1.16758
1787191200000,1.16759,1.16832,1.16749,1.16766
1787192100000,1.16764,1.1676499999999999,1.16722,1.16749
1787193000000,1.1675,1.16777,1.16737,1.16756
1787193900000,1.16755,1.16764,1.16734,1.16744
1787194800000,1.16745,1.16784,1.16737,1.16774
1787195700000,1.16775,1.16796,1.16751,1.16764
1787196600000,1.1676300000000002,1.16779,1.16748,1.1677300000000002
1787197500000,1.16772,1.16792,1.16772,1.16789
1787198400000,1.1679,1.16797,1.16778,1.16788
1787199300000,1.16789,1.16791,1.16762,1.1676600000000001
1787200200000,1.16767,1.16772,1.16754,1.16754
1787201100000,1.16755,1.16767,1.16711,1.1672200000000001
1787202000000,1.16724,1.16748,1.16721,1.16733
1787202900000,1.1673200000000001,1.16745,1.16707,1.1670800000000001
1787203800000,1.1671,1.16731,1.16697,1.1670200000000002
1787204700000,1.1670200000000002,1.16768,1.16697,1.1675600000000002
1787205600000,1.16757,1.1679700000000002,1.16728,1.16789
1787206500000,1.1679,1.16794,1.1676,1.16766
1787207400000,1.1676499999999999,1.1679499999999998,1.16756,1.1679499999999998
1787208300000,1.16794,1.16878,1.16794,1.16874
1787209200000,1.1687,1.16876,1.16804,1.16812
1787210100000,1.16811,1.16828,1.16776,1.1679199999999998
1787211000000,1.16793,1.16929,1.16793,1.1689999999999998
1787211900000,1.16899,1.1693,1.16854,1.1692099999999999
1787212800000,1.16922,1.1694499999999999,1.16902,1.1694099999999998
1787213700000,1.1694,1.1694099999999998,1.16895,1.1690699999999998
1787214600000,1.16908,1.16991,1.16882,1.1697
1787215500000,1.1697099999999998,1.16993,1.16942,1.1698099999999998
1787216400000,1.1698,1.17043,1.16951,1.1703400000000002
1787217300000,1.1703299999999999,1.17091,1.1703,1.1705699999999999
1787218200000,1.1705800000000002,1.17069,1.17006,1.1704100000000002
1787219100000,1.1703999999999999,1.17073,1.17001,1.17065
1787220000000,1.17061,1.171,1.17034,1.1707699999999999
1787220900000,1.17079,1.17095,1.17044,1.1708399999999999
1787221800000,1.17085,1.17085,1.17017,1.1702
1787222700000,1.17021,1.17022,1.16937,1.16965
1787223600000,1.1696600000000001,1.1697600000000001,1.16897,1.16899
1787224500000,1.169,1.16963,1.16882,1.16906
1787225400000,1.16906,1.1695300000000002,1.1687,1.16873
1787226300000,1.16874,1.16876,1.16821,1.1683999999999999
1787227200000,1.16847,1.16854,1.16774,1.16834
1787228100000,1.16833,1.16896,1.16829,1.16852
1787229000000,1.16854,1.1688299999999998,1.16783,1.1687699999999999
1787229900000,1.1687699999999999,1.1689699999999998,1.16841,1.16881
1787230800000,1.16882,1.16941,1.16862,1.16871
1787231700000,1.1687,1.16903,1.16838,1.16864
1787232600000,1.16865,1.1687999999999998,1.1681,1.16825
1787233500000,1.1682400000000002,1.1683100000000002,1.16745,1.1674900000000001
1787234400000,1.16747,1.1678899999999999,1.16715,1.16716
1787235300000,1.16718,1.16803,1.16703,1.16783
1787236200000,1.16785,1.1682,1.16784,1.1681
1787237100000,1.16811,1.1684700000000001,1.16798,1.16824
1787238000000,1.1682000000000001,1.16932,1.16771,1.16831
1787238900000,1.1683199999999998,1.16844,1.16759,1.16844
1787239800000,1.1684500000000002,1.16849,1.16718,1.1672900000000002
1787240700000,1.1672799999999999,1.16794,1.16716,1.16785
1787241600000,1.1678600000000001,1.16796,1.16734,1.16741
1787242500000,1.1674000000000002,1.16761,1.16718,1.1672200000000001
1787243400000,1.16721,1.16727,1.16687,1.16699
1787244300000,1.16698,1.1673799999999999,1.16695,1.16726
1787245200000,1.16727,1.16746,1.167,1.16707
1787246100000,1.1670800000000001,1.16731,1.16694,1.16731
1787247000000,1.1673,1.16737,1.167,1.16718
1787247900000,1.16717,1.1674,1.16714,1.1674
1787248800000,1.16741,1.16754,1.16711,1.1672
1787249700000,1.16719,1.16726,1.16702,1.16716
1787250600000,1.1671699999999998,1.1674399999999998,1.16715,1.16732
1787251500000,1.16731,1.16759,1.1673,1.16755
1787252400000,1.16754,1.1675900000000001,1.16728,1.1675900000000001
1787253300000,1.1676,1.16771,1.16751,1.16755
1787254200000,1.16754,1.1677,1.16746,1.16749
1787255100000,1.1674799999999999,1.1678,1.16742,1.16774
1787256000000,1.16775,1.16785,1.1676,1.16766
1787256900000,1.16765,1.1677300000000002,1.16755,1.16764
1787257800000,1.1676300000000002,1.1678600000000001,1.16762,1.1678300000000001
1787258700000,1.16784,1.16792,1.1677,1.1678199999999999
1787259600000,1.16773,1.1677499999999998,1.16739,1.16756
1787260500000,1.1676,1.16768,1.1675,1.16768
1787261400000,1.16763,1.16767,1.16761,1.16765
1787262300000,1.16763,1.16771,1.16746,1.16756
1787263200000,1.16774,1.1681599999999999,1.1676,1.16809
1787264100000,1.1681000000000001,1.1683400000000002,1.16802,1.16826
1787265000000,1.16826,1.16826,1.16812,1.1681300000000001
1787265900000,1.1681499999999998,1.16837,1.16813,1.1682599999999999
1787266800000,1.16826,1.16853,1.16826,1.16849
1787267700000,1.16848,1.16865,1.16846,1.1685400000000001
1787268600000,1.16854,1.16864,1.16838,1.1686
1787269500000,1.16859,1.1687400000000001,1.16852,1.1687
1787270400000,1.16872,1.16885,1.16838,1.16883
1787271300000,1.16882,1.16892,1.16862,1.16872
1787272200000,1.16871,1.16876,1.16834,1.16845
1787273100000,1.16844,1.16856,1.16824,1.1682599999999999
1787274000000,1.1683,1.16868,1.16824,1.1685999999999999
1787274900000,1.1685999999999999,1.16906,1.16854,1.16903
1787275800000,1.1690500000000001,1.1692500000000001,1.1688,1.1688500000000002
1787276700000,1.1688399999999999,1.16902,1.16875,1.16899
1787277600000,1.1689800000000001,1.16919,1.16876,1.16919
1787278500000,1.16917,1.16963,1.16906,1.16942
1787279400000,1.16941,1.16962,1.16937,1.16961
1787280300000,1.16961,1.1700300000000001,1.16954,1.16954
1787281200000,1.16955,1.16979,1.16944,1.16973
1787282100000,1.16971,1.1697600000000001,1.16941,1.16941
1787283000000,1.1694,1.16945,1.16911,1.16923
1787283900000,1.16924,1.1694,1.1691,1.16937
1787284800000,1.16936,1.16948,1.16923,1.16932
1787285700000,1.16931,1.1694200000000001,1.16917,1.1692500000000001
1787286600000,1.16924,1.1693200000000001,1.16904,1.16914
1787287500000,1.16913,1.16931,1.16906,1.16926
1787288400000,1.16925,1.16926,1.16906,1.1692
1787289300000,1.16922,1.16928,1.16903,1.16906
1787290200000,1.16904,1.16962,1.16896,1.16962
1787291100000,1.1696,1.1698799999999998,1.16949,1.16974
1787292000000,1.16976,1.16977,1.16912,1.16915
1787292900000,1.16916,1.1694399999999998,1.16898,1.1691399999999998
1787293800000,1.16915,1.16958,1.16913,1.16934
1787294700000,1.16933,1.16975,1.16913,1.16975
1787295600000,1.1697000000000002,1.16999,1.16938,1.1696000000000002
1787296500000,1.1695900000000001,1.16988,1.16914,1.16931
1787297400000,1.16897,1.16959,1.16886,1.16892
1787298300000,1.16893,1.1690399999999999,1.16861,1.16903
1787299200000,1.16903,1.1694900000000001,1.16887,1.1693900000000002
1787300100000,1.1693799999999999,1.16958,1.16909,1.16951
1787301000000,1.1695900000000001,1.17042,1.16944,1.17035
1787301900000,1.1703400000000002,1.17058,1.17012,1.17046
1787302800000,1.17047,1.17108,1.1702,1.17089
1787303700000,1.1709100000000001,1.1710600000000002,1.17023,1.1704100000000002
1787304600000,1.1704299999999999,1.17072,1.17031,1.17041
1787305500000,1.17042,1.17043,1.16995,1.16995
1787306400000,1.1699599999999999,1.17035,1.16984,1.17021
1787307300000,1.1702,1.17081,1.17014,1.17079
1787308200000,1.17078,1.1710099999999999,1.17061,1.17068
1787309100000,1.1707,1.17073,1.16999,1.1701400000000002
1787310000000,1.17015,1.1704,1.16996,1.17035
1787310900000,1.1703599999999998,1.17093,1.17027,1.17082
1787311800000,1.17083,1.1708800000000001,1.16961,1.16985
1787312700000,1.1698600000000001,1.17002,1.16955,1.17001
1787313600000,1.17002,1.17026,1.16965,1.1696600000000001
1787314500000,1.16967,1.16989,1.1694,1.16941
1787315400000,1.1694,1.16942,1.16845,1.16893
1787316300000,1.16894,1.16905,1.16869,1.169
1787317200000,1.16901,1.16906,1.16836,1.1686800000000002
1787318100000,1.16869,1.1687599999999998,1.16803,1.16834
1787319000000,1.16833,1.16838,1.16781,1.16822
1787319900000,1.168,1.1685,1.16791,1.16828
1787320800000,1.1682700000000001,1.16828,1.16761,1.1678300000000001
1787321700000,1.16784,1.16805,1.16722,1.16722
1787322600000,1.16721,1.16739,1.16683,1.1671500000000001
1787323500000,1.16718,1.1676900000000001,1.16693,1.1672500000000001
1787324400000,1.16727,1.16757,1.16703,1.16739
1787325300000,1.1674,1.1676900000000001,1.1672,1.16759
1787326200000,1.16764,1.16801,1.16748,1.16799
1787327100000,1.16801,1.1683299999999999,1.16786,1.16827
1787328000000,1.16829,1.16838,1.16791,1.16822
1787328900000,1.16821,1.1687,1.16801,1.16828
1787329800000,1.1682899999999998,1.1683899999999998,1.16803,1.16814
1787330700000,1.16813,1.1683,1.16807,1.16813
1787331600000,1.1681199999999998,1.1681199999999998,1.16766,1.16777
1787332500000,1.16778,1.16815,1.16771,1.16807
1787333400000,1.16806,1.1682400000000002,1.16796,1.16798
1787334300000,1.16797,1.16804,1.16784,1.16799
1787335200000,1.168,1.1683599999999998,1.168,1.16805
1787336100000,1.16804,1.16823,1.16798,1.16818
1787337000000,1.1681899999999998,1.1682599999999999,1.16803,1.1682199999999998
1787337900000,1.16823,1.16829,1.16795,1.16823
1787338800000,1.16824,1.16827,1.16787,1.16797
1787339700000,1.1679599999999999,1.1679599999999999,1.16777,1.16782
1787340600000,1.16782,1.1679400000000002,1.16772,1.16785
1787341500000,1.16786,1.1680899999999999,1.1677,1.16783
1787342400000,1.1678300000000001,1.16787,1.16768,1.16782
1787343300000,1.1678199999999999,1.16785,1.16753,1.16754
1787344200000,1.16755,1.16755,1.16735,1.1675000000000002
1787345100000,1.16749,1.1677,1.16746,1.1675799999999998
1787518800000,1.16752,1.16752,1.16739,1.16747
1787519700000,1.16753,1.16771,1.16753,1.16768
1787520600000,1.1676900000000001,1.16773,1.16764,1.16764
1787521500000,1.1676,1.16764,1.1675,1.16757
1787522400000,1.16768,1.1678700000000002,1.16718,1.1678000000000002
1787523300000,1.16781,1.16784,1.16771,1.16782
1787524200000,1.1678499999999998,1.1679199999999998,1.16749,1.16756
1787525100000,1.16756,1.16756,1.16746,1.16751
1787526000000,1.16752,1.1676199999999999,1.16742,1.1675099999999998
1787526900000,1.1675,1.16757,1.16742,1.16753
1787527800000,1.16753,1.1675799999999998,1.16746,1.16756
1787528700000,1.16754,1.16819,1.16754,1.16819
1787529600000,1.16818,1.16858,1.16815,1.16848
1787530500000,1.16847,1.16866,1.16831,1.16834
1787531400000,1.16833,1.16839,1.16816,1.1683100000000002
1787532300000,1.16832,1.16851,1.16818,1.16846
1787533200000,1.16845,1.16859,1.16802,1.16806
1787534100000,1.16807,1.16807,1.16764,1.16768
1787535000000,1.1676900000000001,1.16781,1.16761,1.16779
1787535900000,1.1678,1.16817,1.16778,1.16811
1787536800000,1.1681,1.16837,1.168,1.16834
1787537700000,1.16833,1.16843,1.16818,1.16818
1787538600000,1.16815,1.16819,1.16798,1.16808
1787539500000,1.16809,1.16825,1.16789,1.1681400000000002
1787540400000,1.16813,1.1681599999999999,1.16786,1.1680499999999998
1787541300000,1.16806,1.16814,1.16795,1.16805
1787542200000,1.16804,1.1681,1.1679,1.1679199999999998
1787543100000,1.16791,1.16798,1.16775,1.16794
1787544000000,1.1679300000000001,1.16795,1.16748,1.16771
1787544900000,1.16772,1.1681000000000001,1.16761,1.1680300000000001
1787545800000,1.1680199999999998,1.1680499999999998,1.16793,1.1679899999999999
1787546700000,1.168,1.1682299999999999,1.16793,1.1682199999999998
1787547600000,1.16825,1.16825,1.16793,1.16798
1787548500000,1.16797,1.1681300000000001,1.16778,1.16785
1787549400000,1.16784,1.16792,1.16754,1.16756
1787550300000,1.16757,1.16807,1.16756,1.168
1787551200000,1.16801,1.1680400000000002,1.16762,1.16779
1787552100000,1.1678,1.16784,1.16734,1.16743
1787553000000,1.16745,1.1678,1.1674,1.16766
1787553900000,1.16767,1.1679599999999999,1.16749,1.1677
1787554800000,1.16771,1.168,1.16722,1.16727
1787555700000,1.16722,1.16753,1.16702,1.16751
1787556600000,1.1675200000000001,1.1676300000000002,1.16653,1.1665400000000001
1787557500000,1.1665400000000001,1.16693,1.1664,1.16667
1787558400000,1.16668,1.16677,1.16629,1.16632
1787559300000,1.16631,1.16648,1.166,1.1660199999999998
1787560200000,1.16602,1.1666400000000001,1.16599,1.1665100000000002
1787561100000,1.16652,1.16668,1.16617,1.1662599999999999
1787562000000,1.16625,1.1666500000000002,1.16606,1.1662400000000002
1787562900000,1.16625,1.16631,1.16605,1.16625
1787563800000,1.16626,1.16639,1.16598,1.16621
1787564700000,1.1662299999999999,1.16652,1.16621,1.16638
1787565600000,1.1663700000000001,1.1666,1.16632,1.1665
1787566500000,1.16649,1.16663,1.16639,1.16651
1787567400000,1.16652,1.16658,1.16617,1.1662599999999999
1787568300000,1.16627,1.16664,1.16614,1.16638
1787569200000,1.16635,1.16651,1.16624,1.16637
1787570100000,1.16636,1.16675,1.16625,1.16668
1787571000000,1.16669,1.1673,1.16643,1.1665400000000001
1787571900000,1.1665299999999998,1.1667699999999999,1.16637,1.1666299999999998
1787572800000,1.1666200000000002,1.16669,1.16613,1.1664500000000002
1787573700000,1.16644,1.1673,1.16637,1.1672699999999998
1787574600000,1.16724,1.1673200000000001,1.1664,1.1668
1787575500000,1.16682,1.16708,1.16661,1.16688
1787576400000,1.16687,1.1673,1.16677,1.1672600000000002
1787577300000,1.16727,1.1674300000000002,1.16694,1.1669500000000002
1787578200000,1.16696,1.1672,1.1666,1.16663
1787579100000,1.16662,1.1669399999999999,1.16631,1.16646
1787580000000,1.16644,1.16684,1.16625,1.16673
1787580900000,1.16672,1.16712,1.16637,1.16706
1787581800000,1.1670699999999998,1.16715,1.16647,1.16671
1787582700000,1.16672,1.16699,1.16636,1.1665100000000002
1787583600000,1.1665,1.16687,1.16645,1.16673
1787584500000,1.16672,1.16718,1.1666,1.16703
1787585400000,1.16704,1.1671,1.1667,1.16677
1787586300000,1.16676,1.16687,1.16632,1.1664
1787587200000,1.16639,1.1669100000000001,1.16623,1.1666800000000002
1787588100000,1.16669,1.16679,1.16651,1.1665699999999999
1787589000000,1.16656,1.1667800000000002,1.16646,1.16655
1787589900000,1.1665699999999999,1.1665999999999999,1.16624,1.1664299999999999
1787590800000,1.16645,1.16661,1.16611,1.16621
1787591700000,1.16621,1.1663,1.1656,1.1657899999999999
1787592600000,1.1658,1.16598,1.16571,1.16573
1787593500000,1.16574,1.1659,1.16547,1.16588
1787594400000,1.1658899999999999,1.16598,1.16566,1.16591
1787595300000,1.16595,1.16646,1.16589,1.1664400000000001
1787596200000,1.16643,1.1664800000000002,1.16606,1.1662100000000002
1787597100000,1.16623,1.1664,1.16609,1.16635
1787598000000,1.1663100000000002,1.1663100000000002,1.16606,1.1661100000000002
1787598900000,1.16612,1.16614,1.1659,1.1659199999999998
1787599800000,1.16591,1.16612,1.16588,1.1661000000000001
1787600700000,1.16611,1.16628,1.166,1.16608
1787601600000,1.16605,1.16628,1.16599,1.1662400000000002
1787602500000,1.16623,1.16633,1.16623,1.16629
1787603400000,1.16628,1.16631,1.16617,1.16622
1787604300000,1.16625,1.16639,1.16625,1.16635
1787605200000,1.1662899999999998,1.1663299999999999,1.16559,1.1660199999999998
1787606100000,1.16602,1.16626,1.16599,1.16626
1787607000000,1.16626,1.16635,1.16611,1.16635
1787607900000,1.16635,1.16645,1.16612,1.16613
1787608800000,1.16611,1.16643,1.16608,1.16639
1787609700000,1.1663800000000002,1.16645,1.16633,1.1663400000000002
1787610600000,1.16634,1.16642,1.16634,1.16642
1787611500000,1.16641,1.16645,1.16634,1.16639
1787612400000,1.1664299999999999,1.16649,1.16641,1.16644
1787613300000,1.16644,1.1665,1.16635,1.16639
1787614200000,1.16639,1.16645,1.16635,1.16645
1787615100000,1.16648,1.16681,1.16644,1.1667399999999999
1787616000000,1.16673,1.16704,1.1667,1.16699
1787616900000,1.1669800000000001,1.1669800000000001,1.16673,1.1668800000000001
1787617800000,1.16687,1.16696,1.16676,1.16688
1787618700000,1.16689,1.16693,1.16666,1.1668100000000001
1787619600000,1.16682,1.16682,1.16652,1.16666
1787620500000,1.16665,1.16667,1.16632,1.1666
1787621400000,1.16659,1.16663,1.16635,1.16648
1787622300000,1.16646,1.16646,1.16612,1.16625
1787623200000,1.16626,1.16635,1.16609,1.16623
1787624100000,1.16625,1.16642,1.16622,1.1664
1787625000000,1.16641,1.16641,1.16615,1.16622
1787625900000,1.1662299999999999,1.1663,1.16583,1.166
1787626800000,1.16601,1.16618,1.16598,1.16602
1787627700000,1.1660300000000001,1.16611,1.16581,1.1658600000000001
1787628600000,1.16587,1.16604,1.16581,1.16597
1787629500000,1.1659599999999999,1.16603,1.16586,1.1659899999999999
1787630400000,1.16598,1.16601,1.16551,1.16571
1787631300000,1.1657,1.1657,1.16551,1.16553
1787632200000,1.1655200000000001,1.16561,1.16547,1.16555
1787633100000,1.16556,1.16558,1.16544,1.1655200000000001
1787634000000,1.16553,1.1656199999999999,1.16542,1.1655099999999998
1787634900000,1.16552,1.1656199999999999,1.16542,1.1656
1787635800000,1.16561,1.16562,1.1654,1.16541
1787636700000,1.1654,1.16556,1.16525,1.1653099999999998
1787637600000,1.16529,1.16569,1.16526,1.16567
1787638500000,1.16567,1.16574,1.16555,1.16571
1787639400000,1.16572,1.16585,1.16527,1.1653
1787640300000,1.16529,1.1653499999999999,1.16505,1.16522
1787641200000,1.1652,1.16588,1.1652,1.16584
1787642100000,1.1658300000000001,1.1662400000000002,1.16579,1.16581
1787643000000,1.16582,1.1658700000000002,1.16565,1.1657000000000002
1787643900000,1.16572,1.16598,1.16555,1.16582
1787644800000,1.16581,1.1661299999999999,1.1657,1.1658199999999999
1787645700000,1.16583,1.16644,1.16576,1.16618
1787646600000,1.16613,1.16656,1.16606,1.1665
1787647500000,1.16649,1.16672,1.16634,1.16668
1787648400000,1.16669,1.16733,1.16654,1.16723
1787649300000,1.16722,1.16723,1.16658,1.16662
1787650200000,1.1666100000000001,1.16724,1.1666,1.16673
1787651100000,1.1667399999999999,1.16708,1.16671,1.16675
1787652000000,1.1667399999999999,1.16679,1.16635,1.16639
1787652900000,1.16638,1.16652,1.16595,1.16597
1787653800000,1.16598,1.16641,1.16587,1.1662299999999999
1787654700000,1.16624,1.16628,1.16594,1.16618
1787655600000,1.16619,1.16628,1.16587,1.16601
1787656500000,1.1660000000000001,1.1662100000000002,1.16579,1.1661400000000002
1787657400000,1.1661599999999999,1.1662599999999999,1.16593,1.16597
1787658300000,1.1659599999999999,1.1664199999999998,1.16586,1.1659199999999998
1787659200000,1.16591,1.1664,1.16591,1.16626
1787660100000,1.16625,1.16637,1.16611,1.16637
1787661000000,1.16638,1.16644,1.16607,1.1663599999999998
1787661900000,1.1663700000000001,1.1666,1.16623,1.1665800000000002
1787662800000,1.1665699999999999,1.16749,1.16637,1.16712
1787663700000,1.16713,1.1672799999999999,1.16681,1.16713
1787664600000,1.16712,1.16743,1.16675,1.16696
1787665500000,1.16697,1.16738,1.16679,1.16733
1787666400000,1.16733,1.16742,1.16679,1.16725
1787667300000,1.16726,1.16737,1.1668,1.16704
1787668200000,1.16703,1.16715,1.16655,1.16697
1787669100000,1.1669500000000002,1.1673900000000001,1.1666,1.1669
1787670000000,1.16691,1.1671,1.16665,1.1670099999999999
1787670900000,1.16702,1.16721,1.16686,1.16687
1787671800000,1.16688,1.16749,1.16686,1.16717
1787672700000,1.16718,1.16744,1.16704,1.1672500000000001
1787673600000,1.16726,1.16734,1.16692,1.16697
1787674500000,1.16696,1.16698,1.16675,1.16689
1787675400000,1.16688,1.16715,1.16688,1.16703
1787676300000,1.1670200000000002,1.16714,1.16687,1.1670900000000002
1787677200000,1.16708,1.1672,1.16685,1.16695
1787678100000,1.1669399999999999,1.16713,1.16688,1.16702
1787679000000,1.1670099999999999,1.16722,1.16692,1.16708
1787679900000,1.16707,1.1674200000000001,1.16707,1.16737
1787680800000,1.16736,1.16747,1.16712,1.16733
1787681700000,1.1673399999999998,1.16739,1.16722,1.1673499999999999
1787682600000,1.16734,1.1674200000000001,1.16727,1.1673200000000001
1787683500000,1.1673,1.16742,1.16723,1.16736
1787684400000,1.16737,1.16765,1.16731,1.16762
1787685300000,1.16763,1.16784,1.1673,1.16732
1787686200000,1.16729,1.1673,1.16681,1.16696
1787687100000,1.16695,1.16769,1.16695,1.16757
1787688000000,1.1675799999999998,1.1679,1.16746,1.16774
1787688900000,1.16773,1.1678,1.16746,1.16761
1787689800000,1.1676,1.16766,1.16737,1.16741
1787690700000,1.1674,1.16753,1.16737,1.1674
1787691600000,1.16722,1.1674,1.16679,1.16701
1787692500000,1.16698,1.16722,1.16698,1.16715
1787693400000,1.16713,1.16761,1.16695,1.1675
1787694300000,1.16749,1.1675,1.16696,1.16696
1787695200000,1.16697,1.16751,1.16694,1.1673900000000001
1787696100000,1.16739,1.16756,1.16739,1.16746
1787697000000,1.16747,1.16764,1.16742,1.16763
1787697900000,1.16764,1.16764,1.16759,1.1676099999999998
1787698800000,1.16761,1.16764,1.16745,1.16747
1787699700000,1.16748,1.1675300000000002,1.16735,1.16738
1787700600000,1.16737,1.1673900000000001,1.16721,1.16728
1787701500000,1.1672799999999999,1.1674,1.16725,1.1673799999999999
1787702400000,1.16739,1.16745,1.16723,1.16742
1787703300000,1.16741,1.16751,1.16726,1.1673
1787704200000,1.16732,1.16742,1.16705,1.1673
1787705100000,1.16729,1.16746,1.16717,1.1672
1787706000000,1.16719,1.16736,1.167,1.16703
1787706900000,1.16704,1.16717,1.16694,1.16696
1787707800000,1.16697,1.16714,1.16682,1.1669
1787708700000,1.16688,1.16713,1.16685,1.16696
1787709600000,1.16697,1.16723,1.16696,1.16721
1787710500000,1.1672200000000001,1.1672200000000001,1.16677,1.1668500000000002
1787711400000,1.16683,1.16701,1.16676,1.16697
1787712300000,1.16698,1.16698,1.16662,1.16669
1787713200000,1.1667,1.16679,1.16655,1.1666
1787714100000,1.16661,1.16677,1.16649,1.16657
1787715000000,1.16656,1.16658,1.16632,1.16656
1787715900000,1.16656,1.16656,1.16635,1.16641
1787716800000,1.16642,1.16644,1.16634,1.16635
1787717700000,1.1663,1.16642,1.1662,1.16635
1787718600000,1.1663500000000002,1.16643,1.16613,1.16616
1787719500000,1.16615,1.1662000000000001,1.16599,1.16615
1787720400000,1.16615,1.16621,1.166,1.1660599999999999
1787721300000,1.16607,1.1664299999999999,1.16607,1.16637
1787722200000,1.16638,1.1666299999999998,1.16637,1.16652
1787723100000,1.16652,1.16659,1.16632,1.16638
1787724000000,1.1664,1.1664400000000001,1.16612,1.16618
1787724900000,1.1661700000000002,1.1664500000000002,1.16613,1.16613
1787725800000,1.16612,1.1663400000000002,1.16592,1.16633
1787726700000,1.16634,1.1666999999999998,1.16631,1.16664
1787727600000,1.1666699999999999,1.16702,1.16664,1.1668299999999998
1787728500000,1.1668399999999999,1.16708,1.16682,1.16691
1787729400000,1.16692,1.16726,1.16691,1.1669699999999998
1787730300000,1.16696,1.1671,1.16672,1.16704
1787731200000,1.16699,1.1674799999999999,1.16695,1.16743
1787732100000,1.1674200000000001,1.16764,1.16738,1.16764
1787733000000,1.1676300000000002,1.1676300000000002,1.16711,1.16731
1787733900000,1.1673,1.16738,1.1669,1.16707
1787734800000,1.16706,1.1670699999999998,1.16654,1.1665999999999999
1787735700000,1.16661,1.16669,1.16631,1.16635
1787736600000,1.16637,1.1666699999999999,1.16637,1.16658
1787737500000,1.16657,1.16687,1.16652,1.16655
1787738400000,1.16655,1.16658,1.16639,1.16648
1787739300000,1.1664700000000001,1.16653,1.16616,1.1662700000000001
1787740200000,1.16629,1.16652,1.16625,1.16642
1787741100000,1.16643,1.16643,1.16605,1.16613
1787742000000,1.1661400000000002,1.1665400000000001,1.16613,1.1665100000000002
1787742900000,1.1665,1.16651,1.16598,1.16617
1787743800000,1.16618,1.16652,1.16614,1.16649
1787744700000,1.16651,1.16688,1.16644,1.1668399999999999
1787745600000,1.16685,1.16728,1.16676,1.16722
1787746500000,1.16723,1.16741,1.167,1.16718
1787747400000,1.16719,1.16743,1.1662,1.16628
1787748300000,1.16629,1.16647,1.1655,1.16554
1787749200000,1.1655300000000002,1.1656900000000001,1.16511,1.16561
1787750100000,1.16562,1.16574,1.16531,1.16567
1787751000000,1.1656799999999998,1.16583,1.16525,1.1654799999999998
1787751900000,1.1654900000000001,1.16568,1.16518,1.16521
1787752800000,1.1652200000000001,1.16528,1.16474,1.16501
1787753700000,1.16502,1.16503,1.1642,1.1642299999999999
1787754600000,1.16422,1.16497,1.16415,1.16476
1787755500000,1.1647699999999999,1.1647699999999999,1.16438,1.16445
1787756400000,1.1644599999999998,1.1652,1.16444,1.1649399999999999
1787757300000,1.16493,1.16514,1.16483,1.16514
1787758200000,1.16513,1.16537,1.16495,1.1651799999999999
1787759100000,1.16516,1.1653799999999999,1.16471,1.16499
1787760000000,1.165,1.16529,1.16486,1.16523
1787760900000,1.16523,1.1653799999999999,1.16515,1.1652
1787761800000,1.1652099999999999,1.16529,1.16485,1.165
1787762700000,1.1650099999999999,1.16525,1.16485,1.16489
1787763600000,1.16489,1.1651099999999999,1.16481,1.1650099999999999
1787764500000,1.165,1.16527,1.16493,1.1652500000000001
1787765400000,1.16524,1.1653900000000001,1.16518,1.16527
1787766300000,1.16526,1.16527,1.16499,1.16523
1787767200000,1.1652200000000001,1.16538,1.16504,1.16531
1787768100000,1.1653200000000001,1.16537,1.16511,1.1651500000000001
1787769000000,1.16514,1.16518,1.16501,1.16511
1787769900000,1.16512,1.1652099999999999,1.16495,1.1650699999999998
1787770800000,1.1651,1.16519,1.16495,1.1651799999999999
1787771700000,1.16517,1.16526,1.16507,1.1652
1787772600000,1.16519,1.16529,1.1651,1.16514
1787773500000,1.16514,1.16533,1.16503,1.16529
1787774400000,1.1653,1.1653200000000001,1.1651,1.16512
1787775300000,1.16512,1.1653200000000001,1.1651,1.16521
1787776200000,1.16523,1.16544,1.16522,1.16543
1787777100000,1.16543,1.16543,1.16523,1.16529
1787778000000,1.16492,1.1649399999999999,1.16444,1.1647299999999998
1787778900000,1.16474,1.16514,1.16473,1.1651
1787779800000,1.16507,1.16513,1.16486,1.16509
1787780700000,1.16514,1.16515,1.16503,1.16505
1787781600000,1.16511,1.16546,1.16507,1.16531
1787782500000,1.1653,1.1654,1.16519,1.1654
1787783400000,1.1653799999999999,1.16542,1.16526,1.1653499999999999
1787784300000,1.16536,1.1653699999999998,1.16525,1.1653399999999998
1787785200000,1.1653399999999998,1.16547,1.16532,1.16546
1787786100000,1.16547,1.16556,1.1654,1.16542
1787787000000,1.16541,1.16557,1.16541,1.16554
1787787900000,1.16555,1.16557,1.1654,1.16549
1787788800000,1.1655,1.16563,1.1654,1.16547
1787789700000,1.16546,1.16573,1.16542,1.16573
1787790600000,1.1657199999999999,1.16577,1.16546,1.16547
1787791500000,1.16546,1.16573,1.16534,1.1655900000000001
1787792400000,1.1655900000000001,1.1656900000000001,1.16548,1.16564
1787793300000,1.16565,1.1658600000000001,1.16555,1.16567
1787794200000,1.16567,1.1658600000000001,1.16555,1.16561
1787795100000,1.1656199999999999,1.1658,1.1656,1.16573
1787796000000,1.16574,1.1658899999999999,1.16569,1.1657
1787796900000,1.16571,1.16572,1.16544,1.16545
1787797800000,1.16544,1.1656199999999999,1.16539,1.1655
1787798700000,1.1655200000000001,1.16557,1.16541,1.1655
1787799600000,1.16551,1.16557,1.16547,1.1655200000000001
1787800500000,1.16551,1.16555,1.16535,1.1653600000000002
1787801400000,1.16538,1.16541,1.1653,1.16535
1787802300000,1.16534,1.1655,1.16534,1.16538
1787803200000,1.16537,1.16553,1.16536,1.1655
1787804100000,1.16549,1.16554,1.16536,1.1654799999999998
1787805000000,1.16546,1.16548,1.1654,1.16542
1787805900000,1.16541,1.16551,1.16536,1.16551
1787806800000,1.1655099999999998,1.1656,1.16539,1.16556
1787807700000,1.16555,1.16567,1.16533,1.16566
1787808600000,1.16567,1.16571,1.16548,1.1655600000000002
1787809500000,1.16556,1.1656,1.16513,1.16538
1787810400000,1.16537,1.16543,1.16515,1.16532
1787811300000,1.16533,1.16553,1.1652,1.16543
1787812200000,1.16545,1.1654900000000001,1.16524,1.16531
1787813100000,1.16534,1.16544,1.16514,1.16528
1787814000000,1.1653,1.16557,1.16529,1.1655
1787814900000,1.16551,1.16551,1.16514,1.16516
1787815800000,1.16515,1.16544,1.16512,1.16544
1787816700000,1.16545,1.16551,1.16514,1.16543
1787817600000,1.1654200000000001,1.16574,1.16537,1.1654
1787818500000,1.16541,1.1655200000000001,1.16494,1.16501
1787819400000,1.16502,1.16515,1.16472,1.16512
1787820300000,1.16513,1.16516,1.16475,1.16476
1787821200000,1.16477,1.16478,1.16428,1.16463
1787822100000,1.1646500000000002,1.1647100000000001,1.1644,1.1646100000000001
1787823000000,1.16462,1.16462,1.16399,1.16413
1787823900000,1.16414,1.16456,1.16401,1.16403
1787824800000,1.16402,1.16438,1.16385,1.1643700000000001
1787825700000,1.16438,1.16477,1.16422,1.16451
1787826600000,1.1645100000000002,1.1645400000000001,1.16379,1.1641400000000002
1787827500000,1.16411,1.16413,1.16388,1.16392
1787828400000,1.16393,1.16401,1.16374,1.16385
1787829300000,1.1638600000000001,1.1641000000000001,1.16382,1.16402
1787830200000,1.16404,1.16437,1.1637,1.1638899999999999
1787831100000,1.1639,1.16429,1.1636,1.16405
1787832000000,1.16404,1.16452,1.16404,1.1641299999999999
1787832900000,1.16412,1.16444,1.16404,1.16431
1787833800000,1.16428,1.16436,1.16391,1.1642
1787834700000,1.1641899999999998,1.1643299999999999,1.16393,1.1640499999999998
1787835600000,1.16406,1.16484,1.16395,1.1647800000000001
1787836500000,1.16477,1.16594,1.16462,1.1657899999999999
1787837400000,1.16577,1.1659,1.16512,1.1652099999999999
1787838300000,1.1652,1.16547,1.165,1.16534
1787839200000,1.1653499999999999,1.16574,1.16499,1.1651
1787840100000,1.1650800000000001,1.1652600000000002,1.16477,1.1648500000000002
1787841000000,1.16486,1.1654600000000002,1.16484,1.1650500000000001
1787841900000,1.16507,1.16535,1.1644,1.16442
1787842800000,1.16441,1.16521,1.16439,1.16503
1787843700000,1.1650200000000002,1.1652,1.16484,1.165
1787844600000,1.1650099999999999,1.1651799999999999,1.16495,1.16499
1787845500000,1.1649800000000001,1.16538,1.16477,1.16527
1787846400000,1.16528,1.1653,1.1649,1.16506
1787847300000,1.1650699999999998,1.1652799999999999,1.16488,1.16525
1787848200000,1.16526,1.16539,1.16519,1.16529
1787849100000,1.1653,1.16534,1.16501,1.1651600000000002
1787850000000,1.16517,1.16534,1.16502,1.16503
1787850900000,1.1650200000000002,1.1651200000000002,1.16494,1.1650200000000002
1787851800000,1.16503,1.16506,1.16478,1.16483
1787852700000,1.1648399999999999,1.16492,1.16464,1.16486
1787853600000,1.16485,1.16488,1.16455,1.16472
1787854500000,1.1647399999999999,1.1648,1.16462,1.16464
1787855400000,1.1646299999999998,1.1647299999999998,1.16461,1.16472
1787856300000,1.1647299999999998,1.16495,1.16471,1.1648299999999998
1787857200000,1.16485,1.1649999999999998,1.16481,1.16488
1787858100000,1.16492,1.16496,1.1648,1.16483
1787859000000,1.1648100000000001,1.1649100000000001,1.16474,1.1648900000000002
1787859900000,1.16488,1.16498,1.16468,1.16488
1787860800000,1.16487,1.16519,1.16486,1.1650800000000001
1787861700000,1.16509,1.16509,1.16493,1.16495
1787862600000,1.1649500000000002,1.1650900000000002,1.16494,1.1650800000000001
1787863500000,1.16507,1.16513,1.16506,1.16513
1787864400000,1.16513,1.16519,1.16449,1.16493
1787865300000,1.16493,1.1653099999999998,1.16492,1.1652799999999999
1787866200000,1.1652799999999999,1.1653,1.16508,1.1650999999999998
1787867100000,1.16494,1.16521,1.16456,1.1647100000000001
1787868000000,1.16502,1.16533,1.16478,1.16533
1787868900000,1.1653399999999998,1.16539,1.16515,1.16516
1787869800000,1.16516,1.16525,1.16515,1.1651799999999999
1787870700000,1.16517,1.16531,1.16516,1.1652799999999999
1787871600000,1.16527,1.1653799999999999,1.16526,1.16537
1787872500000,1.1653600000000002,1.16537,1.16521,1.16521
1787873400000,1.1652200000000001,1.16537,1.16518,1.16528
1787874300000,1.1652799999999999,1.16542,1.16526,1.1653
1787875200000,1.1653,1.16538,1.16516,1.16521
1787876100000,1.1652,1.16524,1.165,1.16517
1787877000000,1.1651799999999999,1.1652699999999998,1.16508,1.16522
1787877900000,1.1652300000000002,1.1653300000000002,1.16518,1.1652600000000002
1787878800000,1.16526,1.16538,1.16514,1.16527
1787879700000,1.16527,1.16535,1.16521,1.1652200000000001
1787880600000,1.16524,1.1654799999999998,1.16519,1.16532
1787881500000,1.16533,1.16533,1.16488,1.1648999999999998
1787882400000,1.1649100000000001,1.1649800000000001,1.16463,1.1647
1787883300000,1.16467,1.16494,1.16457,1.1647200000000002
1787884200000,1.16473,1.1648399999999999,1.16468,1.1646999999999998
1787885100000,1.16469,1.1650200000000002,1.16467,1.16501
1787886000000,1.1650099999999999,1.16508,1.16492,1.16497
1787886900000,1.16499,1.16503,1.16487,1.1650200000000002
1787887800000,1.1650099999999999,1.16503,1.16472,1.16472
1787888700000,1.16473,1.16476,1.1645,1.16457
1787889600000,1.16458,1.1646,1.16446,1.16448
1787890500000,1.16447,1.1645899999999998,1.16447,1.1644899999999998
1787891400000,1.16448,1.16457,1.16446,1.1645100000000002
1787892300000,1.16452,1.1645699999999999,1.16445,1.1645
1787893200000,1.16449,1.16452,1.16428,1.16431
1787894100000,1.1643299999999999,1.1644299999999999,1.16431,1.16435
1787895000000,1.16434,1.16441,1.16421,1.16422
1787895900000,1.16423,1.16453,1.16422,1.16439
1787896800000,1.1644,1.1646,1.16436,1.16442
1787897700000,1.16441,1.1647399999999999,1.16424,1.16469
1787898600000,1.16468,1.16478,1.16438,1.1647
1787899500000,1.1647100000000001,1.16486,1.16453,1.16477
1787900400000,1.16479,1.16483,1.16432,1.16442
1787901300000,1.16441,1.16451,1.16411,1.16416
1787902200000,1.16415,1.16455,1.16415,1.1644
1787903100000,1.1643899999999998,1.16476,1.16427,1.16459
1787904000000,1.1645800000000002,1.16483,1.16453,1.16457
1787904900000,1.16458,1.16464,1.16435,1.16437
1787905800000,1.16436,1.16466,1.16432,1.16433
1787906700000,1.1643400000000002,1.16442,1.16413,1.16439
1787907600000,1.1643700000000001,1.16446,1.16413,1.1641700000000001
1787908500000,1.1641800000000002,1.16433,1.16413,1.1641800000000002
1787909400000,1.16417,1.16433,1.16398,1.16411
1787910300000,1.1641,1.16422,1.16391,1.16393
1787911200000,1.16392,1.16417,1.16388,1.16401
1787912100000,1.16402,1.16435,1.16394,1.16435
1787913000000,1.16434,1.16464,1.16431,1.1645999999999999
1787913900000,1.16458,1.16487,1.16446,1.16485
1787914800000,1.16486,1.16489,1.1646,1.1646400000000001
1787915700000,1.1646299999999998,1.1647399999999999,1.16447,1.1645699999999999
1787916600000,1.16458,1.16475,1.16448,1.16471
1787917500000,1.16471,1.1647699999999999,1.16441,1.16447
1787918400000,1.1644899999999998,1.16455,1.1642,1.1643
1787919300000,1.16431,1.16437,1.16414,1.16418
1787920200000,1.16417,1.16417,1.16387,1.1640599999999999
1787921100000,1.1640700000000002,1.1649800000000001,1.16406,1.1648500000000002
1787922000000,1.1648399999999999,1.1649399999999999,1.16437,1.16438
1787922900000,1.16437,1.16449,1.16411,1.16427
1787923800000,1.16428,1.16438,1.16401,1.16409
1787924700000,1.16408,1.16465,1.1636,1.16376
1787925600000,1.16368,1.16588,1.16096,1.16112
1787926500000,1.1611099999999999,1.1615799999999998,1.15939,1.1601299999999999
1787927400000,1.16012,1.1611200000000002,1.16006,1.1607
1787928300000,1.16068,1.1622000000000001,1.16015,1.1616900000000001
1787929200000,1.16173,1.16201,1.16052,1.16073
1787930100000,1.16074,1.161,1.16026,1.16036
1787931000000,1.16038,1.1605,1.15958,1.15996
1787931900000,1.15997,1.16021,1.15966,1.15971
1787932800000,1.15968,1.15978,1.15891,1.1589600000000002
1787933700000,1.15895,1.15902,1.15844,1.15852
1787934600000,1.15854,1.15894,1.15845,1.15849
1787935500000,1.1584999999999999,1.1589,1.15841,1.15863
1787936400000,1.15864,1.15885,1.15821,1.15868
1787937300000,1.15868,1.15869,1.15839,1.15849
1787938200000,1.1584999999999999,1.1584999999999999,1.15776,1.1579899999999999
1787939100000,1.158,1.15808,1.15773,1.15803
1787940000000,1.1580000000000001,1.15818,1.15779,1.15795
1787940900000,1.15804,1.1584,1.15785,1.15821
1787941800000,1.1582,1.15825,1.15776,1.1579199999999998
1787942700000,1.1579300000000001,1.1580400000000002,1.15772,1.15798
1787943600000,1.15797,1.15826,1.15791,1.15813
1787944500000,1.15814,1.15859,1.15805,1.1585400000000001
1787945400000,1.15855,1.15866,1.15844,1.1585999999999999
1787946300000,1.15859,1.15872,1.15846,1.1585400000000001
1787947200000,1.15853,1.1586100000000001,1.1583,1.1585
1787948100000,1.15851,1.15854,1.15828,1.15843
1787949000000,1.15842,1.15845,1.15791,1.15808
1787949900000,1.1581000000000001,1.15825,1.15802,1.15814
1788123600000,1.15767,1.15767,1.15725,1.1576
1788124500000,1.1575900000000001,1.15765,1.15755,1.15765
1788125400000,1.15766,1.1579,1.15763,1.1579
1788126300000,1.15791,1.15797,1.15763,1.15763
1788127200000,1.15761,1.15814,1.1576,1.1581
1788128100000,1.1581,1.15815,1.15801,1.1581
1788129000000,1.15811,1.15845,1.15807,1.15828
1788129900000,1.15828,1.15842,1.15827,1.15837
1788130800000,1.1583700000000001,1.15857,1.1583,1.15842
1788131700000,1.15843,1.1586100000000001,1.15839,1.1585
1788132600000,1.1585,1.15879,1.15849,1.15872
1788133500000,1.15872,1.15888,1.15861,1.15882
1788134400000,1.15883,1.1592799999999999,1.15882,1.15914
1788135300000,1.1591500000000001,1.15923,1.1585,1.1586
1788136200000,1.1586100000000001,1.15913,1.1586,1.15904
1788137100000,1.15905,1.15932,1.15902,1.15917
1788138000000,1.15918,1.15923,1.15866,1.15876
1788138900000,1.1587699999999999,1.15899,1.15864,1.15896
1788139800000,1.15897,1.15939,1.15896,1.15927
1788140700000,1.15927,1.15936,1.159,1.15901
1788141600000,1.15903,1.1592200000000001,1.15894,1.1591200000000002
1788142500000,1.15913,1.15922,1.15885,1.15919
1788143400000,1.15921,1.15922,1.15876,1.15887
1788144300000,1.15886,1.1592,1.15886,1.15919
1788145200000,1.15918,1.15923,1.1591,1.15914
1788146100000,1.15915,1.1593099999999998,1.15912,1.1591399999999998
1788147000000,1.1591200000000002,1.15914,1.15887,1.1590200000000002
1788147900000,1.15901,1.1591200000000002,1.15891,1.15908
1788148800000,1.1590900000000002,1.1592200000000001,1.15908,1.1591900000000002
1788149700000,1.1591999999999998,1.1592099999999999,1.15881,1.15882
1788150600000,1.1588299999999998,1.15903,1.15881,1.15902
1788151500000,1.15902,1.1590799999999999,1.15895,1.1590399999999998
1788152400000,1.15905,1.15905,1.15881,1.15899
1788153300000,1.15899,1.1590799999999999,1.15881,1.1590699999999998
1788154200000,1.15906,1.15907,1.15867,1.15887
1788155100000,1.15888,1.159,1.15868,1.15899
1788156000000,1.1589800000000001,1.15899,1.15863,1.15883
1788156900000,1.15882,1.15908,1.15863,1.15869
1788157800000,1.15868,1.1590799999999999,1.15864,1.1587699999999999
1788158700000,1.15876,1.1588699999999998,1.15841,1.15882
1788159600000,1.15883,1.1589,1.15841,1.1587999999999998
1788160500000,1.15881,1.15958,1.15852,1.15935
1788161400000,1.1593799999999999,1.1599,1.15932,1.1598499999999998
1788162300000,1.15984,1.16028,1.15984,1.16021
1788163200000,1.16015,1.16054,1.1597,1.15976
1788164100000,1.15975,1.1598600000000001,1.15958,1.15975
1788165000000,1.1597600000000001,1.15988,1.15962,1.15968
1788165900000,1.15967,1.15984,1.15925,1.15936
1788166800000,1.15937,1.15997,1.15936,1.15994
1788167700000,1.15992,1.16004,1.15965,1.1597600000000001
1788168600000,1.15977,1.15986,1.15946,1.15966
1788169500000,1.15965,1.15994,1.15961,1.1598600000000001
1788170400000,1.15987,1.1601599999999999,1.1598,1.16007
1788171300000,1.16006,1.16015,1.15982,1.16012
1788172200000,1.16013,1.16015,1.15968,1.15968
1788173100000,1.15969,1.15997,1.15961,1.15967
1788174000000,1.1596600000000001,1.1599300000000001,1.15952,1.15982
1788174900000,1.15984,1.16024,1.1598,1.16017
1788175800000,1.16018,1.1602299999999999,1.15987,1.15995
1788176700000,1.1599700000000002,1.15998,1.15952,1.1595900000000001
1788177600000,1.15957,1.15979,1.15927,1.15977
1788178500000,1.15978,1.15995,1.15938,1.15961
1788179400000,1.15962,1.1596300000000002,1.15911,1.1593200000000001
1788180300000,1.15931,1.1596,1.1592,1.15947
1788181200000,1.15948,1.1597600000000001,1.15931,1.1596
1788182100000,1.15958,1.16005,1.15952,1.1599400000000002
1788183000000,1.15993,1.16005,1.15946,1.15953
1788183900000,1.15954,1.15992,1.1594,1.15992
1788184800000,1.1599,1.16019,1.15947,1.16007
1788185700000,1.1600599999999999,1.16049,1.15994,1.16021
1788186600000,1.16022,1.1607,1.16011,1.1605699999999999
1788187500000,1.1605699999999999,1.16176,1.16054,1.1613499999999999
1788188400000,1.16134,1.16167,1.16121,1.16144
1788189300000,1.16143,1.16162,1.16117,1.16161
1788190200000,1.1616,1.16194,1.1616,1.16171
1788191100000,1.1617300000000002,1.16201,1.16151,1.1615900000000001
1788192000000,1.1616,1.16173,1.16149,1.16154
1788192900000,1.1615499999999999,1.1617199999999999,1.16146,1.16161
1788193800000,1.1616300000000002,1.1616300000000002,1.16138,1.1614
1788194700000,1.16141,1.16164,1.16133,1.1616
1788195600000,1.1616099999999998,1.1616799999999998,1.16142,1.16163
1788196500000,1.1616199999999999,1.16173,1.16149,1.16149
1788197400000,1.1615,1.1615900000000001,1.16141,1.1615600000000001
1788198300000,1.16155,1.1616900000000001,1.16147,1.16148
1788199200000,1.16149,1.16169,1.1614,1.16169
1788200100000,1.16168,1.1616900000000001,1.16152,1.1615300000000002
1788201000000,1.16154,1.16159,1.1614,1.16145
1788201900000,1.16146,1.1617,1.16143,1.16151
1788202800000,1.1615,1.16168,1.16144,1.16157
1788203700000,1.16156,1.16173,1.16154,1.16162
1788204600000,1.16161,1.16171,1.1614,1.16147
1788205500000,1.16146,1.16178,1.16143,1.16159
1788206400000,1.16158,1.1617300000000002,1.16148,1.16148
1788207300000,1.1614600000000002,1.1614900000000001,1.16138,1.16141
1788208200000,1.1614200000000001,1.16157,1.16138,1.1615300000000002
1788209100000,1.1615499999999999,1.16169,1.16153,1.1616499999999998
1788210000000,1.16164,1.16164,1.1611,1.16148
1788210900000,1.16147,1.1616000000000002,1.16145,1.1616000000000002
1788211800000,1.16158,1.1617,1.16157,1.16166
1788212700000,1.1616900000000001,1.1617300000000002,1.16165,1.16167
1788213600000,1.16169,1.1618199999999999,1.16163,1.1616499999999998
1788214500000,1.16164,1.16169,1.16159,1.1616099999999998
1788215400000,1.16161,1.1616600000000001,1.16145,1.1614600000000002
1788216300000,1.1614499999999999,1.1614799999999998,1.16136,1.16143
1788217200000,1.1614300000000002,1.1614300000000002,1.16121,1.1613
1788218100000,1.16126,1.16148,1.16126,1.16147
1788219000000,1.1614799999999998,1.16169,1.16146,1.16163
1788219900000,1.16163,1.16178,1.1616,1.16177
1788220800000,1.1617600000000001,1.16219,1.16151,1.16195
1788221700000,1.1619599999999999,1.16237,1.1619,1.1622999999999999
1788222600000,1.16231,1.1624,1.16205,1.16209
1788223500000,1.16211,1.16213,1.16171,1.16177
1788224400000,1.16178,1.16183,1.16129,1.16134
1788225300000,1.16135,1.16151,1.161,1.16106
1788226200000,1.1610800000000001,1.1612500000000001,1.16094,1.1612500000000001
1788227100000,1.16123,1.1612500000000001,1.16067,1.1609500000000001
1788228000000,1.16096,1.16096,1.16056,1.16073
1788228900000,1.16072,1.161,1.16072,1.16095
1788229800000,1.1609299999999998,1.16095,1.16064,1.1607299999999998
1788230700000,1.16074,1.16094,1.16067,1.16094
1788231600000,1.16093,1.16094,1.1606,1.16087
1788232500000,1.16088,1.1609399999999999,1.16051,1.16066
1788233400000,1.1606500000000002,1.16074,1.16057,1.1606400000000001
1788234300000,1.1606299999999998,1.16069,1.16051,1.16051
1788235200000,1.1605,1.16063,1.1604,1.16046
1788236100000,1.16046,1.16048,1.16028,1.16029
1788237000000,1.1603,1.16042,1.16023,1.1604100000000002
1788237900000,1.1603999999999999,1.16052,1.16031,1.16052
1788238800000,1.16051,1.16089,1.16051,1.16076
1788239700000,1.16077,1.16077,1.16055,1.1607399999999999
1788240600000,1.16073,1.16093,1.16065,1.16079
1788241500000,1.1607999999999998,1.1609399999999999,1.16071,1.16078
1788242400000,1.16076,1.16081,1.16054,1.16062
1788243300000,1.16061,1.1607699999999999,1.1601,1.16014
1788244200000,1.16016,1.1602700000000001,1.15996,1.16022
1788245100000,1.1602299999999999,1.16045,1.16007,1.16044
1788246000000,1.16048,1.16065,1.16009,1.1603
1788246900000,1.16028,1.16028,1.15972,1.15972
1788247800000,1.15973,1.1597600000000001,1.15917,1.15917
1788248700000,1.15916,1.15954,1.15914,1.15948
1788249600000,1.15947,1.15969,1.15877,1.1588500000000002
1788250500000,1.15887,1.15937,1.15874,1.15913
1788251400000,1.15912,1.1594,1.15882,1.15926
1788252300000,1.1592500000000001,1.15941,1.1591,1.15935
1788253200000,1.1593499999999999,1.1597499999999998,1.15922,1.1596
1788254100000,1.15961,1.1597300000000001,1.15945,1.1595600000000001
1788255000000,1.15957,1.15998,1.15954,1.15979
1788255900000,1.15977,1.16008,1.15925,1.15926
1788256800000,1.1592500000000001,1.15941,1.15914,1.1592
1788257700000,1.15921,1.15952,1.15918,1.1592900000000002
1788258600000,1.1592799999999999,1.15933,1.15898,1.1590099999999999
1788259500000,1.159,1.1592799999999999,1.15895,1.15917
1788260400000,1.15916,1.15926,1.15895,1.15912
1788261300000,1.1591,1.1595499999999999,1.15905,1.15946
1788262200000,1.1594499999999999,1.1595399999999998,1.15925,1.15939
1788263100000,1.1594,1.15949,1.1591,1.15922
1788264000000,1.1591900000000002,1.1592600000000002,1.15877,1.15906
1788264900000,1.15909,1.1594,1.15899,1.15917
1788265800000,1.15918,1.15929,1.15896,1.15911
1788266700000,1.15912,1.15936,1.1591,1.1592500000000001
1788267600000,1.15926,1.15928,1.15887,1.15903
1788268500000,1.1590200000000002,1.15921,1.15897,1.1591900000000002
1788269400000,1.1592,1.16013,1.1592,1.16009
1788270300000,1.16008,1.16013,1.15971,1.16008
1788271200000,1.16014,1.16076,1.15983,1.1606699999999999
1788272100000,1.1606800000000002,1.16074,1.16006,1.16006
1788273000000,1.16007,1.16027,1.15991,1.15998
1788273900000,1.1599599999999999,1.16014,1.1594,1.15958
1788274800000,1.15959,1.1598199999999999,1.15936,1.15943
1788275700000,1.15944,1.1594900000000001,1.15901,1.1593200000000001
1788276600000,1.15933,1.15934,1.15902,1.15913
1788277500000,1.15912,1.1592,1.15886,1.15917
1788278400000,1.1591799999999999,1.1592699999999998,1.15898,1.15899
1788279300000,1.1589800000000001,1.15911,1.15843,1.15867
1788280200000,1.15866,1.1590399999999998,1.15848,1.15871
1788281100000,1.15872,1.15874,1.15849,1.15851
1788282000000,1.15852,1.15896,1.15845,1.15881
1788282900000,1.1588,1.15929,1.15872,1.15929
1788283800000,1.1593,1.15951,1.15867,1.15879
1788284700000,1.1588,1.15881,1.15855,1.1587
1788285600000,1.15869,1.15903,1.15868,1.15876
1788286500000,1.15875,1.15891,1.15866,1.15872
1788287400000,1.1586900000000002,1.1587500000000002,1.15847,1.1586100000000001
1788288300000,1.15863,1.15899,1.15862,1.15897
1788289200000,1.15898,1.1592399999999998,1.15885,1.1592
1788290100000,1.1592099999999999,1.1592399999999998,1.15898,1.15902
1788291000000,1.15903,1.15916,1.15881,1.15882
1788291900000,1.15883,1.1589500000000001,1.15874,1.15893
1788292800000,1.15894,1.15894,1.1587,1.1587
1788293700000,1.15871,1.15899,1.15868,1.15893
1788294600000,1.15891,1.15919,1.1589,1.15908
1788295500000,1.15909,1.15925,1.15906,1.15919
1788296400000,1.1591500000000001,1.1591500000000001,1.1585,1.15873
1788297300000,1.1587299999999998,1.1588999999999998,1.15861,1.15872
1788298200000,1.15872,1.159,1.15863,1.15891
1788299100000,1.15893,1.15907,1.15886,1.15899
1788300000000,1.15904,1.15952,1.15904,1.15947
1788300900000,1.15946,1.15956,1.1593,1.15931
1788301800000,1.15932,1.1593499999999999,1.15919,1.15919
1788302700000,1.1592,1.15926,1.15915,1.1592099999999999
1788303600000,1.15921,1.15927,1.15917,1.15924
1788304500000,1.15923,1.1592399999999998,1.15915,1.1591699999999998
1788305400000,1.15916,1.15924,1.15909,1.1592099999999999
1788306300000,1.1592200000000001,1.15927,1.159,1.159
1788307200000,1.1590099999999999,1.15913,1.15864,1.1587999999999998
1788308100000,1.1588100000000001,1.1591,1.15856,1.15862
1788309000000,1.1586299999999998,1.15882,1.15851,1.1587699999999999
1788309900000,1.15878,1.15878,1.15828,1.15828
1788310800000,1.1582700000000001,1.1583800000000002,1.15806,1.15816
1788311700000,1.1581599999999999,1.15834,1.15814,1.15822
1788312600000,1.15821,1.15826,1.15764,1.15775
1788313500000,1.15774,1.1578700000000002,1.15765,1.15785
1788314400000,1.15786,1.15797,1.15756,1.1579599999999999
1788315300000,1.15796,1.1581,1.15771,1.15796
1788316200000,1.1579799999999998,1.1582499999999998,1.15786,1.15811
1788317100000,1.15811,1.15815,1.158,1.15811
1788318000000,1.15811,1.1582,1.15797,1.1579899999999999
1788318900000,1.15798,1.15804,1.1578,1.1578
1788319800000,1.15782,1.15789,1.15774,1.15777
1788320700000,1.15777,1.15793,1.15777,1.15793
1788321600000,1.15793,1.15794,1.15756,1.1576199999999999
1788322500000,1.15761,1.1576899999999999,1.15736,1.15757
1788323400000,1.15758,1.15765,1.15748,1.15758
1788324300000,1.15759,1.15776,1.15746,1.15753
1788325200000,1.15753,1.15765,1.1573,1.15762
1788326100000,1.15761,1.15791,1.15761,1.1579
1788327000000,1.1579400000000002,1.1580400000000002,1.15779,1.15792
1788327900000,1.15791,1.15815,1.15791,1.15795
1788328800000,1.15798,1.15844,1.1579,1.1581899999999998
1788329700000,1.15818,1.15819,1.15765,1.15771
1788330600000,1.1577,1.1578,1.15739,1.1577
1788331500000,1.15771,1.15771,1.15668,1.15672
1788332400000,1.15673,1.1573300000000002,1.15657,1.15727
1788333300000,1.1572500000000001,1.15738,1.15707,1.1572900000000002
1788334200000,1.1573,1.1577899999999999,1.15725,1.15757
1788335100000,1.15759,1.15785,1.15753,1.15773
1788336000000,1.1577400000000002,1.15805,1.15769,1.15782
1788336900000,1.15781,1.15804,1.15775,1.15787
1788337800000,1.15788,1.1581599999999999,1.15783,1.15801
1788338700000,1.1580199999999998,1.15807,1.15722,1.1572799999999999
1788339600000,1.15727,1.15773,1.15716,1.15741
1788340500000,1.1574200000000001,1.1575900000000001,1.15731,1.15751
1788341400000,1.15752,1.1575900000000001,1.15724,1.15734
1788342300000,1.1573200000000001,1.15737,1.15701,1.1570900000000002
1788343200000,1.1571,1.1572099999999998,1.15688,1.1572
1788344100000,1.15719,1.15723,1.15681,1.1568999999999998
1788345000000,1.15689,1.1569099999999999,1.15664,1.15675
1788345900000,1.15676,1.15722,1.15665,1.15719
1788346800000,1.1572,1.15763,1.15706,1.15753
1788347700000,1.15755,1.15778,1.15734,1.15735
1788348600000,1.15734,1.15786,1.15723,1.15744
1788349500000,1.15743,1.1578,1.15737,1.15767
1788350400000,1.15768,1.15808,1.1576,1.15782
1788351300000,1.1578300000000001,1.15849,1.15762,1.15818
1788352200000,1.1581700000000001,1.15819,1.15751,1.1575900000000001
1788353100000,1.1576000000000002,1.15823,1.15755,1.15778
1788354000000,1.15779,1.15811,1.15775,1.15781
1788354900000,1.1578,1.16086,1.15774,1.15949
1788355800000,1.1595,1.1596899999999999,1.15879,1.15968
1788356700000,1.15967,1.16045,1.15916,1.16039
1788357600000,1.16038,1.16038,1.15927,1.15936
1788358500000,1.15939,1.15953,1.15881,1.15909
1788359400000,1.15908,1.15938,1.15886,1.15902
1788360300000,1.15903,1.15947,1.15883,1.15928
1788361200000,1.1592900000000002,1.15965,1.15911,1.15921
1788362100000,1.15925,1.15943,1.15885,1.15942
1788363000000,1.15945,1.1595900000000001,1.159,1.159
1788363900000,1.15899,1.15925,1.15889,1.15915
1788364800000,1.15916,1.1593,1.15904,1.1593
1788365700000,1.15928,1.1593600000000002,1.15884,1.15886
1788366600000,1.15885,1.15907,1.15883,1.15896
1788367500000,1.15895,1.15913,1.15866,1.15866
1788368400000,1.15867,1.15885,1.15849,1.15855
1788369300000,1.15856,1.15862,1.15829,1.1586100000000001
1788370200000,1.1585999999999999,1.1587699999999999,1.15841,1.15862
1788371100000,1.1586100000000001,1.15893,1.15857,1.1586100000000001
1788372000000,1.15862,1.15871,1.15854,1.15858
1788372900000,1.15859,1.1589200000000002,1.1584,1.15856
1788373800000,1.1585699999999999,1.1587399999999999,1.15841,1.15841
1788374700000,1.15842,1.15862,1.15841,1.15852
1788375600000,1.15854,1.1585699999999999,1.15821,1.15822
1788376500000,1.15824,1.15858,1.15824,1.15841
1788377400000,1.1584400000000001,1.1585,1.15839,1.15848
1788378300000,1.15849,1.1587100000000001,1.15829,1.15868
1788379200000,1.1587,1.1589500000000001,1.15867,1.15884
1788380100000,1.1588299999999998,1.15895,1.15871,1.15872
1788381000000,1.1587100000000001,1.15887,1.1587,1.1588500000000002
1788381900000,1.15886,1.15889,1.15868,1.15879
1788382800000,1.1586999999999998,1.1586999999999998,1.15827,1.15861
1788383700000,1.1586100000000001,1.1587,1.15847,1.1586100000000001
1788384600000,1.1585999999999999,1.1586999999999998,1.15851,1.15861
1788385500000,1.15863,1.15868,1.15848,1.15848
1788386400000,1.1585,1.1588800000000001,1.1585,1.15862
1788387300000,1.15862,1.15862,1.15848,1.1585699999999999
1788388200000,1.1585699999999999,1.15875,1.15855,1.15864
1788389100000,1.1586400000000001,1.15873,1.15857,1.15863
1788390000000,1.1586400000000001,1.1586800000000002,1.15846,1.15848
1788390900000,1.15848,1.1585699999999999,1.15845,1.15849
1788391800000,1.15849,1.1584999999999999,1.15838,1.15845
1788392700000,1.1584500000000002,1.15849,1.1584,1.1584500000000002
1788393600000,1.15846,1.15865,1.15829,1.15849
1788394500000,1.1584999999999999,1.1589399999999999,1.15848,1.15888
1788395400000,1.15889,1.15892,1.15866,1.15869
1788396300000,1.1586800000000002,1.15903,1.15863,1.15889
1788397200000,1.1589,1.15895,1.15882,1.15889
1788398100000,1.15888,1.1590999999999998,1.15871,1.15909
1788399000000,1.15907,1.1592900000000002,1.15894,1.15896
1788399900000,1.15895,1.1590099999999999,1.15845,1.15856
1788400800000,1.1585699999999999,1.1587699999999999,1.15848,1.15866
1788401700000,1.15865,1.1591,1.15848,1.15892
1788402600000,1.15893,1.15944,1.15887,1.15903
1788403500000,1.1590500000000001,1.15929,1.1589,1.15906
1788404400000,1.15907,1.15968,1.15904,1.15951
1788405300000,1.1595,1.15957,1.15937,1.1595
1788406200000,1.15949,1.15973,1.15939,1.1597
1788407100000,1.1597,1.15974,1.15954,1.1596
1788408000000,1.15961,1.15971,1.15946,1.15966
1788408900000,1.15967,1.15969,1.15955,1.15969
1788409800000,1.1597000000000002,1.1599700000000002,1.15965,1.15989
1788410700000,1.1599,1.15992,1.1594,1.1595
1788411600000,1.15949,1.15956,1.1593,1.15939
1788412500000,1.15941,1.1598600000000001,1.15937,1.15971
1788413400000,1.1597199999999999,1.1599199999999998,1.15966,1.15974
1788414300000,1.15975,1.1599899999999999,1.1597,1.15995
1788415200000,1.15991,1.15998,1.15956,1.1597
1788416100000,1.15971,1.16001,1.15961,1.15999
1788417000000,1.16002,1.16073,1.16002,1.1606400000000001
1788417900000,1.16063,1.16078,1.16039,1.16039
1788418800000,1.16037,1.16141,1.16031,1.16064
1788419700000,1.16063,1.16098,1.16041,1.1604299999999999
1788420600000,1.16045,1.16075,1.16014,1.16019
1788421500000,1.1602000000000001,1.16063,1.16013,1.1603500000000002
1788422400000,1.16036,1.1608,1.15992,1.16006
1788423300000,1.1600499999999998,1.16042,1.15993,1.16042
1788424200000,1.1604100000000002,1.1606100000000001,1.16016,1.1606
1788425100000,1.16061,1.1611,1.16059,1.16086
1788426000000,1.16085,1.16118,1.16042,1.16044
1788426900000,1.16045,1.1606100000000001,1.16016,1.16029
1788427800000,1.1603,1.16045,1.16008,1.16039
1788428700000,1.1604100000000002,1.16059,1.1603,1.1605200000000002
1788429600000,1.16053,1.16065,1.16008,1.16009
1788430500000,1.16008,1.16024,1.15994,1.16005
1788431400000,1.16004,1.1601,1.15973,1.1598199999999999
1788432300000,1.15981,1.1604700000000001,1.15979,1.1603400000000001
1788433200000,1.1603500000000002,1.16076,1.16013,1.1607
1788434100000,1.16071,1.16138,1.16069,1.16095
1788435000000,1.1609399999999999,1.1611099999999999,1.16047,1.1608399999999999
1788435900000,1.16081,1.1614,1.16075,1.1612099999999999
1788436800000,1.16124,1.16164,1.16107,1.16128
1788437700000,1.1612900000000002,1.1614,1.16077,1.16089
1788438600000,1.16086,1.16244,1.16086,1.16185
1788439500000,1.16184,1.16297,1.1617,1.16253
1788440400000,1.16252,1.1628100000000001,1.16209,1.1626
1788441300000,1.1626100000000001,1.16273,1.16195,1.16228
1788442200000,1.16229,1.16245,1.16182,1.16225
1788443100000,1.16226,1.16272,1.16168,1.16267
1788444000000,1.1622400000000002,1.1627100000000001,1.16196,1.1624100000000002
1788444900000,1.1623999999999999,1.16249,1.16194,1.16226
1788445800000,1.16225,1.16235,1.16135,1.16135
1788446700000,1.16134,1.1620000000000001,1.16128,1.16178
1788447600000,1.16177,1.1624,1.16171,1.1623
1788448500000,1.16229,1.16242,1.16207,1.1623599999999998
1788449400000,1.1623999999999999,1.1626999999999998,1.1618,1.16193
1788450300000,1.16194,1.16231,1.16169,1.16224
1788451200000,1.16223,1.1627,1.16208,1.16266
1788452100000,1.16268,1.16349,1.16268,1.1634799999999998
1788453000000,1.16349,1.16369,1.16333,1.16366
1788453900000,1.16365,1.1640700000000002,1.16362,1.1636300000000002
1788454800000,1.16364,1.16381,1.16348,1.1636
1788455700000,1.16359,1.16377,1.16347,1.16364
1788456600000,1.1636499999999999,1.1637499999999998,1.16356,1.16361
1788457500000,1.1636,1.1636600000000001,1.16321,1.1632200000000001
1788458400000,1.16323,1.16349,1.16312,1.16339
1788459300000,1.16338,1.1636,1.1633,1.16346
1788460200000,1.16347,1.16349,1.16326,1.16326
1788461100000,1.1632799999999999,1.16343,1.16316,1.16342
1788462000000,1.1634099999999998,1.16347,1.16285,1.16285
1788462900000,1.1628399999999999,1.16292,1.16251,1.1626299999999998
1788463800000,1.16262,1.16272,1.16247,1.1626599999999998
1788464700000,1.16266,1.16301,1.16266,1.16282
1788465600000,1.16283,1.16296,1.16273,1.16274
1788466500000,1.1627299999999998,1.1627399999999999,1.16254,1.16264
1788467400000,1.16265,1.1627100000000001,1.16253,1.1626100000000001
1788468300000,1.1626100000000001,1.1627200000000002,1.1625,1.16252
1788469200000,1.1625,1.1625,1.16192,1.16236
1788470100000,1.16235,1.16248,1.16219,1.16229
1788471000000,1.1622999999999999,1.1623599999999998,1.16224,1.16227
1788471900000,1.16222,1.16239,1.16222,1.16234
1788472800000,1.1624100000000002,1.16265,1.16236,1.1625800000000002
1788473700000,1.1625699999999999,1.16261,1.16248,1.16254
1788474600000,1.16254,1.16259,1.16242,1.16246
1788475500000,1.1624700000000001,1.16248,1.16222,1.16225
1788476400000,1.16225,1.1624400000000001,1.16222,1.16233
1788477300000,1.16233,1.16249,1.16233,1.1624400000000001
1788478200000,1.1624400000000001,1.16269,1.16243,1.16257
1788479100000,1.16259,1.16279,1.16253,1.16274
1788480000000,1.16275,1.16308,1.16269,1.1628
1788480900000,1.1627999999999998,1.16285,1.16254,1.16255
1788481800000,1.1625599999999998,1.16279,1.16247,1.1627399999999999
1788482700000,1.16277,1.16307,1.16273,1.16273
1788483600000,1.16274,1.16291,1.16267,1.1627
1788484500000,1.16269,1.16311,1.16266,1.16287
1788485400000,1.16286,1.1629,1.16272,1.16288
1788486300000,1.16286,1.1629500000000002,1.16274,1.1629500000000002
1788487200000,1.16296,1.16326,1.16289,1.16294
1788488100000,1.16295,1.16298,1.16254,1.16268
1788489000000,1.16269,1.16285,1.16264,1.16275
1788489900000,1.1627399999999999,1.16292,1.16265,1.1627
1788490800000,1.16269,1.16279,1.16262,1.16276
1788491700000,1.1627599999999998,1.16281,1.16264,1.1626599999999998
1788492600000,1.16265,1.16266,1.16225,1.16226
1788493500000,1.1622700000000001,1.1624,1.16219,1.16223
1788494400000,1.16224,1.1627100000000001,1.16222,1.1625
1788495300000,1.16249,1.16252,1.16229,1.16245
1788496200000,1.16246,1.1627100000000001,1.1624,1.1626500000000002
1788497100000,1.1626599999999998,1.1626999999999998,1.16254,1.1625999999999999
1788498000000,1.16261,1.16266,1.16242,1.16265
1788498900000,1.16263,1.16272,1.16259,1.16268
1788499800000,1.16269,1.16282,1.16258,1.1625999999999999
1788500700000,1.16261,1.16278,1.16245,1.1627399999999999
1788501600000,1.16273,1.16297,1.1627,1.16293
1788502500000,1.1629200000000002,1.16293,1.16274,1.16286
1788503400000,1.16287,1.1629399999999999,1.16265,1.16281
1788504300000,1.1628,1.16289,1.16265,1.16269
1788505200000,1.1626699999999999,1.16293,1.16255,1.16255
1788506100000,1.16256,1.1628100000000001,1.1625,1.16279
1788507000000,1.16278,1.1628399999999999,1.16255,1.16277
1788507900000,1.16278,1.1628,1.16205,1.16221
1788508800000,1.16222,1.16229,1.16181,1.1619
1788509700000,1.16189,1.16226,1.16185,1.16225
1788510600000,1.16226,1.16232,1.16205,1.1623
1788511500000,1.16231,1.1624999999999999,1.16221,1.16246
1788512400000,1.16245,1.16245,1.16209,1.16219
1788513300000,1.1622,1.16235,1.16204,1.16212
1788514200000,1.1621299999999999,1.1622,1.16184,1.1619599999999999
1788515100000,1.16197,1.1620300000000001,1.16158,1.16167
1788516000000,1.1616600000000001,1.1618700000000002,1.16162,1.16185
1788516900000,1.16186,1.16203,1.1617,1.16175
1788517800000,1.16174,1.16198,1.16165,1.16196
1788518700000,1.16197,1.16227,1.16197,1.16202
1788519600000,1.16201,1.16222,1.16198,1.16213
1788520500000,1.16214,1.16231,1.16204,1.16212
1788521400000,1.1621100000000002,1.16216,1.16189,1.1621100000000002
1788522300000,1.16212,1.16232,1.16196,1.1620000000000001
1788523200000,1.16201,1.16235,1.16198,1.16213
1788524100000,1.1621400000000002,1.16263,1.16213,1.16256
1788525000000,1.16259,1.1626100000000001,1.15843,1.1598600000000001
1788525900000,1.15986,1.1603999999999999,1.15899,1.16011
1788526800000,1.16012,1.1603400000000001,1.15958,1.16001
1788527700000,1.1600000000000001,1.16151,1.15999,1.16144
1788528600000,1.16145,1.16178,1.16091,1.1614300000000002
1788529500000,1.1614200000000001,1.16226,1.16083,1.16097
1788530400000,1.16096,1.1615,1.16082,1.16129
1788531300000,1.1612799999999999,1.1617099999999998,1.16108,1.1615
1788532200000,1.16153,1.1621199999999998,1.16142,1.1619499999999998
1788533100000,1.16196,1.16206,1.1613,1.16149
1788534000000,1.1615,1.16218,1.16119,1.1621599999999999
1788534900000,1.16212,1.16222,1.16188,1.1619
1788535800000,1.16191,1.1622199999999998,1.16186,1.16194
1788536700000,1.16195,1.16227,1.1617,1.1617199999999999
1788537600000,1.16171,1.16221,1.16171,1.16215
1788538500000,1.16214,1.16241,1.16201,1.16206
1788539400000,1.1620700000000002,1.1623,1.16196,1.16212
1788540300000,1.16211,1.1622199999999998,1.16186,1.16201
1788541200000,1.1620000000000001,1.16201,1.16145,1.1615300000000002
1788542100000,1.16154,1.16172,1.16128,1.16131
1788543000000,1.1613,1.16144,1.1612,1.16121
1788543900000,1.16123,1.1613799999999999,1.16115,1.16119
1788544800000,1.16121,1.16128,1.16101,1.16104
1788545700000,1.16108,1.1612,1.16098,1.16108
1788546600000,1.16109,1.16119,1.16093,1.16094
1788547500000,1.16093,1.16103,1.1608,1.16101
1788548400000,1.161,1.16123,1.16095,1.1611799999999999
1788549300000,1.16116,1.16142,1.16116,1.16142
1788550200000,1.16141,1.16153,1.16126,1.16151
1788551100000,1.1615,1.16151,1.1613,1.16141
1788552000000,1.1614,1.16148,1.16117,1.16121
1788552900000,1.16122,1.16132,1.16115,1.16126
1788553800000,1.16127,1.16128,1.16114,1.16118
1788554700000,1.1612,1.16138,1.1611,1.16131
1788728400000,1.1612,1.16121,1.16106,1.1611
1788729300000,1.16116,1.16116,1.16068,1.16069
1788730200000,1.16066,1.16096,1.16024,1.1603599999999998
1788731100000,1.16079,1.16079,1.16015,1.16029
1788732000000,1.1605,1.1612,1.1605,1.1611900000000002
1788732900000,1.1612,1.16126,1.16117,1.16121
1788733800000,1.1611799999999999,1.16123,1.16116,1.1612
1788734700000,1.1612,1.1613099999999998,1.16119,1.16124
1788735600000,1.1612500000000001,1.1615,1.16124,1.16147
1788736500000,1.16147,1.16148,1.16141,1.16141
1788737400000,1.1614,1.1615499999999999,1.16136,1.1615
1788738300000,1.1615,1.16152,1.16124,1.16126
1788739200000,1.16127,1.16147,1.16121,1.1614
1788740100000,1.16139,1.16183,1.16139,1.1617499999999998
1788741000000,1.1617600000000001,1.16194,1.16171,1.1618600000000001
1788741900000,1.16186,1.1619599999999999,1.16166,1.16177
1788742800000,1.1617899999999999,1.16181,1.1615,1.16166
1788743700000,1.16169,1.1617099999999998,1.16125,1.1615799999999998
1788744600000,1.16157,1.16159,1.16126,1.1613499999999999
1788745500000,1.16136,1.16159,1.16125,1.16129
1788746400000,1.16129,1.16132,1.16089,1.1609
1788747300000,1.16089,1.16105,1.16082,1.16105
1788748200000,1.16108,1.16114,1.16082,1.16085
1788749100000,1.16084,1.16093,1.16069,1.16086
1788750000000,1.1608699999999998,1.16096,1.16078,1.16088
1788750900000,1.1608800000000001,1.16116,1.16087,1.16114
1788751800000,1.1611500000000001,1.16116,1.16083,1.1609
1788752700000,1.1609099999999999,1.1611099999999999,1.16085,1.1611099999999999
1788753600000,1.1611,1.16114,1.16096,1.16101
1788754500000,1.161,1.16105,1.16093,1.16096
1788755400000,1.16095,1.161,1.16078,1.16089
1788756300000,1.16087,1.16114,1.16086,1.1610800000000001
1788757200000,1.1610900000000002,1.1611200000000002,1.16094,1.1609800000000001
1788758100000,1.16097,1.1610500000000001,1.16084,1.1609800000000001
1788759000000,1.16099,1.16109,1.16088,1.16098
1788759900000,1.16099,1.16139,1.16098,1.1613799999999999
1788760800000,1.16139,1.16139,1.16099,1.16109
1788761700000,1.16107,1.1616199999999999,1.16102,1.1615499999999999
1788762600000,1.16154,1.16188,1.16154,1.16163
1788763500000,1.16164,1.16173,1.16132,1.1614099999999998
1788764400000,1.1614,1.1615099999999998,1.16108,1.1613
1788765300000,1.16126,1.1617099999999998,1.16125,1.16167
1788766200000,1.16166,1.16191,1.16137,1.16161
1788767100000,1.1616,1.16234,1.16144,1.16231
1788768000000,1.1623,1.1631,1.16212,1.1631
1788768900000,1.1631099999999999,1.16353,1.16282,1.1631799999999999
1788769800000,1.16319,1.1633799999999999,1.16244,1.1624999999999999
1788770700000,1.16251,1.16257,1.16205,1.16205
1788771600000,1.16205,1.16229,1.16198,1.16216
1788772500000,1.16215,1.16245,1.16204,1.1623299999999999
1788773400000,1.16235,1.1625400000000001,1.16202,1.16216
1788774300000,1.16217,1.1622599999999998,1.1619,1.16198
1788775200000,1.1619700000000002,1.1623,1.16192,1.16219
1788776100000,1.16217,1.1624700000000001,1.16215,1.16232
1788777000000,1.1623100000000002,1.1624700000000001,1.16223,1.16246
1788777900000,1.16247,1.16262,1.16227,1.1623999999999999
1788778800000,1.16239,1.1625100000000002,1.16213,1.1622800000000002
1788779700000,1.16227,1.16241,1.16218,1.16233
1788780600000,1.16234,1.16244,1.16217,1.1622899999999998
1788781500000,1.1622800000000002,1.1624800000000002,1.16213,1.16225
1788782400000,1.16227,1.16242,1.16214,1.16215
1788783300000,1.16214,1.1626599999999998,1.16203,1.16265
1788784200000,1.1626400000000001,1.16277,1.16256,1.16272
1788785100000,1.16273,1.1627800000000001,1.1624,1.1624400000000001
1788786000000,1.16245,1.1626,1.16235,1.16259
1788786900000,1.1626,1.1626,1.16235,1.16244
1788787800000,1.16241,1.16261,1.16235,1.16256
1788788700000,1.16258,1.1629,1.16258,1.1628399999999999
1788789600000,1.16282,1.16316,1.16275,1.16306
1788790500000,1.1630500000000001,1.16324,1.1629,1.1629800000000001
1788791400000,1.16299,1.16303,1.16288,1.16293
1788792300000,1.1629099999999999,1.16322,1.16265,1.16306
1788793200000,1.16308,1.1631399999999998,1.16264,1.1626999999999998
1788794100000,1.16269,1.1630099999999999,1.16262,1.16299
1788795000000,1.16298,1.16306,1.16279,1.16288
1788795900000,1.1628699999999998,1.1628699999999998,1.16258,1.16271
1788796800000,1.16272,1.16272,1.16255,1.16265
1788797700000,1.16264,1.1627399999999999,1.16258,1.16273
1788798600000,1.16274,1.16291,1.16269,1.16291
1788799500000,1.1629,1.16293,1.16276,1.1628100000000001
1788800400000,1.1627999999999998,1.1627999999999998,1.16254,1.1625999999999999
1788801300000,1.1625999999999999,1.16262,1.16247,1.16248
1788802200000,1.16249,1.16251,1.16242,1.16248
1788803100000,1.16249,1.16251,1.16238,1.1624999999999999
1788804000000,1.16251,1.16252,1.16241,1.16241
1788804900000,1.16242,1.1624500000000002,1.1623,1.1623
1788805800000,1.16231,1.16236,1.16229,1.16235
1788806700000,1.1623400000000002,1.16235,1.16223,1.1623
1788807600000,1.1622999999999999,1.16231,1.16224,1.16225
1788808500000,1.16225,1.16225,1.16207,1.16221
1788809400000,1.1622000000000001,1.1622000000000001,1.16206,1.1620700000000002
1788810300000,1.16208,1.1621700000000001,1.16206,1.1621700000000001
1788811200000,1.16213,1.16216,1.16209,1.1621400000000002
1788812100000,1.16215,1.16221,1.16215,1.16216
1788813000000,1.16215,1.1622,1.16214,1.16218
1788813900000,1.1621800000000002,1.16225,1.16213,1.16225
1788814800000,1.1621400000000002,1.1622700000000001,1.16182,1.1621000000000001
1788815700000,1.16212,1.16226,1.16211,1.16219
1788816600000,1.16216,1.1622000000000001,1.16216,1.1621700000000001
1788817500000,1.16214,1.16229,1.16214,1.16218
1788818400000,1.16219,1.16244,1.16218,1.16236
1788819300000,1.16234,1.16255,1.16234,1.16254
1788820200000,1.16252,1.1625400000000001,1.1624,1.1624500000000002
1788821100000,1.16245,1.1625400000000001,1.16239,1.1625
1788822000000,1.1624999999999999,1.16273,1.16248,1.16273
1788822900000,1.1627299999999998,1.16296,1.16264,1.1627699999999999
1788823800000,1.16278,1.16288,1.16264,1.16288
1788824700000,1.1628900000000002,1.1629,1.16257,1.1627200000000002
1788825600000,1.1627399999999999,1.16307,1.16241,1.16245
1788826500000,1.16244,1.16272,1.16235,1.16268
1788827400000,1.16269,1.16286,1.16256,1.16257
1788828300000,1.16256,1.1626999999999998,1.16251,1.16261
1788829200000,1.16262,1.16275,1.16252,1.16273
1788830100000,1.1627500000000002,1.16324,1.1627,1.16313
1788831000000,1.16314,1.16321,1.1629,1.16306
1788831900000,1.16306,1.16328,1.16297,1.16328
1788832800000,1.16329,1.16341,1.163,1.1630800000000001
1788833700000,1.1631,1.1632900000000002,1.1627,1.16282
1788834600000,1.16283,1.16283,1.16232,1.16252
1788835500000,1.16253,1.16256,1.16231,1.16234
1788836400000,1.1623299999999999,1.16251,1.16224,1.16238
1788837300000,1.16237,1.1625699999999999,1.16234,1.1624999999999999
1788838200000,1.16249,1.16256,1.16235,1.16255
1788839100000,1.16254,1.16267,1.16235,1.16239
1788840000000,1.16243,1.16252,1.16232,1.16235
1788840900000,1.16235,1.16245,1.16218,1.16226
1788841800000,1.1622700000000001,1.16242,1.16226,1.1624100000000002
1788842700000,1.1624,1.16246,1.16225,1.16244
1788843600000,1.1624500000000002,1.1625500000000002,1.1624,1.16249
1788844500000,1.16249,1.16259,1.1623,1.16233
1788845400000,1.1623400000000002,1.1626400000000001,1.16229,1.1626400000000001
1788846300000,1.16264,1.1630399999999999,1.16261,1.1630099999999999
1788847200000,1.16303,1.16353,1.16282,1.16296
1788848100000,1.16295,1.16299,1.16227,1.1623999999999999
1788849000000,1.16241,1.1625299999999998,1.16207,1.16245
1788849900000,1.16245,1.16246,1.16202,1.16202
1788850800000,1.1620300000000001,1.16228,1.16172,1.16184
1788851700000,1.16181,1.16187,1.16127,1.1614200000000001
1788852600000,1.16141,1.1616000000000002,1.16094,1.1612
1788853500000,1.16119,1.16132,1.16093,1.16123
1788854400000,1.16122,1.16159,1.16095,1.16096
1788855300000,1.16095,1.16146,1.16079,1.1613
1788856200000,1.1612900000000002,1.1615300000000002,1.16111,1.1611200000000002
1788857100000,1.1611,1.16136,1.16092,1.161
1788858000000,1.161,1.16144,1.16085,1.1611099999999999
1788858900000,1.1611,1.16125,1.16102,1.16112
1788859800000,1.16111,1.16159,1.16103,1.16135
1788860700000,1.1613600000000002,1.16145,1.16114,1.1613600000000002
1788861600000,1.1613499999999999,1.16137,1.16109,1.1613
1788862500000,1.1612900000000002,1.16162,1.16101,1.16111
1788863400000,1.1611200000000002,1.1611200000000002,1.16084,1.1608900000000002
1788864300000,1.1608999999999998,1.16142,1.16088,1.1612
1788865200000,1.16121,1.16136,1.16086,1.16103
1788866100000,1.16106,1.1615499999999999,1.16099,1.16149
1788867000000,1.1615,1.16184,1.16117,1.1612500000000001
1788867900000,1.1612600000000002,1.1613600000000002,1.16074,1.1612900000000002
1788868800000,1.1612799999999999,1.1614399999999998,1.16115,1.16123
1788869700000,1.1612200000000001,1.16165,1.16101,1.1615900000000001
1788870600000,1.16161,1.16186,1.16143,1.16153
1788871500000,1.1615199999999999,1.16198,1.16143,1.16198
1788872400000,1.1619899999999999,1.16245,1.16193,1.1623299999999999
1788873300000,1.1623,1.16269,1.16215,1.16219
1788874200000,1.1622299999999999,1.16238,1.16183,1.16208
1788875100000,1.1620700000000002,1.16229,1.16192,1.16216
1788876000000,1.16215,1.16246,1.16185,1.16194
1788876900000,1.16193,1.16269,1.16184,1.16254
1788877800000,1.16255,1.16303,1.16254,1.16299
1788878700000,1.163,1.1630600000000002,1.16257,1.1630500000000001
1788879600000,1.16307,1.16334,1.16286,1.1630800000000001
1788880500000,1.16307,1.16325,1.16282,1.1629
1788881400000,1.16291,1.1630500000000001,1.16263,1.1627
1788882300000,1.16271,1.16276,1.16258,1.16258
1788883200000,1.16259,1.16261,1.16218,1.16219
1788884100000,1.1622000000000001,1.16233,1.16202,1.1623
1788885000000,1.1622899999999998,1.16235,1.16203,1.1620899999999998
1788885900000,1.1621,1.16235,1.162,1.1622899999999998
1788886800000,1.1623,1.16268,1.16229,1.16258
1788887700000,1.1625699999999999,1.16264,1.16245,1.1625699999999999
1788888600000,1.1625800000000002,1.16259,1.16233,1.1623800000000002
1788889500000,1.16239,1.16259,1.16238,1.16255
1788890400000,1.16256,1.16264,1.16248,1.16251
1788891300000,1.1625,1.16273,1.16239,1.16272
1788892200000,1.16273,1.163,1.16267,1.163
1788893100000,1.16299,1.163,1.16214,1.16283
1788894000000,1.16284,1.16299,1.16242,1.16256
1788894900000,1.1625699999999999,1.1626599999999998,1.16247,1.16251
1788895800000,1.16252,1.16267,1.16243,1.1626500000000002
1788896700000,1.1626400000000001,1.1626400000000001,1.16219,1.16226
1788897600000,1.16228,1.16249,1.16221,1.1622999999999999
1788898500000,1.16231,1.1623999999999999,1.16214,1.16222
1788899400000,1.1622100000000002,1.1623100000000002,1.16213,1.16223
1788900300000,1.16222,1.16231,1.16217,1.1622299999999999
1788901200000,1.16234,1.16239,1.16197,1.16217
1788902100000,1.16218,1.16224,1.16208,1.16224
1788903000000,1.16224,1.1623299999999999,1.1622,1.1622299999999999
1788903900000,1.16223,1.16245,1.16218,1.16242
1788904800000,1.16234,1.1626,1.16222,1.16258
1788905700000,1.16257,1.16265,1.16256,1.16265
1788906600000,1.1626699999999999,1.16269,1.16247,1.1624999999999999
1788907500000,1.16249,1.16254,1.16245,1.16253
1788908400000,1.1625100000000002,1.16258,1.16246,1.1625400000000001
1788909300000,1.1625699999999999,1.16264,1.16251,1.16264
1788910200000,1.16263,1.1628,1.16252,1.16278
1788911100000,1.16277,1.16284,1.16262,1.16273
1788912000000,1.16274,1.16311,1.16274,1.1629900000000002
1788912900000,1.1629900000000002,1.16313,1.16294,1.1631
1788913800000,1.16311,1.16311,1.1629,1.16301
1788914700000,1.163,1.16318,1.16293,1.16318
1788915600000,1.16319,1.16319,1.16282,1.16309
1788916500000,1.16308,1.1631799999999999,1.16271,1.16282
1788917400000,1.1628100000000001,1.1629200000000002,1.1627,1.16282
1788918300000,1.16283,1.16309,1.16283,1.16306
1788919200000,1.1630399999999999,1.16306,1.16281,1.16295
1788920100000,1.16294,1.1629800000000001,1.16274,1.1627800000000001
1788921000000,1.16277,1.16291,1.16276,1.16284
1788921900000,1.16286,1.16312,1.16286,1.16304
1788922800000,1.16305,1.16312,1.16295,1.16302
1788923700000,1.16302,1.1630399999999999,1.16292,1.1629399999999999
1788924600000,1.16293,1.16309,1.16285,1.16306
1788925500000,1.1630600000000002,1.1631500000000001,1.16291,1.1629600000000002
1788926400000,1.1629500000000002,1.1630800000000001,1.16291,1.16303
1788927300000,1.1630399999999999,1.16329,1.16295,1.1632099999999999
1788928200000,1.1632099999999999,1.16326,1.16305,1.16308
1788929100000,1.16309,1.16323,1.16303,1.16323
1788930000000,1.16324,1.16345,1.16314,1.16334
1788930900000,1.1633499999999999,1.16363,1.16329,1.16353
1788931800000,1.16352,1.1635900000000001,1.16327,1.16327
1788932700000,1.1632699999999998,1.1634499999999999,1.16315,1.16337
1788933600000,1.16339,1.1640199999999998,1.16339,1.164
1788934500000,1.16399,1.1644400000000001,1.16396,1.1639700000000002
1788935400000,1.16398,1.16418,1.16367,1.16372
1788936300000,1.16371,1.16392,1.16365,1.16377
1788937200000,1.16378,1.16448,1.16378,1.16438
1788938100000,1.1643700000000001,1.1645100000000002,1.16372,1.16388
1788939000000,1.16392,1.16442,1.16367,1.16442
1788939900000,1.1644299999999999,1.16488,1.16414,1.16422
1788940800000,1.16423,1.16427,1.16354,1.16383
1788941700000,1.16384,1.1639,1.16354,1.16362
1788942600000,1.16363,1.16368,1.16334,1.1634200000000001
1788943500000,1.16344,1.16363,1.1632,1.16322
1788944400000,1.16323,1.16335,1.163,1.16306
1788945300000,1.1631,1.16341,1.1631,1.1632500000000001
1788946200000,1.1632600000000002,1.1633600000000002,1.16294,1.1629500000000002
1788947100000,1.16294,1.1629800000000001,1.16219,1.16232
1788948000000,1.1622999999999999,1.1627699999999999,1.16214,1.16244
1788948900000,1.16245,1.16268,1.16231,1.16259
1788949800000,1.1626,1.16311,1.16257,1.16273
1788950700000,1.16272,1.1632799999999999,1.16272,1.16299
1788951600000,1.1629800000000001,1.1632900000000002,1.16297,1.1632500000000001
1788952500000,1.16326,1.16473,1.16316,1.16472
1788953400000,1.1647299999999998,1.1647399999999999,1.16417,1.16432
1788954300000,1.16434,1.16482,1.16424,1.16452
1788955200000,1.16453,1.1653600000000002,1.16453,1.16518
1788956100000,1.16519,1.16519,1.16452,1.16462
1788957000000,1.1646299999999998,1.1648399999999999,1.16447,1.16458
1788957900000,1.16461,1.16475,1.16421,1.16458
1788958800000,1.16459,1.16483,1.16453,1.16476
1788959700000,1.1647500000000002,1.1647500000000002,1.16443,1.1647100000000001
1788960600000,1.1646599999999998,1.16489,1.16447,1.16481
1788961500000,1.16482,1.1649399999999999,1.16451,1.1646999999999998
1788962400000,1.16469,1.16521,1.1646,1.16518
1788963300000,1.16519,1.16524,1.16445,1.16465
1788964200000,1.16464,1.16466,1.16438,1.16449
1788965100000,1.1645,1.16479,1.1644,1.1647500000000002
1788966000000,1.16477,1.1651,1.16225,1.1623
1788966900000,1.16229,1.1625,1.16196,1.1624500000000002
1788967800000,1.16246,1.1634200000000001,1.1623,1.1630800000000001
1788968700000,1.1631,1.16324,1.16246,1.16265
1788969600000,1.16266,1.16333,1.16266,1.16294
1788970500000,1.16295,1.16296,1.16264,1.16289
1788971400000,1.16288,1.1635399999999998,1.16281,1.1634499999999999
1788972300000,1.16344,1.16392,1.16343,1.16353
1788973200000,1.16352,1.1640700000000002,1.16345,1.1637600000000001
1788974100000,1.16375,1.16403,1.1637,1.1639899999999999
1788975000000,1.16398,1.16398,1.16358,1.16378
1788975900000,1.16379,1.1638300000000001,1.16372,1.16375
1788976800000,1.16377,1.16391,1.16368,1.1637600000000001
1788977700000,1.16375,1.16375,1.16344,1.16352
1788978600000,1.16353,1.16353,1.16303,1.16303
1788979500000,1.1630399999999999,1.1630399999999999,1.16275,1.16288
1788980400000,1.16287,1.16295,1.16252,1.16262
1788981300000,1.16263,1.1629,1.16258,1.16269
1788982200000,1.16268,1.16293,1.16265,1.16292
1788983100000,1.16294,1.16311,1.16294,1.16306
1788984000000,1.1630500000000001,1.16306,1.16277,1.1628500000000002
1788984900000,1.16286,1.16289,1.16272,1.16289
1788985800000,1.16292,1.16312,1.16292,1.16307
1788986700000,1.1630800000000001,1.16331,1.16307,1.16323
1788987600000,1.16256,1.16346,1.16238,1.1634499999999999
1788988500000,1.1634499999999999,1.16353,1.16333,1.16344
1788989400000,1.16344,1.16346,1.16339,1.1634099999999998
1788990300000,1.16339,1.16342,1.16325,1.16325
1788991200000,1.1632500000000001,1.1636600000000001,1.16324,1.1635
1788992100000,1.1635,1.16378,1.1635,1.16372
1788993000000,1.16374,1.1637499999999998,1.16356,1.1637
1788993900000,1.16367,1.16373,1.1636,1.1637
1788994800000,1.16371,1.16375,1.16362,1.16372
1788995700000,1.1637099999999998,1.16374,1.16359,1.16364
1788996600000,1.1636300000000002,1.1636900000000001,1.16345,1.1635600000000001
1788997500000,1.16357,1.16357,1.16322,1.16333
1788998400000,1.16333,1.1633799999999999,1.16305,1.1633
1788999300000,1.1633,1.1634,1.163,1.16301
1789000200000,1.16302,1.1631799999999999,1.16289,1.16315
1789001100000,1.16312,1.16334,1.16303,1.16306
1789002000000,1.16307,1.1635,1.16302,1.16347
1789002900000,1.16346,1.16358,1.16316,1.1631799999999999
1789003800000,1.1631799999999999,1.1633799999999999,1.16315,1.1633399999999998
1789004700000,1.16335,1.16395,1.1633,1.16391
1789005600000,1.16391,1.16405,1.16371,1.16377
1789006500000,1.16377,1.16379,1.16354,1.16358
1789007400000,1.16359,1.16373,1.16336,1.16357
1789008300000,1.1635600000000001,1.1639400000000002,1.16352,1.1639400000000002
1789009200000,1.1639300000000001,1.16396,1.16361,1.16362
1789010100000,1.16363,1.16371,1.16357,1.16368
1789011000000,1.16367,1.16374,1.16358,1.1636300000000002
1789011900000,1.16364,1.16383,1.16363,1.1638199999999999
1789012800000,1.16382,1.16399,1.16371,1.16388
1789013700000,1.16389,1.1639300000000001,1.16372,1.16372
1789014600000,1.16373,1.1638499999999998,1.16373,1.16374
1789015500000,1.16373,1.16378,1.16357,1.16362
1789016400000,1.16363,1.16378,1.16363,1.16377
1789017300000,1.16378,1.16384,1.16373,1.16383
1789018200000,1.16382,1.1639599999999999,1.16367,1.16369
1789019100000,1.1637,1.1640199999999998,1.16369,1.16397
1789020000000,1.16397,1.16397,1.16371,1.1637600000000001
1789020900000,1.16377,1.1639300000000001,1.16371,1.16391
1789021800000,1.16392,1.1639400000000002,1.16372,1.1637600000000001
1789022700000,1.16377,1.16395,1.1636,1.16393
1789023600000,1.16394,1.16394,1.1635,1.16374
1789024500000,1.16372,1.16391,1.16367,1.16384
1789025400000,1.16386,1.1641299999999999,1.1638,1.16403
1789026300000,1.1640400000000002,1.1640700000000002,1.16382,1.1639300000000001
1789027200000,1.16394,1.16394,1.16349,1.16353
1789028100000,1.16352,1.16382,1.16351,1.1638
1789029000000,1.16381,1.16391,1.16351,1.1636
1789029900000,1.16361,1.16378,1.16338,1.16374
1789030800000,1.16373,1.16398,1.16364,1.16397
1789031700000,1.16396,1.16398,1.16347,1.16364
1789032600000,1.16363,1.16364,1.16307,1.16326
1789033500000,1.1632799999999999,1.1634399999999998,1.16308,1.16342
1789034400000,1.16341,1.16374,1.16331,1.16348
1789035300000,1.16347,1.16356,1.163,1.16301
1789036200000,1.163,1.16304,1.16228,1.16234
1789037100000,1.16232,1.16292,1.16229,1.1627100000000001
1789038000000,1.16269,1.1628,1.16225,1.16239
1789038900000,1.16238,1.16249,1.16211,1.16227
1789039800000,1.16228,1.1625699999999999,1.16217,1.1625699999999999
1789040700000,1.16259,1.1626400000000001,1.16145,1.16165
1789041600000,1.1616199999999999,1.16188,1.16133,1.1614
1789042500000,1.1614399999999998,1.16242,1.16098,1.1621499999999998
1789043400000,1.16214,1.1626699999999999,1.15916,1.16007
1789044300000,1.16003,1.16092,1.15994,1.1603999999999999
1789045200000,1.16041,1.16069,1.15995,1.15999
1789046100000,1.15998,1.16044,1.1597,1.16021
1789047000000,1.16023,1.16173,1.16012,1.16155
1789047900000,1.16154,1.16185,1.16099,1.16107
1789048800000,1.16107,1.16221,1.16107,1.16188
1789049700000,1.1619,1.16244,1.16156,1.16208
1789050600000,1.16208,1.16283,1.16194,1.16241
1789051500000,1.1624,1.1628900000000002,1.1624,1.1628900000000002
1789052400000,1.16288,1.16309,1.16247,1.16279
1789053300000,1.16276,1.16307,1.16236,1.16243
1789054200000,1.16242,1.1628900000000002,1.1624,1.1627200000000002
1789055100000,1.1627299999999998,1.1629699999999998,1.16237,1.1627399999999999
1789056000000,1.16276,1.16282,1.16231,1.16248
1789056900000,1.1624599999999998,1.16281,1.16234,1.16255
1789057800000,1.16253,1.16258,1.16191,1.16213
1789058700000,1.16214,1.1621599999999999,1.1618,1.16188
1789059600000,1.1618899999999999,1.1621199999999998,1.16159,1.1620899999999998
1789060500000,1.1620899999999998,1.16225,1.162,1.16207
1789061400000,1.16208,1.16219,1.16181,1.16192
1789062300000,1.16193,1.1621,1.16181,1.16188
1789063200000,1.1618899999999999,1.1619,1.16122,1.16127
1789064100000,1.16128,1.16162,1.16121,1.1614900000000001
1789065000000,1.16148,1.16153,1.16126,1.1615199999999999
1789065900000,1.1615099999999998,1.16156,1.16122,1.16132
1789066800000,1.1612799999999999,1.1612799999999999,1.16085,1.1609399999999999
1789067700000,1.16093,1.16123,1.1609,1.16113
1789068600000,1.16115,1.16123,1.16095,1.1611
1789069500000,1.16109,1.16117,1.16092,1.16096
1789070400000,1.16093,1.16097,1.16082,1.16089
1789071300000,1.1609,1.16091,1.16049,1.16062
1789072200000,1.1606299999999998,1.16088,1.16061,1.1606699999999999
1789073100000,1.16067,1.1610200000000002,1.16067,1.1608900000000002
1789074000000,1.1611,1.16113,1.16063,1.16074
1789074900000,1.1607399999999999,1.1607399999999999,1.16051,1.1606299999999998
1789075800000,1.1606400000000001,1.16076,1.16063,1.16076
1789076700000,1.16076,1.16084,1.1605,1.16077
1789077600000,1.1607699999999999,1.16105,1.16058,1.1608
1789078500000,1.16081,1.16096,1.16078,1.1608399999999999
1789079400000,1.16084,1.1609500000000001,1.16077,1.1608800000000001
1789080300000,1.16086,1.16106,1.16086,1.16097
1789081200000,1.1609699999999998,1.16106,1.16081,1.16089
1789082100000,1.16089,1.16099,1.1608,1.16083
1789083000000,1.16082,1.16097,1.16076,1.16097
1789083900000,1.16096,1.1610600000000002,1.16084,1.1610500000000001
1789084800000,1.16104,1.16141,1.16103,1.16123
1789085700000,1.16124,1.16138,1.16106,1.16127
1789086600000,1.16126,1.16135,1.16114,1.16128
1789087500000,1.16127,1.16148,1.16124,1.1614600000000002
1789088400000,1.16146,1.16164,1.1614,1.16159
1789089300000,1.16158,1.1616900000000001,1.16141,1.1615
1789090200000,1.16151,1.16161,1.16135,1.16137
1789091100000,1.16138,1.16138,1.16103,1.16119
1789092000000,1.16119,1.16121,1.16083,1.16092
1789092900000,1.1609099999999999,1.1609099999999999,1.16054,1.16055
1789093800000,1.1605500000000002,1.16076,1.1605,1.1606400000000001
1789094700000,1.1606400000000001,1.16082,1.16063,1.16067
1789095600000,1.16068,1.16072,1.16045,1.16064
1789096500000,1.16065,1.16067,1.16005,1.16006
1789097400000,1.16006,1.1601800000000002,1.15996,1.1601000000000001
1789098300000,1.16011,1.16024,1.15991,1.16011
1789099200000,1.16011,1.1606400000000001,1.15998,1.16056
1789100100000,1.16055,1.16075,1.16055,1.16072
1789101000000,1.1607100000000001,1.16074,1.16046,1.1605400000000001
1789101900000,1.16056,1.16062,1.16039,1.1604
1789102800000,1.1603999999999999,1.16086,1.16038,1.1608399999999999
1789103700000,1.1608500000000002,1.16101,1.16084,1.1609800000000001
1789104600000,1.16099,1.16132,1.16099,1.1611
1789105500000,1.16108,1.16126,1.16088,1.16093
1789106400000,1.16097,1.16128,1.16084,1.16121
1789107300000,1.16122,1.16133,1.16098,1.16105
1789108200000,1.16105,1.1612,1.16085,1.16095
1789109100000,1.1609099999999999,1.16117,1.16085,1.1609399999999999
1789110000000,1.16095,1.16106,1.16065,1.1607399999999999
1789110900000,1.16075,1.1610099999999999,1.16054,1.1606599999999998
1789111800000,1.16065,1.16084,1.16035,1.16037
1789112700000,1.16036,1.1605,1.16009,1.1605
1789113600000,1.16052,1.16056,1.16021,1.16037
1789114500000,1.16036,1.16075,1.16012,1.16013
1789115400000,1.16014,1.16045,1.1601,1.16041
1789116300000,1.1603899999999998,1.16045,1.15976,1.15986
1789117200000,1.15985,1.1601800000000002,1.15952,1.1597000000000002
1789118100000,1.1596899999999999,1.1601,1.15959,1.15994
1789119000000,1.15993,1.1599899999999999,1.1597,1.15983
1789119900000,1.1598199999999999,1.1598199999999999,1.15946,1.15956
1789120800000,1.15957,1.15987,1.15932,1.15957
1789121700000,1.15956,1.15956,1.1591,1.15916
1789122600000,1.15917,1.15927,1.15897,1.15908
1789123500000,1.1590699999999998,1.1591799999999999,1.15895,1.15916
1789124400000,1.15917,1.15943,1.1591,1.15935
1789125300000,1.1593600000000002,1.1593600000000002,1.15908,1.1593000000000002
1789126200000,1.1593200000000001,1.1594300000000002,1.15908,1.15931
1789127100000,1.15932,1.15951,1.15902,1.15909
1789128000000,1.1591099999999999,1.15943,1.15909,1.15919
1789128900000,1.1592,1.15965,1.15903,1.15957
1789129800000,1.15961,1.15971,1.15689,1.15936
1789130700000,1.15937,1.1603199999999998,1.15932,1.16025
1789131600000,1.1602400000000002,1.16087,1.15992,1.16023
1789132500000,1.16022,1.1607999999999998,1.1598,1.16037
1789133400000,1.16036,1.161,1.16004,1.16028
1789134300000,1.16029,1.1613,1.16023,1.16117
1789135200000,1.16118,1.16147,1.1607,1.1610500000000001
1789136100000,1.16104,1.16127,1.16067,1.1607500000000002
1789137000000,1.16074,1.16106,1.16053,1.16087
1789137900000,1.16086,1.16144,1.16083,1.16135
1789138800000,1.16134,1.16148,1.16049,1.1607
1789139700000,1.16069,1.16087,1.16036,1.16042
1789140600000,1.16043,1.1605,1.16006,1.1602100000000002
1789141500000,1.16022,1.16031,1.15997,1.16029
1789142400000,1.1603,1.1604400000000001,1.16012,1.16015
1789143300000,1.16014,1.16068,1.16014,1.16044
1789144200000,1.16045,1.16051,1.15991,1.15997
1789145100000,1.15996,1.1602100000000002,1.15979,1.15991
1789146000000,1.15992,1.15992,1.15955,1.15965
1789146900000,1.15964,1.1600199999999998,1.15959,1.1598799999999998
1789147800000,1.1598899999999999,1.15999,1.15977,1.15987
1789148700000,1.15988,1.15998,1.15972,1.1597600000000001
1789149600000,1.15975,1.15992,1.15974,1.15978
1789150500000,1.15978,1.15982,1.15945,1.15954
1789151400000,1.15955,1.15957,1.15917,1.15921
1789152300000,1.15921,1.15953,1.15913,1.15951
1789153200000,1.15952,1.15967,1.15927,1.15966
1789154100000,1.15965,1.15971,1.1595,1.15955
1789155000000,1.15957,1.15968,1.15941,1.15952
1789155900000,1.15951,1.1596000000000002,1.15938,1.15954
1789156800000,1.1595900000000001,1.15963,1.15924,1.15936
1789157700000,1.15938,1.1594200000000001,1.15924,1.15933
1789158600000,1.15934,1.15937,1.15911,1.15937
1789159500000,1.15935,1.1598000000000002,1.15931,1.15975
1789333200000,1.1595199999999999,1.1595199999999999,1.15912,1.1595
1789334100000,1.15954,1.15954,1.15926,1.15953
1789335000000,1.1594200000000001,1.15946,1.15927,1.15928
1789335900000,1.15942,1.1595799999999998,1.15905,1.1592
1789336800000,1.1592900000000002,1.15967,1.15921,1.1593600000000002
1789337700000,1.15936,1.15941,1.1589,1.1590500000000001
1789338600000,1.1590900000000002,1.15913,1.15887,1.15913
1789339500000,1.1591300000000002,1.15914,1.15891,1.15903
1789340400000,1.15903,1.1592200000000001,1.159,1.15904
1789341300000,1.1590500000000001,1.1590500000000001,1.1589,1.1590500000000001
1789342200000,1.15905,1.1591099999999999,1.15892,1.15907
1789343100000,1.1590500000000001,1.15938,1.15904,1.1592900000000002
1789344000000,1.15927,1.1595199999999999,1.15912,1.1592099999999999
1789344900000,1.1592200000000001,1.1593,1.15846,1.15852
1789345800000,1.15851,1.15873,1.15845,1.15853
1789346700000,1.15853,1.15882,1.15852,1.15871
1789347600000,1.15872,1.1587500000000002,1.15833,1.15835
1789348500000,1.1583400000000001,1.1587100000000001,1.15829,1.15869
1789349400000,1.1587,1.15881,1.15845,1.1588
1789350300000,1.15879,1.15881,1.15852,1.15855
1789351200000,1.1585400000000001,1.15879,1.1585,1.1586800000000002
1789352100000,1.1586699999999999,1.1587299999999998,1.15861,1.15866
1789353000000,1.15867,1.1587,1.15835,1.15843
1789353900000,1.15842,1.15851,1.15804,1.1581
1789354800000,1.15809,1.1581100000000002,1.15745,1.15748
1789355700000,1.1574900000000001,1.1575600000000001,1.15721,1.1573200000000001
1789356600000,1.15733,1.15733,1.15689,1.15692
1789357500000,1.1569099999999999,1.1570399999999998,1.15685,1.15699
1789358400000,1.15698,1.15702,1.15665,1.15676
1789359300000,1.15675,1.15681,1.15645,1.1564699999999999
1789360200000,1.1564699999999999,1.15659,1.15618,1.15623
1789361100000,1.15624,1.15658,1.15617,1.1564999999999999
1789362000000,1.15648,1.1565100000000001,1.15629,1.15643
1789362900000,1.15642,1.1568,1.1564,1.1567200000000002
1789363800000,1.15671,1.1569699999999998,1.15668,1.1569
1789364700000,1.15689,1.1569999999999998,1.15671,1.1569399999999999
1789365600000,1.15695,1.1569699999999998,1.15563,1.15584
1789366500000,1.15581,1.1558300000000001,1.15508,1.1554600000000002
1789367400000,1.15547,1.15594,1.15546,1.1558499999999998
1789368300000,1.15585,1.15591,1.15503,1.1552
1789369200000,1.1552,1.1556600000000001,1.15508,1.1556600000000001
1789370100000,1.15565,1.15572,1.15535,1.1553900000000001
1789371000000,1.15538,1.1554,1.15472,1.15485
1789371900000,1.15486,1.15495,1.15422,1.15439
1789372800000,1.1543999999999999,1.1544299999999998,1.15359,1.1536
1789373700000,1.15356,1.15371,1.15339,1.15349
1789374600000,1.15347,1.1540000000000001,1.15338,1.15368
1789375500000,1.15367,1.15402,1.15365,1.15375
1789376400000,1.15376,1.15407,1.15367,1.15376
1789377300000,1.15375,1.15429,1.15348,1.1542700000000001
1789378200000,1.15431,1.15449,1.15402,1.15422
1789379100000,1.15421,1.15434,1.15403,1.1541299999999999
1789380000000,1.15412,1.15413,1.15372,1.1540000000000001
1789380900000,1.15399,1.1541400000000002,1.15365,1.15405
1789381800000,1.15406,1.15412,1.15391,1.15403
1789382700000,1.15402,1.15412,1.15375,1.15398
1789383600000,1.15397,1.1544299999999998,1.15397,1.1544299999999998
1789384500000,1.15442,1.15482,1.15436,1.15477
1789385400000,1.15477,1.1549200000000002,1.15464,1.15464
1789386300000,1.1546399999999999,1.15478,1.15437,1.1547299999999998
1789387200000,1.1547200000000002,1.1551500000000001,1.15464,1.1548500000000002
1789388100000,1.15486,1.15505,1.15391,1.15404
1789389000000,1.1540300000000001,1.15415,1.15291,1.15335
1789389900000,1.15334,1.1535300000000002,1.15291,1.1531900000000002
1789390800000,1.1531799999999999,1.1536099999999998,1.15288,1.1535799999999998
1789391700000,1.15356,1.15365,1.1533,1.15344
1789392600000,1.15343,1.15368,1.15317,1.15337
1789393500000,1.1533600000000002,1.15344,1.15226,1.15247
1789394400000,1.15246,1.15351,1.15232,1.15346
1789395300000,1.15347,1.15364,1.15277,1.1531200000000001
1789396200000,1.1531300000000002,1.15416,1.15308,1.1541400000000002
1789397100000,1.15415,1.15421,1.15354,1.15365
1789398000000,1.1536899999999999,1.15469,1.15353,1.1540599999999999
1789398900000,1.1540499999999998,1.15428,1.15376,1.15411
1789399800000,1.1541000000000001,1.1549500000000001,1.15386,1.1547800000000001
1789400700000,1.15479,1.1548800000000001,1.15446,1.15475
1789401600000,1.15475,1.1551799999999999,1.15472,1.1550099999999999
1789402500000,1.15502,1.15531,1.15499,1.15505
1789403400000,1.15504,1.15584,1.15489,1.15575
1789404300000,1.15578,1.15629,1.15572,1.15596
1789405200000,1.15597,1.15609,1.15577,1.1557899999999999
1789406100000,1.1558,1.15588,1.1557,1.15574
1789407000000,1.15575,1.15581,1.15543,1.15549
1789407900000,1.1555,1.15575,1.15538,1.1555600000000001
1789408800000,1.15557,1.1558,1.15543,1.1557
1789409700000,1.15569,1.1557300000000001,1.15555,1.1556000000000002
1789410600000,1.15559,1.15587,1.15559,1.1557
1789411500000,1.15569,1.1557000000000002,1.15545,1.15564
1789412400000,1.15565,1.15571,1.15551,1.15561
1789413300000,1.15561,1.15564,1.15521,1.15525
1789414200000,1.15524,1.15525,1.15504,1.1550900000000002
1789415100000,1.1551,1.15511,1.15463,1.15467
1789416000000,1.15466,1.15466,1.1544,1.1546
1789416900000,1.15462,1.15469,1.1545,1.15462
1789417800000,1.1546100000000001,1.15484,1.1546,1.15483
1789418700000,1.15482,1.15501,1.1548,1.15497
1789419600000,1.15474,1.15474,1.15392,1.15467
1789420500000,1.15466,1.15468,1.15432,1.15468
1789421400000,1.15462,1.15475,1.15445,1.15471
1789422300000,1.15464,1.15492,1.15456,1.15469
1789423200000,1.1546699999999999,1.15496,1.15455,1.15489
1789424100000,1.15489,1.15493,1.15488,1.1549099999999999
1789425000000,1.1549,1.15509,1.1549,1.15502
1789425900000,1.1550200000000002,1.15513,1.15497,1.1551
1789426800000,1.1550799999999999,1.1551399999999998,1.15505,1.1550799999999999
1789427700000,1.15508,1.15508,1.15491,1.15493
1789428600000,1.15493,1.15493,1.15472,1.15482
1789429500000,1.15482,1.15484,1.15462,1.15473
1789430400000,1.1547399999999999,1.15478,1.15454,1.15458
1789431300000,1.15459,1.15463,1.15431,1.15432
1789432200000,1.15433,1.1544,1.15425,1.15432
1789433100000,1.15434,1.1544999999999999,1.15427,1.1542999999999999
1789434000000,1.1543,1.1543400000000001,1.15409,1.15418
1789434900000,1.15417,1.1542899999999998,1.15373,1.1537899999999999
1789435800000,1.15378,1.1539300000000001,1.15368,1.15369
1789436700000,1.1536799999999998,1.15391,1.15366,1.15376
1789437600000,1.15377,1.1539300000000001,1.15361,1.15362
1789438500000,1.15362,1.15374,1.15357,1.15363
1789439400000,1.1536199999999999,1.15365,1.1535,1.15357
1789440300000,1.15358,1.1540300000000001,1.15358,1.15399
1789441200000,1.15398,1.1540400000000002,1.15382,1.15384
1789442100000,1.1537899999999999,1.1539499999999998,1.15366,1.15383
1789443000000,1.1538199999999998,1.15388,1.15366,1.1537199999999999
1789443900000,1.15371,1.15378,1.15367,1.15368
1789444800000,1.1537,1.15373,1.15356,1.1536199999999999
1789445700000,1.15362,1.1536600000000001,1.15341,1.15353
1789446600000,1.15354,1.15378,1.15351,1.15363
1789447500000,1.15363,1.15373,1.1536,1.15364
1789448400000,1.1536300000000002,1.15369,1.15345,1.15361
1789449300000,1.15363,1.15364,1.15337,1.15354
1789450200000,1.15354,1.1536899999999999,1.15329,1.1536499999999998
1789451100000,1.15366,1.15376,1.15339,1.15346
1789452000000,1.1534499999999999,1.15356,1.15315,1.1534
1789452900000,1.15338,1.15339,1.15266,1.15283
1789453800000,1.1528500000000002,1.15296,1.15267,1.1527800000000001
1789454700000,1.15277,1.15334,1.15266,1.15333
1789455600000,1.1533399999999998,1.1537199999999999,1.15315,1.1536
1789456500000,1.15361,1.15385,1.15352,1.15382
1789457400000,1.1538300000000001,1.15394,1.15351,1.15384
1789458300000,1.15385,1.1540300000000001,1.15362,1.15401
1789459200000,1.154,1.15401,1.15346,1.15373
1789460100000,1.1537300000000001,1.1539300000000001,1.15358,1.15367
1789461000000,1.15368,1.1539300000000001,1.15338,1.15338
1789461900000,1.1533900000000001,1.15347,1.15317,1.15326
1789462800000,1.1532600000000002,1.15362,1.15321,1.15358
1789463700000,1.15357,1.1535799999999998,1.15319,1.1534799999999998
1789464600000,1.15347,1.15354,1.1533,1.15335
1789465500000,1.15334,1.15381,1.15333,1.15368
1789466400000,1.15369,1.15388,1.15355,1.1536000000000002
1789467300000,1.1535900000000001,1.15392,1.15355,1.15379
1789468200000,1.15379,1.1539400000000002,1.15369,1.15369
1789469100000,1.1537,1.1538,1.15339,1.15344
1789470000000,1.15345,1.15372,1.15337,1.15371
1789470900000,1.1537,1.1542299999999999,1.1537,1.1541
1789471800000,1.15409,1.15419,1.15394,1.154
1789472700000,1.15401,1.15418,1.1538,1.1538899999999999
1789473600000,1.15388,1.15415,1.15381,1.15397
1789474500000,1.15396,1.15415,1.15378,1.15413
1789475400000,1.1541400000000002,1.15469,1.15413,1.15452
1789476300000,1.15452,1.15491,1.15442,1.15459
1789477200000,1.15458,1.15478,1.15454,1.15468
1789478100000,1.1546699999999999,1.15468,1.15411,1.15427
1789479000000,1.15429,1.15435,1.15387,1.1543299999999999
1789479900000,1.15434,1.15509,1.1542,1.1548699999999998
1789480800000,1.1548800000000001,1.1549200000000002,1.1545,1.1547800000000001
1789481700000,1.15478,1.15495,1.15448,1.15472
1789482600000,1.1547100000000001,1.15513,1.15399,1.1542100000000002
1789483500000,1.15422,1.15472,1.15415,1.15424
1789484400000,1.15424,1.15442,1.1539,1.15398
1789485300000,1.15397,1.15456,1.15394,1.15446
1789486200000,1.15441,1.15449,1.15394,1.15399
1789487100000,1.15403,1.15427,1.15383,1.15411
1789488000000,1.15411,1.15421,1.15393,1.1540199999999998
1789488900000,1.15401,1.15411,1.15385,1.15394
1789489800000,1.15394,1.1542,1.1539,1.15404
1789490700000,1.15405,1.1542700000000001,1.15395,1.15424
1789491600000,1.15423,1.15432,1.15388,1.15398
1789492500000,1.15397,1.15403,1.15367,1.15372
1789493400000,1.1537300000000001,1.15396,1.15372,1.15386
1789494300000,1.15388,1.15391,1.15361,1.15369
1789495200000,1.15371,1.1540000000000001,1.15358,1.15392
1789496100000,1.15392,1.15429,1.15389,1.15426
1789497000000,1.15424,1.15424,1.15393,1.1540199999999998
1789497900000,1.1540300000000001,1.15431,1.15398,1.15421
1789498800000,1.15422,1.15425,1.15406,1.1541000000000001
1789499700000,1.15409,1.1541400000000002,1.15396,1.15402
1789500600000,1.15401,1.15421,1.154,1.1541299999999999
1789501500000,1.15412,1.1542000000000001,1.15399,1.15402
1789502400000,1.15402,1.15405,1.15385,1.15386
1789503300000,1.15387,1.1539199999999998,1.1538,1.15391
1789504200000,1.1539,1.154,1.15388,1.1539
1789505100000,1.15389,1.15409,1.15389,1.1540700000000002
1789506000000,1.15422,1.15429,1.15325,1.15334
1789506900000,1.15334,1.1535,1.15331,1.1533900000000001
1789507800000,1.15339,1.15344,1.15339,1.15344
1789508700000,1.15344,1.1537899999999999,1.15322,1.1535499999999999
1789509600000,1.15355,1.15435,1.15345,1.15416
1789510500000,1.15412,1.15421,1.15412,1.15419
1789511400000,1.15417,1.15418,1.15403,1.15403
1789512300000,1.15402,1.15405,1.15384,1.15384
1789513200000,1.15384,1.15385,1.15365,1.15367
1789514100000,1.15368,1.1538000000000002,1.15358,1.1536300000000002
1789515000000,1.15363,1.15368,1.15337,1.15354
1789515900000,1.15353,1.1538,1.15353,1.15359
1789516800000,1.1536,1.1537600000000001,1.15358,1.1536600000000001
1789517700000,1.15367,1.15385,1.15365,1.15368
1789518600000,1.15367,1.15372,1.1534,1.1534
1789519500000,1.15341,1.1535300000000002,1.15331,1.15347
1789520400000,1.15348,1.1535700000000002,1.15325,1.15341
1789521300000,1.15342,1.15346,1.15326,1.15327
1789522200000,1.1532799999999999,1.1534,1.15312,1.1534
1789523100000,1.1533900000000001,1.15343,1.15317,1.15319
1789524000000,1.1531900000000002,1.1536600000000001,1.15318,1.1536000000000002
1789524900000,1.15359,1.15384,1.15359,1.15376
1789525800000,1.15376,1.1541899999999998,1.15376,1.15398
1789526700000,1.1539899999999998,1.15417,1.15387,1.1541599999999999
1789527600000,1.15417,1.1542999999999999,1.1541,1.15418
1789528500000,1.15418,1.15431,1.15418,1.15419
1789529400000,1.15419,1.15419,1.15397,1.15401
1789530300000,1.154,1.1540899999999998,1.15393,1.1540899999999998
1789531200000,1.15414,1.15426,1.15411,1.15421
1789532100000,1.15422,1.15435,1.15404,1.15434
1789533000000,1.1543400000000001,1.1545400000000001,1.15433,1.1544
1789533900000,1.15439,1.15441,1.15428,1.15441
1789534800000,1.15443,1.15453,1.15428,1.15445
1789535700000,1.1544400000000001,1.15477,1.15439,1.15463
1789536600000,1.1546299999999998,1.1547299999999998,1.15444,1.15451
1789537500000,1.15451,1.15511,1.15449,1.15492
1789538400000,1.1550200000000002,1.15504,1.15457,1.15497
1789539300000,1.15495,1.15504,1.15466,1.15474
1789540200000,1.15476,1.1548100000000001,1.1545,1.15463
1789541100000,1.1546399999999999,1.1547399999999999,1.15437,1.1546699999999999
1789542000000,1.15464,1.15504,1.15457,1.155
1789542900000,1.1550099999999999,1.15505,1.15461,1.15499
1789543800000,1.1549999999999998,1.1556,1.15498,1.15512
1789544700000,1.15513,1.1552,1.15468,1.15472
1789545600000,1.15473,1.1547999999999998,1.15441,1.15448
1789546500000,1.15444,1.15492,1.15442,1.15455
1789547400000,1.15455,1.15462,1.15427,1.15427
1789548300000,1.15425,1.15425,1.15377,1.15391
1789549200000,1.1538899999999999,1.15435,1.15373,1.15418
1789550100000,1.15419,1.1542000000000001,1.15378,1.15408
1789551000000,1.15407,1.15421,1.15391,1.15409
1789551900000,1.15408,1.15415,1.15383,1.15384
1789552800000,1.15383,1.15397,1.15349,1.1536799999999998
1789553700000,1.15369,1.15395,1.15352,1.1535600000000001
1789554600000,1.15357,1.15368,1.15337,1.15368
1789555500000,1.15367,1.1537199999999999,1.15339,1.15371
1789556400000,1.1537300000000001,1.15379,1.15304,1.15328
1789557300000,1.1532900000000001,1.15392,1.15318,1.15389
1789558200000,1.1539,1.154,1.15357,1.15379
1789559100000,1.1538,1.15394,1.1534,1.15343
1789560000000,1.15344,1.1538,1.15344,1.1535
1789560900000,1.1535,1.15356,1.15292,1.15297
1789561800000,1.15302,1.15367,1.15273,1.15351
1789562700000,1.1535,1.1538199999999998,1.15339,1.1535
1789563600000,1.15347,1.1536600000000001,1.15314,1.15362
1789564500000,1.15361,1.15367,1.15329,1.15346
1789565400000,1.15345,1.15383,1.15344,1.15367
1789566300000,1.1536600000000001,1.1537300000000001,1.15311,1.1531500000000001
1789567200000,1.15316,1.15373,1.15303,1.15365
1789568100000,1.1536600000000001,1.1537600000000001,1.15321,1.15365
1789569000000,1.15363,1.15407,1.15363,1.15395
1789569900000,1.15391,1.1539700000000002,1.15348,1.15385
1789570800000,1.15384,1.15421,1.15377,1.154
1789571700000,1.15401,1.15401,1.1536,1.15364
1789572600000,1.15365,1.1537199999999999,1.15343,1.15354
1789573500000,1.1535499999999999,1.1540899999999998,1.15349,1.1537
1789574400000,1.15371,1.15377,1.15337,1.15361
1789575300000,1.15362,1.15378,1.15355,1.15355
1789576200000,1.15356,1.15364,1.15344,1.15361
1789577100000,1.15362,1.15371,1.1534,1.1534
1789578000000,1.15339,1.1534,1.15299,1.15307
1789578900000,1.15306,1.1532799999999999,1.15305,1.1532
1789579800000,1.15321,1.15338,1.15314,1.1533
1789580700000,1.15331,1.1538599999999999,1.15309,1.1538199999999998
1789581600000,1.15381,1.15462,1.15,1.1500599999999999
1789582500000,1.15009,1.15057,1.14965,1.14982
1789583400000,1.14983,1.1499300000000001,1.14727,1.14847
1789584300000,1.1484599999999998,1.14879,1.14695,1.14699
1789585200000,1.147,1.14818,1.1467,1.1470500000000001
1789586100000,1.14707,1.14713,1.14619,1.14653
1789587000000,1.14654,1.1475899999999999,1.14642,1.14711
1789587900000,1.1470799999999999,1.14741,1.14689,1.14713
1789588800000,1.14715,1.14731,1.14659,1.14665
1789589700000,1.14666,1.14672,1.14605,1.14634
1789590600000,1.14632,1.14671,1.14617,1.1463999999999999
1789591500000,1.1463700000000001,1.1466500000000002,1.1462,1.14629
1789592400000,1.14644,1.14644,1.14533,1.14601
1789593300000,1.14601,1.14608,1.14583,1.1460199999999998
1789594200000,1.14596,1.1461700000000001,1.14586,1.1460000000000001
1789595100000,1.146,1.14628,1.14587,1.14607
1789596000000,1.14614,1.14638,1.14605,1.1463700000000001
1789596900000,1.14636,1.14677,1.14636,1.1466800000000001
1789597800000,1.14666,1.14677,1.14664,1.1467200000000002
1789598700000,1.1467299999999998,1.14679,1.14654,1.14662
1789599600000,1.1465999999999998,1.1467699999999998,1.14651,1.14671
1789600500000,1.1466999999999998,1.14683,1.14668,1.14668
1789601400000,1.14668,1.147,1.14668,1.1469
1789602300000,1.14691,1.14706,1.14676,1.14679
1789603200000,1.14679,1.1472399999999998,1.14671,1.1470399999999998
1789604100000,1.14703,1.1470500000000001,1.14663,1.14669
1789605000000,1.14669,1.14674,1.14632,1.1464
1789605900000,1.14638,1.14648,1.14585,1.14586
1789606800000,1.1458599999999999,1.1461299999999999,1.1457,1.1461299999999999
1789607700000,1.14612,1.14637,1.14607,1.1461999999999999
1789608600000,1.1462100000000002,1.14642,1.14572,1.14578
1789609500000,1.14577,1.14595,1.14568,1.14581
1789610400000,1.1458000000000002,1.1462400000000001,1.14579,1.14613
1789611300000,1.1461299999999999,1.14618,1.14587,1.14588
1789612200000,1.1458700000000002,1.14594,1.14555,1.1458300000000001
1789613100000,1.14585,1.14588,1.1456,1.14573
1789614000000,1.14574,1.14604,1.14568,1.14604
1789614900000,1.1460299999999999,1.1460499999999998,1.14576,1.1457799999999998
1789615800000,1.14577,1.14605,1.14577,1.1458599999999999
1789616700000,1.14587,1.1461,1.14577,1.14595
1789617600000,1.14596,1.14613,1.14588,1.14599
1789618500000,1.14598,1.14626,1.14591,1.14616
1789619400000,1.14615,1.1465,1.14612,1.14636
1789620300000,1.14643,1.1466100000000001,1.1464,1.14659
1789621200000,1.1465800000000002,1.14677,1.1464,1.1465
1789622100000,1.14648,1.1465,1.14628,1.14646
1789623000000,1.14645,1.14648,1.14629,1.14648
1789623900000,1.14648,1.1466599999999998,1.14637,1.14661
1789624800000,1.1466,1.14703,1.1465,1.1469900000000002
1789625700000,1.147,1.1475899999999999,1.14686,1.14757
1789626600000,1.1475600000000001,1.1479100000000002,1.14742,1.1479000000000001
1789627500000,1.14791,1.1483,1.14779,1.1479300000000001
1789628400000,1.14792,1.1480299999999999,1.1475,1.14772
1789629300000,1.1477300000000001,1.1481000000000001,1.14772,1.14792
1789630200000,1.1479300000000001,1.14796,1.14755,1.14769
1789631100000,1.1477,1.14771,1.14696,1.14729
1789632000000,1.1472799999999999,1.1473,1.14668,1.14678
1789632900000,1.14675,1.1470799999999999,1.14669,1.14693
1789633800000,1.1469200000000002,1.1472900000000001,1.14687,1.1471
1789634700000,1.1470799999999999,1.1473,1.14696,1.14723
1789635600000,1.1472,1.14776,1.14715,1.1475899999999999
1789636500000,1.14758,1.1476000000000002,1.14718,1.14744
1789637400000,1.1474300000000002,1.14761,1.14728,1.14728