time,open,high,low,close
1783036800000,25673.55,25688.55,25644.55,25666.98
1783037700000,25665.98,25678.45,25648.75,25651.25
1783038600000,25653.25,25658.75,25629.25,25645.25
1783039500000,25644.75,25656.25,25632.15,25640.75
1783040400000,25641.25,25714.550000000003,25632.15,25709.75
1783041300000,25710.25,25727.25,25694.75,25713.25
1783042200000,25713.15,25736.15,25704.25,25722.75
1783043100000,25723.75,25723.75,25707.75,25714.25
1783044000000,25712.25,25725.75,25702.75,25705.25
1783044900000,25704.75,25720.25,25702.75,25717.25
1783045800000,25717.75,25717.75,25701.75,25705.25
1783046700000,25706.25,25715.25,25701.25,25708.75
1783047600000,25709.25,25717.25,25706.75,25717.25
1783048500000,25716.25,25730.55,25705.25,25726.75
1783049400000,25727.15,25733.75,25704.75,25709.25
1783050300000,25709.75,25739.25,25704.75,25738.15
1783051200000,25738.55,25746.55,25725.75,25746.15
1783052100000,25745.75,25749.15,25729.25,25743.15
1783053000000,25742.75,25749.55,25733.05,25738.149999999998
1783053900000,25738.75,25742.75,25722.75,25725.25
1783054800000,25724.25,25727.75,25708.25,25712.25
1783055700000,25713.75,25715.75,25694.25,25714.55
1783056600000,25713.55,25729.75,25706.25,25708.55
1783057500000,25708.25,25718.550000000003,25703.15,25713.75
1783058400000,25715.15,25755.85,25714.25,25749.45
1783059300000,25750.449999999997,25759.85,25729.85,25739.85
1783060200000,25744.45,25763.85,25735.05,25756.85
1783061100000,25757.45,25776.850000000002,25742.45,25776.850000000002
1783062000000,25773.85,25846.85,25755.85,25811.85
1783062900000,25810.85,25810.85,25762.85,25770.85
1783063800000,25769.85,25777.85,25720.85,25720.85
1783064700000,25721.85,25745.85,25705.85,25706.85
1783065600000,25707.85,25741.85,25696.85,25732.85
1783066500000,25733.85,25760.85,25733.85,25738.85
1783067400000,25737.85,25742.85,25700.85,25703.85
1783068300000,25704.85,25706.85,25648.85,25650.85
1783069200000,25651.85,25654.85,25631.85,25652.85
1783070100000,25651.85,25685.85,25647.85,25653.85
1783071000000,25652.85,25676.85,25641.85,25675.85
1783071900000,25674.85,25688.85,25660.85,25673.85
1783072800000,25672.85,25700.35,25660.35,25690.35
1783073700000,25689.35,25706.35,25680.35,25699.35
1783074600000,25698.35,25726.35,25698.35,25719.35
1783075500000,25720.35,25726.35,25709.35,25723.35
1783076400000,25724.35,25726.35,25694.35,25696.35
1783077300000,25697.35,25707.35,25677.35,25681.35
1783078200000,25682.35,25701.35,25677.35,25700.35
1783079100000,25699.35,25729.35,25699.35,25727.35
1783080000000,25728.35,25747.35,25728.35,25739.35
1783080900000,25737.35,25739.35,25721.35,25727.35
1783081800000,25728.35,25759.35,25727.35,25754.35
1783082700000,25755.35,25771.35,25747.35,25770.35
1783083600000,25771.35,25796.649999999998,25763.85,25777.85
1783084500000,25777.76,25791.85,25766.85,25769.85
1783085400000,25767.85,25777.85,25750.85,25773.85
1783086300000,25774.85,25805.85,25766.85,25792.85
1783087200000,25790.85,25815.85,25790.85,25797.85
1783088100000,25798.85,25804.85,25761.85,25771.85
1783089000000,25772.85,25811.85,25766.85,25800.85
1783089900000,25799.85,25842.85,25793.85,25830.85
1783090800000,25832.85,25841.85,25814.85,25838.85
1783091700000,25839.85,25856.85,25816.85,25824.85
1783092600000,25825.85,25833.85,25801.85,25820.85
1783093500000,25819.85,25826.85,25810.85,25818.85
1783094400000,25819.85,25838.85,25815.85,25833.85
1783095300000,25834.85,25841.85,25829.85,25830.85
1783096200000,25829.85,25841.85,25827.85,25831.85
1783097100000,25832.85,25833.85,25824.85,25825.85
1783098000000,25827.85,25827.85,25815.85,25816.85
1783098900000,25817.85,25826.85,25815.85,25823.85
1783099800000,25824.85,25825.85,25819.85,25820.85
1783100700000,25821.85,25830.85,25821.85,25826.85
1783101600000,25825.85,25829.449999999997,25815.85,25818.85
1783102500000,25817.85,25819.85,25811.85,25811.85
1783103400000,25812.85,25820.85,25812.85,25815.85
1783104300000,25814.85,25815.85,25812.85,25814.85
1783105200000,25813.85,25815.85,25810.85,25815.85
1783106100000,25817.449999999997,25822.85,25813.85,25819.85
1783107000000,25820.85,25842.85,25815.85,25835.85
1783107900000,25834.85,25843.85,25823.85,25841.949999999997
1783288800000,25837.15,25837.15,25809.15,25825.15
1783289700000,25824.15,25843.29,25821.15,25840.29
1783290600000,25841.29,25859.010000000002,25841.29,25857.010000000002
1783291500000,25856.010000000002,25863.29,25842.29,25845.29
1783292400000,25844.29,25868.29,25840.29,25865.15
1783293300000,25866.15,25869.15,25855.15,25857.15
1783294200000,25856.15,25868.15,25854.15,25857.15
1783295100000,25856.15,25873.29,25852.15,25871.29
1783296000000,25884.29,25887.29,25849.15,25872.15
1783296900000,25859.05,25930.05,25846.35,25852.85
1783297800000,25851.35,25884.85,25846.35,25876.75
1783298700000,25879.85,25891.85,25876.85,25886.35
1783299600000,25886.35,25895.149999999998,25870.85,25884.85
1783300500000,25884.85,25902.75,25871.85,25879.85
1783301400000,25878.85,25885.35,25869.35,25870.85
1783302300000,25864.35,25872.75,25838.85,25857.149999999998
1783303200000,25857.35,25863.35,25829.35,25829.85
1783304100000,25829.85,25840.35,25823.35,25825.85
1783305000000,25823.85,25835.35,25815.85,25817.35
1783305900000,25819.149999999998,25828.85,25810.35,25825.85
1783306800000,25825.85,25838.85,25820.35,25825.85
1783307700000,25827.85,25833.35,25811.35,25822.85
1783308600000,25824.85,25837.35,25811.85,25821.85
1783309500000,25824.85,25825.85,25803.85,25819.85
1783310400000,25820.85,25832.85,25803.75,25829.85
1783311300000,25828.85,25843.85,25828.85,25839.35
1783312200000,25839.85,25854.35,25838.35,25842.35
1783313100000,25844.35,25848.85,25835.85,25844.35
1783314000000,25845.85,25845.85,25829.85,25832.75
1783314900000,25833.149999999998,25841.35,25805.85,25813.149999999998
1783315800000,25809.35,25819.85,25804.75,25816.35
1783316700000,25817.75,25822.149999999998,25800.85,25810.85
1783317600000,25809.850000000002,25832.55,25790.95,25793.95
1783318500000,25792.95,25811.95,25790.95,25803.95
1783319400000,25802.95,25815.95,25793.15,25802.550000000003
1783320300000,25803.55,25824.95,25792.95,25817.95
1783321200000,25817.55,25843.95,25780.95,25821.95
1783322100000,25822.95,25855.95,25812.95,25844.95
1783323000000,25845.95,25884.95,25834.95,25882.95
1783323900000,25881.95,25931.95,25880.95,25913.95
1783324800000,25915.95,25923.95,25870.95,25874.95
1783325700000,25875.95,25900.95,25861.95,25897.95
1783326600000,25898.95,25901.95,25848.95,25859.95
1783327500000,25858.95,25862.95,25847.86,25853.95
1783328400000,25851.95,25851.95,25819.95,25836.95
1783329300000,25838.95,25882.95,25835.95,25879.95
1783330200000,25880.95,25886.95,25857.95,25876.95
1783331100000,25877.95,25882.95,25855.95,25866.95
1783332000000,25865.95,25871.95,25848.95,25864.95
1783332900000,25863.95,25867.95,25844.95,25847.95
1783333800000,25848.95,25853.95,25815.95,25816.95
1783334700000,25817.95,25831.95,25810.95,25815.95
1783335600000,25812.95,25816.95,25796.95,25801.95
1783336500000,25803.95,25805.95,25776.95,25786.95
1783337400000,25787.95,25817.95,25778.95,25817.95
1783338300000,25818.95,25821.95,25779.95,25786.95
1783339200000,25787.95,25797.95,25774.95,25791.95
1783340100000,25792.95,25806.95,25768.95,25770.95
1783341000000,25769.95,25780.95,25759.95,25775.95
1783341900000,25777.95,25783.95,25761.95,25764.95
1783342800000,25763.95,25766.95,25726.95,25726.95
1783343700000,25725.95,25749.95,25716.95,25748.95
1783344600000,25747.95,25768.95,25740.95,25768.95
1783345500000,25767.95,25790.95,25753.95,25790.55
1783346400000,25789.55,25810.95,25778.95,25802.95
1783347300000,25803.95,25817.95,25787.95,25812.95
1783348200000,25815.95,25821.95,25795.95,25820.95
1783349100000,25819.95,25834.95,25809.95,25827.95
1783350000000,25828.95,25835.95,25803.95,25809.95
1783350900000,25808.95,25858.95,25805.95,25858.95
1783351800000,25853.95,25864.95,25837.95,25845.95
1783352700000,25846.95,25847.95,25807.95,25823.95
1783353600000,25824.95,25824.95,25808.95,25811.95
1783354500000,25812.95,25823.95,25809.95,25820.95
1783355400000,25819.95,25825.95,25815.95,25823.95
1783356300000,25822.95,25832.95,25814.95,25816.95
1783357200000,25815.95,25840.95,25810.95,25840.95
1783358100000,25839.95,25845.95,25830.95,25832.95
1783359000000,25833.95,25834.95,25810.95,25817.95
1783359900000,25816.95,25827.95,25812.95,25821.95
1783360800000,25822.95,25834.95,25820.95,25822.95
1783361700000,25823.95,25837.95,25823.95,25833.95
1783362600000,25832.95,25836.95,25823.95,25827.95
1783363500000,25826.95,25831.95,25820.95,25828.95
1783364400000,25829.95,25832.95,25822.95,25830.95
1783365300000,25829.95,25847.95,25829.95,25846.95
1783366200000,25845.95,25845.95,25825.95,25833.95
1783367100000,25832.95,25843.95,25829.95,25839.05
1783368000000,25819.05,25838.149999999998,25819.05,25835.149999999998
1783368900000,25834.15,25841.15,25828.15,25833.15
1783369800000,25832.15,25837.15,25831.15,25835.15
1783370700000,25836.15,25840.86,25826.15,25837.86
1783375200000,25841.25,25853.25,25836.25,25853.25
1783376100000,25854.25,25861.11,25849.25,25858.11
1783377000000,25859.11,25864.39,25854.11,25858.25
1783377900000,25857.25,25857.25,25835.25,25839.11
1783378800000,25838.11,25853.11,25838.11,25846.11
1783379700000,25845.11,25846.11,25831.11,25836.11
1783380600000,25835.11,25839.11,25824.11,25825.11
1783381500000,25826.11,25826.11,25805.25,25811.68
1783382400000,25804.68,25830.24,25798.68,25821.24
1783383300000,25820.15,25842.25,25804.15,25820.95
1783384200000,25823.95,25831.45,25800.45,25809.45
1783385100000,25805.95,25831.45,25802.45,25808.95
1783386000000,25806.45,25820.45,25803.45,25814.95
1783386900000,25814.95,25819.25,25801.45,25805.95
1783387800000,25807.95,25828.95,25805.45,25825.95
1783388700000,25824.45,25837.45,25813.45,25816.95
1783389600000,25817.95,25827.45,25808.95,25822.95
1783390500000,25820.95,25825.45,25805.95,25809.25
1783391400000,25808.25,25809.25,25792.45,25800.45
1783392300000,25799.45,25803.25,25785.95,25791.850000000002
1783393200000,25793.25,25806.95,25790.45,25796.45
1783394100000,25795.45,25795.850000000002,25767.95,25770.850000000002
1783395000000,25772.25,25787.449999999997,25761.85,25776.449999999997
1783395900000,25775.85,25775.85,25759.85,25771.449999999997
1783396800000,25770.45,25786.25,25763.25,25775.25
1783397700000,25774.25,25774.85,25759.85,25763.949999999997
1783398600000,25764.95,25772.850000000002,25759.95,25767.25
1783399500000,25763.95,25769.25,25758.25,25761.45
1783400400000,25760.850000000002,25761.25,25723.95,25727.850000000002
1783401300000,25726.45,25749.95,25724.95,25746.95
1783402200000,25745.95,25772.25,25744.95,25755.850000000002
1783403100000,25755.95,25800.850000000002,25744.95,25785.45
1783404000000,25786.45,25796.25,25766.05,25771.05
1783404900000,25770.649999999998,25793.05,25768.05,25789.05
1783405800000,25787.65,25803.050000000003,25784.65,25803.050000000003
1783406700000,25802.05,25817.05,25778.05,25814.05
1783407600000,25812.050000000003,25827.050000000003,25777.65,25789.050000000003
1783408500000,25787.05,25827.05,25778.05,25823.05
1783409400000,25822.05,25833.05,25794.05,25794.05
1783410300000,25795.05,25810.05,25772.05,25805.05
1783411200000,25806.05,25815.05,25783.05,25811.05
1783412100000,25813.05,25826.05,25788.05,25794.05
1783413000000,25795.05,25795.05,25760.05,25765.05
1783413900000,25766.05,25771.05,25736.05,25737.05
1783414800000,25736.05,25755.05,25721.05,25726.05
1783415700000,25725.05,25755.05,25724.05,25741.05
1783416600000,25742.05,25745.05,25709.05,25727.05
1783417500000,25726.05,25729.05,25709.05,25716.05
1783418400000,25717.05,25735.05,25699.05,25702.05
1783419300000,25703.05,25730.05,25695.05,25697.05
1783420200000,25696.05,25702.55,25681.55,25692.55
1783421100000,25693.55,25694.55,25675.55,25691.55
1783422000000,25689.55,25699.55,25679.55,25684.55
1783422900000,25685.55,25702.55,25670.55,25674.55
1783423800000,25675.55,25681.55,25666.55,25673.55
1783424700000,25677.55,25677.55,25644.55,25668.55
1783425600000,25669.55,25684.55,25662.55,25670.149999999998
1783426500000,25671.149999999998,25716.55,25667.55,25708.55
1783427400000,25708.75,25730.55,25693.55,25707.55
1783428300000,25708.55,25708.55,25664.55,25682.55
1783429200000,25680.55,25698.55,25661.55,25694.55
1783430100000,25693.55,25699.55,25671.55,25674.55
1783431000000,25673.55,25684.55,25636.55,25661.55
1783431900000,25662.55,25665.55,25564.55,25583.55
1783432800000,25582.55,25587.55,25521.55,25522.55
1783433700000,25523.55,25560.55,25513.55,25551.55
1783434600000,25550.55,25559.55,25510.55,25517.55
1783435500000,25516.55,25543.55,25510.55,25537.55
1783436400000,25538.55,25540.55,25506.55,25522.55
1783437300000,25524.55,25528.55,25500.55,25520.55
1783438200000,25521.55,25522.55,25486.55,25502.55
1783439100000,25501.55,25539.55,25501.55,25530.55
1783440000000,25531.55,25546.55,25527.55,25542.55
1783440900000,25543.55,25571.55,25541.55,25564.55
1783441800000,25562.55,25570.55,25550.55,25559.55
1783442700000,25560.55,25570.55,25558.55,25563.55
1783443600000,25564.55,25575.149999999998,25562.55,25565.55
1783444500000,25566.55,25567.55,25551.55,25559.55
1783445400000,25560.55,25574.55,25559.55,25574.55
1783446300000,25573.55,25574.55,25563.55,25572.55
1783447200000,25573.55,25575.55,25566.55,25572.55
1783448100000,25571.55,25578.55,25568.55,25570.55
1783449000000,25571.55,25572.55,25552.55,25560.55
1783449900000,25562.55,25563.55,25521.55,25524.55
1783450800000,25523.55,25527.55,25476.55,25480.55
1783451700000,25479.55,25487.55,25431.25,25476.55
1783452600000,25477.55,25481.55,25465.55,25471.55
1783453500000,25472.55,25491.649999999998,25463.55,25490.649999999998
1783454400000,25488.65,25493.11,25470.65,25484.11
1783455300000,25483.11,25486.11,25472.11,25480.11
1783456200000,25481.11,25486.11,25478.11,25482.11
1783457100000,25483.11,25486.11,25479.11,25483.11
1783461600000,25445.65,25464.65,25430.65,25459.22
1783462500000,25460.22,25465.22,25455.22,25460.22
1783463400000,25461.22,25467.36,25454.65,25456.65
1783464300000,25455.65,25468.22,25451.65,25462.22
1783465200000,25461.22,25468.22,25450.65,25460.65
1783466100000,25459.65,25478.65,25458.65,25474.65
1783467000000,25473.65,25478.65,25446.65,25448.65
1783467900000,25449.65,25456.65,25423.65,25427.65
1783468800000,25418.65,25435.65,25399.65,25430.65
1783469700000,25431.65,25503.65,25431.65,25491.350000000002
1783470600000,25489.35,25514.25,25464.85,25511.35
1783471500000,25512.35,25534.25,25511.25,25530.35
1783472400000,25530.35,25552.35,25523.35,25550.35
1783473300000,25551.35,25551.35,25526.85,25526.85
1783474200000,25526.85,25536.85,25500.35,25518.35
1783475100000,25516.85,25539.35,25512.35,25517.85
1783476000000,25518.35,25521.35,25479.85,25483.35
1783476900000,25486.35,25492.35,25462.85,25475.35
1783477800000,25473.85,25491.35,25463.35,25491.35
1783478700000,25485.35,25500.85,25466.85,25488.35
1783479600000,25489.35,25500.35,25468.25,25488.25
1783480500000,25488.35,25506.35,25479.35,25499.25
1783481400000,25501.35,25506.35,25487.25,25497.85
1783482300000,25493.25,25507.35,25488.25,25496.35
1783483200000,25496.35,25497.35,25472.85,25481.35
1783484100000,25479.35,25501.35,25473.35,25487.85
1783485000000,25488.35,25493.35,25471.85,25482.35
1783485900000,25482.25,25484.35,25456.35,25483.35
1783486800000,25482.35,25494.35,25470.85,25477.35
1783487700000,25473.85,25486.85,25459.25,25459.85
1783488600000,25462.85,25472.85,25439.35,25452.35
1783489500000,25451.85,25457.35,25423.85,25438.85
1783490400000,25437.850000000002,25443.65,25389.45,25396.45
1783491300000,25397.45,25429.45,25393.45,25415.45
1783492200000,25412.45,25420.45,25359.15,25362.45
1783493100000,25363.45,25363.45,25320.05,25338.05
1783494000000,25336.05,25359.45,25203.45,25235.45
1783494900000,25232.45,25254.45,25172.45,25222.45
1783495800000,25220.45,25252.45,25204.45,25231.45
1783496700000,25230.45,25250.45,25203.45,25218.45
1783497600000,25220.45,25224.45,25180.45,25189.45
1783498500000,25187.45,25199.45,24994.45,25002.45
1783499400000,25001.45,25007.45,24917.45,24932.45
1783500300000,24931.45,24950.45,24902.45,24922.45
1783501200000,24925.45,24925.45,24848.45,24848.45
1783502100000,24849.45,24899.45,24845.45,24889.45
1783503000000,24890.45,24941.45,24866.45,24897.45
1783503900000,24896.45,24917.45,24870.45,24878.45
1783504800000,24877.45,24891.45,24854.45,24885.45
1783505700000,24886.45,24917.45,24874.45,24903.45
1783506600000,24899.45,24980.45,24892.45,24971.45
1783507500000,24970.45,24975.45,24937.45,24955.45
1783508400000,24949.45,24974.45,24930.45,24957.45
1783509300000,24956.45,24958.45,24916.45,24949.45
1783510200000,24947.45,25100.05,24930.45,25024.65
1783511100000,25025.05,25041.45,24998.45,25012.45
1783512000000,25011.45,25059.45,24977.45,25039.45
1783512900000,25041.45,25061.45,25013.45,25042.45
1783513800000,25041.45,25073.45,25035.05,25061.45
1783514700000,25060.45,25079.45,25015.45,25016.45
1783515600000,25015.45,25078.95,25010.65,25070.95
1783516500000,25071.95,25074.95,24982.95,24989.95
1783517400000,24992.95,25083.95,24992.95,25075.95
1783518300000,25076.95,25102.95,25032.95,25053.95
1783519200000,25055.95,25074.95,25022.95,25027.95
1783520100000,25026.95,25054.95,24993.95,25003.95
1783521000000,25001.95,25011.95,24962.95,24980.95
1783521900000,24981.95,24981.95,24950.95,24961.95
1783522800000,24964.95,24967.95,24900.95,24908.95
1783523700000,24906.95,24916.95,24866.95,24878.95
1783524600000,24877.95,24936.95,24877.95,24930.95
1783525500000,24929.95,24930.95,24895.95,24911.95
1783526400000,24912.95,24963.95,24906.95,24959.95
1783527300000,24960.95,24989.95,24957.95,24980.95
1783528200000,24978.95,25030.95,24961.95,25016.95
1783529100000,25018.95,25028.95,25005.95,25023.95
1783530000000,25022.95,25029.95,24994.95,24994.95
1783530900000,24993.95,25032.95,24992.95,25026.95
1783531800000,25027.55,25033.95,25015.95,25019.95
1783532700000,25020.95,25023.95,24997.95,25004.95
1783533600000,25003.95,25037.95,24992.95,25031.95
1783534500000,25032.95,25033.95,25019.95,25023.95
1783535400000,25022.95,25028.95,25006.95,25026.95
1783536300000,25027.95,25034.95,25019.95,25030.95
1783537200000,25028.95,25039.95,25023.95,25026.95
1783538100000,25027.95,25037.95,25024.95,25034.95
1783539000000,25035.95,25039.95,25017.95,25028.95
1783539900000,25029.95,25038.95,25001.95,25029.05
1783540800000,25028.05,25028.05,24997.46,25012.46
1783541700000,25011.460000000003,25011.460000000003,24990.9,24996.9
1783542600000,24998.899999999998,24999.899999999998,24969.19,24988.6
1783543500000,24989.6,25002.6,24986.6,24998.6
1783548000000,25003.05,25032.05,25000.05,25020.6
1783548900000,25019.6,25032.05,25013.05,25021.05
1783549800000,25020.05,25032.05,25013.05,25013.19
1783550700000,25014.19,25022.19,25013.19,25020.19
1783551600000,25021.19,25033.19,25020.19,25025.77
1783552500000,25024.77,25025.77,25004.77,25023.05
1783553400000,25022.05,25040.76,25013.05,25032.739999999998
1783554300000,25031.739999999998,25043.19,25029.05,25038.19
1783555200000,25037.190000000002,25064.050000000003,25029.33,25060.050000000003
1783556100000,25036.95,25067.05,25015.75,25052.75
1783557000000,25054.25,25063.25,25040.25,25049.25
1783557900000,25048.25,25063.75,25026.25,25045.25
1783558800000,25046.75,25070.75,25031.65,25063.050000000003
1783559700000,25055.25,25081.65,25041.25,25053.75
1783560600000,25053.75,25064.75,25041.25,25062.25
1783561500000,25062.75,25077.65,25041.25,25053.25
1783562400000,25051.75,25090.65,25037.75,25088.75
1783563300000,25085.75,25096.25,25062.25,25074.75
1783564200000,25073.25,25083.25,25034.25,25034.25
1783565100000,25034.25,25037.25,25014.75,25015.25
1783566000000,25018.75,25020.75,24994.75,25009.75
1783566900000,25009.25,25038.75,25000.75,25037.25
1783567800000,25039.75,25065.65,25034.25,25065.65
1783568700000,25064.65,25069.25,25053.25,25058.75
1783569600000,25058.25,25071.75,25050.75,25056.75
1783570500000,25057.25,25067.75,25032.75,25039.75
1783571400000,25039.25,25065.75,25036.75,25061.75
1783572300000,25060.75,25078.25,25052.25,25070.25
1783573200000,25070.75,25098.05,25038.75,25077.25
1783574100000,25086.25,25088.65,25040.25,25054.75
1783575000000,25054.25,25083.75,25036.25,25078.75
1783575900000,25077.75,25125.25,25071.25,25122.65
1783576800000,25121.25,25126.05,25088.45,25106.850000000002
1783577700000,25103.449999999997,25132.85,25102.85,25106.85
1783578600000,25104.85,25115.85,25092.85,25100.85
1783579500000,25101.85,25101.85,25069.85,25091.85
1783580400000,25093.85,25142.85,25044.85,25062.85
1783581300000,25061.85,25065.85,25008.85,25025.85
1783582200000,25023.85,25082.85,25021.85,25080.85
1783583100000,25081.85,25088.85,25021.85,25043.85
1783584000000,25044.85,25053.85,25022.85,25032.85
1783584900000,25033.85,25035.85,24970.85,24983.85
1783585800000,24978.85,24987.85,24936.85,24953.85
1783586700000,24954.85,24973.85,24933.85,24949.85
1783587600000,24947.85,24969.85,24931.85,24964.85
1783588500000,24963.85,24982.85,24956.85,24960.85
1783589400000,24961.85,24962.85,24915.85,24933.85
1783590300000,24932.85,24976.85,24932.85,24964.85
1783591200000,24963.85,24973.85,24950.05,24963.85
1783592100000,24962.85,24984.85,24953.85,24958.85
1783593000000,24957.85,24957.85,24924.85,24932.85
1783593900000,24933.85,24936.85,24875.85,24922.85
1783594800000,24923.85,24962.85,24914.85,24959.85
1783595700000,24960.85,24960.85,24918.85,24927.85
1783596600000,24926.85,24964.85,24920.85,24954.85
1783597500000,24953.85,24982.85,24946.85,24957.85
1783598400000,24958.85,24982.85,24948.85,24974.85
1783599300000,24975.85,24985.85,24958.85,24978.85
1783600200000,24978.45,25025.850000000002,24978.45,25001.850000000002
1783601100000,25000.85,25014.85,24984.85,25010.85
1783602000000,25011.85,25059.85,25008.85,25051.85
1783602900000,25052.85,25056.85,25024.85,25034.85
1783603800000,25033.85,25048.85,24987.85,25027.85
1783604700000,25026.85,25077.85,25024.85,25055.85
1783605600000,25057.05,25076.149999999998,25027.35,25048.35
1783606500000,25047.35,25061.35,25011.35,25054.35
1783607400000,25053.35,25088.35,25053.35,25060.35
1783608300000,25061.35,25104.35,25046.35,25103.35
1783609200000,25104.35,25136.35,25099.35,25132.35
1783610100000,25127.35,25138.35,25097.35,25112.35
1783611000000,25111.35,25126.35,25086.35,25113.35
1783611900000,25114.35,25116.35,25099.35,25109.35
1783612800000,25110.35,25133.35,25110.35,25121.35
1783613700000,25122.35,25123.35,25109.35,25117.35
1783614600000,25118.35,25122.35,25107.35,25113.35
1783615500000,25112.35,25119.35,25106.35,25113.35
1783616400000,25114.35,25129.35,25114.35,25122.35
1783617300000,25120.35,25138.35,25120.35,25136.35
1783618200000,25137.35,25146.35,25132.35,25139.35
1783619100000,25138.35,25151.35,25135.35,25139.35
1783620000000,25138.35,25148.35,25134.35,25139.35
1783620900000,25140.35,25141.35,25113.35,25116.35
1783621800000,25117.35,25122.35,25108.35,25120.35
1783622700000,25119.35,25123.35,25110.35,25123.35
1783623600000,25124.35,25130.35,25106.35,25108.35
1783624500000,25109.35,25120.35,25106.35,25118.35
1783625400000,25117.35,25117.35,25103.35,25115.35
1783626300000,25114.35,25131.35,25109.35,25129.449999999997
1783627200000,25123.55,25142.55,25114.55,25139.05
1783628100000,25138.05,25142.05,25124.05,25126.05
1783629000000,25125.05,25134.05,25124.05,25126.05
1783629900000,25127.05,25128.05,25118.05,25119.05
1783634400000,25123.55,25134.55,25119.55,25121.55
1783635300000,25122.55,25133.55,25117.27,25128.55
1783636200000,25127.55,25134.55,25127.55,25129.69
1783637100000,25129.26,25133.26,25128.26,25132.26
1783638000000,25131.26,25143.55,25126.26,25142.55
1783638900000,25143.55,25148.12,25136.12,25145.969999999998
1783639800000,25146.97,25147.97,25138.97,25140.97
1783640700000,25139.97,25143.97,25129.97,25134.97
1783641600000,25133.97,25138.97,25110.97,25118.97
1783642500000,25117.97,25120.25,25095.45,25103.25
1783643400000,25103.75,25107.25,25081.15,25096.75
1783644300000,25096.75,25103.25,25083.25,25103.25
1783645200000,25105.75,25117.75,25095.25,25102.25
1783646100000,25103.25,25115.25,25097.75,25115.25
1783647000000,25115.75,25126.15,25106.25,25119.75
1783647900000,25118.25,25140.75,25117.25,25125.25
1783648800000,25126.25,25140.15,25116.25,25135.25
1783649700000,25135.75,25150.55,25116.75,25119.25
1783650600000,25120.25,25136.55,25109.75,25113.25
1783651500000,25111.75,25127.25,25109.75,25119.25
1783652400000,25119.25,25143.75,25113.25,25128.25
1783653300000,25126.25,25131.55,25103.25,25117.25
1783654200000,25117.75,25118.75,25104.25,25111.25
1783655100000,25112.75,25124.55,25104.25,25118.75
1783656000000,25119.75,25119.75,25103.75,25111.75
1783656900000,25112.25,25116.25,25098.25,25103.55
1783657800000,25101.25,25109.75,25097.75,25107.15
1783658700000,25108.55,25112.75,25083.25,25085.75
1783659600000,25087.25,25107.05,25084.25,25106.15
1783660500000,25106.75,25110.15,25090.25,25095.75
1783661400000,25096.75,25101.55,25077.75,25080.55
1783662300000,25082.25,25088.75,25072.75,25079.75
1783663200000,25079.75,25136.35,25079.75,25127.35
1783664100000,25126.35,25139.35,25101.35,25109.35
1783665000000,25108.35,25132.35,25097.35,25104.35
1783665900000,25103.95,25133.350000000002,25103.95,25113.350000000002
1783666800000,25114.35,25151.35,25082.35,25150.35
1783667700000,25149.35,25181.35,25132.35,25180.35
1783668600000,25181.35,25209.35,25167.35,25167.35
1783669500000,25168.35,25168.35,25105.35,25131.35
1783670400000,25132.35,25180.35,25129.35,25170.35
1783671300000,25169.35,25169.35,25103.35,25117.35
1783672200000,25116.35,25126.35,25096.35,25118.35
1783673100000,25117.35,25118.35,25077.35,25092.35
1783674000000,25093.35,25109.35,25063.35,25102.35
1783674900000,25103.35,25136.35,25097.35,25102.35
1783675800000,25101.35,25104.35,25074.35,25090.35
1783676700000,25089.35,25129.35,25087.35,25090.35
1783677600000,25089.35,25136.35,25088.35,25128.35
1783678500000,25129.35,25145.35,25121.35,25138.35
1783679400000,25139.35,25169.35,25138.35,25146.35
1783680300000,25145.35,25151.35,25129.35,25146.35
1783681200000,25145.35,25157.35,25131.35,25152.35
1783682100000,25153.35,25163.35,25132.35,25137.35
1783683000000,25136.35,25137.35,25103.35,25121.35
1783683900000,25120.35,25134.35,25102.35,25114.35
1783684800000,25115.35,25197.949999999997,25079.35,25162.35
1783685700000,25163.35,25166.35,25117.35,25130.35
1783686600000,25129.35,25130.35,25103.35,25124.35
1783687500000,25125.35,25140.35,25122.35,25136.35
1783688400000,25134.35,25153.35,25125.35,25153.35
1783689300000,25152.35,25166.35,25142.35,25149.35
1783690200000,25152.35,25169.35,25106.35,25111.35
1783691100000,25112.35,25136.35,25099.35,25100.35
1783692000000,25099.35,25131.35,25097.35,25116.35
1783692900000,25117.35,25137.35,25100.35,25102.35
1783693800000,25101.35,25112.35,24936.55,25071.35
1783694700000,25070.35,25078.35,25043.35,25051.35
1783695600000,25050.35,25055.35,25020.35,25038.35
1783696500000,25037.35,25097.35,25037.35,25095.35
1783697400000,25096.35,25098.35,25060.35,25071.35
1783698300000,25070.35,25093.35,25067.35,25087.35
1783699200000,25089.35,25104.35,25088.35,25098.35
1783700100000,25099.35,25108.35,25093.35,25096.35
1783701000000,25097.35,25102.35,25084.35,25102.35
1783701900000,25105.35,25123.35,25099.35,25121.35
1783702800000,25122.35,25126.35,25109.35,25116.35
1783703700000,25115.35,25128.35,25115.35,25125.35
1783704600000,25126.35,25134.35,25125.35,25130.35
1783705500000,25131.35,25136.35,25120.35,25121.35
1783706400000,25122.35,25132.35,25120.35,25122.35
1783707300000,25123.35,25131.35,25116.35,25130.35
1783708200000,25131.35,25138.35,25126.35,25128.35
1783709100000,25127.35,25131.35,25119.35,25123.35
1783710000000,25122.35,25130.35,25120.35,25128.35
1783710900000,25129.35,25131.35,25112.35,25121.35
1783711800000,25118.35,25131.35,25109.35,25112.35
1783712700000,25110.35,25123.35,25107.35,25111.449999999997
1783713600000,25106.45,25114.54,25094.54,25110.54
1783714500000,25109.54,25118.54,25108.54,25116.54
1783715400000,25117.54,25120.54,25114.54,25118.54
1783716300000,25117.54,25127.54,25117.54,25121.54
1783893600000,25055.95,25058.95,24985.77,24992.88
1783894500000,24993.88,25008.16,24988.16,25001.38
1783895400000,25002.38,25014.38,24998.38,25012.38
1783896300000,25011.38,25023.66,25001.38,25019.95
1783897200000,25018.95,25019.95,25009.95,25016.670000000002
1783898100000,25017.670000000002,25017.670000000002,25007.95,25011.95
1783899000000,25010.95,25013.95,25003.95,25006.95
1783899900000,25007.95,25018.95,24990.95,25016.95
1783900800000,25004.95,25087.95,24994.95,25080.670000000002
1783901700000,25043.95,25058.45,25021.15,25041.65
1783902600000,25042.15,25042.15,24976.15,24985.15
1783903500000,24985.15,24999.15,24944.65,24960.65
1783904400000,24960.15,24965.65,24928.65,24944.15
1783905300000,24943.65,24961.15,24927.15,24938.65
1783906200000,24936.65,24959.15,24926.15,24933.65
1783907100000,24935.65,24941.15,24903.15,24917.65
1783908000000,24919.65,24923.15,24897.65,24909.15
1783908900000,24910.15,24936.15,24904.65,24925.15
1783909800000,24927.15,24927.15,24909.65,24914.15
1783910700000,24915.15,24916.15,24900.45,24901.05
1783911600000,24900.65,24902.65,24868.15,24872.15
1783912500000,24874.15,24878.45,24864.65,24873.15
1783913400000,24873.45,24884.45,24855.15,24863.65
1783914300000,24867.15,24873.15,24854.65,24857.65
1783915200000,24857.050000000003,24857.050000000003,24829.65,24832.15
1783916100000,24831.15,24848.15,24825.15,24834.15
1783917000000,24836.15,24839.15,24819.15,24819.65
1783917900000,24820.149999999998,24824.149999999998,24802.05,24815.05
1783918800000,24817.05,24872.149999999998,24810.05,24869.149999999998
1783919700000,24870.15,24871.550000000003,24809.15,24814.65
1783920600000,24817.65,24869.15,24779.15,24845.65
1783921500000,24846.65,24872.65,24834.65,24860.65
1783922400000,24860.65,24892.75,24860.65,24876.75
1783923300000,24875.75,24917.75,24875.75,24913.75
1783924200000,24915.75,24921.75,24899.75,24918.75
1783925100000,24918.35,24943.75,24915.75,24939.75
1783926000000,24944.75,25064.75,24942.75,25062.75
1783926900000,25063.75,25073.75,25022.75,25062.75
1783927800000,25063.75,25074.75,25025.75,25054.75
1783928700000,25056.75,25082.75,25039.75,25081.75
1783929600000,25080.75,25103.75,25062.75,25096.75
1783930500000,25097.75,25118.75,25093.75,25103.75
1783931400000,25104.75,25122.75,25098.75,25105.75
1783932300000,25104.35,25133.75,25099.75,25129.75
1783933200000,25130.75,25138.75,25102.75,25106.75
1783934100000,25107.75,25158.75,25102.75,25154.75
1783935000000,25151.75,25168.75,25144.75,25155.75
1783935900000,25156.75,25167.75,25148.75,25158.75
1783936800000,25159.75,25167.75,25122.75,25134.75
1783937700000,25132.75,25133.75,25085.75,25091.75
1783938600000,25092.75,25121.75,25076.75,25115.75
1783939500000,25114.75,25130.75,25105.75,25117.75
1783940400000,25116.75,25145.75,25104.75,25119.75
1783941300000,25118.75,25138.75,25108.75,25133.75
1783942200000,25131.75,25144.75,25121.75,25138.75
1783943100000,25137.75,25137.75,25099.75,25110.75
1783944000000,25109.75,25130.75,25081.75,25083.75
1783944900000,25084.75,25110.75,25084.75,25089.75
1783945800000,25090.75,25093.75,25062.75,25076.75
1783946700000,25075.75,25137.75,25075.75,25132.75
1783947600000,25133.75,25143.75,25113.75,25122.75
1783948500000,25121.75,25121.75,25089.75,25106.75
1783949400000,25108.75,25129.75,25100.75,25110.75
1783950300000,25108.75,25144.75,25076.75,25132.75
1783951200000,25131.75,25144.75,25092.75,25119.75
1783952100000,25120.75,25125.75,24984.75,25091.75
1783953000000,25092.75,25107.75,25066.75,25074.75
1783953900000,25075.75,25134.75,25065.75,25130.75
1783954800000,25129.75,25139.75,25098.75,25119.75
1783955700000,25118.75,25118.75,25078.75,25098.75
1783956600000,25096.75,25139.75,25095.75,25110.75
1783957500000,25109.75,25118.75,25092.75,25096.75
1783958400000,25095.75,25114.75,25091.75,25097.75
1783959300000,25098.75,25098.75,25058.75,25066.75
1783960200000,25067.35,25085.75,25034.35,25084.75
1783961100000,25083.75,25089.75,25042.75,25058.75
1783962000000,25060.75,25089.75,25057.75,25075.75
1783962900000,25074.75,25078.75,25058.75,25060.75
1783963800000,25061.75,25070.75,25049.75,25064.75
1783964700000,25063.75,25071.75,25023.35,25024.75
1783965600000,25024.95,25033.75,25006.75,25019.75
1783966500000,25017.75,25021.35,24993.75,24997.75
1783967400000,24998.75,25015.75,24990.95,25010.350000000002
1783968300000,25009.75,25031.75,25001.75,25027.75
1783969200000,25028.75,25037.75,25002.75,25003.75
1783970100000,25002.75,25004.75,24980.75,24983.75
1783971000000,24986.75,25000.75,24977.75,24997.75
1783971900000,24998.75,25023.75,24991.75,25021.85
1783972800000,25008.850000000002,25022.95,25001.95,25007.95
1783973700000,25006.95,25006.95,24962.95,24996.95
1783974600000,24995.95,24995.95,24985.95,24990.95
1783975500000,24989.95,24994.95,24982.95,24991.95
1783980000000,25001.45,25023.45,25000.45,25003.45
1783980900000,25004.45,25017.02,24997.86,24998.86
1783981800000,24997.86,25005.73,24993.86,25004.73
1783982700000,25003.73,25012.45,24982.45,24986.45
1783983600000,24985.45,24986.45,24962.45,24968.45
1783984500000,24969.45,24981.45,24964.45,24967.45
1783985400000,24965.45,24970.45,24947.41,24949.41
1783986300000,24950.41,24985.98,24946.41,24983.98
1783987200000,24979.98,24996.45,24933.3,24982.59
1783988100000,24983.59,24983.59,24862.65,24888.65
1783989000000,24898.15,24913.15,24834.95,24847.15
1783989900000,24853.95,24923.15,24850.65,24920.15
1783990800000,24919.15,24932.65,24897.15,24899.15
1783991700000,24900.15,24925.65,24897.15,24909.15
1783992600000,24907.649999999998,24912.149999999998,24868.05,24886.149999999998
1783993500000,24886.15,24900.65,24860.65,24869.15
1783994400000,24870.15,24903.15,24866.65,24880.15
1783995300000,24882.15,24891.15,24856.15,24869.15
1783996200000,24872.15,24899.65,24852.15,24889.15
1783997100000,24890.15,24891.65,24841.15,24845.15
1783998000000,24845.15,24852.15,24819.65,24820.65
1783998900000,24822.15,24837.65,24796.15,24837.65
1783999800000,24834.15,24854.15,24815.65,24826.65
1784000700000,24826.65,24882.95,24826.15,24880.15
1784001600000,24881.550000000003,24902.15,24855.15,24871.15
1784002500000,24871.550000000003,24904.15,24864.15,24895.550000000003
1784003400000,24896.95,24957.65,24896.95,24944.15
1784004300000,24944.65,24957.15,24932.15,24952.65
1784005200000,24953.65,24971.15,24938.15,24963.65
1784006100000,24961.65,24993.550000000003,24956.15,24991.65
1784007000000,24992.65,25015.95,24989.65,25000.550000000003
1784007900000,25001.15,25004.65,24985.65,24990.65
1784008800000,24998.550000000003,25028.75,24989.15,25014.75
1784009700000,25015.75,25026.75,24955.75,24955.75
1784010600000,24958.35,24972.75,24932.35,24943.75
1784011500000,24941.95,24941.95,24874.75,24884.75
1784012400000,24887.75,25026.75,24863.95,25010.75
1784013300000,25009.75,25026.75,24968.75,25004.75
1784014200000,25005.75,25008.75,24943.75,24947.75
1784015100000,24946.75,24995.75,24913.75,24992.75
1784016000000,24995.75,25022.75,24940.75,24979.75
1784016900000,24980.75,24993.75,24955.75,24991.75
1784017800000,24989.75,25001.75,24958.35,24970.75
1784018700000,24969.75,24984.75,24944.75,24951.75
1784019600000,24952.75,25007.75,24940.75,25007.75
1784020500000,25006.75,25006.75,24962.75,24965.75
1784021400000,24964.75,24977.75,24951.75,24972.75
1784022300000,24973.75,25022.75,24973.75,25007.75
1784023200000,25008.75,25033.75,24992.75,25005.75
1784024100000,25006.75,25018.75,24986.75,24997.75
1784025000000,24996.75,25011.75,24964.75,24965.75
1784025900000,24964.75,24977.75,24931.75,24961.75
1784026800000,24963.75,24965.75,24901.75,24933.75
1784027700000,24934.75,24967.75,24925.75,24955.75
1784028600000,24954.75,24961.75,24913.75,24921.75
1784029500000,24920.75,24936.75,24903.75,24929.75
1784030400000,24930.75,24931.75,24882.75,24904.75
1784031300000,24903.75,24947.95,24891.75,24934.95
1784032200000,24934.95,25107.95,24934.95,24995.75
1784033100000,24996.75,25012.75,24957.75,24997.75
1784034000000,24998.75,25044.75,24990.75,25040.75
1784034900000,25041.75,25043.75,25007.75,25042.75
1784035800000,25044.75,25100.75,25015.75,25097.75
1784036700000,25096.75,25118.75,25072.75,25114.75
1784037600000,25112.75,25114.75,25058.75,25080.75
1784038500000,25079.75,25125.75,25051.75,25117.75
1784039400000,25118.75,25222.45,25106.75,25150.75
1784040300000,25151.75,25158.75,25120.75,25143.75
1784041200000,25142.75,25196.75,25114.75,25177.75
1784042100000,25176.75,25180.75,25134.75,25156.75
1784043000000,25157.75,25184.75,25114.75,25133.75
1784043900000,25134.75,25142.75,25088.75,25103.75
1784044800000,25104.75,25108.95,25082.75,25104.95
1784045700000,25105.35,25111.75,25087.35,25105.75
1784046600000,25106.75,25109.75,25093.75,25105.75
1784047500000,25104.75,25119.75,25083.75,25119.75
1784048400000,25118.75,25123.75,25106.75,25115.75
1784049300000,25114.75,25126.75,25106.75,25123.75
1784050200000,25124.75,25127.75,25103.75,25107.75
1784051100000,25108.75,25109.75,25088.75,25090.75
1784052000000,25091.75,25095.75,25079.75,25092.75
1784052900000,25093.75,25095.75,25080.75,25088.75
1784053800000,25089.75,25089.75,25056.75,25073.75
1784054700000,25072.75,25079.75,25065.75,25069.75
1784055600000,25070.75,25075.75,25061.75,25071.75
1784056500000,25072.75,25080.75,25071.75,25073.75
1784057400000,25075.75,25075.75,25053.75,25064.75
1784058300000,25065.75,25073.75,25045.85,25050.85
1784059200000,25049.95,25059.96,25039.95,25051.96
1784060100000,25050.96,25054.96,25037.96,25039.96
1784061000000,25038.96,25052.96,25038.96,25050.96
1784061900000,25049.96,25060.96,25042.96,25058.96
1784066400000,25059.449999999997,25061.449999999997,25025.17,25030.879999999997
1784067300000,25031.88,25060.45,25030.88,25054.45
1784068200000,25055.449999999997,25061.449999999997,25054.17,25056.17
1784069100000,25055.17,25057.17,25045.17,25048.17
1784070000000,25047.17,25063.449999999997,25043.17,25062.449999999997
1784070900000,25061.45,25094.45,25057.45,25092.45
1784071800000,25093.45,25100.45,25089.73,25091.45
1784072700000,25092.45,25104.45,25088.45,25099.45
1784073600000,25100.45,25106.45,25080.46,25100.45
1784074500000,25099.45,25099.45,25076.15,25082.65
1784075400000,25083.15,25089.050000000003,25046.65,25048.15
1784076300000,25048.65,25090.65,25048.65,25088.65
1784077200000,25089.65,25093.65,25052.65,25062.15
1784078100000,25060.65,25077.15,25060.15,25067.65
1784079000000,25069.15,25073.15,25044.15,25044.15
1784079900000,25044.15,25076.15,25042.65,25075.15
1784080800000,25070.649999999998,25081.149999999998,25068.05,25070.649999999998
1784081700000,25072.649999999998,25081.149999999998,25067.05,25079.649999999998
1784082600000,25080.15,25098.65,25079.65,25095.050000000003
1784083500000,25094.65,25097.65,25077.65,25080.15
1784084400000,25079.15,25088.65,25076.65,25078.15
1784085300000,25078.65,25087.15,25073.65,25080.65
1784086200000,25079.65,25094.65,25079.65,25081.65
1784087100000,25080.15,25105.45,25079.15,25098.65
1784088000000,25098.15,25101.65,25091.15,25094.15
1784088900000,25095.15,25100.65,25089.15,25095.15
1784089800000,25094.15,25101.050000000003,25090.15,25097.15
1784090700000,25098.15,25109.65,25098.15,25105.15
1784091600000,25116.050000000003,25147.45,25065.15,25080.15
1784092500000,25078.65,25097.15,25060.15,25065.65
1784093400000,25066.15,25088.050000000003,25043.15,25047.65
1784094300000,25046.65,25086.15,25042.15,25074.15
1784095200000,25071.149999999998,25082.25,25046.85,25052.25
1784096100000,25051.85,25072.25,25037.85,25060.25
1784097000000,25060.85,25060.85,25029.25,25045.25
1784097900000,25044.25,25052.25,25004.25,25028.45
1784098800000,25029.25,25031.25,24909.25,24947.25
1784099700000,24946.25,24957.25,24841.25,24868.25
1784100600000,24869.25,24912.25,24855.25,24910.25
1784101500000,24909.25,24933.25,24884.25,24927.25
1784102400000,24929.25,24962.25,24911.25,24962.25
1784103300000,24963.25,24997.25,24947.25,24994.25
1784104200000,24992.25,25031.25,24985.25,25006.25
1784105100000,25007.25,25033.25,24994.25,25014.25
1784106000000,25015.25,25045.25,25005.25,25041.25
1784106900000,25042.25,25043.25,25018.25,25019.25
1784107800000,25020.25,25023.25,24976.25,24998.25
1784108700000,24999.25,25002.25,24947.25,24954.25
1784109600000,24953.25,24990.25,24949.25,24983.25
1784110500000,24984.25,24997.25,24949.25,24960.25
1784111400000,24961.25,24980.25,24953.25,24953.25
1784112300000,24952.25,24963.25,24944.25,24944.25
1784113200000,24945.25,24949.25,24921.25,24941.25
1784114100000,24943.25,24957.25,24936.25,24937.25
1784115000000,24939.25,24982.25,24929.25,24977.25
1784115900000,24976.25,25014.25,24965.25,25008.25
1784116800000,25010.25,25018.25,24984.25,25014.25
1784117700000,25013.25,25033.25,25000.25,25001.45
1784118600000,25001.45,25033.25,25001.45,25033.25
1784119500000,25031.25,25041.25,25013.25,25023.25
1784120400000,25024.25,25050.25,25004.25,25005.25
1784121300000,25004.25,25030.25,24996.25,25016.25
1784122200000,25017.25,25060.25,24991.25,24992.25
1784123100000,24991.25,25043.25,24963.25,25025.25
1784124000000,25027.25,25041.25,25010.25,25036.25
1784124900000,25037.25,25067.25,25019.25,25041.25
1784125800000,25040.25,25060.25,25020.25,25021.25
1784126700000,25022.25,25046.25,25002.25,25046.25
1784127600000,25045.25,25047.25,25008.25,25010.25
1784128500000,25011.25,25031.25,25000.25,25021.25
1784129400000,25020.25,25050.25,25014.25,25029.25
1784130300000,25027.25,25033.25,25005.25,25005.25
1784131200000,25007.25,25009.25,24965.25,24966.25
1784132100000,24965.25,24969.25,24948.25,24963.25
1784133000000,24962.25,24967.25,24932.25,24951.25
1784133900000,24952.25,24992.25,24948.25,24973.25
1784134800000,24974.45,24993.25,24972.45,24983.25
1784135700000,24982.25,25009.25,24981.25,25008.25
1784136600000,25009.25,25035.25,25005.25,25027.25
1784137500000,25026.25,25043.25,25023.25,25028.25
1784138400000,25029.25,25038.25,25022.25,25034.25
1784139300000,25035.25,25036.25,25024.25,25025.25
1784140200000,25026.25,25037.25,25025.25,25030.25
1784141100000,25029.25,25031.25,25005.25,25008.25
1784142000000,25009.25,25026.25,25000.25,25024.25
1784142900000,25025.25,25026.25,25001.85,25013.25
1784143800000,25012.25,25017.25,24989.25,25000.25
1784144700000,24999.25,25015.25,24986.25,25006.35
1784145600000,25004.350000000002,25016.45,24978.45,24997.4
1784146500000,24998.4,25011.45,24994.4,25006.45
1784147400000,25005.45,25006.45,24998.45,25003.45
1784148300000,25004.45,25008.45,24998.45,24998.45
1784152800000,25002.95,25027.95,24997.95,25013.95
1784153700000,25014.95,25014.95,25003.95,25005.95
1784154600000,25006.95,25009.95,24997.95,24998.95
1784155500000,24999.95,25017.38,24998.38,25011.95
1784156400000,25010.95,25017.23,25007.95,25013.23
1784157300000,25012.23,25018.95,25006.23,25016.95
1784158200000,25017.95,25025.95,25011.95,25019.23
1784159100000,25018.23,25021.23,25001.52,25004.52
1784160000000,25005.52,25045.95,25003.52,25045.95
1784160900000,25044.95,25046.850000000002,25011.15,25013.15
1784161800000,25013.550000000003,25021.65,24979.65,24980.65
1784162700000,24982.15,24992.15,24960.65,24968.65
1784163600000,24968.15,24972.65,24934.65,24941.65
1784164500000,24943.65,24946.15,24914.65,24929.65
1784165400000,24931.65,24957.95,24928.15,24937.15
1784166300000,24939.15,24969.15,24933.65,24940.65
1784167200000,24940.15,24944.65,24920.65,24927.15
1784168100000,24927.65,24956.15,24918.15,24954.65
1784169000000,24954.149999999998,24970.649999999998,24950.55,24960.149999999998
1784169900000,24962.15,24992.65,24962.15,24990.65
1784170800000,24990.65,25008.65,24985.15,25003.65
1784171700000,25001.65,25003.65,24991.15,24999.65
1784172600000,24999.15,25019.15,24997.65,25011.15
1784173500000,25012.65,25038.550000000003,25011.15,25038.15
1784174400000,25037.65,25043.95,25012.15,25023.65
1784175300000,25025.65,25025.65,24998.15,25001.65
1784176200000,24999.65,25005.65,24994.15,25000.65
1784177100000,24999.15,25008.65,24995.65,24997.65
1784178000000,25005.65,25041.15,24999.15,25037.65
1784178900000,25038.65,25066.15,25035.15,25057.65
1784179800000,25056.65,25069.65,25016.15,25030.15
1784180700000,25030.65,25039.95,25018.65,25031.15
1784181600000,25029.649999999998,25046.449999999997,24975.35,25010.75
1784182500000,25009.35,25037.75,25008.35,25016.75
1784183400000,25015.75,25017.75,24981.35,24998.75
1784184300000,24997.75,25042.75,24988.95,25035.75
1784185200000,25034.75,25062.75,24920.75,24921.75
1784186100000,24920.75,24975.75,24905.75,24954.75
1784187000000,24955.75,24965.75,24884.75,24906.75
1784187900000,24907.75,24908.75,24853.75,24879.75
1784188800000,24878.75,24903.75,24847.75,24849.75
1784189700000,24850.75,24910.75,24829.75,24907.75
1784190600000,24906.75,24926.75,24894.75,24909.75
1784191500000,24910.75,24949.75,24909.75,24912.75
1784192400000,24911.75,24954.75,24907.75,24946.75
1784193300000,24947.75,24956.75,24879.75,24887.75
1784194200000,24888.75,24904.75,24859.75,24869.75
1784195100000,24868.75,24877.75,24843.75,24863.75
1784196000000,24864.75,24887.75,24849.75,24857.75
1784196900000,24858.75,24860.75,24822.75,24853.75
1784197800000,24852.75,24865.75,24838.75,24852.75
1784198700000,24851.75,24867.75,24836.75,24843.75
1784199600000,24842.75,24847.75,24813.75,24818.75
1784200500000,24819.75,24833.75,24793.75,24808.75
1784201400000,24807.75,24809.75,24774.75,24797.75
1784202300000,24798.75,24804.75,24704.75,24780.75
1784203200000,24781.75,24806.75,24759.75,24766.75
1784204100000,24767.75,24789.75,24719.75,24738.95
1784205000000,24738.95,24745.75,24708.75,24716.75
1784205900000,24715.75,24766.75,24707.75,24741.75
1784206800000,24743.75,24797.75,24732.75,24791.75
1784207700000,24792.75,24799.75,24767.75,24776.75
1784208600000,24778.75,24788.75,24737.75,24764.75
1784209500000,24765.75,24807.75,24753.75,24786.75
1784210400000,24785.75,24832.75,24781.35,24821.75
1784211300000,24820.75,24828.75,24786.75,24799.75
1784212200000,24796.75,24812.75,24785.75,24798.75
1784213100000,24797.75,24833.75,24791.75,24829.75
1784214000000,24828.75,24865.75,24820.75,24863.75
1784214900000,24864.75,24888.75,24852.75,24875.75
1784215800000,24876.75,24946.75,24872.75,24929.75
1784216700000,24928.75,24931.75,24889.75,24894.75
1784217600000,24893.75,24895.75,24867.75,24871.75
1784218500000,24872.75,24883.75,24843.75,24862.75
1784219400000,24861.75,24881.75,24857.75,24877.75
1784220300000,24878.75,24921.75,24873.75,24915.75
1784221200000,24916.75,24921.75,24902.75,24906.75
1784222100000,24905.75,24921.75,24900.75,24920.75
1784223000000,24921.75,24925.75,24884.75,24895.75
1784223900000,24896.75,24904.75,24885.75,24892.75
1784224800000,24893.75,24895.75,24869.75,24883.75
1784225700000,24882.75,24906.75,24877.75,24897.75
1784226600000,24896.75,24897.75,24873.75,24889.75
1784227500000,24888.75,24900.75,24882.75,24884.75
1784228400000,24883.75,24896.75,24875.75,24880.75
1784229300000,24879.75,24890.75,24872.75,24879.75
1784230200000,24878.75,24881.75,24853.75,24873.75
1784231100000,24872.75,24893.85,24834.75,24887.85
1784232000000,24886.850000000002,24889.95,24856.95,24857.95
1784232900000,24858.95,24880.95,24854.95,24864.95
1784233800000,24863.95,24869.95,24855.95,24862.95
1784234700000,24863.95,24869.84,24857.95,24865.95
1784239200000,24884.45,24890.45,24869.73,24872.73
1784240100000,24871.73,24871.73,24857.45,24858.45
1784241000000,24859.45,24863.31,24850.31,24859.31
1784241900000,24860.31,24860.31,24845.31,24853.31
1784242800000,24854.31,24858.31,24835.31,24849.31
1784243700000,24850.31,24850.31,24824.02,24833.02
1784244600000,24834.02,24844.02,24817.45,24836.02
1784245500000,24837.02,24841.02,24823.02,24832.02
1784246400000,24825.02,24834.02,24795.15,24804.15
1784247300000,24805.149999999998,24835.649999999998,24783.05,24807.149999999998
1784248200000,24807.65,24814.15,24784.15,24792.15
1784249100000,24794.050000000003,24823.65,24791.15,24810.65
1784250000000,24810.65,24832.65,24795.65,24808.65
1784250900000,24808.65,24824.65,24795.65,24809.65
1784251800000,24807.15,24807.15,24765.65,24769.15
1784252700000,24766.15,24766.15,24734.75,24742.15
1784253600000,24743.75,24760.75,24736.75,24741.15
1784254500000,24741.75,24744.75,24731.15,24734.15
1784255400000,24730.15,24744.75,24721.75,24744.75
1784256300000,24743.75,24747.55,24721.75,24729.75
1784257200000,24729.15,24763.75,24729.15,24750.15
1784258100000,24752.15,24784.45,24751.65,24767.65
1784259000000,24768.15,24769.15,24735.65,24744.15
1784259900000,24743.65,24744.65,24711.15,24711.65
1784260800000,24712.15,24713.15,24682.65,24684.15
1784261700000,24683.15,24693.65,24651.65,24658.15
1784262600000,24659.15,24666.15,24615.15,24641.65
1784263500000,24641.15,24690.95,24637.15,24672.65
1784264400000,24672.65,24681.65,24652.15,24676.15
1784265300000,24677.149999999998,24684.45,24659.05,24669.149999999998
1784266200000,24670.15,24687.050000000003,24653.65,24677.15
1784267100000,24673.15,24720.65,24662.15,24711.15
1784268000000,24709.65,24739.25,24694.25,24724.85
1784268900000,24724.25,24798.25,24720.25,24790.25
1784269800000,24786.25,24796.25,24751.85,24766.25
1784270700000,24765.25,24766.25,24743.85,24747.25
1784271600000,24745.25,24784.25,24718.25,24766.25
1784272500000,24769.25,24809.25,24750.25,24799.25
1784273400000,24800.25,24829.25,24786.25,24828.25
1784274300000,24829.25,24848.25,24808.25,24822.25
1784275200000,24824.25,24860.25,24784.25,24812.25
1784276100000,24811.25,24812.25,24725.25,24749.25
1784277000000,24751.25,24758.25,24697.25,24739.25
1784277900000,24740.25,24750.25,24712.25,24734.25
1784278800000,24733.25,24734.25,24669.25,24703.25
1784279700000,24702.25,24728.25,24682.25,24726.25
1784280600000,24727.25,24728.25,24659.25,24667.25
1784281500000,24668.25,24703.25,24665.25,24701.25
1784282400000,24702.25,24744.25,24689.25,24733.25
1784283300000,24734.25,24768.25,24732.25,24763.25
1784284200000,24762.25,24804.25,24760.25,24784.25
1784285100000,24785.25,24805.25,24775.25,24778.25
1784286000000,24777.25,24795.25,24743.25,24747.25
1784286900000,24748.25,24766.25,24741.25,24750.25
1784287800000,24751.25,24788.25,24742.25,24768.25
1784288700000,24769.25,24811.25,24765.25,24807.25
1784289600000,24808.25,24820.05,24766.25,24786.25
1784290500000,24787.25,24801.25,24762.25,24778.45
1784291400000,24781.95,24811.25,24775.95,24807.25
1784292300000,24806.25,24817.25,24771.25,24773.25
1784293200000,24774.25,24775.25,24717.25,24726.25
1784294100000,24723.85,24744.25,24702.25,24732.25
1784295000000,24734.25,24785.25,24728.25,24753.25
1784295900000,24752.25,24813.25,24749.25,24812.25
1784296800000,24813.25,24821.25,24775.25,24786.25
1784297700000,24785.25,24807.25,24778.25,24790.25
1784298600000,24789.25,24811.25,24775.25,24786.25
1784299500000,24784.25,24832.25,24771.25,24809.25
1784300400000,24812.25,24814.25,24771.25,24789.25
1784301300000,24790.25,24841.25,24781.25,24840.25
1784302200000,24839.25,24863.25,24814.25,24845.25
1784303100000,24844.25,24888.25,24838.25,24886.25
1784304000000,24885.25,24889.25,24841.25,24861.25
1784304900000,24862.25,24866.25,24826.25,24842.25
1784305800000,24841.25,24856.25,24833.25,24856.25
1784306700000,24855.25,24876.25,24854.25,24862.25
1784307600000,24861.25,24887.25,24859.25,24872.25
1784308500000,24873.25,24882.25,24865.25,24877.25
1784309400000,24876.25,24877.25,24846.25,24850.25
1784310300000,24849.25,24854.25,24825.25,24827.25
1784311200000,24828.25,24840.25,24820.25,24824.25
1784312100000,24825.25,24828.25,24811.25,24817.25
1784313000000,24818.25,24833.25,24798.25,24804.25
1784313900000,24803.25,24824.25,24800.25,24815.25
1784314800000,24817.25,24818.25,24793.25,24794.25
1784315700000,24795.25,24800.25,24772.25,24796.25
1784316600000,24799.25,24837.25,24798.25,24834.25
1784317500000,24833.25,24855.25,24829.25,24836.35
1784318400000,24836.350000000002,24836.350000000002,24792.45,24807.31
1784319300000,24808.31,24824.31,24803.31,24821.31
1784320200000,24822.31,24835.31,24820.31,24834.31
1784321100000,24835.31,24838.31,24823.11,24825.11
1784498400000,24836.95,24836.95,24770.23,24774.25
1784499300000,24775.25,24828.25,24775.25,24791.25
1784500200000,24790.25,24851.25,24787.25,24843.25
1784501100000,24844.25,24851.25,24823.25,24827.25
1784502000000,24828.25,24837.95,24811.25,24825.95
1784502900000,24827.95,24838.95,24812.95,24821.95
1784503800000,24822.95,24850.8,24813.95,24850.8
1784504700000,24851.8,24860.95,24821.8,24856.95
1784505600000,24850.95,24887.45,24828.52,24881.45
1784506500000,24882.45,24896.15,24857.65,24864.65
1784507400000,24860.65,24862.15,24830.65,24831.15
1784508300000,24830.15,24838.15,24816.65,24829.15
1784509200000,24828.15,24871.65,24828.15,24839.15
1784510100000,24838.649999999998,24857.149999999998,24829.05,24829.149999999998
1784511000000,24828.65,24830.65,24790.65,24800.15
1784511900000,24799.65,24812.15,24781.15,24797.65
1784512800000,24799.65,24838.15,24797.65,24807.050000000003
1784513700000,24809.050000000003,24809.65,24783.15,24794.65
1784514600000,24795.15,24840.15,24795.15,24832.15
1784515500000,24831.65,24850.15,24830.65,24832.65
1784516400000,24834.15,24846.65,24819.65,24833.15
1784517300000,24832.15,24841.15,24825.15,24825.15
1784518200000,24825.65,24837.15,24818.65,24836.65
1784519100000,24837.149999999998,24857.149999999998,24832.05,24838.649999999998
1784520000000,24838.65,24854.15,24827.15,24827.15
1784520900000,24826.15,24852.65,24823.15,24846.15
1784521800000,24847.15,24877.15,24841.15,24870.15
1784522700000,24867.15,24879.15,24850.15,24854.15
1784523600000,24852.65,24859.15,24809.65,24838.15
1784524500000,24834.15,24838.15,24810.15,24811.15
1784525400000,24810.65,24820.050000000003,24796.65,24797.15
1784526300000,24797.15,24797.65,24767.65,24769.15
1784527200000,24770.65,24798.45,24757.25,24763.25
1784528100000,24762.85,24774.25,24749.25,24764.25
1784529000000,24762.25,24774.25,24739.25,24764.25
1784529900000,24760.25,24772.25,24745.85,24758.25
1784530800000,24757.25,24814.25,24746.25,24805.25
1784531700000,24804.25,24840.25,24762.25,24837.25
1784532600000,24838.25,24899.25,24838.25,24899.25
1784533500000,24900.25,24918.25,24842.25,24868.25
1784534400000,24869.25,24900.25,24846.25,24895.25
1784535300000,24896.25,24918.25,24881.25,24913.25
1784536200000,24912.25,24924.25,24885.25,24894.25
1784537100000,24895.25,24920.25,24882.25,24915.25
1784538000000,24914.25,24923.25,24885.25,24900.25
1784538900000,24901.25,24929.25,24900.25,24920.25
1784539800000,24917.25,24957.25,24916.25,24947.25
1784540700000,24948.25,24949.25,24909.25,24931.25
1784541600000,24930.25,24938.25,24904.25,24907.25
1784542500000,24906.25,24916.25,24876.25,24901.25
1784543400000,24900.25,24905.25,24832.25,24846.25
1784544300000,24845.25,24876.25,24828.25,24870.25
1784545200000,24874.25,24901.25,24869.25,24881.25
1784546100000,24880.25,24897.25,24875.25,24890.25
1784547000000,24888.25,24986.25,24881.25,24961.25
1784547900000,24962.25,24968.25,24915.25,24953.25
1784548800000,24952.25,24955.25,24847.85,24904.25
1784549700000,24903.25,24915.25,24878.25,24910.25
1784550600000,24913.25,24924.25,24887.25,24895.25
1784551500000,24894.25,24909.25,24838.25,24846.25
1784552400000,24847.25,24854.25,24809.75,24809.75
1784553300000,24810.75,24851.75,24801.75,24842.75
1784554200000,24845.75,24856.75,24792.75,24802.75
1784555100000,24801.75,24802.75,24765.75,24794.75
1784556000000,24795.75,24813.75,24772.25,24807.25
1784556900000,24808.25,24836.25,24783.25,24835.25
1784557800000,24834.25,24862.25,24820.25,24848.25
1784558700000,24845.25,24861.25,24813.25,24838.25
1784559600000,24836.25,24891.25,24819.25,24863.25
1784560500000,24862.25,24883.25,24854.25,24871.25
1784561400000,24870.25,24880.25,24836.25,24851.25
1784562300000,24852.25,24870.25,24835.25,24861.25
1784563200000,24860.25,24894.25,24858.25,24881.25
1784564100000,24879.25,24886.25,24870.25,24877.25
1784565000000,24878.25,24881.25,24813.95,24844.25
1784565900000,24843.25,24853.25,24825.25,24827.25
1784566800000,24828.25,24835.25,24807.25,24818.25
1784567700000,24817.25,24828.25,24806.25,24825.25
1784568600000,24826.25,24836.25,24799.25,24800.25
1784569500000,24801.25,24819.25,24799.25,24812.25
1784570400000,24811.25,24827.25,24811.25,24824.25
1784571300000,24823.25,24826.25,24796.25,24801.25
1784572200000,24800.25,24801.25,24740.25,24743.25
1784573100000,24742.25,24770.25,24742.25,24756.25
1784574000000,24757.25,24771.25,24715.25,24715.25
1784574900000,24714.25,24745.25,24705.25,24743.25
1784575800000,24746.25,24754.25,24731.25,24736.25
1784576700000,24737.25,24760.25,24708.85,24708.85
1784577600000,24708.850000000002,24732.95,24688.95,24696.95
1784578500000,24695.95,24696.95,24677.81,24686.81
1784579400000,24687.81,24703.95,24685.81,24697.95
1784580300000,24698.95,24706.95,24694.95,24703.95
1784584800000,24714.45,24717.45,24666.45,24678.45
1784585700000,24677.45,24684.45,24673.45,24678.45
1784586600000,24679.45,24682.45,24666.45,24680.45
1784587500000,24681.45,24683.45,24670.45,24675.45
1784588400000,24676.45,24703.73,24672.45,24702.73
1784589300000,24701.73,24730.73,24701.73,24729.73
1784590200000,24728.73,24734.73,24722.73,24725.73
1784591100000,24724.73,24733.73,24698.88,24709.45
1784592000000,24712.45,24712.45,24668.45,24698.45
1784592900000,24699.45,24721.15,24674.65,24713.050000000003
1784593800000,24712.65,24743.15,24709.15,24732.15
1784594700000,24734.15,24750.15,24728.65,24732.15
1784595600000,24723.65,24778.15,24717.15,24775.15
1784596500000,24778.15,24792.15,24759.15,24768.65
1784597400000,24770.65,24787.65,24748.65,24750.65
1784598300000,24750.15,24764.65,24740.65,24746.65
1784599200000,24748.65,24777.15,24744.15,24748.65
1784600100000,24748.15,24773.550000000003,24736.15,24767.15
1784601000000,24767.65,24788.550000000003,24767.15,24779.15
1784601900000,24779.15,24788.550000000003,24773.65,24786.65
1784602800000,24789.95,24797.550000000003,24785.65,24795.65
1784603700000,24794.65,24808.95,24792.15,24805.65
1784604600000,24807.15,24828.15,24801.65,24820.65
1784605500000,24821.65,24837.15,24817.65,24823.15
1784606400000,24822.65,24828.65,24818.15,24819.15
1784607300000,24818.65,24828.65,24815.65,24825.550000000003
1784608200000,24825.65,24834.15,24821.65,24831.65
1784609100000,24830.65,24841.15,24823.65,24828.65
1784610000000,24829.65,24831.15,24809.65,24809.65
1784610900000,24809.65,24829.15,24798.15,24829.15
1784611800000,24829.65,24853.550000000003,24820.65,24850.15
1784612700000,24849.15,24873.15,24843.15,24864.65
1784613600000,24864.149999999998,24880.75,24849.35,24858.75
1784614500000,24858.35,24864.75,24835.75,24847.35
1784615400000,24848.35,24873.75,24848.35,24860.75
1784616300000,24861.75,24878.25,24840.75,24875.25
1784617200000,24874.25,24944.25,24862.25,24885.25
1784618100000,24887.25,24915.25,24851.25,24863.25
1784619000000,24864.25,24896.25,24829.25,24867.25
1784619900000,24866.25,24889.25,24850.25,24883.25
1784620800000,24885.25,24885.25,24844.25,24876.25
1784621700000,24875.25,24896.25,24859.25,24868.25
1784622600000,24870.25,24915.25,24861.25,24915.25
1784623500000,24914.25,24914.25,24885.25,24891.85
1784624400000,24891.449999999997,24941.25,24889.85,24935.25
1784625300000,24937.25,24960.25,24918.25,24923.25
1784626200000,24922.25,24959.25,24919.25,24939.25
1784627100000,24938.25,24964.25,24928.25,24938.25
1784628000000,24939.25,24999.25,24938.25,24959.25
1784628900000,24960.25,24979.25,24950.25,24963.25
1784629800000,24964.25,24988.25,24954.25,24969.25
1784630700000,24968.25,24971.25,24939.25,24941.25
1784631600000,24944.25,24947.25,24887.25,24895.25
1784632500000,24896.25,24902.25,24872.25,24895.25
1784633400000,24896.25,24919.25,24888.25,24900.25
1784634300000,24899.25,24910.25,24889.25,24904.25
1784635200000,24905.25,24916.25,24899.25,24909.25
1784636100000,24910.25,24914.25,24849.25,24852.25
1784637000000,24851.25,24890.25,24834.25,24860.25
1784637900000,24861.25,24909.25,24856.25,24902.25
1784638800000,24903.25,24904.25,24873.25,24879.25
1784639700000,24878.25,24891.25,24854.25,24871.25
1784640600000,24872.25,24912.25,24820.25,24830.25
1784641500000,24828.25,24856.25,24822.25,24837.25
1784642400000,24838.25,24908.25,24836.25,24902.25
1784643300000,24903.25,24942.25,24891.25,24929.25
1784644200000,24930.25,24959.25,24930.25,24951.25
1784645100000,24953.25,24979.25,24950.25,24970.25
1784646000000,24971.25,24985.25,24950.25,24975.25
1784646900000,24976.25,25014.25,24975.25,24998.25
1784647800000,24997.25,25045.25,24995.25,25030.25
1784648700000,25031.25,25049.25,25023.25,25041.25
1784649600000,25042.25,25059.25,25040.25,25054.25
1784650500000,25055.25,25062.25,25047.25,25056.25
1784651400000,25057.25,25058.25,25047.25,25052.25
1784652300000,25051.25,25068.25,25047.25,25051.25
1784653200000,25052.25,25059.25,25047.25,25052.25
1784654100000,25053.25,25054.25,25040.25,25043.25
1784655000000,25042.25,25058.25,25042.25,25051.25
1784655900000,25052.25,25055.25,25043.25,25046.25
1784656800000,25045.25,25056.25,25045.25,25049.25
1784657700000,25050.25,25060.25,25047.25,25059.25
1784658600000,25060.25,25068.25,25053.25,25066.25
1784659500000,25065.25,25068.25,25058.25,25063.25
1784660400000,25062.25,25065.25,25051.25,25061.25
1784661300000,25060.25,25066.25,25059.25,25064.25
1784662200000,25059.25,25071.25,25054.25,25064.25
1784663100000,25061.25,25084.25,25054.25,25073.35
1784664000000,25072.350000000002,25079.45,25057.45,25070.600000000002
1784664900000,25069.6,25069.6,25057.32,25061.04
1784665800000,25060.04,25070.04,25060.04,25064.04
1784666700000,25065.04,25066.04,25057.04,25065.04
1784671200000,25069.95,25073.100000000002,25055.95,25073.100000000002
1784672100000,25072.100000000002,25076.100000000002,25057.95,25063.100000000002
1784673000000,25062.1,25067.949999999997,25058.67,25061.949999999997
1784673900000,25060.95,25065.93,25055.93,25065.93
1784674800000,25064.93,25071.93,25058.49,25060.49
1784675700000,25061.49,25070.49,25054.49,25066.95
1784676600000,25065.95,25070.95,25053.95,25056.95
1784677500000,25055.95,25070.95,25054.95,25067.95
1784678400000,25063.95,25079.96,25057.95,25072.96
1784679300000,25073.96,25092.649999999998,25054.55,25074.649999999998
1784680200000,25074.15,25084.550000000003,25072.15,25084.550000000003
1784681100000,25084.15,25092.65,25071.65,25091.15
1784682000000,25090.65,25098.550000000003,25074.15,25079.15
1784682900000,25080.65,25094.65,25078.65,25082.65
1784683800000,25086.65,25087.15,25070.15,25079.65
1784684700000,25079.15,25110.95,25079.15,25096.65
1784685600000,25094.65,25095.65,25075.65,25083.65
1784686500000,25081.65,25094.15,25078.65,25088.65
1784687400000,25089.65,25092.15,25070.65,25075.15
1784688300000,25075.65,25082.15,25072.15,25077.65
1784689200000,25078.149999999998,25083.149999999998,25057.55,25058.55
1784690100000,25057.65,25092.65,25057.65,25084.65
1784691000000,25085.65,25094.15,25054.15,25059.15
1784691900000,25058.65,25073.65,25047.65,25058.65
1784692800000,25057.15,25073.15,25056.15,25060.15
1784693700000,25060.65,25069.65,25057.15,25061.65
1784694600000,25061.15,25083.65,25053.15,25080.65
1784695500000,25078.65,25080.65,25057.65,25070.65
1784696400000,25068.65,25068.65,25049.65,25056.15
1784697300000,25056.65,25068.65,25054.15,25057.65
1784698200000,25058.15,25062.65,25047.15,25050.15
1784699100000,25050.65,25068.15,25045.15,25056.65
1784700000000,25054.649999999998,25078.75,25047.55,25070.35
1784700900000,25070.75,25070.75,25009.35,25017.75
1784701800000,25016.35,25021.75,24996.75,25003.75
1784702700000,25002.75,25002.75,24959.75,24975.75
1784703600000,24980.75,25043.75,24980.75,25007.75
1784704500000,25008.75,25091.75,25001.75,25073.75
1784705400000,25072.75,25076.75,24997.75,25018.75
1784706300000,25016.75,25073.75,25014.75,25072.75
1784707200000,25073.75,25159.75,25066.75,25121.75
1784708100000,25122.75,25167.75,25115.75,25159.75
1784709000000,25158.75,25197.75,25145.75,25152.75
1784709900000,25151.75,25182.75,25151.75,25179.75
1784710800000,25180.75,25223.75,25173.75,25212.75
1784711700000,25211.75,25248.75,25204.75,25206.75
1784712600000,25205.75,25206.75,25128.75,25131.75
1784713500000,25130.75,25174.75,25121.75,25174.75
1784714400000,25173.75,25210.75,25171.75,25193.75
1784715300000,25194.75,25277.75,25193.75,25260.75
1784716200000,25259.75,25262.75,25145.75,25153.75
1784717100000,25152.75,25175.75,25135.75,25140.25
1784718000000,25139.75,25144.25,25078.75,25094.75
1784718900000,25093.75,25102.75,25066.25,25088.75
1784719800000,25089.25,25114.25,25052.25,25082.75
1784720700000,25081.25,25107.75,25060.25,25064.25
1784721600000,25064.75,25100.25,25055.25,25099.25
1784722500000,25098.25,25133.25,25084.25,25131.25
1784723400000,25130.75,25177.25,25127.25,25173.75
1784724300000,25174.25,25185.25,25101.95,25146.75
1784725200000,25149.25,25193.75,25147.75,25177.25
1784726100000,25176.25,25209.25,25172.75,25203.25
1784727000000,25203.75,25219.25,25128.25,25156.25
1784727900000,25158.25,25219.75,25158.25,25202.75
1784728800000,25202.25,25206.25,25172.75,25183.75
1784729700000,25184.25,25185.25,25155.75,25175.75
1784730600000,25176.75,25186.75,25157.75,25157.75
1784731500000,25158.75,25184.75,25147.75,25176.75
1784732400000,25177.75,25196.75,25165.75,25170.75
1784733300000,25169.75,25190.75,25161.75,25180.75
1784734200000,25179.75,25209.75,25162.75,25205.75
1784735100000,25206.75,25214.75,25188.75,25206.75
1784736000000,25207.75,25210.75,25201.75,25207.75
1784736900000,25206.75,25207.75,25172.75,25183.75
1784737800000,25184.75,25199.75,25178.75,25193.75
1784738700000,25194.75,25209.75,25189.75,25207.75
1784739600000,25206.75,25211.75,25199.75,25201.75
1784740500000,25200.75,25210.75,25185.75,25190.75
1784741400000,25189.75,25201.75,25188.75,25190.75
1784742300000,25189.75,25192.75,25174.75,25176.75
1784743200000,25177.75,25179.75,25159.75,25159.75
1784744100000,25158.75,25164.75,25142.75,25154.75
1784745000000,25153.75,25157.75,25143.75,25154.75
1784745900000,25155.75,25167.75,25153.75,25157.75
1784746800000,25156.75,25157.75,25142.75,25142.75
1784747700000,25141.75,25155.75,25141.75,25153.75
1784748600000,25152.75,25153.75,25140.75,25148.75
1784749500000,25150.75,25161.75,25140.75,25152.85
1784750400000,25153.850000000002,25191.95,25139.95,25191.95
1784751300000,25192.95,25195.09,25176.09,25182.09
1784752200000,25181.09,25183.09,25167.09,25170.09
1784753100000,25169.09,25180.09,25161.09,25164.09
1784757600000,25145.45,25152.45,25118.45,25126.45
1784758500000,25127.45,25130.45,25117.45,25119.45
1784759400000,25120.45,25121.45,25101.45,25104.45
1784760300000,25103.45,25122.45,25101.45,25117.45
1784761200000,25118.449999999997,25118.449999999997,25103.17,25114.17
1784762100000,25113.170000000002,25114.600000000002,25103.45,25109.45
1784763000000,25110.45,25122.02,25110.45,25120.31
1784763900000,25119.31,25138.45,25119.31,25138.45
1784764800000,25132.45,25148.02,25128.45,25135.88
1784765700000,25134.88,25214.05,25134.88,25185.15
1784766600000,25184.65,25211.15,25178.65,25210.15
1784767500000,25209.15,25218.15,25203.65,25207.15
1784768400000,25208.65,25221.050000000003,25200.65,25211.65
1784769300000,25216.15,25218.15,25203.15,25204.050000000003
1784770200000,25205.050000000003,25207.65,25183.15,25183.15
1784771100000,25183.65,25193.65,25169.65,25177.15
1784772000000,25175.15,25186.15,25167.15,25167.15
1784772900000,25168.15,25170.65,25146.15,25147.15
1784773800000,25146.65,25164.050000000003,25141.65,25148.15
1784774700000,25148.15,25159.15,25145.15,25156.15
1784775600000,25158.15,25160.65,25123.65,25134.15
1784776500000,25132.65,25140.65,25125.65,25139.15
1784777400000,25140.65,25165.15,25131.65,25165.15
1784778300000,25163.15,25169.45,25154.65,25160.15
1784779200000,25159.149999999998,25161.149999999998,25135.05,25154.649999999998
1784780100000,25157.15,25166.15,25145.65,25158.65
1784781000000,25162.15,25163.15,25143.15,25144.15
1784781900000,25143.65,25149.65,25107.15,25115.15
1784782800000,25116.15,25123.65,25102.65,25120.15
1784783700000,25120.649999999998,25128.45,25097.05,25123.05
1784784600000,25124.050000000003,25134.65,25090.65,25094.15
1784785500000,25096.65,25097.050000000003,25040.15,25043.15
1784786400000,25042.65,25082.25,25039.15,25074.25
1784787300000,25073.85,25085.25,25066.85,25075.85
1784788200000,25076.25,25076.25,25035.25,25035.25
1784789100000,25036.25,25058.25,25014.25,25025.25
1784790000000,25024.25,25026.25,24901.25,24943.25
1784790900000,24942.25,24980.25,24925.25,24967.25
1784791800000,24968.25,24973.25,24936.25,24961.25
1784792700000,24960.25,24999.25,24926.25,24986.25
1784793600000,24992.25,25043.25,24967.25,25005.25
1784794500000,25004.25,25066.25,25001.25,25056.25
1784795400000,25054.25,25073.25,25011.25,25012.25
1784796300000,25011.25,25035.25,25001.25,25034.25
1784797200000,25033.25,25077.25,25026.16,25043.25
1784798100000,25042.25,25051.25,24996.25,25004.25
1784799000000,25005.25,25017.25,24983.25,25011.25
1784799900000,25012.25,25028.25,24984.25,24995.25
1784800800000,24996.25,25006.25,24966.25,24970.25
1784801700000,24971.25,25002.25,24964.25,24986.25
1784802600000,24987.25,25025.25,24984.25,25006.25
1784803500000,25005.25,25052.25,25002.25,25028.25
1784804400000,25029.25,25032.25,24987.25,24993.25
1784805300000,24992.25,25004.25,24963.25,24972.25
1784806200000,24971.25,24978.25,24934.25,24948.25
1784807100000,24950.25,25029.85,24943.25,25000.25
1784808000000,25001.25,25004.25,24961.25,24963.45
1784808900000,24966.45,24988.95,24926.45,24949.25
1784809800000,24948.25,24948.25,24860.25,24874.25
1784810700000,24873.25,24880.25,24837.25,24847.25
1784811600000,24846.25,24854.25,24776.25,24808.25
1784812500000,24807.25,24808.25,24749.25,24758.25
1784813400000,24760.25,24877.25,24754.25,24853.25
1784814300000,24854.25,24880.25,24821.25,24822.85
1784815200000,24823.95,24865.25,24790.25,24847.25
1784816100000,24846.25,24863.25,24817.25,24848.25
1784817000000,24847.25,24855.25,24784.25,24787.25
1784817900000,24785.25,24799.25,24748.25,24791.25
1784818800000,24792.25,24798.25,24741.25,24751.25
1784819700000,24750.25,24764.25,24697.25,24708.25
1784820600000,24707.25,24787.25,24694.25,24768.25
1784821500000,24769.25,24784.25,24764.25,24784.25
1784822400000,24785.25,24803.25,24781.25,24802.25
1784823300000,24803.25,24839.25,24803.25,24832.25
1784824200000,24833.25,24833.25,24804.25,24805.25
1784825100000,24803.25,24803.25,24778.25,24793.25
1784826000000,24792.25,24793.25,24762.25,24788.25
1784826900000,24787.25,24803.25,24785.25,24785.25
1784827800000,24784.25,24790.25,24770.25,24775.25
1784828700000,24776.25,24787.25,24758.25,24758.25
1784829600000,24757.25,24761.25,24738.25,24742.25
1784830500000,24743.25,24768.25,24740.25,24767.25
1784831400000,24766.25,24768.25,24747.25,24754.25
1784832300000,24755.25,24765.25,24743.25,24754.25
1784833200000,24755.25,24763.25,24740.25,24743.25
1784834100000,24742.25,24766.25,24742.25,24759.25
1784835000000,24758.25,24768.25,24730.25,24730.25
1784835900000,24731.25,24754.25,24717.25,24745.35
1784836800000,24742.35,24803.019999999997,24742.35,24795.969999999998
1784837700000,24796.97,24810.7,24792.97,24799.13
1784838600000,24800.13,24807.13,24788.99,24792.99
1784839500000,24791.989999999998,24800.55,24787.55,24798.55
1784844000000,24786.45,24791.45,24756.45,24762.45
1784844900000,24763.45,24779.46,24756.46,24769.46
1784845800000,24770.46,24782.04,24769.04,24777.04
1784846700000,24776.04,24790.02,24776.04,24787.45
1784847600000,24786.449999999997,24789.449999999997,24768.17,24773.17
1784848500000,24772.17,24779.17,24769.17,24776.17
1784849400000,24775.17,24778.32,24759.32,24773.32
1784850300000,24774.32,24785.45,24763.45,24781.45
1784851200000,24783.45,24794.46,24757.45,24767.45
1784852100000,24768.45,24770.149999999998,24730.05,24745.649999999998
1784853000000,24747.149999999998,24765.149999999998,24728.05,24762.649999999998
1784853900000,24760.149999999998,24775.149999999998,24741.05,24764.649999999998
1784854800000,24765.149999999998,24787.05,24752.05,24754.149999999998
1784855700000,24753.65,24784.65,24752.65,24767.050000000003
1784856600000,24768.45,24782.15,24756.65,24773.65
1784857500000,24774.15,24780.65,24740.15,24754.15
1784858400000,24752.65,24767.65,24739.65,24761.15
1784859300000,24757.15,24766.050000000003,24743.65,24756.65
1784860200000,24757.149999999998,24757.149999999998,24725.05,24726.649999999998
1784861100000,24726.65,24728.65,24701.15,24703.15
1784862000000,24703.65,24717.65,24697.15,24714.15
1784862900000,24713.15,24735.050000000003,24713.15,24728.65
1784863800000,24728.15,24733.65,24706.65,24722.15
1784864700000,24720.15,24733.65,24708.65,24711.15
1784865600000,24710.649999999998,24723.649999999998,24700.05,24703.149999999998
1784866500000,24702.65,24738.15,24699.65,24729.15
1784867400000,24728.65,24732.65,24698.65,24708.65
1784868300000,24710.15,24743.45,24702.65,24738.15
1784869200000,24739.15,24763.15,24727.15,24761.15
1784870100000,24759.15,24778.050000000003,24749.65,24768.15
1784871000000,24766.15,24776.95,24752.65,24774.15
1784871900000,24772.15,24791.65,24757.45,24758.15
1784872800000,24757.149999999998,24769.25,24731.85,24753.25
1784873700000,24754.25,24788.25,24742.25,24747.25
1784874600000,24748.25,24769.25,24738.85,24743.25
1784875500000,24744.25,24758.25,24712.25,24744.25
1784876400000,24745.25,24900.25,24735.25,24898.25
1784877300000,24898.95,24950.25,24876.45,24916.25
1784878200000,24914.85,24924.25,24884.25,24900.25
1784879100000,24899.25,24917.25,24879.25,24891.25
1784880000000,24884.85,24902.25,24861.25,24896.25
1784880900000,24897.25,24944.25,24887.25,24941.25
1784881800000,24934.45,24974.25,24934.45,24945.25
1784882700000,24944.25,24969.25,24935.25,24946.25
1784883600000,24945.25,24984.25,24934.25,24969.25
1784884500000,24968.25,24987.25,24955.25,24973.25
1784885400000,24972.25,25008.25,24966.25,24989.25
1784886300000,24990.25,25008.25,24989.25,24995.25
1784887200000,24996.25,25000.25,24957.25,24966.25
1784888100000,24965.25,24969.25,24944.25,24967.25
1784889000000,24968.25,24983.25,24950.25,24967.25
1784889900000,24969.25,24980.25,24961.25,24963.25
1784890800000,24962.25,24987.25,24940.25,24953.25
1784891700000,24951.85,24955.25,24926.25,24941.25
1784892600000,24940.25,24951.25,24918.25,24929.25
1784893500000,24931.25,24987.25,24918.25,24969.25
1784894400000,24971.25,24987.25,24940.25,24981.25
1784895300000,24979.25,24990.25,24934.25,24956.25
1784896200000,24955.25,24970.25,24936.25,24938.25
1784897100000,24939.25,24945.25,24907.25,24915.25
1784898000000,24914.25,24942.25,24914.25,24930.25
1784898900000,24931.25,24975.25,24927.25,24967.25
1784899800000,24966.25,24993.25,24946.25,24952.25
1784900700000,24948.95,24999.25,24943.95,24955.25
1784901600000,24954.25,25003.25,24945.25,24997.25
1784902500000,24995.25,25001.25,24968.25,24970.25
1784903400000,24971.25,24993.25,24956.25,24962.25
1784904300000,24960.25,25004.25,24939.25,24999.25
1784905200000,25000.25,25059.25,24982.25,25053.25
1784906100000,25051.25,25100.25,25047.25,25093.25
1784907000000,25091.25,25138.25,25083.25,25119.25
1784907900000,25118.25,25122.25,25097.25,25114.25
1784908800000,25115.25,25131.25,25112.25,25117.25
1784909700000,25116.25,25128.25,25111.25,25118.25
1784910600000,25119.25,25120.25,25093.25,25098.25
1784911500000,25099.25,25113.25,25084.25,25110.25
1784912400000,25111.25,25115.25,25063.25,25081.25
1784913300000,25080.25,25123.25,25077.25,25123.25
1784914200000,25122.25,25126.25,25094.25,25095.25
1784915100000,25094.25,25105.25,25091.25,25092.25
1784916000000,25091.25,25100.25,25084.25,25087.25
1784916900000,25086.25,25091.25,25066.25,25069.25
1784917800000,25068.25,25070.25,25041.25,25047.25
1784918700000,25048.25,25070.25,25045.25,25062.25
1784919600000,25063.25,25071.25,25037.25,25037.25
1784920500000,25038.25,25051.25,25026.25,25039.25
1784921400000,25041.25,25070.25,25040.25,25070.25
1784922300000,25071.25,25079.25,25060.25,25078.35
1784923200000,25079.35,25081.44,25055.43,25065.56
1784924100000,25066.56,25083.56,25063.45,25063.45
1784925000000,25064.45,25065.46,25048.45,25064.46
1784925900000,25065.46,25074.46,25057.46,25065.45
1785103200000,25284.95,25301,25258.95,25275.95
1785104100000,25276.95,25282.95,25263.95,25271.510000000002
1785105000000,25272.51,25285.51,25268.51,25273.44
1785105900000,25272.440000000002,25279.15,25262.95,25265.95
1785106800000,25266.95,25297.95,25263.95,25296.95
1785107700000,25298.95,25301.95,25289.95,25295.95
1785108600000,25294.95,25324.95,25294.95,25319.95
1785109500000,25318.95,25350.95,25308.95,25348.95
1785110400000,25347.95,25356.96,25299.52,25319.95
1785111300000,25320.95,25320.95,25195.15,25224.65
1785112200000,25223.65,25238.15,25219.65,25227.65
1785113100000,25228.15,25234.65,25205.15,25208.65
1785114000000,25206.15,25221.65,25193.65,25202.15
1785114900000,25205.65,25213.15,25181.65,25192.65
1785115800000,25194.65,25241.65,25194.15,25228.15
1785116700000,25221.550000000003,25252.45,25220.65,25244.65
1785117600000,25244.149999999998,25259.149999999998,25237.55,25258.649999999998
1785118500000,25259.15,25265.65,25242.15,25254.15
1785119400000,25253.649999999998,25268.649999999998,25237.55,25256.649999999998
1785120300000,25256.649999999998,25267.649999999998,25247.55,25259.649999999998
1785121200000,25260.65,25295.65,25260.15,25294.65
1785122100000,25295.649999999998,25303.55,25282.55,25289.149999999998
1785123000000,25284.65,25288.15,25266.15,25275.65
1785123900000,25276.65,25277.65,25253.65,25263.15
1785124800000,25263.15,25289.65,25263.15,25274.15
1785125700000,25275.65,25298.65,25265.15,25278.65
1785126600000,25279.15,25316.65,25275.15,25311.15
1785127500000,25311.65,25341.15,25311.15,25321.65
1785128400000,25323.65,25369.15,25315.15,25358.65
1785129300000,25359.65,25362.65,25351.65,25357.65
1785130200000,25364.65,25376.65,25357.15,25362.65
1785131100000,25359.15,25369.550000000003,25352.65,25357.65
1785132000000,25362.149999999998,25405.75,25360.55,25398.75
1785132900000,25397.35,25414.75,25389.75,25396.75
1785133800000,25398.75,25424.75,25390.75,25406.75
1785134700000,25406.35,25453.75,25403.75,25441.75
1785135600000,25446.75,25485.75,25401.75,25448.75
1785136500000,25450.75,25465.75,25400.75,25409.75
1785137400000,25411.75,25451.75,25389.75,25434.75
1785138300000,25435.75,25461.75,25390.75,25391.75
1785139200000,25392.35,25422.75,25370.75,25422.75
1785140100000,25421.75,25458.75,25405.75,25456.75
1785141000000,25455.75,25499.75,25440.75,25499.75
1785141900000,25500.75,25513.75,25487.75,25512.75
1785142800000,25513.75,25513.75,25479.75,25487.75
1785143700000,25488.75,25515.75,25480.75,25493.75
1785144600000,25494.75,25502.75,25468.75,25479.75
1785145500000,25478.75,25507.75,25471.75,25483.75
1785146400000,25481.75,25495.75,25463.35,25492.75
1785147300000,25493.75,25519.75,25490.75,25519.75
1785148200000,25520.75,25527.75,25504.75,25512.75
1785149100000,25513.75,25535.75,25510.75,25513.75
1785150000000,25512.75,25534.75,25509.75,25524.75
1785150900000,25523.75,25534.75,25506.75,25507.75
1785151800000,25508.75,25544.75,25507.75,25536.75
1785152700000,25537.75,25547.75,25529.75,25529.75
1785153600000,25528.75,25547.75,25497.75,25498.75
1785154500000,25499.75,25512.75,25487.75,25505.75
1785155400000,25505.35,25532.75,25493.75,25513.75
1785156300000,25512.75,25516.75,25489.75,25516.75
1785157200000,25517.75,25523.75,25484.75,25515.75
1785158100000,25516.75,25524.75,25500.75,25500.75
1785159000000,25501.75,25548.75,25477.75,25518.75
1785159900000,25519.75,25568.75,25479.75,25481.75
1785160800000,25482.75,25513.75,25453.75,25469.75
1785161700000,25470.75,25487.75,25438.75,25438.75
1785162600000,25439.75,25448.75,25401.75,25414.75
1785163500000,25415.75,25482.75,25414.75,25480.75
1785164400000,25482.75,25482.75,25428.75,25453.75
1785165300000,25451.75,25464.75,25421.75,25434.75
1785166200000,25433.75,25435.75,25366.75,25393.75
1785167100000,25392.75,25412.75,25386.75,25402.75
1785168000000,25403.75,25423.75,25395.75,25403.75
1785168900000,25404.75,25473.75,25395.75,25461.75
1785169800000,25459.75,25473.75,25440.75,25446.75
1785170700000,25447.75,25450.75,25399.75,25403.75
1785171600000,25404.75,25406.75,25383.75,25399.75
1785172500000,25398.75,25419.75,25393.75,25411.75
1785173400000,25410.75,25433.75,25410.75,25429.75
1785174300000,25430.75,25445.75,25422.75,25444.75
1785175200000,25445.75,25445.75,25433.75,25438.75
1785176100000,25437.75,25439.75,25422.75,25437.75
1785177000000,25436.75,25453.75,25419.75,25441.95
1785177900000,25442.35,25473.75,25440.75,25473.75
1785178800000,25472.75,25484.75,25458.75,25473.75
1785179700000,25474.75,25482.75,25466.75,25474.75
1785180600000,25475.75,25489.75,25472.75,25476.75
1785181500000,25475.75,25482.85,25463.75,25480.85
1785182400000,25481.850000000002,25491.95,25459.95,25469.95
1785183300000,25470.95,25473.95,25462.95,25473.95
1785184200000,25472.95,25495.95,25470.95,25482.95
1785185100000,25483.95,25483.95,25472.95,25482.95
1785189600000,25485.45,25495.45,25461.45,25463.45
1785190500000,25464.449999999997,25468.449999999997,25452.17,25455.6
1785191400000,25453.45,25466.45,25453.45,25455.45
1785192300000,25456.45,25460.45,25450.45,25452.45
1785193200000,25451.45,25466.45,25438.45,25453.73
1785194100000,25452.73,25468.86,25446.73,25467.86
1785195000000,25466.86,25469.45,25457.45,25459.45
1785195900000,25458.45,25475.58,25447.45,25469.73
1785196800000,25470.73,25480.88,25428.16,25442.89
1785197700000,25443.890000000003,25452.350000000002,25415.65,25423.15
1785198600000,25422.649999999998,25441.149999999998,25400.05,25425.649999999998
1785199500000,25425.649999999998,25427.149999999998,25403.05,25407.149999999998
1785200400000,25406.65,25417.65,25385.15,25387.65
1785201300000,25387.15,25427.65,25381.65,25420.050000000003
1785202200000,25418.050000000003,25427.65,25408.65,25418.15
1785203100000,25424.649999999998,25434.149999999998,25382.05,25394.149999999998
1785204000000,25395.65,25400.15,25381.65,25389.65
1785204900000,25389.15,25419.25,25385.65,25396.15
1785205800000,25395.15,25414.65,25384.15,25392.65
1785206700000,25393.15,25418.15,25389.65,25406.15
1785207600000,25405.649999999998,25408.55,25382.55,25405.149999999998
1785208500000,25398.55,25444.85,25398.55,25415.649999999998
1785209400000,25417.65,25486.65,25403.15,25479.65
1785210300000,25479.15,25504.65,25469.65,25496.25
1785211200000,25489.65,25496.25,25455.65,25455.65
1785212100000,25456.050000000003,25483.75,25452.65,25464.15
1785213000000,25462.15,25473.75,25454.65,25458.050000000003
1785213900000,25455.050000000003,25471.050000000003,25431.65,25441.050000000003
1785214800000,25441.050000000003,25458.75,25433.65,25449.75
1785215700000,25449.15,25457.350000000002,25449.15,25451.75
1785216600000,25452.75,25452.75,25398.15,25403.15
1785217500000,25402.75,25428.75,25402.75,25417.75
1785218400000,25420.75,25447.949999999997,25409.35,25414.75
1785219300000,25415.75,25453.75,25414.35,25442.75
1785220200000,25443.75,25459.75,25424.75,25455.75
1785221100000,25455.35,25491.75,25450.35,25468.75
1785222000000,25470.75,25524.75,25445.75,25493.75
1785222900000,25494.75,25565.75,25492.75,25525.75
1785223800000,25523.75,25536.75,25493.75,25495.75
1785224700000,25494.75,25508.75,25480.66,25482.75
1785225600000,25483.75,25510.75,25458.75,25460.75
1785226500000,25461.75,25487.75,25439.75,25467.75
1785227400000,25469.75,25511.75,25440.75,25506.75
1785228300000,25507.75,25525.75,25485.75,25503.75
1785229200000,25501.75,25521.75,25491.75,25510.75
1785230100000,25511.75,25541.75,25507.75,25541.75
1785231000000,25540.75,25547.75,25522.75,25528.75
1785231900000,25529.75,25544.75,25519.75,25520.75
1785232800000,25521.75,25532.75,25491.75,25507.75
1785233700000,25509.75,25513.75,25463.75,25482.75
1785234600000,25483.75,25483.75,25437.75,25454.75
1785235500000,25455.75,25472.75,25438.75,25459.75
1785236400000,25457.75,25461.75,25410.75,25421.75
1785237300000,25419.75,25454.75,25395.66,25395.75
1785238200000,25394.75,25415.75,25360.75,25378.75
1785239100000,25376.75,25412.75,25375.75,25410.75
1785240000000,25411.75,25437.25,25399.25,25402.85
1785240900000,25403.85,25408.25,25381.25,25388.25
1785241800000,25388.85,25398.25,25361.25,25364.25
1785242700000,25366.25,25373.25,25345.25,25351.85
1785243600000,25353.25,25354.25,25318.25,25329.25
1785244500000,25330.25,25344.25,25315.25,25333.25
1785245400000,25334.25,25383.25,25327.25,25375.25
1785246300000,25374.25,25388.25,25343.25,25362.25
1785247200000,25359.85,25415.25,25358.25,25401.25
1785248100000,25400.25,25422.25,25391.25,25420.25
1785249000000,25418.25,25427.25,25393.25,25409.25
1785249900000,25408.25,25432.25,25388.25,25404.25
1785250800000,25403.25,25460.25,25377.25,25453.25
1785251700000,25452.25,25522.25,25452.25,25508.25
1785252600000,25507.25,25520.25,25481.25,25511.25
1785253500000,25510.25,25522.25,25501.25,25513.25
1785254400000,25514.25,25521.25,25505.25,25514.25
1785255300000,25515.25,25521.25,25502.25,25504.25
1785256200000,25503.25,25527.25,25494.25,25522.25
1785257100000,25521.25,25560.25,25509.25,25548.25
1785258000000,25547.25,25559.25,25527.25,25532.25
1785258900000,25533.25,25551.25,25523.25,25525.25
1785259800000,25524.25,25539.25,25515.25,25517.25
1785260700000,25516.25,25527.25,25513.25,25523.25
1785261600000,25524.25,25532.25,25509.25,25509.25
1785262500000,25507.25,25515.25,25506.25,25512.25
1785263400000,25510.25,25524.25,25510.25,25518.25
1785264300000,25519.25,25530.25,25517.25,25527.25
1785265200000,25526.25,25540.25,25526.25,25529.25
1785266100000,25530.25,25539.25,25526.25,25536.25
1785267000000,25535.25,25536.25,25516.25,25524.25
1785267900000,25523.25,25528.25,25511.35,25513.35
1785268800000,25513.350000000002,25525.45,25487.45,25513.45
1785269700000,25514.45,25540.45,25505.45,25533.45
1785270600000,25532.45,25536.45,25509.48,25514.48
1785271500000,25513.48,25525.45,25508.12,25522.45
1785276000000,25528.05,25548.05,25516.05,25523.05
1785276900000,25522.05,25527.05,25481.19,25499.19
1785277800000,25497.19,25501.19,25454.91,25468.91
1785278700000,25467.91,25477.04,25454.04,25454.75
1785279600000,25455.75,25506.05,25446.19,25498.05
1785280500000,25499.05,25524.05,25485.77,25517.33
1785281400000,25516.33,25563.050000000003,25513.33,25560.050000000003
1785282300000,25559.05,25610.93,25548.05,25604.05
1785283200000,25603.05,25618.329999999998,25593.05,25604.05
1785284100000,25603.05,25603.05,25516.25,25529.25
1785285000000,25529.05,25529.75,25499.25,25501.25
1785285900000,25500.65,25501.75,25478.75,25481.75
1785286800000,25481.75,25484.75,25416.65,25422.75
1785287700000,25423.75,25456.75,25417.75,25438.75
1785288600000,25440.25,25446.25,25402.25,25409.25
1785289500000,25410.25,25412.75,25371.75,25371.75
1785290400000,25371.25,25385.75,25362.25,25379.25
1785291300000,25379.25,25388.75,25361.75,25381.25
1785292200000,25381.75,25396.15,25380.25,25386.25
1785293100000,25386.25,25394.75,25365.15,25369.15
1785294000000,25369.15,25400.65,25364.25,25375.25
1785294900000,25375.65,25386.75,25362.25,25364.65
1785295800000,25363.65,25366.25,25335.25,25343.75
1785296700000,25343.25,25358.25,25301.25,25313.25
1785297600000,25310.75,25315.75,25295.25,25297.75
1785298500000,25300.75,25332.75,25293.25,25319.75
1785299400000,25320.75,25330.75,25290.25,25290.25
1785300300000,25288.65,25340.75,25280.25,25337.75
1785301200000,25339.75,25382.05,25338.25,25375.25
1785302100000,25376.75,25396.25,25355.75,25395.65
1785303000000,25391.75,25426.05,25387.25,25409.75
1785303900000,25406.25,25414.25,25390.75,25397.75
1785304800000,25397.75,25435.85,25391.75,25422.85
1785305700000,25421.45,25449.850000000002,25421.45,25441.850000000002
1785306600000,25440.85,25481.85,25440.85,25480.85
1785307500000,25478.05,25501.850000000002,25467.45,25500.850000000002
1785308400000,25502.85,25573.85,25501.85,25554.85
1785309300000,25555.85,25558.85,25506.85,25535.85
1785310200000,25536.85,25550.85,25523.85,25529.85
1785311100000,25530.85,25541.85,25492.85,25493.85
1785312000000,25494.85,25497.649999999998,25432.85,25434.85
1785312900000,25436.85,25459.85,25366.85,25381.85
1785313800000,25382.85,25451.85,25377.85,25413.85
1785314700000,25414.85,25456.85,25408.85,25440.85
1785315600000,25439.85,25441.85,25392.85,25406.85
1785316500000,25407.85,25408.85,25353.05,25358.85
1785317400000,25359.85,25389.85,25347.85,25382.85
1785318300000,25383.85,25401.85,25370.85,25378.85
1785319200000,25379.85,25414.85,25362.85,25407.85
1785320100000,25408.85,25441.85,25407.85,25440.85
1785321000000,25441.85,25483.85,25426.85,25480.85
1785321900000,25479.85,25492.85,25441.85,25459.85
1785322800000,25460.85,25509.85,25445.85,25498.85
1785323700000,25499.85,25529.85,25489.85,25524.85
1785324600000,25525.85,25532.85,25504.85,25517.85
1785325500000,25518.85,25565.85,25515.85,25562.85
1785326400000,25561.85,25582.85,25535.85,25543.85
1785327300000,25544.85,25547.85,25448.85,25502.85
1785328200000,25501.85,25539.85,25487.85,25518.85
1785329100000,25519.85,25521.85,25486.85,25503.85
1785330000000,25505.85,25531.85,25487.85,25518.85
1785330900000,25517.85,25535.85,25493.85,25526.85
1785331800000,25524.85,25544.85,25494.85,25494.85
1785332700000,25493.85,25512.85,25460.85,25506.85
1785333600000,25507.85,25545.85,25491.85,25506.85
1785334500000,25508.85,25534.85,25470.85,25471.85
1785335400000,25469.85,25490.85,25440.85,25449.85
1785336300000,25448.85,25490.85,25445.85,25469.85
1785337200000,25471.85,25506.85,25457.85,25494.85
1785338100000,25493.85,25493.85,25451.85,25459.85
1785339000000,25462.85,25487.85,25427.85,25435.85
1785339900000,25436.85,25469.85,25429.85,25443.85
1785340800000,25442.85,25457.85,25413.85,25416.85
1785341700000,25415.850000000002,25452.850000000002,25411.45,25446.850000000002
1785342600000,25444.85,25456.85,25438.85,25444.85
1785343500000,25443.85,25482.85,25442.85,25482.85
1785344400000,25483.85,25518.85,25475.85,25518.85
1785345300000,25517.85,25518.85,25498.85,25501.85
1785346200000,25500.85,25517.85,25499.85,25504.85
1785347100000,25505.85,25515.85,25496.85,25499.05
1785348000000,25499.05,25589.85,25495.05,25530.85
1785348900000,25531.85,25544.85,25493.85,25521.85
1785349800000,25520.850000000002,25579.850000000002,25481.45,25573.850000000002
1785350700000,25573.449999999997,25596.85,25557.85,25566.85
1785351600000,25567.85,25580.85,25487.55,25519.85
1785352500000,25520.45,25545.45,25455.45,25484.850000000002
1785353400000,25486.850000000002,25506.850000000002,25405.45,25412.05
1785354300000,25414.85,25417.449999999997,25366.85,25385.949999999997
1785355200000,25385.95,25391.05,25325.05,25352.05
1785356100000,25353.05,25369.05,25322.05,25339.05
1785357000000,25340.05,25382.05,25324.05,25370.01
1785357900000,25371.01,25375.01,25353.01,25356.01
1785362400000,25346.65,25457.65,25346.65,25442.65
1785363300000,25441.65,25459.65,25431.65,25444.65
1785364200000,25445.65,25451.65,25435.65,25448.22
1785365100000,25449.22,25456.93,25428.65,25435.65
1785366000000,25436.65,25463.65,25435.65,25448.65
1785366900000,25449.65,25465.93,25445.65,25456.5
1785367800000,25455.5,25467.5,25447.21,25456.649999999998
1785368700000,25455.65,25468.65,25447.93,25457.93
1785369600000,25465.93,25479.34,25439.65,25472.65
1785370500000,25442.55,25480.649999999998,25439.55,25471.35
1785371400000,25471.35,25476.35,25414.35,25419.35
1785372300000,25418.35,25454.35,25417.35,25443.35
1785373200000,25443.25,25536.85,25443.25,25490.35
1785374100000,25486.35,25511.35,25481.85,25510.35
1785375000000,25509.85,25546.85,25509.35,25533.85
1785375900000,25533.85,25550.35,25525.35,25528.85
1785376800000,25528.35,25535.35,25505.85,25506.85
1785377700000,25507.25,25508.649999999998,25485.85,25490.35
1785378600000,25490.35,25490.35,25471.35,25488.85
1785379500000,25487.35,25491.25,25442.35,25442.85
1785380400000,25444.35,25464.35,25423.85,25436.35
1785381300000,25435.85,25438.35,25416.85,25428.85
1785382200000,25426.85,25460.35,25413.85,25438.85
1785383100000,25439.85,25456.35,25430.85,25432.35
1785384000000,25432.85,25434.35,25398.35,25398.85
1785384900000,25399.35,25429.35,25394.25,25425.35
1785385800000,25425.85,25433.35,25383.85,25385.85
1785386700000,25385.85,25409.35,25370.85,25374.35
1785387600000,25376.35,25387.35,25353.35,25378.35
1785388500000,25377.35,25410.35,25374.85,25392.85
1785389400000,25394.25,25420.35,25385.35,25412.85
1785390300000,25413.35,25429.85,25374.85,25402.35
1785391200000,25400.350000000002,25408.850000000002,25360.45,25368.45
1785392100000,25367.05,25388.45,25343.45,25375.45
1785393000000,25374.05,25376.45,25328.45,25329.45
1785393900000,25330.45,25358.65,25327.45,25356.65
1785394800000,25360.649999999998,25428.95,25335.55,25384.95
1785395700000,25386.95,25391.95,25308.95,25375.95
1785396600000,25377.95,25381.95,25301.95,25367.95
1785397500000,25366.95,25426.95,25363.95,25385.95
1785398400000,25386.55,25444.45,25362.45,25424.45
1785399300000,25423.45,25464.45,25401.45,25447.45
1785400200000,25448.45,25470.45,25426.45,25438.45
1785401100000,25439.45,25457.45,25415.45,25440.45
1785402000000,25440.65,25520.25,25438.45,25506.25
1785402900000,25507.25,25517.45,25492.45,25501.45
1785403800000,25502.45,25515.45,25470.45,25484.45
1785404700000,25485.45,25505.45,25422.45,25425.45
1785405600000,25426.45,25456.95,25406.95,25416.95
1785406500000,25417.95,25464.95,25414.95,25450.95
1785407400000,25449.95,25501.95,25447.95,25483.95
1785408300000,25480.95,25489.95,25447.15,25447.15
1785409200000,25447.15,25503.95,25440.15,25503.95
1785410100000,25502.95,25534.95,25495.95,25526.95
1785411000000,25527.95,25538.95,25499.45,25525.45
1785411900000,25524.45,25559.45,25516.45,25537.45
1785412800000,25535.65,25549.45,25516.45,25523.45
1785413700000,25524.45,25555.45,25508.65,25508.65
1785414600000,25507.65,25532.45,25489.45,25514.45
1785415500000,25516.45,25523.45,25492.45,25512.45
1785416400000,25511.45,25583.45,25511.45,25552.45
1785417300000,25551.45,25592.45,25523.45,25591.45
1785418200000,25594.45,25615.45,25516.45,25530.45
1785419100000,25529.45,25638.45,25529.45,25629.45
1785420000000,25628.45,25635.45,25589.45,25612.45
1785420900000,25611.45,25654.45,25595.45,25646.45
1785421800000,25647.45,25655.45,25630.45,25644.45
1785422700000,25643.45,25657.45,25597.45,25615.45
1785423600000,25614.45,25623.45,25570.45,25570.45
1785424500000,25571.45,25612.45,25566.45,25574.45
1785425400000,25575.45,25641.45,25568.45,25630.45
1785426300000,25631.45,25639.45,25616.45,25626.45
1785427200000,25625.45,25636.45,25617.45,25633.45
1785428100000,25634.45,25647.45,25628.45,25644.45
1785429000000,25643.45,25657.45,25633.45,25637.45
1785429900000,25636.45,25659.45,25636.45,25645.45
1785430800000,25646.45,25681.45,25646.45,25665.45
1785431700000,25666.45,25679.45,25664.45,25673.45
1785432600000,25674.45,25684.45,25659.45,25680.45
1785433500000,25681.45,25688.45,25671.45,25672.45
1785434400000,25673.45,25681.45,25665.45,25670.45
1785435300000,25669.45,25682.45,25665.45,25682.45
1785436200000,25681.45,25686.45,25675.45,25681.45
1785437100000,25682.45,25694.45,25680.45,25693.45
1785438000000,25694.45,25714.45,25694.45,25710.45
1785438900000,25709.45,25715.45,25698.45,25699.45
1785439800000,25697.45,25700.45,25684.45,25684.45
1785440700000,25683.45,25718.45,25679.45,25691.55
1785441600000,25690.550000000003,25739.65,25683.65,25725.65
1785442500000,25724.65,25737.65,25722.65,25732.65
1785443400000,25735.649999999998,25747.51,25702.44,25715.44
1785444300000,25714.440000000002,25717.440000000002,25697.65,25700.65
1785448800000,25696.25,25720.53,25689.25,25702.97
1785449700000,25701.97,25713.97,25694.68,25698.68
1785450600000,25697.68,25718.68,25692.4,25718.25
1785451500000,25717.25,25725.25,25716.25,25722.25
1785452400000,25723.25,25735.25,25717.25,25718.25
1785453300000,25719.25,25721.25,25711.25,25717.25
1785454200000,25716.25,25732.25,25715.25,25731.25
1785455100000,25730.25,25741.25,25724.82,25726.25
1785456000000,25727.25,25737.97,25720.25,25734.97
1785456900000,25735.97,25735.97,25679.45,25696.95
1785457800000,25698.95,25710.95,25679.45,25689.45
1785458700000,25686.95,25698.95,25672.45,25696.45
1785459600000,25698.45,25732.45,25695.95,25708.95
1785460500000,25709.45,25722.45,25692.45,25693.45
1785461400000,25693.95,25702.95,25674.95,25677.95
1785462300000,25675.95,25683.25,25663.95,25671.95
1785463200000,25669.45,25686.95,25660.45,25666.95
1785464100000,25663.850000000002,25667.95,25652.95,25662.95
1785465000000,25658.95,25673.95,25654.95,25668.45
1785465900000,25669.949999999997,25689.949999999997,25668.85,25689.949999999997
1785466800000,25688.95,25693.850000000002,25663.45,25670.95
1785467700000,25671.45,25706.25,25669.95,25697.95
1785468600000,25699.949999999997,25712.449999999997,25678.85,25690.449999999997
1785469500000,25687.95,25692.95,25668.45,25688.95
1785470400000,25691.45,25692.95,25674.45,25688.45
1785471300000,25688.95,25704.95,25685.45,25699.95
1785472200000,25700.45,25734.45,25699.45,25723.45
1785473100000,25728.95,25737.45,25722.45,25732.95
1785474000000,25733.95,25743.45,25726.45,25729.45
1785474900000,25729.95,25744.25,25728.95,25736.95
1785475800000,25737.95,25743.850000000002,25718.45,25724.95
1785476700000,25725.95,25738.45,25719.45,25737.850000000002
1785477600000,25737.95,25757.05,25735.05,25745.05
1785478500000,25746.05,25766.05,25740.05,25759.05
1785479400000,25757.65,25766.050000000003,25708.65,25708.75
1785480300000,25710.65,25733.050000000003,25700.65,25731.050000000003
1785481200000,25728.050000000003,25830.050000000003,25701.65,25812.050000000003
1785482100000,25811.05,25896.05,25786.05,25881.05
1785483000000,25882.05,25897.05,25853.05,25880.05
1785483900000,25881.05,25895.05,25854.05,25880.05
1785484800000,25879.05,25880.05,25824.05,25855.05
1785485700000,25856.05,25894.05,25856.05,25877.05
1785486600000,25876.05,25880.05,25837.05,25846.05
1785487500000,25847.05,25858.05,25835.05,25851.05
1785488400000,25850.05,25854.05,25796.05,25842.05
1785489300000,25843.05,25864.05,25836.05,25840.05
1785490200000,25839.05,25845.05,25794.05,25813.05
1785491100000,25812.05,25837.05,25792.05,25801.05
1785492000000,25802.05,25810.05,25777.05,25804.05
1785492900000,25803.05,25829.05,25792.05,25812.05
1785493800000,25811.05,25832.05,25805.05,25823.05
1785494700000,25822.05,25826.05,25785.05,25787.05
1785495600000,25793.05,25810.05,25763.05,25763.05
1785496500000,25764.05,25774.05,25735.05,25740.05
1785497400000,25739.05,25741.05,25684.05,25686.05
1785498300000,25687.05,25728.05,25677.05,25720.05
1785499200000,25721.05,25723.05,25680.05,25681.05
1785500100000,25680.05,25699.05,25667.75,25667.75
1785501000000,25633.25,25691.05,25617.25,25665.05
1785501900000,25667.05,25668.05,25630.05,25643.05
1785502800000,25644.05,25657.05,25632.05,25645.05
1785503700000,25644.05,25671.05,25642.05,25649.05
1785504600000,25648.05,25654.05,25598.05,25602.05
1785505500000,25603.05,25616.05,25569.05,25590.05
1785506400000,25588.25,25609.05,25553.55,25576.55
1785507300000,25577.55,25648.55,25555.55,25636.55
1785508200000,25635.55,25674.55,25620.55,25670.55
1785509100000,25671.55,25697.55,25669.55,25695.55
1785510000000,25697.55,25703.55,25679.55,25696.55
1785510900000,25695.55,25715.55,25628.55,25636.55
1785511800000,25634.55,25673.55,25604.55,25662.55
1785512700000,25663.55,25681.55,25648.55,25675.55
1785513600000,25676.55,25677.55,25649.55,25668.55
1785514500000,25669.55,25678.55,25653.55,25676.55
1785515400000,25675.55,25686.75,25660.55,25663.55
1785516300000,25662.55,25697.55,25660.55,25686.55
1785517200000,25685.55,25711.55,25682.55,25710.55
1785518100000,25711.55,25719.55,25700.55,25716.55
1785519000000,25715.55,25715.55,25693.55,25695.55
1785519900000,25696.55,25700.55,25681.55,25687.55
1785520800000,25688.55,25712.55,25686.55,25705.55
1785521700000,25704.55,25711.55,25699.55,25704.55
1785522600000,25705.55,25712.55,25696.55,25705.55
1785523500000,25706.55,25714.55,25695.55,25700.55
1785524400000,25701.55,25708.55,25690.55,25707.55
1785525300000,25708.55,25727.55,25704.55,25717.55
1785526200000,25714.55,25730.55,25707.55,25730.55
1785527100000,25729.550000000003,25737.550000000003,25692.65,25700.65
1785528000000,25699.65,25736.75,25699.65,25721.77
1785528900000,25720.77,25721.77,25705.75,25711.75
1785529800000,25710.75,25719.32,25703.75,25715.32
1785530700000,25714.32,25719.32,25638.75,25650.75
1785708000000,25864.75,25872.75,25847.75,25863.75
1785708900000,25862.75,25866.75,25840.75,25846.88
1785709800000,25847.88,25853.75,25834.75,25836.75
1785710700000,25835.75,25840.75,25816.76,25822.199999999997
1785711600000,25823.2,25837.75,25810.75,25817.75
1785712500000,25818.75,25842.75,25818.75,25836.75
1785713400000,25837.75,25846.75,25831.75,25842.75
1785714300000,25841.75,25863.03,25826.75,25844.75
1785715200000,25854.75,25854.75,25804.75,25829.25
1785716100000,25805.25,25869.05,25805.25,25845.45
1785717000000,25846.45,25866.05,25839.45,25845.05
1785717900000,25845.45,25863.05,25839.45,25852.45
1785718800000,25852.45,25866.649999999998,25826.05,25827.45
1785719700000,25828.05,25850.05,25820.05,25846.45
1785720600000,25847.05,25853.05,25830.45,25845.45
1785721500000,25843.05,25859.05,25841.45,25855.45
1785722400000,25855.45,25861.05,25844.45,25852.05
1785723300000,25851.45,25875.05,25843.45,25847.45
1785724200000,25849.05,25855.45,25841.45,25848.850000000002
1785725100000,25848.45,25870.05,25848.45,25862.05
1785726000000,25861.850000000002,25873.05,25861.45,25867.05
1785726900000,25867.45,25868.05,25856.45,25859.05
1785727800000,25861.05,25894.05,25858.05,25889.05
1785728700000,25892.05,25928.05,25885.75,25900.05
1785729600000,25902.05,25911.649999999998,25892.05,25900.05
1785730500000,25902.05,25925.05,25899.45,25921.05
1785731400000,25919.05,25924.649999999998,25915.05,25923.85
1785732300000,25923.05,25934.05,25905.85,25909.05
1785733200000,25905.45,25917.05,25898.45,25903.05
1785734100000,25900.05,25913.05,25892.45,25904.05
1785735000000,25904.05,25917.95,25896.45,25911.95
1785735900000,25911.45,25917.95,25899.75,25904.45
1785736800000,25906.45,25913.95,25887.15,25888.550000000003
1785737700000,25889.55,25892.55,25859.55,25870.149999999998
1785738600000,25871.55,25892.55,25869.55,25887.55
1785739500000,25888.149999999998,25904.55,25875.55,25886.55
1785740400000,25882.55,25939.55,25851.55,25937.55
1785741300000,25938.55,25992.55,25930.35,25977.55
1785742200000,25980.55,26002.55,25949.55,25956.55
1785743100000,25955.55,25995.55,25951.55,25984.55
1785744000000,25983.55,26013.55,25972.55,26013.55
1785744900000,26012.55,26013.55,25965.55,25988.55
1785745800000,25986.55,25990.55,25956.55,25977.55
1785746700000,25975.55,26021.55,25970.55,26018.55
1785747600000,26019.55,26024.55,25998.55,26007.55
1785748500000,26006.55,26021.55,25996.55,26010.55
1785749400000,26011.55,26037.55,26008.55,26019.55
1785750300000,26020.55,26045.55,26005.55,26014.55
1785751200000,26013.55,26022.55,25992.55,26012.55
1785752100000,26013.55,26039.55,26006.55,26036.55
1785753000000,26037.55,26039.55,25995.55,26015.55
1785753900000,26016.55,26021.55,25999.55,26008.55
1785754800000,26011.55,26020.55,26000.55,26008.55
1785755700000,26009.55,26034.55,26000.55,26029.55
1785756600000,26028.55,26046.55,26027.55,26041.55
1785757500000,26040.55,26041.55,26020.55,26024.55
1785758400000,26023.55,26024.55,25976.55,25995.55
1785759300000,25994.55,25999.55,25946.55,25961.55
1785760200000,25963.55,26000.55,25958.55,25992.55
1785761100000,25993.55,26014.55,25978.55,26013.55
1785762000000,26012.55,26020.55,25960.55,25968.55
1785762900000,25967.55,26005.55,25963.55,25989.55
1785763800000,25986.55,26036.55,25973.55,26027.55
1785764700000,26028.149999999998,26065.55,26025.55,26060.149999999998
1785765600000,26061.55,26088.55,26045.55,26077.55
1785766500000,26076.55,26089.55,26051.55,26073.55
1785767400000,26075.55,26112.55,26074.55,26086.55
1785768300000,26087.55,26091.55,26065.55,26081.55
1785769200000,26082.55,26086.55,26041.55,26044.55
1785770100000,26045.55,26072.55,26042.55,26061.55
1785771000000,26064.55,26070.55,26007.55,26044.55
1785771900000,26045.55,26056.55,26031.55,26037.55
1785772800000,26038.55,26051.55,26035.55,26048.55
1785773700000,26047.55,26055.55,26043.55,26050.55
1785774600000,26049.55,26053.55,26033.55,26040.55
1785775500000,26039.55,26042.55,26025.55,26026.55
1785776400000,26027.55,26035.55,26020.55,26035.55
1785777300000,26036.55,26049.55,26035.55,26045.55
1785778200000,26044.55,26054.55,26041.55,26053.55
1785779100000,26054.55,26063.55,26051.55,26060.55
1785780000000,26062.55,26091.55,26060.55,26090.55
1785780900000,26091.55,26097.55,26078.55,26081.55
1785781800000,26080.55,26089.55,26075.55,26088.55
1785782700000,26089.55,26089.55,26079.55,26079.55
1785783600000,26080.55,26093.55,26080.55,26084.55
1785784500000,26085.55,26090.55,26081.55,26083.55
1785785400000,26082.55,26091.55,26082.55,26086.55
1785786300000,26085.55,26095.55,26081.55,26089.649999999998
1785787200000,26089.65,26105.61,26073.61,26101.61
1785788100000,26102.61,26117.63,26102.61,26104.63
1785789000000,26105.63,26116.91,26103.63,26113.91
1785789900000,26112.91,26113.91,26096.75,26099.75
1785794400000,26098.35,26117.35,26093.35,26105.35
1785795300000,26106.35,26115.35,26106.35,26111.35
1785796200000,26112.35,26123.629999999997,26108.35,26121.629999999997
1785797100000,26120.629999999997,26120.92,26113.92,26117.92
1785798000000,26116.92,26118.92,26109.92,26113.35
1785798900000,26114.35,26120.35,26112.35,26114.35
1785799800000,26115.35,26121.35,26107.35,26108.35
1785800700000,26109.35,26120.35,26107.35,26119.35
1785801600000,26120.35,26125.35,26105.35,26114.35
1785802500000,26102.25,26123.25,26096.55,26103.05
1785803400000,26104.05,26113.55,26100.55,26107.05
1785804300000,26106.55,26111.05,26083.05,26089.05
1785805200000,26089.05,26105.55,26077.55,26102.55
1785806100000,26101.05,26118.55,26099.05,26117.05
1785807000000,26117.55,26128.35,26108.05,26116.05
1785807900000,26114.05,26162.95,26113.55,26151.05
1785808800000,26150.05,26151.05,26114.55,26123.55
1785809700000,26119.55,26129.05,26119.55,26122.55
1785810600000,26127.05,26143.05,26122.95,26134.55
1785811500000,26135.05,26137.05,26121.95,26128.55
1785812400000,26126.55,26133.55,26108.55,26109.05
1785813300000,26108.55,26128.95,26108.55,26121.05
1785814200000,26119.05,26133.05,26096.55,26100.05
1785815100000,26100.55,26127.55,26099.05,26117.55
1785816000000,26119.05,26124.55,26107.95,26112.05
1785816900000,26112.55,26129.55,26110.95,26127.55
1785817800000,26129.55,26131.55,26113.95,26116.05
1785818700000,26115.55,26126.55,26114.55,26122.55
1785819600000,26124.55,26131.05,26105.55,26108.05
1785820500000,26107.55,26130.35,26107.55,26123.05
1785821400000,26121.55,26142.05,26120.05,26141.05
1785822300000,26139.55,26149.95,26132.95,26145.05
1785823200000,26144.050000000003,26172.15,26136.15,26171.15
1785824100000,26170.15,26174.15,26150.15,26152.15
1785825000000,26154.15,26154.15,26135.15,26151.15
1785825900000,26152.15,26168.15,26148.15,26154.15
1785826800000,26157.15,26251.15,26133.15,26244.15
1785827700000,26245.15,26264.15,26226.15,26257.15
1785828600000,26258.15,26276.15,26236.15,26246.15
1785829500000,26246.75,26285.15,26237.15,26280.15
1785830400000,26279.15,26279.15,26221.15,26226.15
1785831300000,26225.15,26240.15,26208.15,26236.15
1785832200000,26235.15,26235.15,26175.15,26178.15
1785833100000,26177.15,26180.15,26142.15,26160.15
1785834000000,26159.15,26171.15,26132.15,26134.15
1785834900000,26135.15,26158.15,26124.15,26157.15
1785835800000,26156.15,26180.15,26149.15,26174.15
1785836700000,26175.15,26176.15,26130.15,26146.15
1785837600000,26145.15,26146.15,26115.15,26120.15
1785838500000,26121.15,26124.15,26095.15,26118.15
1785839400000,26123.15,26153.15,26121.15,26151.15
1785840300000,26150.15,26192.15,26148.15,26159.15
1785841200000,26158.15,26190.15,26145.15,26171.15
1785842100000,26172.15,26186.15,26164.15,26185.15
1785843000000,26187.15,26233.15,26175.15,26231.15
1785843900000,26232.15,26242.15,26215.15,26239.15
1785844800000,26240.15,26252.15,26219.15,26236.15
1785845700000,26235.15,26243.15,26214.15,26219.15
1785846600000,26220.15,26233.15,26180.15,26181.15
1785847500000,26182.15,26193.15,26156.15,26156.15
1785848400000,26157.15,26201.15,26152.15,26184.15
1785849300000,26185.15,26258.15,26185.15,26249.15
1785850200000,26248.15,26258.15,26225.15,26225.15
1785851100000,26226.15,26242.15,26208.15,26209.350000000002
1785852000000,26209.350000000002,26220.15,26191.15,26211.15
1785852900000,26210.15,26240.15,26190.15,26195.15
1785853800000,26197.15,26269.850000000002,26189.15,26231.15
1785854700000,26233.15,26250.15,26219.15,26222.15
1785855600000,26224.15,26235.15,26207.15,26226.15
1785856500000,26225.15,26250.15,26217.15,26242.15
1785857400000,26243.15,26275.15,26219.15,26266.15
1785858300000,26264.15,26264.15,26238.15,26247.15
1785859200000,26248.15,26258.15,26242.15,26249.15
1785860100000,26248.15,26266.15,26245.15,26264.15
1785861000000,26263.15,26273.15,26259.15,26269.15
1785861900000,26268.15,26273.15,26263.15,26271.15
1785862800000,26270.15,26294.15,26269.15,26294.15
1785863700000,26295.15,26298.15,26285.15,26293.15
1785864600000,26292.15,26308.15,26287.15,26307.15
1785865500000,26308.15,26320.15,26298.15,26306.15
1785866400000,26305.15,26322.15,26305.15,26321.15
1785867300000,26322.15,26327.15,26316.15,26321.15
1785868200000,26322.15,26323.15,26297.15,26305.15
1785869100000,26306.15,26316.15,26304.15,26313.15
1785870000000,26315.15,26334.15,26315.15,26333.15
1785870900000,26334.15,26347.15,26333.15,26343.15
1785871800000,26342.15,26364.15,26339.15,26363.15
1785872700000,26361.15,26368.15,26348.15,26358.25
1785873600000,26358.25,26424.35,26347.25,26386.35
1785874500000,26384.35,26384.35,26340.35,26358.489999999998
1785875400000,26357.49,26383.760000000002,26357.49,26376.050000000003
1785876300000,26375.05,26393.92,26374.05,26391.92
1785880800000,26385.85,26405.85,26377.85,26405.85
1785881700000,26404.85,26419.85,26401.57,26416.85
1785882600000,26417.85,26426.85,26405.85,26406.85
1785883500000,26407.85,26417.85,26403.85,26417.85
1785884400000,26418.85,26428.149999999998,26408.85,26424.149999999998
1785885300000,26425.149999999998,26427.149999999998,26411.85,26413.85
1785886200000,26414.85,26418.85,26402.85,26416.85
1785887100000,26417.85,26423.85,26404.85,26404.85
1785888000000,26412.85,26431.85,26407.85,26410.85
1785888900000,26383.75,26400.55,26371.75,26382.05
1785889800000,26381.05,26386.55,26358.45,26366.55
1785890700000,26365.55,26384.55,26350.45,26383.05
1785891600000,26383.45,26385.850000000002,26361.45,26373.55
1785892500000,26373.55,26373.55,26355.55,26370.55
1785893400000,26370.55,26395.45,26367.45,26380.05
1785894300000,26381.55,26404.55,26379.55,26399.05
1785895200000,26399.55,26421.55,26399.05,26418.45
1785896100000,26418.55,26429.85,26415.05,26424.55
1785897000000,26425.05,26433.85,26414.55,26429.55
1785897900000,26430.55,26436.85,26417.05,26421.55
1785898800000,26420.55,26434.55,26416.05,26430.55
1785899700000,26432.55,26443.35,26426.05,26426.55
1785900600000,26426.55,26441.55,26425.05,26438.55
1785901500000,26438.55,26447.45,26432.05,26432.55
1785902400000,26434.55,26439.55,26425.45,26426.55
1785903300000,26425.55,26428.55,26414.05,26416.05
1785904200000,26416.05,26429.55,26416.05,26420.05
1785905100000,26422.05,26427.05,26406.55,26415.85
1785906000000,26414.05,26420.55,26363.55,26395.55
1785906900000,26393.35,26414.55,26393.05,26399.55
1785907800000,26399.55,26413.05,26360.55,26413.05
1785908700000,26412.05,26432.35,26401.05,26424.55
1785909600000,26426.85,26436.649999999998,26407.35,26427.649999999998
1785910500000,26425.25,26427.65,26398.75,26404.75
1785911400000,26405.15,26421.15,26399.75,26419.15
1785912300000,26418.149999999998,26447.149999999998,26404.85,26444.149999999998
1785913200000,26433.15,26454.15,26358.15,26377.15
1785914100000,26379.15,26398.15,26367.15,26372.15
1785915000000,26373.15,26378.15,26313.15,26315.15
1785915900000,26314.15,26341.15,26309.15,26314.15
1785916800000,26313.15,26314.15,26239.15,26244.15
1785917700000,26245.15,26278.15,26239.15,26274.15
1785918600000,26275.15,26277.15,26244.15,26259.15
1785919500000,26260.15,26297.15,26249.15,26256.15
1785920400000,26257.15,26265.15,26237.15,26239.15
1785921300000,26240.15,26248.15,26218.15,26241.15
1785922200000,26243.15,26244.15,26216.15,26226.15
1785923100000,26225.15,26234.15,26210.15,26231.15
1785924000000,26232.15,26234.65,26205.65,26215.65
1785924900000,26214.65,26219.65,26201.65,26217.65
1785925800000,26218.65,26232.65,26203.65,26214.65
1785926700000,26215.65,26221.65,26189.65,26199.65
1785927600000,26198.65,26225.65,26191.65,26225.65
1785928500000,26226.65,26248.65,26223.65,26231.65
1785929400000,26230.65,26247.65,26227.65,26242.65
1785930300000,26241.65,26277.65,26239.65,26272.65
1785931200000,26271.65,26281.65,26246.65,26261.65
1785932100000,26261.350000000002,26287.65,26259.65,26270.65
1785933000000,26272.65,26280.65,26259.65,26260.65
1785933900000,26263.65,26267.65,26240.65,26257.65
1785934800000,26259.65,26273.65,26254.65,26268.65
1785935700000,26267.65,26276.65,26250.65,26274.65
1785936600000,26273.65,26300.65,26244.65,26271.25
1785937500000,26271.850000000002,26286.25,26250.65,26278.65
1785938400000,26276.850000000002,26278.65,26243.65,26262.65
1785939300000,26261.65,26263.65,26227.65,26235.65
1785940200000,26233.25,26243.65,26210.65,26214.65
1785941100000,26212.649999999998,26216.649999999998,26182.85,26198.649999999998
1785942000000,26200.65,26221.65,26192.65,26194.65
1785942900000,26195.65,26197.65,26152.65,26160.65
1785943800000,26159.65,26185.65,26138.65,26173.65
1785944700000,26175.65,26176.65,26143.65,26145.65
1785945600000,26144.65,26168.65,26143.65,26161.65
1785946500000,26160.65,26195.65,26157.65,26194.65
1785947400000,26195.65,26195.65,26183.25,26187.65
1785948300000,26186.65,26196.65,26184.65,26190.65
1785949200000,26191.65,26195.65,26180.65,26190.65
1785950100000,26189.65,26197.65,26183.65,26192.65
1785951000000,26191.65,26211.65,26187.65,26206.65
1785951900000,26205.65,26211.65,26199.65,26206.65
1785952800000,26207.65,26213.65,26201.65,26205.65
1785953700000,26204.65,26210.65,26201.65,26207.65
1785954600000,26206.65,26208.65,26199.65,26204.65
1785955500000,26205.65,26207.65,26199.65,26200.65
1785956400000,26199.65,26215.65,26194.65,26213.65
1785957300000,26212.65,26214.65,26205.65,26212.65
1785958200000,26211.65,26215.65,26207.65,26208.65
1785959100000,26210.65,26215.65,26195.75,26201.75
1785960000000,26198.75,26241.79,26180.75,26238.79
1785960900000,26240.789999999997,26240.789999999997,26216.85,26222.85
1785961800000,26221.85,26237.85,26220.85,26237.8
1785962700000,26236.8,26239.8,26226.8,26227.219999999998
1785967200000,26227.449999999997,26240.449999999997,26225.44,26229.44
1785968100000,26230.44,26264.07,26229.43,26262.010000000002
1785969000000,26261.01,26278.01,26259.01,26269.989999999998
1785969900000,26270.99,26277.99,26252.45,26252.45
1785970800000,26253.45,26262.45,26248.45,26260.45
1785971700000,26259.45,26268.45,26255.45,26259.45
1785972600000,26260.45,26264.45,26243.45,26248.32
1785973500000,26247.32,26249.32,26234.45,26245.02
1785974400000,26246.02,26259.02,26226.45,26234.45
1785975300000,26195.35,26223.649999999998,26187.05,26205.649999999998
1785976200000,26206.15,26219.15,26205.65,26212.65
1785977100000,26213.15,26219.15,26199.15,26212.15
1785978000000,26211.15,26224.050000000003,26198.65,26212.15
1785978900000,26211.649999999998,26216.149999999998,26193.05,26195.149999999998
1785979800000,26205.65,26206.050000000003,26181.65,26183.45
1785980700000,26184.15,26190.15,26172.15,26185.15
1785981600000,26187.149999999998,26215.45,26177.05,26205.149999999998
1785982500000,26205.149999999998,26221.45,26198.05,26201.649999999998
1785983400000,26198.050000000003,26225.65,26194.15,26225.15
1785984300000,26225.65,26234.65,26224.15,26231.65
1785985200000,26233.15,26241.65,26225.15,26232.15
1785986100000,26234.15,26238.65,26223.65,26232.65
1785987000000,26236.15,26250.050000000003,26232.15,26246.15
1785987900000,26246.15,26257.050000000003,26236.15,26256.65
1785988800000,26258.45,26259.15,26241.06,26243.15
1785989700000,26243.65,26252.65,26232.15,26236.15
1785990600000,26238.050000000003,26241.15,26224.15,26226.15
1785991500000,26226.15,26240.65,26226.15,26235.15
1785992400000,26234.65,26260.65,26202.65,26209.65
1785993300000,26211.15,26227.050000000003,26205.65,26221.15
1785994200000,26222.15,26226.15,26201.65,26213.15
1785995100000,26209.65,26209.65,26168.65,26190.45
1785996000000,26199.15,26208.45,26169.25,26174.25
1785996900000,26175.25,26204.25,26167.25,26203.25
1785997800000,26204.25,26207.25,26181.25,26204.25
1785998700000,26203.25,26227.25,26196.25,26211.85
1785999600000,26216.25,26222.25,26111.75,26204.75
1786000500000,26205.75,26224.75,26167.75,26169.75
1786001400000,26168.75,26188.75,26144.75,26163.75
1786002300000,26162.75,26175.75,26133.75,26134.75
1786003200000,26135.75,26152.75,26099.75,26106.75
1786004100000,26105.75,26163.75,26101.75,26162.75
1786005000000,26163.75,26198.75,26158.75,26175.75
1786005900000,26173.75,26206.75,26170.75,26200.75
1786006800000,26201.75,26215.75,26172.75,26198.75
1786007700000,26199.75,26221.75,26192.75,26213.75
1786008600000,26214.75,26221.75,26180.75,26196.75
1786009500000,26197.75,26219.75,26175.75,26218.75
1786010400000,26220.75,26225.75,26198.75,26222.75
1786011300000,26221.75,26228.75,26205.75,26205.75
1786012200000,26207.75,26214.75,26195.75,26200.75
1786013100000,26202.75,26220.75,26199.75,26217.75
1786014000000,26216.75,26220.75,26170.75,26209.75
1786014900000,26208.75,26231.75,26206.75,26226.75
1786015800000,26227.75,26229.75,26193.75,26193.75
1786016700000,26192.75,26202.75,26172.75,26194.75
1786017600000,26193.75,26225.75,26179.75,26189.75
1786018500000,26188.75,26202.75,26179.75,26197.75
1786019400000,26188.95,26204.75,26176.75,26178.75
1786020300000,26179.75,26190.75,26147.75,26165.75
1786021200000,26166.75,26167.75,26141.75,26151.75
1786022100000,26152.75,26154.75,26118.75,26136.75
1786023000000,26134.75,26190.75,26132.75,26162.75
1786023900000,26163.75,26202.75,26160.75,26192.75
1786024800000,26194.75,26220.75,26185.75,26220.75
1786025700000,26222.75,26243.75,26208.75,26213.75
1786026600000,26212.75,26239.75,26212.75,26235.75
1786027500000,26233.75,26234.75,26206.75,26208.75
1786028400000,26210.75,26233.75,26204.75,26220.75
1786029300000,26219.75,26219.75,26167.75,26177.75
1786030200000,26179.75,26197.75,26152.75,26193.75
1786031100000,26192.75,26220.75,26162.75,26181.75
1786032000000,26182.75,26185.75,26155.75,26161.75
1786032900000,26162.75,26180.75,26154.75,26177.75
1786033800000,26178.75,26188.75,26170.75,26171.75
1786034700000,26172.75,26199.75,26168.75,26197.75
1786035600000,26198.75,26204.75,26187.75,26187.75
1786036500000,26188.75,26192.75,26179.75,26181.75
1786037400000,26180.75,26195.75,26179.75,26188.75
1786038300000,26189.75,26196.75,26185.75,26192.75
1786039200000,26194.75,26195.75,26187.75,26193.75
1786040100000,26194.75,26205.75,26185.75,26198.75
1786041000000,26199.75,26199.75,26182.75,26185.75
1786041900000,26186.75,26189.75,26179.75,26188.75
1786042800000,26187.75,26197.75,26185.75,26185.75
1786043700000,26184.75,26188.75,26162.75,26166.75
1786044600000,26168.75,26172.75,26160.75,26162.75
1786045500000,26161.75,26186.85,26155.75,26182.85
1786046400000,26181.85,26202.949999999997,26180.85,26184.949999999997
1786047300000,26185.95,26188.95,26152.95,26158.95
1786048200000,26157.95,26163.95,26150.95,26157.95
1786049100000,26158.95,26163.95,26155.95,26161.95
1786053600000,26177.65,26192.620000000003,26156.65,26189.9
1786054500000,26190.9,26196.65,26175.65,26178.65
1786055400000,26177.65,26179.370000000003,26164.65,26175.370000000003
1786056300000,26176.37,26184.649999999998,26174.37,26182.649999999998
1786057200000,26181.65,26185.65,26177.65,26178.65
1786058100000,26179.65,26195.65,26179.65,26183.93
1786059000000,26182.93,26191.65,26181.93,26190.65
1786059900000,26191.65,26195.22,26184.22,26187.22
1786060800000,26188.22,26193.230000000003,26172.65,26179.370000000003
1786061700000,26162.55,26163.55,26130.85,26145.85
1786062600000,26146.35,26163.35,26138.85,26145.35
1786063500000,26147.35,26164.35,26140.85,26164.35
1786064400000,26166.35,26182.649999999998,26161.85,26165.35
1786065300000,26166.85,26176.35,26146.85,26175.35
1786066200000,26174.85,26183.35,26146.85,26159.35
1786067100000,26159.25,26168.85,26154.25,26162.35
1786068000000,26160.35,26179.35,26158.85,26174.85
1786068900000,26172.35,26179.35,26162.35,26167.35
1786069800000,26166.85,26168.35,26147.25,26155.25
1786070700000,26155.35,26172.85,26154.25,26168.35
1786071600000,26170.35,26174.35,26161.85,26166.85
1786072500000,26168.35,26176.35,26159.25,26169.85
1786073400000,26169.35,26177.35,26165.25,26170.35
1786074300000,26170.35,26176.35,26166.35,26174.35
1786075200000,26173.35,26181.85,26166.85,26169.35
1786076100000,26169.85,26186.35,26162.85,26169.85
1786077000000,26171.35,26177.35,26162.85,26164.85
1786077900000,26165.25,26185.649999999998,26160.85,26175.35
1786078800000,26176.35,26202.649999999998,26165.35,26190.35
1786079700000,26189.85,26205.35,26186.85,26198.35
1786080600000,26198.85,26200.35,26177.35,26185.35
1786081500000,26184.35,26185.35,26173.35,26175.85
1786082400000,26175.35,26205.45,26175.05,26202.45
1786083300000,26201.45,26210.45,26190.05,26206.05
1786084200000,26206.45,26211.45,26195.45,26197.45
1786085100000,26198.45,26217.45,26196.05,26198.05
1786086000000,26202.05,26283.45,26202.05,26246.45
1786086900000,26245.45,26276.45,26243.45,26270.45
1786087800000,26271.45,26303.45,26261.45,26298.45
1786088700000,26297.45,26306.45,26274.45,26274.45
1786089600000,26277.45,26286.95,26260.95,26271.95
1786090500000,26269.95,26305.95,26252.95,26291.95
1786091400000,26290.95,26304.95,26281.95,26293.95
1786092300000,26292.95,26330.95,26291.95,26326.95
1786093200000,26325.95,26337.95,26307.95,26323.95
1786094100000,26324.95,26331.95,26308.95,26308.95
1786095000000,26309.95,26316.95,26301.95,26301.95
1786095900000,26302.95,26342.95,26299.95,26337.95
1786096800000,26338.95,26359.95,26334.95,26341.95
1786097700000,26341.86,26366.95,26338.95,26349.95
1786098600000,26350.95,26371.95,26346.95,26366.95
1786099500000,26365.95,26377.95,26364.95,26375.95
1786100400000,26371.95,26393.95,26367.95,26368.95
1786101300000,26367.95,26387.95,26366.95,26374.95
1786102200000,26375.95,26380.95,26364.95,26366.95
1786103100000,26365.95,26368.95,26344.95,26358.95
1786104000000,26359.95,26387.95,26358.95,26372.95
1786104900000,26373.95,26405.95,26369.95,26372.15
1786105800000,26372.15,26444.95,26359.15,26430.95
1786106700000,26431.95,26452.95,26422.95,26429.95
1786107600000,26431.95,26435.95,26381.95,26385.95
1786108500000,26384.95,26400.95,26375.95,26395.95
1786109400000,26396.95,26401.95,26367.95,26392.95
1786110300000,26394.95,26396.95,26342.95,26348.95
1786111200000,26351.95,26359.95,26310.95,26341.95
1786112100000,26339.95,26395.95,26338.95,26392.95
1786113000000,26394.95,26419.55,26379.95,26399.95
1786113900000,26398.95,26410.95,26387.95,26387.95
1786114800000,26388.95,26391.95,26367.95,26374.95
1786115700000,26375.95,26381.95,26358.95,26359.95
1786116600000,26362.95,26368.95,26321.95,26337.95
1786117500000,26336.95,26347.95,26321.95,26325.95
1786118400000,26326.95,26334.95,26322.95,26326.95
1786119300000,26325.95,26334.95,26297.95,26305.95
1786120200000,26304.95,26319.95,26295.95,26314.95
1786121100000,26315.95,26320.95,26308.95,26311.95
1786122000000,26310.95,26312.95,26301.95,26303.95
1786122900000,26302.95,26313.95,26302.95,26310.95
1786123800000,26311.95,26321.95,26307.95,26317.95
1786124700000,26316.95,26323.95,26313.95,26319.95
1786125600000,26318.95,26320.95,26303.95,26305.95
1786126500000,26306.95,26309.95,26297.95,26300.95
1786127400000,26299.95,26301.95,26289.95,26290.95
1786128300000,26291.95,26311.55,26290.95,26309.95
1786129200000,26310.55,26351.95,26309.95,26348.95
1786130100000,26349.95,26377.95,26349.95,26366.95
1786131000000,26369.95,26379.95,26364.95,26370.95
1786131900000,26369.95,26375.95,26353.95,26375.05
1786132800000,26375.05,26379.149999999998,26354.87,26360.87
1786133700000,26359.870000000003,26365.870000000003,26351.15,26352.15
1786134600000,26351.15,26365.15,26350.15,26359.65
1786135500000,26360.65,26371.65,26357.65,26369.15
1786312800000,26374.55,26376.55,26338.55,26342.55
1786313700000,26343.55,26352.829999999998,26326.55,26349.829999999998
1786314600000,26348.829999999998,26354.829999999998,26337.55,26347.55
1786315500000,26348.55,26349.829999999998,26343.55,26347.12
1786316400000,26348.12,26360.55,26342.12,26354.55
1786317300000,26355.55,26360.55,26352.55,26354.55
1786318200000,26355.55,26355.55,26337.55,26351.55
1786319100000,26350.55,26355.55,26329.55,26330.98
1786320000000,26324.98,26374.27,26313.84,26362.55
1786320900000,26363.55,26370.45,26293.75,26301.25
1786321800000,26302.25,26325.15,26296.75,26299.25
1786322700000,26301.25,26306.25,26291.75,26295.25
1786323600000,26295.25,26317.550000000003,26294.15,26317.15
1786324500000,26319.55,26337.25,26311.75,26326.25
1786325400000,26327.25,26344.75,26318.25,26334.75
1786326300000,26335.25,26352.75,26332.75,26342.75
1786327200000,26344.25,26348.25,26331.15,26332.15
1786328100000,26332.15,26338.25,26324.15,26332.25
1786329000000,26330.25,26335.75,26326.75,26334.75
1786329900000,26336.75,26344.75,26328.75,26331.25
1786330800000,26333.15,26345.75,26332.25,26336.25
1786331700000,26335.75,26350.75,26333.25,26334.25
1786332600000,26336.25,26351.75,26333.25,26349.25
1786333500000,26350.75,26353.75,26342.25,26353.15
1786334400000,26354.15,26361.75,26343.75,26349.75
1786335300000,26351.25,26362.25,26351.25,26357.25
1786336200000,26356.75,26360.55,26346.25,26348.75
1786337100000,26350.25,26368.75,26348.15,26357.25
1786338000000,26356.75,26376.75,26356.75,26371.25
1786338900000,26372.25,26373.25,26356.75,26360.25
1786339800000,26356.75,26378.75,26355.75,26372.15
1786340700000,26371.75,26376.55,26365.55,26367.55
1786341600000,26368.55,26376.35,26354.35,26357.35
1786342500000,26356.35,26357.35,26333.35,26334.35
1786343400000,26335.35,26345.35,26332.35,26343.35
1786344300000,26344.35,26363.35,26340.35,26357.35
1786345200000,26356.35,26389.35,26336.35,26349.35
1786346100000,26348.35,26369.35,26325.35,26360.35
1786347000000,26359.35,26373.35,26345.35,26371.35
1786347900000,26370.35,26387.35,26364.35,26381.35
1786348800000,26382.35,26388.35,26337.35,26344.35
1786349700000,26345.35,26366.35,26342.35,26366.35
1786350600000,26365.35,26383.35,26362.35,26382.35
1786351500000,26381.35,26403.35,26375.35,26402.35
1786352400000,26401.35,26407.35,26386.35,26404.35
1786353300000,26403.35,26423.35,26394.35,26421.35
1786354200000,26420.35,26425.35,26413.35,26417.35
1786355100000,26419.35,26423.35,26407.35,26409.35
1786356000000,26410.35,26417.35,26396.35,26405.35
1786356900000,26404.35,26440.35,26404.35,26440.35
1786357800000,26439.35,26451.35,26430.35,26434.35
1786358700000,26433.35,26436.35,26410.35,26422.35
1786359600000,26423.35,26423.35,26403.35,26405.35
1786360500000,26407.35,26426.35,26403.35,26424.35
1786361400000,26423.35,26427.35,26396.35,26411.35
1786362300000,26410.35,26423.35,26405.35,26411.35
1786363200000,26412.35,26415.35,26393.35,26395.35
1786364100000,26394.35,26407.35,26387.35,26395.35
1786365000000,26394.35,26400.35,26369.35,26370.35
1786365900000,26369.35,26386.35,26366.35,26386.35
1786366800000,26387.35,26395.35,26364.35,26365.35
1786367700000,26364.35,26365.35,26328.35,26339.35
1786368600000,26340.35,26358.35,26327.35,26352.35
1786369500000,26351.35,26351.35,26311.35,26320.35
1786370400000,26322.35,26363.35,26313.35,26358.35
1786371300000,26359.35,26382.35,26358.35,26380.35
1786372200000,26379.35,26379.35,26344.35,26348.35
1786373100000,26349.35,26379.35,26346.35,26359.35
1786374000000,26357.35,26374.35,26352.35,26373.35
1786374900000,26372.35,26378.35,26354.35,26368.35
1786375800000,26367.35,26371.35,26333.35,26337.35
1786376700000,26336.35,26350.35,26329.35,26345.35
1786377600000,26344.35,26347.35,26333.35,26345.35
1786378500000,26344.35,26354.35,26342.35,26349.35
1786379400000,26348.35,26348.35,26309.05,26332.35
1786380300000,26331.35,26337.35,26329.35,26336.35
1786381200000,26335.35,26341.35,26332.35,26338.35
1786382100000,26339.35,26341.35,26318.35,26318.35
1786383000000,26319.35,26321.35,26312.35,26317.35
1786383900000,26316.35,26327.35,26311.35,26325.35
1786384800000,26326.35,26330.35,26321.35,26327.35
1786385700000,26326.35,26330.35,26317.35,26318.35
1786386600000,26317.35,26326.35,26316.35,26325.35
1786387500000,26324.35,26332.35,26322.35,26329.35
1786388400000,26330.35,26346.35,26326.35,26345.35
1786389300000,26344.35,26350.35,26341.35,26343.35
1786390200000,26345.35,26346.35,26336.35,26343.35
1786391100000,26342.35,26353.449999999997,26330.35,26351.449999999997
1786392000000,26336.45,26344.550000000003,26332.47,26333.47
1786392900000,26332.47,26340.91,26325.47,26338.91
1786393800000,26337.91,26340.91,26334.91,26339.91
1786394700000,26340.91,26348.91,26339.91,26343.48
1786399200000,26354.55,26359.55,26342.55,26346.27
1786400100000,26347.27,26347.27,26331.55,26338.55
1786401000000,26337.55,26337.55,26326.55,26330.55
1786401900000,26329.55,26336.27,26329.27,26335.27
1786402800000,26336.27,26337.27,26330.27,26332.55
1786403700000,26331.55,26331.55,26319.7,26321.7
1786404600000,26322.7,26329.7,26317.7,26328.7
1786405500000,26327.7,26333.7,26305.27,26323.27
1786406400000,26310.27,26337.55,26310.27,26336.55
1786407300000,26335.55,26348.15,26320.75,26346.25
1786408200000,26346.75,26351.55,26338.75,26345.25
1786409100000,26344.75,26350.25,26343.75,26347.25
1786410000000,26347.25,26365.55,26334.75,26364.15
1786410900000,26360.25,26368.75,26352.75,26364.25
1786411800000,26366.25,26372.55,26361.75,26368.25
1786412700000,26368.75,26383.55,26361.75,26363.15
1786413600000,26362.75,26366.55,26358.75,26363.25
1786414500000,26364.25,26375.25,26361.75,26373.25
1786415400000,26374.75,26378.75,26366.75,26375.25
1786416300000,26374.75,26375.75,26362.25,26364.25
1786417200000,26367.25,26371.25,26365.25,26369.25
1786418100000,26368.25,26380.55,26366.25,26379.15
1786419000000,26378.15,26378.55,26363.25,26364.75
1786419900000,26366.15,26370.550000000003,26363.15,26364.15
1786420800000,26365.55,26369.55,26363.75,26368.15
1786421700000,26368.25,26376.55,26365.75,26375.15
1786422600000,26376.75,26389.15,26374.25,26376.15
1786423500000,26377.55,26382.75,26375.75,26379.75
1786424400000,26380.75,26383.55,26370.75,26379.25
1786425300000,26379.75,26379.75,26362.25,26368.15
1786426200000,26365.25,26384.55,26356.25,26381.75
1786427100000,26379.75,26383.75,26356.15,26364.15
1786428000000,26369.550000000003,26384.350000000002,26366.15,26380.350000000002
1786428900000,26378.35,26386.35,26350.35,26350.35
1786429800000,26349.35,26360.35,26333.35,26351.35
1786430700000,26352.35,26376.35,26351.35,26370.35
1786431600000,26365.35,26395.35,26338.35,26342.35
1786432500000,26340.35,26349.35,26320.35,26324.35
1786433400000,26325.35,26352.35,26306.35,26312.35
1786434300000,26310.35,26312.35,26267.35,26287.35
1786435200000,26288.35,26305.35,26273.35,26286.35
1786436100000,26285.35,26308.35,26279.35,26289.35
1786437000000,26288.35,26292.35,26274.35,26284.35
1786437900000,26282.35,26286.35,26271.35,26271.35
1786438800000,26270.35,26286.35,26257.35,26268.35
1786439700000,26269.35,26289.85,26264.85,26271.85
1786440600000,26272.85,26290.85,26269.85,26281.85
1786441500000,26280.85,26302.85,26274.85,26299.85
1786442400000,26300.85,26311.85,26286.85,26299.85
1786443300000,26300.85,26332.85,26297.85,26317.85
1786444200000,26318.85,26333.85,26314.85,26327.85
1786445100000,26328.85,26333.85,26315.85,26319.85
1786446000000,26318.85,26380.85,26314.85,26370.85
1786446900000,26371.85,26379.85,26348.85,26361.85
1786447800000,26362.85,26376.85,26353.85,26375.85
1786448700000,26376.85,26390.85,26359.85,26382.85
1786449600000,26383.85,26414.35,26374.35,26409.35
1786450500000,26408.35,26412.35,26378.35,26387.35
1786451400000,26386.35,26413.35,26379.35,26413.35
1786452300000,26412.35,26421.35,26401.35,26417.35
1786453200000,26418.35,26434.35,26411.35,26416.35
1786454100000,26415.35,26438.35,26408.35,26434.35
1786455000000,26433.35,26457.35,26420.35,26447.35
1786455900000,26448.35,26479.35,26444.35,26457.35
1786456800000,26458.35,26481.35,26439.35,26481.35
1786457700000,26482.35,26493.35,26470.35,26478.35
1786458600000,26480.35,26493.35,26468.35,26489.35
1786459500000,26492.35,26518.35,26476.35,26478.35
1786460400000,26479.35,26482.35,26438.35,26440.35
1786461300000,26439.35,26441.35,26403.35,26408.35
1786462200000,26412.35,26433.35,26401.35,26405.35
1786463100000,26404.35,26412.35,26399.35,26408.35
1786464000000,26409.35,26430.35,26408.35,26423.35
1786464900000,26424.35,26434.35,26416.35,26420.35
1786465800000,26419.35,26419.35,26408.35,26411.35
1786466700000,26410.35,26415.35,26402.35,26404.35
1786467600000,26405.35,26410.35,26391.35,26392.35
1786468500000,26391.35,26401.35,26390.35,26396.35
1786469400000,26395.35,26396.35,26378.35,26387.35
1786470300000,26386.35,26388.35,26380.35,26382.35
1786471200000,26381.35,26381.35,26368.35,26370.35
1786472100000,26369.35,26374.35,26352.35,26355.35
1786473000000,26356.35,26377.35,26356.35,26365.35
1786473900000,26364.35,26381.35,26364.35,26379.35
1786474800000,26380.35,26380.35,26367.35,26376.35
1786475700000,26377.35,26385.35,26374.35,26381.35
1786476600000,26380.35,26391.35,26379.35,26388.35
1786477500000,26387.35,26398.35,26381.35,26395.449999999997
1786478400000,26391.45,26392.55,26372.41,26388.55
1786479300000,26389.55,26407.54,26386.55,26406.54
1786480200000,26405.54,26409.54,26402.52,26405.52
1786481100000,26404.52,26404.52,26389.52,26392.52
1786485600000,26399.550000000003,26404.550000000003,26385.56,26402.84
1786486500000,26403.84,26403.84,26397.81,26398.81
1786487400000,26399.809999999998,26402.809999999998,26390.55,26390.55
1786488300000,26389.55,26398.55,26386.55,26395.55
1786489200000,26394.55,26399.55,26391.55,26393.55
1786490100000,26392.55,26400.55,26392.55,26399.55
1786491000000,26398.55,26398.55,26390.55,26394.55
1786491900000,26395.55,26405.55,26391.55,26403.55
1786492800000,26400.55,26400.55,26382.55,26395.55
1786493700000,26371.45,26395.45,26371.45,26390.25
1786494600000,26389.75,26391.75,26381.25,26386.25
1786495500000,26389.75,26392.15,26379.25,26389.75
1786496400000,26388.25,26394.15,26383.25,26385.75
1786497300000,26386.25,26387.25,26378.75,26382.25
1786498200000,26382.25,26390.05,26375.75,26388.55
1786499100000,26387.15,26391.55,26379.25,26383.25
1786500000000,26385.25,26387.25,26378.75,26385.25
1786500900000,26385.75,26392.15,26383.25,26389.25
1786501800000,26389.25,26389.75,26384.25,26388.75
1786502700000,26387.25,26394.55,26386.25,26393.75
1786503600000,26393.25,26396.55,26389.25,26394.15
1786504500000,26392.75,26395.15,26388.75,26392.15
1786505400000,26392.75,26393.75,26378.75,26381.55
1786506300000,26380.75,26388.55,26377.25,26384.25
1786507200000,26384.75,26392.55,26383.25,26390.25
1786508100000,26390.25,26393.75,26387.75,26390.25
1786509000000,26391.25,26395.75,26386.25,26394.75
1786509900000,26394.25,26406.55,26390.25,26405.15
1786510800000,26406.55,26406.55,26390.25,26394.15
1786511700000,26391.75,26400.75,26389.75,26398.75
1786512600000,26397.75,26408.55,26394.75,26404.75
1786513500000,26405.15,26411.55,26401.75,26407.25
1786514400000,26408.75,26419.35,26403.05,26410.35
1786515300000,26408.949999999997,26418.35,26406.35,26417.35
1786516200000,26416.35,26428.35,26415.35,26424.35
1786517100000,26425.35,26441.35,26421.35,26436.35
1786518000000,26448.350000000002,26474.350000000002,26436.95,26463.350000000002
1786518900000,26462.35,26477.35,26414.35,26417.35
1786519800000,26419.35,26453.35,26413.35,26448.35
1786520700000,26447.35,26455.35,26422.35,26429.35
1786521600000,26428.35,26444.35,26421.35,26437.35
1786522500000,26436.35,26459.35,26420.35,26454.35
1786523400000,26453.35,26468.35,26438.35,26464.35
1786524300000,26465.35,26491.35,26459.35,26483.35
1786525200000,26484.35,26493.35,26478.35,26484.35
1786526100000,26483.35,26539.35,26483.35,26510.35
1786527000000,26511.35,26527.35,26509.35,26513.35
1786527900000,26512.35,26540.35,26499.35,26507.35
1786528800000,26506.35,26522.35,26503.35,26520.35
1786529700000,26519.35,26546.35,26519.35,26525.35
1786530600000,26527.35,26548.35,26527.35,26548.35
1786531500000,26547.35,26549.35,26500.55,26541.35
1786532400000,26540.35,26551.35,26533.35,26540.35
1786533300000,26539.35,26555.35,26537.35,26545.35
1786534200000,26546.35,26549.35,26523.35,26527.35
1786535100000,26526.35,26526.35,26498.35,26499.35
1786536000000,26501.35,26508.35,26491.35,26507.35
1786536900000,26508.35,26581.55,26503.35,26577.55
1786537800000,26578.55,26586.55,26503.55,26529.35
1786538700000,26528.35,26533.35,26484.35,26485.35
1786539600000,26484.35,26486.35,26464.35,26486.35
1786540500000,26485.35,26503.35,26475.35,26477.35
1786541400000,26479.35,26503.35,26466.35,26478.35
1786542300000,26480.35,26487.35,26444.35,26444.35
1786543200000,26445.35,26452.35,26414.35,26421.35
1786544100000,26420.35,26434.35,26403.35,26410.35
1786545000000,26408.35,26421.35,26355.55,26409.35
1786545900000,26408.35,26408.35,26372.35,26382.35
1786546800000,26383.35,26384.35,26328.85,26339.85
1786547700000,26338.85,26357.85,26329.85,26357.85
1786548600000,26354.85,26361.85,26331.85,26350.85
1786549500000,26351.85,26357.85,26343.85,26353.85
1786550400000,26354.85,26359.85,26345.85,26353.85
1786551300000,26354.85,26360.85,26343.85,26346.85
1786552200000,26347.85,26349.85,26337.85,26345.85
1786553100000,26346.85,26351.85,26341.85,26351.85
1786554000000,26350.85,26356.85,26345.85,26352.85
1786554900000,26353.85,26357.85,26343.85,26352.85
1786555800000,26350.85,26358.85,26348.85,26356.85
1786556700000,26355.85,26358.85,26347.85,26353.85
1786557600000,26354.85,26364.85,26352.85,26362.85
1786558500000,26361.85,26364.85,26357.85,26357.85
1786559400000,26358.85,26369.85,26358.85,26368.85
1786560300000,26369.85,26371.85,26363.85,26363.85
1786561200000,26364.85,26374.85,26364.85,26371.85
1786562100000,26372.85,26375.85,26365.85,26370.85
1786563000000,26372.85,26375.85,26364.85,26372.85
1786563900000,26371.85,26390.949999999997,26366.85,26390.949999999997
1786564800000,26390.95,26415.06,26379.06,26384.06
1786565700000,26385.059999999998,26387.05,26363.05,26367.05
1786566600000,26368.05,26370.05,26364.05,26367.05
1786567500000,26368.05,26370.05,26361.19,26363.19
1786572000000,26379.75,26384.75,26371.75,26374.75
1786572900000,26373.75,26377.97,26368.97,26373.97
1786573800000,26372.97,26372.97,26364.75,26370.75
1786574700000,26369.75,26374.75,26369.75,26372.75
1786575600000,26371.75,26383.75,26371.75,26382.75
1786576500000,26383.75,26385.32,26379.75,26381.75
1786577400000,26380.75,26383.75,26374.75,26381.75
1786578300000,26380.75,26381.75,26368.75,26371.75
1786579200000,26361.75,26383.75,26361.75,26371.75
1786580100000,26368.65,26401.95,26368.65,26388.350000000002
1786581000000,26389.75,26393.45,26377.95,26389.45
1786581900000,26389.95,26396.45,26382.95,26391.45
1786582800000,26389.95,26394.45,26372.95,26377.45
1786583700000,26376.45,26385.95,26371.95,26376.45
1786584600000,26374.95,26394.95,26374.95,26389.45
1786585500000,26391.45,26401.45,26383.45,26397.45
1786586400000,26399.45,26412.75,26395.95,26409.45
1786587300000,26409.449999999997,26412.35,26405.35,26405.35
1786588200000,26403.95,26418.95,26393.45,26416.95
1786589100000,26416.45,26422.75,26413.95,26417.95
1786590000000,26416.95,26421.95,26411.95,26420.45
1786590900000,26419.45,26426.95,26417.45,26423.45
1786591800000,26422.45,26429.75,26421.95,26428.350000000002
1786592700000,26428.45,26436.75,26428.45,26433.350000000002
1786593600000,26434.75,26437.75,26426.75,26427.75
1786594500000,26426.35,26428.949999999997,26418.35,26426.449999999997
1786595400000,26425.449999999997,26430.949999999997,26421.35,26423.949999999997
1786596300000,26422.95,26433.350000000002,26419.95,26427.75
1786597200000,26427.35,26446.75,26426.75,26445.75
1786598100000,26444.75,26447.75,26440.75,26441.75
1786599000000,26440.75,26441.75,26420.45,26422.95
1786599900000,26423.35,26429.95,26419.75,26421.75
1786600800000,26421.95,26431.55,26410.25,26430.55
1786601700000,26431.55,26439.55,26414.55,26424.55
1786602600000,26425.55,26425.55,26411.55,26424.55
1786603500000,26425.55,26460.55,26421.55,26456.55
1786604400000,26457.55,26511.55,26442.55,26451.55
1786605300000,26453.55,26457.55,26424.55,26432.55
1786606200000,26431.55,26459.55,26415.55,26457.55
1786607100000,26458.55,26469.55,26439.55,26439.55
1786608000000,26440.55,26465.55,26426.55,26464.55
1786608900000,26465.55,26470.55,26447.55,26459.55
1786609800000,26460.55,26462.55,26441.55,26461.55
1786610700000,26462.55,26464.55,26449.55,26458.55
1786611600000,26459.55,26468.55,26449.55,26459.55
1786612500000,26458.55,26486.55,26453.55,26467.55
1786613400000,26466.55,26476.55,26459.55,26469.55
1786614300000,26468.55,26485.55,26467.55,26479.55
1786615200000,26481.55,26483.55,26471.55,26478.55
1786616100000,26477.55,26493.55,26475.55,26481.55
1786617000000,26480.55,26486.55,26468.55,26483.55
1786617900000,26482.55,26496.55,26469.55,26480.55
1786618800000,26481.55,26487.55,26459.55,26464.55
1786619700000,26465.55,26477.55,26459.55,26460.55
1786620600000,26461.55,26461.55,26435.55,26448.55
1786621500000,26447.55,26453.55,26439.55,26444.55
1786622400000,26443.55,26457.55,26434.55,26439.55
1786623300000,26440.55,26452.75,26435.55,26444.75
1786624200000,26445.75,26462.55,26423.55,26433.55
1786625100000,26432.55,26432.55,26404.55,26412.55
1786626000000,26413.55,26422.55,26402.55,26417.55
1786626900000,26416.55,26423.55,26396.55,26399.55
1786627800000,26400.55,26409.55,26383.55,26389.55
1786628700000,26388.55,26392.55,26364.55,26374.55
1786629600000,26375.55,26396.55,26373.55,26379.55
1786630500000,26378.55,26392.55,26355.55,26385.55
1786631400000,26386.55,26395.55,26364.55,26387.55
1786632300000,26386.55,26395.55,26367.55,26377.55
1786633200000,26379.55,26382.05,26334.05,26335.05
1786634100000,26336.05,26337.05,26292.05,26298.05
1786635000000,26299.05,26329.05,26297.05,26318.05
1786635900000,26317.05,26333.05,26313.05,26328.05
1786636800000,26329.05,26340.05,26328.05,26333.05
1786637700000,26332.05,26341.05,26331.05,26341.05
1786638600000,26340.05,26350.05,26339.05,26347.05
1786639500000,26348.05,26355.05,26343.05,26354.05
1786640400000,26355.05,26365.05,26354.05,26361.05
1786641300000,26362.05,26366.05,26353.05,26356.05
1786642200000,26357.05,26357.05,26344.05,26347.05
1786643100000,26348.05,26354.05,26345.05,26350.55
1786644000000,26351.55,26359.55,26351.55,26356.55
1786644900000,26355.55,26358.55,26351.55,26355.55
1786645800000,26354.55,26390.55,26353.55,26389.55
1786646700000,26390.55,26401.55,26385.55,26390.55
1786647600000,26389.55,26406.55,26385.55,26400.55
1786648500000,26399.55,26414.55,26398.55,26404.55
1786649400000,26403.55,26415.55,26403.55,26407.55
1786650300000,26408.55,26423.55,26401.55,26419.649999999998
1786651200000,26407.75,26414.82,26390.03,26403.02
1786652100000,26404.02,26405.02,26395.02,26396.02
1786653000000,26397.02,26414.75,26391.75,26413.75
1786653900000,26414.75,26418.75,26411.16,26417.75
1786658400000,26416.85,26423.85,26410.85,26412.85
1786659300000,26411.85,26418.85,26407.85,26412.85
1786660200000,26413.85,26415.85,26412.85,26414.85
1786661100000,26413.85,26414.85,26410.85,26411.85
1786662000000,26412.85,26424.85,26410.85,26424.85
1786662900000,26423.85,26424.85,26413.85,26416.85
1786663800000,26417.85,26420.85,26414.85,26417.85
1786664700000,26418.85,26421.85,26413.85,26415.85
1786665600000,26413.85,26422.85,26410.85,26415.85
1786666500000,26416.85,26425.05,26403.75,26418.05
1786667400000,26415.55,26416.55,26406.05,26407.05
1786668300000,26407.55,26412.05,26401.96,26409.05
1786669200000,26408.55,26420.449999999997,26397.85,26406.05
1786670100000,26407.05,26426.85,26405.55,26422.55
1786671000000,26425.45,26432.85,26416.05,26427.55
1786671900000,26429.55,26430.850000000002,26423.45,26429.850000000002
1786672800000,26429.45,26440.45,26427.45,26435.850000000002
1786673700000,26435.45,26437.45,26430.55,26432.05
1786674600000,26433.55,26438.55,26433.05,26436.55
1786675500000,26437.55,26440.55,26426.05,26429.55
1786676400000,26428.55,26439.05,26427.05,26435.55
1786677300000,26436.55,26446.55,26434.55,26442.55
1786678200000,26440.55,26440.85,26430.05,26430.55
1786679100000,26431.05,26432.55,26423.05,26423.55
1786680000000,26423.05,26433.85,26423.05,26429.45
1786680900000,26430.45,26434.85,26425.55,26430.45
1786681800000,26429.45,26432.85,26423.55,26426.05
1786682700000,26424.05,26425.55,26420.05,26421.55
1786683600000,26421.05,26426.55,26412.45,26420.55
1786684500000,26421.05,26426.85,26416.05,26424.85
1786685400000,26423.45,26425.850000000002,26417.45,26422.850000000002
1786686300000,26422.45,26423.45,26407.45,26407.850000000002
1786687200000,26409.850000000002,26419.65,26403.65,26413.65
1786688100000,26415.65,26426.65,26413.65,26424.65
1786689000000,26425.65,26437.65,26424.65,26435.65
1786689900000,26436.65,26462.65,26436.65,26458.65
1786690800000,26463.65,26492.65,26439.65,26464.65
1786691700000,26465.65,26478.65,26447.65,26456.65
1786692600000,26458.65,26488.65,26452.65,26477.65
1786693500000,26476.65,26506.65,26464.65,26492.65
1786694400000,26491.65,26500.45,26449.65,26460.65
1786695300000,26459.65,26463.65,26412.65,26424.65
1786696200000,26425.65,26443.65,26418.65,26419.65
1786697100000,26418.65,26461.65,26414.65,26451.65
1786698000000,26450.25,26457.65,26437.65,26445.65
1786698900000,26444.65,26468.65,26431.65,26458.65
1786699800000,26456.65,26475.65,26449.65,26475.65
1786700700000,26474.65,26501.65,26474.65,26492.65
1786701600000,26493.65,26513.65,26486.65,26498.65
1786702500000,26499.65,26501.65,26477.15,26491.15
1786703400000,26490.15,26501.15,26482.15,26500.15
1786704300000,26502.15,26506.15,26488.15,26505.15
1786705200000,26506.15,26510.15,26479.15,26484.15
1786706100000,26485.15,26514.15,26485.15,26508.15
1786707000000,26509.15,26531.15,26507.15,26526.65
1786707900000,26525.65,26547.65,26520.65,26545.65
1786708800000,26546.65,26549.65,26508.65,26533.65
1786709700000,26532.65,26536.65,26517.65,26526.850000000002
1786710600000,26526.850000000002,26545.850000000002,26514.65,26538.65
1786711500000,26537.65,26544.65,26520.65,26521.65
1786712400000,26520.65,26533.65,26514.65,26522.65
1786713300000,26521.65,26523.65,26491.65,26517.65
1786714200000,26516.65,26518.65,26460.65,26468.65
1786715100000,26470.65,26478.65,26449.65,26473.65
1786716000000,26475.350000000002,26476.65,26442.65,26454.65
1786716900000,26455.65,26461.65,26423.65,26429.65
1786717800000,26430.65,26443.65,26422.65,26423.65
1786718700000,26424.65,26463.65,26421.65,26461.65
1786719600000,26462.65,26468.15,26443.15,26452.15
1786720500000,26451.15,26456.15,26422.15,26447.15
1786721400000,26445.15,26448.15,26429.15,26443.15
1786722300000,26444.15,26460.15,26437.15,26458.15
1786723200000,26459.15,26471.15,26459.15,26468.15
1786724100000,26469.15,26470.15,26458.15,26467.15
1786725000000,26468.15,26468.15,26451.15,26452.15
1786725900000,26451.15,26459.15,26450.15,26451.15
1786726800000,26452.15,26459.15,26447.15,26458.15
1786727700000,26457.15,26468.15,26455.15,26461.15
1786728600000,26462.15,26465.15,26451.15,26456.15
1786729500000,26455.15,26460.15,26451.15,26459.15
1786730400000,26460.15,26467.15,26455.15,26466.15
1786731300000,26467.15,26472.15,26465.15,26470.15
1786732200000,26471.15,26472.15,26464.15,26469.15
1786733100000,26468.15,26474.15,26465.15,26466.15
1786734000000,26465.15,26467.15,26459.15,26465.15
1786734900000,26464.15,26475.15,26461.15,26471.15
1786735800000,26472.15,26478.15,26468.15,26468.15
1786736700000,26469.15,26470.15,26451.15,26466.25
1786737600000,26465.25,26465.25,26445.35,26448.35
1786738500000,26449.35,26450.35,26444.35,26448.35
1786739400000,26447.35,26458.35,26446.35,26455.35
1786740300000,26456.35,26458.85,26452.85,26456.85
1786917600000,26473.85,26494.85,26473.85,26493.85
1786918500000,26494.85,26494.85,26489.85,26491.85
1786919400000,26490.85,26492.71,26486.71,26489.85
1786920300000,26488.85,26495.85,26487.85,26493.129999999997
1786921200000,26492.129999999997,26492.85,26487.85,26488.85
1786922100000,26487.85,26491.85,26487.85,26489.85
1786923000000,26488.850000000002,26493.260000000002,26484.54,26484.54
1786923900000,26483.54,26495.120000000003,26483.54,26491.120000000003
1786924800000,26493.12,26496.85,26486.85,26492.85
1786925700000,26493.85,26500.75,26486.55,26494.55
1786926600000,26492.55,26497.45,26486.55,26490.55
1786927500000,26489.05,26498.45,26489.05,26497.55
1786928400000,26498.05,26505.85,26491.05,26501.55
1786929300000,26502.05,26522.55,26500.55,26522.55
1786930200000,26523.05,26524.05,26505.05,26508.55
1786931100000,26507.05,26509.55,26495.05,26497.55
1786932000000,26495.55,26495.55,26481.55,26481.55
1786932900000,26482.55,26490.55,26479.55,26487.55
1786933800000,26487.05,26492.05,26483.55,26487.55
1786934700000,26489.55,26494.85,26486.55,26491.55
1786935600000,26493.05,26501.05,26488.55,26496.55
1786936500000,26496.55,26500.55,26494.55,26494.55
1786937400000,26493.55,26511.85,26491.05,26510.85
1786938300000,26511.85,26518.45,26508.55,26518.45
1786939200000,26516.55,26525.45,26513.55,26520.85
1786940100000,26519.85,26527.45,26511.05,26511.05
1786941000000,26510.55,26510.55,26504.05,26505.55
1786941900000,26505.05,26506.55,26491.55,26493.55
1786942800000,26492.05,26505.05,26490.05,26499.05
1786943700000,26501.55,26505.55,26497.05,26505.05
1786944600000,26505.45,26514.850000000002,26503.45,26510.05
1786945500000,26510.45,26519.85,26505.55,26519.85
1786946400000,26520.050000000003,26530.65,26508.65,26514.65
1786947300000,26515.65,26515.65,26495.65,26502.65
1786948200000,26501.65,26502.65,26479.65,26486.65
1786949100000,26488.65,26497.65,26478.65,26492.25
1786950000000,26491.65,26512.65,26453.65,26454.65
1786950900000,26453.65,26462.65,26435.65,26455.65
1786951800000,26454.65,26473.65,26433.65,26471.65
1786952700000,26470.65,26496.65,26467.65,26481.65
1786953600000,26482.65,26484.65,26428.65,26454.65
1786954500000,26453.65,26453.65,26402.65,26416.65
1786955400000,26417.65,26456.65,26414.65,26455.65
1786956300000,26456.65,26457.65,26430.65,26448.65
1786957200000,26447.65,26460.65,26441.65,26450.65
1786958100000,26449.65,26459.65,26439.65,26441.65
1786959000000,26442.65,26444.65,26423.65,26441.65
1786959900000,26442.65,26444.65,26414.65,26433.65
1786960800000,26432.65,26447.65,26420.65,26447.65
1786961700000,26448.65,26511.65,26445.65,26505.65
1786962600000,26501.65,26505.65,26458.65,26472.65
1786963500000,26473.65,26479.65,26458.65,26458.65
1786964400000,26457.65,26464.65,26451.65,26457.65
1786965300000,26458.65,26470.65,26442.65,26466.65
1786966200000,26467.65,26469.65,26453.65,26462.65
1786967100000,26463.65,26474.65,26460.65,26465.65
1786968000000,26466.65,26468.65,26441.65,26447.65
1786968900000,26448.65,26449.65,26394.65,26413.65
1786969800000,26415.25,26427.65,26406.65,26417.65
1786970700000,26416.65,26419.65,26403.65,26408.65
1786971600000,26407.65,26414.65,26388.65,26389.65
1786972500000,26390.65,26409.65,26370.65,26381.65
1786973400000,26382.65,26425.65,26371.65,26400.65
1786974300000,26399.65,26432.65,26394.65,26430.65
1786975200000,26429.65,26432.65,26410.65,26425.65
1786976100000,26426.65,26427.65,26400.65,26416.65
1786977000000,26415.65,26430.65,26404.65,26404.65
1786977900000,26405.65,26408.65,26391.65,26396.65
1786978800000,26397.65,26411.65,26379.65,26381.65
1786979700000,26380.65,26386.65,26369.65,26379.65
1786980600000,26378.65,26378.65,26338.65,26347.65
1786981500000,26346.65,26365.65,26346.65,26353.65
1786982400000,26354.65,26364.65,26353.65,26358.65
1786983300000,26357.65,26372.65,26355.65,26365.65
1786984200000,26366.65,26368.65,26355.65,26355.65
1786985100000,26356.65,26358.65,26348.65,26355.65
1786986000000,26354.65,26358.65,26344.65,26344.65
1786986900000,26343.65,26348.65,26326.65,26332.65
1786987800000,26334.65,26337.65,26321.65,26333.65
1786988700000,26334.65,26335.65,26317.65,26319.65
1786989600000,26318.65,26322.65,26306.65,26315.65
1786990500000,26316.65,26329.65,26313.65,26326.65
1786991400000,26327.65,26327.65,26313.65,26316.65
1786992300000,26317.65,26319.65,26308.65,26310.65
1786993200000,26309.65,26311.65,26301.65,26308.65
1786994100000,26309.65,26321.65,26308.65,26317.65
1786995000000,26318.65,26322.65,26313.65,26317.65
1786995900000,26318.65,26333.65,26317.65,26326.75
1786996800000,26319.85,26322.85,26304.85,26310.42
1786997700000,26311.42,26311.85,26302.42,26305.85
1786998600000,26306.85,26308,26301.85,26304.149999999998
1786999500000,26303.15,26311.850000000002,26300.15,26307.850000000002
1787004000000,26315.55,26322.55,26312.55,26313.55
1787004900000,26314.55,26314.55,26300.55,26309.55
1787005800000,26308.55,26310.55,26305.55,26307.55
1787006700000,26308.55,26313.55,26307.55,26310.55
1787007600000,26309.55,26314.27,26303.55,26311.27
1787008500000,26310.27,26312.27,26305.27,26311.55
1787009400000,26310.55,26321.55,26310.55,26320.7
1787010300000,26319.7,26327.98,26309.98,26323.26
1787011200000,26319.26,26329.26,26315.26,26328.26
1787012100000,26319.45,26337.55,26312.25,26316.25
1787013000000,26315.25,26317.55,26307.25,26312.15
1787013900000,26311.75,26314.75,26303.75,26309.75
1787014800000,26311.25,26320.75,26306.75,26319.25
1787015700000,26318.25,26319.75,26304.75,26311.25
1787016600000,26307.75,26317.75,26293.25,26297.75
1787017500000,26297.25,26301.75,26269.75,26296.25
1787018400000,26297.25,26299.75,26271.25,26272.75
1787019300000,26274.25,26277.25,26256.75,26258.25
1787020200000,26257.25,26273.75,26252.75,26253.25
1787021100000,26253.25,26268.25,26249.75,26267.25
1787022000000,26266.25,26269.75,26254.75,26262.25
1787022900000,26262.25,26263.75,26243.25,26253.75
1787023800000,26252.25,26264.15,26237.25,26253.15
1787024700000,26253.75,26262.75,26251.25,26254.75
1787025600000,26255.25,26255.25,26242.25,26247.25
1787026500000,26246.25,26252.55,26238.75,26250.25
1787027400000,26250.75,26255.75,26244.25,26246.25
1787028300000,26246.75,26259.25,26245.25,26257.25
1787029200000,26258.25,26258.25,26234.75,26237.25
1787030100000,26237.75,26251.75,26233.25,26249.55
1787031000000,26246.55,26255.149999999998,26235.55,26252.149999999998
1787031900000,26250.75,26284.55,26250.25,26267.55
1787032800000,26261.25,26275.350000000002,26239.95,26269.350000000002
1787033700000,26268.35,26271.35,26249.35,26255.35
1787034600000,26256.35,26271.35,26243.35,26269.35
1787035500000,26273.35,26306.35,26267.35,26306.35
1787036400000,26309.35,26324.35,26224.35,26231.35
1787037300000,26233.26,26264.35,26222.35,26242.35
1787038200000,26245.35,26265.35,26208.35,26213.35
1787039100000,26215.35,26222.35,26183.35,26190.35
1787040000000,26191.35,26208.35,26163.35,26205.35
1787040900000,26204.35,26229.35,26193.35,26216.35
1787041800000,26217.35,26247.35,26214.35,26239.35
1787042700000,26240.35,26256.35,26219.35,26254.35
1787043600000,26255.35,26255.35,26219.35,26230.35
1787044500000,26229.35,26243.35,26221.35,26228.35
1787045400000,26229.35,26243.35,26215.35,26242.35
1787046300000,26243.35,26274.35,26237.35,26263.35
1787047200000,26264.35,26284.35,26255.35,26259.35
1787048100000,26260.35,26276.35,26258.35,26272.35
1787049000000,26271.35,26279.35,26258.35,26264.35
1787049900000,26265.35,26277.35,26262.35,26274.35
1787050800000,26271.35,26280.35,26263.35,26275.35
1787051700000,26274.35,26279.35,26253.35,26262.35
1787052600000,26261.35,26282.35,26251.35,26277.35
1787053500000,26279.35,26288.35,26270.35,26271.35
1787054400000,26273.35,26281.35,26258.35,26268.35
1787055300000,26267.35,26287.35,26261.35,26272.35
1787056200000,26272.949999999997,26275.35,26252.35,26265.35
1787057100000,26264.35,26271.35,26254.35,26270.35
1787058000000,26271.35,26271.35,26242.35,26254.35
1787058900000,26253.949999999997,26262.35,26226.35,26233.35
1787059800000,26232.35,26258.35,26192.05,26238.35
1787060700000,26237.35,26237.35,26205.35,26215.35
1787061600000,26214.35,26233.35,26193.35,26194.35
1787062500000,26195.35,26224.35,26190.35,26224.35
1787063400000,26225.35,26225.35,26178.35,26180.35
1787064300000,26179.35,26190.35,26134.35,26143.35
1787065200000,26142.35,26166.35,26134.35,26142.35
1787066100000,26143.35,26173.35,26136.35,26166.35
1787067000000,26164.35,26171.35,26133.35,26165.35
1787067900000,26166.35,26189.35,26166.35,26179.35
1787068800000,26178.35,26181.35,26170.35,26178.35
1787069700000,26179.35,26192.35,26177.35,26181.35
1787070600000,26182.35,26193.35,26181.35,26190.35
1787071500000,26191.35,26208.35,26185.35,26199.35
1787072400000,26198.35,26203.35,26191.35,26199.35
1787073300000,26200.35,26202.35,26192.35,26196.35
1787074200000,26195.35,26201.35,26191.35,26193.35
1787075100000,26194.35,26196.35,26178.35,26178.35
1787076000000,26177.35,26187.35,26173.35,26187.35
1787076900000,26188.35,26193.35,26184.35,26193.35
1787077800000,26192.35,26198.35,26189.35,26190.35
1787078700000,26191.35,26192.35,26180.35,26180.35
1787079600000,26179.35,26182.35,26174.35,26180.35
1787080500000,26179.35,26195.35,26179.35,26190.35
1787081400000,26189.35,26193.35,26180.35,26182.35
1787082300000,26181.350000000002,26184.350000000002,26157.45,26165.45
1787083200000,26149.45,26160.550000000003,26147.83,26151.83
1787084100000,26152.83,26154.83,26144.83,26152.83
1787085000000,26151.83,26158.83,26150.83,26153.83
1787085900000,26154.83,26155.83,26140.83,26147.83
1787090400000,26154.45,26162.45,26148.45,26153.45
1787091300000,26154.45,26168.45,26145.88,26145.88
1787092200000,26146.879999999997,26148.879999999997,26138.6,26144.6
1787093100000,26143.600000000002,26147.04,26133.45,26135.45
1787094000000,26136.45,26149.45,26133.45,26146.45
1787094900000,26145.45,26159.45,26140.45,26150.45
1787095800000,26151.45,26152.45,26146.45,26149.45
1787096700000,26148.45,26159.45,26146.45,26146.45
1787097600000,26147.45,26148.45,26120.45,26123.45
1787098500000,26123.47,26149.050000000003,26107.15,26143.45
1787099400000,26144.45,26165.15,26142.65,26150.65
1787100300000,26151.15,26156.65,26133.15,26136.050000000003
1787101200000,26134.65,26155.45,26134.65,26144.15
1787102100000,26143.15,26149.050000000003,26134.65,26146.15
1787103000000,26146.15,26151.05,26127.45,26129.45
1787103900000,26129.95,26132.65,26118.65,26127.15
1787104800000,26129.15,26132.65,26120.15,26124.050000000003
1787105700000,26123.149999999998,26141.649999999998,26122.05,26135.649999999998
1787106600000,26135.050000000003,26136.45,26119.65,26128.15
1787107500000,26127.15,26135.65,26122.15,26127.15
1787108400000,26129.15,26136.65,26117.15,26122.15
1787109300000,26124.15,26134.050000000003,26123.65,26130.15
1787110200000,26128.15,26137.65,26122.15,26125.15
1787111100000,26123.15,26128.15,26118.65,26123.15
1787112000000,26122.15,26123.15,26119.65,26121.15
1787112900000,26120.15,26129.65,26111.65,26129.45
1787113800000,26129.15,26131.65,26115.15,26122.15
1787114700000,26125.15,26139.45,26114.65,26138.45
1787115600000,26138.050000000003,26150.65,26128.15,26132.65
1787116500000,26132.15,26142.65,26122.15,26140.15
1787117400000,26141.15,26142.65,26126.65,26134.15
1787118300000,26132.15,26136.45,26122.15,26128.65
1787119200000,26126.15,26130.45,26102.25,26117.25
1787120100000,26119.25,26174.25,26116.25,26165.25
1787121000000,26164.25,26181.25,26162.25,26179.25
1787121900000,26180.25,26215.25,26178.25,26203.25
1787122800000,26199.25,26209.25,26116.25,26135.25
1787123700000,26136.25,26150.25,26119.25,26137.25
1787124600000,26138.25,26164.25,26124.25,26127.25
1787125500000,26126.25,26151.25,26114.25,26146.25
1787126400000,26143.25,26155.25,26110.25,26113.25
1787127300000,26114.25,26155.25,26105.25,26151.25
1787128200000,26152.25,26158.25,26134.25,26158.25
1787129100000,26159.25,26162.25,26113.25,26116.25
1787130000000,26117.25,26129.25,26104.25,26109.25
1787130900000,26108.25,26124.25,26096.25,26113.25
1787131800000,26112.25,26117.25,26085.25,26092.25
1787132700000,26091.25,26131.25,26090.25,26129.25
1787133600000,26128.25,26143.25,26117.25,26138.25
1787134500000,26137.25,26139.25,26116.25,26130.25
1787135400000,26131.25,26135.25,26104.25,26111.25
1787136300000,26110.25,26119.25,26103.25,26116.25
1787137200000,26117.25,26136.25,26111.25,26125.25
1787138100000,26126.25,26142.25,26123.25,26129.25
1787139000000,26130.25,26132.25,26103.25,26111.25
1787139900000,26110.25,26121.25,26100.25,26103.25
1787140800000,26104.25,26105.25,26084.25,26089.25
1787141700000,26090.25,26115.25,26090.25,26108.25
1787142600000,26110.25,26203.25,26105.25,26184.25
1787143500000,26186.25,26194.25,26122.25,26124.25
1787144400000,26125.25,26130.25,26109.25,26111.25
1787145300000,26110.25,26133.25,26100.25,26125.25
1787146200000,26127.25,26136.25,26102.25,26104.25
1787147100000,26105.25,26110.25,26078.25,26097.25
1787148000000,26099.25,26112.25,26083.25,26092.25
1787148900000,26091.25,26123.25,26086.25,26115.25
1787149800000,26114.25,26146.25,26111.25,26132.25
1787150700000,26131.25,26153.25,26127.25,26152.25
1787151600000,26153.25,26154.25,26129.25,26136.25
1787152500000,26137.25,26146.25,26121.25,26138.25
1787153400000,26137.25,26144.25,26097.25,26108.25
1787154300000,26109.25,26127.25,26108.25,26123.25
1787155200000,26122.25,26144.25,26118.25,26134.25
1787156100000,26133.25,26137.25,26118.25,26119.25
1787157000000,26118.25,26121.25,26109.25,26110.25
1787157900000,26109.25,26112.25,26097.25,26099.25
1787158800000,26100.25,26108.25,26092.25,26095.25
1787159700000,26097.25,26097.25,26080.25,26091.25
1787160600000,26092.25,26093.25,26082.25,26087.25
1787161500000,26086.25,26095.25,26086.25,26093.25
1787162400000,26091.45,26106.25,26079.25,26081.25
1787163300000,26080.25,26086.25,26070.25,26084.25
1787164200000,26085.25,26096.25,26085.25,26092.25
1787165100000,26091.25,26092.25,26083.25,26086.25
1787166000000,26085.25,26094.25,26084.25,26094.25
1787166900000,26095.25,26106.25,26091.25,26097.25
1787167800000,26098.25,26108.25,26084.25,26091.25
1787168700000,26093.25,26101.25,26086.25,26096.35
1787169600000,26088.350000000002,26100.45,26080.45,26086.45
1787170500000,26085.45,26090.45,26080.45,26090.45
1787171400000,26089.45,26092.45,26084.45,26088.45
1787172300000,26089.45,26101.32,26089.45,26095.45
1787176800000,26108.05,26145.05,26105.05,26138.05
1787177700000,26137.05,26138.05,26128.05,26131.12
1787178600000,26130.12,26142.12,26128.12,26138.12
1787179500000,26137.12,26144.1,26136.12,26143.1
1787180400000,26142.1,26155.32,26134.6,26143.05
1787181300000,26142.05,26146.05,26137.05,26141.05
1787182200000,26140.050000000003,26148.06,26136.06,26145.06
1787183100000,26146.06,26148.06,26135.06,26136.06
1787184000000,26137.059999999998,26137.059999999998,26122.05,26136.05
1787184900000,26137.05,26137.05,26104.25,26107.25
1787185800000,26106.65,26114.25,26099.75,26109.25
1787186700000,26108.65,26113.25,26103.25,26106.75
1787187600000,26106.75,26106.75,26089.75,26095.75
1787188500000,26097.25,26107.05,26085.75,26095.25
1787189400000,26094.75,26099.05,26084.75,26090.75
1787190300000,26090.75,26094.25,26075.75,26079.25
1787191200000,26080.25,26097.05,26077.75,26090.75
1787192100000,26090.75,26092.25,26071.25,26074.75
1787193000000,26075.75,26086.550000000003,26067.65,26082.65
1787193900000,26081.25,26085.25,26074.75,26078.75
1787194800000,26081.75,26088.25,26073.75,26080.75
1787195700000,26081.75,26094.25,26079.25,26088.25
1787196600000,26088.65,26088.65,26077.75,26085.25
1787197500000,26084.75,26087.65,26080.75,26085.65
1787198400000,26085.25,26092.050000000003,26081.65,26086.75
1787199300000,26085.75,26097.05,26083.75,26095.25
1787200200000,26094.65,26095.65,26083.75,26089.75
1787201100000,26089.25,26104.05,26089.25,26095.75
1787202000000,26095.75,26104.65,26092.75,26093.75
1787202900000,26093.75,26116.65,26092.75,26108.75
1787203800000,26109.75,26116.65,26100.75,26111.05
1787204700000,26110.65,26111.050000000003,26089.65,26095.65
1787205600000,26096.65,26129.850000000002,26094.65,26124.850000000002
1787206500000,26125.85,26125.85,26113.85,26122.85
1787207400000,26123.85,26141.85,26121.85,26130.85
1787208300000,26131.85,26148.85,26119.85,26120.85
1787209200000,26119.85,26119.85,26018.85,26021.85
1787210100000,26019.85,26031.85,25995.85,25997.85
1787211000000,25998.85,26025.85,25980.85,26009.85
1787211900000,26011.85,26025.85,25981.85,25981.85
1787212800000,25980.85,25998.85,25967.85,25983.85
1787213700000,25984.85,25996.85,25954.85,25960.85
1787214600000,25961.85,25963.85,25935.85,25938.85
1787215500000,25937.85,25967.85,25937.85,25948.85
1787216400000,25947.85,25988.85,25944.85,25960.85
1787217300000,25959.85,25978.85,25949.85,25973.85
1787218200000,25972.85,25985.85,25961.85,25983.85
1787219100000,25982.85,26003.85,25982.85,25990.85
1787220000000,25991.85,26002.85,25979.85,25998.85
1787220900000,25999.85,26002.85,25970.85,25970.85
1787221800000,25969.85,25984.85,25960.85,25974.85
1787222700000,25973.85,26005.85,25965.85,26005.85
1787223600000,26003.85,26019.85,25995.85,26006.85
1787224500000,26005.85,26008.85,25979.85,25980.85
1787225400000,25979.85,26011.85,25979.85,26003.85
1787226300000,26002.85,26002.85,25964.85,25964.85
1787227200000,25965.85,25967.85,25927.85,25940.85
1787228100000,25939.85,25948.85,25923.85,25927.449999999997
1787229000000,25927.05,25954.85,25916.55,25953.85
1787229900000,25954.85,25976.85,25953.85,25976.85
1787230800000,25977.85,25986.85,25953.85,25961.85
1787231700000,25960.85,25986.85,25960.85,25983.85
1787232600000,25982.85,25999.85,25956.85,25997.85
1787233500000,25998.85,26002.85,25962.85,25981.85
1787234400000,25979.85,25979.85,25950.85,25971.85
1787235300000,25970.85,25994.85,25968.85,25972.85
1787236200000,25971.85,25992.85,25962.85,25989.85
1787237100000,25990.85,26024.85,25989.85,26023.85
1787238000000,26024.85,26047.85,26001.85,26011.85
1787238900000,26012.85,26021.85,25988.85,26019.85
1787239800000,26018.85,26018.85,25980.85,25984.85
1787240700000,25983.85,26006.85,25981.85,26005.85
1787241600000,26006.85,26011.85,25995.85,25995.85
1787242500000,25993.85,26014.85,25992.85,26013.85
1787243400000,26012.85,26023.85,26001.85,26020.85
1787244300000,26019.85,26029.85,26016.85,26025.85
1787245200000,26024.85,26025.85,26006.85,26006.85
1787246100000,26007.85,26007.85,25991.85,25994.85
1787247000000,25995.85,25996.85,25985.85,25988.85
1787247900000,25987.85,25999.85,25987.85,25993.85
1787248800000,25992.85,25993.85,25971.85,25979.85
1787249700000,25978.85,25984.85,25969.85,25971.85
1787250600000,25972.85,25972.85,25961.85,25969.85
1787251500000,25968.85,25977.85,25967.85,25973.85
1787252400000,25972.85,25990.85,25971.85,25988.85
1787253300000,25989.85,25991.85,25982.85,25989.85
1787254200000,25991.85,25998.85,25983.85,25983.85
1787255100000,25984.850000000002,25990.850000000002,25971.95,25972.95
1787256000000,25972.05,25976.05,25954.19,25956.35
1787256900000,25957.35,25968.07,25945.35,25963.07
1787257800000,25962.07,25978.07,25961.07,25976.07
1787258700000,25977.07,25982.13,25974.07,25982.13
1787263200000,25991.65,25997.65,25968.65,25971.22
1787264100000,25972.22,25980.52,25971.22,25977.52
1787265000000,25978.52,25984.52,25972.52,25981.65
1787265900000,25980.65,25990.65,25979.65,25989.65
1787266800000,25988.65,25989.65,25984.65,25985.65
1787267700000,25986.65,25989.65,25983.65,25984.65
1787268600000,25985.65,25987.65,25977.65,25985.65
1787269500000,25984.65,25986.65,25971.65,25982.65
1787270400000,25978.65,26000.08,25973.65,25999.08
1787271300000,25998.079999999998,25999.55,25979.85,25984.85
1787272200000,25991.25,26006.85,25980.35,26004.35
1787273100000,26003.35,26007.85,25984.85,25989.35
1787274000000,25989.85,26000.649999999998,25983.35,25996.35
1787274900000,25997.35,26009.25,25990.85,26001.35
1787275800000,26000.35,26014.649999999998,25999.35,26013.25
1787276700000,26006.85,26020.25,25999.85,26005.35
1787277600000,26004.85,26010.85,26000.85,26008.85
1787278500000,26010.649999999998,26021.85,26009.85,26017.35
1787279400000,26015.85,26020.35,26006.35,26009.35
1787280300000,26011.85,26022.85,26007.35,26012.85
1787281200000,26014.35,26016.35,26005.85,26007.25
1787282100000,26003.35,26011.85,26000.85,26009.35
1787283000000,26006.35,26018.85,26001.85,26006.35
1787283900000,26007.35,26011.85,26001.35,26008.35
1787284800000,26006.85,26019.85,26004.85,26018.35
1787285700000,26020.35,26022.85,26002.35,26007.35
1787286600000,26005.35,26013.85,26000.85,26009.35
1787287500000,26008.35,26023.85,26008.35,26018.85
1787288400000,26022.35,26027.25,26015.35,26024.35
1787289300000,26022.35,26025.85,26012.35,26015.35
1787290200000,26013.85,26025.85,26011.85,26016.35
1787291100000,26015.35,26015.85,26004.35,26015.649999999998
1787292000000,26014.65,26035.45,26009.15,26034.45
1787292900000,26035.45,26038.45,26022.45,26026.45
1787293800000,26028.45,26039.45,26021.45,26026.45
1787294700000,26027.45,26060.45,26021.45,26052.45
1787295600000,26054.45,26061.25,25985.95,25994.95
1787296500000,25994.65,26028.95,25978.95,26021.55
1787297400000,26022.95,26076.95,26018.95,26071.95
1787298300000,26070.95,26078.95,26044.95,26058.95
1787299200000,26054.95,26064.95,26034.95,26054.95
1787300100000,26056.95,26089.95,26055.95,26089.95
1787301000000,26088.95,26090.95,26067.95,26083.95
1787301900000,26084.95,26094.95,26075.95,26090.95
1787302800000,26091.95,26100.95,26074.95,26081.95
1787303700000,26082.95,26084.95,26056.95,26059.95
1787304600000,26058.95,26075.95,26048.95,26053.95
1787305500000,26052.95,26069.95,26043.95,26050.95
1787306400000,26049.95,26071.95,26035.95,26038.95
1787307300000,26037.95,26046.95,26029.95,26030.95
1787308200000,26029.95,26031.95,26017.95,26023.45
1787309100000,26024.45,26034.45,26021.45,26026.45
1787310000000,26027.45,26062.45,26018.45,26053.45
1787310900000,26052.45,26087.45,26052.45,26069.45
1787311800000,26070.45,26089.45,26052.45,26056.45
1787312700000,26058.45,26062.45,26050.45,26060.45
1787313600000,26061.45,26075.45,26056.45,26068.45
1787314500000,26069.45,26082.45,26064.45,26081.45
1787315400000,26080.45,26105.45,26072.45,26098.45
1787316300000,26099.45,26110.45,26088.45,26099.45
1787317200000,26097.45,26115.45,26095.45,26114.45
1787318100000,26113.45,26132.45,26106.45,26124.45
1787319000000,26125.45,26150.25,26119.45,26127.45
1787319900000,26124.15,26167.45,26113.45,26158.45
1787320800000,26157.45,26171.45,26132.45,26132.45
1787321700000,26133.45,26161.45,26126.45,26156.45
1787322600000,26157.45,26167.45,26133.45,26157.45
1787323500000,26158.45,26174.45,26150.45,26164.45
1787324400000,26165.45,26166.45,26134.45,26135.45
1787325300000,26134.45,26142.45,26123.45,26137.45
1787326200000,26136.45,26167.45,26119.45,26165.45
1787327100000,26163.65,26167.45,26139.45,26140.45
1787328000000,26141.45,26141.45,26124.45,26124.45
1787328900000,26123.45,26141.45,26111.45,26126.45
1787329800000,26125.45,26131.45,26121.45,26124.45
1787330700000,26123.45,26124.45,26113.45,26124.45
1787331600000,26125.45,26127.45,26117.45,26118.45
1787332500000,26119.45,26119.45,26106.45,26111.45
1787333400000,26110.45,26118.45,26107.45,26116.45
1787334300000,26117.45,26124.45,26109.45,26110.45
1787335200000,26109.45,26111.45,26100.45,26103.45
1787336100000,26102.45,26110.45,26102.45,26108.45
1787337000000,26107.45,26109.45,26100.45,26108.45
1787337900000,26109.45,26115.45,26107.45,26115.45
1787338800000,26114.45,26118.45,26111.45,26114.45
1787339700000,26113.45,26116.45,26108.45,26109.45
1787340600000,26108.45,26130.45,26107.45,26126.45
1787341500000,26127.45,26139.45,26118.45,26125.55
1787342400000,26125.550000000003,26125.550000000003,26100.65,26107.65
1787343300000,26106.65,26110.65,26098.65,26098.65
1787344200000,26099.65,26108.65,26098.65,26107.640000000003
1787345100000,26108.64,26108.64,26099.64,26101.64
1787522400000,26089.55,26111.55,26089.55,26101.27
1787523300000,26100.27,26105.850000000002,26092.27,26099.55
1787524200000,26098.55,26119.55,26097.55,26118.55
1787525100000,26119.55,26124.55,26118.55,26121.55
1787526000000,26120.55,26124.55,26119.55,26122.55
1787526900000,26121.55,26140.55,26120.55,26140.55
1787527800000,26139.55,26148.7,26139.27,26140.27
1787528700000,26141.27,26167.55,26139.55,26167.55
1787529600000,26172.55,26179.55,26146.55,26147.55
1787530500000,26148.55,26148.55,26101.25,26112.25
1787531400000,26114.25,26120.55,26099.75,26100.75
1787532300000,26100.15,26131.55,26098.25,26131.25
1787533200000,26129.25,26150.75,26127.75,26144.25
1787534100000,26147.25,26151.75,26136.25,26139.25
1787535000000,26137.25,26138.15,26118.25,26130.25
1787535900000,26128.25,26142.55,26117.75,26118.15
1787536800000,26118.55,26131.15,26108.25,26129.75
1787537700000,26130.75,26147.55,26126.25,26141.25
1787538600000,26141.75,26145.15,26135.25,26143.15
1787539500000,26142.75,26144.75,26125.75,26139.25
1787540400000,26138.25,26139.25,26110.55,26113.149999999998
1787541300000,26114.55,26123.25,26108.25,26112.75
1787542200000,26111.75,26123.75,26103.75,26111.25
1787543100000,26110.75,26116.55,26105.25,26108.15
1787544000000,26109.25,26121.15,26109.25,26121.15
1787544900000,26122.55,26128.55,26110.25,26118.75
1787545800000,26119.25,26130.15,26113.75,26117.25
1787546700000,26120.25,26127.75,26113.25,26113.25
1787547600000,26111.75,26124.55,26109.25,26122.55
1787548500000,26120.25,26122.15,26111.25,26113.15
1787549400000,26112.15,26113.55,26093.25,26096.25
1787550300000,26096.75,26106.149999999998,26084.55,26094.75
1787551200000,26091.15,26113.35,26089.25,26110.35
1787552100000,26111.35,26120.35,26091.35,26113.35
1787553000000,26114.35,26120.35,26092.35,26096.35
1787553900000,26095.35,26103.35,26088.35,26093.35
1787554800000,26092.35,26114.35,26071.55,26085.35
1787555700000,26084.35,26090.35,26054.35,26054.35
1787556600000,26055.35,26085.35,26046.35,26072.35
1787557500000,26071.35,26095.35,26054.35,26057.35
1787558400000,26056.350000000002,26143.850000000002,26045.45,26101.850000000002
1787559300000,26100.85,26133.85,26100.85,26126.85
1787560200000,26127.85,26167.35,26117.85,26161.35
1787561100000,26162.35,26169.35,26128.85,26134.85
1787562000000,26133.85,26168.35,26122.35,26162.35
1787562900000,26161.35,26164.35,26126.35,26137.35
1787563800000,26138.35,26152.35,26138.35,26144.35
1787564700000,26143.35,26160.35,26137.35,26159.35
1787565600000,26160.35,26167.35,26149.35,26156.35
1787566500000,26157.35,26172.35,26155.35,26163.35
1787567400000,26162.35,26185.35,26148.35,26149.35
1787568300000,26150.35,26153.35,26136.35,26141.35
1787569200000,26139.35,26143.35,26116.35,26127.35
1787570100000,26126.35,26137.35,26119.35,26130.35
1787571000000,26129.35,26179.35,26125.35,26155.35
1787571900000,26154.35,26156.35,26132.35,26143.35
1787572800000,26144.35,26145.35,26119.35,26138.35
1787573700000,26137.35,26152.35,26135.35,26142.35
1787574600000,26143.35,26153.05,26094.55,26120.35
1787575500000,26121.35,26131.35,26116.35,26122.35
1787576400000,26123.35,26125.35,26085.35,26090.35
1787577300000,26092.35,26112.35,26089.35,26091.35
1787578200000,26090.35,26106.35,26053.35,26068.35
1787579100000,26069.35,26113.35,26063.35,26097.35
1787580000000,26098.35,26105.35,26059.35,26065.35
1787580900000,26066.35,26081.35,26059.35,26064.35
1787581800000,26062.35,26094.35,26060.35,26093.35
1787582700000,26094.35,26122.35,26090.35,26117.35
1787583600000,26118.35,26121.35,26091.35,26108.35
1787584500000,26105.35,26140.149999999998,26097.35,26131.35
1787585400000,26132.35,26137.35,26103.35,26126.35
1787586300000,26125.35,26139.35,26124.35,26133.35
1787587200000,26132.35,26155.35,26132.35,26133.35
1787588100000,26132.35,26144.35,26131.35,26140.35
1787589000000,26141.35,26141.35,26122.35,26122.35
1787589900000,26123.35,26125.35,26116.35,26122.35
1787590800000,26123.35,26147.35,26121.35,26142.35
1787591700000,26141.35,26141.35,26121.35,26121.35
1787592600000,26122.35,26128.35,26116.35,26116.35
1787593500000,26115.35,26125.35,26113.35,26121.35
1787594400000,26120.35,26136.35,26120.35,26135.35
1787595300000,26136.35,26143.35,26131.35,26142.35
1787596200000,26141.35,26145.35,26131.35,26138.35
1787597100000,26137.35,26141.35,26128.35,26128.35
1787598000000,26129.35,26130.35,26122.35,26127.35
1787598900000,26126.35,26127.35,26119.35,26121.35
1787599800000,26120.35,26126.35,26115.35,26118.35
1787600700000,26119.35,26128.35,26109.35,26126.449999999997
1787601600000,26124.45,26129.55,26113.55,26121.559999999998
1787602500000,26122.56,26122.56,26108.56,26110.56
1787603400000,26109.56,26124.56,26109.56,26123.56
1787604300000,26122.56,26136.56,26118.56,26135.56
1787608800000,26148.15,26150.15,26135.15,26137.15
1787609700000,26138.15,26140.15,26136.15,26137.15
1787610600000,26138.15,26139.15,26134.15,26134.15
1787611500000,26135.15,26138.15,26134.15,26138.15
1787612400000,26137.15,26140.15,26136.15,26140.15
1787613300000,26139.15,26141.15,26130.15,26130.15
1787614200000,26129.15,26131.15,26113.15,26118.15
1787615100000,26117.15,26123.15,26115.15,26123.15
1787616000000,26122.15,26133.15,26109.15,26113.15
1787616900000,26103.05,26133.149999999998,26098.35,26131.35
1787617800000,26130.35,26141.35,26129.35,26137.85
1787618700000,26140.85,26146.85,26136.85,26137.75
1787619600000,26137.85,26159.149999999998,26134.35,26154.35
1787620500000,26154.75,26158.149999999998,26145.85,26151.35
1787621400000,26152.35,26168.75,26149.85,26158.85
1787622300000,26159.85,26166.35,26153.85,26153.85
1787623200000,26154.35,26158.15,26136.75,26142.35
1787624100000,26141.75,26157.149999999998,26140.35,26151.75
1787625000000,26152.35,26161.149999999998,26145.85,26145.85
1787625900000,26145.85,26147.35,26131.35,26134.35
1787626800000,26133.85,26160.35,26133.85,26153.35
1787627700000,26154.350000000002,26167.75,26153.15,26164.850000000002
1787628600000,26164.85,26168.149999999998,26154.35,26161.35
1787629500000,26160.85,26164.149999999998,26152.35,26164.149999999998
1787630400000,26163.149999999998,26170.149999999998,26157.85,26166.85
1787631300000,26167.35,26170.149999999998,26160.85,26164.75
1787632200000,26162.85,26174.149999999998,26160.85,26170.85
1787633100000,26170.85,26173.75,26163.85,26168.85
1787634000000,26167.85,26189.149999999998,26167.35,26186.149999999998
1787634900000,26187.15,26197.15,26186.15,26188.75
1787635800000,26188.35,26189.75,26181.35,26181.75
1787636700000,26182.15,26195.15,26180.65,26193.15
1787637600000,26193.75,26212.949999999997,26188.85,26202.949999999997
1787638500000,26201.95,26219.95,26194.95,26211.95
1787639400000,26210.95,26214.95,26200.95,26213.95
1787640300000,26212.95,26241.95,26205.95,26229.95
1787641200000,26222.95,26260.75,26187.95,26198.95
1787642100000,26199.95,26208.95,26175.95,26198.95
1787643000000,26197.95,26237.95,26197.95,26235.95
1787643900000,26234.95,26236.95,26187.95,26202.95
1787644800000,26203.95,26210.75,26174.95,26187.95
1787645700000,26188.95,26286.95,26182.95,26238.95
1787646600000,26237.95,26247.95,26202.95,26235.95
1787647500000,26237.95,26261.95,26232.95,26260.95
1787648400000,26259.95,26269.95,26242.95,26256.95
1787649300000,26257.95,26285.95,26255.95,26284.95
1787650200000,26285.95,26326.95,26282.95,26309.95
1787651100000,26310.95,26354.95,26300.95,26322.95
1787652000000,26323.95,26344.95,26315.95,26340.95
1787652900000,26339.95,26345.95,26330.95,26331.95
1787653800000,26332.95,26358.95,26330.95,26335.95
1787654700000,26336.95,26351.95,26336.95,26343.95
1787655600000,26342.95,26344.95,26290.55,26321.95
1787656500000,26322.95,26329.95,26305.95,26306.95
1787657400000,26307.95,26332.95,26307.95,26327.95
1787658300000,26328.95,26338.95,26316.95,26327.95
1787659200000,26326.95,26343.95,26294.95,26307.95
1787660100000,26306.95,26329.95,26289.95,26297.95
1787661000000,26296.95,26307.95,26283.95,26294.95
1787661900000,26295.95,26309.95,26287.95,26292.95
1787662800000,26293.95,26302.95,26279.95,26298.95
1787663700000,26297.95,26298.95,26276.95,26291.95
1787664600000,26292.95,26297.95,26261.95,26297.95
1787665500000,26298.95,26301.95,26268.95,26273.95
1787666400000,26272.95,26318.95,26261.15,26315.95
1787667300000,26314.95,26323.95,26291.95,26294.95
1787668200000,26292.95,26339.95,26259.65,26328.95
1787669100000,26329.95,26332.95,26306.95,26308.95
1787670000000,26309.95,26312.95,26276.95,26283.95
1787670900000,26286.95,26306.95,26283.95,26293.95
1787671800000,26295.95,26317.95,26268.95,26273.95
1787672700000,26272.95,26290.95,26268.95,26280.95
1787673600000,26279.95,26281.95,26269.95,26272.95
1787674500000,26271.95,26275.95,26265.95,26268.95
1787675400000,26267.95,26274.95,26264.95,26267.95
1787676300000,26266.95,26278.95,26262.95,26273.95
1787677200000,26272.95,26272.95,26248.95,26256.95
1787678100000,26255.95,26258.95,26246.95,26250.95
1787679000000,26249.95,26256.95,26246.95,26249.95
1787679900000,26248.95,26257.95,26248.95,26254.95
1787680800000,26253.95,26255.95,26247.95,26247.95
1787681700000,26246.95,26251.95,26244.95,26245.95
1787682600000,26246.95,26255.95,26245.95,26253.95
1787683500000,26254.95,26265.95,26253.95,26261.95
1787684400000,26262.95,26262.95,26255.95,26256.95
1787685300000,26257.95,26265.95,26251.95,26263.95
1787686200000,26264.95,26271.95,26257.95,26265.95
1787687100000,26264.95,26293.95,26259.95,26286.05
1787688000000,26287.050000000003,26288.15,26274.15,26283.15
1787688900000,26284.15,26294.940000000002,26281.15,26289.940000000002
1787689800000,26290.94,26293.94,26279.94,26280.94
1787690700000,26279.94,26280.94,26272.94,26277.94
1787695200000,26288.95,26291.95,26280.95,26283.95
1787696100000,26282.95,26287.95,26279.95,26286.95
1787697000000,26287.95,26288.95,26283.95,26286.95
1787697900000,26285.95,26286.95,26283.95,26284.95
1787698800000,26285.95,26286.95,26281.95,26282.670000000002
1787699700000,26283.67,26283.67,26272.26,26272.26
1787700600000,26273.260000000002,26274.98,26259.95,26261.95
1787701500000,26260.949999999997,26260.949999999997,26249.1,26256.1
1787702400000,26251.1,26256.949999999997,26243.1,26251.949999999997
1787703300000,26249.95,26278.649999999998,26232.55,26253.149999999998
1787704200000,26250.65,26258.65,26242.65,26252.65
1787705100000,26251.65,26257.65,26244.15,26249.15
1787706000000,26246.65,26266.95,26245.65,26257.65
1787706900000,26256.15,26268.15,26236.65,26246.65
1787707800000,26247.15,26253.65,26241.65,26250.15
1787708700000,26249.15,26256.550000000003,26238.65,26256.550000000003
1787709600000,26257.95,26262.15,26250.65,26256.65
1787710500000,26257.65,26285.95,26255.65,26285.95
1787711400000,26286.15,26304.95,26280.65,26303.95
1787712300000,26300.65,26309.95,26297.65,26301.65
1787713200000,26304.15,26307.550000000003,26299.15,26304.15
1787714100000,26303.65,26305.550000000003,26294.15,26296.15
1787715000000,26295.65,26308.15,26290.15,26304.550000000003
1787715900000,26304.95,26308.15,26299.15,26301.65
1787716800000,26300.65,26307.95,26294.15,26297.65
1787717700000,26298.65,26301.15,26294.15,26295.65
1787718600000,26297.15,26298.15,26290.15,26291.65
1787719500000,26292.15,26292.550000000003,26275.15,26280.65
1787720400000,26279.65,26295.15,26278.65,26283.65
1787721300000,26286.550000000003,26287.550000000003,26269.15,26280.15
1787722200000,26279.65,26284.15,26266.15,26278.550000000003
1787723100000,26277.550000000003,26278.95,26267.15,26271.550000000003
1787724000000,26272.15,26285.75,26249.75,26276.75
1787724900000,26275.75,26290.75,26272.75,26284.75
1787725800000,26285.75,26301.75,26278.75,26299.75
1787726700000,26297.75,26300.75,26274.75,26282.75
1787727600000,26283.75,26293.75,26250.75,26266.75
1787728500000,26267.75,26273.75,26226.75,26236.75
1787729400000,26235.75,26248.75,26207.75,26239.75
1787730300000,26238.75,26279.75,26233.75,26279.75
1787731200000,26280.75,26281.75,26253.75,26260.75
1787732100000,26259.75,26273.75,26241.75,26258.75
1787733000000,26257.75,26289.75,26246.75,26286.75
1787733900000,26285.75,26296.75,26254.75,26274.75
1787734800000,26275.75,26295.75,26272.75,26285.75
1787735700000,26284.75,26299.75,26282.75,26294.75
1787736600000,26295.75,26320.75,26293.75,26314.75
1787737500000,26313.75,26339.75,26309.25,26336.75
1787738400000,26337.75,26342.25,26321.25,26326.75
1787739300000,26327.75,26335.75,26314.75,26315.75
1787740200000,26314.75,26339.75,26307.75,26319.75
1787741100000,26320.75,26329.75,26306.75,26310.75
1787742000000,26309.75,26326.75,26304.75,26325.75
1787742900000,26326.75,26348.75,26326.75,26343.75
1787743800000,26344.75,26349.75,26330.75,26339.75
1787744700000,26340.75,26354.75,26328.75,26353.75
1787745600000,26352.75,26396.75,26351.75,26385.75
1787746500000,26386.75,26405.75,26382.75,26399.75
1787747400000,26398.35,26404.95,26372.75,26384.75
1787748300000,26385.75,26404.75,26373.75,26379.75
1787749200000,26380.75,26387.75,26361.75,26374.75
1787750100000,26373.75,26390.75,26367.75,26386.75
1787751000000,26384.75,26455.75,26379.75,26454.75
1787751900000,26455.75,26475.75,26422.75,26438.75
1787752800000,26437.75,26446.75,26403.75,26413.75
1787753700000,26414.75,26418.75,26374.75,26385.75
1787754600000,26384.75,26395.75,26375.75,26381.75
1787755500000,26382.75,26385.75,26365.75,26366.75
1787756400000,26367.75,26377.75,26343.75,26345.75
1787757300000,26344.75,26345.75,26316.75,26324.75
1787758200000,26326.75,26333.75,26288.95,26322.75
1787759100000,26323.75,26327.75,26284.75,26286.75
1787760000000,26285.75,26287.75,26263.75,26265.75
1787760900000,26264.75,26269.75,26257.75,26261.75
1787761800000,26264.75,26266.75,26243.75,26248.75
1787762700000,26249.75,26267.75,26246.75,26266.75
1787763600000,26265.75,26278.75,26262.75,26272.75
1787764500000,26273.75,26283.75,26273.75,26279.75
1787765400000,26280.75,26280.75,26271.75,26275.75
1787766300000,26274.75,26274.75,26266.75,26271.75
1787767200000,26270.75,26275.75,26268.75,26270.75
1787768100000,26271.75,26277.75,26267.75,26268.75
1787769000000,26267.75,26274.75,26263.75,26272.75
1787769900000,26271.75,26286.75,26271.75,26283.75
1787770800000,26284.75,26299.75,26284.75,26296.75
1787771700000,26295.75,26300.75,26291.75,26297.75
1787772600000,26296.75,26305.75,26294.75,26302.75
1787773500000,26301.75,26307.75,26290.75,26295.85
1787774400000,26290.95,26320.09,26283.95,26317.09
1787775300000,26318.09,26326.95,26288.81,26308.09
1787776200000,26309.09,26312.09,26297.09,26307.09
1787777100000,26308.09,26340.95,26306.09,26339.95
1787781600000,26381.550000000003,26411.370000000003,26365.56,26375.56
1787782500000,26374.56,26389.550000000003,26369.56,26386.260000000002
1787783400000,26385.26,26397.52,26379.55,26387.55
1787784300000,26386.55,26387.55,26372.55,26374.55
1787785200000,26373.55,26376.55,26368.55,26371.55
1787786100000,26370.55,26374.45,26366.45,26370.55
1787787000000,26369.55,26373.55,26368.55,26370.55
1787787900000,26369.55,26382.55,26367.55,26382.55
1787788800000,26394.55,26395.55,26367.55,26370.55
1787789700000,26350.45,26355.55,26330.45,26355.55
1787790600000,26355.15,26355.55,26336.25,26339.15
1787791500000,26338.75,26340.15,26322.25,26333.55
1787792400000,26333.15,26342.75,26327.75,26335.55
1787793300000,26334.15,26356.55,26333.25,26355.15
1787794200000,26353.75,26366.550000000003,26342.15,26344.25
1787795100000,26343.25,26358.55,26343.25,26353.75
1787796000000,26354.15,26361.55,26352.25,26358.75
1787796900000,26359.15,26359.55,26338.25,26344.75
1787797800000,26342.25,26356.75,26341.25,26349.25
1787798700000,26350.25,26359.55,26346.25,26354.25
1787799600000,26353.25,26361.75,26349.25,26354.25
1787800500000,26355.25,26366.75,26353.25,26361.25
1787801400000,26363.25,26366.25,26352.25,26358.25
1787802300000,26357.25,26365.75,26343.75,26351.25
1787803200000,26350.25,26357.25,26349.75,26355.25
1787804100000,26354.25,26361.55,26349.75,26349.75
1787805000000,26349.15,26349.55,26334.25,26347.75
1787805900000,26348.15,26358.55,26347.25,26351.75
1787806800000,26352.15,26358.75,26336.25,26355.75
1787807700000,26355.25,26369.55,26341.75,26368.15
1787808600000,26368.55,26383.75,26354.75,26374.15
1787809500000,26377.05,26385.15,26364.25,26376.75
1787810400000,26377.149999999998,26381.35,26342.35,26345.35
1787811300000,26346.350000000002,26362.350000000002,26343.95,26357.350000000002
1787812200000,26358.35,26384.35,26357.35,26384.35
1787813100000,26382.35,26397.35,26366.35,26385.35
1787814000000,26378.35,26383.35,26319.35,26324.35
1787814900000,26326.35,26328.35,26301.35,26314.35
1787815800000,26316.35,26329.35,26292.35,26299.35
1787816700000,26300.35,26351.35,26295.35,26329.35
1787817600000,26330.35,26383.35,26327.35,26368.35
1787818500000,26369.35,26388.35,26362.35,26362.35
1787819400000,26361.35,26374.35,26341.35,26345.35
1787820300000,26346.35,26349.35,26312.35,26314.35
1787821200000,26313.35,26376.35,26307.35,26356.35
1787822100000,26355.35,26360.35,26341.35,26355.35
1787823000000,26354.35,26369.35,26338.35,26338.35
1787823900000,26339.35,26362.35,26327.35,26353.35
1787824800000,26354.35,26375.35,26342.35,26348.35
1787825700000,26349.35,26376.35,26347.35,26352.35
1787826600000,26351.35,26360.35,26328.35,26345.35
1787827500000,26346.35,26355.35,26324.35,26353.35
1787828400000,26352.35,26366.35,26337.35,26354.35
1787829300000,26357.35,26378.35,26357.35,26362.35
1787830200000,26361.35,26394.35,26356.35,26388.35
1787831100000,26387.35,26402.35,26374.35,26401.35
1787832000000,26400.35,26405.35,26385.35,26387.35
1787832900000,26388.35,26394.35,26362.35,26366.05
1787833800000,26360.05,26379.35,26346.35,26350.35
1787834700000,26351.35,26360.35,26343.35,26351.35
1787835600000,26352.35,26380.35,26346.35,26351.35
1787836500000,26350.35,26362.35,26335.35,26360.35
1787837400000,26361.35,26370.35,26316.35,26317.35
1787838300000,26316.35,26343.35,26298.35,26323.35
1787839200000,26322.35,26324.35,26239.55,26248.35
1787840100000,26249.35,26309.35,26248.35,26300.35
1787841000000,26301.35,26319.35,26270.35,26318.35
1787841900000,26317.35,26335.35,26316.35,26330.35
1787842800000,26331.35,26350.35,26321.35,26342.35
1787843700000,26341.35,26366.35,26341.35,26356.35
1787844600000,26355.35,26380.35,26340.35,26364.35
1787845500000,26363.35,26383.35,26355.35,26377.35
1787846400000,26376.35,26382.35,26370.35,26373.35
1787847300000,26374.35,26380.35,26370.35,26376.35
1787848200000,26377.35,26389.35,26375.35,26386.35
1787849100000,26384.35,26392.35,26384.35,26387.35
1787850000000,26388.35,26389.35,26376.35,26377.35
1787850900000,26378.35,26381.35,26366.35,26366.35
1787851800000,26367.35,26379.35,26361.35,26364.35
1787852700000,26363.35,26366.35,26356.35,26358.35
1787853600000,26359.35,26361.35,26351.35,26358.35
1787854500000,26357.35,26363.35,26341.35,26343.35
1787855400000,26342.35,26366.35,26342.35,26362.35
1787856300000,26363.35,26371.35,26360.35,26371.35
1787857200000,26370.35,26383.35,26370.35,26376.35
1787858100000,26377.35,26379.35,26368.35,26374.35
1787859000000,26373.35,26385.35,26372.35,26378.35
1787859900000,26377.35,26398.449999999997,26376.35,26397.449999999997
1787860800000,26397.45,26399.55,26371.55,26371.55
1787861700000,26372.55,26375.55,26361.98,26366.98
1787862600000,26367.98,26368.98,26363.55,26367.27
1787863500000,26366.27,26369.27,26360.27,26365.27
1787868000000,26364.55,26373.14,26347.55,26366.55
1787868900000,26365.55,26374.55,26364.55,26373.55
1787869800000,26372.55,26374.55,26370.55,26372.55
1787870700000,26371.55,26372.55,26367.55,26370.55
1787871600000,26371.55,26372.55,26361.55,26364.55
1787872500000,26363.55,26364.55,26360.55,26361.55
1787873400000,26362.55,26362.55,26358.55,26359.55
1787874300000,26358.55,26363.55,26351.55,26363.55
1787875200000,26364.55,26384.55,26357.55,26383.55
1787876100000,26384.55,26416.15,26370.25,26412.25
1787877000000,26414.25,26438.75,26411.25,26431.75
1787877900000,26432.25,26434.25,26427.25,26429.15
1787878800000,26430.55,26441.75,26430.55,26435.25
1787879700000,26436.25,26437.75,26427.25,26430.75
1787880600000,26430.25,26446.75,26429.25,26441.25
1787881500000,26441.25,26453.25,26434.75,26452.75
1787882400000,26452.25,26473.55,26452.25,26470.75
1787883300000,26472.15,26485.15,26470.75,26479.75
1787884200000,26478.25,26479.75,26455.15,26455.75
1787885100000,26456.15,26460.75,26449.25,26456.25
1787886000000,26459.25,26469.15,26454.75,26461.75
1787886900000,26464.25,26479.15,26462.25,26475.25
1787887800000,26475.25,26476.25,26452.25,26455.75
1787888700000,26454.25,26479.75,26452.25,26472.25
1787889600000,26471.75,26473.25,26459.25,26469.25
1787890500000,26470.75,26476.75,26460.25,26462.25
1787891400000,26464.25,26467.55,26455.25,26463.55
1787892300000,26463.75,26465.55,26457.75,26461.55
1787893200000,26460.55,26463.75,26454.25,26458.25
1787894100000,26457.75,26459.75,26449.15,26453.15
1787895000000,26452.15,26453.55,26444.75,26447.15
1787895900000,26446.149999999998,26448.55,26433.55,26437.149999999998
1787896800000,26438.149999999998,26463.35,26434.05,26457.35
1787897700000,26458.35,26480.35,26451.35,26451.35
1787898600000,26452.35,26491.35,26452.35,26487.35
1787899500000,26493.35,26503.35,26477.35,26500.35
1787900400000,26499.949999999997,26520.35,26475.35,26514.35
1787901300000,26515.35,26556.35,26506.35,26508.35
1787902200000,26507.35,26527.35,26488.35,26496.35
1787903100000,26497.35,26530.35,26491.35,26506.35
1787904000000,26505.35,26531.35,26501.35,26527.35
1787904900000,26528.35,26540.35,26506.35,26540.35
1787905800000,26539.35,26559.35,26532.35,26550.35
1787906700000,26549.35,26550.35,26521.85,26523.85
1787907600000,26524.85,26550.85,26524.85,26527.85
1787908500000,26526.85,26540.85,26523.85,26527.85
1787909400000,26528.85,26545.85,26524.85,26543.85
1787910300000,26542.85,26557.85,26535.85,26542.85
1787911200000,26541.85,26546.85,26509.85,26522.35
1787912100000,26523.35,26529.35,26504.35,26515.35
1787913000000,26514.35,26529.35,26512.35,26515.35
1787913900000,26514.35,26516.35,26486.35,26499.35
1787914800000,26497.35,26529.35,26496.35,26529.35
1787915700000,26530.35,26534.35,26506.35,26508.35
1787916600000,26507.35,26518.35,26496.35,26500.35
1787917500000,26499.35,26511.35,26490.35,26503.35
1787918400000,26502.35,26512.35,26492.35,26510.35
1787919300000,26511.35,26542.35,26510.35,26539.35
1787920200000,26538.35,26550.35,26525.35,26537.35
1787921100000,26538.35,26552.35,26523.35,26525.35
1787922000000,26526.35,26554.85,26520.85,26522.85
1787922900000,26523.85,26530.85,26510.85,26529.85
1787923800000,26532.85,26551.85,26504.85,26504.85
1787924700000,26505.85,26515.85,26488.85,26497.449999999997
1787925600000,26495.05,26548.85,26491.85,26508.85
1787926500000,26507.85,26549.85,26507.85,26537.85
1787927400000,26536.85,26588.85,26536.85,26573.85
1787928300000,26572.85,26629.85,26568.85,26611.85
1787929200000,26610.85,26618.85,26580.85,26595.85
1787930100000,26596.85,26606.85,26582.85,26592.85
1787931000000,26593.85,26595.85,26558.85,26568.85
1787931900000,26569.85,26578.85,26549.85,26550.85
1787932800000,26549.85,26565.85,26543.85,26544.85
1787933700000,26545.85,26548.85,26520.85,26534.85
1787934600000,26533.85,26553.85,26531.85,26539.85
1787935500000,26540.85,26557.85,26539.85,26541.85
1787936400000,26540.85,26540.85,26523.85,26538.85
1787937300000,26539.85,26540.85,26526.85,26526.85
1787938200000,26527.85,26541.85,26525.85,26528.85
1787939100000,26529.85,26541.85,26528.85,26533.85
1787940000000,26534.85,26543.85,26530.85,26530.85
1787940900000,26531.85,26538.85,26525.85,26526.85
1787941800000,26525.85,26536.85,26525.85,26533.85
1787942700000,26532.85,26538.85,26526.85,26535.85
1787943600000,26536.85,26549.85,26533.85,26546.85
1787944500000,26547.85,26555.85,26543.85,26554.85
1787945400000,26555.85,26561.85,26546.85,26558.85
1787946300000,26557.85,26568.85,26545.85,26561.949999999997
1787947200000,26561.95,26561.95,26547.05,26552.05
1787948100000,26553.05,26554.05,26549.05,26553.05
1787949000000,26552.05,26564.05,26548.05,26562.399999999998
1787949900000,26563.4,26569.4,26560.4,26566.4
1788127200000,26571.45,26573.45,26508.45,26530.45
1788128100000,26531.45,26544.45,26529.45,26533.45
1788129000000,26534.449999999997,26536.449999999997,26513.17,26517.17
1788129900000,26516.17,26526.17,26515.17,26525.17
1788130800000,26524.170000000002,26525.88,26507.45,26517.45
1788131700000,26516.45,26522.45,26504.45,26505.45
1788132600000,26504.449999999997,26504.449999999997,26479.17,26496.17
1788133500000,26497.170000000002,26497.170000000002,26461.45,26466.45
1788134400000,26465.45,26496.45,26457.45,26492.45
1788135300000,26493.45,26514.35,26479.05,26509.05
1788136200000,26506.65,26517.15,26503.15,26512.15
1788137100000,26513.15,26513.65,26496.15,26497.15
1788138000000,26497.15,26514.050000000003,26482.15,26496.65
1788138900000,26499.45,26501.45,26478.65,26490.65
1788139800000,26489.65,26493.65,26478.15,26482.15
1788140700000,26482.15,26490.050000000003,26478.65,26484.65
1788141600000,26483.149999999998,26484.649999999998,26471.05,26484.05
1788142500000,26483.65,26484.65,26460.65,26474.15
1788143400000,26473.15,26484.15,26457.65,26468.65
1788144300000,26470.15,26484.050000000003,26461.15,26483.65
1788145200000,26483.15,26495.45,26481.65,26493.45
1788146100000,26491.65,26492.65,26483.15,26487.050000000003
1788147000000,26487.65,26491.050000000003,26482.65,26487.15
1788147900000,26486.15,26492.45,26482.65,26486.15
1788148800000,26487.15,26493.050000000003,26483.15,26493.050000000003
1788149700000,26492.65,26495.45,26486.15,26489.15
1788150600000,26489.65,26501.45,26481.45,26497.15
1788151500000,26496.15,26518.15,26489.65,26515.050000000003
1788152400000,26515.65,26536.65,26508.15,26535.95
1788153300000,26535.45,26556.45,26535.45,26551.45
1788154200000,26550.45,26552.05,26520.05,26527.149999999998
1788155100000,26528.649999999998,26530.649999999998,26520.05,26526.05
1788156000000,26526.15,26542.25,26512.25,26529.25
1788156900000,26530.25,26542.25,26530.25,26536.25
1788157800000,26537.25,26540.25,26519.25,26523.25
1788158700000,26522.25,26527.25,26495.25,26502.25
1788159600000,26499.25,26499.25,26438.25,26459.25
1788160500000,26460.25,26478.25,26426.25,26428.25
1788161400000,26427.25,26430.25,26401.25,26416.25
1788162300000,26417.25,26418.25,26380.25,26396.25
1788163200000,26397.25,26425.25,26380.25,26382.25
1788164100000,26383.25,26424.25,26379.25,26417.25
1788165000000,26416.25,26426.25,26405.25,26412.25
1788165900000,26413.25,26435.25,26409.25,26431.25
1788166800000,26429.25,26431.25,26408.25,26425.25
1788167700000,26426.25,26430.25,26402.25,26414.25
1788168600000,26413.25,26434.25,26403.25,26413.25
1788169500000,26412.25,26417.25,26383.25,26387.25
1788170400000,26388.25,26388.25,26350.75,26352.75
1788171300000,26353.75,26364.75,26345.75,26353.75
1788172200000,26352.75,26367.75,26343.75,26365.75
1788173100000,26366.75,26385.75,26364.75,26381.75
1788174000000,26380.75,26405.75,26379.66,26403.75
1788174900000,26404.75,26408.75,26396.75,26407.75
1788175800000,26408.75,26410.75,26378.75,26389.75
1788176700000,26390.75,26406.75,26388.75,26405.75
1788177600000,26406.75,26426.75,26387.45,26418.75
1788178500000,26419.75,26427.75,26386.75,26399.75
1788179400000,26398.75,26413.75,26370.75,26373.75
1788180300000,26372.75,26375.75,26354.75,26372.75
1788181200000,26371.75,26404.25,26366.75,26403.25
1788182100000,26404.25,26405.25,26376.25,26383.25
1788183000000,26382.25,26397.25,26336.25,26340.25
1788183900000,26342.25,26371.25,26329.25,26366.25
1788184800000,26368.25,26379.25,26340.25,26349.25
1788185700000,26348.25,26351.25,26305.25,26309.25
1788186600000,26308.25,26336.25,26306.25,26331.25
1788187500000,26332.25,26336.25,26303.25,26316.25
1788188400000,26317.25,26334.25,26286.25,26289.25
1788189300000,26288.25,26307.25,26282.25,26291.25
1788190200000,26289.25,26297.25,26249.25,26254.25
1788191100000,26255.25,26261.25,26242.25,26246.25
1788192000000,26247.25,26252.25,26235.25,26242.25
1788192900000,26243.25,26245.25,26229.25,26239.25
1788193800000,26238.25,26242.25,26222.25,26226.25
1788194700000,26225.25,26234.25,26222.25,26226.25
1788195600000,26225.25,26227.25,26205.25,26208.25
1788196500000,26207.25,26212.25,26190.25,26191.25
1788197400000,26190.25,26216.25,26188.25,26216.25
1788198300000,26217.25,26224.25,26212.25,26218.25
1788199200000,26217.25,26220.25,26203.25,26210.25
1788200100000,26212.25,26213.25,26195.25,26197.25
1788201000000,26196.25,26202.25,26191.25,26195.25
1788201900000,26197.25,26204.25,26192.25,26203.25
1788202800000,26204.25,26210.25,26198.25,26202.25
1788203700000,26201.25,26209.25,26198.25,26204.25
1788204600000,26207.25,26224.25,26201.25,26222.25
1788205500000,26221.25,26235.75,26210.85,26210.85
1788206400000,26209.850000000002,26226.4,26207.95,26219.95
1788207300000,26218.95,26222.95,26215.95,26221.95
1788208200000,26220.95,26223.95,26217.95,26222.95
1788209100000,26221.95,26222.95,26215.95,26219.95
1788213600000,26221.55,26226.54,26218.55,26224.54
1788214500000,26225.54,26225.54,26220.54,26221.82
1788215400000,26222.82,26226.11,26222.82,26223.11
1788216300000,26224.11,26225.11,26218.11,26220.11
1788217200000,26219.11,26226.12,26218.11,26224.12
1788218100000,26223.12,26225.12,26218.12,26224.12
1788219000000,26223.12,26234.12,26223.12,26229.12
1788219900000,26230.12,26233.12,26219.55,26225.55
1788220800000,26194.55,26245.55,26192.55,26230.55
1788221700000,26229.55,26256.55,26229.55,26250.25
1788222600000,26249.25,26257.550000000003,26246.15,26255.15
1788223500000,26254.75,26259.55,26249.75,26252.75
1788224400000,26253.15,26257.550000000003,26243.15,26250.15
1788225300000,26248.75,26254.149999999998,26228.55,26229.55
1788226200000,26230.55,26254.55,26227.75,26253.15
1788227100000,26254.15,26254.55,26239.75,26244.15
1788228000000,26242.75,26251.15,26239.25,26240.25
1788228900000,26240.25,26244.55,26233.75,26235.15
1788229800000,26235.55,26239.55,26220.25,26223.25
1788230700000,26224.75,26237.75,26221.25,26237.75
1788231600000,26238.15,26239.15,26224.75,26231.15
1788232500000,26230.75,26238.550000000003,26229.15,26231.75
1788233400000,26234.15,26240.55,26228.75,26232.75
1788234300000,26231.75,26236.75,26229.25,26230.75
1788235200000,26231.25,26236.75,26230.15,26233.75
1788236100000,26233.25,26237.75,26231.75,26232.25
1788237000000,26230.25,26234.25,26227.25,26229.15
1788237900000,26229.550000000003,26239.550000000003,26225.15,26227.15
1788238800000,26226.75,26228.75,26215.15,26215.15
1788239700000,26215.550000000003,26219.15,26204.15,26214.15
1788240600000,26211.25,26243.55,26211.25,26242.55
1788241500000,26241.55,26245.55,26224.55,26235.75
1788242400000,26237.149999999998,26247.35,26206.35,26212.35
1788243300000,26213.35,26223.35,26206.35,26210.35
1788244200000,26211.35,26220.35,26185.35,26205.35
1788245100000,26206.35,26209.35,26137.35,26154.35
1788246000000,26156.35,26196.35,26128.35,26196.35
1788246900000,26195.35,26214.35,26184.35,26205.35
1788247800000,26206.35,26206.35,26141.35,26143.35
1788248700000,26141.35,26198.35,26133.35,26191.35
1788249600000,26192.35,26206.35,26118.75,26140.75
1788250500000,26142.75,26156.75,26094.75,26098.75
1788251400000,26097.75,26104.75,26010.75,26010.75
1788252300000,26011.75,26029.75,25975.75,25980.75
1788253200000,25981.75,26004.75,25962.75,25980.75
1788254100000,25981.75,26000.75,25960.66,25970.75
1788255000000,25971.75,25982.75,25934.75,25947.75
1788255900000,25946.75,25979.75,25946.75,25967.75
1788256800000,25966.75,26006.75,25966.75,26006.75
1788257700000,26008.75,26047.75,25999.75,26032.75
1788258600000,26031.75,26048.75,26006.75,26006.75
1788259500000,26007.75,26012.75,25968.75,25978.75
1788260400000,25977.75,25995.75,25954.75,25990.75
1788261300000,25991.75,25999.75,25967.75,25974.75
1788262200000,25973.75,26019.75,25972.75,26010.75
1788263100000,26011.75,26044.75,26011.75,26013.75
1788264000000,26014.75,26024.75,25999.75,26019.75
1788264900000,26020.75,26042.75,26013.75,26029.75
1788265800000,26027.75,26055.75,26018.75,26024.75
1788266700000,26025.75,26051.75,26025.75,26048.75
1788267600000,26049.75,26051.75,26009.75,26022.75
1788268500000,26023.75,26045.75,26015.75,26036.75
1788269400000,26035.75,26058.75,26011.75,26036.75
1788270300000,26037.75,26047.75,25980.75,26005.75
1788271200000,26005.45,26014.75,25980.75,26004.75
1788272100000,26005.75,26009.75,25979.75,25983.75
1788273000000,25981.75,26001.75,25959.75,25968.75
1788273900000,25969.75,25976.75,25935.75,25937.75
1788274800000,25936.75,25965.75,25930.75,25941.75
1788275700000,25940.75,25969.75,25933.75,25968.75
1788276600000,25969.75,25993.75,25961.75,25976.75
1788277500000,25975.75,25996.75,25975.75,25988.75
1788278400000,25987.75,25993.75,25969.75,25972.75
1788279300000,25971.75,25975.75,25924.75,25931.75
1788280200000,25930.75,25933.75,25906.75,25908.75
1788281100000,25909.75,25927.75,25908.75,25924.75
1788282000000,25923.75,25924.75,25899.75,25911.75
1788282900000,25910.75,25917.75,25881.75,25904.75
1788283800000,25903.75,25912.75,25897.75,25909.75
1788284700000,25908.75,25910.75,25894.75,25897.75
1788285600000,25898.75,25900.75,25863.75,25863.75
1788286500000,25864.75,25875.75,25845.75,25845.75
1788287400000,25846.75,25846.75,25823.75,25823.75
1788288300000,25825.75,25849.75,25815.75,25847.75
1788289200000,25848.75,25861.75,25845.75,25861.75
1788290100000,25862.75,25866.75,25848.75,25855.75
1788291000000,25857.75,25857.75,25841.75,25846.75
1788291900000,25847.75,25852.75,25833.85,25833.85
1788292800000,25831.85,25843.95,25822.66,25833.95
1788293700000,25834.95,25848.95,25833.95,25841.95
1788294600000,25840.949999999997,25848.67,25836.67,25845.379999999997
1788295500000,25844.379999999997,25846.46,25838.46,25842.46
1788300000000,25845.55,25847.55,25826.53,25828.53
1788300900000,25829.53,25834.53,25825.53,25830.53
1788301800000,25830.55,25834.55,25829.55,25831.55
1788302700000,25830.55,25845.54,25830.55,25839.84
1788303600000,25838.84,25841.84,25837.4,25839.4
1788304500000,25840.55,25841.55,25834.12,25841.1
1788305400000,25840.100000000002,25841.68,25837.52,25840.68
1788306300000,25841.68,25845.55,25837.55,25840.55
1788307200000,25839.55,25842.55,25828.55,25833.55
1788308100000,25832.55,25869.55,25824.25,25839.25
1788309000000,25840.25,25850.75,25829.15,25843.15
1788309900000,25842.149999999998,25848.55,25817.55,25817.55
1788310800000,25816.55,25836.75,25809.55,25821.25
1788311700000,25820.25,25852.75,25820.25,25846.15
1788312600000,25847.15,25849.550000000003,25831.15,25842.15
1788313500000,25842.75,25844.75,25827.55,25836.149999999998
1788314400000,25835.550000000003,25836.550000000003,25819.15,25825.550000000003
1788315300000,25824.15,25843.15,25824.15,25836.550000000003
1788316200000,25837.15,25838.550000000003,25823.15,25834.15
1788317100000,25832.75,25840.55,25824.75,25831.15
1788318000000,25832.15,25837.75,25820.25,25835.75
1788318900000,25835.15,25836.550000000003,25822.15,25823.15
1788319800000,25823.75,25825.15,25807.75,25811.25
1788320700000,25811.25,25816.25,25806.25,25812.25
1788321600000,25815.25,25820.75,25806.25,25813.25
1788322500000,25812.25,25820.75,25807.75,25819.75
1788323400000,25819.15,25828.55,25813.75,25818.55
1788324300000,25819.55,25830.55,25817.55,25827.55
1788325200000,25827.149999999998,25832.55,25814.55,25830.25
1788326100000,25830.25,25848.15,25827.25,25845.75
1788327000000,25846.75,25863.55,25832.75,25860.55
1788327900000,25861.550000000003,25861.550000000003,25836.15,25848.050000000003
1788328800000,25848.55,25862.35,25832.35,25848.35
1788329700000,25849.35,25860.35,25834.35,25834.35
1788330600000,25836.35,25864.35,25832.35,25857.35
1788331500000,25858.35,25896.35,25849.35,25890.35
1788332400000,25892.35,25934.35,25872.35,25908.35
1788333300000,25907.35,25937.35,25900.35,25923.85
1788334200000,25925.85,25932.85,25895.35,25897.85
1788335100000,25898.85,25901.85,25854.85,25869.85
1788336000000,25871.85,25901.85,25862.85,25866.85
1788336900000,25864.85,25881.85,25852.85,25876.85
1788337800000,25875.85,25892.85,25863.85,25874.85
1788338700000,25875.85,25885.85,25819.85,25825.85
1788339600000,25826.85,25858.85,25811.85,25814.85
1788340500000,25813.85,25823.85,25786.85,25790.85
1788341400000,25789.85,25789.85,25763.85,25778.85
1788342300000,25779.85,25814.85,25770.85,25806.85
1788343200000,25805.85,25811.85,25773.85,25791.85
1788344100000,25792.85,25798.85,25776.85,25778.85
1788345000000,25779.85,25780.85,25739.85,25753.85
1788345900000,25751.85,25768.85,25749.85,25768.85
1788346800000,25767.85,25848.149999999998,25748.85,25842.149999999998
1788347700000,25840.15,25846.65,25822.65,25836.65
1788348600000,25837.65,25875.65,25832.65,25849.65
1788349500000,25848.65,25882.65,25837.65,25881.65
1788350400000,25882.65,25914.65,25871.65,25897.050000000003
1788351300000,25895.05,25905.35,25862.35,25875.35
1788352200000,25874.35,25892.35,25866.55,25884.35
1788353100000,25885.35,25887.35,25850.35,25852.35
1788354000000,25851.35,25880.35,25850.35,25875.35
1788354900000,25874.35,25910.35,25867.35,25897.35
1788355800000,25899.35,25917.35,25850.35,25868.35
1788356700000,25867.35,25901.35,25834.35,25898.35
1788357600000,25897.35,25900.35,25877.35,25881.35
1788358500000,25882.35,25911.35,25877.35,25880.35
1788359400000,25879.35,25883.35,25854.35,25868.35
1788360300000,25869.35,25871.35,25838.35,25850.35
1788361200000,25851.35,25869.35,25824.35,25835.35
1788362100000,25833.35,25860.35,25820.55,25856.35
1788363000000,25859.35,25875.35,25836.35,25844.35
1788363900000,25843.35,25845.35,25828.35,25838.35
1788364800000,25839.35,25850.35,25838.35,25847.35
1788365700000,25846.35,25851.35,25832.35,25833.35
1788366600000,25834.35,25841.35,25828.35,25836.35
1788367500000,25837.35,25845.35,25832.35,25843.35
1788368400000,25844.35,25853.35,25843.35,25847.35
1788369300000,25846.35,25849.35,25835.35,25838.35
1788370200000,25839.35,25852.35,25834.35,25849.35
1788371100000,25850.35,25864.35,25849.35,25860.35
1788372000000,25861.35,25866.35,25849.35,25861.35
1788372900000,25860.35,25881.35,25854.35,25860.35
1788373800000,25859.35,25866.35,25843.35,25845.35
1788374700000,25846.35,25847.35,25836.35,25838.35
1788375600000,25839.35,25848.35,25833.35,25842.35
1788376500000,25841.35,25846.35,25838.35,25845.35
1788377400000,25847.35,25864.35,25842.35,25863.35
1788378300000,25864.35,25876.35,25857.35,25865.449999999997
1788379200000,25864.45,25874.66,25857.54,25866.73
1788380100000,25867.73,25867.73,25829.55,25843.62
1788381000000,25842.62,25844.55,25837.55,25837.55
1788381900000,25836.55,25846.55,25834.55,25836.55
1788386400000,25855.55,25866.829999999998,25846.55,25865.829999999998
1788387300000,25866.83,25875.84,25861.83,25869.84
1788388200000,25868.84,25872.84,25867.84,25869.84
1788389100000,25868.84,25868.84,25862.84,25862.84
1788390000000,25863.84,25868.84,25858.84,25859.84
1788390900000,25860.84,25864.84,25857.84,25864.84
1788391800000,25863.84,25868.84,25862.84,25868.84
1788392700000,25869.84,25880.84,25869.4,25869.4
1788393600000,25865.4,25872.550000000003,25860.4,25868.550000000003
1788394500000,25867.55,25868.45,25832.75,25847.55
1788395400000,25846.55,25859.75,25844.25,25853.15
1788396300000,25853.55,25858.75,25851.75,25853.15
1788397200000,25853.550000000003,25860.550000000003,25846.15,25859.15
1788398100000,25858.15,25873.75,25853.25,25871.15
1788399000000,25869.75,25879.55,25864.25,25866.75
1788399900000,25867.550000000003,25876.15,25861.15,25862.550000000003
1788400800000,25861.55,25895.75,25861.55,25894.149999999998
1788401700000,25893.15,25894.75,25881.25,25886.15
1788402600000,25884.25,25888.75,25873.25,25873.75
1788403500000,25873.25,25883.15,25868.75,25875.75
1788404400000,25876.15,25879.15,25870.25,25875.75
1788405300000,25876.75,25883.15,25871.25,25871.25
1788406200000,25872.25,25877.75,25870.25,25873.25
1788407100000,25872.25,25878.75,25869.25,25872.25
1788408000000,25872.25,25877.15,25870.15,25871.25
1788408900000,25871.75,25879.55,25868.25,25870.25
1788409800000,25870.25,25881.15,25869.25,25877.25
1788410700000,25880.75,25884.55,25876.25,25876.25
1788411600000,25877.25,25881.149999999998,25849.55,25852.149999999998
1788412500000,25852.75,25852.75,25812.25,25824.25
1788413400000,25824.25,25864.75,25824.25,25858.25
1788414300000,25859.25,25901.55,25850.75,25899.75
1788415200000,25899.25,25911.35,25889.55,25895.35
1788416100000,25896.35,25916.35,25893.35,25897.35
1788417000000,25896.949999999997,25903.35,25884.35,25889.35
1788417900000,25888.35,25890.35,25859.35,25866.35
1788418800000,25864.35,25902.35,25833.35,25882.35
1788419700000,25881.35,25890.35,25839.35,25873.35
1788420600000,25874.35,25883.35,25838.35,25848.35
1788421500000,25849.35,25860.85,25815.85,25852.85
1788422400000,25854.85,25914.85,25844.85,25891.85
1788423300000,25890.85,25929.85,25887.85,25917.85
1788424200000,25916.85,25946.85,25914.85,25940.85
1788425100000,25939.85,25946.85,25900.85,25905.85
1788426000000,25908.85,25925.85,25889.85,25901.85
1788426900000,25900.85,25903.85,25859.85,25865.85
1788427800000,25864.85,25882.85,25845.85,25845.85
1788428700000,25844.85,25852.85,25819.85,25820.85
1788429600000,25819.85,25841.85,25804.85,25814.85
1788430500000,25816.85,25823.85,25795.85,25806.85
1788431400000,25805.85,25837.85,25798.85,25837.85
1788432300000,25836.85,25845.85,25816.85,25828.85
1788433200000,25829.85,25879.85,25827.85,25868.85
1788434100000,25866.85,25884.449999999997,25846.85,25865.85
1788435000000,25866.85,25884.85,25839.55,25873.85
1788435900000,25874.85,25874.85,25834.85,25850.85
1788436800000,25851.85,25869.85,25846.85,25853.85
1788437700000,25854.85,25880.85,25837.85,25878.449999999997
1788438600000,25873.05,25935.05,25873.05,25922.85
1788439500000,25924.85,25974.85,25917.85,25962.85
1788440400000,25963.85,25986.85,25954.85,25984.85
1788441300000,25985.85,26012.85,25973.85,26007.85
1788442200000,26008.85,26011.85,25967.85,25989.85
1788443100000,25990.85,26011.85,25977.85,26011.85
1788444000000,26010.85,26010.85,25932.85,25940.85
1788444900000,25941.85,25963.85,25935.85,25940.85
1788445800000,25938.85,25969.85,25924.85,25945.85
1788446700000,25946.85,25981.85,25927.55,25977.85
1788447600000,25978.85,26001.85,25971.85,25989.85
1788448500000,25990.85,26025.85,25990.85,26023.85
1788449400000,26022.85,26030.35,26003.85,26018.35
1788450300000,26019.35,26028.35,26013.35,26022.149999999998
1788451200000,26021.149999999998,26024.149999999998,26002.35,26017.35
1788452100000,26016.35,26019.35,26010.35,26011.35
1788453000000,26012.35,26028.35,26010.35,26020.35
1788453900000,26021.35,26027.35,26018.35,26022.35
1788454800000,26023.35,26024.35,26009.35,26014.35
1788455700000,26015.35,26026.35,26012.35,26026.35
1788456600000,26027.35,26039.35,26026.35,26035.35
1788457500000,26036.35,26039.35,26030.35,26039.35
1788458400000,26040.35,26049.35,26039.35,26047.35
1788459300000,26048.35,26051.35,26045.35,26048.35
1788460200000,26049.35,26049.35,26033.35,26036.35
1788461100000,26037.35,26040.35,26034.35,26036.35
1788462000000,26035.35,26037.35,26030.35,26032.35
1788462900000,26033.35,26041.35,26030.35,26041.35
1788463800000,26039.35,26052.35,26038.35,26048.35
1788464700000,26047.35,26056.35,26041.35,26052.449999999997
1788465600000,26041.45,26045.55,26028.27,26038.27
1788466500000,26037.27,26038.27,26027.27,26028.27
1788467400000,26027.27,26033.27,26027.27,26029.98
1788468300000,26028.98,26029.98,26021.98,26025.98
1788472800000,26030.55,26034.55,26022.54,26025.54
1788473700000,26026.54,26033.54,26025.54,26030.54
1788474600000,26031.54,26035.54,26031.54,26033.55
1788475500000,26034.55,26039.55,26033.55,26038.55
1788476400000,26037.55,26040.55,26036.55,26036.55
1788477300000,26035.55,26039.55,26032.55,26038.55
1788478200000,26037.55,26040.55,26034.55,26037.55
1788479100000,26036.55,26042.55,26035.55,26037.55
1788480000000,26036.55,26041.55,26027.55,26040.55
1788480900000,26050.45,26050.45,26026.45,26041.15
1788481800000,26041.55,26043.25,26029.25,26043.25
1788482700000,26044.25,26050.15,26037.15,26037.15
1788483600000,26036.15,26039.75,26026.25,26030.75
1788484500000,26029.25,26043.55,26028.25,26038.75
1788485400000,26038.25,26044.75,26031.75,26044.25
1788486300000,26044.25,26050.75,26039.25,26049.25
1788487200000,26049.25,26059.55,26046.25,26054.25
1788488100000,26054.75,26055.75,26048.75,26055.25
1788489000000,26055.25,26062.15,26051.75,26055.25
1788489900000,26055.25,26066.75,26055.25,26061.25
1788490800000,26064.25,26066.15,26053.25,26057.75
1788491700000,26057.25,26062.15,26052.25,26054.75
1788492600000,26055.75,26058.55,26052.55,26052.55
1788493500000,26053.050000000003,26053.550000000003,26050.15,26052.15
1788494400000,26051.75,26055.75,26045.15,26055.25
1788495300000,26054.25,26069.55,26052.25,26069.15
1788496200000,26068.75,26074.15,26065.25,26068.25
1788497100000,26070.25,26071.75,26063.25,26070.25
1788498000000,26071.25,26082.15,26070.25,26078.25
1788498900000,26078.75,26086.050000000003,26077.15,26079.15
1788499800000,26078.25,26088.15,26073.75,26078.15
1788500700000,26079.15,26080.550000000003,26066.15,26074.550000000003
1788501600000,26073.75,26094.35,26060.35,26093.35
1788502500000,26092.35,26093.35,26077.35,26086.35
1788503400000,26085.35,26089.35,26063.35,26069.35
1788504300000,26071.35,26071.35,26013.35,26020.35
1788505200000,26019.35,26036.35,25967.35,26033.149999999998
1788506100000,26034.149999999998,26077.35,26023.35,26061.35
1788507000000,26060.35,26089.35,26060.35,26087.35
1788507900000,26088.35,26097.35,26054.35,26062.35
1788508800000,26063.35,26079.35,26048.35,26053.35
1788509700000,26052.35,26053.35,26000.35,26016.35
1788510600000,26017.35,26029.35,25993.35,26013.35
1788511500000,26015.35,26041.35,26005.35,26025.35
1788512400000,26024.35,26044.35,25999.35,26001.35
1788513300000,26003.35,26018.35,25989.35,25989.35
1788514200000,25990.35,26035.35,25987.35,26025.35
1788515100000,26026.35,26039.35,26020.35,26025.35
1788516000000,26026.35,26064.35,26021.35,26056.35
1788516900000,26057.35,26103.35,26057.35,26088.35
1788517800000,26087.35,26091.35,26055.35,26075.35
1788518700000,26076.35,26094.35,26075.35,26094.35
1788519600000,26092.35,26092.35,26070.35,26088.35
1788520500000,26087.35,26092.35,26071.35,26086.35
1788521400000,26087.35,26126.35,26083.35,26111.35
1788522300000,26110.35,26120.35,26103.35,26115.35
1788523200000,26116.35,26121.35,26085.35,26106.35
1788524100000,26107.35,26138.35,26092.35,26133.55
1788525000000,26128.55,26172.35,26006.55,26161.35
1788525900000,26147.35,26163.35,26107.35,26139.35
1788526800000,26140.35,26140.35,26092.35,26093.35
1788527700000,26094.35,26109.35,26079.35,26102.35
1788528600000,26101.35,26168.35,26097.35,26150.35
1788529500000,26149.35,26162.35,26122.35,26127.35
1788530400000,26126.35,26136.35,26110.35,26134.35
1788531300000,26135.35,26144.35,26089.35,26089.35
1788532200000,26088.35,26099.35,26053.85,26058.85
1788533100000,26060.85,26067.85,26031.85,26044.85
1788534000000,26045.85,26066.85,26023.85,26066.85
1788534900000,26065.85,26078.85,26056.85,26057.85
1788535800000,26058.85,26085.85,26041.85,26085.85
1788536700000,26084.85,26086.85,26068.85,26080.85
1788537600000,26081.85,26089.85,26072.05,26087.85
1788538500000,26088.85,26104.85,26087.85,26098.85
1788539400000,26097.85,26103.85,26086.85,26089.85
1788540300000,26088.85,26097.85,26086.85,26087.85
1788541200000,26088.85,26089.85,26070.85,26075.85
1788542100000,26074.85,26077.85,26057.85,26058.85
1788543000000,26057.85,26063.85,26049.85,26050.85
1788543900000,26051.85,26053.85,26043.85,26053.85
1788544800000,26054.85,26066.85,26052.85,26060.85
1788545700000,26061.85,26063.85,26053.85,26056.85
1788546600000,26057.85,26062.85,26053.85,26059.85
1788547500000,26060.85,26065.85,26058.85,26061.85
1788548400000,26062.85,26064.85,26043.85,26044.85
1788549300000,26045.85,26057.85,26041.85,26055.85
1788550200000,26057.85,26064.85,26051.85,26063.85
1788551100000,26062.85,26073.949999999997,26055.85,26070.949999999997
1788552000000,26064.05,26064.05,26039.05,26047.05
1788552900000,26048.05,26049.05,26039.05,26046.05
1788553800000,26045.05,26053.05,26028.05,26053.05
1788554700000,26052.05,26057.05,26049.05,26050.05
1788732000000,26084.05,26085.05,26065.05,26068.05
1788732900000,26069.05,26070.05,26067.05,26068.05
1788733800000,26069.05,26072.05,26067.05,26070.05
1788734700000,26069.05,26072.05,26069.05,26069.05
1788735600000,26070.05,26072.05,26066.05,26066.05
1788736500000,26065.05,26069.05,26059.05,26060.05
1788737400000,26059.05,26070.05,26057.05,26068.05
1788738300000,26069.05,26070.05,26057.05,26063.77
1788739200000,26064.77,26071.05,26051.77,26062.05
1788740100000,26061.05,26062.05,26034.75,26041.75
1788741000000,26040.75,26045.25,26033.05,26042.05
1788741900000,26042.550000000003,26049.050000000003,26034.65,26037.65
1788742800000,26036.25,26056.65,26032.25,26042.65
1788743700000,26042.25,26043.25,26031.25,26043.25
1788744600000,26043.65,26046.65,26030.25,26038.75
1788745500000,26037.75,26041.65,26032.75,26035.25
1788746400000,26033.75,26038.05,26031.25,26036.25
1788747300000,26036.65,26043.050000000003,26035.65,26040.25
1788748200000,26040.649999999998,26046.05,26038.05,26041.25
1788749100000,26041.65,26044.05,26026.75,26029.05
1788750000000,26028.65,26035.05,26026.25,26029.05
1788750900000,26028.65,26042.050000000003,26027.65,26039.65
1788751800000,26038.25,26045.050000000003,26025.65,26025.65
1788752700000,26026.25,26033.05,26025.25,26032.65
1788753600000,26033.65,26033.65,26025.65,26029.050000000003
1788754500000,26028.65,26030.050000000003,26023.65,26029.65
1788755400000,26029.25,26029.649999999998,26012.05,26019.05
1788756300000,26018.05,26026.05,26015.05,26026.05
1788757200000,26024.649999999998,26025.05,26012.55,26013.649999999998
1788758100000,26014.050000000003,26028.050000000003,26011.65,26026.25
1788759000000,26025.65,26039.050000000003,26024.65,26035.050000000003
1788759900000,26034.05,26038.05,26004.05,26011.55
1788760800000,26009.649999999998,26011.649999999998,25980.85,26003.85
1788761700000,26004.85,26011.85,25996.85,26003.85
1788762600000,26004.85,26031.85,25996.85,26015.85
1788763500000,26014.85,26027.85,25994.85,26013.85
1788764400000,26015.85,26084.85,25999.85,26057.85
1788765300000,26055.85,26065.85,25997.85,25998.85
1788766200000,25999.85,26007.85,25942.85,25957.85
1788767100000,25956.85,26006.85,25952.85,26003.85
1788768000000,26002.85,26014.85,25966.85,25998.85
1788768900000,25997.85,26018.85,25968.85,25978.85
1788769800000,25981.85,26010.85,25979.85,25986.85
1788770700000,25987.85,26009.85,25972.85,25998.85
1788771600000,25999.85,26007.85,25980.85,25986.85
1788772500000,25985.85,25995.85,25970.85,25982.85
1788773400000,25983.85,25999.85,25965.85,25987.85
1788774300000,25986.85,25997.85,25977.85,25981.85
1788775200000,25983.85,25994.85,25976.85,25981.85
1788776100000,25980.85,25993.85,25974.85,25976.85
1788777000000,25977.85,25994.85,25977.85,25989.85
1788777900000,25990.85,25990.85,25950.85,25970.85
1788778800000,25969.85,25975.85,25947.85,25974.85
1788779700000,25973.85,25979.85,25943.76,25960.85
1788780600000,25959.85,25968.85,25943.85,25959.85
1788781500000,25957.85,25970.85,25944.85,25946.85
1788782400000,25947.85,25955.85,25936.85,25945.85
1788783300000,25944.85,25978.85,25943.85,25975.85
1788784200000,25976.85,25993.85,25966.85,25971.85
1788785100000,25970.85,26000.85,25970.85,25980.85
1788786000000,25979.85,25993.85,25967.85,25993.85
1788786900000,25992.85,26011.85,25982.85,26003.85
1788787800000,26004.85,26020.85,25994.85,25998.85
1788788700000,25997.85,26023.85,25995.85,26018.85
1788789600000,26019.85,26022.85,25994.85,26007.85
1788790500000,26008.85,26018.85,26000.85,26015.85
1788791400000,26013.85,26018.85,26002.85,26012.85
1788792300000,26011.85,26020.85,25991.85,25992.85
1788793200000,25991.85,26020.85,25986.85,26014.85
1788794100000,26013.85,26013.85,25992.85,25996.85
1788795000000,25997.85,26037.85,25996.85,26030.85
1788795900000,26029.85,26031.85,26008.85,26013.85
1788796800000,26014.85,26020.85,26010.85,26019.85
1788797700000,26020.85,26023.85,26014.85,26016.85
1788798600000,26017.85,26020.85,26014.85,26016.85
1788799500000,26015.85,26019.85,26013.85,26019.85
1788800400000,26018.85,26024.85,26018.85,26020.85
1788801300000,26021.85,26022.85,26018.85,26021.85
1788802200000,26022.85,26024.85,26022.85,26024.85
1788803100000,26023.85,26024.85,26018.85,26019.85
1788804000000,26020.85,26022.85,26019.85,26019.85
1788804900000,26018.95,26021.850000000002,26018.95,26019.850000000002
1788805800000,26018.15,26019.850000000002,26018.15,26019.850000000002
1788806700000,26018.85,26018.85,26012.85,26012.85
1788807600000,26013.85,26013.85,26012.85,26012.85
1788808500000,26011.15,26018.850000000002,26011.15,26017.850000000002
1788809400000,26016.85,26022.85,26014.85,26018.85
1788810300000,26017.850000000002,26018.850000000002,26008.95,26009.95
1788811200000,26009.95,26009.95,26005.05,26005.05
1788818400000,26012.05,26022.77,26000.05,26018.77
1788819300000,26019.77,26020.77,26008.05,26009.05
1788820200000,26008.05,26008.05,25997.05,26004.329999999998
1788821100000,26005.329999999998,26008.05,26001.05,26005.329999999998
1788822000000,26004.33,26006.33,25998.33,26000.33
1788822900000,25999.329999999998,26002.05,25987.05,26000.05
1788823800000,25999.05,26023.05,25995.05,26022.05
1788824700000,26023.05,26033.05,26019.05,26030.05
1788825600000,26027.05,26038.05,26024.05,26027.05
1788826500000,26015.95,26032.050000000003,26006.65,26032.050000000003
1788827400000,26031.05,26038.05,26020.75,26022.75
1788828300000,26021.75,26037.25,26021.25,26027.75
1788829200000,26029.25,26034.75,26010.75,26033.75
1788830100000,26030.75,26038.25,26025.25,26031.75
1788831000000,26030.75,26044.25,26028.75,26038.75
1788831900000,26038.75,26059.25,26037.05,26054.75
1788832800000,26057.25,26058.25,26039.25,26043.75
1788833700000,26040.75,26047.75,26037.25,26040.75
1788834600000,26042.25,26048.050000000003,26033.65,26038.25
1788835500000,26041.05,26042.05,26019.25,26019.25
1788836400000,26020.05,26028.05,26012.75,26025.75
1788837300000,26023.75,26039.25,26023.75,26037.75
1788838200000,26036.75,26042.25,26030.25,26036.75
1788839100000,26038.25,26040.65,26034.75,26039.65
1788840000000,26039.75,26040.65,26034.75,26035.65
1788840900000,26035.75,26036.05,26024.05,26025.25
1788841800000,26023.75,26023.75,26012.05,26019.649999999998
1788842700000,26019.25,26022.05,26008.25,26009.25
1788843600000,26010.25,26011.05,25984.25,25991.75
1788844500000,25989.75,26008.05,25985.25,25986.75
1788845400000,25987.75,25990.25,25965.75,25968.25
1788846300000,25967.25,25974.050000000003,25945.65,25945.65
1788847200000,25947.05,25951.85,25923.85,25933.85
1788848100000,25932.85,25935.85,25909.85,25920.85
1788849000000,25919.85,25946.85,25908.85,25937.85
1788849900000,25936.85,25937.85,25911.85,25927.85
1788850800000,25924.85,25999.85,25896.85,25966.85
1788851700000,25965.85,25967.85,25936.85,25956.85
1788852600000,25958.85,25968.85,25879.85,25907.85
1788853500000,25908.85,25923.85,25860.85,25880.85
1788854400000,25883.85,25889.85,25843.85,25866.85
1788855300000,25867.85,25882.85,25846.85,25857.85
1788856200000,25856.85,25877.85,25837.85,25842.85
1788857100000,25840.85,25872.85,25812.85,25851.85
1788858000000,25852.85,25906.85,25840.85,25899.85
1788858900000,25900.85,25917.85,25877.85,25915.85
1788859800000,25916.85,25940.85,25914.85,25924.85
1788860700000,25925.85,25953.85,25917.85,25948.85
1788861600000,25949.85,25958.85,25927.85,25941.85
1788862500000,25942.85,25997.85,25933.85,25962.85
1788863400000,25963.85,25979.85,25946.85,25979.85
1788864300000,25978.85,25989.85,25963.85,25967.85
1788865200000,25968.85,26001.85,25955.85,25968.85
1788866100000,25967.85,25998.85,25967.85,25977.85
1788867000000,25978.85,25989.85,25969.85,25985.85
1788867900000,25984.85,26006.85,25974.85,26003.85
1788868800000,26002.85,26009.85,25978.85,25978.85
1788869700000,25979.85,26028.85,25974.85,26028.85
1788870600000,26029.85,26045.85,26009.85,26033.85
1788871500000,26031.85,26033.85,26018.85,26023.85
1788872400000,26024.85,26044.85,26016.85,26030.85
1788873300000,26029.85,26032.85,26003.85,26008.85
1788874200000,26007.85,26014.85,25966.85,25973.85
1788875100000,25974.85,26009.85,25971.85,25983.85
1788876000000,25985.85,25987.85,25932.85,25936.85
1788876900000,25938.85,25950.85,25919.85,25935.85
1788877800000,25934.85,25980.85,25934.85,25975.85
1788878700000,25972.85,26006.85,25971.85,26004.85
1788879600000,26001.85,26014.85,25989.85,26005.85
1788880500000,26004.85,26028.85,25995.85,26006.85
1788881400000,26007.85,26028.85,26005.85,26028.85
1788882300000,26029.85,26031.85,25992.85,25992.85
1788883200000,25993.85,25997.85,25973.85,25977.85
1788884100000,25976.85,25988.85,25967.85,25977.85
1788885000000,25976.85,25981.85,25969.85,25972.85
1788885900000,25971.85,25986.85,25946.85,25963.85
1788886800000,25962.85,25982.85,25960.85,25967.85
1788887700000,25966.85,25970.85,25961.85,25966.85
1788888600000,25967.85,25971.85,25959.85,25961.85
1788889500000,25960.85,25967.85,25957.85,25963.85
1788890400000,25964.85,25973.85,25963.85,25970.85
1788891300000,25969.85,25978.85,25965.85,25970.85
1788892200000,25969.85,25970.85,25955.85,25963.85
1788893100000,25962.85,25966.85,25918.85,25934.85
1788894000000,25935.85,25936.85,25925.35,25931.35
1788894900000,25932.35,25934.35,25911.35,25919.35
1788895800000,25920.35,25934.35,25916.35,25917.35
1788896700000,25918.35,25920.35,25875.35,25887.449999999997
1788897600000,25882.45,25884.550000000003,25856.99,25871.550000000003
1788898500000,25872.55,25877.55,25863.55,25864.55
1788899400000,25863.55,25871.55,25859.55,25868.55
1788900300000,25867.55,25873.55,25865.55,25872.55
1788904800000,25875.55,25879.55,25865.55,25873.55
1788905700000,25872.55,25880.55,25870.55,25877.55
1788906600000,25878.55,25880.55,25874.55,25877.55
1788907500000,25878.55,25888.55,25878.55,25888.55
1788908400000,25887.55,25888.55,25879.55,25880.55
1788909300000,25879.550000000003,25879.550000000003,25871.83,25872.980000000003
1788910200000,25873.98,25877.42,25870.98,25872.55
1788911100000,25873.55,25875.55,25862.55,25869.98
1788912000000,25871.98,25903,25869.98,25892.55
1788912900000,25891.55,25891.55,25871.75,25877.25
1788913800000,25879.25,25890.55,25866.25,25889.15
1788914700000,25889.55,25895.15,25883.25,25891.75
1788915600000,25892.15,25894.15,25882.25,25891.75
1788916500000,25891.25,25899.550000000003,25888.15,25891.550000000003
1788917400000,25892.55,25895.55,25884.75,25887.46
1788918300000,25887.55,25891.55,25876.55,25880.55
1788919200000,25878.75,25886.550000000003,25871.15,25872.550000000003
1788920100000,25873.550000000003,25877.15,25867.15,25874.75
1788921000000,25874.25,25881.15,25871.25,25877.75
1788921900000,25877.25,25881.55,25875.25,25879.55
1788922800000,25880.550000000003,25880.550000000003,25864.15,25866.550000000003
1788923700000,25866.149999999998,25871.75,25863.55,25870.75
1788924600000,25870.25,25878.15,25866.15,25871.75
1788925500000,25871.55,25873.55,25865.25,25865.25
1788926400000,25863.25,25873.75,25855.25,25857.15
1788927300000,25856.75,25882.55,25856.25,25879.55
1788928200000,25878.149999999998,25887.55,25870.55,25881.149999999998
1788929100000,25880.75,25889.55,25879.55,25889.55
1788930000000,25889.15,25890.550000000003,25880.15,25887.25
1788930900000,25886.25,25887.75,25865.25,25876.25
1788931800000,25878.25,25883.75,25867.75,25881.25
1788932700000,25879.25,25905.05,25877.25,25901.25
1788933600000,25899.149999999998,25899.149999999998,25871.35,25884.35
1788934500000,25882.35,25884.35,25850.35,25856.35
1788935400000,25857.35,25865.35,25839.35,25847.35
1788936300000,25846.35,25846.35,25804.35,25812.35
1788937200000,25813.35,25921.35,25799.55,25892.35
1788938100000,25893.35,25916.35,25867.35,25911.35
1788939000000,25912.35,25916.35,25857.35,25881.35
1788939900000,25880.35,25880.35,25838.35,25873.35
1788940800000,25872.35,25891.85,25838.85,25843.85
1788941700000,25842.85,25855.85,25818.85,25845.85
1788942600000,25846.85,25853.85,25793.85,25794.85
1788943500000,25795.85,25814.85,25781.85,25808.85
1788944400000,25809.85,25816.85,25779.85,25804.85
1788945300000,25805.85,25809.85,25780.85,25786.85
1788946200000,25787.85,25803.85,25747.85,25751.85
1788947100000,25750.85,25753.85,25709.85,25710.85
1788948000000,25711.85,25713.85,25657.85,25662.85
1788948900000,25661.85,25670.85,25642.85,25661.35
1788949800000,25660.35,25669.35,25619.85,25619.85
1788950700000,25618.85,25626.35,25590.35,25599.35
1788951600000,25600.35,25641.35,25588.35,25619.35
1788952500000,25618.35,25642.35,25605.35,25613.35
1788953400000,25612.35,25625.35,25591.35,25615.35
1788954300000,25616.35,25642.35,25584.35,25586.35
1788955200000,25587.35,25587.35,25553.35,25568.35
1788956100000,25567.35,25590.35,25559.35,25578.35
1788957000000,25579.35,25628.35,25571.35,25622.85
1788957900000,25623.85,25664.85,25620.85,25662.85
1788958800000,25661.85,25684.85,25646.85,25646.85
1788959700000,25647.85,25653.85,25617.85,25629.85
1788960600000,25630.85,25632.85,25551.85,25580.85
1788961500000,25581.85,25587.85,25561.85,25583.85
1788962400000,25584.85,25604.85,25574.85,25592.85
1788963300000,25591.85,25592.85,25525.85,25568.85
1788964200000,25569.85,25579.85,25538.85,25564.85
1788965100000,25565.85,25576.85,25543.85,25567.85
1788966000000,25568.85,25579.85,25528.85,25540.85
1788966900000,25541.85,25567.85,25522.85,25561.85
1788967800000,25563.85,25614.85,25544.85,25580.85
1788968700000,25579.85,25588.85,25557.85,25559.85
1788969600000,25560.85,25575.85,25543.85,25548.85
1788970500000,25547.85,25555.85,25535.85,25550.85
1788971400000,25549.85,25564.85,25545.85,25562.85
1788972300000,25561.85,25570.85,25554.85,25569.85
1788973200000,25568.85,25575.85,25560.85,25574.85
1788974100000,25575.85,25577.85,25565.85,25566.85
1788975000000,25565.85,25570.85,25556.85,25569.85
1788975900000,25570.85,25576.85,25565.85,25568.85
1788976800000,25567.85,25570.85,25550.85,25551.85
1788977700000,25550.85,25561.85,25548.85,25558.85
1788978600000,25559.85,25563.85,25553.85,25558.85
1788979500000,25559.85,25561.85,25552.85,25554.85
1788980400000,25555.85,25560.85,25542.85,25558.85
1788981300000,25557.85,25560.85,25550.85,25550.85
1788982200000,25551.85,25554.85,25542.85,25548.85
1788983100000,25549.85,25550.85,25530.85,25533.949999999997
1788984000000,25530.05,25537.05,25522.05,25533.05
1788984900000,25534.05,25535.05,25530.05,25531.05
1788985800000,25532.05,25539.05,25531.05,25536.05
1788986700000,25537.05,25541.05,25533.05,25540.05
1788991200000,25544.65,25555.65,25537.65,25540.370000000003
1788992100000,25541.37,25543.8,25539.52,25540.52
1788993000000,25541.52,25545.81,25540.52,25545.100000000002
1788993900000,25546.1,25546.1,25541.1,25543.1
1788994800000,25542.100000000002,25543.24,25536.65,25542.24
1788995700000,25541.24,25550.65,25540.24,25547.65
1788996600000,25548.65,25549.65,25547.65,25548.65
1788997500000,25549.65,25563.65,25546.65,25563.65
1788998400000,25564.65,25568.65,25548.65,25555.65
1788999300000,25541.55,25586.649999999998,25541.55,25578.35
1789000200000,25577.35,25585.65,25563.25,25567.85
1789001100000,25566.85,25567.649999999998,25547.35,25554.649999999998
1789002000000,25553.25,25564.85,25552.35,25561.35
1789002900000,25559.35,25564.85,25552.35,25555.649999999998
1789003800000,25554.649999999998,25569.35,25544.35,25566.35
1789004700000,25564.85,25580.649999999998,25562.85,25577.85
1789005600000,25578.35,25585.85,25571.25,25580.35
1789006500000,25580.85,25582.85,25571.85,25573.35
1789007400000,25574.85,25599.649999999998,25572.35,25595.649999999998
1789008300000,25594.649999999998,25600.649999999998,25588.35,25595.25
1789009200000,25594.850000000002,25601.65,25590.65,25592.65
1789010100000,25593.649999999998,25597.649999999998,25587.85,25595.649999999998
1789011000000,25594.65,25596.65,25590.25,25591.85
1789011900000,25592.85,25597.85,25591.35,25596.85
1789012800000,25596.25,25601.25,25593.25,25597.35
1789013700000,25599.35,25602.649999999998,25597.35,25598.35
1789014600000,25598.85,25604.25,25595.35,25599.85
1789015500000,25601.25,25610.85,25600.35,25606.649999999998
1789016400000,25608.65,25613.65,25588.65,25602.25
1789017300000,25600.85,25615.649999999998,25598.85,25615.649999999998
1789018200000,25616.15,25631.65,25610.65,25623.15
1789019100000,25621.65,25629.65,25607.65,25613.350000000002
1789020000000,25612.350000000002,25623.45,25591.45,25594.45
1789020900000,25593.45,25603.45,25588.45,25603.45
1789021800000,25604.45,25620.45,25600.45,25610.45
1789022700000,25611.45,25626.45,25594.45,25594.45
1789023600000,25595.45,25614.45,25553.45,25603.45
1789024500000,25602.45,25625.45,25587.45,25589.45
1789025400000,25590.45,25602.45,25558.45,25578.45
1789026300000,25577.45,25592.45,25551.36,25580.45
1789027200000,25579.45,25595.45,25549.45,25563.45
1789028100000,25564.45,25577.45,25537.45,25568.45
1789029000000,25569.45,25570.45,25527.45,25533.45
1789029900000,25534.45,25541.45,25507.45,25514.45
1789030800000,25515.45,25544.45,25510.45,25540.45
1789031700000,25539.45,25566.45,25530.45,25541.45
1789032600000,25540.45,25547.45,25513.45,25543.45
1789033500000,25542.45,25555.45,25528.45,25550.45
1789034400000,25551.45,25579.45,25548.45,25572.45
1789035300000,25573.45,25585.45,25565.45,25571.45
1789036200000,25572.45,25587.45,25560.45,25577.45
1789037100000,25578.45,25611.45,25571.45,25576.45
1789038000000,25577.45,25598.45,25570.45,25584.45
1789038900000,25583.45,25586.45,25572.45,25579.45
1789039800000,25580.45,25610.45,25573.45,25610.45
1789040700000,25609.45,25611.45,25540.45,25541.45
1789041600000,25540.45,25564.45,25527.45,25545.45
1789042500000,25535.05,25559.45,25457.45,25463.65
1789043400000,25459.649999999998,25477.05,25401.05,25440.45
1789044300000,25439.45,25455.45,25406.45,25424.45
1789045200000,25425.45,25456.45,25412.45,25432.45
1789046100000,25431.45,25460.45,25406.45,25460.45
1789047000000,25461.45,25478.45,25435.45,25435.45
1789047900000,25436.45,25451.45,25404.45,25414.45
1789048800000,25413.45,25451.45,25407.45,25408.45
1789049700000,25407.45,25500.45,25402.45,25446.45
1789050600000,25445.45,25449.45,25398.45,25400.45
1789051500000,25399.45,25432.45,25389.45,25426.45
1789052400000,25425.45,25425.45,25383.45,25393.45
1789053300000,25396.45,25424.45,25389.45,25407.45
1789054200000,25408.45,25414.45,25361.45,25378.45
1789055100000,25379.45,25384.45,25345.45,25347.45
1789056000000,25348.45,25358.45,25328.45,25344.45
1789056900000,25345.45,25351.45,25330.45,25344.45
1789057800000,25345.45,25353.45,25321.45,25351.45
1789058700000,25352.45,25367.45,25351.45,25365.45
1789059600000,25364.45,25383.45,25349.45,25351.45
1789060500000,25350.45,25352.45,25338.45,25342.45
1789061400000,25341.45,25344.45,25331.45,25337.45
1789062300000,25338.45,25342.45,25332.45,25337.45
1789063200000,25338.45,25344.45,25309.45,25320.45
1789064100000,25319.45,25327.45,25312.45,25322.45
1789065000000,25321.45,25332.45,25317.45,25329.45
1789065900000,25328.45,25352.45,25322.45,25339.45
1789066800000,25338.45,25338.45,25318.45,25323.45
1789067700000,25324.45,25334.45,25312.45,25334.45
1789068600000,25335.45,25346.45,25332.45,25338.45
1789069500000,25337.45,25342.55,25327.45,25341.55
1789070400000,25336.550000000003,25354.690000000002,25323.65,25353.690000000002
1789071300000,25354.69,25355.69,25345.69,25346.69
1789072200000,25347.69,25350.649999999998,25345.69,25347.649999999998
1789073100000,25348.65,25351.65,25332.65,25339.65
1789077600000,25339.25,25347.97,25336.25,25344.97
1789078500000,25345.97,25358.97,25337.97,25337.97
1789079400000,25338.97,25341.97,25332.97,25333.97
1789080300000,25332.97,25342.97,25330.97,25334.97
1789081200000,25335.97,25339.97,25332.97,25338.97
1789082100000,25339.97,25340.97,25333.97,25334.97
1789083000000,25335.969999999998,25343.69,25334.69,25341.25
1789083900000,25340.25,25342.25,25318.68,25320.68
1789084800000,25317.68,25345.25,25307.68,25341.25
1789085700000,25342.25,25348.25,25328.85,25347.85
1789086600000,25348.25,25353.850000000002,25333.45,25347.25
1789087500000,25346.75,25382.25,25346.75,25380.85
1789088400000,25380.45,25394.25,25375.25,25377.85
1789089300000,25376.850000000002,25379.25,25354.95,25360.850000000002
1789090200000,25361.45,25367.25,25342.95,25350.850000000002
1789091100000,25351.25,25352.25,25341.85,25350.85
1789092000000,25351.25,25358.25,25341.95,25353.850000000002
1789092900000,25354.85,25354.85,25332.85,25337.25
1789093800000,25338.25,25342.25,25325.85,25329.25
1789094700000,25330.25,25346.25,25326.85,25334.25
1789095600000,25332.25,25338.25,25318.45,25329.25
1789096500000,25328.850000000002,25333.25,25322.45,25331.25
1789097400000,25330.25,25347.25,25319.25,25346.25
1789098300000,25345.850000000002,25348.25,25331.45,25343.25
1789099200000,25342.25,25386.25,25332.85,25378.85
1789100100000,25378.45,25398.25,25369.45,25398.25
1789101000000,25400.25,25406.25,25389.85,25396.85
1789101900000,25398.25,25399.25,25383.25,25384.25
1789102800000,25384.75,25404.25,25384.25,25404.25
1789103700000,25403.85,25408.25,25383.25,25384.25
1789104600000,25383.85,25421.85,25383.85,25419.449999999997
1789105500000,25419.850000000002,25458.850000000002,25409.45,25450.45
1789106400000,25446.95,25458.25,25422.05,25444.05
1789107300000,25443.649999999998,25450.05,25428.05,25446.05
1789108200000,25447.05,25453.05,25425.05,25445.05
1789109100000,25446.050000000003,25479.050000000003,25443.65,25471.050000000003
1789110000000,25470.05,25507.05,25450.05,25465.05
1789110900000,25467.05,25493.05,25453.05,25470.05
1789111800000,25469.05,25474.05,25431.05,25453.05
1789112700000,25451.05,25456.05,25423.55,25438.55
1789113600000,25442.55,25457.55,25409.55,25446.55
1789114500000,25445.55,25494.55,25437.55,25466.55
1789115400000,25465.55,25498.55,25462.55,25473.55
1789116300000,25474.55,25522.55,25470.55,25522.55
1789117200000,25523.55,25534.55,25493.55,25503.55
1789118100000,25501.55,25516.55,25492.55,25510.55
1789119000000,25511.55,25529.55,25503.55,25521.05
1789119900000,25520.05,25546.25,25515.05,25538.25
1789120800000,25540.25,25564.25,25510.25,25551.25
1789121700000,25550.25,25556.25,25538.25,25551.25
1789122600000,25552.25,25570.25,25546.25,25560.25
1789123500000,25559.25,25566.25,25547.25,25552.25
1789124400000,25553.25,25559.25,25529.25,25535.25
1789125300000,25536.25,25544.25,25528.25,25535.25
1789126200000,25536.25,25543.25,25510.25,25534.25
1789127100000,25535.25,25537.25,25518.25,25526.25
1789128000000,25527.25,25533.25,25499.25,25510.25
1789128900000,25511.25,25549.85,25507.25,25539.45
1789129800000,25556.45,25556.45,25464.45,25531.25
1789130700000,25530.25,25579.25,25521.25,25578.25
1789131600000,25579.25,25599.25,25551.25,25553.25
1789132500000,25552.25,25581.25,25528.25,25564.25
1789133400000,25565.25,25591.25,25537.25,25556.25
1789134300000,25555.25,25597.25,25553.25,25596.25
1789135200000,25595.25,25595.25,25530.25,25556.25
1789136100000,25557.25,25569.25,25532.25,25539.25
1789137000000,25540.25,25548.25,25504.25,25529.25
1789137900000,25530.25,25560.25,25517.25,25531.25
1789138800000,25532.25,25560.25,25527.25,25540.25
1789139700000,25541.25,25583.25,25539.25,25573.25
1789140600000,25572.25,25602.25,25562.25,25577.25
1789141500000,25576.25,25576.25,25557.25,25561.25
1789142400000,25562.25,25574.25,25560.25,25563.25
1789143300000,25562.25,25570.25,25550.25,25552.25
1789144200000,25553.25,25582.25,25547.25,25577.25
1789145100000,25576.25,25583.25,25572.25,25577.25
1789146000000,25578.25,25592.25,25574.25,25579.25
1789146900000,25578.25,25596.25,25575.25,25594.25
1789147800000,25593.25,25597.25,25579.25,25581.25
1789148700000,25579.25,25585.25,25575.25,25577.25
1789149600000,25578.25,25585.25,25576.25,25582.25
1789150500000,25581.25,25583.25,25557.25,25566.25
1789151400000,25565.25,25570.25,25556.25,25561.25
1789152300000,25562.25,25565.25,25556.25,25560.25
1789153200000,25561.25,25565.25,25557.25,25565.25
1789154100000,25564.25,25568.25,25561.25,25562.25
1789155000000,25563.25,25565.25,25559.25,25562.25
1789155900000,25561.25,25573.25,25555.25,25567.35
1789156800000,25566.350000000002,25574.45,25562.45,25569.45
1789157700000,25568.45,25573.45,25566.45,25571.45
1789158600000,25570.45,25577.45,25566.45,25569.49
1789159500000,25570.49,25571.49,25566.49,25570.49
1789336800000,25419.15,25444.32,25386.15,25401.15
1789337700000,25402.15,25417.72,25385.15,25417.72
1789338600000,25416.72,25435.15,25415.15,25416.15
1789339500000,25415.15,25426.15,25413.15,25419.15
1789340400000,25420.15,25424.15,25416.15,25423.15
1789341300000,25422.15,25444.15,25421.15,25444.15
1789342200000,25443.15,25447.15,25418.15,25422.15
1789343100000,25421.15,25429.15,25409.15,25417.15
1789344000000,25418.15,25452.15,25414.15,25448.15
1789344900000,25447.15,25499.75,25447.15,25496.15
1789345800000,25494.75,25525.149999999998,25492.85,25524.75
1789346700000,25524.35,25528.35,25509.35,25513.35
1789347600000,25512.85,25522.35,25504.85,25510.85
1789348500000,25509.85,25519.35,25504.85,25516.75
1789349400000,25517.149999999998,25531.35,25504.85,25527.85
1789350300000,25528.35,25554.35,25526.85,25550.85
1789351200000,25546.85,25552.35,25538.85,25546.149999999998
1789352100000,25546.649999999998,25549.35,25541.35,25546.35
1789353000000,25545.75,25553.75,25533.85,25540.35
1789353900000,25538.85,25547.35,25535.35,25535.85
1789354800000,25536.85,25537.35,25519.35,25519.85
1789355700000,25520.35,25522.35,25512.85,25520.149999999998
1789356600000,25519.149999999998,25520.149999999998,25507.85,25511.35
1789357500000,25511.85,25514.35,25507.35,25510.85
1789358400000,25512.85,25521.75,25502.85,25504.85
1789359300000,25505.85,25515.75,25503.35,25508.149999999998
1789360200000,25507.15,25511.350000000002,25498.15,25501.850000000002
1789361100000,25500.85,25513.149999999998,25499.85,25502.85
1789362000000,25502.85,25512.35,25497.75,25506.35
1789362900000,25506.75,25510.15,25491.15,25499.15
1789363800000,25498.75,25501.75,25478.15,25490.15
1789364700000,25489.75,25492.350000000002,25471.15,25482.75
1789365600000,25483.15,25513.95,25478.15,25510.95
1789366500000,25508.95,25522.95,25501.95,25513.95
1789367400000,25512.95,25514.95,25437.95,25455.95
1789368300000,25456.95,25468.95,25445.95,25465.95
1789369200000,25468.95,25562.95,25459.95,25544.95
1789370100000,25546.95,25546.95,25505.95,25520.95
1789371000000,25522.95,25525.95,25446.95,25459.95
1789371900000,25460.95,25460.95,25406.95,25454.95
1789372800000,25455.95,25487.95,25433.95,25450.95
1789373700000,25449.95,25454.95,25401.95,25401.95
1789374600000,25398.95,25439.95,25396.95,25437.95
1789375500000,25438.95,25446.95,25407.95,25438.95
1789376400000,25437.95,25444.65,25389.45,25396.45
1789377300000,25393.45,25414.45,25356.45,25412.45
1789378200000,25411.45,25440.45,25405.45,25418.45
1789379100000,25421.45,25455.45,25416.45,25454.45
1789380000000,25453.45,25468.75,25432.75,25462.75
1789380900000,25461.75,25487.75,25454.75,25481.75
1789381800000,25482.75,25510.75,25477.75,25506.75
1789382700000,25505.75,25517.75,25497.75,25510.75
1789383600000,25507.75,25520.75,25488.75,25498.75
1789384500000,25497.75,25514.75,25480.75,25490.75
1789385400000,25491.75,25495.75,25457.75,25481.75
1789386300000,25482.75,25490.75,25449.75,25452.75
1789387200000,25451.75,25454.75,25421.75,25440.75
1789388100000,25439.75,25471.75,25416.75,25425.75
1789389000000,25424.75,25453.75,25392.75,25448.75
1789389900000,25447.75,25468.75,25423.75,25467.75
1789390800000,25468.75,25468.75,25414.75,25427.75
1789391700000,25428.75,25479.75,25422.75,25478.75
1789392600000,25479.75,25481.75,25443.95,25468.95
1789393500000,25469.95,25500.95,25466.95,25473.95
1789394400000,25474.95,25490.95,25449.95,25450.95
1789395300000,25451.95,25452.95,25382.95,25387.95
1789396200000,25386.95,25388.95,25344.95,25367.95
1789397100000,25369.95,25382.95,25354.95,25364.95
1789398000000,25363.95,25438.55,25351.95,25406.95
1789398900000,25407.95,25445.95,25402.95,25439.95
1789399800000,25438.95,25530.95,25422.95,25523.95
1789400700000,25524.95,25527.95,25508.95,25518.95
1789401600000,25517.95,25536.95,25510.95,25530.95
1789402500000,25531.95,25555.95,25531.95,25537.95
1789403400000,25536.95,25554.95,25530.95,25552.95
1789404300000,25551.95,25598.95,25546.95,25589.95
1789405200000,25588.95,25591.95,25565.95,25565.95
1789406100000,25564.95,25580.95,25556.95,25579.95
1789407000000,25578.95,25581.95,25571.95,25580.95
1789407900000,25581.95,25581.95,25572.95,25573.95
1789408800000,25574.95,25587.95,25567.95,25573.95
1789409700000,25572.95,25580.95,25568.95,25574.95
1789410600000,25575.95,25595.95,25568.95,25591.95
1789411500000,25590.95,25593.95,25581.95,25587.95
1789412400000,25588.95,25589.95,25558.95,25571.95
1789413300000,25570.95,25570.95,25555.95,25557.95
1789414200000,25555.95,25561.95,25552.95,25560.95
1789415100000,25561.95,25562.95,25525.05,25525.05
1789416000000,25524.050000000003,25524.050000000003,25497.15,25505.15
1789416900000,25505.19,25516.19,25497.19,25516.19
1789417800000,25515.19,25515.19,25511.19,25514.19
1789418700000,25513.19,25530.149999999998,25513.19,25530.149999999998
1789423200000,25528.75,25528.75,25516.75,25519.75
1789424100000,25520.75,25521.75,25513.75,25517.75
1789425000000,25518.75,25520.75,25515.75,25516.75
1789425900000,25517.75,25525.75,25517.75,25519.75
1789426800000,25518.75,25522.75,25513.75,25520.75
1789427700000,25519.75,25521.75,25512.75,25513.75
1789428600000,25514.75,25520.75,25514.75,25517.75
1789429500000,25516.75,25520.75,25511.75,25517.75
1789430400000,25522.75,25522.75,25504.75,25517.75
1789431300000,25527.65,25539.65,25508.75,25509.95
1789432200000,25510.35,25532.949999999997,25509.35,25522.949999999997
1789433100000,25522.45,25545.350000000002,25520.95,25533.45
1789434000000,25532.45,25540.75,25523.45,25536.95
1789434900000,25535.45,25537.350000000002,25518.95,25523.45
1789435800000,25524.45,25528.350000000002,25487.45,25496.45
1789436700000,25495.449999999997,25500.75,25486.35,25491.449999999997
1789437600000,25490.45,25501.95,25484.45,25496.45
1789438500000,25497.95,25506.75,25493.45,25502.95
1789439400000,25503.350000000002,25510.75,25491.95,25495.95
1789440300000,25498.95,25503.350000000002,25486.95,25489.75
1789441200000,25490.350000000002,25492.350000000002,25480.45,25482.45
1789442100000,25480.45,25489.95,25477.45,25489.95
1789443000000,25489.449999999997,25490.949999999997,25478.35,25486.449999999997
1789443900000,25487.449999999997,25487.949999999997,25467.35,25470.75
1789444800000,25469.75,25478.95,25462.45,25462.45
1789445700000,25463.45,25466.350000000002,25435.45,25441.95
1789446600000,25442.35,25443.949999999997,25418.35,25428.949999999997
1789447500000,25428.350000000002,25436.350000000002,25405.95,25406.350000000002
1789448400000,25405.350000000002,25417.350000000002,25393.45,25401.350000000002
1789449300000,25401.75,25423.75,25392.45,25422.350000000002
1789450200000,25421.95,25447.75,25418.95,25447.350000000002
1789451100000,25447.75,25477.75,25446.75,25464.75
1789452000000,25463.35,25486.55,25461.75,25477.55
1789452900000,25476.55,25483.55,25456.55,25459.55
1789453800000,25458.55,25459.55,25431.55,25437.55
1789454700000,25435.55,25453.55,25417.55,25423.55
1789455600000,25425.55,25426.55,25334.55,25337.55
1789456500000,25335.55,25382.55,25329.55,25349.55
1789457400000,25350.55,25352.55,25250.05,25250.05
1789458300000,25251.05,25253.55,25208.55,25251.55
1789459200000,25250.55,25252.55,25184.55,25228.55
1789460100000,25229.55,25292.55,25225.55,25287.55
1789461000000,25286.55,25303.55,25255.55,25260.55
1789461900000,25259.55,25269.55,25240.55,25266.55
1789462800000,25267.55,25269.55,25236.55,25254.55
1789463700000,25253.55,25282.55,25229.55,25278.55
1789464600000,25279.55,25330.05,25275.55,25329.05
1789465500000,25330.05,25383.55,25325.55,25383.55
1789466400000,25384.55,25420.55,25379.55,25402.55
1789467300000,25401.55,25414.55,25373.55,25413.55
1789468200000,25414.55,25430.55,25404.55,25424.55
1789469100000,25425.55,25450.55,25418.55,25446.55
1789470000000,25445.55,25456.55,25426.55,25428.55
1789470900000,25427.55,25450.55,25427.55,25442.55
1789471800000,25444.55,25459.55,25433.55,25437.55
1789472700000,25436.55,25478.05,25435.55,25471.55
1789473600000,25469.55,25470.55,25435.75,25451.75
1789474500000,25450.75,25450.75,25430.75,25443.95
1789475400000,25444.35,25457.75,25429.75,25441.75
1789476300000,25440.75,25500.75,25440.75,25493.75
1789477200000,25492.75,25500.75,25474.75,25480.75
1789478100000,25481.75,25507.75,25479.75,25480.75
1789479000000,25482.75,25492.75,25447.75,25475.75
1789479900000,25474.75,25489.75,25444.75,25489.75
1789480800000,25488.75,25505.75,25463.75,25476.75
1789481700000,25477.75,25486.75,25433.75,25436.75
1789482600000,25435.75,25455.75,25416.75,25421.75
1789483500000,25420.75,25420.75,25382.75,25411.75
1789484400000,25412.75,25436.75,25396.75,25436.75
1789485300000,25434.75,25451.75,25422.75,25449.75
1789486200000,25450.75,25477.75,25419.75,25473.75
1789487100000,25474.75,25475.75,25448.75,25450.75
1789488000000,25449.75,25452.75,25433.75,25440.75
1789488900000,25441.75,25481.75,25440.75,25476.75
1789489800000,25475.75,25481.75,25465.75,25471.75
1789490700000,25470.75,25478.75,25464.75,25473.75
1789491600000,25474.75,25481.75,25462.75,25477.75
1789492500000,25476.75,25479.75,25461.75,25467.75
1789493400000,25468.75,25477.75,25463.75,25465.75
1789494300000,25466.75,25477.75,25460.75,25476.75
1789495200000,25477.75,25489.75,25470.75,25488.75
1789496100000,25489.75,25490.75,25476.75,25481.75
1789497000000,25480.75,25481.75,25460.75,25461.75
1789497900000,25462.75,25469.75,25447.75,25469.75
1789498800000,25468.75,25471.75,25457.75,25458.75
1789499700000,25457.75,25459.75,25446.75,25451.75
1789500600000,25452.75,25454.75,25444.75,25444.75
1789501500000,25443.75,25458.75,25441.75,25453.85
1789502400000,25451.850000000002,25472.96,25450.95,25470.96
1789503300000,25471.96,25471.96,25466.96,25467.96
1789504200000,25466.96,25473.96,25465.96,25468.96
1789505100000,25469.96,25473.96,25467.96,25470.95
1789509600000,25468.55,25473.55,25461.55,25463.55
1789510500000,25464.55,25468.55,25461.55,25466.55
1789511400000,25465.55,25476.55,25465.55,25472.55
1789512300000,25471.55,25480.55,25471.55,25476.55
1789513200000,25475.55,25477.55,25470.55,25470.55
1789514100000,25471.55,25472.55,25463.55,25464.55
1789515000000,25463.55,25478.27,25463.27,25476.27
1789515900000,25477.27,25480.27,25472.27,25477.27
1789516800000,25479.27,25490.55,25473.27,25488.55
1789517700000,25472.45,25496.55,25470.75,25492.75
1789518600000,25493.75,25498.15,25484.75,25489.25
1789519500000,25487.25,25494.75,25481.75,25483.15
1789520400000,25481.75,25492.75,25474.25,25491.25
1789521300000,25491.25,25494.75,25482.25,25482.25
1789522200000,25484.25,25485.75,25459.75,25462.75
1789523100000,25466.25,25470.75,25446.75,25451.25
1789524000000,25452.75,25466.75,25450.25,25457.75
1789524900000,25457.25,25482.25,25454.25,25480.25
1789525800000,25479.25,25492.75,25471.75,25471.75
1789526700000,25472.25,25486.75,25471.75,25486.25
1789527600000,25483.25,25501.75,25483.25,25501.15
1789528500000,25500.75,25521.25,25496.25,25506.25
1789529400000,25506.25,25507.75,25493.75,25502.25
1789530300000,25501.25,25512.25,25500.75,25508.25
1789531200000,25509.75,25514.75,25501.75,25504.25
1789532100000,25505.75,25507.75,25493.25,25494.75
1789533000000,25493.75,25496.25,25476.75,25478.25
1789533900000,25479.25,25491.75,25478.75,25478.75
1789534800000,25479.75,25487.15,25471.75,25484.15
1789535700000,25483.75,25491.75,25480.55,25489.75
1789536600000,25490.15,25506.15,25484.75,25506.15
1789537500000,25507.55,25518.05,25500.75,25507.25
1789538400000,25504.149999999998,25525.35,25494.35,25514.35
1789539300000,25513.35,25525.35,25497.35,25504.35
1789540200000,25503.35,25508.35,25490.35,25499.35
1789541100000,25498.35,25527.35,25481.35,25521.35
1789542000000,25520.35,25553.35,25504.35,25511.35
1789542900000,25513.35,25535.35,25491.35,25520.35
1789543800000,25521.35,25527.35,25476.35,25476.35
1789544700000,25477.35,25484.35,25459.35,25468.35
1789545600000,25470.35,25470.35,25421.85,25432.35
1789546500000,25433.35,25451.85,25407.35,25423.35
1789547400000,25422.35,25433.35,25388.85,25418.35
1789548300000,25419.35,25452.35,25411.35,25452.35
1789549200000,25453.35,25468.35,25432.35,25440.35
1789550100000,25439.35,25452.35,25416.35,25431.35
1789551000000,25430.35,25465.35,25420.35,25461.35
1789551900000,25462.35,25486.35,25445.35,25473.35
1789552800000,25472.35,25476.35,25441.35,25472.35
1789553700000,25473.35,25494.35,25466.35,25494.35
1789554600000,25493.35,25510.35,25488.35,25510.35
1789555500000,25509.35,25525.35,25490.35,25525.35
1789556400000,25523.35,25532.35,25505.35,25514.35
1789557300000,25515.35,25520.35,25502.35,25514.35
1789558200000,25515.35,25528.35,25509.35,25521.35
1789559100000,25522.35,25537.35,25517.35,25532.35
1789560000000,25531.35,25538.35,25518.35,25519.35
1789560900000,25518.35,25526.35,25510.35,25519.05
1789561800000,25521.05,25522.35,25483.35,25491.35
1789562700000,25490.35,25526.35,25490.35,25523.35
1789563600000,25522.35,25527.35,25482.35,25518.35
1789564500000,25517.35,25518.35,25498.35,25514.35
1789565400000,25517.35,25537.35,25497.35,25524.35
1789566300000,25525.35,25556.35,25518.35,25541.35
1789567200000,25538.35,25557.35,25510.35,25522.35
1789568100000,25523.35,25531.35,25510.35,25529.35
1789569000000,25530.35,25557.35,25517.35,25547.35
1789569900000,25548.35,25586.35,25541.35,25585.35
1789570800000,25584.35,25625.35,25574.85,25618.35
1789571700000,25617.35,25622.35,25577.35,25584.35
1789572600000,25585.35,25591.35,25562.35,25569.35
1789573500000,25568.35,25630.35,25567.35,25579.35
1789574400000,25580.35,25582.35,25567.35,25571.35
1789575300000,25572.350000000002,25573.350000000002,25552.95,25554.350000000002
1789576200000,25553.35,25556.35,25545.35,25553.35
1789577100000,25554.35,25558.35,25545.35,25545.35
1789578000000,25546.35,25552.35,25535.35,25549.35
1789578900000,25548.35,25559.35,25546.35,25559.35
1789579800000,25560.35,25562.35,25548.35,25550.35
1789580700000,25551.35,25582.55,25550.35,25580.55
1789581600000,25580.55,25617.35,25551.05,25598.35
1789582500000,25599.35,25622.35,25593.35,25609.35
1789583400000,25608.949999999997,25633.35,25540.35,25608.35
1789584300000,25607.35,25623.35,25500.35,25502.35
1789585200000,25503.35,25538.35,25457.35,25460.35
1789586100000,25461.35,25475.35,25425.35,25446.35
1789587000000,25447.35,25493.35,25445.35,25475.35
1789587900000,25476.35,25538.449999999997,25474.35,25536.449999999997
1789588800000,25536.45,25548.59,25527.59,25530.59
1789589700000,25531.59,25536.59,25512.59,25522.59
1789590600000,25523.59,25534.55,25517.59,25529.55
1789591500000,25530.55,25533.55,25520.55,25529.55
1789596000000,25541.05,25548.34,25525.05,25545.329999999998
1789596900000,25546.329999999998,25564.899999999998,25541.62,25564.899999999998
1789597800000,25563.9,25593.06,25563.9,25587.77
1789598700000,25586.77,25597.2,25578.05,25585.05
1789599600000,25584.05,25597.05,25583.05,25592.05
1789600500000,25593.05,25622.18,25593.05,25613.18
1789601400000,25614.18,25636.55,25614.18,25630.55
1789602300000,25629.55,25645.05,25625.05,25637.05
1789603200000,25636.05,25662.05,25630.62,25630.62
1789604100000,25629.62,25666.05,25617.75,25656.75
1789605000000,25657.75,25701.65,25655.25,25697.25
1789605900000,25696.75,25705.25,25684.05,25697.25
1789606800000,25700.75,25725.55,25696.75,25715.65
1789607700000,25715.25,25721.05,25707.75,25714.75
1789608600000,25715.25,25728.25,25694.75,25702.65
1789609500000,25702.25,25705.25,25679.75,25682.25
1789610400000,25681.25,25698.25,25677.75,25684.75
1789611300000,25685.75,25703.65,25684.75,25699.75
1789612200000,25700.75,25716.65,25699.75,25714.25
1789613100000,25714.649999999998,25717.05,25695.05,25702.05
1789614000000,25701.65,25706.55,25691.75,25701.25
1789614900000,25702.65,25719.05,25700.25,25716.25
1789615800000,25716.05,25732.25,25710.75,25731.25
1789616700000,25731.649999999998,25734.649999999998,25720.05,25727.649999999998
1789617600000,25728.25,25733.75,25712.75,25717.75
1789618500000,25717.25,25718.25,25707.25,25711.75
1789619400000,25709.75,25723.25,25703.25,25722.75
1789620300000,25721.75,25727.05,25709.25,25710.25
1789621200000,25711.75,25715.75,25704.25,25704.75
1789622100000,25705.75,25706.75,25690.65,25695.25
1789623000000,25696.25,25696.65,25677.75,25679.75
1789623900000,25679.75,25680.75,25659.75,25662.75
1789624800000,25661.25,25692.85,25655.25,25674.85
1789625700000,25675.85,25713.85,25652.85,25711.85
1789626600000,25710.850000000002,25721.850000000002,25687.45,25702.850000000002
1789627500000,25703.85,25714.85,25696.85,25702.85
1789628400000,25701.85,25759.85,25669.85,25743.85
1789629300000,25742.85,25778.85,25725.85,25749.75
1789630200000,25750.75,25755.75,25717.75,25738.75
1789631100000,25737.75,25741.75,25669.75,25672.75
1789632000000,25674.75,25679.75,25638.75,25641.75
1789632900000,25639.75,25687.75,25619.75,25683.75
1789633800000,25681.75,25718.75,25673.75,25701.75
1789634700000,25700.75,25709.75,25685.75,25695.75
1789635600000,25694.75,25727.75,25672.75,25703.75
1789636500000,25702.75,25726.75,25690.75,25690.75
1789637400000,25691.75,25735.75,25691.75,25691.75