time,open,high,low,close
1783012500000,29238.45,29266.55,29206.95,29231.8
1783013400000,29231.7,29257.45,29146.55,29189.3
1783014300000,29189.55,29192.45,29113.45,29122.8
1783015200000,29123.3,29286.8,29115.67,29244.05
1783016100000,29244.3,29273.3,29196.05,29272.8
1783017000000,29272.3,29309.05,29249.05,29265.55
1783017900000,29265.05,29310.55,29224.3,29272.7
1783018800000,29272.95,29287.3,29165.7,29196.8
1783019700000,29196.2,29228.8,29134.3,29206.3
1783020600000,29207.8,29259.2,29196.8,29239.05
1783021500000,29239.3,29372.670000000002,29217.2,29321.05
1783022400000,29322.05,29336.8,29298.55,29330.3
1783023300000,29331.8,29345.8,29317.8,29332.55
1783024200000,29333.3,29348.8,29322.3,29326.05
1783025100000,29326.3,29343.8,29322.3,29336.649999999998
1783029600000,29356.649999999998,29377.55,29346.8,29368.8
1783030500000,29369.05,29384.3,29366.05,29367.55
1783031400000,29367.05,29409.3,29357.05,29408.8
1783032300000,29408.3,29410.05,29397.55,29404.8
1783033200000,29404.55,29405.55,29342.8,29347.55
1783034100000,29348.55,29396.05,29341.05,29390.3
1783035000000,29389.55,29407.05,29360.05,29360.05
1783035900000,29360.8,29396.05,29354.8,29388.05
1783036800000,29388.55,29427.8,29329.3,29404.3
1783037700000,29404.05,29408.3,29347.05,29349.3
1783038600000,29349.55,29389.55,29323.05,29340.3
1783039500000,29340.05,29359.3,29311.3,29325.55
1783040400000,29326.55,29484.8,29322.3,29462.05
1783041300000,29462.3,29468.8,29434.55,29443.8
1783042200000,29444.8,29471.8,29432.55,29462.8
1783043100000,29463.05,29486.55,29447.8,29469.8
1783044000000,29470.55,29504.8,29469.55,29482.3
1783044900000,29483.05,29519.3,29482.05,29516.8
1783045800000,29518.55,29520.55,29493.3,29512.05
1783046700000,29512.55,29543.3,29512.55,29538.55
1783047600000,29537.05,29542.8,29519.05,29533.55
1783048500000,29534.3,29549.55,29530.3,29548.8
1783049400000,29548.55,29562.8,29508.8,29511.05
1783050300000,29511.55,29558.3,29506.3,29556.3
1783051200000,29556.3,29574.3,29551.05,29573.05
1783052100000,29573.55,29591.8,29570.55,29591.8
1783053000000,29591.55,29602.05,29575.55,29595.3
1783053900000,29595.55,29608.55,29580.05,29591.3
1783054800000,29590.8,29619.8,29579.3,29610.8
1783055700000,29611.05,29614.3,29582.8,29597.8
1783056600000,29597.55,29629.5,29592.55,29608.3
1783057500000,29608.8,29617.05,29596.3,29612.8
1783058400000,29613.3,29675.8,29610.3,29659.8
1783059300000,29659.55,29665.8,29631.8,29656.3
1783060200000,29656.8,29661.05,29640.3,29645.05
1783061100000,29644.3,29647.3,29622.3,29629.05
1783062000000,29629.05,29641.95,29614.3,29624.95
1783062900000,29624.7,29655.3,29622.95,29648.3
1783063800000,29647.8,29656.8,29625.3,29626.45
1783064700000,29626.55,29646.45,29624.2,29632.55
1783065600000,29632.8,29649.7,29621.3,29627.3
1783066500000,29627.8,29642.45,29624.55,29633.3
1783067400000,29632.8,29661.7,29622.55,29657.8
1783068300000,29658.05,29658.55,29620.3,29637.3
1783069200000,29637.7,29666.3,29616.55,29665.7
1783070100000,29665.3,29680.55,29654.05,29676.05
1783071000000,29675.05,29687.2,29658.55,29683.8
1783071900000,29683.55,29687.3,29656.05,29659.3
1783072800000,29659.05,29671.45,29647.55,29666.45
1783073700000,29666.95,29668.55,29653.05,29663.45
1783074600000,29663.55,29680.2,29653.55,29680.2
1783075500000,29680.8,29682.05,29667.3,29668.55
1783076400000,29668.3,29678.45,29656.55,29674.45
1783077300000,29674.3,29677.8,29654.45,29662.05
1783078200000,29661.8,29677.7,29660.05,29663.55
1783079100000,29663.3,29695.7,29661.8,29689.05
1783080000000,29688.8,29710.7,29669.55,29675.2
1783080900000,29674.95,29683.8,29664.3,29672.3
1783081800000,29672.55,29682.8,29666.2,29673.05
1783082700000,29672.8,29692.92,29672.8,29690.55
1783083600000,29690.7,29705.8,29674.45,29677.95
1783084500000,29677.7,29711.55,29677.3,29708.7
1783085400000,29708.8,29743.3,29694.8,29717.05
1783086300000,29717.7,29732.3,29701.3,29727.3
1783087200000,29727.45,29734.3,29688.3,29690.3
1783088100000,29689.95,29711.8,29677.05,29695.3
1783089000000,29695.2,29714.8,29688.2,29692.95
1783089900000,29692.3,29716.8,29689.3,29707.05
1783090800000,29708.55,29710.55,29690.8,29699.55
1783091700000,29699.8,29713.05,29686.05,29687.05
1783092600000,29687.2,29692.05,29673.8,29683.3
1783093500000,29683.55,29701.3,29680.45,29694.8
1783094400000,29694.55,29695.8,29683.05,29683.55
1783095300000,29683.45,29703.55,29683.45,29689.05
1783096200000,29689.3,29713.05,29679.7,29709.3
1783097100000,29710.05,29712.05,29685.05,29691.8
1783098000000,29691.05,29691.05,29691.05,29691.05
1783288800000,29748.699999999997,29772.449999999997,29657.1,29695.6
1783289700000,29695.35,29742.35,29684.85,29730.35
1783290600000,29731.1,29768.35,29729.85,29765.6
1783291500000,29765.35,29773.6,29737.1,29740.6
1783292400000,29741.1,29801.85,29721.85,29784.85
1783293300000,29783.85,29797.35,29771.35,29779.6
1783294200000,29779.35,29804.85,29766.6,29770.1
1783295100000,29770.35,29800.6,29759.35,29780.1
1783296000000,29779.6,29782.85,29695.6,29777.35
1783296900000,29778.1,29799.35,29674.6,29677.35
1783297800000,29674.85,29739.1,29641.35,29728.85
1783298700000,29729.1,29764.6,29709.6,29720.35
1783299600000,29720.1,29726.35,29662.35,29673.85
1783300500000,29674.1,29687.6,29568.35,29608.6
1783301400000,29607.6,29650.1,29602.1,29611.85
1783302300000,29611.6,29611.85,29546.1,29587.85
1783303200000,29590.85,29613.6,29550.6,29555.35
1783304100000,29555.35,29586.35,29530.35,29531.6
1783305000000,29533.35,29542.85,29488.85,29495.6
1783305900000,29495.1,29526.35,29478.85,29520.6
1783306800000,29520.85,29579.35,29512.1,29566.1
1783307700000,29565.35,29586.35,29543.35,29582.85
1783308600000,29582.35,29601.6,29532.85,29534.6
1783309500000,29534.85,29542.85,29488.85,29526.1
1783310400000,29525.6,29572.85,29498.35,29570.6
1783311300000,29570.85,29594.85,29564.1,29590.1
1783312200000,29590.6,29631.6,29584.1,29622.6
1783313100000,29622.1,29635.6,29608.35,29623.85
1783314000000,29624.6,29626.85,29587.6,29604.1
1783314900000,29603.85,29614.35,29563.85,29564.85
1783315800000,29566.1,29594.6,29548.85,29583.6
1783316700000,29583.85,29596.6,29561.6,29586.1
1783317600000,29586.85,29603.1,29550.6,29555.85
1783318500000,29555.6,29591.6,29551.1,29585.85
1783319400000,29585.35,29653.6,29579.6,29649.6
1783320300000,29649.1,29650.85,29628.1,29643.1
1783321200000,29641.35,29657.85,29624.85,29643.35
1783322100000,29642.85,29659,29614.1,29616.6
1783323000000,29618.1,29670.35,29612.35,29668.25
1783323900000,29667.85,29670.5,29646.5,29647.6
1783324800000,29648.85,29678.85,29598.5,29616.1
1783325700000,29616.85,29627.6,29576.1,29627.6
1783326600000,29628.25,29649.6,29603.35,29640.1
1783327500000,29640.35,29666.85,29633.6,29664.85
1783328400000,29664.6,29670.6,29640,29647.6
1783329300000,29647.85,29664.35,29643.85,29659.85
1783330200000,29658.85,29663.35,29634.85,29646.1
1783331100000,29645.85,29683.85,29622.85,29671.75
1783332000000,29673.1,29687.1,29648.1,29673.5
1783332900000,29672.1,29679.6,29656.6,29658.5
1783333800000,29658.75,29680.6,29651.35,29652.1
1783334700000,29651.5,29680.35,29642.85,29680.35
1783335600000,29680.25,29691.1,29637,29653.5
1783336500000,29654.25,29687.1,29648.85,29675.6
1783337400000,29675.25,29692.6,29666.75,29678.85
1783338300000,29679,29710,29672.25,29674.1
1783339200000,29674.1,29731,29661.1,29727.5
1783340100000,29727.1,29731.1,29672,29689.1
1783341000000,29689,29719.25,29685.35,29695.75
1783341900000,29696.6,29730.85,29694.75,29730.1
1783342800000,29729.6,29733.1,29651.6,29654.85
1783343700000,29655.1,29660.85,29616.85,29630.1
1783344600000,29630.1,29731.85,29571.85,29715.1
1783345500000,29713.35,29802.6,29692.25,29728.1
1783346400000,29732.8,29823.1,29701.6,29817.1
1783347300000,29816.85,29837.1,29783.1,29808.25
1783348200000,29808.6,29852.1,29784.85,29833.35
1783349100000,29833.6,29862.6,29783.1,29820.85
1783350000000,29822.1,29838.85,29755.6,29778.75
1783350900000,29779.35,29857.85,29737.6,29856.85
1783351800000,29856.85,29874.219999999998,29827.85,29867.1
1783352700000,29866.85,29880.1,29845.35,29869.85
1783353600000,29870.1,29889.6,29850.1,29866.35
1783354500000,29867.35,29873.6,29820.35,29828.35
1783355400000,29828.6,29839.35,29797.85,29812.1
1783356300000,29811.85,29833.35,29777.35,29786.1
1783357200000,29785.1,29831.1,29770.6,29813.85
1783358100000,29813.35,29826.6,29742.85,29750.35
1783359000000,29750.6,29755.35,29677.85,29699.469999999998
1783359900000,29700.35,29730.6,29678.25,29691.85
1783360800000,29691.600000000002,29762.600000000002,29690.72,29744.100000000002
1783361700000,29745.1,29794.85,29745.1,29767.35
1783362600000,29767.1,29779.1,29743.6,29772.6
1783363500000,29773.1,29799.1,29770.85,29785.6
1783364400000,29787.1,29819.6,29776.1,29806.6
1783365300000,29807.1,29846.85,29800.1,29830.1
1783366200000,29830.85,29832.1,29792.6,29819.1
1783367100000,29818.85,29830.85,29727.6,29748.1
1783368000000,29747.1,29767.35,29728.5,29759.1
1783368900000,29758.6,29765.1,29745.6,29754.6
1783369800000,29754.85,29760.85,29748.1,29750.6
1783370700000,29750.85,29753.6,29726.6,29741.699999999997
1783375200000,29753.649999999998,29766.3,29738.8,29763.05
1783376100000,29763.55,29771.3,29749.05,29750.05
1783377000000,29749.8,29767.3,29741.3,29748.55
1783377900000,29748.3,29749.55,29687.8,29693.8
1783378800000,29692.3,29727.55,29690.05,29704.8
1783379700000,29704.05,29704.8,29672.05,29696.55
1783380600000,29696.3,29704.55,29664.8,29672.3
1783381500000,29672.55,29673.55,29639.05,29650.8
1783382400000,29648.55,29679.3,29623.8,29626.3
1783383300000,29627.05,29711.8,29615.05,29676.8
1783384200000,29677.05,29685.8,29606.8,29630.3
1783385100000,29630.8,29654.8,29606.8,29615.8
1783386000000,29615.55,29632.8,29598.55,29602.05
1783386900000,29601.55,29612.8,29526.8,29537.8
1783387800000,29537.55,29587.8,29516.05,29587.05
1783388700000,29587.3,29619.55,29567.3,29571.55
1783389600000,29571.3,29614.05,29565.55,29602.8
1783390500000,29603.05,29617.55,29569.3,29570.55
1783391400000,29570.8,29579.05,29537.55,29577.8
1783392300000,29577.55,29578.3,29542.8,29545.55
1783393200000,29545.8,29582.55,29540.3,29557.05
1783394100000,29556.8,29558.8,29478.55,29482.8
1783395000000,29483.3,29506.8,29461.3,29462.55
1783395900000,29462.3,29473.55,29427.8,29466.55
1783396800000,29466.8,29478.3,29436.3,29436.3
1783397700000,29436.3,29445.05,29414.8,29436.55
1783398600000,29436.55,29454.55,29420.3,29431.8
1783399500000,29432.55,29437.8,29406.3,29423.8
1783400400000,29423.55,29424.8,29383.8,29385.3
1783401300000,29385.55,29405.55,29356.8,29389.3
1783402200000,29388.8,29463.55,29388.8,29458.8
1783403100000,29458.55,29502.55,29444.05,29487.3
1783404000000,29487.05,29499.3,29429.8,29440.55
1783404900000,29440.55,29472.3,29440.3,29460.3
1783405800000,29460.05,29482.05,29445.05,29481.3
1783406700000,29481.05,29491.55,29462.05,29488.05
1783407600000,29487.3,29522.05,29466.05,29516.8
1783408500000,29515.7,29542.3,29510.8,29515.2
1783409400000,29514.95,29521.8,29490.8,29490.8
1783410300000,29490.95,29497.7,29442.05,29444.55
1783411200000,29445.95,29493.7,29439.8,29486.3
1783412100000,29485.8,29507.8,29480.8,29490.45
1783413000000,29490.2,29503.05,29470.05,29480.8
1783413900000,29480.95,29494.45,29456.95,29457.7
1783414800000,29457.45,29488.55,29441.2,29485.7
1783415700000,29486.2,29491.7,29453.3,29453.55
1783416600000,29454.05,29459.05,29428.55,29449.05
1783417500000,29448.55,29462.7,29421.55,29460.95
1783418400000,29461.2,29486.3,29439.05,29447.05
1783419300000,29446.8,29486.2,29444.45,29471.7
1783420200000,29471.2,29471.55,29442.7,29445.55
1783421100000,29445.45,29457.8,29424.8,29457.8
1783422000000,29457.95,29459.05,29401.45,29412.7
1783422900000,29411.2,29449.3,29409.3,29430.3
1783423800000,29430.45,29430.95,29390.05,29420.05
1783424700000,29420.3,29443.3,29398.8,29439.95
1783425600000,29439.55,29514.3,29438.05,29501.8
1783426500000,29501.55,29503.95,29457.95,29485.55
1783427400000,29485.3,29506.55,29462.05,29484.3
1783428300000,29483.95,29485.45,29421.05,29441.05
1783429200000,29439.95,29453.55,29411.55,29439.95
1783430100000,29439.8,29450.8,29382.55,29391.8
1783431000000,29391.2,29481.8,29290.3,29391.3
1783431900000,29392.05,29393.55,29220.05,29267.95
1783432800000,29268.2,29301.8,29133.05,29141.3
1783433700000,29140.55,29175.3,29059.05,29101.55
1783434600000,29103.3,29125.3,29009.3,29037.55
1783435500000,29037.3,29124.05,29031.3,29101.05
1783436400000,29097.3,29156.1,29070.55,29117.55
1783437300000,29116.55,29121.05,29070.7,29112.95
1783438200000,29113.05,29128.05,29047.3,29128.05
1783439100000,29127.8,29186.8,29124.05,29185.55
1783440000000,29185.3,29268.42,29175.55,29264.55
1783440900000,29264.8,29344.8,29249.05,29334.8
1783441800000,29331.55,29356.05,29284.8,29326.05
1783442700000,29326.3,29355.8,29301.8,29338.3
1783443600000,29338.8,29379.3,29328.55,29331.55
1783444500000,29331.3,29371.55,29308.8,29331.55
1783445400000,29332.05,29366.8,29332.05,29359.8
1783446300000,29359.55,29366.05,29327.3,29365.55
1783447200000,29366.55,29372.55,29330.8,29345.55
1783448100000,29345.3,29358.8,29309.8,29315.55
1783449000000,29316.3,29329.05,29251.05,29270.55
1783449900000,29271.05,29283.05,29182.55,29187.8
1783450800000,29188.3,29205.05,29115.55,29131.05
1783451700000,29130.3,29130.8,29067.8,29121.3
1783452600000,29120.8,29169.8,29102.7,29109.3
1783453500000,29108.45,29197.3,29105.05,29191.8
1783454400000,29197.3,29235.05,29186.8,29215.3
1783455300000,29215.05,29222.05,29194.55,29214.55
1783456200000,29214.8,29222.3,29212.05,29214.17
1783457100000,29214.3,29220.05,29211.05,29217.649999999998
1783461600000,29151.55,29176.45,29120.45,29176.45
1783462500000,29175.95,29188.4,29165.7,29173.2
1783463400000,29173.45,29198.95,29164.95,29183.95
1783464300000,29183.7,29195.2,29173.2,29184.2
1783465200000,29182.95,29195.45,29157.7,29178.2
1783466100000,29177.95,29206.45,29174.45,29197.2
1783467000000,29196.95,29204.7,29139.95,29144.95
1783467900000,29144.95,29159.95,29093.95,29101.45
1783468800000,29097.2,29226.7,29068.45,29215.2
1783469700000,29215.7,29278.2,29192.2,29253.95
1783470600000,29254.2,29315.95,29209.2,29315.95
1783471500000,29316.2,29345.95,29312.45,29342.95
1783472400000,29344.7,29357.45,29295.2,29350.45
1783473300000,29350.2,29354.2,29281.2,29286.2
1783474200000,29285.95,29294.45,29227.45,29258.2
1783475100000,29257.95,29285.2,29226.95,29235.95
1783476000000,29238.45,29241.7,29188.45,29196.7
1783476900000,29196.45,29258.7,29192.2,29220.95
1783477800000,29221.7,29256.95,29199.95,29256.45
1783478700000,29256.7,29275.2,29245.7,29260.95
1783479600000,29264.45,29294.95,29261.7,29287.7
1783480500000,29287.95,29318.7,29275.7,29315.7
1783481400000,29315.45,29332.2,29281.95,29288.45
1783482300000,29289.45,29293.2,29264.95,29267.45
1783483200000,29267.2,29273.45,29233.95,29243.2
1783484100000,29242.7,29262.45,29228.95,29240.7
1783485000000,29241.2,29245.2,29191.2,29208.45
1783485900000,29208.95,29220.9,29176.2,29215.2
1783486800000,29215.45,29246.9,29199.7,29207.7
1783487700000,29207.7,29231.45,29179.2,29184.2
1783488600000,29183.45,29184.45,29146.95,29151.95
1783489500000,29152.45,29162.45,29111.7,29147.45
1783490400000,29146.95,29162.95,29129.45,29143.95
1783491300000,29144.2,29157.7,29120.7,29123.45
1783492200000,29121.2,29130.7,29085.7,29089.2
1783493100000,29088.45,29151.7,29082.45,29129.2
1783494000000,29129.45,29135.45,29081.57,29102.7
1783494900000,29102.45,29155.45,29081.2,29151.2
1783495800000,29151.2,29207.600000000002,29146.2,29193.850000000002
1783496700000,29194.45,29203.45,29169.7,29180.45
1783497600000,29180.7,29211.2,29141.45,29208.45
1783498500000,29208.7,29213.7,28862.95,28879.7
1783499400000,28880.2,28903.95,28759.7,28820.45
1783500300000,28821.2,28897.45,28801.95,28809.45
1783501200000,28808.95,28833.2,28712.45,28713.45
1783502100000,28713.7,28770.95,28710.2,28760.45
1783503000000,28759.2,28810.57,28752.95,28788.600000000002
1783503900000,28788.2,28802.350000000002,28746.7,28756.45
1783504800000,28759.95,28781.95,28722.7,28755.95
1783505700000,28756.350000000002,28822.600000000002,28746.45,28821.45
1783506600000,28820.7,28857.3,28797.2,28852
1783507500000,28851.5,28863.25,28816.25,28822.25
1783508400000,28824.5,28831,28780.5,28805.5
1783509300000,28805.25,28815.05,28778.75,28787.75
1783510200000,28790.3,28922.25,28777,28888.25
1783511100000,28888,28918.25,28857.25,28892
1783512000000,28891.5,28985.25,28857.25,28952.25
1783512900000,28952.75,28982.3,28927.5,28979.55
1783513800000,28980.25,28995,28949,28986.5
1783514700000,28987,29039.5,28954,28956.3
1783515600000,28956.05,29023.3,28950.8,29013.5
1783516500000,29014.3,29030.5,28956.55,29006
1783517400000,29004.25,29187,29004.25,29150.25
1783518300000,29151.3,29200.05,29091.5,29170.55
1783519200000,29170.75,29189.3,29048,29073.25
1783520100000,29073.5,29174.05,29038.25,29095.3
1783521000000,29094,29137.05,29011.25,29055.25
1783521900000,29054.25,29094.5,28955.25,29013.25
1783522800000,29017.05,29025.55,28933.25,28939.75
1783523700000,28939.05,28963,28836.75,28859.75
1783524600000,28861.75,28954.5,28838,28916.05
1783525500000,28916.25,28933.05,28853.75,28898.75
1783526400000,28900.75,29023.3,28897,29015.75
1783527300000,29016.8,29104.5,28997.55,29078.75
1783528200000,29077.75,29149.25,29048.75,29133.3
1783529100000,29133.25,29178.5,29112.5,29175.25
1783530000000,29175.75,29191.25,29137.25,29138.5
1783530900000,29138.3,29246,29137.5,29242.75
1783531800000,29243,29258.75,29185.5,29190.25
1783532700000,29190,29190.75,29126.75,29154.55
1783533600000,29153.3,29225,29131.25,29208.3
1783534500000,29208.25,29220.75,29172,29174.25
1783535400000,29173.75,29219.75,29149.5,29203.25
1783536300000,29203,29226,29182.75,29207.25
1783537200000,29208,29237.75,29178.9,29198.25
1783538100000,29198,29239.25,29182.75,29226.75
1783539000000,29227.5,29235.25,29191.25,29220
1783539900000,29218,29301.5,29185.5,29261
1783540800000,29260.25,29270.25,29205.25,29226.25
1783541700000,29226.5,29226.75,29188.55,29197
1783542600000,29196.75,29200.25,29155.5,29187.25
1783543500000,29188,29207.55,29176.25,29191.05
1783548000000,29218.6,29250,29207.35,29238
1783548900000,29238.25,29253.5,29209.25,29227.25
1783549800000,29227.5,29240.75,29211.5,29213
1783550700000,29212.75,29233,29210.75,29229.75
1783551600000,29229.5,29259.5,29227.25,29249.5
1783552500000,29249.25,29249.25,29200,29227.75
1783553400000,29224.5,29290,29205.25,29285.75
1783554300000,29284.5,29307,29273.25,29296.25
1783555200000,29296.5,29368.75,29296.5,29367.75
1783556100000,29368,29371.5,29323.25,29365.25
1783557000000,29366.75,29386.25,29318,29324.25
1783557900000,29323.5,29366.5,29293.5,29308.25
1783558800000,29308.5,29342.5,29267.5,29317
1783559700000,29317.25,29359,29305.5,29334.5
1783560600000,29336.25,29345.25,29311.5,29335
1783561500000,29335.25,29342,29249.5,29254.25
1783562400000,29253.75,29333,29231,29330.5
1783563300000,29330.25,29378.75,29321.5,29338.75
1783564200000,29338.5,29347.75,29267.25,29267.5
1783565100000,29267.5,29272.25,29224.25,29233.75
1783566000000,29234,29253.75,29210,29227.25
1783566900000,29226.5,29285.75,29201,29284.5
1783567800000,29284.75,29318.5,29278.75,29315.5
1783568700000,29314.75,29322,29300.5,29311.75
1783569600000,29310.75,29322,29299.25,29304
1783570500000,29304.25,29322.5,29267.5,29277.5
1783571400000,29278.5,29343,29278.5,29341.5
1783572300000,29341.25,29362.25,29325.5,29357.5
1783573200000,29357,29400,29313.5,29372.75
1783574100000,29372.5,29381.75,29317,29318.75
1783575000000,29320,29344,29279,29341.25
1783575900000,29340.75,29414,29337.25,29411.5
1783576800000,29411.5,29420.75,29376.75,29409.5
1783577700000,29409.75,29447.25,29406.75,29431.75
1783578600000,29432.75,29442,29403,29434.5
1783579500000,29433.75,29436.75,29406.25,29416.75
1783580400000,29417.75,29459.9,29408.75,29459.75
1783581300000,29460.15,29470.9,29444.65,29456.5
1783582200000,29456.25,29488,29445.65,29485.65
1783583100000,29485.9,29510.75,29476,29488.5
1783584000000,29489.75,29538.4,29468.5,29508.25
1783584900000,29508.5,29539.5,29499,29503.75
1783585800000,29503.25,29509.25,29465.15,29482
1783586700000,29482.25,29486.5,29447.9,29466
1783587600000,29466.25,29474.15,29434,29444.75
1783588500000,29444.5,29465.5,29437.5,29453.25
1783589400000,29453,29466.15,29418.25,29426.25
1783590300000,29426.5,29453.25,29423.25,29449.5
1783591200000,29448.75,29460.65,29438.25,29451.5
1783592100000,29451.25,29473.5,29437,29454.75
1783593000000,29454,29464.5,29433.75,29444.25
1783593900000,29444.9,29449.5,29368.5,29405.15
1783594800000,29405.25,29430.75,29382.75,29415.25
1783595700000,29415,29448,29398.75,29445.75
1783596600000,29446,29494.25,29434,29489
1783597500000,29489.25,29525.15,29484.5,29500.9
1783598400000,29500.65,29536.9,29485.25,29519.4
1783599300000,29519.65,29554.25,29509,29552.25
1783600200000,29552.5,29590.75,29544.65,29552.5
1783601100000,29552.75,29553.25,29520.25,29540.4
1783602000000,29540.5,29564,29530.5,29561.9
1783602900000,29562.15,29563.4,29531.5,29548.65
1783603800000,29549.25,29674.25,29476.65,29664
1783604700000,29663,29735,29613.25,29714.25
1783605600000,29719.25,29726.5,29590.75,29608.75
1783606500000,29607.75,29607.75,29420.15,29566.9
1783607400000,29569,29602.75,29502.65,29563.25
1783608300000,29564.25,29625.25,29528.75,29591.9
1783609200000,29592,29668,29585.25,29659
1783610100000,29657.5,29690.25,29635,29678.25
1783611000000,29679,29703.5,29661.5,29686.75
1783611900000,29687,29709.5,29683.75,29690.75
1783612800000,29691,29727.75,29691,29705
1783613700000,29705.37,29720.75,29685.5,29695
1783614600000,29695.25,29721,29669.25,29713.5
1783615500000,29712.5,29717.75,29690.25,29701.75
1783616400000,29701.25,29772,29698.25,29759
1783617300000,29758.75,29794.12,29758.75,29792.75
1783618200000,29793,29797.75,29767,29778.75
1783619100000,29779,29796.62,29756.75,29778.5
1783620000000,29778.75,29787.75,29766,29780.25
1783620900000,29780.75,29784.75,29747,29761.75
1783621800000,29761.5,29772.5,29744.12,29762.25
1783622700000,29762,29768.75,29734.25,29744
1783623600000,29743.75,29745.75,29714.25,29721
1783624500000,29720.5,29762,29711.5,29736
1783625400000,29735.87,29749.75,29715,29748
1783626300000,29747,29759.12,29701.75,29752.37
1783627200000,29753.12,29777.87,29747.5,29771.25
1783628100000,29770,29774.5,29741.87,29744.75
1783629000000,29744.5,29753.75,29736.75,29738.75
1783629900000,29739,29743.25,29730.85,29733.6
1783634400000,29744.55,29767.45,29732.95,29744.45
1783635300000,29744.2,29752.7,29711.95,29716.2
1783636200000,29715.7,29729.7,29713.2,29728.45
1783637100000,29728.95,29733.7,29721.2,29729.2
1783638000000,29728.95,29749.2,29715.45,29746.45
1783638900000,29746.2,29771.2,29737.7,29765.95
1783639800000,29765.7,29766.95,29747.45,29749.2
1783640700000,29748.95,29765.2,29733.7,29740.45
1783641600000,29740.7,29758.7,29666.7,29702.2
1783642500000,29702.45,29709.95,29630.45,29644.7
1783643400000,29645.7,29651.2,29612.2,29636.45
1783644300000,29635.2,29677.2,29616.2,29674.45
1783645200000,29674.7,29678.45,29625.95,29651.45
1783646100000,29650.7,29683.45,29645.45,29675.95
1783647000000,29674.2,29709.7,29662.7,29692.95
1783647900000,29693.2,29730.2,29689.2,29699.45
1783648800000,29699.95,29709.45,29674.2,29687.95
1783649700000,29688.95,29692.2,29661.95,29690.45
1783650600000,29690.7,29723.95,29682.2,29715.7
1783651500000,29715.95,29759.45,29710.2,29759.45
1783652400000,29759.7,29770.7,29749.2,29754.95
1783653300000,29755.45,29758.45,29729.95,29731.95
1783654200000,29731.95,29740.45,29725.2,29732.45
1783655100000,29731.95,29740.7,29719.95,29740.2
1783656000000,29741.2,29755.95,29730.95,29754.2
1783656900000,29753.95,29755.7,29725.45,29735.2
1783657800000,29734.95,29737.2,29714.2,29723.2
1783658700000,29723.45,29725.45,29683.7,29690.45
1783659600000,29690.95,29693.95,29673.45,29690.7
1783660500000,29690.2,29704.2,29678.45,29684.2
1783661400000,29684.7,29688.95,29659.95,29682.7
1783662300000,29682.45,29683.2,29648.2,29653.45
1783663200000,29655.95,29664.7,29628.2,29634.2
1783664100000,29633.7,29638.2,29583.45,29597.7
1783665000000,29595.7,29638.2,29592.95,29622.2
1783665900000,29622.2,29639.7,29617.95,29626.95
1783666800000,29627.45,29632.850000000002,29603.45,29620.7
1783667700000,29620.45,29632.2,29598.95,29624.45
1783668600000,29623.2,29625.95,29601.45,29603.95
1783669500000,29604.6,29606.85,29571.1,29581.1
1783670400000,29582.100000000002,29606.7,29551.2,29603.7
1783671300000,29604.850000000002,29611.7,29563.45,29575.850000000002
1783672200000,29576.350000000002,29592.7,29561.45,29592.7
1783673100000,29592.1,29605.85,29579.6,29581.1
1783674000000,29581.45,29607.600000000002,29526.45,29603.850000000002
1783674900000,29604.1,29624.449999999997,29604.1,29619.6
1783675800000,29619.2,29634.7,29613.2,29625.100000000002
1783676700000,29624.850000000002,29634.95,29608.2,29622.850000000002
1783677600000,29622.7,29649.2,29622.7,29640.95
1783678500000,29641.350000000002,29646.600000000002,29614.2,29645.850000000002
1783679400000,29646.2,29669.45,29645.95,29669.350000000002
1783680300000,29669.45,29669.45,29642.45,29658.2
1783681200000,29657.95,29684.7,29656.95,29682.95
1783682100000,29682.7,29694.95,29658.82,29659.85
1783683000000,29659.600000000002,29659.600000000002,29619.45,29644.2
1783683900000,29644.45,29650.7,29614.95,29622.850000000002
1783684800000,29622.95,29684.95,29579.7,29652.95
1783685700000,29651.45,29663.95,29633.2,29657.95
1783686600000,29658.699999999997,29667.699999999997,29628.1,29631.699999999997
1783687500000,29631.850000000002,29649.45,29607.95,29608.2
1783688400000,29607.95,29633.95,29599.45,29619.45
1783689300000,29619.350000000002,29658.2,29610.2,29645.2
1783690200000,29643.100000000002,29743.95,29606.2,29663.7
1783691100000,29662.2,29775.45,29660.95,29730.7
1783692000000,29730.2,29773.2,29715.2,29747.7
1783692900000,29748.2,29759.2,29654.95,29714.95
1783693800000,29715.199999999997,29764.449999999997,29484.35,29697.199999999997
1783694700000,29698.35,29719.699999999997,29617.1,29625.199999999997
1783695600000,29629.45,29691.7,29588.45,29682.45
1783696500000,29681.45,29794.7,29680.7,29786.45
1783697400000,29786.95,29798.45,29641.7,29682.45
1783698300000,29682.600000000002,29755.45,29655.95,29752.45
1783699200000,29752.7,29795.45,29752.7,29788.95
1783700100000,29789.2,29836.2,29789.2,29820.7
1783701000000,29821.2,29840.95,29812.45,29824.45
1783701900000,29824.2,29849.45,29820.2,29834.45
1783702800000,29834.2,29840.7,29804.95,29823.45
1783703700000,29823.2,29858.45,29817.2,29857.7
1783704600000,29858.2,29878.2,29846.7,29872.2
1783705500000,29873.2,29879.45,29839.45,29845.95
1783706400000,29846.2,29875.7,29842.45,29857.2
1783707300000,29856.7,29870.2,29831.2,29853.2
1783708200000,29852.95,29865.2,29838.7,29847.45
1783709100000,29846.95,29854.95,29836.2,29845.45
1783710000000,29845.7,29883.45,29841.2,29866.45
1783710900000,29866.7,29867.2,29844.95,29853.95
1783711800000,29853.45,29875.2,29852.95,29861.2
1783712700000,29861.45,29873.57,29832.82,29846.82
1783713600000,29845.2,29869.2,29839.7,29855.95
1783714500000,29855.7,29867.2,29854.45,29862.7
1783715400000,29862.32,29868.95,29859.7,29866.2
1783716300000,29866.07,29880.07,29864.95,29879.55
1783893600000,29750.35,29795.5,29673.5,29682.25
1783894500000,29682,29711.25,29679.5,29703
1783895400000,29704,29722,29691.5,29713
1783896300000,29713.25,29732.25,29689.25,29728.25
1783897200000,29728.5,29728.75,29697.75,29708.75
1783898100000,29708.5,29711,29688.5,29707
1783899000000,29706.75,29716,29695.25,29706.75
1783899900000,29708,29713,29666.25,29710.5
1783900800000,29710.25,29858.75,29690,29837.25
1783901700000,29836.75,29848,29776,29785
1783902600000,29785.5,29789.75,29667.5,29700
1783903500000,29700.75,29721,29625.25,29651.5
1783904400000,29652.5,29667,29605.75,29628.25
1783905300000,29627.75,29664.25,29606.25,29624.75
1783906200000,29625.25,29658.5,29607.25,29629.75
1783907100000,29630,29630.5,29554.75,29578.25
1783908000000,29577.75,29588.5,29545,29568.5
1783908900000,29569.25,29624.75,29562,29615
1783909800000,29614.5,29616.5,29563.75,29582.25
1783910700000,29582.5,29589.75,29532,29533.25
1783911600000,29533.5,29538.5,29502.25,29511.75
1783912500000,29512,29535,29500.75,29528.25
1783913400000,29528,29545.25,29502.25,29515.25
1783914300000,29515.5,29542.5,29501.5,29506.25
1783915200000,29506.25,29507.5,29468.75,29485.5
1783916100000,29486,29495.5,29456.75,29469.75
1783917000000,29470,29474.5,29441.25,29445.5
1783917900000,29445.25,29454.5,29431.25,29445.25
1783918800000,29445.5,29511.75,29425.25,29506.25
1783919700000,29506.5,29506.75,29395.5,29403.25
1783920600000,29402.5,29488,29366.5,29454
1783921500000,29454.25,29484.5,29432.5,29469.5
1783922400000,29468.75,29485,29406.75,29413
1783923300000,29413.5,29456,29409.25,29450.75
1783924200000,29451.25,29471.25,29420.25,29463.75
1783925100000,29463.25,29472,29432.75,29451.75
1783926000000,29453,29495.35,29428.55,29491.6
1783926900000,29492.3,29510.55,29465.3,29493.05
1783927800000,29492.8,29492.8,29457.05,29481.3
1783928700000,29481.55,29483.8,29458.05,29472.8
1783929600000,29472.8,29526.3,29468.1,29526.3
1783930500000,29526.1,29561.3,29526.05,29545.55
1783931400000,29546.35,29555.55,29521.35,29548.8
1783932300000,29548.55,29574.55,29542.55,29567.8
1783933200000,29568.55,29571.1,29539.3,29554.05
1783934100000,29553.85,29586.55,29549.85,29581.85
1783935000000,29582.1,29597.3,29574.55,29594.1
1783935900000,29594.55,29594.6,29572.55,29591.8
1783936800000,29591.55,29598.8,29559.8,29567.85
1783937700000,29567.35,29586.3,29559.6,29561.8
1783938600000,29562.3,29577.55,29557.55,29559.55
1783939500000,29559.3,29584.55,29557.3,29577.05
1783940400000,29578.8,29620.3,29572.05,29589.05
1783941300000,29589.35,29602.55,29562.55,29594.85
1783942200000,29594.55,29613.6,29585.85,29588.05
1783943100000,29588.1,29589.1,29550.6,29561.3
1783944000000,29561.85,29577.85,29514.6,29550.3
1783944900000,29549.85,29556.85,29503.62,29505.6
1783945800000,29505.8,29515.05,29476.85,29510.05
1783946700000,29509.8,29545.3,29507.8,29539.35
1783947600000,29540.3,29568.3,29532.05,29540.05
1783948500000,29538.55,29541.05,29504.55,29531.5
1783949400000,29530.5,29557.3,29373.8,29417.8
1783950300000,29416.8,29460.05,29339.55,29450.55
1783951200000,29450.8,29480.8,29383.05,29471.05
1783952100000,29471.55,29523.05,29313.8,29522.3
1783953000000,29522.55,29544.3,29446.05,29458.55
1783953900000,29458.3,29541.05,29425.55,29538.05
1783954800000,29539.05,29572.8,29492.05,29502.8
1783955700000,29502.05,29549.8,29483.55,29528.3
1783956600000,29529.3,29541.8,29470.55,29474.8
1783957500000,29475.05,29477.05,29418.05,29432.05
1783958400000,29430.8,29459.05,29405.3,29434.8
1783959300000,29434.55,29436.3,29357.55,29379.55
1783960200000,29379.05,29379.05,29281.55,29359.05
1783961100000,29357.55,29376.05,29285.55,29347.05
1783962000000,29350.05,29401.05,29337.55,29361.8
1783962900000,29361.55,29372.3,29319.05,29338.3
1783963800000,29339.55,29353.55,29306.8,29334.05
1783964700000,29333.8,29346.55,29289.55,29299.8
1783965600000,29300.3,29359.55,29297.8,29336.8
1783966500000,29336.55,29342.3,29288.55,29295.3
1783967400000,29295.05,29337.55,29275.55,29321.3
1783968300000,29322.05,29341.55,29304.55,29314.3
1783969200000,29317.8,29345.8,29273.05,29285.3
1783970100000,29284.8,29289.3,29227.05,29240.3
1783971000000,29240.8,29276.8,29218.05,29272.05
1783971900000,29273.05,29325.05,29256.05,29286.8
1783972800000,29286.55,29294.8,29258.05,29275.3
1783973700000,29276.05,29276.05,29212.1,29258.05
1783974600000,29257.8,29260.55,29245.8,29255.8
1783975500000,29256.05,29264.55,29241.05,29249.6
1783980000000,29268.85,29303.5,29262.35,29277
1783980900000,29276.5,29291.25,29256.5,29257.75
1783981800000,29256,29267.5,29251,29265.75
1783982700000,29265.5,29283.25,29218.25,29223.25
1783983600000,29223.25,29227.25,29192.5,29204.5
1783984500000,29204.75,29223,29185.05,29191.5
1783985400000,29190.75,29200,29152.75,29157
1783986300000,29156.5,29246.75,29152,29244.25
1783987200000,29245.5,29292,29150.5,29286.25
1783988100000,29287,29298.5,29194,29243.5
1783989000000,29243,29312.5,29223.5,29239.75
1783989900000,29242,29358,29236.75,29346.5
1783990800000,29345.75,29364.75,29305.75,29313.5
1783991700000,29313,29352,29304.5,29328.5
1783992600000,29328.75,29339,29265.25,29297.5
1783993500000,29298.25,29328,29261.25,29271.75
1783994400000,29272,29312.75,29248,29248.25
1783995300000,29248.25,29259.5,29197.5,29225.25
1783996200000,29225,29279,29190.75,29269
1783997100000,29268.75,29276.75,29207.75,29212.25
1783998000000,29211.75,29215.75,29153.5,29160
1783998900000,29159.75,29202.75,29128.5,29202.5
1783999800000,29202.25,29229.75,29159.5,29184
1784000700000,29184.25,29253.25,29178.75,29248.75
1784001600000,29249.75,29270.25,29197.25,29215.75
1784002500000,29216.5,29278.25,29205.5,29274.25
1784003400000,29274.75,29312.75,29267.5,29300
1784004300000,29300.25,29341.75,29298,29334.5
1784005200000,29334.75,29374,29315.25,29371
1784006100000,29370.5,29433.5,29360,29428
1784007000000,29429.5,29455.75,29401.75,29418.75
1784007900000,29419.75,29429.25,29406.25,29416
1784008800000,29416.25,29457.75,29411.25,29453.25
1784009700000,29453,29472.75,29419.5,29426.5
1784010600000,29429.5,29457.75,29416.75,29421
1784011500000,29421.5,29421.75,29386.75,29388
1784012400000,29387.75,29426.25,29369.5,29423.4
1784013300000,29423.65,29444.75,29400.25,29430.5
1784014200000,29430.75,29430.9,29391,29399.25
1784015100000,29398.75,29432.65,29380,29396.75
1784016000000,29398.5,29424.75,29371.5,29404.4
1784016900000,29404.25,29454.25,29404.25,29442.25
1784017800000,29442.15,29459,29430.5,29437.65
1784018700000,29437.75,29438,29394.5,29395.5
1784019600000,29396.5,29449.25,29381.5,29447.75
1784020500000,29448.15,29452.25,29395.25,29397.9
1784021400000,29397.65,29433,29397,29423.9
1784022300000,29422.75,29446.5,29419.75,29425.5
1784023200000,29427,29443.65,29417.4,29429
1784024100000,29429.4,29431.65,29409.25,29420
1784025000000,29419.25,29456,29401.75,29427.65
1784025900000,29425.9,29443.65,29412,29430
1784026800000,29429.5,29444.15,29378.25,29430.65
1784027700000,29430.25,29493.65,29427.75,29464.75
1784028600000,29464.4,29491.15,29437.65,29444
1784029500000,29443.75,29480.5,29440.75,29456.9
1784030400000,29456.75,29460.75,29393.75,29413.15
1784031300000,29413.75,29511.95,29401,29504.7
1784032200000,29505.45,29741.75,29493.95,29645.4
1784033100000,29645.25,29661.75,29577.4,29596.5
1784034000000,29596.4,29631.5,29588.25,29605.45
1784034900000,29605.600000000002,29655.350000000002,29566.95,29635.95
1784035800000,29634.85,29634.85,29509.85,29576.949999999997
1784036700000,29579.2,29629.7,29539.2,29603.850000000002
1784037600000,29604.1,29626.6,29461.25,29487.4
1784038500000,29487.15,29554.95,29391.15,29506.850000000002
1784039400000,29506.6,29658.949999999997,29483.35,29550.699999999997
1784040300000,29551.350000000002,29606.45,29483.7,29597.2
1784041200000,29597.449999999997,29688.449999999997,29577.6,29672.449999999997
1784042100000,29671.2,29712.57,29649.95,29710.07
1784043000000,29708.45,29718.7,29623.7,29659.2
1784043900000,29658.95,29675.2,29584.2,29607.7
1784044800000,29610.7,29614.7,29535.45,29563.100000000002
1784045700000,29562.2,29607.45,29528.95,29602.45
1784046600000,29602.7,29647.7,29576.45,29633.7
1784047500000,29633.45,29653.2,29608.2,29650.32
1784048400000,29650.2,29674.2,29638.7,29645.7
1784049300000,29647.2,29688.95,29635.2,29673.45
1784050200000,29673.7,29685.45,29642.95,29669.7
1784051100000,29670.2,29688.7,29653.2,29686.95
1784052000000,29686.7,29694.2,29667.2,29692.7
1784052900000,29693.2,29701.2,29671.45,29677.2
1784053800000,29676.95,29693.2,29637.95,29648.7
1784054700000,29649.2,29666.95,29637.7,29648.2
1784055600000,29648.7,29655.95,29604.2,29639.45
1784056500000,29639.95,29661.2,29620.7,29621.95
1784057400000,29620.95,29639.45,29594.95,29634.95
1784058300000,29636.2,29659.45,29602.95,29611.45
1784059200000,29610.2,29632.45,29596.45,29611.7
1784060100000,29611.45,29615.7,29592.2,29598.95
1784061000000,29598.7,29622.600000000002,29596.2,29620.2
1784061900000,29619.95,29624.95,29609.45,29617.3
1784066400000,29625.8,29630.55,29572.95,29580.2
1784067300000,29579.95,29623.2,29579.45,29612.95
1784068200000,29613.45,29622.45,29602.45,29605.45
1784069100000,29605.7,29609.95,29591.2,29599.95
1784070000000,29599.45,29624.95,29585.45,29621.95
1784070900000,29621.7,29695.7,29612.7,29693.95
1784071800000,29694.95,29707.2,29674.7,29675.95
1784072700000,29676.2,29725.95,29671.2,29714.7
1784073600000,29714.95,29728.7,29665.2,29717.7
1784074500000,29717.2,29758.45,29709.45,29745.45
1784075400000,29745.2,29754.7,29668.2,29685.2
1784076300000,29684.95,29756.2,29675.2,29745.2
1784077200000,29744.7,29754.45,29687.2,29712.45
1784078100000,29712.2,29766.95,29710.2,29750.2
1784079000000,29750.7,29769.45,29718.2,29721.2
1784079900000,29721.45,29785.7,29719.45,29783.95
1784080800000,29783.45,29808.2,29777.2,29793.2
1784081700000,29793.45,29808.45,29786.45,29796.95
1784082600000,29796.45,29812.7,29793.7,29810.7
1784083500000,29810.7,29814.2,29786.7,29787.45
1784084400000,29787.7,29794.95,29773.7,29785.7
1784085300000,29785.7,29810.95,29781.45,29804.95
1784086200000,29804.45,29828.2,29804.45,29814.95
1784087100000,29814.7,29845.95,29814.2,29839.7
1784088000000,29839.45,29843.45,29823.2,29828.2
1784088900000,29827.95,29839.95,29816.7,29817.2
1784089800000,29817.45,29838.45,29810.45,29832.2
1784090700000,29832.7,29849.7,29831.2,29849.2
1784091600000,29848.7,29885.7,29820.2,29826.95
1784092500000,29826.45,29852.2,29803.45,29808.7
1784093400000,29808.45,29836.7,29795.2,29818.95
1784094300000,29818.7,29857.95,29810.95,29857.45
1784095200000,29858.45,29876.7,29855.2,29869.45
1784096100000,29868.45,29871.95,29850.7,29866.7
1784097000000,29867.95,29872.2,29836.95,29845.95
1784097900000,29845.7,29863.2,29842.2,29857.45
1784098800000,29858.449999999997,29889.199999999997,29835.1,29862.949999999997
1784099700000,29862.600000000002,29863.45,29755.95,29794.2
1784100600000,29794.600000000002,29816.45,29772.65,29805.350000000002
1784101500000,29805.2,29831.95,29798.2,29823.600000000002
1784102400000,29823.45,29825.2,29735.95,29744.2
1784103300000,29744.45,29752.45,29698.7,29739.45
1784104200000,29740.100000000002,29752.95,29725.95,29752.850000000002
1784105100000,29752.45,29770.2,29739.95,29763.95
1784106000000,29764.350000000002,29785.45,29763.7,29779.600000000002
1784106900000,29779.699999999997,29789.85,29770.85,29776.35
1784107800000,29776.7,29786.2,29755.2,29777.7
1784108700000,29778.449999999997,29779.35,29742.85,29751.1
1784109600000,29751.45,29770.82,29742.7,29769.850000000002
1784110500000,29769.45,29773.95,29713.7,29723.7
1784111400000,29723.45,29748.100000000002,29716.7,29729.95
1784112300000,29730.7,29760.600000000002,29727.2,29753.45
1784113200000,29753.7,29780.45,29746.95,29752.95
1784114100000,29752.7,29769.100000000002,29742.95,29747.95
1784115000000,29748.699999999997,29769.35,29738.85,29755.699999999997
1784115900000,29756.600000000002,29756.600000000002,29732.2,29739.45
1784116800000,29739.949999999997,29743.949999999997,29702.1,29707.6
1784117700000,29707.199999999997,29719.449999999997,29683.35,29697.399999999998
1784118600000,29699.15,29799.850000000002,29689.15,29777.7
1784119500000,29777.949999999997,29822.449999999997,29769.1,29807.199999999997
1784120400000,29807.45,29825.95,29766.7,29774.2
1784121300000,29774.45,29790.45,29763.7,29783.350000000002
1784122200000,29781.95,29803.95,29660.3,29660.95
1784123100000,29660.45,29673.350000000002,29583.7,29650.2
1784124000000,29650.850000000002,29718.7,29634.2,29634.2
1784124900000,29633.95,29656.95,29467.45,29550.350000000002
1784125800000,29550.7,29561.100000000002,29364.2,29427.57
1784126700000,29427.95,29470.2,29389.45,29457.7
1784127600000,29458.95,29487.95,29406.7,29418.45
1784128500000,29419.45,29468.7,29362.95,29467.45
1784129400000,29466.699999999997,29482.699999999997,29421.85,29442.699999999997
1784130300000,29443.2,29444.45,29389.2,29408.7
1784131200000,29407.7,29425.95,29300.25,29303.5
1784132100000,29303.75,29325.25,29260.5,29290.75
1784133000000,29290,29311.25,29226,29274.25
1784133900000,29275,29362.4,29264.25,29340.7
1784134800000,29341.2,29388.95,29333.95,29360.7
1784135700000,29360.45,29436.45,29355.45,29433.45
1784136600000,29433.2,29465.2,29433.2,29462.95
1784137500000,29462.7,29533.2,29453.95,29514.850000000002
1784138400000,29514.95,29558.2,29509.4,29544.7
1784139300000,29544.45,29571.2,29513.95,29552.95
1784140200000,29553.45,29563.45,29486.95,29490.95
1784141100000,29491.2,29493.7,29424.45,29441.45
1784142000000,29441.2,29497.45,29433.7,29472.95
1784142900000,29472.7,29477.45,29418.45,29470.2
1784143800000,29472.2,29523.95,29439.95,29512.45
1784144700000,29509.7,29534.7,29477.7,29530.7
1784145600000,29530.45,29565.7,29491.45,29530.7
1784146500000,29530.95,29548.95,29525.2,29547.45
1784147400000,29547.2,29547.45,29534.2,29544.95
1784148300000,29544.7,29548.45,29533.05,29535.3
1784152800000,29537.8,29580.2,29530.8,29559.7
1784153700000,29559.45,29560.7,29541.95,29548.2
1784154600000,29548.45,29555.7,29515.45,29516.2
1784155500000,29515.7,29554.45,29509.7,29548.45
1784156400000,29548.95,29567.45,29542.45,29551.45
1784157300000,29551.7,29555.45,29527.95,29548.95
1784158200000,29548.7,29564.7,29532.45,29552.7
1784159100000,29552.45,29558.95,29513.95,29522.45
1784160000000,29520.95,29588.45,29514.95,29586.7
1784160900000,29586.2,29594.2,29494.45,29501.7
1784161800000,29501.45,29527.45,29458.95,29458.95
1784162700000,29458.45,29508.7,29452.95,29483.45
1784163600000,29483.2,29499.45,29447.7,29457.7
1784164500000,29457.2,29461.2,29433.7,29436.45
1784165400000,29436.7,29477.7,29426.2,29446.2
1784166300000,29445.95,29517.95,29443.7,29481.45
1784167200000,29482.95,29483.95,29452.45,29470.7
1784168100000,29470.95,29537.2,29465.7,29527.95
1784169000000,29527.7,29538.45,29502.7,29510.2
1784169900000,29510.45,29567.2,29507.2,29559.2
1784170800000,29559.95,29583.2,29553.2,29581.2
1784171700000,29580.95,29582.7,29542.2,29548.2
1784172600000,29548.45,29578.2,29545.45,29552.2
1784173500000,29552.45,29575.2,29538.95,29575.2
1784174400000,29575.95,29586.95,29554.7,29586.45
1784175300000,29586.7,29586.7,29541.7,29548.2
1784176200000,29547.7,29552.95,29522.95,29535.45
1784177100000,29535.7,29548.45,29530.2,29539.2
1784178000000,29539.7,29579.45,29528.95,29579.2
1784178900000,29578.95,29607.2,29571.2,29598.2
1784179800000,29597.95,29627.7,29498.7,29534.7
1784180700000,29534.45,29542.45,29510.45,29518.45
1784181600000,29518.95,29569.95,29478.2,29561.95
1784182500000,29562.2,29580.2,29515.2,29517.7
1784183400000,29517.45,29528.2,29472.95,29505.2
1784184300000,29505.7,29525.45,29490.95,29516.45
1784185200000,29517.95,29517.95,29452.7,29452.7
1784186100000,29452.95,29480.45,29443.7,29453.95
1784187000000,29454.45,29461.2,29401.45,29402.2
1784187900000,29402.45,29414.95,29380.2,29394.2
1784188800000,29393.2,29403.7,29320.45,29322.95
1784189700000,29322.7,29386.2,29310.2,29369.95
1784190600000,29370.2,29408.350000000002,29359.95,29381.45
1784191500000,29381.2,29426.45,29381.2,29422.95
1784192400000,29424.2,29465.850000000002,29423.95,29456.95
1784193300000,29456.7,29476.2,29442.95,29445.600000000002
1784194200000,29445.45,29463.350000000002,29415.95,29416.2
1784195100000,29415.949999999997,29417.35,29359.6,29362.699999999997
1784196000000,29362.2,29393.2,29346.95,29381.7
1784196900000,29381.45,29382.45,29343.2,29369.95
1784197800000,29369.7,29386.600000000002,29342.45,29352.95
1784198700000,29353.2,29369.600000000002,29334.7,29361.2
1784199600000,29361.45,29361.95,29291.95,29318.2
1784200500000,29318.600000000002,29332.7,29278.2,29303.45
1784201400000,29303.949999999997,29303.949999999997,29262.35,29270.35
1784202300000,29270.2,29287.45,29196.5,29278.2
1784203200000,29277.95,29289.600000000002,29224.7,29254.2
1784204100000,29254.45,29271.2,29210.7,29237.95
1784205000000,29237.7,29251.100000000002,29197.2,29206.45
1784205900000,29206.85,29246.199999999997,29195.6,29223.85
1784206800000,29224.2,29289.2,29219.7,29282.7
1784207700000,29282.95,29319.7,29274.2,29295.45
1784208600000,29292.449999999997,29361.35,29140.85,29144.949999999997
1784209500000,29149.100000000002,29188.350000000002,29087.15,29178.7
1784210400000,29177.2,29325.350000000002,29153.45,29300.7
1784211300000,29300.2,29331.95,29230.2,29314.45
1784212200000,29314.7,29336.45,29257.95,29295.7
1784213100000,29296.2,29308.2,29195.7,29266.7
1784214000000,29266.95,29290.45,29167.7,29190.7
1784214900000,29190.2,29282.95,29168.95,29238.45
1784215800000,29237.45,29296.95,29201.82,29229.2
1784216700000,29228.95,29266.45,29187.2,29223.7
1784217600000,29223.95,29226.45,29121.7,29124.7
1784218500000,29124.95,29145.45,29095.7,29130.32
1784219400000,29132.2,29170.45,29119.45,29125.600000000002
1784220300000,29125.95,29184.75,29103.7,29170.95
1784221200000,29172.95,29174.45,29117.2,29120.2
1784222100000,29120.95,29175.2,29107.95,29166.2
1784223000000,29165.95,29176.45,29064.2,29076.7
1784223900000,29077.95,29101.2,29052.7,29075.95
1784224800000,29077.95,29110.45,29057.95,29066.7
1784225700000,29066.2,29136.7,29051.45,29101.95
1784226600000,29101.2,29101.2,29031.7,29070.7
1784227500000,29069.45,29085.7,29033.2,29043.2
1784228400000,29043.45,29074.7,29009.2,29016.2
1784229300000,29015.7,29017.95,28952.2,28980.45
1784230200000,28979.95,29002.2,28951.7,28954.7
1784231100000,28954.45,29065.7,28911.7,29045.95
1784232000000,29048.7,29060.2,28999.2,29000.7
1784232900000,29000.45,29032.7,28995.2,29013.45
1784233800000,29013.2,29022.45,28996.95,29006.7
1784234700000,29005.45,29015.55,29000.7,29008.55
1784239200000,29033.05,29054.95,29016.45,29021.7
1784240100000,29021.45,29023.7,28973.45,28975.7
1784241000000,28976.2,28995.45,28967.95,28984.95
1784241900000,28985.2,28987.95,28952.95,28971.95
1784242800000,28972.2,28980.7,28943.45,28967.7
1784243700000,28968.45,28970.2,28912.7,28929.2
1784244600000,28928.2,28964.95,28897.2,28945.45
1784245500000,28945.95,28955.45,28919.7,28931.7
1784246400000,28932.95,28960.2,28868.7,28879.2
1784247300000,28878.2,28912.95,28848.45,28855.2
1784248200000,28854.95,28866.95,28832.45,28861.95
1784249100000,28861.45,28919.7,28854.95,28894.7
1784250000000,28896.2,28943.45,28862.2,28866.45
1784250900000,28867.2,28882.95,28848.95,28877.45
1784251800000,28877.45,28880.95,28802.95,28811.45
1784252700000,28810.7,28827.95,28784.95,28808.95
1784253600000,28809.2,28823.45,28787.2,28795.95
1784254500000,28795.2,28798.95,28755.2,28766.2
1784255400000,28766.45,28775.7,28741.7,28771.2
1784256300000,28771.45,28774.95,28740.2,28761.7
1784257200000,28762.2,28797.95,28753.2,28791.7
1784258100000,28791.45,28862.95,28791.45,28851.7
1784259000000,28852.45,28853.7,28780.7,28795.2
1784259900000,28794.2,28797.95,28748.45,28749.2
1784260800000,28749.45,28749.95,28681.95,28687.45
1784261700000,28687.95,28696.7,28640.45,28646.7
1784262600000,28645.95,28660.95,28611.7,28647.7
1784263500000,28646.95,28678.45,28641.7,28643.45
1784264400000,28642.7,28656.95,28624.95,28639.45
1784265300000,28639.95,28659.7,28620.95,28628.2
1784266200000,28628.2,28648.2,28563.2,28596.2
1784267100000,28595.45,28611.2,28571.7,28593.7
1784268000000,28592.95,28612.7,28563.45,28596.95
1784268900000,28596.45,28663.7,28588.2,28653.95
1784269800000,28654.7,28661.7,28599.7,28612.2
1784270700000,28611.7,28611.7,28569.45,28580.7
1784271600000,28580.95,28604,28558.5,28588.75
1784272500000,28589.25,28601.3,28551,28584.25
1784273400000,28584.5,28595.5,28539.3,28552.5
1784274300000,28552.25,28558.5,28520.5,28524
1784275200000,28523,28571.32,28505,28514.75
1784276100000,28513.75,28516,28414.7,28445.7
1784277000000,28445.199999999997,28453.35,28393.1,28422.199999999997
1784277900000,28421.45,28496.350000000002,28418.2,28465.7
1784278800000,28465.600000000002,28512.45,28455.7,28509.2
1784279700000,28508.7,28526.850000000002,28466.95,28526.850000000002
1784280600000,28526.7,28552.2,28498.7,28522.2
1784281500000,28522.45,28563.7,28520.95,28547.45
1784282400000,28549.95,28607.850000000002,28529.95,28604.2
1784283300000,28603.95,28623.850000000002,28561.2,28610.850000000002
1784284200000,28610.2,28661.45,28597.95,28637.2
1784285100000,28637.45,28651.45,28613.7,28620.7
1784286000000,28620.45,28644.35,28586.82,28594.7
1784286900000,28595.7,28604.2,28565.95,28597.7
1784287800000,28599.199999999997,28601.1,28555.6,28565.949999999997
1784288700000,28565.45,28596.95,28554.7,28577.350000000002
1784289600000,28576.699999999997,28581.699999999997,28512.35,28520.6
1784290500000,28520.449999999997,28532.35,28498.6,28511.949999999997
1784291400000,28511.7,28517.850000000002,28487.7,28511.2
1784292300000,28510.7,28526.7,28483.45,28501.2
1784293200000,28501.350000000002,28501.350000000002,28455.95,28457.95
1784294100000,28458.2,28482.350000000002,28418.2,28442.350000000002
1784295000000,28446.7,28519.600000000002,28244.7,28256.600000000002
1784295900000,28257.2,28516.100000000002,28248.2,28511.45
1784296800000,28513.95,28699.5,28504.45,28640.45
1784297700000,28640.949999999997,28724.199999999997,28617.6,28668.199999999997
1784298600000,28667.95,28732.2,28598.95,28661.850000000002
1784299500000,28662.45,28693.7,28558.95,28564.7
1784300400000,28569.449999999997,28591.699999999997,28514.35,28544.75
1784301300000,28544,28595.7,28509.95,28589.95
1784302200000,28590.95,28680.45,28556.45,28635.7
1784303100000,28635.1,28780.699999999997,28618.6,28765.449999999997
1784304000000,28766.199999999997,28787.699999999997,28678.6,28769.949999999997
1784304900000,28771.45,28786.45,28691.95,28746.2
1784305800000,28745.949999999997,28801.949999999997,28718.6,28800.949999999997
1784306700000,28802.95,28859.2,28793.7,28806.7
1784307600000,28808.2,28875.95,28798.7,28828.75
1784308500000,28829.25,28875.95,28813.2,28867.95
1784309400000,28866.7,28874.45,28776.95,28782.7
1784310300000,28783.2,28800.95,28716.7,28728.7
1784311200000,28731.7,28767.7,28689.45,28695.7
1784312100000,28696.2,28702.7,28655.7,28684.95
1784313000000,28683.95,28723.45,28628.45,28640.7
1784313900000,28640.2,28717.2,28629.7,28693.2
1784314800000,28692.95,28699.95,28589.95,28593.2
1784315700000,28592.2,28635.2,28550.95,28625.7
1784316600000,28628.2,28675.7,28586.7,28627.45
1784317500000,28626.95,28685.07,28588.95,28595.7
1784318400000,28594.7,28596.7,28545.7,28571.2
1784319300000,28572.45,28585.45,28565.95,28579.95
1784320200000,28580.45,28599.45,28580.45,28597.95
1784321100000,28597.7,28610.100000000002,28584.95,28601.55
1784498400000,28597.8,28651.2,28549.7,28554.45
1784499300000,28555.45,28651.45,28554.7,28604.2
1784500200000,28602.95,28688.7,28597.45,28677.45
1784501100000,28678.45,28686.95,28649.95,28654.45
1784502000000,28653.7,28675.2,28624.2,28651.45
1784502900000,28651.95,28662.95,28622.2,28643.2
1784503800000,28643.45,28705.45,28632.2,28703.95
1784504700000,28704.7,28715.45,28655.2,28708.2
1784505600000,28711.2,28793.45,28644.95,28778.45
1784506500000,28777.95,28801.95,28766.2,28774.45
1784507400000,28773.45,28776.95,28714.7,28726.45
1784508300000,28725.7,28740.2,28691.2,28697.7
1784509200000,28699.2,28756.7,28686.45,28691.2
1784510100000,28691.95,28723.45,28651.7,28654.95
1784511000000,28654.7,28673.45,28615.7,28636.2
1784511900000,28635.95,28659.45,28602.45,28634.95
1784512800000,28635.2,28726.45,28634.95,28677.45
1784513700000,28677.7,28685.45,28632.45,28650.45
1784514600000,28649.45,28754.7,28647.7,28738.2
1784515500000,28738.7,28776.95,28722.7,28725.7
1784516400000,28725.45,28751.95,28695.2,28723.95
1784517300000,28723.2,28752.2,28702.2,28716.45
1784518200000,28716.7,28742.7,28689.7,28738.2
1784519100000,28738.45,28776.7,28720.7,28736.45
1784520000000,28738.7,28757.45,28702.7,28706.45
1784520900000,28706.2,28741.95,28683.45,28738.7
1784521800000,28739.2,28779.7,28727.7,28771.95
1784522700000,28772.7,28780.95,28732.2,28735.7
1784523600000,28735.45,28741.7,28651.45,28701.45
1784524500000,28701.2,28701.7,28666.45,28671.45
1784525400000,28670.95,28676.45,28648.95,28651.7
1784526300000,28654.2,28670.7,28628.45,28646.2
1784527200000,28645.95,28662.2,28620.95,28623.7
1784528100000,28623.2,28654.2,28607.95,28624.95
1784529000000,28624.95,28652.45,28605.2,28642.95
1784529900000,28642.7,28649.45,28617.7,28643.7
1784530800000,28646.95,28673.2,28644.7,28660.2
1784531700000,28660.45,28724.600000000002,28637.2,28718.45
1784532600000,28718.95,28764.600000000002,28716.45,28744.45
1784533500000,28744.699999999997,28761.6,28718.85,28748.35
1784534400000,28748.45,28773.2,28728.7,28766.100000000002
1784535300000,28765.95,28778.45,28734.2,28740.7
1784536200000,28740.45,28745.45,28699.7,28702.600000000002
1784537100000,28702.95,28728.95,28699.95,28719.95
1784538000000,28721.45,28727.95,28694.2,28716.2
1784538900000,28715.95,28755.2,28715.95,28745.350000000002
1784539800000,28744.100000000002,28780.600000000002,28737.7,28780.600000000002
1784540700000,28780.699999999997,28837.1,28779.35,28791.35
1784541600000,28791.449999999997,28795.35,28766.6,28771.699999999997
1784542500000,28771.85,28801.199999999997,28760.6,28795.199999999997
1784543400000,28795.85,28812.949999999997,28786.35,28806.85
1784544300000,28806.949999999997,28818.699999999997,28800.85,28808.85
1784545200000,28809.2,28863.45,28803.45,28851.350000000002
1784546100000,28851.2,28857.600000000002,28827.7,28836.95
1784547000000,28837.350000000002,28947.600000000002,28835.2,28927.100000000002
1784547900000,28927.350000000002,28936.45,28887.95,28912.350000000002
1784548800000,28912.600000000002,28914.95,28820.95,28842.850000000002
1784549700000,28842.699999999997,28875.449999999997,28830.35,28873.699999999997
1784550600000,28874.2,28885.45,28840.2,28844.850000000002
1784551500000,28845.100000000002,28882.600000000002,28842.95,28863.95
1784552400000,28865.850000000002,28896.600000000002,28862.45,28862.95
1784553300000,28862.7,28899.2,28860.95,28885.95
1784554200000,28892.7,29022.4,28872.95,29020.95
1784555100000,29020.2,29033.7,28821.2,28835.95
1784556000000,28837.350000000002,28887.95,28779.7,28813.2
1784556900000,28813.45,28872.2,28748.7,28870.45
1784557800000,28871.2,28890.2,28799.2,28809.95
1784558700000,28810.45,28848.7,28721.2,28738.2
1784559600000,28737.45,28834.850000000002,28719.45,28790.600000000002
1784560500000,28790.7,28867.45,28776.2,28860.82
1784561400000,28861.95,28878.15,28832.7,28872.45
1784562300000,28873.2,28909.95,28820.7,28896.7
1784563200000,28897.95,28964.2,28874.95,28951.95
1784564100000,28952.95,28958.2,28915.7,28929.95
1784565000000,28929.45,28946.2,28811.45,28850.45
1784565900000,28850.2,28897.95,28802.45,28828.7
1784566800000,28829.7,28844.2,28767.95,28772.2
1784567700000,28772.45,28820.7,28757.45,28803.7
1784568600000,28802.95,28817.7,28746.82,28756.2
1784569500000,28755.95,28826.95,28754.2,28801.95
1784570400000,28801.7,28846.95,28801.7,28837.45
1784571300000,28837.7,28854.2,28776.2,28792.95
1784572200000,28792.7,28793.45,28704.2,28704.95
1784573100000,28704.7,28746.45,28702.2,28717.2
1784574000000,28718.45,28742.2,28654.2,28655.2
1784574900000,28654.45,28714.7,28642.95,28700.95
1784575800000,28698.949999999997,28739.699999999997,28681.6,28713.449999999997
1784576700000,28713.350000000002,28725.2,28614.2,28630.2
1784577600000,28634.45,28675.7,28613.7,28618.95
1784578500000,28619.2,28620.2,28596.45,28604.45
1784579400000,28604.7,28626.7,28603.7,28616.95
1784580300000,28617.6,28631.2,28614.07,28622.3
1784584800000,28642.1,28648.1,28554.25,28569
1784585700000,28569.25,28578,28560,28568.25
1784586600000,28568.5,28582.25,28550.75,28572.5
1784587500000,28572.75,28581.5,28554.75,28565.25
1784588400000,28565,28626.25,28560.75,28616.5
1784589300000,28616.75,28670,28614,28667.75
1784590200000,28667,28672.5,28654,28658.75
1784591100000,28659,28675.75,28606,28627.75
1784592000000,28623.25,28623.25,28554.5,28584.5
1784592900000,28584.75,28682.25,28557.5,28665.25
1784593800000,28666,28727.25,28661.5,28714
1784594700000,28717,28745,28703.25,28705.5
1784595600000,28706.25,28758.5,28685.25,28751.75
1784596500000,28752,28760.25,28720.75,28738.5
1784597400000,28739,28769,28714.75,28722.75
1784598300000,28722.75,28758.5,28718,28731.25
1784599200000,28731.75,28786,28725.75,28733
1784600100000,28732.75,28767.5,28707.5,28741.5
1784601000000,28741.75,28803.5,28741.75,28797
1784601900000,28796.75,28804.25,28776,28802.5
1784602800000,28802.25,28829.5,28800,28823.5
1784603700000,28823,28845.25,28819.5,28843.75
1784604600000,28844,28897,28840.5,28881.75
1784605500000,28881.5,28925.75,28881.5,28920.25
1784606400000,28921.5,28937,28907,28915
1784607300000,28913.75,28925,28903.75,28912.75
1784608200000,28914.25,28923.5,28906,28912
1784609100000,28912.25,28924,28897,28903.5
1784610000000,28903.25,28909,28881.75,28883.25
1784610900000,28883.5,28919.25,28865,28914.5
1784611800000,28914.75,28942,28888,28935.75
1784612700000,28935.5,28953,28919.5,28946.75
1784613600000,28946.25,28986.5,28944.25,28981
1784614500000,28980.5,28989.75,28957,28959
1784615400000,28959.75,29002.75,28959.75,29002.75
1784616300000,29002.5,29003.5,28979.25,28995.25
1784617200000,28996.75,29008.65,28966,28979.75
1784618100000,28978.9,28979.4,28941,28952
1784619000000,28951.9,28975,28936.4,28960.4
1784619900000,28961.25,28968.65,28940.25,28966.25
1784620800000,28964.649999999998,29002,28952.87,29000.5
1784621700000,29000.25,29016,28989.25,29016
1784622600000,29016.5,29024.649999999998,29004.62,29015.399999999998
1784623500000,29016.25,29023,28998.5,29015.5
1784624400000,29016.25,29029.5,29011.25,29019.75
1784625300000,29020.75,29044,29013.5,29015.15
1784626200000,29015,29027.75,29000,29013.65
1784627100000,29013,29033.4,29002,29002.9
1784628000000,29004,29046.5,29003.65,29020
1784628900000,29019.75,29035.4,29014.25,29022.65
1784629800000,29022.5,29049.5,29013.45,29020.75
1784630700000,29021,29034,29005.5,29016.25
1784631600000,29017.25,29033.149999999998,28982.62,29007
1784632500000,29007.4,29008.75,28972,28979
1784633400000,28979.25,29023.5,28977.5,29018.25
1784634300000,29017.9,29033,28996,29004
1784635200000,29004.25,29045.5,28997.15,29028.5
1784636100000,29028.75,29029.25,28983.2,28984.45
1784637000000,28983.2,28992.7,28961.7,28983.95
1784637900000,28983.7,29036.2,28982.45,29021.2
1784638800000,29021.7,29032.7,29005.95,29011.95
1784639700000,29011.7,29071.95,29006.2,29071.95
1784640600000,29072.120000000003,29094.7,28985.65,28999.25
1784641500000,29000.65,29032,28949,29008.25
1784642400000,29008,29043,28919.5,28983.65
1784643300000,28983,29073,28922.25,29062
1784644200000,29062.25,29089.5,29017.75,29078
1784645100000,29078.5,29109,29064,29093.25
1784646000000,29092,29153,29037.25,29147
1784646900000,29148.25,29175.5,29128.25,29163.5
1784647800000,29162.75,29164,29114.5,29117.25
1784648700000,29117,29157,29113.5,29116
1784649600000,29115.5,29179.5,29110.5,29158.25
1784650500000,29158.12,29193,29157,29168
1784651400000,29168.25,29190.75,29159.5,29174.5
1784652300000,29174.75,29207.87,29167.5,29187.5
1784653200000,29187,29211.37,29187,29191.25
1784654100000,29191,29200.5,29179.12,29189
1784655000000,29189.25,29207.25,29183.75,29197
1784655900000,29197.5,29218.5,29189.25,29197.5
1784656800000,29197,29217.37,29193.5,29193.75
1784657700000,29194.5,29200.5,29175.75,29181.25
1784658600000,29181.5,29204.75,29167,29203.87
1784659500000,29203.75,29211.5,29172.2,29184.25
1784660400000,29185,29191.25,29161,29166.25
1784661300000,29165.25,29176.25,29146.75,29149.5
1784662200000,29152.5,29196.12,29147.25,29193.75
1784663100000,29194,29205.5,29157,29168.25
1784664000000,29168.5,29172.25,29143.75,29162.5
1784664900000,29160.5,29160.5,29139.87,29148.75
1784665800000,29149,29158.25,29146.12,29149
1784666700000,29149.5,29150.5,29135.5,29144.6
1784671200000,29165.85,29167.35,29139.5,29155.75
1784672100000,29156.5,29161,29124.5,29129.5
1784673000000,29127.75,29140.5,29116.75,29129
1784673900000,29128.5,29134.5,29112.25,29133.25
1784674800000,29132.5,29143.25,29120.25,29141.5
1784675700000,29141,29162.5,29131.5,29155
1784676600000,29154.5,29163,29132.5,29139
1784677500000,29138.5,29162.25,29129.5,29156.75
1784678400000,29156,29195.5,29145.5,29187.25
1784679300000,29187.5,29189,29150,29158
1784680200000,29158.75,29164,29131.5,29143.25
1784681100000,29143,29151.5,29118.5,29147.25
1784682000000,29147.75,29153,29093,29115.75
1784682900000,29115.25,29130.25,29098.5,29105.5
1784683800000,29106.75,29119.75,29091.5,29114
1784684700000,29114.25,29165,29109.5,29135.75
1784685600000,29136.5,29143.25,29097.5,29120.75
1784686500000,29120.25,29143.25,29110,29135
1784687400000,29135,29135.75,29102.5,29112
1784688300000,29111.75,29122.75,29088.75,29097.5
1784689200000,29098.25,29103.25,29069.5,29073.25
1784690100000,29073,29120.75,29070.75,29120.75
1784691000000,29120.5,29126.25,29076.75,29082
1784691900000,29082.25,29100.75,29049.5,29058.5
1784692800000,29058.25,29083.5,29047.25,29072.5
1784693700000,29072.75,29097.5,29071.5,29092.5
1784694600000,29092.25,29092.75,29068.25,29075.75
1784695500000,29076.25,29081.25,29052.75,29080.25
1784696400000,29081.25,29084.25,29039.25,29046.25
1784697300000,29046,29055,29024.75,29024.75
1784698200000,29025.25,29043.25,29005,29006.75
1784699100000,29007,29036.5,28999.75,29031.75
1784700000000,29028.25,29032,28985.5,28991.5
1784700900000,28992.25,28992.25,28919,28937.25
1784701800000,28937.75,28974.25,28927,28961.25
1784702700000,28961.5,28961.5,28922,28951.75
1784703600000,28951.25,28961.15,28910.65,28957.300000000003
1784704500000,28957.8,28984.1,28944.85,28978.85
1784705400000,28978.8,28984.1,28884.5,28924.85
1784706300000,28924.55,28936.3,28900.3,28916.55
1784707200000,28916.3,28967.05,28900.55,28927.55
1784708100000,28927.55,28963.149999999998,28922.8,28960.5
1784709000000,28960.25,28974.75,28939,28945
1784709900000,28945.9,28976.5,28945,28969.15
1784710800000,28969,29008.5,28965.9,28990.4
1784711700000,28990.25,29005.399999999998,28983.87,28984.5
1784712600000,28984.65,28985.25,28955.9,28974.75
1784713500000,28975,28987,28948.5,28986.65
1784714400000,28986.4,29017.9,28979.5,28979.5
1784715300000,28979.65,29025.5,28971.9,29017.5
1784716200000,29018.25,29025,28990.65,28992.4
1784717100000,28992,29030.25,28990.5,29012.87
1784718000000,29013.52,29021.02,28979.5,28981.02
1784718900000,28980.5,28992.37,28956.25,28959.27
1784719800000,28959.5,28971,28875.02,28899.75
1784720700000,28899.52,28934.77,28892.5,28910.75
1784721600000,28911.02,28928,28882.5,28901.02
1784722500000,28901.77,28903.75,28851.87,28883.02
1784723400000,28883,28925.52,28883,28913.52
1784724300000,28913.75,28914.5,28822,28874.5
1784725200000,28874.25,28920.5,28874.25,28914.25
1784726100000,28914.37,28955.87,28912.12,28946.12
1784727000000,28949.37,29043.12,28949.37,29036.12
1784727900000,29036.5,29134.87,29011.25,29134.5
1784728800000,29133.5,29141.12,29076.5,29093.75
1784729700000,29093.62,29131.75,29054.5,29078.25
1784730600000,29078,29119,29032.25,29044.5
1784731500000,29044.75,29103.55,29034.25,29099.25
1784732400000,29099.75,29172.5,29099.75,29165
1784733300000,29165.25,29201.25,29151.5,29183.75
1784734200000,29185.87,29193.75,29133.75,29148
1784735100000,29147.75,29191.5,29147.75,29189
1784736000000,29188.75,29192.12,29171.75,29188.25
1784736900000,29188,29193.75,29159.75,29170.5
1784737800000,29170.25,29187.25,29143,29149.5
1784738700000,29149.75,29180.5,29135.75,29169.5
1784739600000,29169.75,29189.75,29162.12,29169
1784740500000,29169.75,29177.75,29154.5,29164.75
1784741400000,29164.5,29178.75,29139.75,29153
1784742300000,29153.75,29156.75,29093.5,29103.5
1784743200000,29104.5,29129,29084.75,29084.75
1784744100000,29083.25,29112,29081.5,29098.5
1784745000000,29098.25,29098.5,29067,29087.5
1784745900000,29087.25,29117.5,29084,29104.5
1784746800000,29105.12,29116.75,29074.25,29083.5
1784747700000,29084,29118.25,29076.5,29112
1784748600000,29111.25,29112.75,29051.75,29071
1784749500000,29071.25,29103,29018,29018
1784750400000,29017.75,29108.15,28978.5,29106.15
1784751300000,29107.4,29118.4,29061.65,29075.65
1784752200000,29075.15,29082.65,29041.65,29042.15
1784753100000,29042.4,29070.3,29023.75,29024.25
1784757600000,28975.75,29000.75,28921.65,28945.9
1784758500000,28946.15,28967.15,28931.65,28942.9
1784759400000,28943.15,28949.15,28902.4,28906.9
1784760300000,28907.4,28945.15,28900.4,28932.9
1784761200000,28933.4,28941.15,28883.4,28924.4
1784762100000,28924.15,28927.15,28897.4,28918.65
1784763000000,28918.9,28958.65,28918.65,28957.4
1784763900000,28957.65,29004.15,28953.4,29003.4
1784764800000,29003.9,29033.65,28993.65,29028.15
1784765700000,29027.9,29117.15,29017.9,29087.65
1784766600000,29087.9,29109.9,29079.9,29094.65
1784767500000,29095.15,29142.9,29090.15,29117.4
1784768400000,29116.4,29132.15,29096.9,29129.65
1784769300000,29129.9,29134.4,29093.65,29101.9
1784770200000,29102.4,29120.65,29042.15,29043.15
1784771100000,29042.9,29077.9,29037.4,29038.15
1784772000000,29037.65,29061.65,29009.4,29010.4
1784772900000,29010.65,29016.65,28953.9,28965.9
1784773800000,28965.65,28986.65,28920.4,28930.4
1784774700000,28930.15,28957.9,28924.4,28952.9
1784775600000,28952.65,28958.15,28891.65,28914.65
1784776500000,28915.15,28945.4,28901.4,28945.4
1784777400000,28945.15,28978.15,28933.9,28978.15
1784778300000,28978.4,28989.65,28964.9,28973.4
1784779200000,28973.15,28996.65,28929.65,28996.65
1784780100000,28996.9,29023.65,28973.65,29012.15
1784781000000,29012.4,29026.65,28999.65,29002.4
1784781900000,29002.9,29018.15,28973.9,28985.4
1784782800000,28985.4,28989.9,28962.15,28978.65
1784783700000,28978.4,29031.15,28960.4,29031.15
1784784600000,29031.65,29044.4,28997.4,29009.4
1784785500000,29009.15,29010.15,28940.65,28948.15
1784786400000,28948.4,28977.9,28939.15,28960.15
1784787300000,28959.65,28972.15,28940.65,28968.15
1784788200000,28969.4,28974.15,28943.15,28943.65
1784789100000,28943.9,28980.9,28937.4,28945.4
1784790000000,28945.15,28948.4,28815.9,28856.9
1784790900000,28858.4,28899.550000000003,28853.65,28877.4
1784791800000,28877.65,28881.550000000003,28799.4,28801.9
1784792700000,28801.800000000003,28849.800000000003,28783.65,28848.800000000003
1784793600000,28851.649999999998,28903.399999999998,28820.3,28896.149999999998
1784794500000,28896.9,28922.4,28880.15,28911.9
1784795400000,28911.15,28922.550000000003,28892.15,28899.300000000003
1784796300000,28899.15,28971.9,28895.9,28964.4
1784797200000,28963.65,28998.300000000003,28941.65,28942.800000000003
1784798100000,28942.399999999998,28963.3,28939.05,28952.3
1784799000000,28952.550000000003,28952.550000000003,28929.15,28936.65
1784799900000,28936.9,28948.050000000003,28906.9,28916.15
1784800800000,28916.300000000003,28928.4,28899.9,28903.9
1784801700000,28904.050000000003,28924.800000000003,28898.15,28914.4
1784802600000,28914.15,28983.550000000003,28907.4,28961.800000000003
1784803500000,28962.300000000003,28969.9,28955.9,28963.65
1784804400000,28964.9,28968.800000000003,28895.65,28918.800000000003
1784805300000,28918.300000000003,28933.4,28854.4,28855.550000000003
1784806200000,28855.65,28863.65,28775.4,28785.800000000003
1784807100000,28787.05,28842.399999999998,28775.05,28826.3
1784808000000,28826.050000000003,28828.4,28776.9,28777.65
1784808900000,28777.4,28798.65,28715.65,28726.9
1784809800000,28722.100000000002,28735.9,28630.7,28650.2
1784810700000,28650.100000000002,28666.7,28617.7,28648.7
1784811600000,28649.95,28665.95,28578.2,28588.45
1784812500000,28588.7,28592.7,28560.45,28580.850000000002
1784813400000,28572.850000000002,28744.2,28519.2,28717.7
1784814300000,28718.7,28728.95,28558.45,28569.2
1784815200000,28569.7,28661.850000000002,28540.2,28565.45
1784816100000,28565.7,28641.95,28549.45,28594.850000000002
1784817000000,28593.850000000002,28633.7,28488.2,28507.7
1784817900000,28506.2,28531.45,28439.2,28457.95
1784818800000,28457.7,28464.7,28343.95,28354.7
1784819700000,28354.2,28429.2,28309.7,28327.2
1784820600000,28328.95,28411.45,28293.7,28355.45
1784821500000,28355.2,28449.95,28339.45,28447.95
1784822400000,28448.95,28503.45,28433.45,28488.95
1784823300000,28489.45,28574.45,28469.95,28566.2
1784824200000,28566.95,28597.95,28542.45,28547.2
1784825100000,28547.45,28547.45,28469.7,28501.2
1784826000000,28501.7,28522.2,28448.2,28502.95
1784826900000,28499.95,28536.7,28475.2,28512.95
1784827800000,28512.45,28517.45,28431.45,28454.7
1784828700000,28450.45,28489.2,28425.95,28427.95
1784829600000,28428.2,28441.7,28402.95,28419.7
1784830500000,28419.95,28444.45,28405.7,28435.2
1784831400000,28435.45,28462.95,28405.7,28410.45
1784832300000,28409.2,28437.95,28386.95,28411.45
1784833200000,28410.7,28426.95,28361.45,28367.2
1784834100000,28365.95,28454.2,28364.7,28442.45
1784835000000,28443.45,28455.45,28362.7,28362.7
1784835900000,28362.45,28493.95,28346.45,28468.95
1784836800000,28476.6,28607.199999999997,28475.1,28587.699999999997
1784837700000,28588.2,28637.95,28580.2,28630.2
1784838600000,28630.350000000002,28642.45,28589.7,28597.100000000002
1784839500000,28597.2,28607.350000000002,28586.7,28600.3
1784844000000,28562.699999999997,28570.949999999997,28495.85,28505.35
1784844900000,28504.6,28539.35,28487.6,28526.1
1784845800000,28526.35,28555.35,28525.6,28547.6
1784846700000,28546.85,28595.1,28546.6,28593.35
1784847600000,28593.35,28596.85,28552.85,28560.85
1784848500000,28560.6,28571.1,28552.85,28562.85
1784849400000,28561.1,28564.6,28525.1,28549.85
1784850300000,28550.6,28572.1,28521.85,28542.6
1784851200000,28542.35,28586.85,28482.6,28505.85
1784852100000,28505.35,28546.35,28479.35,28507.6
1784853000000,28507.35,28539.6,28484.85,28518.85
1784853900000,28518.6,28542.85,28489.85,28533.85
1784854800000,28533.6,28564.6,28519.6,28526.1
1784855700000,28524.85,28556.35,28504.6,28519.85
1784856600000,28518.85,28547.85,28508.85,28527.85
1784857500000,28526.85,28536.1,28474.6,28476.6
1784858400000,28476.35,28494.6,28457.1,28480.85
1784859300000,28481.1,28486.85,28449.6,28457.6
1784860200000,28457.6,28461.6,28411.1,28411.6
1784861100000,28411.1,28416.1,28380.6,28382.6
1784862000000,28382.1,28408.85,28381.6,28401.85
1784862900000,28401.6,28423.6,28384.85,28407.6
1784863800000,28408.6,28418.35,28363.35,28367.85
1784864700000,28367.35,28382.6,28344.35,28348.6
1784865600000,28349.6,28378.6,28330.35,28348.85
1784866500000,28348.6,28419.85,28344.85,28414.35
1784867400000,28414.1,28420.6,28375.1,28391.1
1784868300000,28391.35,28434.35,28382.85,28428.1
1784869200000,28428.35,28462.6,28411.1,28456.1
1784870100000,28455.6,28464.6,28433.85,28445.6
1784871000000,28445.35,28457.6,28429.6,28453.35
1784871900000,28453.85,28469.85,28407.1,28408.35
1784872800000,28408.85,28412.1,28366.6,28371.85
1784873700000,28372.6,28438.6,28371.6,28398.85
1784874600000,28398.1,28423.85,28368.35,28370.1
1784875500000,28370.35,28410.1,28344.85,28406.85
1784876400000,28407.1,28500.75,28403.1,28498.6
1784877300000,28498.85,28525.85,28487.1,28516.1
1784878200000,28515.85,28521,28473.35,28488.75
1784879100000,28489.25,28496.5,28476.25,28478.85
1784880000000,28478.35,28482,28420.1,28436.85
1784880900000,28437,28485.85,28434.6,28485.85
1784881800000,28482.35,28512.1,28477.35,28492.85
1784882700000,28492.6,28497,28472.1,28484
1784883600000,28483.85,28544.75,28474.85,28505.75
1784884500000,28505.1,28538.6,28495.5,28535
1784885400000,28535.6,28563.6,28525.85,28557.1
1784886300000,28558,28566.1,28542.6,28562.35
1784887200000,28562.1,28567.25,28521.1,28525.6
1784888100000,28525.25,28540.85,28516.25,28529.35
1784889000000,28529.6,28547.35,28499.75,28509.1
1784889900000,28509.25,28518.75,28495.25,28501.75
1784890800000,28501.1,28528.6,28494.25,28518.85
1784891700000,28518.75,28524.85,28499.25,28505.1
1784892600000,28504.75,28510.6,28478.6,28478.6
1784893500000,28478.75,28560.6,28464.25,28541.35
1784894400000,28541.6,28557.35,28487.6,28551.75
1784895300000,28550.6,28556.75,28515.35,28548.5
1784896200000,28548.75,28550.5,28486.6,28491.1
1784897100000,28491.6,28497.1,28450.6,28453.6
1784898000000,28454.6,28464.35,28434.1,28454.1
1784898900000,28453.85,28477.35,28401.5,28401.85
1784899800000,28402.1,28483.6,28321.1,28346.1
1784900700000,28346.35,28370.1,28176.1,28185.85
1784901600000,28184.969999999998,28312.85,28171.35,28283.1
1784902500000,28282.1,28292.85,28163.1,28253.6
1784903400000,28255.35,28256.75,28125.35,28149.6
1784904300000,28150.1,28322.6,28116.6,28311.85
1784905200000,28313.1,28371.1,28218.6,28356.6
1784906100000,28356.1,28417.35,28320.35,28362.85
1784907000000,28362.35,28438.969999999998,28347.1,28368.1
1784907900000,28367.85,28444.35,28354.1,28438.35
1784908800000,28438.6,28492.219999999998,28411.85,28436.85
1784909700000,28436.35,28454.6,28415.35,28428.6
1784910600000,28428.35,28430.85,28357.35,28361.85
1784911500000,28361.6,28373.1,28323.6,28356.85
1784912400000,28358.5,28364.1,28290.1,28320.6
1784913300000,28320.85,28383.6,28303.35,28377.1
1784914200000,28376.35,28405.6,28325.35,28326.35
1784915100000,28326.6,28363.35,28314.6,28328.35
1784916000000,28329.85,28347.85,28283.85,28290.35
1784916900000,28289.85,28291.6,28195.85,28199.35
1784917800000,28199.6,28207.6,28121.6,28138.35
1784918700000,28138.1,28189.6,28131.85,28163.6
1784919600000,28163.85,28190.35,28082.1,28083.85
1784920500000,28083.35,28127.85,28075.1,28116.1
1784921400000,28117.1,28164.85,28101.85,28137.6
1784922300000,28136.85,28156.1,28087.35,28145.85
1784923200000,28145.6,28164.85,28122.1,28153.6
1784924100000,28155.1,28190.1,28154.6,28166.6
1784925000000,28166.1,28169,28147.35,28167.1
1784925900000,28167.6,28175.1,28151.5,28166.7
1785103200000,28388.2,28551.2,28388.2,28483.850000000002
1785104100000,28484.1,28517.35,28467.1,28493.6
1785105000000,28494.35,28511.6,28489.6,28497.85
1785105900000,28497.85,28505.6,28475.6,28481.1
1785106800000,28480.6,28509.35,28470.35,28501.6
1785107700000,28503.85,28507.1,28481.85,28488.6
1785108600000,28489.35,28539.85,28481.85,28524.85
1785109500000,28525.35,28601.1,28508.85,28599.6
1785110400000,28599.35,28602.85,28487.1,28533.35
1785111300000,28534.1,28534.1,28453.6,28488.1
1785112200000,28488.35,28525.85,28468.85,28469.6
1785113100000,28469.85,28526.35,28466.85,28469.1
1785114000000,28471.35,28504.35,28437.35,28443.85
1785114900000,28444.1,28452.6,28397.35,28409.6
1785115800000,28409.35,28492.6,28406.6,28461.1
1785116700000,28460.6,28485.35,28443.35,28484.85
1785117600000,28485.35,28498.35,28458.6,28480.6
1785118500000,28480.1,28523.35,28477.6,28510.35
1785119400000,28509.85,28526.85,28477.1,28518.6
1785120300000,28518.35,28528.6,28482.6,28484.85
1785121200000,28485.1,28515.35,28476.6,28514.85
1785122100000,28514.35,28521.35,28489.1,28489.85
1785123000000,28490.35,28507.35,28470.6,28489.85
1785123900000,28489.6,28497.85,28464.6,28484.35
1785124800000,28485.6,28495.85,28468.85,28491.35
1785125700000,28491.85,28517.6,28478.35,28490.6
1785126600000,28491.35,28524.6,28480.6,28518.6
1785127500000,28519.35,28534.1,28509.1,28515.6
1785128400000,28515.35,28545.6,28509.1,28540.85
1785129300000,28540.35,28554.85,28535.85,28550.35
1785130200000,28551.85,28574.6,28545.35,28558.1
1785131100000,28557.85,28574.85,28553.1,28566.1
1785132000000,28566.1,28599.35,28566.1,28588.6
1785132900000,28588.35,28593.1,28564.85,28569.35
1785133800000,28567.85,28586.1,28565.85,28568.35
1785134700000,28567.6,28573.6,28551.6,28565.85
1785135600000,28563.6,28599.6,28559.85,28597.75
1785136500000,28598.75,28602.6,28573.5,28576.1
1785137400000,28576,28576.75,28543.35,28567.25
1785138300000,28566.25,28572.6,28532.75,28532.75
1785139200000,28532.35,28571.35,28531.6,28564.75
1785140100000,28564.6,28594.5,28549,28591.35
1785141000000,28590.850000000002,28613.75,28574.47,28606.75
1785141900000,28607.1,28619.85,28595.6,28607.6
1785142800000,28608.35,28608.35,28591.35,28596.25
1785143700000,28596.85,28609.25,28594.25,28597
1785144600000,28596.75,28618.85,28589.75,28617.85
1785145500000,28617.6,28633.35,28613.75,28616.6
1785146400000,28616.25,28624.35,28597.85,28609.85
1785147300000,28609.6,28618.75,28602.1,28609.25
1785148200000,28609.35,28621.85,28604.6,28617.85
1785149100000,28617.35,28629.1,28611.1,28612.5
1785150000000,28610.35,28615.25,28580,28582.85
1785150900000,28583.35,28591.35,28522.1,28522.25
1785151800000,28523.35,28556.25,28518.75,28538.35
1785152700000,28538.100000000002,28547.850000000002,28530.22,28543.75
1785153600000,28543.85,28568.35,28505.35,28507.25
1785154500000,28507.5,28523.85,28500.6,28520.6
1785155400000,28520.35,28542.35,28504.1,28541.1
1785156300000,28541.25,28562.85,28537.85,28561.85
1785157200000,28563.35,28570.35,28518.85,28532.1
1785158100000,28534.1,28546.35,28459.75,28460.85
1785159000000,28460.35,28485.75,28299.6,28325.35
1785159900000,28327.1,28374.35,28213.1,28218.6
1785160800000,28219.6,28242.6,28102.35,28123.6
1785161700000,28122.5,28169.1,27948.1,27956.35
1785162600000,27956.85,27974.85,27809.35,27828
1785163500000,27828.35,28049.25,27828.35,28039.219999999998
1785164400000,28040.35,28067.6,27992.6,27996.6
1785165300000,27995.6,28020.85,27917.85,27942.85
1785166200000,27943.350000000002,27953.100000000002,27852.15,27910.350000000002
1785167100000,27910.25,27944.85,27866.35,27934.1
1785168000000,27933.85,28025.22,27929.75,27949.6
1785168900000,27949.85,28074.75,27915.85,28025.1
1785169800000,28025.6,28067.6,27985.1,28005.35
1785170700000,28006.35,28027.35,27899.6,27918.35
1785171600000,27921.6,27926.85,27866.1,27906.1
1785172500000,27906.6,27914.6,27859.1,27870.1
1785173400000,27870.85,27935.6,27869.6,27906.85
1785174300000,27908.35,27977.6,27885.85,27976.1
1785175200000,27979.35,27992.1,27957.6,27972.6
1785176100000,27972.1,27976.6,27921.6,27953.1
1785177000000,27953.6,27958.35,27891.6,27954.1
1785177900000,27955.1,28062.35,27941.35,28059.85
1785178800000,28060.85,28103.35,28037.35,28073.1
1785179700000,28072.6,28118.969999999998,28067.1,28115.1
1785180600000,28114.85,28126.1,28044.1,28048.1
1785181500000,28047.1,28076.6,28027.6,28063.85
1785182400000,28064.35,28090.85,28041.1,28062.35
1785183300000,28063.6,28066.1,28045.6,28065.85
1785184200000,28066.1,28102.35,28058.55,28079.1
1785185100000,28079.35,28081.949999999997,28059.1,28081.449999999997
1785189600000,28088.55,28100.05,28028.95,28030.95
1785190500000,28031.45,28040.45,27999.45,28001.95
1785191400000,28001.7,28028.45,27997.7,28005.7
1785192300000,28007.2,28021.2,27996.7,28005.7
1785193200000,28005.45,28024.7,27978.95,28002.95
1785194100000,28003.2,28035.7,27991.2,28034.7
1785195000000,28034.7,28034.7,28003.2,28005.45
1785195900000,28007.2,28050.95,27994.45,28036.45
1785196800000,28038.95,28067.45,27967.95,27984.45
1785197700000,27984.7,28004.7,27942.7,27976.95
1785198600000,27977.45,28012.7,27933.7,27993.7
1785199500000,27992.2,27992.7,27930.2,27944.45
1785200400000,27944.7,27950.45,27842.95,27866.2
1785201300000,27865.95,27950.7,27859.7,27931.95
1785202200000,27931.45,27970.7,27919.95,27952.7
1785203100000,27952.45,27967.45,27881.45,27893.95
1785204000000,27896.7,27896.95,27857.2,27868.2
1785204900000,27868.95,27903.2,27846.7,27860.7
1785205800000,27860.95,27861.7,27824.95,27844.7
1785206700000,27844.45,27879.95,27828.95,27865.7
1785207600000,27867.2,27870.2,27806.2,27841.45
1785208500000,27841.2,27919.45,27837.45,27859.45
1785209400000,27858.2,27935.95,27824.95,27929.7
1785210300000,27929.45,27943.7,27899.95,27921.45
1785211200000,27921.2,27921.2,27851.7,27857.95
1785212100000,27858.2,27889.2,27843.7,27846.45
1785213000000,27846.7,27856.2,27833.95,27847.95
1785213900000,27848.2,27876.2,27824.7,27829.45
1785214800000,27829.2,27855.95,27816.2,27819.7
1785215700000,27820.2,27829.45,27787.95,27792.7
1785216600000,27792.45,27796.7,27749.95,27770.45
1785217500000,27769.95,27797.2,27745.2,27753.7
1785218400000,27755.45,27775.65,27712.2,27718.2
1785219300000,27719.2,27779.7,27718.45,27774.95
1785220200000,27775.2,27809.2,27765.7,27791.2
1785221100000,27791.45,27830.95,27775.45,27819.7
1785222000000,27819.699999999997,27853.449999999997,27807.6,27845.199999999997
1785222900000,27845.45,27860.95,27811.7,27816.600000000002
1785223800000,27816.7,27834.600000000002,27800.7,27813.100000000002
1785224700000,27812.2,27826.95,27781.7,27806.2
1785225600000,27806.699999999997,27821.199999999997,27754.1,27762.199999999997
1785226500000,27762.100000000002,27880.45,27757.45,27875.2
1785227400000,27878.2,27919.850000000002,27847.7,27910.600000000002
1785228300000,27910.449999999997,27923.949999999997,27860.35,27866.949999999997
1785229200000,27866.7,27887.600000000002,27855.45,27862.350000000002
1785230100000,27862.100000000002,27888.95,27858.45,27886.2
1785231000000,27886.1,27886.199999999997,27840.6,27845.6
1785231900000,27846.2,27854.350000000002,27815.45,27829.95
1785232800000,27829.7,27838.7,27820.45,27825.350000000002
1785233700000,27825.2,27842.7,27806.45,27841.100000000002
1785234600000,27842.2,27853.45,27777.65,27805.600000000002
1785235500000,27805.2,27823.95,27799.7,27816.95
1785236400000,27816.600000000002,27825.2,27737.95,27743.2
1785237300000,27742.699999999997,27830.949999999997,27742.35,27756.85
1785238200000,27756.7,27799.95,27722.95,27747.850000000002
1785239100000,27731.7,27846.600000000002,27731.7,27836.600000000002
1785240000000,27835.7,27874.45,27822.7,27836.7
1785240900000,27836.95,27890.95,27821.95,27882.7
1785241800000,27883.2,27900.2,27829.95,27883.45
1785242700000,27883.100000000002,27905.45,27852.2,27866.95
1785243600000,27866.600000000002,27899.95,27847.45,27874.7
1785244500000,27874.449999999997,27901.449999999997,27812.1,27824.1
1785245400000,27816.45,27864.95,27602.7,27622.7
1785246300000,27621.449999999997,27670.449999999997,27515.6,27536.699999999997
1785247200000,27537.7,27665.600000000002,27482.2,27503.2
1785248100000,27503.7,27589.95,27477.45,27579.45
1785249000000,27580.2,27665.45,27543.2,27645.45
1785249900000,27644.7,27762.45,27618.7,27674.95
1785250800000,27678.2,27754.850000000002,27641.2,27726.7
1785251700000,27726.2,27882.45,27710.7,27839.2
1785252600000,27837.7,27907.7,27822.7,27904.7
1785253500000,27905.2,27934.95,27884.95,27920.7
1785254400000,27921.2,27941.7,27870.95,27880.95
1785255300000,27881.2,27918.45,27858.7,27867.45
1785256200000,27868.7,27916.7,27826.82,27906.35
1785257100000,27905.7,27952.2,27866.45,27930.45
1785258000000,27929.699999999997,27938.949999999997,27842.6,27861.699999999997
1785258900000,27861.2,27917.7,27846.95,27869.95
1785259800000,27869.45,27914.95,27822.7,27827.7
1785260700000,27827.95,27858.45,27798.32,27846.45
1785261600000,27848.7,27872.2,27788.7,27790.45
1785262500000,27790.7,27820.7,27786.45,27799.45
1785263400000,27799.699999999997,27835.949999999997,27794.1,27811.449999999997
1785264300000,27811.2,27852.2,27802.7,27846.45
1785265200000,27845.95,27894.45,27845.95,27860.95
1785266100000,27859.95,27893.7,27838.7,27891.25
1785267000000,27891.5,27897.25,27814.82,27827.7
1785267900000,27826.7,27860.2,27785.95,27794.7
1785268800000,27792.2,27839.45,27758.45,27792.2
1785269700000,27791.949999999997,27863.85,27784.1,27850.449999999997
1785270600000,27850.7,27856.7,27810.2,27821.350000000002
1785271500000,27821.2,27835.95,27808.95,27830.55
1785276000000,27847.55,27888.7,27837.3,27848.2
1785276900000,27848.45,27854.7,27782.95,27818.95
1785277800000,27815.7,27819.7,27732.45,27737.7
1785278700000,27737.95,27739.45,27633.7,27633.7
1785279600000,27634.95,27733.45,27612.7,27718.45
1785280500000,27718.95,27767.2,27686.7,27766.7
1785281400000,27766.95,27900.45,27761.45,27890.95
1785282300000,27889.7,27980.95,27868.2,27978.95
1785283200000,27979.45,28051.2,27954.2,28018.2
1785284100000,28017.2,28033.95,27929.2,27952.2
1785285000000,27951.2,27956.45,27894.7,27945.45
1785285900000,27945.7,27960.7,27877.25,27887.9
1785286800000,27887.65,27917.45,27788.7,27797.7
1785287700000,27797.45,27874.95,27773.7,27849.45
1785288600000,27847.95,27855.45,27755.7,27755.7
1785289500000,27755.2,27768.7,27661.2,27663.7
1785290400000,27662.2,27745.45,27647.45,27721.45
1785291300000,27720.45,27772.2,27673.2,27772.2
1785292200000,27771.7,27787.95,27735.7,27763.2
1785293100000,27762.45,27765.95,27701.7,27718.2
1785294000000,27716.7,27759.45,27666.45,27706.2
1785294900000,27706.45,27716.7,27652.7,27653.95
1785295800000,27653.7,27669.7,27619.45,27649.45
1785296700000,27648.95,27662.45,27578.7,27593.45
1785297600000,27594.2,27598.95,27553.2,27568.95
1785298500000,27567.95,27588.95,27524.45,27560.2
1785299400000,27559.7,27595.45,27525.2,27525.45
1785300300000,27526.7,27634.95,27516.5,27632.95
1785301200000,27639.95,27710.2,27612.7,27708.95
1785302100000,27709.45,27709.7,27648.95,27689.95
1785303000000,27691.2,27729.45,27662.2,27701.45
1785303900000,27704.7,27718.2,27666.45,27667.7
1785304800000,27670.95,27674.45,27613.2,27638.95
1785305700000,27640.7,27687.7,27631.45,27686.2
1785306600000,27685.7,27789.2,27685.7,27784.95
1785307500000,27784.45,27817.95,27770.7,27805.45
1785308400000,27806.2,27821.95,27774.2,27799.2
1785309300000,27798.95,27828.350000000002,27782.2,27822.7
1785310200000,27823.2,27837.95,27796.95,27796.95
1785311100000,27797.35,27799.85,27767.6,27782.449999999997
1785312000000,27783.350000000002,27800.350000000002,27733.7,27736.600000000002
1785312900000,27735.7,27760.45,27696.2,27716.95
1785313800000,27716.699999999997,27805.199999999997,27706.6,27799.699999999997
1785314700000,27799.449999999997,27814.85,27772.35,27779.449999999997
1785315600000,27780.2,27854.350000000002,27776.7,27853.2
1785316500000,27853.45,27861.2,27827.7,27853.2
1785317400000,27852.45,27888.100000000002,27833.2,27875.7
1785318300000,27876.2,27936.100000000002,27875.45,27895.2
1785319200000,27894.95,27920.600000000002,27880.45,27885.95
1785320100000,27885.699999999997,27900.449999999997,27863.6,27893.449999999997
1785321000000,27892.699999999997,27899.199999999997,27831.35,27843.449999999997
1785321900000,27843.699999999997,27846.35,27807.85,27824.199999999997
1785322800000,27823.949999999997,27880.07,27812.1,27867.699999999997
1785323700000,27867.85,27898.949999999997,27859.85,27875.699999999997
1785324600000,27876.600000000002,27883.45,27835.4,27841.850000000002
1785325500000,27842.100000000002,27879.45,27832.45,27879.100000000002
1785326400000,27878.850000000002,27882.600000000002,27810.7,27816.45
1785327300000,27818.45,27823.45,27729.45,27744.600000000002
1785328200000,27743.2,27794.350000000002,27721.2,27787.7
1785329100000,27787.350000000002,27806.600000000002,27779.95,27784.45
1785330000000,27785.199999999997,27793.449999999997,27746.85,27749.199999999997
1785330900000,27749.45,27814.95,27732.7,27791.7
1785331800000,27791.100000000002,27871.7,27713.45,27792.95
1785332700000,27791.95,27823.7,27543.9,27609.7
1785333600000,27610.45,27702.2,27512.7,27524.45
1785334500000,27527.2,27570.45,27415.95,27449.2
1785335400000,27448.7,27527.7,27387.2,27414.2
1785336300000,27413.95,27489.45,27394.95,27475.600000000002
1785337200000,27476.2,27531.7,27442.45,27452.95
1785338100000,27453.45,27499.45,27424.95,27431.45
1785339000000,27430.7,27471.850000000002,27395.2,27411.45
1785339900000,27409.7,27441.45,27341.2,27393.45
1785340800000,27394.2,27415.7,27295.95,27295.95
1785341700000,27296.45,27432.45,27285.95,27428.95
1785342600000,27427.45,27461.7,27361.7,27380.7
1785343500000,27380.2,27479.7,27366.7,27479.7
1785344400000,27484.850000000002,27612.95,27473.45,27611.7
1785345300000,27612.95,27625.45,27527.95,27531.2
1785346200000,27527.45,27570.45,27506.2,27555.95
1785347100000,27558.100000000002,27603.45,27532.2,27590.65
1785348000000,27591.15,27764.2,27590.9,27674.45
1785348900000,27674.95,27717.7,27603.95,27651.2
1785349800000,27652.2,27863.2,27586.2,27851.7
1785350700000,27851.35,27973.199999999997,27837.85,27933.85
1785351600000,27935.35,27974.949999999997,27717.35,27782.35
1785352500000,27783.350000000002,27810.4,27516.4,27586.15
1785353400000,27590.9,27617.15,27334.4,27349.300000000003
1785354300000,27350.25,27384.4,27196.45,27213.7
1785355200000,27217.45,27238.7,27079.45,27177.2
1785356100000,27176.95,27215.2,27086.95,27119.95
1785357000000,27120.449999999997,27208.949999999997,27084.85,27190.199999999997
1785357900000,27189.7,27198.7,27133.8,27134.05
1785362400000,27096.3,27367.25,27096.3,27315.95
1785363300000,27316.7,27363.7,27277.7,27315.2
1785364200000,27314.95,27344.95,27293.7,27338.95
1785365100000,27338.7,27358.7,27301.95,27330.45
1785366000000,27330.7,27404.2,27327.2,27358.45
1785366900000,27358.95,27420.45,27350.2,27413.95
1785367800000,27415.45,27439.45,27381.7,27403.2
1785368700000,27402.95,27434.95,27377.45,27402.45
1785369600000,27401.95,27488.45,27353.45,27461.2
1785370500000,27460.7,27484.2,27431.95,27473.95
1785371400000,27475.2,27490.45,27371.45,27388.7
1785372300000,27388.45,27431.2,27372.7,27428.45
1785373200000,27429.7,27538.45,27417.2,27452.45
1785374100000,27451.7,27529.95,27446.2,27520.95
1785375000000,27520.7,27575.95,27517.45,27559.2
1785375900000,27558.95,27578.45,27530.2,27533.2
1785376800000,27532.7,27569.7,27511.7,27518.7
1785377700000,27518.45,27533.2,27485.7,27493.95
1785378600000,27494.2,27494.7,27442.7,27491.45
1785379500000,27491.7,27511.45,27421.95,27423.2
1785380400000,27423.45,27458.45,27368.2,27380.45
1785381300000,27381.2,27405.7,27353.95,27397.95
1785382200000,27397.95,27439.7,27362.7,27414.2
1785383100000,27412.95,27444.95,27399.95,27412.7
1785384000000,27414.45,27425.7,27363.2,27367.95
1785384900000,27367.45,27423.45,27342.45,27416.7
1785385800000,27416.2,27425.7,27343.7,27352.95
1785386700000,27352.45,27393.2,27317.2,27329.2
1785387600000,27328.95,27339.7,27303.7,27339.45
1785388500000,27341.2,27381.45,27335.45,27359.2
1785389400000,27360.2,27408.7,27347.15,27402.7
1785390300000,27403.45,27427.7,27346.45,27369.95
1785391200000,27368.45,27388.45,27341.45,27350.7
1785392100000,27350.45,27380.45,27329.45,27364.2
1785393000000,27363.7,27366.95,27316.45,27317.95
1785393900000,27317.7,27345.45,27299.45,27317.2
1785394800000,27315.45,27402.8,27297.95,27359.75
1785395700000,27360.25,27364,27277.75,27291
1785396600000,27291.25,27329.75,27235.25,27314.05
1785397500000,27314.25,27325.3,27272.3,27276.5
1785398400000,27276,27337.8,27220.05,27319.5
1785399300000,27319.25,27404.8,27306.5,27390
1785400200000,27390.5,27409,27371,27377
1785401100000,27377.25,27392.5,27343.75,27367.25
1785402000000,27367.5,27437.25,27352.75,27418
1785402900000,27417.25,27457.05,27408.75,27435.75
1785403800000,27436,27468.05,27420.75,27426.25
1785404700000,27426.800000000003,27437.550000000003,27390.4,27398.75
1785405600000,27399,27445.8,27370.75,27425.5
1785406500000,27425,27509.5,27423.25,27499.8
1785407400000,27499.3,27529.25,27489.5,27513.7
1785408300000,27512.95,27529.7,27493.45,27500.7
1785409200000,27499.95,27568.45,27495.45,27548.100000000002
1785410100000,27547.600000000002,27603.7,27543.2,27596.600000000002
1785411000000,27596.850000000002,27608.7,27556.2,27583.45
1785411900000,27583.45,27626.95,27582.7,27606.7
1785412800000,27607.699999999997,27646.949999999997,27578.6,27643.35
1785413700000,27645.35,27647.699999999997,27596.85,27620.699999999997
1785414600000,27620.95,27684.95,27597.7,27658.95
1785415500000,27659.199999999997,27701.199999999997,27645.35,27688.199999999997
1785416400000,27689.2,27758.45,27675.95,27723.95
1785417300000,27723.7,27765.95,27715.2,27761.2
1785418200000,27759.850000000002,27879.7,27697.95,27862.45
1785419100000,27861.2,28037.95,27857.7,28035.45
1785420000000,28035.2,28066.95,27950.7,27991.45
1785420900000,27991.7,28122.7,27964.95,28110.2
1785421800000,28109.95,28128.2,28044.7,28058.95
1785422700000,28059.7,28078.2,27906.95,27954.7
1785423600000,27955.199999999997,28019.949999999997,27896.35,27907.699999999997
1785424500000,27907.2,27982.7,27881.2,27893.2
1785425400000,27893.600000000002,27991.95,27885.45,27972.95
1785426300000,27973.7,28016.2,27933.2,27963.2
1785427200000,27962.95,28073.07,27943.45,28069.7
1785428100000,28069.45,28075.45,28024.45,28028.45
1785429000000,28027.2,28033.7,27938.95,27952.2
1785429900000,27952.45,28019.2,27950.2,28010.45
1785430800000,28010.2,28066.95,28010.2,28042.7
1785431700000,28042.45,28090.7,28040.2,28052.95
1785432600000,28052.699999999997,28081.199999999997,28022.85,28071.449999999997
1785433500000,28071.95,28090.45,28049.7,28061.95
1785434400000,28061.45,28088.7,28052.2,28084.2
1785435300000,28084.45,28087.2,28046.45,28066.2
1785436200000,28066.45,28082.45,28032.45,28050.7
1785437100000,28050.95,28072.7,28038.45,28064.7
1785438000000,28065.45,28176.95,28064.45,28158.7
1785438900000,28158.45,28180.95,28125.82,28128.45
1785439800000,28127.7,28140.45,28103.2,28116.2
1785440700000,28113.2,28145.45,28086.45,28109.95
1785441600000,28111.85,28237.199999999997,28090.1,28208.199999999997
1785442500000,28207.7,28251.7,28206.7,28248.7
1785443400000,28248.2,28276.7,28196.7,28244.2
1785444300000,28243.7,28247.100000000002,28206.95,28215.8
1785448800000,28208.6,28297.75,28192.35,28268.75
1785449700000,28269.25,28291.25,28235.5,28239.25
1785450600000,28238.25,28290.25,28216.5,28288.5
1785451500000,28288.75,28294.5,28277.5,28279
1785452400000,28279.75,28309,28261.75,28269.5
1785453300000,28269.75,28276.5,28248.75,28263
1785454200000,28263.25,28300.5,28247,28290.5
1785455100000,28290.75,28330.5,28276.75,28308.25
1785456000000,28307.75,28360.75,28282.5,28352.75
1785456900000,28352.25,28372.75,28332.5,28367
1785457800000,28366.5,28394.5,28365.5,28383.75
1785458700000,28384.25,28409.5,28354,28407.25
1785459600000,28408,28454.5,28408,28445.5
1785460500000,28445.75,28456.75,28428.25,28435
1785461400000,28434,28443.25,28374.5,28382.25
1785462300000,28382,28384.25,28340.75,28361.5
1785463200000,28361.75,28384,28318.75,28322.25
1785464100000,28324,28324,28286.5,28307.5
1785465000000,28307,28317,28275,28305.25
1785465900000,28305.5,28322.75,28283.25,28317.25
1785466800000,28316,28320.5,28282.5,28303
1785467700000,28303.25,28360.75,28302.5,28349.25
1785468600000,28349,28363,28337.5,28347
1785469500000,28347.5,28355.75,28313.25,28343.25
1785470400000,28343.5,28352,28308,28347.25
1785471300000,28347.5,28396.5,28337.75,28396
1785472200000,28395.75,28437.5,28392.75,28435.75
1785473100000,28436,28441.5,28420.5,28434.5
1785474000000,28434.25,28454.75,28423.5,28442.75
1785474900000,28444.75,28465.25,28437.25,28458.5
1785475800000,28458.25,28470.75,28426,28436.5
1785476700000,28436.25,28475.25,28434.25,28471.25
1785477600000,28470.5,28496.25,28461.25,28492.25
1785478500000,28492,28495.5,28466.25,28474.25
1785479400000,28475.25,28477.5,28342.5,28369
1785480300000,28369.25,28394.25,28335.5,28371
1785481200000,28369.5,28427.9,28340.5,28420.25
1785482100000,28420.65,28458.15,28392.25,28431.5
1785483000000,28432,28458.75,28421.25,28451.15
1785483900000,28451,28468.5,28427.75,28458.25
1785484800000,28458.5,28475.5,28409.4,28462.5
1785485700000,28462.9,28493.5,28450.15,28483.25
1785486600000,28482.75,28495.5,28447,28452.65
1785487500000,28453.15,28492,28448,28487.5
1785488400000,28488.75,28525.25,28483.4,28513.75
1785489300000,28513.25,28516.15,28469.9,28474.15
1785490200000,28473.5,28476.15,28415.25,28437.9
1785491100000,28437.65,28454.15,28415.15,28416.25
1785492000000,28416.15,28449.5,28404.9,28440.65
1785492900000,28439.15,28463.9,28431.25,28457.75
1785493800000,28457,28467.65,28447,28463
1785494700000,28463.25,28474.65,28437.65,28449.75
1785495600000,28450.62,28510.5,28450,28481
1785496500000,28480.75,28484.5,28434,28439.25
1785497400000,28440.25,28445.15,28407.65,28423.15
1785498300000,28423.65,28445.15,28417.25,28438.4
1785499200000,28438.25,28440.25,28362.75,28365.65
1785500100000,28364.75,28390.75,28335,28382.5
1785501000000,28382,28387,28317.25,28338.5
1785501900000,28337.25,28375.5,28323.25,28353.5
1785502800000,28353.25,28415.5,28342,28414.75
1785503700000,28420.25,28468.25,28414.5,28462.25
1785504600000,28462.5,28610.25,28302.15,28303.5
1785505500000,28304,28356,28180.75,28242.5
1785506400000,28237,28273.75,27986.75,28022.25
1785507300000,28023,28141.5,27965.75,28135.25
1785508200000,28136.25,28180.25,28096.75,28154.5
1785509100000,28154.75,28230,28122.75,28192.75
1785510000000,28193.25,28227,28101,28155
1785510900000,28155.25,28222,28006.7,28036
1785511800000,28035.75,28145.25,28001,28098.25
1785512700000,28099.75,28179.75,28051,28158.5
1785513600000,28159,28193.5,28129,28185.5
1785514500000,28186.75,28248.5,28142.75,28248.5
1785515400000,28248,28273.75,28199,28206.25
1785516300000,28204.4,28274.75,28193.75,28252.25
1785517200000,28251,28295.5,28245.25,28288.12
1785518100000,28287.75,28362,28281.25,28347
1785519000000,28347.25,28387.75,28328.75,28341
1785519900000,28341.75,28360.25,28301.5,28313.5
1785520800000,28313.75,28344.5,28280.75,28288.5
1785521700000,28287.75,28330.75,28283.25,28306.5
1785522600000,28307.5,28332.25,28301,28317.75
1785523500000,28316.75,28346.75,28301.75,28319
1785524400000,28318,28343.75,28291,28317.75
1785525300000,28318,28382.87,28312,28360.5
1785526200000,28359.25,28367.75,28319.5,28362.12
1785527100000,28364.25,28408.5,28271.5,28288.75
1785528000000,28287.5,28318.25,28226.5,28278.5
1785528900000,28278.75,28279.75,28247,28256.5
1785529800000,28256,28280.620000000003,28241.15,28266.5
1785530700000,28266.25,28271.25,28151.7,28174.850000000002
1785708000000,28499.85,28535.25,28443.35,28517
1785708900000,28517.25,28525.75,28475.5,28506
1785709800000,28506.25,28516,28488,28493.25
1785710700000,28493,28497.5,28453.5,28462.5
1785711600000,28462.25,28482.5,28438.25,28449.75
1785712500000,28450,28488.5,28446.5,28478.5
1785713400000,28478.25,28502,28468.25,28498.75
1785714300000,28499,28530,28466,28507.25
1785715200000,28506.25,28508.5,28450.25,28504.25
1785716100000,28503.75,28523.5,28431.25,28449.5
1785717000000,28449.25,28504.5,28435.3,28476.75
1785717900000,28476.25,28520,28466.25,28515.75
1785718800000,28517,28528.5,28478.75,28486
1785719700000,28486.25,28508.75,28458.75,28501.75
1785720600000,28502.25,28523.5,28473,28523.5
1785721500000,28524.5,28543.25,28512.5,28538.5
1785722400000,28540.5,28562,28525.5,28556.5
1785723300000,28557,28574.5,28529.25,28533.25
1785724200000,28533.5,28563.25,28528.75,28539
1785725100000,28538.75,28560,28533.75,28555.25
1785726000000,28556.75,28569.5,28551.5,28557.5
1785726900000,28558,28570,28535.5,28540.75
1785727800000,28540.5,28568,28535,28566.25
1785728700000,28566,28592,28559.25,28564.25
1785729600000,28564,28566.5,28546.75,28555.25
1785730500000,28555.5,28582.5,28554.5,28576.5
1785731400000,28577.5,28579.75,28561.5,28568.75
1785732300000,28568.5,28582,28541.5,28545.5
1785733200000,28545.25,28560.5,28527.75,28532.75
1785734100000,28532.25,28542,28516.75,28532.25
1785735000000,28532.5,28543.5,28522.5,28529
1785735900000,28528.75,28539.25,28512,28534.75
1785736800000,28535.5,28555,28525.5,28535.25
1785737700000,28535.75,28545.25,28512.5,28518.75
1785738600000,28520.25,28539.75,28504.75,28505
1785739500000,28504.25,28512.25,28470,28486
1785740400000,28487.5,28527.9,28458,28512
1785741300000,28511.9,28524.5,28463.25,28497.5
1785742200000,28497.25,28509.75,28454.5,28456.9
1785743100000,28456.75,28483,28452.5,28481.5
1785744000000,28480.75,28484.75,28413,28455.75
1785744900000,28456,28458.5,28367.25,28380.25
1785745800000,28381.5,28448.75,28366.75,28429.65
1785746700000,28429.5,28489,28421.5,28487.65
1785747600000,28487.9,28494.4,28437.5,28452
1785748500000,28452.9,28475.65,28441.5,28451
1785749400000,28449.25,28470.65,28437.75,28439.15
1785750300000,28438.65,28456.4,28415.25,28453.15
1785751200000,28452.4,28458.5,28419.5,28421.5
1785752100000,28421,28433.75,28383,28402.75
1785753000000,28402,28425.5,28383.9,28421.5
1785753900000,28421.25,28438.75,28409.75,28435.65
1785754800000,28435.25,28440.5,28360.25,28381.65
1785755700000,28381.9,28406.5,28363.25,28363.75
1785756600000,28363,28406.25,28344.5,28368.75
1785757500000,28368.5,28371.25,28297.75,28314.75
1785758400000,28314,28329.5,28277.5,28329
1785759300000,28329.25,28355.5,28316.25,28343
1785760200000,28343.25,28381.5,28332,28381.25
1785761100000,28381.5,28385,28336,28353.5
1785762000000,28353.75,28371.25,28334.75,28354.5
1785762900000,28354,28386,28290.9,28314.5
1785763800000,28310.75,28433.75,28208.5,28387
1785764700000,28388.25,28520.75,28339.9,28518.5
1785765600000,28518.75,28518.9,28425.25,28466
1785766500000,28462.5,28577.75,28453.75,28572
1785767400000,28573.25,28628.25,28555.75,28601.75
1785768300000,28602.25,28696.9,28595.25,28695.5
1785769200000,28693.87,28694.62,28642,28651.25
1785770100000,28651.5,28692.5,28618.15,28627.75
1785771000000,28628.25,28682.25,28625.75,28676.25
1785771900000,28676.75,28706.5,28670.25,28686.25
1785772800000,28686,28714.25,28684.25,28708.5
1785773700000,28708.25,28741.25,28707,28730.75
1785774600000,28731.5,28738.5,28706,28727.67
1785775500000,28727.75,28736.75,28713.75,28716.25
1785776400000,28716.75,28756.75,28708,28751.75
1785777300000,28751.5,28784,28749.87,28779.62
1785778200000,28779.75,28787.87,28768.87,28779.5
1785779100000,28779.75,28815.5,28778.75,28811.5
1785780000000,28812.25,28857.62,28812.25,28834.5
1785780900000,28834.25,28852.75,28784.5,28786.25
1785781800000,28785.5,28808,28777,28807.25
1785782700000,28807.5,28819.5,28786.5,28801.25
1785783600000,28802.25,28837.5,28789.25,28793.75
1785784500000,28793.5,28819.5,28792.75,28807
1785785400000,28807.75,28819.75,28793.87,28809
1785786300000,28809.25,28829.5,28760.25,28794.25
1785787200000,28795,28811,28773,28805.25
1785788100000,28804.75,28835.5,28804.75,28807.75
1785789000000,28807.5,28825.5,28804.25,28823.75
1785789900000,28823.5,28825.5,28808.75,28823.6
1785794400000,28817.35,28847,28815.35,28825.25
1785795300000,28826,28844.75,28825.5,28839.75
1785796200000,28840,28859,28830.5,28854
1785797100000,28854.25,28854.25,28838.3,28842.25
1785798000000,28842,28844.75,28828,28834.5
1785798900000,28834.75,28854.25,28834.5,28845.25
1785799800000,28845.75,28856.75,28831,28837.75
1785800700000,28837.5,28868.5,28836.5,28868
1785801600000,28867.75,28873,28824.75,28828
1785802500000,28828,28830.5,28796.75,28803.25
1785803400000,28803,28803,28761.75,28786
1785804300000,28787.25,28805,28765.5,28774.25
1785805200000,28775.5,28775.5,28728.75,28757.25
1785806100000,28757.5,28799.5,28749,28799
1785807000000,28799.25,28839.75,28796,28839.75
1785807900000,28839.5,28944.5,28838.75,28938.25
1785808800000,28938,28941.5,28865.5,28868
1785809700000,28867,28874.5,28840.25,28846.25
1785810600000,28846.25,28890.25,28845.25,28882.5
1785811500000,28882.75,28888.5,28857.75,28870
1785812400000,28868.75,28889,28830,28839.25
1785813300000,28839.75,28882.75,28829,28874
1785814200000,28873.75,28900.75,28855.75,28865
1785815100000,28864.5,28902.5,28855,28892.5
1785816000000,28893,28903.25,28865.5,28874
1785816900000,28874.5,28913.25,28871.75,28904.5
1785817800000,28904.75,28911.25,28892.75,28896.25
1785818700000,28896.5,28920.25,28891.75,28912.75
1785819600000,28913,28918.75,28875.5,28884.75
1785820500000,28884.25,28926.75,28880.25,28923
1785821400000,28923.5,28971.5,28922.25,28954.5
1785822300000,28955,28971.25,28940.25,28970
1785823200000,28970.25,28989,28965,28986.5
1785824100000,28986.25,28995.5,28973.75,28979
1785825000000,28978.75,28986.25,28939.75,28951.75
1785825900000,28952.5,28971,28949,28969.75
1785826800000,28970.25,28997.5,28934.25,28966.25
1785827700000,28966.5,29005.5,28960.4,28996.25
1785828600000,28996,29014.75,28971.75,28978.5
1785829500000,28979,29006,28962.75,28968.15
1785830400000,28968.5,29021.75,28964.75,29006
1785831300000,29006.65,29029.5,28994.9,29009.5
1785832200000,29010,29010,28958.4,28966.75
1785833100000,28967.15,28975.25,28936.75,28967.25
1785834000000,28967,28967,28910.25,28930.75
1785834900000,28931.15,28943.5,28905.9,28943.25
1785835800000,28944.25,28978.75,28941,28974.75
1785836700000,28974.5,28983.5,28956.25,28975.5
1785837600000,28975.15,29009.25,28964.9,29003.9
1785838500000,29004,29013.25,28983.87,28993.75
1785839400000,28994,29027.15,28972.15,29018.75
1785840300000,29016.4,29042.4,29001.75,29013.75
1785841200000,29014.15,29047.25,29013.4,29042
1785842100000,29042.25,29069.25,29037.75,29068.25
1785843000000,29068.5,29108.25,29049.25,29101.25
1785843900000,29102,29143.5,29088.15,29135.25
1785844800000,29135.5,29135.5,29101.75,29103.75
1785845700000,29104,29131.75,29102.5,29119.9
1785846600000,29120.15,29124,29097.25,29117.5
1785847500000,29117.75,29120.15,29086.25,29100.75
1785848400000,29101,29132.75,29089.5,29129.25
1785849300000,29129,29176,29117,29134.75
1785850200000,29132.75,29350.050000000003,29108.65,29309.75
1785851100000,29310,29400.25,29310,29363
1785852000000,29362.25,29439.5,29331.75,29436.25
1785852900000,29436.75,29458.25,29381.5,29455.25
1785853800000,29454,29464.75,29413.5,29452.05
1785854700000,29452.35,29457.25,29421.5,29446.25
1785855600000,29447.5,29520.5,29442,29515.25
1785856500000,29515.5,29558.5,29509.75,29535.25
1785857400000,29535,29577.5,29518.25,29572.25
1785858300000,29572,29592.12,29563,29566.75
1785859200000,29567,29594.5,29557.25,29570.5
1785860100000,29570.25,29615.12,29569.5,29602
1785861000000,29602.25,29625.7,29591.37,29621
1785861900000,29621.25,29639.37,29621.25,29638
1785862800000,29637.87,29694.25,29634.25,29691.5
1785863700000,29691.75,29720,29675.75,29713.5
1785864600000,29714,29759.75,29698.37,29759.5
1785865500000,29760,29792.62,29729.5,29730
1785866400000,29730.25,29755.87,29705.25,29755
1785867300000,29754.75,29775.62,29751.25,29774.5
1785868200000,29775.75,29788.25,29736.25,29749.5
1785869100000,29749.75,29790.25,29749.75,29776.75
1785870000000,29777,29829.25,29774.75,29822
1785870900000,29822.5,29840.75,29784.5,29795
1785871800000,29796,29846.37,29785,29844.75
1785872700000,29845.25,29851.75,29743.25,29767.5
1785873600000,29771,29844.25,29747.75,29810.25
1785874500000,29746.45,29760.2,29657.75,29687
1785875400000,29687.25,29712.25,29660.9,29693
1785876300000,29693.15,29722,29681.15,29713.850000000002
1785880800000,29687.5,29734.4,29675.65,29733.15
1785881700000,29733.4,29741.65,29708.9,29730.9
1785882600000,29730.65,29738.9,29692.9,29697.9
1785883500000,29697.9,29725.15,29693.15,29724.4
1785884400000,29723.9,29743.65,29708.15,29736.15
1785885300000,29736.4,29743.15,29715.65,29722.65
1785886200000,29722.4,29741.15,29701.4,29739.9
1785887100000,29740.65,29754.4,29724.9,29733.4
1785888000000,29735.15,29760.4,29716.9,29755.15
1785888900000,29754.9,29761.4,29732.4,29760.15
1785889800000,29760.65,29774.4,29736.15,29736.65
1785890700000,29736.4,29759.4,29711.4,29746.15
1785891600000,29746.9,29758.9,29715.15,29738.4
1785892500000,29737.9,29740.15,29695.15,29717.4
1785893400000,29716.4,29742.4,29709.4,29731.4
1785894300000,29731.15,29778.4,29731.15,29767.15
1785895200000,29767.4,29786.15,29762.9,29768.15
1785896100000,29769.15,29773.65,29748.4,29752.15
1785897000000,29751.65,29760.15,29740.4,29756.65
1785897900000,29756.9,29772.4,29753.15,29758.4
1785898800000,29758.15,29787.4,29754.4,29781.9
1785899700000,29781.65,29789.9,29761.9,29761.9
1785900600000,29761.65,29789.15,29756.9,29783.15
1785901500000,29783.4,29791.4,29765.9,29787.4
1785902400000,29787.15,29795.9,29781.15,29781.9
1785903300000,29781.65,29782.15,29757.65,29769.15
1785904200000,29768.9,29807.15,29767.15,29802.9
1785905100000,29802.15,29814.65,29781.4,29800.9
1785906000000,29800.4,29836.15,29792.9,29834.9
1785906900000,29835.15,29846.65,29832.15,29835.15
1785907800000,29834.4,29842.4,29818.15,29839.4
1785908700000,29839.9,29883.15,29838.9,29878.65
1785909600000,29878.4,29887.65,29859.9,29879.9
1785910500000,29878.9,29880.65,29823.9,29826.9
1785911400000,29827.4,29862.15,29823.65,29837.65
1785912300000,29837.4,29868.65,29834.15,29867.4
1785913200000,29867.9,29884.65,29834.65,29847.4
1785914100000,29848.149999999998,29851.649999999998,29800.3,29804.8
1785915000000,29805.65,29817.4,29783.4,29784.800000000003
1785915900000,29785.649999999998,29810.3,29783.3,29800.899999999998
1785916800000,29802.300000000003,29823.4,29752.4,29762.15
1785917700000,29762.3,29771.4,29717.27,29732.55
1785918600000,29733.149999999998,29741.55,29696.8,29709.649999999998
1785919500000,29710.15,29741.4,29696.15,29734.65
1785920400000,29735.050000000003,29751.050000000003,29719.9,29731.15
1785921300000,29731.050000000003,29761.15,29712.65,29759.9
1785922200000,29760.05,29786.399999999998,29757.8,29780.55
1785923100000,29780.649999999998,29791.649999999998,29750.8,29755.899999999998
1785924000000,29755.800000000003,29769.15,29731.9,29737.800000000003
1785924900000,29737.65,29763.15,29733.9,29756.050000000003
1785925800000,29755.9,29769.15,29747.9,29755.050000000003
1785926700000,29754.9,29767.65,29733.15,29760.9
1785927600000,29761.4,29818.9,29761.4,29802.050000000003
1785928500000,29801.8,29820.649999999998,29795.55,29798.899999999998
1785929400000,29798.649999999998,29829.149999999998,29788.8,29816.149999999998
1785930300000,29814.4,29841.02,29801.65,29817.300000000003
1785931200000,29817.15,29823.300000000003,29790.4,29816.65
1785932100000,29816.9,29836.9,29798.9,29832.800000000003
1785933000000,29832.4,29844.15,29791.15,29839.9
1785933900000,29840.15,29844.4,29805.9,29813.15
1785934800000,29813.4,29847.15,29813.4,29827.9
1785935700000,29827.15,29875.9,29793.9,29872.4
1785936600000,29872.649999999998,29953.149999999998,29809.55,29944.899999999998
1785937500000,29952.399999999998,29970.149999999998,29868.85,29946.899999999998
1785938400000,29908.350000000002,29930.4,29816.4,29895.9
1785939300000,29896.15,29922.4,29799.65,29812.65
1785940200000,29809.9,29815.15,29722.27,29759.15
1785941100000,29759.4,29802.4,29687.9,29745.9
1785942000000,29747.15,29787.65,29723.4,29736.4
1785942900000,29736.15,29746.65,29661.9,29706.4
1785943800000,29705.9,29757.4,29704.15,29717.15
1785944700000,29716.9,29716.9,29611.77,29635.9
1785945600000,29635.4,29662.9,29599.65,29629.9
1785946500000,29628.9,29727.15,29617.4,29725.65
1785947400000,29726.4,29735.65,29666.77,29685.15
1785948300000,29685.4,29721.4,29675.15,29705.65
1785949200000,29706.65,29715.65,29640.9,29663.15
1785950100000,29663.65,29678.15,29637.4,29650.9
1785951000000,29651.15,29674.65,29635.15,29653.4
1785951900000,29653.02,29670.65,29631.9,29653.9
1785952800000,29653.15,29683.4,29649.4,29658.4
1785953700000,29658.9,29678.4,29651.9,29672.65
1785954600000,29672.899999999998,29672.899999999998,29624.55,29638.399999999998
1785955500000,29638.65,29661.4,29620.65,29622.65
1785956400000,29623.02,29674.4,29614.9,29669.77
1785957300000,29670.4,29675.4,29651.15,29653.15
1785958200000,29652.800000000003,29659.4,29602.65,29607.9
1785959100000,29607.65,29628.15,29490.4,29504.4
1785960000000,29503.15,29515.9,29427.65,29501.65
1785960900000,29501.899999999998,29514.899999999998,29458.55,29467.649999999998
1785961800000,29467.8,29500.15,29464.27,29496.15
1785962700000,29495.15,29503.9,29473.65,29490
1785967200000,29463.25,29496.15,29463.25,29471.9
1785968100000,29472.15,29537.4,29471.4,29527.65
1785969000000,29527.4,29569.65,29524.15,29554.65
1785969900000,29554.4,29578.65,29519.9,29522.4
1785970800000,29522.65,29535.9,29513.15,29530.4
1785971700000,29530.65,29549.15,29518.4,29528.9
1785972600000,29529.15,29536.15,29478.65,29487.65
1785973500000,29488.15,29489.15,29466.9,29483.9
1785974400000,29484.15,29501.65,29447.65,29481.15
1785975300000,29481.15,29508.850000000002,29455.15,29460.9
1785976200000,29461.65,29487.9,29448.65,29460.4
1785977100000,29459.9,29478.4,29436.15,29439.15
1785978000000,29439.4,29440.65,29402.65,29422.65
1785978900000,29423.15,29423.4,29355.15,29374.4
1785979800000,29374.15,29408.65,29370.15,29374.9
1785980700000,29375.65,29418.65,29373.9,29398.65
1785981600000,29399.15,29456.9,29390.4,29441.9
1785982500000,29442.4,29478.65,29436.4,29448.9
1785983400000,29447.15,29518.4,29431.15,29517.4
1785984300000,29516.15,29521.15,29486.4,29494.15
1785985200000,29494.4,29509.15,29476.15,29479.15
1785986100000,29478.9,29485.65,29435.65,29443.65
1785987000000,29444.15,29463.65,29426.4,29454.15
1785987900000,29453.4,29484.15,29442.15,29481.65
1785988800000,29482.15,29484.4,29436.4,29457.15
1785989700000,29457.15,29497.4,29456.9,29486.15
1785990600000,29486.4,29500.65,29447.4,29456.15
1785991500000,29456.15,29477.15,29445.4,29475.65
1785992400000,29475.4,29496.65,29458.15,29481.9
1785993300000,29481.65,29493.9,29465.65,29480.15
1785994200000,29479.65,29483.9,29450.15,29483.15
1785995100000,29483.9,29484.65,29445.65,29479.15
1785996000000,29479.9,29481.15,29399.65,29406.9
1785996900000,29407.4,29448.9,29385.9,29448.4
1785997800000,29446.15,29448.9,29396.4,29405.65
1785998700000,29406.15,29427.4,29386.9,29421.9
1785999600000,29422.4,29463.15,29407.4,29452.050000000003
1786000500000,29452.15,29462.9,29426.15,29437.65
1786001400000,29438.050000000003,29442.4,29402.9,29418.050000000003
1786002300000,29417.899999999998,29438.399999999998,29401.55,29407.149999999998
1786003200000,29406.800000000003,29425.9,29344.65,29360.4
1786004100000,29360.300000000003,29413.4,29347.65,29407.9
1786005000000,29408.15,29432.800000000003,29401.15,29403.4
1786005900000,29402.9,29424.300000000003,29391.15,29417.9
1786006800000,29418.399999999998,29418.399999999998,29338.55,29349.399999999998
1786007700000,29349.15,29393.4,29346.9,29382.9
1786008600000,29383.149999999998,29399.3,29375.8,29389.05
1786009500000,29388.9,29430.800000000003,29388.9,29427.15
1786010400000,29426.649999999998,29434.399999999998,29396.3,29404.3
1786011300000,29404.05,29426.399999999998,29394.3,29417.8
1786012200000,29417.550000000003,29419.800000000003,29374.15,29380.15
1786013100000,29380.550000000003,29393.4,29368.15,29385.4
1786014000000,29385.65,29385.65,29265.9,29319.9
1786014900000,29319.65,29374.550000000003,29317.9,29369.300000000003
1786015800000,29369.399999999998,29415.05,29369.3,29394.3
1786016700000,29394.149999999998,29410.8,29340.05,29367.149999999998
1786017600000,29367.050000000003,29375.65,29310.15,29312.050000000003
1786018500000,29312.649999999998,29351.399999999998,29289.05,29331.399999999998
1786019400000,29331.15,29362.4,29315.4,29332.15
1786020300000,29332.4,29339.15,29290.4,29299.65
1786021200000,29300.4,29303.9,29251.4,29251.4
1786022100000,29251.899999999998,29266.149999999998,29228.3,29235.649999999998
1786023000000,29233.550000000003,29373.4,29143.15,29358.4
1786023900000,29357.9,29450.65,29349.65,29428.9
1786024800000,29429.15,29518.9,29389.4,29508.65
1786025700000,29508.9,29566.65,29467.65,29488.4
1786026600000,29490.65,29551.65,29450.9,29483.9
1786027500000,29482.65,29559.15,29434.9,29557.9
1786028400000,29558.15,29586.65,29500.65,29546.65
1786029300000,29547.4,29563.65,29465.4,29508.9
1786030200000,29509.899999999998,29527.149999999998,29433.1,29436.399999999998
1786031100000,29435.9,29525.15,29407.15,29416.9
1786032000000,29416.4,29442.9,29379.65,29389.15
1786032900000,29388.9,29406.4,29351.4,29373.4
1786033800000,29374.65,29429.15,29364.65,29380.4
1786034700000,29379.15,29459.800000000003,29370.15,29459.15
1786035600000,29458.4,29475.65,29421.15,29426.15
1786036500000,29425.65,29452.65,29414.4,29429.4
1786037400000,29428.65,29444.65,29395.65,29411.9
1786038300000,29411.4,29434.9,29396.4,29430.65
1786039200000,29431.4,29447.65,29410.15,29444.9
1786040100000,29446.4,29477.15,29402.15,29458.9
1786041000000,29459.4,29462.15,29403.9,29422.9
1786041900000,29422.65,29438.4,29408.4,29416.4
1786042800000,29416.9,29472.02,29412.15,29437.9
1786043700000,29437.4,29452.9,29398.4,29410.9
1786044600000,29410.050000000003,29446.9,29392.65,29404.65
1786045500000,29405.65,29437.9,29377.15,29398.4
1786046400000,29398.65,29452.9,29398.65,29438.15
1786047300000,29441.899999999998,29450.149999999998,29384.55,29395.05
1786048200000,29396.9,29406.15,29383.15,29396.4
1786049100000,29396.65,29406.9,29390.15,29404.75
1786053600000,29422,29481.9,29398.9,29476.65
1786054500000,29476.9,29485.850000000002,29447.2,29453.9
1786055400000,29453.4,29466.4,29434.15,29457.4
1786056300000,29457.9,29472.15,29451.9,29469.9
1786057200000,29469.65,29474.65,29459.9,29462.9
1786058100000,29463.15,29500.9,29463.15,29477.9
1786059000000,29477.65,29492.4,29467.9,29486.9
1786059900000,29486.4,29505.9,29479.65,29499.15
1786060800000,29497.4,29523.4,29467.15,29478.65
1786061700000,29478.9,29480.15,29402.9,29417.9
1786062600000,29417.4,29478.4,29405.65,29444.65
1786063500000,29443.65,29477.4,29408.4,29465.9
1786064400000,29466.15,29485.9,29420.15,29429.4
1786065300000,29429.9,29438.9,29387.9,29433.9
1786066200000,29433.15,29485.4,29398.15,29425.9
1786067100000,29426.4,29443.9,29406.65,29430.9
1786068000000,29431.4,29452.65,29394.15,29435.15
1786068900000,29435.4,29446.15,29419.4,29429.15
1786069800000,29429.9,29431.9,29381.15,29403.65
1786070700000,29402.9,29439.9,29397.65,29430.65
1786071600000,29430.65,29451.15,29429.9,29434.15
1786072500000,29434.4,29438.15,29396.15,29408.15
1786073400000,29408.4,29426.9,29401.15,29410.9
1786074300000,29409.9,29416.15,29389.9,29392.65
1786075200000,29392.4,29404.9,29380.4,29382.65
1786076100000,29383.15,29421.65,29360.4,29411.15
1786077000000,29412.9,29429.15,29396.65,29399.65
1786077900000,29398.9,29417.9,29393.4,29413.9
1786078800000,29413.4,29460.9,29410.15,29443.15
1786079700000,29442.4,29459.15,29441.9,29452.4
1786080600000,29451.4,29455.15,29424.4,29438.4
1786081500000,29438.65,29443.15,29426.4,29427.15
1786082400000,29427.4,29469.100000000002,29424.9,29461.9
1786083300000,29462.15,29486.4,29447.15,29483.4
1786084200000,29481.65,29484.65,29442.4,29448.4
1786085100000,29448.4,29457.4,29440.9,29455.4
1786086000000,29455.65,29494.9,29435.15,29494.9
1786086900000,29494.65,29495.15,29477.9,29490.4
1786087800000,29490.800000000003,29494.15,29473.65,29485.800000000003
1786088700000,29486.15,29491.65,29464.27,29486.65
1786089600000,29488.65,29529.4,29486.4,29527.65
1786090500000,29527.4,29532.15,29502.65,29527.300000000003
1786091400000,29527.050000000003,29550.15,29512.9,29529.300000000003
1786092300000,29528.9,29540.9,29518.4,29535.9
1786093200000,29535.550000000003,29550.9,29529.15,29544.65
1786094100000,29544.4,29552.300000000003,29527.15,29537.300000000003
1786095000000,29536.800000000003,29549.9,29523.65,29531.550000000003
1786095900000,29531.800000000003,29538.65,29519.15,29520.65
1786096800000,29520.050000000003,29531.15,29512.15,29512.15
1786097700000,29512.300000000003,29524.4,29494.9,29523.9
1786098600000,29524.050000000003,29527.9,29513.4,29524.800000000003
1786099500000,29524.65,29526.550000000003,29505.4,29510.050000000003
1786100400000,29509.55,29551.149999999998,29509.55,29540.899999999998
1786101300000,29540.65,29564.15,29539.9,29556.15
1786102200000,29554.300000000003,29572.4,29550.4,29568.65
1786103100000,29568.9,29569.4,29515.9,29517.4
1786104000000,29515.4,29574.15,29508.4,29561.4
1786104900000,29561.649999999998,29587.649999999998,29521.6,29561.6
1786105800000,29562.85,29716.649999999998,29562.1,29704.899999999998
1786106700000,29705.4,29769.300000000003,29705.4,29745.9
1786107600000,29746.65,29752.65,29638.95,29643.65
1786108500000,29644.4,29647.77,29589.15,29616.15
1786109400000,29617.4,29715.15,29587.9,29690.9
1786110300000,29688.149999999998,29722.649999999998,29547.05,29581.8
1786111200000,29582.4,29615.050000000003,29467.9,29488.15
1786112100000,29488.4,29681.65,29471.9,29665.15
1786113000000,29664.4,29676.65,29564.65,29579.9
1786113900000,29579.4,29635.65,29570.9,29623.4
1786114800000,29624.550000000003,29683.9,29612.9,29662.9
1786115700000,29663.15,29731.15,29649.9,29729.15
1786116600000,29730.65,29757.65,29697.4,29714.4
1786117500000,29714.65,29745.9,29700.15,29716.65
1786118400000,29716.4,29732.9,29698.02,29703.9
1786119300000,29702.9,29721.15,29592.4,29616.15
1786120200000,29617.9,29663.4,29573.4,29657.65
1786121100000,29657.15,29683.4,29641.9,29642.4
1786122000000,29642.65,29670.9,29629.9,29638.4
1786122900000,29638.65,29667.15,29629.27,29650.65
1786123800000,29650.9,29667.15,29630.15,29648.4
1786124700000,29648.9,29661.9,29638.65,29646.4
1786125600000,29646.15,29657.15,29616.02,29623.9
1786126500000,29624.15,29636.9,29605.9,29608.65
1786127400000,29608.9,29626.9,29582.15,29583.65
1786128300000,29583.9,29627.65,29579.9,29627.4
1786129200000,29627.9,29712.65,29626.4,29702.9
1786130100000,29702.65,29725.4,29694.9,29713.9
1786131000000,29713.65,29713.9,29676.4,29682.4
1786131900000,29682.65,29762.77,29681.27,29734.4
1786132800000,29737.4,29753.15,29708.4,29722.77
1786133700000,29722.9,29731.65,29706.9,29708.15
1786134600000,29707.65,29726.9,29705.9,29717.15
1786135500000,29717.4,29746.65,29715.9,29741.5
1786312800000,29794.75,29803.75,29730.4,29737.15
1786313700000,29735.9,29763.4,29716.15,29748.65
1786314600000,29748.4,29762.9,29723.9,29746.65
1786315500000,29747.4,29760.65,29741.15,29754.15
1786316400000,29754.4,29785.4,29743.4,29771.15
1786317300000,29771.4,29790.65,29767.15,29773.4
1786318200000,29773.65,29775.9,29745.15,29772.4
1786319100000,29772.9,29782.9,29738.4,29739.65
1786320000000,29739.9,29813.9,29710.9,29801.4
1786320900000,29801.9,29808.9,29749.15,29756.4
1786321800000,29756.15,29774.4,29709.9,29715.9
1786322700000,29716.15,29740.4,29699.65,29712.9
1786323600000,29713.15,29762.65,29702.9,29762.65
1786324500000,29761.9,29792.4,29756.15,29774.4
1786325400000,29773.9,29790.65,29751.65,29785.4
1786326300000,29785.65,29804.4,29781.9,29795.15
1786327200000,29794.9,29802.15,29779.4,29782.4
1786328100000,29783.4,29783.4,29763.4,29779.4
1786329000000,29779.15,29800.4,29759.15,29799.65
1786329900000,29799.4,29808.65,29791.15,29791.15
1786330800000,29791.65,29801.4,29778.9,29786.4
1786331700000,29786.65,29801.15,29781.65,29790.4
1786332600000,29790.9,29807.4,29783.65,29807.15
1786333500000,29807.4,29808.65,29780.9,29788.15
1786334400000,29788.15,29807.4,29782.65,29804.9
1786335300000,29804.65,29812.65,29800.9,29809.4
1786336200000,29809.15,29809.4,29776.15,29796.65
1786337100000,29797.4,29810.9,29782.9,29791.65
1786338000000,29791.4,29828.4,29790.9,29826.4
1786338900000,29826.65,29833.9,29819.15,29820.9
1786339800000,29820.65,29829.15,29813.4,29815.4
1786340700000,29815.15,29840.15,29809.9,29839.65
1786341600000,29839.4,29871.9,29837.15,29866.65
1786342500000,29866.9,29871.65,29817.65,29824.9
1786343400000,29823.9,29834.4,29817.65,29827.4
1786344300000,29827.15,29833.15,29816.4,29818.65
1786345200000,29818.9,29832.9,29797.15,29823.300000000003
1786346100000,29823.4,29862.4,29821.15,29861.050000000003
1786347000000,29861.300000000003,29878.9,29858.15,29875.65
1786347900000,29875.15,29893.4,29845.9,29863.15
1786348800000,29862.9,29890.4,29857.15,29871.9
1786349700000,29872.4,29882.9,29849.65,29862.4
1786350600000,29862.55,29881.399999999998,29853.55,29865.649999999998
1786351500000,29865.800000000003,29885.15,29858.9,29881.4
1786352400000,29881.65,29893.65,29875.9,29885.9
1786353300000,29886.05,29891.899999999998,29873.55,29878.55
1786354200000,29877.9,29881.4,29846.15,29854.550000000003
1786355100000,29854.300000000003,29860.800000000003,29845.9,29848.15
1786356000000,29848.4,29867.9,29826.4,29827.550000000003
1786356900000,29827.3,29861.55,29826.3,29855.3
1786357800000,29855.149999999998,29855.399999999998,29820.8,29828.899999999998
1786358700000,29828.8,29847.649999999998,29819.55,29822.3
1786359600000,29822.149999999998,29835.3,29762.3,29786.8
1786360500000,29786.550000000003,29822.65,29774.4,29819.9
1786361400000,29819.65,29823.65,29782.9,29785.65
1786362300000,29784.65,29794.4,29756.4,29781.4
1786363200000,29780.149999999998,29793.649999999998,29753.8,29755.649999999998
1786364100000,29756.15,29756.4,29720.65,29732.550000000003
1786365000000,29732.4,29736.9,29693.15,29714.4
1786365900000,29714.9,29718.9,29682.15,29687.4
1786366800000,29687.65,29725.4,29682.4,29715.15
1786367700000,29714.65,29732.9,29701.65,29715.15
1786368600000,29715.4,29749.9,29629.65,29686.300000000003
1786369500000,29685.65,29741.15,29665.15,29717.4
1786370400000,29716.9,29801.4,29700.15,29790.9
1786371300000,29790.65,29808.4,29725.4,29767.65
1786372200000,29767.4,29802.4,29757.4,29776.65
1786373100000,29778.15,29795.65,29687.9,29689.4
1786374000000,29692.15,29731.9,29676.65,29703.15
1786374900000,29702.15,29726.77,29663.65,29687.65
1786375800000,29687.4,29718.4,29652.65,29717.65
1786376700000,29717.52,29764.4,29697.15,29753.9
1786377600000,29757.15,29767.9,29721.9,29731.9
1786378500000,29732.15,29753.52,29715.15,29719.4
1786379400000,29716.9,29726.9,29640.4,29652.15
1786380300000,29652.4,29690.4,29643.4,29689.9
1786381200000,29689.65,29718.65,29670.9,29710.4
1786382100000,29710.52,29720.9,29686.4,29696.9
1786383000000,29697.15,29706.45,29665.9,29669.4
1786383900000,29670.15,29675.15,29654.9,29669.4
1786384800000,29669.15,29682.15,29658.65,29661.15
1786385700000,29661.65,29665.9,29652.65,29657.4
1786386600000,29657.65,29683.4,29652.65,29681.9
1786387500000,29682.15,29694.4,29670.15,29692.9
1786388400000,29692.4,29704.15,29685.9,29699.65
1786389300000,29699.4,29705.9,29689.9,29691.77
1786390200000,29692.4,29703.15,29680.4,29685.65
1786391100000,29686.15,29693.9,29632.77,29653.15
1786392000000,29656.4,29664.15,29650.15,29654.9
1786392900000,29655.899999999998,29664.149999999998,29647.05,29661.399999999998
1786393800000,29661.65,29669.15,29653.15,29667.9
1786394700000,29668.65,29679.77,29665.52,29674
1786399200000,29688.75,29700,29665.95,29673.4
1786400100000,29674.15,29675.4,29646.15,29658.65
1786401000000,29659.15,29659.4,29634.95,29637.9
1786401900000,29637.15,29649.4,29637.15,29645.65
1786402800000,29645.4,29647.4,29636.4,29643.9
1786403700000,29643.4,29644.4,29614.15,29621.15
1786404600000,29620.9,29628.15,29615.4,29626.9
1786405500000,29627.15,29638.65,29590.9,29616.9
1786406400000,29616.15,29665.4,29580.4,29661.9
1786407300000,29662.15,29677.4,29638.4,29676.15
1786408200000,29676.15,29694.4,29669.15,29691.65
1786409100000,29692.4,29706.65,29690.4,29698.15
1786410000000,29697.9,29738.4,29677.9,29738.4
1786410900000,29738.65,29752.15,29722.4,29732.4
1786411800000,29732.4,29740.4,29723.4,29734.9
1786412700000,29735.15,29755.15,29730.15,29732.4
1786413600000,29731.9,29743.65,29725.9,29734.15
1786414500000,29733.65,29740.65,29726.4,29737.9
1786415400000,29737.65,29752.4,29736.9,29752.4
1786416300000,29752.9,29756.4,29728.65,29731.65
1786417200000,29731.9,29745.4,29728.65,29735.15
1786418100000,29735.65,29760.65,29731.15,29754.4
1786419000000,29754.65,29756.4,29739.65,29745.9
1786419900000,29746.15,29755.4,29742.15,29745.4
1786420800000,29746.4,29764.15,29746.15,29761.4
1786421700000,29761.65,29767.15,29751.9,29766.65
1786422600000,29766.4,29774.9,29748.9,29752.15
1786423500000,29751.9,29759.9,29748.15,29752.65
1786424400000,29752.9,29767.65,29744.15,29765.15
1786425300000,29765.4,29766.65,29726.9,29727.9
1786426200000,29728.15,29742.9,29712.4,29728.65
1786427100000,29728.15,29730.9,29702.4,29706.4
1786428000000,29706.9,29740.65,29700.65,29732.9
1786428900000,29733.4,29735.15,29679.15,29684.9
1786429800000,29683.9,29702.65,29646.15,29697.4
1786430700000,29698.4,29700.15,29651.9,29667.9
1786431600000,29668.149999999998,29683.3,29646.8,29672.649999999998
1786432500000,29672.550000000003,29678.050000000003,29641.9,29657.15
1786433400000,29657.4,29693.15,29656.65,29681.65
1786434300000,29681.550000000003,29692.65,29669.9,29687.65
1786435200000,29688.149999999998,29717.149999999998,29644.05,29644.8
1786436100000,29645.300000000003,29661.15,29631.9,29646.9
1786437000000,29646.3,29667.399999999998,29631.8,29667.149999999998
1786437900000,29666.9,29676.4,29655.4,29662.550000000003
1786438800000,29662.300000000003,29669.300000000003,29631.65,29646.15
1786439700000,29646.3,29678.899999999998,29645.05,29672.149999999998
1786440600000,29672.3,29696.899999999998,29671.3,29682.05
1786441500000,29681.800000000003,29694.65,29678.15,29682.15
1786442400000,29682.300000000003,29687.65,29668.4,29669.300000000003
1786443300000,29669.05,29746.149999999998,29664.05,29735.3
1786444200000,29734.800000000003,29736.9,29715.15,29728.300000000003
1786445100000,29727.9,29740.9,29725.4,29730.9
1786446000000,29732.649999999998,29799.899999999998,29731.55,29785.149999999998
1786446900000,29784.9,29786.550000000003,29742.65,29747.4
1786447800000,29747.15,29749.4,29724.9,29738.4
1786448700000,29738.3,29748.649999999998,29726.55,29745.899999999998
1786449600000,29745.4,29777.65,29732.9,29775.050000000003
1786450500000,29775.15,29784.4,29734.65,29742.4
1786451400000,29740.9,29770.65,29733.4,29759.65
1786452300000,29759.9,29766.9,29741.4,29746.15
1786453200000,29745.9,29764.4,29733.77,29741.4
1786454100000,29740.9,29758.65,29726.9,29752.15
1786455000000,29750.9,29752.550000000003,29593.4,29637.4
1786455900000,29637.15,29648.02,29551.9,29645.9
1786456800000,29645.4,29705.65,29632.65,29675.65
1786457700000,29675.9,29704.15,29652.15,29690.9
1786458600000,29691.4,29697.9,29642.15,29655.65
1786459500000,29655.4,29717.9,29654.15,29689.65
1786460400000,29691.15,29705.15,29617.15,29624.65
1786461300000,29625.15,29648.4,29611.15,29615.9
1786462200000,29616.65,29632.4,29579.4,29606.9
1786463100000,29607.15,29607.15,29573.9,29576.15
1786464000000,29576.4,29594.65,29561.65,29565.4
1786464900000,29565.65,29582.9,29535.65,29559.4
1786465800000,29559.65,29578.4,29545.15,29550.4
1786466700000,29550.15,29555.65,29531.4,29539.65
1786467600000,29539.9,29547.9,29490.77,29491.9
1786468500000,29490.65,29531.4,29487.15,29519.9
1786469400000,29520.15,29551.4,29512.65,29547.65
1786470300000,29547.52,29554.15,29538.02,29542.27
1786471200000,29542.4,29548.15,29515.4,29520.9
1786472100000,29521.15,29527.4,29448.4,29457.4
1786473000000,29458.15,29490.02,29453.9,29462.15
1786473900000,29461.9,29512.77,29461.9,29496.15
1786474800000,29495.9,29527.100000000002,29485.27,29521.27
1786475700000,29521.15,29540.15,29515.65,29537.15
1786476600000,29537.4,29573.15,29533.9,29553.15
1786477500000,29553.4,29562.9,29522.4,29548.4
1786478400000,29548.149999999998,29564.399999999998,29528.55,29553.649999999998
1786479300000,29553.4,29589.65,29552.9,29587.9
1786480200000,29588.4,29589.9,29578.15,29584.15
1786481100000,29583.9,29584.4,29556.75,29559.5
1786485600000,29564.949999999997,29575.85,29543.85,29575.1
1786486500000,29574.85,29577.6,29566.85,29571.1
1786487400000,29570.6,29580.1,29553.6,29555.1
1786488300000,29555.35,29569.1,29550.1,29566.1
1786489200000,29566.35,29570.6,29556.1,29558.85
1786490100000,29558.6,29570.35,29557.1,29568.35
1786491000000,29568.85,29568.85,29552.6,29556.85
1786491900000,29557.1,29578.6,29550.6,29578.35
1786492800000,29577.85,29585.35,29542.1,29566.1
1786493700000,29565.6,29591.6,29554.6,29581.35
1786494600000,29581.1,29595.35,29568.85,29577.6
1786495500000,29578.6,29587.85,29571.85,29582.85
1786496400000,29582.35,29596.85,29576.35,29590.1
1786497300000,29589.85,29591.6,29555.6,29578.6
1786498200000,29578.85,29594.1,29562.35,29593.85
1786499100000,29593.6,29599.1,29562.85,29574.1
1786500000000,29574.35,29586.6,29566.35,29573.85
1786500900000,29574.1,29593.85,29570.6,29593.35
1786501800000,29593.1,29609.85,29591.35,29604.1
1786502700000,29604.35,29619.1,29604.1,29618.6
1786503600000,29618.85,29625.85,29612.1,29621.85
1786504500000,29621.6,29623.6,29611.6,29618.6
1786505400000,29618.35,29620.85,29605.35,29607.85
1786506300000,29608.85,29617.1,29601.35,29611.1
1786507200000,29610.85,29618.1,29605.85,29612.85
1786508100000,29613.1,29618.85,29607.35,29613.6
1786509000000,29613.35,29615.6,29599.85,29613.1
1786509900000,29612.85,29631.6,29608.35,29629.35
1786510800000,29629.85,29630.35,29601.85,29601.85
1786511700000,29600.85,29606.35,29584.6,29604.6
1786512600000,29604.85,29624.6,29602.85,29616.35
1786513500000,29615.1,29633.85,29613.35,29631.6
1786514400000,29630.85,29640.35,29623.35,29629.6
1786515300000,29629.35,29637.1,29614.1,29626.1
1786516200000,29626.35,29645.85,29621.35,29634.6
1786517100000,29634.85,29653.1,29634.1,29653.1
1786518000000,29655.6,29670.6,29651.6,29657.6
1786518900000,29657.35,29664,29644.1,29655.1
1786519800000,29654.6,29659.85,29645.75,29657
1786520700000,29657.100000000002,29667.100000000002,29646.47,29667.100000000002
1786521600000,29667.75,29697.1,29664.1,29687.6
1786522500000,29687.85,29708.6,29680.1,29702.35
1786523400000,29701.85,29702.85,29679.1,29689.85
1786524300000,29690.1,29715.35,29687.35,29710.35
1786525200000,29710.6,29727.85,29709.35,29723.85
1786526100000,29724.35,29764.6,29720.6,29739.35
1786527000000,29739.6,29754.6,29739,29745.6
1786527900000,29746.1,29749.85,29718.85,29732.35
1786528800000,29732.1,29758.85,29730.85,29754.6
1786529700000,29754.85,29761.1,29750.1,29754.6
1786530600000,29755.25,29759.85,29748.35,29757.1
1786531500000,29757.25,29757.6,29702.85,29731.35
1786532400000,29731.1,29753.35,29730.75,29737.85
1786533300000,29737.6,29738.1,29721.6,29726.6
1786534200000,29726.350000000002,29747.850000000002,29722.22,29741.600000000002
1786535100000,29741.35,29762.35,29735.6,29761.85
1786536000000,29761.1,29773.6,29745.35,29745.85
1786536900000,29746.1,29827.8,29737.35,29821.8
1786537800000,29821.55,29851.35,29666.8,29833.1
1786538700000,29833.35,29837.85,29817.6,29836.1
1786539600000,29835.6,29857.35,29833.35,29855.85
1786540500000,29855.6,29905.35,29852.1,29905.35
1786541400000,29908.1,29915.35,29770.85,29815.85
1786542300000,29816.100000000002,29884.850000000002,29777.15,29823.350000000002
1786543200000,29823.100000000002,29851.97,29765.65,29809.100000000002
1786544100000,29808.85,29861.35,29781.1,29832.35
1786545000000,29832.6,29844.1,29745.3,29840.35
1786545900000,29840.6,29847.1,29765.35,29785.35
1786546800000,29783.6,29807.1,29755.6,29796.85
1786547700000,29796.1,29803.1,29759.85,29789.6
1786548600000,29789.969999999998,29793.6,29735.1,29744.6
1786549500000,29744.35,29769.85,29735.35,29747.85
1786550400000,29748.6,29793.6,29745.6,29789.35
1786551300000,29790.1,29803.1,29774.35,29789.6
1786552200000,29789.850000000002,29810.600000000002,29767.47,29801.100000000002
1786553100000,29801.6,29833.1,29795.6,29821.6
1786554000000,29822.35,29840.35,29814.35,29827.6
1786554900000,29827.35,29835.6,29805.85,29825.219999999998
1786555800000,29825.969999999998,29838.1,29817.85,29832.6
1786556700000,29831.35,29839.85,29817.85,29826.35
1786557600000,29827.4,29834.6,29807,29823.35
1786558500000,29823.6,29829.6,29806.85,29810.35
1786559400000,29810.1,29844.1,29810.1,29835.469999999998
1786560300000,29835.600000000002,29839.22,29801.47,29805.850000000002
1786561200000,29806.35,29820.35,29795.35,29800.469999999998
1786562100000,29800.600000000002,29813.97,29772.22,29783.350000000002
1786563000000,29783.85,29784.1,29748.35,29765.35
1786563900000,29764.719999999998,29783.969999999998,29742.35,29769.35
1786564800000,29768.85,29821.6,29747.6,29762.85
1786565700000,29761.35,29766.85,29731.25,29735.6
1786566600000,29735.6,29739.219999999998,29726.1,29736.6
1786567500000,29736.350000000002,29739.100000000002,29720.2,29722.2
1786572000000,29742.25,29750,29719.65,29724.65
1786572900000,29724.4,29727.9,29703.4,29712.4
1786573800000,29711.9,29714.65,29700.15,29711.15
1786574700000,29711.65,29722.4,29708.65,29716.9
1786575600000,29716.65,29730.15,29715.9,29728.15
1786576500000,29727.65,29731.4,29721.15,29724.4
1786577400000,29724.15,29733.65,29713.4,29729.9
1786578300000,29730.15,29731.65,29712.65,29723.65
1786579200000,29724.4,29781.9,29715.65,29766.65
1786580100000,29766.4,29784.9,29757.4,29758.15
1786581000000,29760.15,29771.4,29747.4,29760.65
1786581900000,29760.15,29768.65,29748.4,29765.65
1786582800000,29765.4,29770.15,29740.65,29749.15
1786583700000,29750.15,29756.9,29727.4,29736.15
1786584600000,29736.4,29762.4,29733.4,29756.4
1786585500000,29756.15,29783.65,29746.4,29775.65
1786586400000,29775.9,29790.15,29773.15,29781.15
1786587300000,29780.65,29788.4,29776.4,29781.15
1786588200000,29780.9,29796.15,29752.65,29792.15
1786589100000,29792.4,29793.4,29785.4,29787.9
1786590000000,29787.65,29794.4,29784.4,29792.4
1786590900000,29792.65,29797.65,29790.65,29792.9
1786591800000,29793.4,29798.15,29785.9,29795.4
1786592700000,29795.15,29798.9,29793.9,29797.65
1786593600000,29797.4,29810.65,29788.15,29788.9
1786594500000,29788.65,29802.65,29772.9,29795.65
1786595400000,29795.4,29814.4,29795.15,29798.15
1786596300000,29798.4,29813.4,29792.4,29797.9
1786597200000,29798.4,29835.15,29793.4,29834.4
1786598100000,29834.15,29840.65,29827.15,29839.9
1786599000000,29840.65,29842.4,29815.9,29821.65
1786599900000,29821.4,29827.15,29802.4,29802.9
1786600800000,29803.15,29815.15,29788.65,29812.15
1786601700000,29812.65,29824.15,29804.4,29816.15
1786602600000,29815.65,29823.65,29779.65,29781.65
1786603500000,29781.4,29808.9,29777.9,29807.65
1786604400000,29807.15,29812.15,29764.15,29772.4
1786605300000,29772.9,29792.15,29766.9,29789.65
1786606200000,29789.15,29800.9,29780.4,29798.9
1786607100000,29798.800000000003,29799.9,29777.4,29778.15
1786608000000,29779.9,29790.65,29748.4,29757.050000000003
1786608900000,29757.15,29783.65,29746.9,29777.4
1786609800000,29777.65,29784.4,29765.15,29781.65
1786610700000,29781.4,29793.65,29773.4,29779.9
1786611600000,29779.8,29787.769999999997,29750.1,29750.6
1786612500000,29749.35,29766.149999999998,29738.1,29755.149999999998
1786613400000,29755.4,29779.4,29754.65,29778.15
1786614300000,29778.4,29797.4,29775.65,29794.65
1786615200000,29795.15,29795.9,29781.15,29793.15
1786616100000,29792.9,29801.9,29782.15,29790.9
1786617000000,29791.4,29798.9,29786.65,29795.9
1786617900000,29796.4,29803.4,29792.9,29798.9
1786618800000,29798.65,29809.9,29789.65,29791.65
1786619700000,29791.9,29794.15,29774.9,29782.02
1786620600000,29781.65,29807.4,29776.15,29806.9
1786621500000,29806.4,29813.65,29787.15,29787.4
1786622400000,29788.9,29790.9,29752.9,29759.4
1786623300000,29759.65,29770.850000000002,29732.15,29768.100000000002
1786624200000,29768.100000000002,29807.15,29739.9,29765.15
1786625100000,29764.77,29799.9,29759.9,29799.65
1786626000000,29798.65,29839.65,29797.65,29827.15
1786626900000,29827.4,29838.65,29819.4,29828.9
1786627800000,29829.65,29971.65,29783.4,29930.850000000002
1786628700000,29930.600000000002,30099.15,29925.65,30094.65
1786629600000,30094.4,30132.4,30075.15,30123.4
1786630500000,30123.9,30154.4,30104.02,30151.9
1786631400000,30152.4,30184.65,30146.4,30154.9
1786632300000,30153.65,30158.9,30116.4,30117.15
1786633200000,30116.15,30148.9,30113.65,30135.65
1786634100000,30134.65,30156.15,30097.9,30105.9
1786635000000,30106.15,30116.15,30046.4,30073.9
1786635900000,30074.15,30074.15,30022.4,30032.4
1786636800000,30034.15,30089.65,30031.65,30058.4
1786637700000,30058.65,30106.15,30051.4,30103.65
1786638600000,30103.9,30116.9,30085.65,30100.9
1786639500000,30100.65,30120.4,30093.9,30110.9
1786640400000,30111.4,30149.9,30111.4,30143.52
1786641300000,30143.65,30167.02,30142.15,30155.15
1786642200000,30155.4,30162.02,30131.9,30132.15
1786643100000,30131.9,30145.15,30121.15,30121.9
1786644000000,30122.4,30132.4,30107.4,30118.65
1786644900000,30118.9,30125.02,30098.65,30108.9
1786645800000,30109.15,30153.65,30109.15,30146.15
1786646700000,30146.4,30163.02,30145.9,30161.52
1786647600000,30161.4,30189.9,30150.27,30155.9
1786648500000,30154.9,30163.15,30132.77,30140.4
1786649400000,30140.15,30144.9,30120.4,30121.9
1786650300000,30122.02,30124.27,30091.4,30111.9
1786651200000,30110.9,30136.550000000003,30062.65,30125.9
1786652100000,30126.15,30131.4,30110.15,30115.550000000003
1786653000000,30114.9,30130.4,30113.15,30127.15
1786653900000,30127.399999999998,30136.399999999998,30126.3,30131.75
1786658400000,30126.8,30135.7,30106.7,30115.95
1786659300000,30114.45,30125.2,30109.45,30117.2
1786660200000,30117.45,30128.95,30116.95,30126.2
1786661100000,30125.45,30126.7,30119.7,30122.7
1786662000000,30122.45,30143.7,30118.7,30143.7
1786662900000,30144.45,30144.45,30111.45,30118.2
1786663800000,30117.95,30122.7,30112.7,30115.45
1786664700000,30115.7,30122.95,30109.95,30122.7
1786665600000,30122.45,30150.95,30115.7,30119.95
1786666500000,30119.7,30123.45,30097.45,30104.2
1786667400000,30103.95,30110.45,30094.2,30097.95
1786668300000,30098.2,30105.7,30086.2,30088.95
1786669200000,30088.45,30088.95,30043.95,30048.45
1786670100000,30048.2,30073.2,30043.95,30071.95
1786671000000,30072.2,30081.95,30060.2,30079.2
1786671900000,30079.45,30087.2,30068.95,30071.2
1786672800000,30070.95,30090.7,30068.95,30086.7
1786673700000,30086.45,30088.7,30075.2,30086.95
1786674600000,30086.7,30100.2,30086.45,30093.45
1786675500000,30093.95,30097.45,30069.7,30073.7
1786676400000,30073.45,30083.95,30069.7,30081.45
1786677300000,30081.7,30099.45,30079.95,30099.45
1786678200000,30099.7,30100.2,30075.95,30076.95
1786679100000,30077.2,30081.7,30071.45,30071.95
1786680000000,30071.7,30079.95,30063.95,30074.7
1786680900000,30074.2,30084.2,30070.2,30077.45
1786681800000,30077.95,30082.95,30057.45,30073.45
1786682700000,30073.7,30073.95,30064.45,30067.2
1786683600000,30067.45,30071.7,30047.95,30063.2
1786684500000,30063.45,30070.95,30057.7,30069.7
1786685400000,30068.95,30086.45,30059.95,30085.7
1786686300000,30086.2,30100.7,30084.45,30093.45
1786687200000,30092.95,30097.45,30069.2,30071.95
1786688100000,30072.45,30083.7,30067.7,30082.45
1786689000000,30081.45,30084.2,30068.95,30079.2
1786689900000,30078.95,30096.45,30078.95,30092.2
1786690800000,30092.45,30113.2,30090.95,30094.350000000002
1786691700000,30094.45,30100.45,30091.2,30096.2
1786692600000,30096.45,30122.45,30092.45,30122.45
1786693500000,30122.2,30122.45,30110.95,30113.45
1786694400000,30113.7,30153.95,30106.7,30133.100000000002
1786695300000,30132.95,30150.600000000002,30125.2,30143.850000000002
1786696200000,30144.199999999997,30158.949999999997,30141.1,30147.199999999997
1786697100000,30147.45,30158.2,30139.95,30140.45
1786698000000,30140.600000000002,30141.2,30129.7,30137.45
1786698900000,30136.95,30151.7,30134.2,30145.2
1786699800000,30144.95,30145.7,30126.45,30129.45
1786700700000,30129.600000000002,30154.7,30126.7,30153.95
1786701600000,30153.7,30168.45,30152.7,30160.100000000002
1786702500000,30159.95,30160.2,30141.95,30147.7
1786703400000,30147.95,30156.45,30142.7,30155.95
1786704300000,30155.7,30170.95,30152.2,30170.7
1786705200000,30171.2,30180.7,30165.95,30172.7
1786706100000,30172.95,30173.7,30161.7,30166.7
1786707000000,30166.45,30177.95,30156.57,30170.85
1786707900000,30171.199999999997,30186.949999999997,30168.6,30183.699999999997
1786708800000,30183.95,30198.95,30130.25,30156.95
1786709700000,30156.449999999997,30173.949999999997,30145.6,30169.699999999997
1786710600000,30169.45,30197.95,30166.2,30184.95
1786711500000,30185.45,30198.7,30173.95,30187.45
1786712400000,30187.7,30200.45,30171.95,30172.2
1786713300000,30172.7,30180.45,30159.45,30160.57
1786714200000,30160.7,30187.45,30089.95,30180.95
1786715100000,30179.45,30199.45,30131.2,30144.7
1786716000000,30145.95,30191.45,30127.45,30141.95
1786716900000,30140.7,30147.7,30054.2,30078.95
1786717800000,30079.2,30093.95,30048.95,30074.95
1786718700000,30073.15,30084.7,30042.7,30042.7
1786719600000,30042.2,30060.95,30007.7,30009.95
1786720500000,30009.7,30029.7,29952.7,29991.57
1786721400000,29991.45,29993.45,29949.45,29968.2
1786722300000,29967.95,29991.7,29949.45,29985.45
1786723200000,29985.7,30003.45,29970.2,29999.45
1786724100000,30000.45,30026.45,29994.95,30020.45
1786725000000,30020.32,30021.2,29984.2,29986.45
1786725900000,29985.95,29995.7,29974.45,29977.7
1786726800000,29979.32,29998.82,29972.45,29988.32
1786727700000,29988.2,29995.45,29967.45,29978.45
1786728600000,29978.95,29991.2,29970.7,29977.2
1786729500000,29977.45,30003.57,29969.45,30000.07
1786730400000,30000.45,30010.45,29992.95,29997.95
1786731300000,29998.2,30010.95,29985.2,29986.95
1786732200000,29988.2,30009.32,29982.32,30006.7
1786733100000,30006.95,30022.95,29997.32,30007.7
1786734000000,30009.32,30013.45,29996.2,30002.2
1786734900000,30001.45,30022.57,29999.95,30015.32
1786735800000,30015.95,30034.45,30010.95,30027.45
1786736700000,30027.95,30066.95,30021.32,30064.07
1786737600000,30063.2,30072.2,30050.32,30052.2
1786738500000,30052.45,30054.7,30046.7,30050.2
1786739400000,30049.7,30062.7,30047.45,30061.2
1786740300000,30061.45,30071.8,30057.57,30071.3
1786917600000,30119.199999999997,30130.35,30092.85,30125.1
1786918500000,30125.35,30128.85,30119.6,30121.35
1786919400000,30121.6,30123.85,30118.1,30119.85
1786920300000,30120.1,30138.35,30116.6,30133.85
1786921200000,30133.6,30134.85,30123.6,30124.85
1786922100000,30125.1,30132.1,30119.85,30125.35
1786923000000,30125.1,30134.35,30121.35,30133.85
1786923900000,30133.6,30155.6,30132.85,30143.35
1786924800000,30141.85,30154.6,30137.6,30146.85
1786925700000,30146.1,30147.1,30118.35,30124.1
1786926600000,30123.85,30126.1,30114.35,30118.35
1786927500000,30118.1,30130.35,30114.1,30129.6
1786928400000,30129.35,30161.35,30128.35,30142.1
1786929300000,30142.35,30166.6,30132.85,30158.35
1786930200000,30158.1,30160.85,30119.6,30127.35
1786931100000,30125.85,30130.85,30115.35,30120.1
1786932000000,30120.6,30128.6,30114.1,30128.35
1786932900000,30128.6,30150.35,30126.1,30144.6
1786933800000,30144.35,30152.85,30140.6,30149.35
1786934700000,30149.1,30158.85,30148.35,30150.85
1786935600000,30150.6,30162.6,30149.85,30154.6
1786936500000,30154.85,30163.35,30154.35,30161.85
1786937400000,30162.1,30174.1,30154.1,30169.35
1786938300000,30169.6,30174.6,30167.6,30174.35
1786939200000,30174.1,30181.85,30171.85,30179.1
1786940100000,30179.35,30179.35,30168.85,30168.85
1786941000000,30168.1,30172.6,30162.1,30172.35
1786941900000,30172.1,30175.85,30161.35,30163.35
1786942800000,30163.1,30174.6,30162.6,30170.6
1786943700000,30170.85,30174.35,30158.85,30172.1
1786944600000,30172.35,30190.6,30165.6,30190.6
1786945500000,30190.85,30202.1,30189.1,30200.6
1786946400000,30200.85,30222.6,30195.85,30215.85
1786947300000,30216.1,30226.6,30200.6,30224.85
1786948200000,30225.1,30254.6,30222.35,30242.35
1786949100000,30241.85,30253.35,30239.6,30252.6
1786950000000,30252.85,30259.6,30202.35,30203.6
1786950900000,30203.85,30208.35,30189.6,30208.219999999998
1786951800000,30208.1,30252.1,30205.1,30246.35
1786952700000,30245.85,30250.6,30235,30240.85
1786953600000,30240.6,30255.6,30224.85,30235.1
1786954500000,30235.35,30247.6,30231.1,30243.75
1786955400000,30243.85,30247.6,30216.1,30216.1
1786956300000,30216.25,30233.600000000002,30212.72,30226.350000000002
1786957200000,30226.1,30230.85,30216.35,30225.85
1786958100000,30226.1,30226.1,30196.35,30202.85
1786959000000,30203.1,30210.85,30195.85,30210.35
1786959900000,30209.35,30219.1,30204.85,30209.6
1786960800000,30209.85,30223.6,30204.85,30223.35
1786961700000,30223.1,30267.1,30207.6,30265.6
1786962600000,30264.850000000002,30265.5,30220.97,30238.850000000002
1786963500000,30239.1,30245.1,30233.6,30242.85
1786964400000,30243.1,30253.1,30224.85,30228.35
1786965300000,30228.6,30235.1,30215.1,30227.85
1786966200000,30227.75,30233.85,30221.1,30232.35
1786967100000,30232.6,30237.85,30214.6,30214.6
1786968000000,30215.6,30216.85,30175.35,30206.85
1786968900000,30207.35,30208.6,30150.1,30165.35
1786969800000,30162.6,30177.85,30111.35,30117.6
1786970700000,30117.850000000002,30140.850000000002,30109.72,30130.100000000002
1786971600000,30131.1,30152.85,30127.85,30147.1
1786972500000,30146.85,30165.6,30134.1,30146.35
1786973400000,30146.6,30193.35,30094.1,30124.35
1786974300000,30124.1,30182.1,30103.1,30161.35
1786975200000,30162.85,30170.6,30090.35,30152.85
1786976100000,30152.600000000002,30153.350000000002,30086.4,30125.850000000002
1786977000000,30125.35,30143.85,30114.85,30132.35
1786977900000,30131.85,30173.85,30128.35,30171.85
1786978800000,30172.85,30214.35,30161.85,30185.6
1786979700000,30185.719999999998,30205.85,30183.6,30197.35
1786980600000,30197.85,30200.85,30137.35,30155.719999999998
1786981500000,30155.85,30177.6,30142.85,30167.719999999998
1786982400000,30167.6,30171.35,30128.6,30132.1
1786983300000,30131.969999999998,30145.6,30125.6,30135.1
1786984200000,30135.6,30140.719999999998,30110.35,30111.969999999998
1786985100000,30111.85,30120.35,30103.6,30111.85
1786986000000,30111.35,30114.85,30056.85,30056.85
1786986900000,30057.35,30069.6,30021.85,30025.35
1786987800000,30024.85,30056.1,30015.6,30051.35
1786988700000,30051.6,30055.6,30025.35,30029.85
1786989600000,30030.35,30041.35,30007.85,30028.35
1786990500000,30028.1,30042.149999999998,30017.85,30031.6
1786991400000,30032.1,30047.85,30021.6,30045.35
1786992300000,30045.600000000002,30064.350000000002,30043.97,30050.350000000002
1786993200000,30050.85,30052.35,30011.85,30012.85
1786994100000,30012.6,30041.85,30010.35,30021.85
1786995000000,30021.6,30039.719999999998,30017.1,30030.6
1786995900000,30033.35,30047.6,29994.85,30018.6
1786996800000,30019.1,30025.6,29999.1,30005.85
1786997700000,30006.1,30010.35,29996.85,30006.35
1786998600000,30006.1,30007.85,29989.85,29992.35
1786999500000,29992.1,30007.449999999997,29983.1,30006.699999999997
1787004000000,30011.25,30022.15,30002.65,30004.65
1787004900000,30004.4,30015.4,29993.65,30006.65
1787005800000,30005.4,30007.4,29998.65,30001.9
1787006700000,30002.15,30014.15,30001.4,30009.9
1787007600000,30010.4,30017.65,30001.4,30012.4
1787008500000,30012.15,30018.65,30002.65,30014.65
1787009400000,30013.65,30031.15,30012.9,30027.4
1787010300000,30026.9,30031.15,30011.65,30025.65
1787011200000,30025.4,30034.4,30015.65,30031.4
1787012100000,30031.65,30045.15,30022.15,30031.65
1787013000000,30031.9,30044.15,30029.15,30043.4
1787013900000,30042.9,30051.4,30026.65,30029.65
1787014800000,30030.15,30040.4,30021.15,30040.15
1787015700000,30039.9,30040.4,30007.9,30018.15
1787016600000,30017.9,30020.9,29972.65,29980.65
1787017500000,29980.4,29985.9,29905.15,29943.15
1787018400000,29944.4,29952.15,29894.65,29897.15
1787019300000,29896.9,29901.65,29855.65,29863.65
1787020200000,29863.9,29890.15,29838.4,29840.65
1787021100000,29841.15,29851.65,29812.15,29839.65
1787022000000,29839.9,29846.4,29819.4,29825.65
1787022900000,29825.15,29827.9,29789.9,29810.65
1787023800000,29810.9,29828.15,29784.4,29826.15
1787024700000,29825.9,29838.65,29813.4,29824.15
1787025600000,29823.4,29829.4,29801.65,29828.9
1787026500000,29829.15,29845.65,29811.4,29841.9
1787027400000,29842.4,29851.65,29823.15,29831.4
1787028300000,29831.15,29857.9,29826.9,29848.4
1787029200000,29848.65,29849.65,29808.4,29810.4
1787030100000,29810.65,29817.65,29805.4,29806.9
1787031000000,29806.65,29807.9,29793.65,29796.4
1787031900000,29796.15,29811.15,29767.65,29771.65
1787032800000,29771.15,29774.4,29716.9,29766.9
1787033700000,29766.65,29797.4,29751.65,29790.9
1787034600000,29790.4,29806.65,29783.65,29797.15
1787035500000,29796.9,29826.15,29793.9,29823.65
1787036400000,29824.15,29827.4,29792.9,29793.15
1787037300000,29792.9,29802.15,29776.9,29777.4
1787038200000,29777.65,29785.550000000003,29754.15,29757.9
1787039100000,29758.15,29773.4,29741.4,29742.65
1787040000000,29743.9,29746.4,29670.9,29699.800000000003
1787040900000,29698.9,29717.4,29668.9,29690.800000000003
1787041800000,29690.649999999998,29725.399999999998,29681.05,29715.399999999998
1787042700000,29715.15,29715.4,29675.9,29699.4
1787043600000,29698.399999999998,29710.399999999998,29676.8,29697.649999999998
1787044500000,29697.800000000003,29703.65,29657.15,29668.800000000003
1787045400000,29668.55,29673.899999999998,29632.05,29645.05
1787046300000,29644.9,29669.65,29620.4,29665.65
1787047200000,29665.550000000003,29675.9,29649.15,29654.800000000003
1787048100000,29655.050000000003,29675.4,29637.65,29660.050000000003
1787049000000,29660.15,29677.9,29653.15,29661.4
1787049900000,29661.300000000003,29685.15,29654.15,29671.550000000003
1787050800000,29671.4,29705.65,29664.65,29701.300000000003
1787051700000,29701.15,29706.4,29686.65,29690.65
1787052600000,29690.9,29692.9,29660.4,29688.050000000003
1787053500000,29687.9,29708.15,29678.27,29680.65
1787054400000,29680.800000000003,29718.4,29659.9,29666.4
1787055300000,29666.800000000003,29692.4,29644.65,29646.15
1787056200000,29646.300000000003,29653.800000000003,29619.4,29621.9
1787057100000,29621.65,29653.65,29614.4,29646.4
1787058000000,29646.15,29659.4,29624.15,29629.4
1787058900000,29629.300000000003,29641.65,29611.4,29623.15
1787059800000,29623.65,29702.15,29564.65,29619.9
1787060700000,29620.7,29631.4,29537.9,29578.9
1787061600000,29579.050000000003,29636.9,29501.65,29519.65
1787062500000,29519.9,29616.4,29511.65,29602.4
1787063400000,29602.15,29623.4,29545.9,29546.65
1787064300000,29546.4,29556.77,29469.65,29480.15
1787065200000,29480.65,29503.9,29447.4,29479.9
1787066100000,29478.9,29532.65,29465.65,29524.15
1787067000000,29521.15,29542.15,29499.65,29531.4
1787067900000,29532.65,29573.65,29532.15,29569.65
1787068800000,29571.15,29595.65,29558.9,29579.15
1787069700000,29579.9,29589.9,29542.4,29543.15
1787070600000,29543.65,29582.15,29536.9,29562.15
1787071500000,29562.4,29603.4,29552.15,29584.15
1787072400000,29582.4,29593.9,29551.65,29567.9
1787073300000,29568.15,29568.4,29526.15,29549.15
1787074200000,29548.4,29554.65,29524.52,29536.52
1787075100000,29536.9,29546.9,29498.4,29498.4
1787076000000,29498.65,29511.4,29480.27,29507.4
1787076900000,29507.9,29547.15,29503.52,29535.9
1787077800000,29534.9,29546.4,29517.4,29520.65
1787078700000,29519.9,29530.4,29498.9,29504.65
1787079600000,29504.15,29518.15,29498.15,29504.9
1787080500000,29505.02,29539.15,29497.9,29532.9
1787081400000,29532.4,29538.4,29516.02,29533.4
1787082300000,29532.65,29540.9,29492.65,29518.9
1787083200000,29517.15,29529.65,29499.15,29506.15
1787084100000,29507.52,29512.9,29494.4,29511.4
1787085000000,29511.65,29518.65,29507.65,29510.65
1787085900000,29510.27,29511.4,29483.15,29492.75
1787090400000,29500.55,29516.7,29484.45,29510.2
1787091300000,29509.95,29528.7,29481.2,29482.45
1787092200000,29482.2,29487.45,29457.7,29468.2
1787093100000,29468.45,29470.95,29453.45,29455.45
1787094000000,29455.45,29475.95,29450.95,29468.95
1787094900000,29468.7,29502.45,29457.7,29481.95
1787095800000,29482.2,29484.2,29458.2,29469.95
1787096700000,29468.7,29485.95,29460.45,29463.7
1787097600000,29463.45,29464.45,29382.45,29396.95
1787098500000,29396.7,29464.95,29386.45,29464.95
1787099400000,29465.2,29510.95,29465.2,29505.45
1787100300000,29505.2,29521.45,29470.7,29475.95
1787101200000,29476.2,29533.4,29466.2,29521.7
1787102100000,29521.95,29544.95,29504.95,29537.2
1787103000000,29535.45,29540.45,29499.95,29511.95
1787103900000,29511.45,29518.95,29499.2,29514.45
1787104800000,29514.2,29519.2,29462.2,29469.45
1787105700000,29468.95,29499.2,29457.45,29478.2
1787106600000,29477.45,29481.7,29450.7,29458.7
1787107500000,29458.95,29479.2,29453.95,29467.2
1787108400000,29468.2,29489.45,29456.45,29466.95
1787109300000,29466.7,29484.7,29455.7,29469.95
1787110200000,29467.45,29502.2,29464.2,29466.45
1787111100000,29465.7,29480.95,29452.45,29461.45
1787112000000,29462.7,29463.2,29441.7,29451.95
1787112900000,29451.7,29479.2,29443.2,29468.95
1787113800000,29469.2,29475.95,29434.2,29435.95
1787114700000,29436.2,29442.7,29399.95,29441.7
1787115600000,29441.45,29470.2,29418.2,29423.95
1787116500000,29424.7,29445.2,29402.2,29443.7
1787117400000,29443.7,29447.7,29396.2,29408.95
1787118300000,29408.7,29413.2,29382.45,29392.7
1787119200000,29391.7,29401.7,29366.45,29371.2
1787120100000,29371.7,29439.95,29370.7,29417.95
1787121000000,29417.7,29430.2,29395.95,29426.7
1787121900000,29427.2,29497.2,29427.2,29494.2
1787122800000,29494.449999999997,29498.85,29456.85,29494.449999999997
1787123700000,29493.95,29513.95,29468.95,29513.95
1787124600000,29515.2,29524.7,29482.7,29506.7
1787125500000,29506.949999999997,29542.199999999997,29505.35,29536.199999999997
1787126400000,29536.350000000002,29576.2,29528.7,29559.45
1787127300000,29559.95,29574.95,29543.45,29558.45
1787128200000,29557.95,29567.95,29536.2,29562.100000000002
1787129100000,29561.95,29568.7,29542.95,29543.7
1787130000000,29542.7,29565.95,29529.2,29529.7
1787130900000,29529.6,29533.6,29502.07,29507.45
1787131800000,29507.350000000002,29522.95,29485.45,29487.45
1787132700000,29487.2,29498.7,29472.45,29489.350000000002
1787133600000,29488.85,29493.199999999997,29446.1,29476.949999999997
1787134500000,29475.7,29476.45,29447.7,29471.45
1787135400000,29471.7,29492.7,29464.7,29490.45
1787136300000,29490.7,29494.45,29453.2,29457.100000000002
1787137200000,29458.95,29513.45,29445.95,29483.2
1787138100000,29483.100000000002,29495.2,29467.45,29473.2
1787139000000,29472.45,29477.2,29444.45,29449.7
1787139900000,29449.45,29472.7,29442.95,29471.45
1787140800000,29470.449999999997,29493.949999999997,29447.1,29488.449999999997
1787141700000,29488.7,29518.45,29485.45,29509.45
1787142600000,29510.95,29617.7,29484.95,29617.7
1787143500000,29618.2,29692.45,29617.65,29678.2
1787144400000,29676.7,29676.95,29616.45,29659.45
1787145300000,29658.95,29682.45,29630.95,29630.95
1787146200000,29631.45,29674.7,29494.2,29538.95
1787147100000,29541.45,29565.2,29340.2,29427.2
1787148000000,29427.95,29444.95,29310.45,29312.2
1787148900000,29312.45,29415.45,29309,29413.7
1787149800000,29413.95,29506.2,29399.7,29494.7
1787150700000,29495.95,29555.7,29458.7,29554.2
1787151600000,29553.95,29560.7,29512.7,29547.7
1787152500000,29548.45,29561.2,29520.7,29544.2
1787153400000,29544.45,29547.95,29481.95,29527.95
1787154300000,29527.7,29546.82,29501.2,29538.45
1787155200000,29537.95,29584.45,29518.95,29569.95
1787156100000,29568.82,29597.95,29534.2,29540.45
1787157000000,29540.95,29552.7,29526.2,29541.2
1787157900000,29540.95,29541.95,29484.45,29490.45
1787158800000,29490.95,29503.7,29471.2,29478.95
1787159700000,29479.2,29487.2,29443.95,29474.45
1787160600000,29474.57,29479.45,29450.45,29471.7
1787161500000,29471.45,29495.45,29469.45,29479.95
1787162400000,29480.2,29526.45,29435.45,29454.95
1787163300000,29455.2,29475.2,29427.45,29473.7
1787164200000,29474.2,29513.57,29472.2,29495.45
1787165100000,29496.2,29496.2,29463.2,29470.45
1787166000000,29471.45,29494.45,29465.2,29482.7
1787166900000,29482.45,29514.7,29478.95,29491.2
1787167800000,29492.45,29524.45,29462.82,29465.7
1787168700000,29465.95,29467.95,29420.95,29455.7
1787169600000,29456.2,29477.2,29453.2,29453.95
1787170500000,29454.2,29461.2,29449.7,29460.2
1787171400000,29460.45,29467.07,29455.45,29464.2
1787172300000,29464.7,29497.45,29462.95,29494.3
1787176800000,29504.55,29571.2,29490.8,29560.45
1787177700000,29560.2,29566.7,29541.7,29554.95
1787178600000,29554.95,29571.95,29547.45,29564.95
1787179500000,29564.7,29588.45,29562.95,29584.45
1787180400000,29584.2,29621,29567.45,29585.7
1787181300000,29586.45,29594.45,29576.95,29585.45
1787182200000,29586.2,29600.45,29578.2,29593.7
1787183100000,29592.95,29595.7,29561.2,29564.2
1787184000000,29563.95,29565.2,29516.45,29564.2
1787184900000,29564.7,29599.2,29559.7,29565.7
1787185800000,29565.45,29598.7,29551.45,29589.2
1787186700000,29588.7,29609.7,29577.2,29605.2
1787187600000,29604.95,29618.2,29574.7,29579.2
1787188500000,29578.95,29600.95,29558.95,29568.95
1787189400000,29568.45,29605.2,29558.45,29602.95
1787190300000,29604.2,29608.7,29564.95,29577.2
1787191200000,29576.95,29616.95,29574.7,29602.2
1787192100000,29601.7,29604.2,29547.95,29566.2
1787193000000,29566.7,29596.2,29544.7,29580.7
1787193900000,29580.2,29581.7,29545.7,29564.2
1787194800000,29565.95,29588.95,29540.2,29559.2
1787195700000,29558.95,29590.7,29555.2,29560.7
1787196600000,29561.2,29562.7,29530.7,29553.7
1787197500000,29553.95,29564.7,29545.7,29552.2
1787198400000,29552.45,29589.2,29545.45,29588.7
1787199300000,29589.2,29589.7,29569.95,29573.95
1787200200000,29574.2,29574.95,29542.7,29562.2
1787201100000,29562.45,29574.45,29546.2,29551.2
1787202000000,29551.95,29557.7,29522.2,29530.7
1787202900000,29530.95,29574.95,29528.7,29550.7
1787203800000,29550.95,29568.95,29538.95,29548.45
1787204700000,29549.7,29552.2,29533.7,29540.2
1787205600000,29539.95,29600.2,29536.95,29593.7
1787206500000,29593.95,29594.95,29573.2,29588.2
1787207400000,29587.7,29611.2,29581.45,29605.45
1787208300000,29605.7,29620.2,29601.45,29606.2
1787209200000,29606.45,29606.45,29567.2,29572.2
1787210100000,29571.45,29581.95,29539.45,29549.7
1787211000000,29550.449999999997,29568.6,29529.6,29540.85
1787211900000,29540.45,29570.95,29527.45,29528.7
1787212800000,29528.600000000002,29538.95,29454.7,29470.850000000002
1787213700000,29470.95,29482.7,29430.7,29435.45
1787214600000,29435.95,29461.45,29399.45,29436.2
1787215500000,29435.95,29440.2,29391.95,29412.2
1787216400000,29411.95,29478.45,29401.95,29458.600000000002
1787217300000,29458.350000000002,29476.95,29447.7,29463.350000000002
1787218200000,29463.45,29472.7,29442.7,29470.100000000002
1787219100000,29469.7,29481.7,29448.2,29462.95
1787220000000,29462.850000000002,29496.95,29447.2,29492.100000000002
1787220900000,29492.350000000002,29494.7,29462.2,29472.2
1787221800000,29471.95,29483.45,29450.95,29460.2
1787222700000,29460.350000000002,29501.2,29459.45,29500.350000000002
1787223600000,29500.7,29516.95,29397.15,29420.7
1787224500000,29421.2,29431.4,29355.9,29358.4
1787225400000,29358.15,29388.95,29351.9,29358.45
1787226300000,29358.949999999997,29359.699999999997,29284.6,29296.199999999997
1787227200000,29295.95,29309.7,29199.45,29207.850000000002
1787228100000,29207.350000000002,29240.45,29199.45,29211.45
1787229000000,29212.2,29227.45,29176.95,29225.95
1787229900000,29224.7,29285.850000000002,29219.2,29281.2
1787230800000,29281.45,29307.82,29268.95,29273.45
1787231700000,29273.7,29304.45,29259.45,29287.95
1787232600000,29285.95,29404.95,29274.7,29378.2
1787233500000,29378.7,29393.2,29245.45,29288.7
1787234400000,29287.949999999997,29339.949999999997,29252.1,29303.199999999997
1787235300000,29303.95,29347.45,29243.45,29285.95
1787236200000,29285.2,29363.95,29264.7,29356.95
1787237100000,29356.2,29368.2,29285.2,29328.7
1787238000000,29327.45,29392.2,29260.45,29300.2
1787238900000,29300.7,29303.7,29236.95,29279.45
1787239800000,29280.2,29285.45,29211.95,29213.45
1787240700000,29212.7,29267.7,29204.57,29265.2
1787241600000,29265.95,29280.7,29237.95,29242.95
1787242500000,29242.45,29290.7,29240.7,29275.95
1787243400000,29275.45,29313.2,29245.2,29313.2
1787244300000,29312.45,29323.95,29291.7,29314.7
1787245200000,29316.2,29316.95,29270.2,29272.45
1787246100000,29272.2,29273.45,29227.7,29229.95
1787247000000,29229.82,29239.2,29218.07,29225.2
1787247900000,29224.95,29260.82,29222.95,29227.7
1787248800000,29227.45,29227.95,29150.7,29166.2
1787249700000,29166.45,29183.7,29138.45,29167.57
1787250600000,29169.2,29172.7,29147.95,29169.95
1787251500000,29170.2,29194.45,29163.45,29179.2
1787252400000,29179.45,29228.82,29177.95,29216.7
1787253300000,29216.95,29243.2,29203.95,29240.2
1787254200000,29239.95,29270.7,29227.7,29246.95
1787255100000,29247.2,29265.7,29222.7,29240.45
1787256000000,29240.7,29256.2,29213.2,29216.7
1787256900000,29215.95,29228.95,29198.7,29223.7
1787257800000,29223.45,29244.95,29221.2,29238.45
1787258700000,29238.2,29254.55,29231.7,29253.05
1787263200000,29279.149999999998,29279.149999999998,29209.55,29213.3
1787264100000,29213.05,29226.05,29213.05,29221.8
1787265000000,29222.55,29244.3,29217.55,29236.3
1787265900000,29236.55,29261.05,29231.8,29257.8
1787266800000,29257.05,29258.55,29249.05,29254.05
1787267700000,29253.8,29263.55,29248.05,29251.3
1787268600000,29251.55,29258.55,29231.55,29252.05
1787269500000,29252.8,29253.05,29222.3,29229.05
1787270400000,29229.3,29299.8,29226.8,29296.55
1787271300000,29295.55,29296.05,29251.05,29260.8
1787272200000,29261.55,29291.3,29248.05,29289.3
1787273100000,29289.55,29297.3,29256.05,29256.55
1787274000000,29256.05,29269.8,29227.8,29266.8
1787274900000,29265.8,29291.8,29249.3,29275.8
1787275800000,29275.05,29291.8,29255.8,29286.05
1787276700000,29286.3,29307.8,29269.55,29288.55
1787277600000,29288.05,29308.3,29278.55,29308.05
1787278500000,29307.8,29330.05,29302.55,29324.55
1787279400000,29325.05,29331.3,29312.3,29316.3
1787280300000,29316.05,29334.55,29312.55,29319.55
1787281200000,29319.8,29323.3,29290.55,29291.55
1787282100000,29292.05,29306.05,29285.05,29297.8
1787283000000,29298.3,29312.3,29289.55,29292.55
1787283900000,29292.3,29299.3,29278.05,29288.05
1787284800000,29287.8,29305.3,29284.3,29303.3
1787285700000,29303.05,29307.55,29266.3,29266.3
1787286600000,29266.05,29274.8,29257.3,29270.55
1787287500000,29270.3,29300.3,29269.3,29293.8
1787288400000,29294.3,29306.3,29288.3,29301.3
1787289300000,29301.8,29316.3,29287.3,29289.05
1787290200000,29289.3,29312.8,29286.05,29296.8
1787291100000,29297.05,29302.3,29276.55,29301.8
1787292000000,29300.55,29311.55,29290.8,29309.3
1787292900000,29309.05,29316.8,29301.8,29311.8
1787293800000,29311.55,29336.55,29305.05,29308.3
1787294700000,29308.55,29325.3,29301.55,29322.3
1787295600000,29319.55,29363.7,29316.05,29363.55
1787296500000,29363.45,29391.55,29350.8,29362.05
1787297400000,29361.3,29389.2,29357.3,29359.45
1787298300000,29359.55,29382.3,29358.55,29382.3
1787299200000,29382.55,29398.3,29344.8,29352.8
1787300100000,29353.05,29360.05,29327.05,29357.55
1787301000000,29357.8,29392.3,29354.55,29390.8
1787301900000,29390.55,29403.05,29383.3,29389.05
1787302800000,29389.8,29390.7,29347.3,29374.2
1787303700000,29373.7,29380.3,29365.7,29370.7
1787304600000,29370.55,29418.55,29365.8,29409.8
1787305500000,29410.05,29427.55,29401.3,29421.3
1787306400000,29421.55,29451.05,29412.55,29419.55
1787307300000,29420.3,29426.3,29405.42,29425.8
1787308200000,29425.3,29428.3,29408.05,29413.3
1787309100000,29413.2,29423.17,29408.05,29414.8
1787310000000,29413.8,29421.55,29388.3,29403.05
1787310900000,29402.7,29459.55,29401.8,29452.95
1787311800000,29453.05,29473.3,29436.3,29466.8
1787312700000,29466.2,29466.8,29433.3,29434.8
1787313600000,29434.55,29439.05,29415.05,29422.55
1787314500000,29423.05,29452.05,29414.3,29451.55
1787315400000,29451.3,29464.8,29444.05,29463.8
1787316300000,29464.05,29474.17,29438.8,29446.55
1787317200000,29446.8,29451.05,29402.8,29404.55
1787318100000,29405.3,29420.3,29353.3,29407.05
1787319000000,29405.8,29405.8,29247.05,29254.3
1787319900000,29255.55,29292.05,29193.05,29237.55
1787320800000,29240.8,29268.05,29183.8,29187.8
1787321700000,29188.6,29245.05,29155.05,29213.3
1787322600000,29214.55,29244.17,29193.55,29231.05
1787323500000,29230.05,29267.2,29223.05,29266.05
1787324400000,29266.55,29302.8,29261.05,29287.55
1787325300000,29287.05,29305.3,29266.3,29302.3
1787326200000,29303.55,29404.8,29298.55,29386.05
1787327100000,29386.3,29422.55,29359.8,29378.55
1787328000000,29377.55,29381.42,29324.05,29327.55
1787328900000,29327.05,29383.95,29322.05,29343.3
1787329800000,29343.05,29358.05,29327.3,29350.55
1787330700000,29350.3,29350.8,29314.3,29345.55
1787331600000,29345.3,29356.8,29332.17,29341.3
1787332500000,29341.55,29343.3,29309.92,29328.8
1787333400000,29329.8,29337.8,29316.3,29337.17
1787334300000,29338.17,29344.67,29316.55,29318.05
1787335200000,29317.8,29339.17,29307.17,29309.05
1787336100000,29308.55,29326.05,29297.05,29297.55
1787337000000,29296.8,29306.3,29288.42,29301.17
1787337900000,29300.92,29337.55,29298.3,29334.3
1787338800000,29334.05,29348.67,29319.17,29323.05
1787339700000,29322.8,29338.8,29314.55,29328.05
1787340600000,29328.55,29345.92,29328.55,29345.05
1787341500000,29343.55,29366.05,29309.92,29330.17
1787342400000,29329.92,29331.55,29307.3,29316.17
1787343300000,29316.05,29322.55,29302.3,29305.05
1787344200000,29304.8,29320.8,29304.55,29319.3
1787345100000,29318.8,29319.55,29306.55,29308.399999999998
1787522400000,29346.949999999997,29349.699999999997,29246.35,29274.6
1787523300000,29274.35,29285.6,29256.6,29281.35
1787524200000,29281.1,29326.6,29278.85,29324.35
1787525100000,29324.6,29341.85,29324.1,29333.35
1787526000000,29333.1,29336.1,29328.1,29330.1
1787526900000,29329.85,29371.85,29328.6,29371.6
1787527800000,29371.1,29390.35,29361.35,29363.35
1787528700000,29363.6,29422.85,29363.1,29410.35
1787529600000,29410.1,29415.1,29367.1,29378.6
1787530500000,29378.85,29381.1,29278.6,29299.85
1787531400000,29299.85,29319.6,29281.6,29297.85
1787532300000,29297.6,29371.6,29295.6,29369.1
1787533200000,29368.85,29386.1,29341.85,29378.6
1787534100000,29378.85,29390.6,29351.35,29352.1
1787535000000,29351.85,29354.35,29327.1,29335.6
1787535900000,29336.1,29347.35,29264.35,29265.85
1787536800000,29265.35,29300.1,29244.6,29296.6
1787537700000,29296.35,29315.1,29291.1,29306.85
1787538600000,29306.1,29316.6,29299.6,29312.85
1787539500000,29313.1,29320.6,29284.6,29313.6
1787540400000,29313.85,29315.1,29246.85,29247.6
1787541300000,29247.85,29256.35,29233.6,29239.1
1787542200000,29238.6,29248.6,29226.6,29227.85
1787543100000,29227.6,29245.35,29204.35,29214.85
1787544000000,29215.1,29242.1,29212.6,29241.6
1787544900000,29242.35,29243.85,29214.85,29234.6
1787545800000,29234.35,29242.6,29219.1,29242.6
1787546700000,29242.85,29246.1,29206.85,29208.85
1787547600000,29208.6,29239.85,29206.35,29236.35
1787548500000,29236.1,29236.1,29190.6,29191.35
1787549400000,29191.1,29209.35,29151.1,29182.35
1787550300000,29181.85,29189.35,29139.1,29143.1
1787551200000,29142.85,29161.85,29086.1,29094.85
1787552100000,29095.35,29121.35,29068.85,29108.85
1787553000000,29108.1,29123.6,29087.1,29093.35
1787553900000,29093.35,29121.1,29085.1,29106.6
1787554800000,29107.6,29147.35,29089.85,29143.1
1787555700000,29143.35,29151.6,29121.6,29125.1
1787556600000,29125,29155.35,29104.6,29105.35
1787557500000,29105.6,29118.1,29075.25,29089.1
1787558400000,29089.1,29150.1,29060.35,29127.85
1787559300000,29127.5,29152.6,29114.85,29134
1787560200000,29133.1,29168.35,29123.1,29165.85
1787561100000,29165.5,29181.6,29155.85,29156.1
1787562000000,29156.6,29189.6,29143.35,29175.35
1787562900000,29175.6,29177.5,29149.6,29151.6
1787563800000,29151.6,29183.1,29150.35,29177.75
1787564700000,29177.6,29191.6,29169.6,29174.1
1787565600000,29173.6,29188.6,29156.85,29157.1
1787566500000,29157.6,29178,29148.25,29151.35
1787567400000,29150.1,29181.35,29140.1,29150.35
1787568300000,29150,29152.35,29122.85,29127.85
1787569200000,29128.35,29135.1,29089.35,29111
1787570100000,29111.35,29147,29108.85,29125.75
1787571000000,29126.25,29226.75,29126.25,29204
1787571900000,29203.5,29203.5,29175,29190.5
1787572800000,29190.4,29190.4,29151.5,29155.25
1787573700000,29155.15,29174.5,29147.25,29173.5
1787574600000,29172.75,29182.25,29116.75,29146.65
1787575500000,29146.5,29175.5,29143.15,29149.15
1787576400000,29149,29163.25,29140.25,29151.75
1787577300000,29152.5,29180.25,29140.25,29179.62
1787578200000,29179,29180,28922,28922
1787579100000,28921.5,28980.75,28891.95,28964.75
1787580000000,28965,28980,28897.5,28937.37
1787580900000,28936.75,28976.3,28912,28956
1787581800000,28956.25,29053.75,28945.75,29029.25
1787582700000,29030.5,29053.62,29020.75,29026.75
1787583600000,29026.25,29039.25,28986,28992.5
1787584500000,28990.75,29079.5,28983.25,29065
1787585400000,29065.25,29125.25,29055.5,29119.5
1787586300000,29120,29147.5,29093.62,29112
1787587200000,29112.25,29132.25,29100.75,29124.37
1787588100000,29124.25,29167.5,29122.5,29146.87
1787589000000,29147.5,29155.25,29118,29127.5
1787589900000,29129,29136,29114,29114
1787590800000,29114.62,29153.5,29098.5,29138
1787591700000,29137.5,29138.62,29075.75,29082.5
1787592600000,29083.25,29085.5,29062.25,29062.37
1787593500000,29062.75,29086.5,29060.25,29067
1787594400000,29066.87,29132,29066.75,29130.75
1787595300000,29131,29166.75,29116.25,29161.75
1787596200000,29162,29176.5,29124,29133
1787597100000,29133.25,29137,29097,29097.75
1787598000000,29096,29105.75,29086.5,29099.5
1787598900000,29098.75,29109.25,29086.5,29101.5
1787599800000,29102.25,29116,29069,29074.5
1787600700000,29074.25,29085.5,29039.75,29042.62
1787601600000,29046,29066.75,29040.75,29052.75
1787602500000,29053,29056.5,29024.5,29027.75
1787603400000,29027.5,29045.25,29027.25,29043.75
1787604300000,29044.25,29079,29033,29072.35
1787608800000,29091.6,29094.75,29067,29069.75
1787609700000,29069.5,29076,29067.25,29070.75
1787610600000,29071.75,29075.75,29061.5,29064.5
1787611500000,29063.75,29067.75,29058.5,29067.25
1787612400000,29067,29070.75,29063.25,29070.75
1787613300000,29071,29074.5,29052.5,29053
1787614200000,29053.25,29062,29019,29031
1787615100000,29032.25,29046,29028,29043.25
1787616000000,29042.5,29048.75,28985.75,28988.25
1787616900000,28988.5,29030.5,28963.5,29027.25
1787617800000,29026.5,29076.75,29018.75,29070.75
1787618700000,29070.75,29091.25,29053,29072.25
1787619600000,29074,29090,29060.75,29075.25
1787620500000,29075.75,29083.5,29042.75,29060.75
1787621400000,29060,29102,29054.75,29081.75
1787622300000,29082.25,29098.5,29071.75,29072.75
1787623200000,29073.25,29092.25,29050.5,29063.25
1787624100000,29063,29094.75,29050.25,29091.75
1787625000000,29092.25,29114.5,29081.25,29083
1787625900000,29083.5,29085,29040.25,29048.5
1787626800000,29048.75,29112.75,29047,29097.75
1787627700000,29097.25,29122,29097.25,29121.5
1787628600000,29121,29136,29110,29115.25
1787629500000,29115.5,29116,29098.25,29111
1787630400000,29110.75,29145.25,29106,29142.25
1787631300000,29142.5,29153,29134.75,29148
1787632200000,29147.25,29163,29137.75,29158.25
1787633100000,29157.5,29162.5,29131.75,29146.75
1787634000000,29146.25,29171,29136.25,29150
1787634900000,29149.25,29173.5,29149.25,29167
1787635800000,29166.75,29180.5,29147.75,29151
1787636700000,29151.25,29187.25,29147.5,29178.75
1787637600000,29178.5,29208,29176.75,29194.5
1787638500000,29194.25,29234.25,29188.5,29213
1787639400000,29212.75,29214,29189.75,29209.25
1787640300000,29208.75,29210,29183,29209.75
1787641200000,29210.5,29236.75,29197,29198.75
1787642100000,29199,29209.5,29173.25,29193.75
1787643000000,29193.65,29208,29178.65,29203.75
1787643900000,29204,29205.5,29173.25,29179.25
1787644800000,29179.75,29200.25,29159.25,29164.5
1787645700000,29166,29271.25,29165.65,29221.5
1787646600000,29220.75,29244,29204,29228.5
1787647500000,29228.25,29252.75,29228,29248.75
1787648400000,29248.5,29279.75,29233.25,29269.5
1787649300000,29269.75,29280.4,29252.25,29264.15
1787650200000,29264.4,29320.5,29261.25,29307.25
1787651100000,29306.37,29362.5,29302.5,29337.5
1787652000000,29337.25,29357.5,29316.75,29337.15
1787652900000,29337.5,29338.65,29314,29316.75
1787653800000,29317,29326.25,29293.5,29293.75
1787654700000,29294,29315.25,29292.75,29305.25
1787655600000,29303,29309,29251.5,29287
1787656500000,29287.5,29301,29267.9,29287.5
1787657400000,29287.75,29308.5,29287.25,29303.75
1787658300000,29304,29336.75,29301.75,29319.75
1787659200000,29319.5,29328.75,29302.25,29327
1787660100000,29326.75,29354.75,29310.37,29320
1787661000000,29320.25,29320.25,29259.25,29274.25
1787661900000,29274.5,29292.12,29266.75,29280.25
1787662800000,29281,29291,29258.75,29274.25
1787663700000,29274,29288,29244.5,29244.5
1787664600000,29242.75,29322.25,29227.75,29295
1787665500000,29295.75,29360.75,29237.25,29258.5
1787666400000,29254,29260.5,29186.75,29191
1787667300000,29191.62,29215.75,29156.5,29161.87
1787668200000,29161.5,29214.5,29102.7,29165.5
1787669100000,29164.75,29206.75,29153.25,29179
1787670000000,29178.75,29181.5,29144.75,29170
1787670900000,29170.25,29228,29165.5,29223.25
1787671800000,29223.5,29253.5,29201.75,29214.5
1787672700000,29211.75,29220.62,29169.5,29209.25
1787673600000,29209.5,29236,29207.5,29224.75
1787674500000,29225,29243.5,29220.75,29240.75
1787675400000,29241,29245.75,29206.5,29213.25
1787676300000,29213.75,29231,29200.5,29222.75
1787677200000,29223.25,29226.25,29171.75,29190.75
1787678100000,29191,29206,29162.5,29172
1787679000000,29172.5,29181.37,29164.25,29170.25
1787679900000,29170,29179.5,29164.5,29174.25
1787680800000,29174.12,29175.8,29150.25,29153.25
1787681700000,29153.37,29175,29150.25,29166.75
1787682600000,29167,29206.37,29166.25,29205.5
1787683500000,29205.25,29222.12,29200.75,29203.25
1787684400000,29203.5,29213,29178.25,29182.25
1787685300000,29182,29185,29160.37,29173
1787686200000,29173.5,29204.62,29159.75,29186.25
1787687100000,29186,29237,29177.25,29219.37
1787688000000,29218.37,29240.75,29210,29236.25
1787688900000,29238.5,29260.5,29233,29250.25
1787689800000,29250,29256.25,29229.25,29230
1787690700000,29229.5,29235,29216.75,29234.35
1787695200000,29251.55,29259.3,29237.95,29244.45
1787696100000,29244.2,29244.95,29231.95,29241.2
1787697000000,29241.45,29243.45,29231.45,29237.95
1787697900000,29237.7,29238.2,29231.45,29234.7
1787698800000,29234.95,29238.2,29224.4,29227.2
1787699700000,29226.95,29228.95,29196.2,29196.2
1787700600000,29196.45,29199.2,29179.7,29185.2
1787701500000,29183.2,29185.7,29157.95,29161.45
1787702400000,29161.2,29177.45,29136.2,29159.7
1787703300000,29159.7,29189.2,29117.95,29134.7
1787704200000,29134.95,29138.2,29089.2,29103.2
1787705100000,29102.45,29110.45,29061.9,29062.95
1787706000000,29063.2,29098.2,29057.95,29074.95
1787706900000,29075.2,29084.2,29049.95,29060.45
1787707800000,29059.95,29079.7,29046.7,29067.2
1787708700000,29066.95,29085.2,29055.2,29083.7
1787709600000,29083.45,29095.2,29070.2,29094.45
1787710500000,29094.2,29125.45,29091.45,29123.45
1787711400000,29123.7,29168.45,29121.95,29167.45
1787712300000,29167.2,29180.2,29162.2,29171.45
1787713200000,29171.95,29184.2,29163.2,29181.95
1787714100000,29181.7,29182.45,29163.95,29165.7
1787715000000,29165.2,29194.45,29155.95,29187.95
1787715900000,29187.7,29225.45,29186.2,29215.7
1787716800000,29215.45,29230.2,29210.7,29223.45
1787717700000,29223.7,29234.2,29213.2,29222.2
1787718600000,29223.2,29225.45,29198.95,29200.95
1787719500000,29201.2,29202.2,29167.95,29178.95
1787720400000,29178.45,29209.95,29177.45,29189.7
1787721300000,29190.2,29198.95,29181.2,29196.2
1787722200000,29195.95,29211.95,29192.45,29199.95
1787723100000,29199.7,29199.7,29176.7,29192.45
1787724000000,29192.7,29199.2,29162.7,29166.95
1787724900000,29166.45,29176.95,29154.45,29169.45
1787725800000,29168.95,29207.45,29160.95,29206.95
1787726700000,29206.7,29226.7,29183.45,29202.45
1787727600000,29199.95,29208.2,29152.2,29186.850000000002
1787728500000,29187.2,29195.100000000002,29145.2,29148.95
1787729400000,29150.45,29160.95,29137.45,29149.350000000002
1787730300000,29149.199999999997,29169.35,29138.6,29163.199999999997
1787731200000,29164.100000000002,29194.7,29150.2,29156.2
1787732100000,29156.100000000002,29185.2,29135.95,29185.100000000002
1787733000000,29185.2,29200.45,29162.2,29192.95
1787733900000,29192.7,29192.7,29160.7,29178.7
1787734800000,29178.2,29185.2,29163.7,29169.350000000002
1787735700000,29169.600000000002,29172.45,29142.45,29149.100000000002
1787736600000,29148.95,29169.95,29148.95,29165.45
1787737500000,29165.2,29187.45,29164.45,29185.100000000002
1787738400000,29184.7,29185.2,29146.7,29148.7
1787739300000,29148.45,29167.95,29146.95,29152.2
1787740200000,29151.95,29192.45,29139.45,29179.2
1787741100000,29179.350000000002,29190.2,29174.95,29187.45
1787742000000,29187.7,29214.7,29186.7,29204.850000000002
1787742900000,29204.95,29228.7,29186.45,29203.45
1787743800000,29203.2,29212.95,29144.95,29160.7
1787744700000,29160.6,29177.949999999997,29137.1,29169.449999999997
1787745600000,29171.350000000002,29174.45,29151.45,29167.2
1787746500000,29166.45,29210.7,29141.45,29210.7
1787747400000,29210.45,29214.2,29101.57,29116.45
1787748300000,29116.2,29132.45,29084.95,29101.95
1787749200000,29102.2,29124.45,29084.9,29123.7
1787750100000,29123.45,29125.2,29104.95,29123.95
1787751000000,29125.45,29261.95,29125.45,29241.7
1787751900000,29242.2,29283.7,29204.2,29282.95
1787752800000,29280.7,29282.7,29186.95,29197.2
1787753700000,29197.45,29213.95,29107.7,29129.95
1787754600000,29129.7,29189.57,29128.2,29172.45
1787755500000,29173.2,29218.7,29158.2,29203.7
1787756400000,29203.45,29234.07,29198.45,29208.95
1787757300000,29208.45,29217.7,29173.95,29207.7
1787758200000,29207.32,29240.7,29173.45,29233.95
1787759100000,29233.7,29242.2,29166.82,29168.2
1787760000000,29168.7,29175.2,29141.45,29152.2
1787760900000,29151.95,29165.95,29143.82,29157.95
1787761800000,29158.45,29170.7,29121.7,29125.95
1787762700000,29125.2,29172.7,29123.45,29168.32
1787763600000,29167.7,29192.7,29161.7,29189.2
1787764500000,29189.07,29221.45,29189.07,29218.7
1787765400000,29219.2,29242.2,29214.95,29232.45
1787766300000,29232.7,29244.2,29219.45,29235.7
1787767200000,29235.45,29246.95,29217.45,29221.7
1787768100000,29221.45,29242.57,29215.95,29233.45
1787769000000,29232.7,29255.7,29228.95,29247.95
1787769900000,29248.7,29282.32,29248.2,29274.2
1787770800000,29273.7,29321.45,29271.2,29293.45
1787771700000,29293.57,29310.45,29285.7,29291.45
1787772600000,29290.7,29298.2,29261.2,29263.32
1787773500000,29262.95,29289.95,29233.95,29252.7
1787774400000,29251.95,29324.7,29238.7,29314.45
1787775300000,29313.7,29335.95,29244.45,29297.2
1787776200000,29295.95,29309.45,29270.7,29291.45
1787777100000,29292.699999999997,29385.8,29289.85,29383.05
1787781600000,29483.95,29536.100000000002,29460.95,29522.350000000002
1787782500000,29522.35,29558.1,29510.35,29539.85
1787783400000,29540.1,29573.6,29537.85,29573.1
1787784300000,29572.85,29584.35,29556.6,29562.35
1787785200000,29561.85,29570.6,29547.6,29548.85
1787786100000,29549.1,29568.35,29541.35,29558.1
1787787000000,29557.85,29567.35,29551.1,29562.6
1787787900000,29563.1,29609.35,29561.6,29603.6
1787788800000,29606.85,29609.35,29534.6,29546.85
1787789700000,29547.1,29547.1,29514.6,29536.85
1787790600000,29537.1,29537.35,29432.85,29434.6
1787791500000,29433.35,29435.6,29393.85,29400.6
1787792400000,29400.35,29445.6,29388.85,29408.6
1787793300000,29407.35,29465.6,29405.35,29458.85
1787794200000,29459.35,29490.6,29447.85,29448.1
1787795100000,29450.6,29510.1,29450.35,29486.85
1787796000000,29486.85,29500.1,29473.1,29496.35
1787796900000,29497.1,29499.35,29482.1,29494.1
1787797800000,29496.6,29510.6,29486.85,29498.35
1787798700000,29498.1,29516.1,29493.1,29505.35
1787799600000,29505.85,29518.35,29486.1,29495.85
1787800500000,29497.85,29531.35,29497.35,29520.1
1787801400000,29521.85,29528.35,29497.6,29498.6
1787802300000,29499.1,29508.1,29482.35,29494.6
1787803200000,29494.35,29503.6,29484.85,29490.1
1787804100000,29489.85,29507.35,29484.85,29485.1
1787805000000,29485.6,29487.1,29454.35,29459.85
1787805900000,29460.1,29476.6,29449.6,29455.35
1787806800000,29455.85,29460.35,29429.35,29439.6
1787807700000,29439.1,29439.1,29404.35,29424.35
1787808600000,29424.1,29427.35,29394.85,29397.85
1787809500000,29398.1,29420.85,29384.85,29394.35
1787810400000,29395.35,29395.35,29358.35,29389.35
1787811300000,29389.1,29407.6,29388.6,29406.85
1787812200000,29406.35,29446.85,29405.35,29445.85
1787813100000,29446.1,29456.1,29434.1,29454.35
1787814000000,29454.1,29494.1,29433.75,29492.6
1787814900000,29493.6,29504.6,29480.1,29504.35
1787815800000,29503.85,29505.6,29455.85,29460.6
1787816700000,29460.35,29503.85,29456.85,29494.6
1787817600000,29494.25,29579.6,29494,29577.85
1787818500000,29578.35,29615.6,29553.1,29613.1
1787819400000,29612.85,29613.85,29569.5,29588.1
1787820300000,29587.85,29616.85,29578.85,29580.1
1787821200000,29581.35,29590.1,29537.5,29539.6
1787822100000,29539.85,29571.1,29523.35,29554.6
1787823000000,29554.25,29579.1,29553.35,29571.75
1787823900000,29572.35,29588.6,29555.1,29557.75
1787824800000,29557.5,29562.25,29538.85,29555.35
1787825700000,29554.75,29559.6,29533.35,29536.6
1787826600000,29536.1,29558.85,29526.3,29555.35
1787827500000,29555.6,29557.35,29524.6,29553.85
1787828400000,29554.25,29585.1,29532.25,29572.6
1787829300000,29572.85,29576.85,29525.85,29525.85
1787830200000,29526,29542.25,29502.6,29520.85
1787831100000,29520.1,29520.1,29471,29514.5
1787832000000,29514.35,29544.85,29507.35,29540.85
1787832900000,29540.6,29546.35,29522.35,29535.85
1787833800000,29535.35,29536.85,29490.85,29491.5
1787834700000,29493.6,29496.1,29472.85,29478.85
1787835600000,29478.1,29518.1,29475.6,29511.1
1787836500000,29510.6,29526.719999999998,29480.85,29480.85
1787837400000,29483.35,29544.6,29401.85,29531.85
1787838300000,29532.6,29560.6,29381.35,29438.6
1787839200000,29438.8,29544.6,29436.1,29515.1
1787840100000,29514.85,29577.35,29514.85,29564.1
1787841000000,29563.85,29566.6,29494.85,29514.35
1787841900000,29514.1,29561.6,29488.85,29558.6
1787842800000,29558.1,29583.85,29546.35,29582.1
1787843700000,29582.350000000002,29591.100000000002,29529.97,29534.850000000002
1787844600000,29534.1,29553.35,29485.85,29491.1
1787845500000,29490.35,29566.219999999998,29469.1,29554.1
1787846400000,29553.350000000002,29580.350000000002,29538.47,29547.100000000002
1787847300000,29546.1,29564.469999999998,29526.85,29560.1
1787848200000,29559.6,29607.35,29555.6,29601.85
1787849100000,29602.85,29615.1,29594.35,29608.35
1787850000000,29609.6,29632.719999999998,29604.85,29626.85
1787850900000,29626.97,29633.100000000002,29594.97,29597.850000000002
1787851800000,29597.600000000002,29615.22,29583.97,29585.350000000002
1787852700000,29585.1,29588.85,29563.85,29567.85
1787853600000,29568.6,29578.6,29518.85,29533.35
1787854500000,29533.6,29545.1,29483.35,29495.1
1787855400000,29494.85,29537.6,29493.6,29529.35
1787856300000,29529.100000000002,29538.600000000002,29501.72,29527.850000000002
1787857200000,29528.6,29562.969999999998,29523.6,29549.35
1787858100000,29549.72,29569.47,29549.72,29559.100000000002
1787859000000,29559.6,29589.85,29551.85,29589.85
1787859900000,29589.6,29660.469999999998,29586.1,29647.85
1787860800000,29649.85,29663.85,29604.35,29604.85
1787861700000,29604.6,29611.5,29590.85,29595.35
1787862600000,29595.850000000002,29601.350000000002,29591.47,29596.600000000002
1787863500000,29596.85,29598.35,29577.1,29592.199999999997
1787868000000,29591.449999999997,29602.6,29560.1,29580.1
1787868900000,29579.85,29597.6,29579.1,29596.35
1787869800000,29595.85,29599.1,29588.85,29595.35
1787870700000,29595.1,29597.6,29589.35,29592.85
1787871600000,29593.35,29595.85,29564.6,29575.1
1787872500000,29574.85,29575.35,29563.1,29567.6
1787873400000,29567.85,29570.85,29561.85,29563.35
1787874300000,29563.6,29563.6,29551.1,29559.35
1787875200000,29560.1,29614.35,29553.1,29612.1
1787876100000,29610.85,29614.35,29584.35,29611.1
1787877000000,29610.85,29616.35,29592.35,29612.85
1787877900000,29610.85,29625.6,29601.1,29603.1
1787878800000,29603.85,29629.1,29601.1,29619.6
1787879700000,29619.35,29629.35,29602.85,29607.1
1787880600000,29607.35,29630.6,29600.35,29612.85
1787881500000,29613.1,29637.35,29602.35,29635.6
1787882400000,29635.85,29658.1,29635.85,29652.1
1787883300000,29652.6,29661.35,29645.1,29650.6
1787884200000,29650.1,29650.6,29603.35,29605.1
1787885100000,29605.85,29629.1,29603.35,29622.1
1787886000000,29623.1,29660.85,29620.1,29652.35
1787886900000,29652.1,29665.1,29648.35,29658.6
1787887800000,29661.35,29662.6,29607.85,29610.35
1787888700000,29610.1,29635.1,29599.1,29626.85
1787889600000,29627.1,29629.35,29602.6,29619.85
1787890500000,29619.35,29628.1,29615.35,29618.35
1787891400000,29617.6,29619.35,29598.35,29602.6
1787892300000,29602.35,29607.6,29595.1,29600.1
1787893200000,29600.35,29602.6,29579.6,29582.85
1787894100000,29583.1,29586.85,29570.35,29581.85
1787895000000,29581.6,29583.6,29562.35,29571.35
1787895900000,29571.6,29571.6,29556.35,29557.1
1787896800000,29557.35,29576.6,29553.35,29561.6
1787897700000,29561.35,29582.35,29553.35,29555.35
1787898600000,29555.85,29581.1,29555.1,29578.85
1787899500000,29578.35,29604.1,29574.1,29603.6
1787900400000,29604.6,29611.6,29564.85,29570.85
1787901300000,29570.35,29582.35,29561.35,29572.35
1787902200000,29572.6,29579.35,29552.35,29556.1
1787903100000,29555.85,29584.1,29554.1,29565.35
1787904000000,29566.6,29579.1,29537.1,29544.1
1787904900000,29544.6,29563.85,29541.1,29556.85
1787905800000,29556.6,29592.1,29554.6,29582.5
1787906700000,29582.1,29583.35,29561.6,29578.1
1787907600000,29575.6,29578.6,29562.35,29564.85
1787908500000,29564.6,29579.6,29554.1,29573.85
1787909400000,29573.75,29576.850000000002,29560.97,29565.600000000002
1787910300000,29565.1,29578.85,29558.35,29565.1
1787911200000,29564.85,29568.85,29551.6,29562.85
1787912100000,29562.35,29575.35,29556.6,29569.6
1787913000000,29569.35,29581.1,29559.35,29560.1
1787913900000,29559.85,29583.1,29556.6,29580.1
1787914800000,29580.35,29593.1,29556.85,29572.85
1787915700000,29573.1,29594.85,29572.85,29592.35
1787916600000,29592.85,29598.1,29566.35,29568.6
1787917500000,29568.1,29573.35,29557.1,29561
1787918400000,29561.1,29591.1,29557.1,29589.1
1787919300000,29588.85,29620.6,29586.35,29620.35
1787920200000,29619,29620.1,29573.6,29616.719999999998
1787921100000,29616.6,29622.6,29608.35,29617.35
1787922000000,29617.85,29639.85,29609.85,29619.35
1787922900000,29619.85,29621.1,29581.1,29587.35
1787923800000,29586.35,29659.35,29521.85,29646.1
1787924700000,29645.6,29660.6,29584.8,29585.05
1787925600000,29588.6,29663.25,29464.85,29496.35
1787926500000,29496.85,29634.1,29490.85,29611.6
1787927400000,29614.1,29701.85,29591.35,29693.1
1787928300000,29693.6,29756.719999999998,29684.1,29755.35
1787929200000,29755.469999999998,29769.6,29694.35,29706.6
1787930100000,29707.35,29749.85,29697.1,29741.6
1787931000000,29741.969999999998,29743.35,29622.85,29629.85
1787931900000,29629.6,29640.35,29503.6,29511.85
1787932800000,29511.100000000002,29550.600000000002,29468.72,29516.600000000002
1787933700000,29516.85,29528.35,29425.1,29447.6
1787934600000,29447.850000000002,29487.850000000002,29433.72,29442.25
1787935500000,29442.6,29507.35,29442.1,29460.35
1787936400000,29460.6,29460.6,29396.35,29443.1
1787937300000,29442.6,29453.35,29410.85,29428.35
1787938200000,29428.85,29462.85,29420.6,29442.35
1787939100000,29441.85,29487.6,29434.6,29474.1
1787940000000,29473.85,29479.85,29447.6,29447.6
1787940900000,29448.35,29463.1,29430.1,29442.6
1787941800000,29442.1,29465.1,29434.85,29449.85
1787942700000,29449.6,29452.1,29399.6,29414.35
1787943600000,29413.85,29449.719999999998,29402.35,29438.1
1787944500000,29438.35,29460.219999999998,29423.35,29457.1
1787945400000,29457.35,29471.1,29441.6,29461.35
1787946300000,29461.85,29477.85,29433.1,29455.1
1787947200000,29454.6,29465.85,29436.85,29446.6
1787948100000,29447.35,29451.85,29443.85,29450.35
1787949000000,29450.6,29466.85,29443.85,29466.35
1787949900000,29466.1,29477.719999999998,29465.1,29469.949999999997
1788127200000,29504.25,29510.4,29416.65,29439.4
1788128100000,29439.15,29463.9,29437.9,29442.9
1788129000000,29443.15,29445.4,29398.15,29406.9
1788129900000,29406.65,29421.4,29403.9,29412.4
1788130800000,29412.15,29417.15,29375.9,29380.15
1788131700000,29379.9,29385.15,29339.65,29341.65
1788132600000,29341.4,29343.4,29291.65,29323.65
1788133500000,29324.9,29325.65,29259.15,29259.15
1788134400000,29259.65,29315.4,29242.9,29309.4
1788135300000,29312.4,29347.4,29303.65,29341.4
1788136200000,29340.9,29368.15,29337.15,29359.4
1788137100000,29360.15,29362.65,29320.65,29327.15
1788138000000,29327.65,29327.65,29261.9,29292.65
1788138900000,29292.15,29308.65,29272.4,29299.9
1788139800000,29299.15,29307.15,29276.4,29282.15
1788140700000,29282.4,29298.4,29271.4,29294.9
1788141600000,29294.15,29331.9,29278.9,29325.9
1788142500000,29326.15,29327.15,29273.9,29296.9
1788143400000,29295.65,29304.15,29256.65,29265.9
1788144300000,29265.65,29314.9,29260.9,29314.15
1788145200000,29313.9,29336.15,29306.4,29325.15
1788146100000,29325.4,29327.4,29312.65,29313.15
1788147000000,29313.4,29320.65,29307.15,29316.15
1788147900000,29315.65,29323.15,29308.4,29321.15
1788148800000,29321.4,29323.9,29311.4,29323.65
1788149700000,29323.4,29326.4,29312.4,29316.65
1788150600000,29318.9,29353.9,29303.65,29351.65
1788151500000,29350.9,29393.15,29336.15,29385.15
1788152400000,29384.9,29414.15,29377.15,29412.9
1788153300000,29413.15,29446.15,29411.4,29439.4
1788154200000,29439.65,29443.15,29396.15,29410.9
1788155100000,29411.15,29431.9,29401.9,29430.9
1788156000000,29432.65,29471.65,29418.65,29468.9
1788156900000,29470.4,29486.9,29470.4,29482.4
1788157800000,29481.65,29487.9,29465.4,29477.15
1788158700000,29476.65,29497.4,29473.15,29486.4
1788159600000,29484.65,29490.15,29470.4,29482.65
1788160500000,29482.4,29490.9,29469.9,29477.9
1788161400000,29477.65,29491.300000000003,29470.9,29475.800000000003
1788162300000,29475.9,29480.15,29462.65,29478.15
1788163200000,29478.9,29504.4,29457.4,29474.800000000003
1788164100000,29474.9,29479.800000000003,29455.4,29469.65
1788165000000,29469.65,29471.800000000003,29445.4,29453.65
1788165900000,29453.9,29467.4,29449.9,29454.9
1788166800000,29454.4,29470.15,29440.4,29462.15
1788167700000,29461.65,29477.65,29459.9,29460.15
1788168600000,29460.4,29462.65,29436.65,29437.65
1788169500000,29437.4,29438.65,29415.4,29420.65
1788170400000,29421.27,29429.4,29410.27,29427.9
1788171300000,29427.399999999998,29436.649999999998,29415.55,29429.399999999998
1788172200000,29429.800000000003,29429.9,29419.9,29424.15
1788173100000,29424.050000000003,29440.9,29419.65,29428.65
1788174000000,29428.4,29432.65,29406.15,29408.9
1788174900000,29409.15,29438.9,29405.65,29434.9
1788175800000,29434.65,29436.15,29402.65,29402.65
1788176700000,29402.899999999998,29409.149999999998,29394.85,29398.899999999998
1788177600000,29399.3,29436.05,29368.35,29419.399999999998
1788178500000,29419.550000000003,29451.4,29367.65,29385.050000000003
1788179400000,29384.9,29411.15,29359.15,29368.15
1788180300000,29367.65,29377.02,29349.52,29359.15
1788181200000,29359.9,29380.4,29347.65,29378.4
1788182100000,29378.15,29410.65,29377.9,29408.65
1788183000000,29407.9,29485.4,29360.9,29377.65
1788183900000,29376.9,29447.9,29358.4,29409.15
1788184800000,29410.9,29417.9,29342.02,29364.65
1788185700000,29364.15,29401.15,29325.9,29345.4
1788186600000,29345.149999999998,29404.899999999998,29334.6,29395.399999999998
1788187500000,29396.65,29412.9,29354.9,29385.65
1788188400000,29386.15,29412.65,29366.4,29388.15
1788189300000,29387.65,29415.15,29367.9,29391.65
1788190200000,29391.15,29395.4,29353.65,29379.15
1788191100000,29378.65,29402.65,29355.4,29359.15
1788192000000,29359.4,29383.02,29333.9,29377.9
1788192900000,29378.15,29396.65,29352.9,29395.65
1788193800000,29395.4,29401.15,29365.4,29384.15
1788194700000,29383.9,29413.4,29380.65,29410.4
1788195600000,29410.15,29410.9,29385.9,29394.65
1788196500000,29394.15,29404.52,29363.9,29367.15
1788197400000,29367.4,29409.65,29358.9,29409.65
1788198300000,29410.15,29427.15,29401.65,29411.4
1788199200000,29412.15,29428.15,29393.15,29417.4
1788200100000,29417.15,29430.9,29407.9,29408.65
1788201000000,29408.4,29413.65,29353.15,29369.9
1788201900000,29370.65,29390.52,29360.9,29374.65
1788202800000,29374.4,29399.52,29374.4,29396.02
1788203700000,29395.9,29423.77,29387.9,29418.4
1788204600000,29418.65,29453.15,29401.4,29447.15
1788205500000,29447.4,29508.15,29429.15,29476.65
1788206400000,29476.9,29497.27,29476.9,29482.15
1788207300000,29482.4,29486.9,29477.9,29484.15
1788208200000,29483.15,29490.27,29480.65,29487.02
1788209100000,29486.9,29490.75,29477.9,29490.25
1788213600000,29486.35,29492.6,29474,29480
1788214500000,29479.75,29480.75,29472,29474.5
1788215400000,29475,29479.75,29475,29477
1788216300000,29477.25,29479.5,29464,29466.25
1788217200000,29466,29471.75,29463,29468.5
1788218100000,29468.25,29470.25,29459.5,29469.25
1788219000000,29469,29487,29467,29482.75
1788219900000,29483,29491.75,29469.5,29473.25
1788220800000,29474.5,29493.75,29453,29462
1788221700000,29462.25,29491,29451,29473.5
1788222600000,29473.25,29491.5,29457,29474.5
1788223500000,29474.75,29480.75,29465,29479
1788224400000,29478.75,29486.25,29465,29484.75
1788225300000,29485,29488.75,29451.25,29456.25
1788226200000,29455.75,29487.25,29448,29480.5
1788227100000,29480.25,29483.25,29463,29471.75
1788228000000,29471.5,29475.75,29448,29453.5
1788228900000,29453.75,29459,29425.5,29432.25
1788229800000,29432.5,29444.25,29408.75,29411.25
1788230700000,29411.5,29465,29408.75,29465
1788231600000,29464.25,29466,29440.75,29443.75
1788232500000,29444,29448.5,29432,29437.25
1788233400000,29437,29455.5,29433.5,29450.25
1788234300000,29450,29460.5,29448,29459.25
1788235200000,29459,29470,29454.25,29461.25
1788236100000,29461.5,29474,29458.25,29465.75
1788237000000,29466,29472.5,29443,29443
1788237900000,29443.25,29466.25,29438.75,29445.5
1788238800000,29446,29448,29433,29437
1788239700000,29436.75,29460.25,29420,29458.25
1788240600000,29458,29508.25,29454.5,29506.25
1788241500000,29506.5,29543.5,29494.5,29534
1788242400000,29534.25,29540,29503.75,29518
1788243300000,29517.5,29518.5,29488.25,29489
1788244200000,29489.25,29517.75,29487,29512
1788245100000,29511.75,29513.25,29487.5,29487.75
1788246000000,29488.25,29527.75,29485.75,29526.25
1788246900000,29526.5,29528.75,29501,29518.65
1788247800000,29518.5,29519.25,29434.45,29437.25
1788248700000,29435.65,29450.75,29404.15,29408.75
1788249600000,29403,29421.15,29299.9,29320.350000000002
1788250500000,29320.850000000002,29330.600000000002,29251.2,29256.7
1788251400000,29257.449999999997,29282.949999999997,29219.6,29229.449999999997
1788252300000,29230.100000000002,29251.2,29206.7,29206.850000000002
1788253200000,29206.7,29215.100000000002,29173.45,29179.600000000002
1788254100000,29179.199999999997,29189.699999999997,29158.35,29169.449999999997
1788255000000,29169.2,29187.45,29156.4,29184.850000000002
1788255900000,29184.7,29199.45,29183.45,29184.2
1788256800000,29184.45,29199.45,29173.2,29193.95
1788257700000,29193.45,29220.2,29183.7,29210.100000000002
1788258600000,29209.2,29229.45,29199.2,29199.45
1788259500000,29199.199999999997,29213.949999999997,29169.85,29181.449999999997
1788260400000,29181.6,29184.85,29152.1,29172.699999999997
1788261300000,29172.100000000002,29187.95,29168.2,29179.95
1788262200000,29179.7,29209.45,29177.95,29198.45
1788263100000,29198.7,29200.7,29139.32,29143.7
1788264000000,29142.7,29150.95,29126.95,29138.5
1788264900000,29138.25,29146.5,29112.25,29143
1788265800000,29142.25,29143.5,29097.75,29103.25
1788266700000,29102.5,29126.5,29097.25,29099.25
1788267600000,29099.5,29099.5,29060.25,29066.5
1788268500000,29067.5,29095.75,29058.5,29085
1788269400000,29086,29113.5,29014.45,29056.2
1788270300000,29057.35,29131.199999999997,29051.85,29076.949999999997
1788271200000,29078.45,29135.45,29062.45,29107.45
1788272100000,29107.7,29152.45,29105.95,29138.95
1788273000000,29137.7,29207.95,29136.45,29207.82
1788273900000,29207.32,29240.82,29181.7,29201.95
1788274800000,29202.2,29214.95,29154.57,29156.95
1788275700000,29156.2,29206.45,29153.95,29205.95
1788276600000,29205.7,29263.45,29198.7,29261.2
1788277500000,29260.07,29290.45,29259.95,29269.45
1788278400000,29269.7,29273.7,29205.82,29205.82
1788279300000,29206.95,29209.7,29137.2,29150.57
1788280200000,29150.95,29157.45,29105.45,29111.95
1788281100000,29111.7,29170.7,29107.2,29164.95
1788282000000,29164.7,29165.2,29112.7,29129.2
1788282900000,29129.45,29137.2,29075.4,29116.45
1788283800000,29116.2,29134.95,29111.7,29125.2
1788284700000,29124.95,29126.45,29091.95,29114.2
1788285600000,29113.7,29124.95,29075.45,29076.2
1788286500000,29075.82,29091.45,29059.2,29067.7
1788287400000,29067.2,29070.7,28988.2,28988.2
1788288300000,28988.45,29054.2,28976.2,29049.45
1788289200000,29049.7,29094.2,29044.7,29093.45
1788290100000,29094.45,29102.7,29077.45,29099.95
1788291000000,29100.45,29101.7,29067.2,29091.7
1788291900000,29091.45,29114.45,29060.7,29099.95
1788292800000,29101.7,29130.95,29087.2,29108.45
1788293700000,29108.2,29132.7,29107.95,29109.95
1788294600000,29109.7,29128.95,29106.2,29120.100000000002
1788295500000,29120.2,29120.600000000002,29104.45,29110.55
1788300000000,29110.55,29124.8,29084.7,29086.95
1788300900000,29086.7,29102.2,29079.2,29091.2
1788301800000,29090.45,29097.2,29088.2,29094.2
1788302700000,29093.95,29114.95,29091.95,29107.7
1788303600000,29107.45,29111.95,29105.2,29105.95
1788304500000,29106.2,29114.2,29096.7,29114.2
1788305400000,29113.95,29120.2,29110.2,29116.7
1788306300000,29117.2,29122.2,29108.45,29110.7
1788307200000,29111.2,29120.2,29083.2,29105.95
1788308100000,29105.45,29146.45,29100.2,29104.2
1788309000000,29103.95,29124.45,29091.2,29116.7
1788309900000,29115.95,29121.95,29079.7,29080.95
1788310800000,29080.45,29102.95,29065.45,29075.2
1788311700000,29074.95,29106.2,29071.45,29092.2
1788312600000,29091.95,29099.7,29047.95,29050.95
1788313500000,29051.2,29054.95,29024.45,29051.95
1788314400000,29052.45,29053.45,29021.7,29042.7
1788315300000,29041.95,29076.45,29041.95,29061.7
1788316200000,29062.45,29063.95,29038.45,29059.7
1788317100000,29060.45,29070.15,29052.2,29061.95
1788318000000,29062.2,29066.2,29035.45,29060.7
1788318900000,29060.2,29060.95,29045.45,29046.2
1788319800000,29047.7,29048.7,29030.7,29033.2
1788320700000,29032.95,29041.95,29023.45,29024.7
1788321600000,29024.95,29032.45,29013.2,29025.2
1788322500000,29025.7,29038.7,29021.95,29027.7
1788323400000,29027.45,29038.7,29023.7,29030.95
1788324300000,29030.2,29041.45,29026.75,29035.45
1788325200000,29035.95,29047.7,29014.2,29043.45
1788326100000,29043.2,29068.45,29041.2,29067.95
1788327000000,29068.2,29080.7,29047.45,29075.95
1788327900000,29075.45,29077.2,29038.95,29048.2
1788328800000,29048.45,29056.95,29018.2,29025.2
1788329700000,29025.7,29030.95,28997.2,28998.95
1788330600000,28999.2,29074.7,28992.95,29048.95
1788331500000,29048.7,29056.45,29027.7,29052.95
1788332400000,29052.7,29096.7,29041.7,29079.57
1788333300000,29079.45,29093.7,29053.45,29070.100000000002
1788334200000,29070.45,29077.2,29040.95,29046.7
1788335100000,29046.45,29054.2,29026.45,29038.2
1788336000000,29039.199999999997,29073.1,29028.6,29050.199999999997
1788336900000,29049.850000000002,29064.45,29015.7,29028.45
1788337800000,29029.45,29044.95,29008.2,29012.45
1788338700000,29011.949999999997,29013.199999999997,28930.85,28953.85
1788339600000,28951.95,29002.45,28944.45,28946.7
1788340500000,28946.350000000002,28971.2,28931.7,28954.2
1788341400000,28953.95,28956.2,28916.45,28924.45
1788342300000,28924.7,28950.2,28923.45,28948.7
1788343200000,28948.949999999997,28954.699999999997,28923.1,28954.1
1788344100000,28954.2,28968.2,28946.95,28961.2
1788345000000,28961.45,28965.2,28936.95,28942.2
1788345900000,28941.7,28963.95,28933.95,28962.95
1788346800000,28963.45,28998.75,28905.25,28994.8
1788347700000,28992.800000000003,29013.25,28970.9,29001
1788348600000,29000.75,29036.82,28996.57,29007
1788349500000,29007.25,29062.25,29000.5,29062
1788350400000,29059.75,29097.2,29052.2,29096.2
1788351300000,29095.95,29124.350000000002,29070.95,29083.95
1788352200000,29083.2,29085.95,29043.2,29047.25
1788353100000,29046.75,29049.5,29011,29017.75
1788354000000,29017.25,29046.2,29016,29043.45
1788354900000,29043.2,29090.7,29039.45,29074.45
1788355800000,29073.7,29094.45,29013.7,29065.95
1788356700000,29066.2,29087.95,28993.2,29037.100000000002
1788357600000,29036.7,29103.57,29007.95,29102.95
1788358500000,29103.2,29168.7,29095.2,29163.2
1788359400000,29161.95,29186.95,29144.32,29176.7
1788360300000,29177.45,29177.95,29088.07,29095.7
1788361200000,29096.2,29143.45,29082.45,29133.7
1788362100000,29133.45,29183.2,29127.7,29180.7
1788363000000,29181.7,29183.7,29147.2,29158.2
1788363900000,29158.7,29166.45,29111.95,29160.95
1788364800000,29160.45,29173.7,29149.32,29162.2
1788365700000,29161.95,29162.45,29118.2,29127.7
1788366600000,29127.2,29150.95,29113.82,29114.57
1788367500000,29114.32,29143.45,29112.82,29130.45
1788368400000,29130.95,29157.95,29103.07,29120.7
1788369300000,29121.82,29129.7,29101.2,29125.95
1788370200000,29125.7,29133.7,29103.57,29133.7
1788371100000,29134.45,29149.2,29118.7,29134.95
1788372000000,29135.2,29141.2,29111.45,29122.7
1788372900000,29121.95,29173.7,29119.2,29134.7
1788373800000,29134.95,29149.95,29108.2,29111.95
1788374700000,29112.2,29129.82,29106.7,29121.2
1788375600000,29120.95,29146.95,29114.95,29141.7
1788376500000,29141.57,29146.2,29125.82,29143.2
1788377400000,29142.95,29152.7,29131.2,29150.7
1788378300000,29150.95,29172.7,29146.7,29165.45
1788379200000,29166.2,29187.45,29163.7,29168.45
1788380100000,29168.2,29168.2,29115.45,29131.95
1788381000000,29131.7,29138.45,29123.45,29123.95
1788381900000,29123.85,29139.45,29115.05,29117.05
1788386400000,29147.05,29165.7,29125.95,29162.7
1788387300000,29162.7,29185.7,29154.95,29173.45
1788388200000,29173.2,29179.7,29169.45,29172.95
1788389100000,29172.7,29172.95,29157.2,29158.45
1788390000000,29157.7,29165.7,29148.45,29149.2
1788390900000,29149.7,29156.7,29145.2,29156.7
1788391800000,29157.45,29165.45,29151.7,29165.45
1788392700000,29165.7,29189.95,29164.95,29178.2
1788393600000,29177.95,29178.2,29143.45,29146.2
1788394500000,29146.45,29146.45,29118.7,29133.95
1788395400000,29134.2,29138.95,29122.95,29133.7
1788396300000,29133.45,29138.2,29123.95,29128.45
1788397200000,29126.45,29163.7,29124.7,29160.7
1788398100000,29160.45,29177.45,29134.45,29153.7
1788399000000,29152.7,29176.2,29144.95,29145.95
1788399900000,29145.7,29152.95,29113.7,29115.2
1788400800000,29114.95,29163.95,29110.7,29159.95
1788401700000,29160.2,29171.95,29150.45,29165.7
1788402600000,29165.45,29175.45,29148.2,29150.7
1788403500000,29150.45,29165.95,29144.7,29159.2
1788404400000,29158.45,29181.45,29157.45,29180.95
1788405300000,29181.7,29210.95,29179.7,29196.95
1788406200000,29197.2,29210.45,29194.7,29204.95
1788407100000,29204.7,29216.45,29197.7,29213.45
1788408000000,29213.7,29231.95,29206.7,29223.7
1788408900000,29223.45,29226.2,29204.45,29204.7
1788409800000,29204.45,29214.45,29192.95,29197.2
1788410700000,29197.45,29206.95,29183.2,29185.7
1788411600000,29185.95,29186.2,29118.2,29125.95
1788412500000,29125.45,29125.95,29053.45,29080.45
1788413400000,29080.7,29128.95,29074.2,29119.7
1788414300000,29119.45,29165.95,29105.2,29165.7
1788415200000,29165.45,29180.45,29140.45,29146.2
1788416100000,29146.45,29157.7,29138.7,29156.2
1788417000000,29154.7,29164.7,29141.2,29159.2
1788417900000,29158.95,29160.2,29137.2,29152.2
1788418800000,29150.2,29209.7,29136.95,29181.7
1788419700000,29181.95,29188.2,29156.45,29179.95
1788420600000,29180.2,29222.95,29169.95,29217.7
1788421500000,29217.949999999997,29218.949999999997,29160.6,29197.1
1788422400000,29196.600000000002,29269.350000000002,29190.95,29224.45
1788423300000,29224.7,29240.7,29209.95,29233.45
1788424200000,29233.7,29233.7,29204.45,29204.7
1788425100000,29204.95,29212.2,29191.2,29194.100000000002
1788426000000,29194.350000000002,29202.45,29188.45,29200.45
1788426900000,29200.7,29200.95,29164.95,29164.95
1788427800000,29164.850000000002,29174.45,29146.7,29154.2
1788428700000,29153.7,29154.2,29104.95,29114.100000000002
1788429600000,29114.850000000002,29135.82,29097.45,29101.95
1788430500000,29102.2,29111.7,29096.95,29104.95
1788431400000,29104.45,29116.7,29083.2,29105.7
1788432300000,29105.45,29106.95,29085.7,29105.7
1788433200000,29105.95,29148.2,29083.95,29141.2
1788434100000,29141.45,29162.65,29133.95,29143.95
1788435000000,29144.45,29150.7,29089.65,29119.45
1788435900000,29119.7,29120.7,29079.45,29081.95
1788436800000,29082.45,29124.2,29081.2,29101.95
1788437700000,29102.2,29127.95,29083.2,29122.45
1788438600000,29123.45,29214.45,29118.95,29166.7
1788439500000,29166.45,29235.7,29162.45,29221.95
1788440400000,29222.2,29222.7,29172.45,29216.95
1788441300000,29216.2,29230.7,29177.95,29226.2
1788442200000,29225.2,29336.45,29177.45,29323.2
1788443100000,29321.45,29352.2,29274.2,29309.7
1788444000000,29308.45,29308.45,29220.2,29277.4
1788444900000,29277.65,29340.95,29273.2,29320.45
1788445800000,29321.07,29337.7,29250.7,29260.95
1788446700000,29261.7,29343.82,29229.5,29339.7
1788447600000,29340.7,29443.32,29340.7,29441.7
1788448500000,29442.2,29516.82,29432.2,29512.95
1788449400000,29513.2,29519.2,29480.57,29483.95
1788450300000,29486.2,29515.95,29481.45,29515.45
1788451200000,29515.95,29515.95,29480.95,29497.2
1788452100000,29496.07,29506.2,29466.95,29473.82
1788453000000,29474.2,29511.32,29460.2,29504.82
1788453900000,29505.45,29519.95,29493.57,29505.2
1788454800000,29505.95,29511.2,29464.2,29467.7
1788455700000,29467.95,29484.95,29453.95,29480.45
1788456600000,29479.45,29508.82,29479.45,29505.7
1788457500000,29506.7,29529.57,29498.82,29520.7
1788458400000,29520.45,29556.45,29520.45,29550.32
1788459300000,29550.7,29561.07,29542.2,29547.45
1788460200000,29548.45,29556.45,29537.45,29537.7
1788461100000,29537.32,29557.57,29536.95,29545.32
1788462000000,29545.7,29547.45,29510.07,29515.82
1788462900000,29515.45,29520.45,29503.57,29510.7
1788463800000,29510.2,29516.95,29499.2,29501.57
1788464700000,29501.45,29513.07,29486.82,29509.57
1788465600000,29508.7,29513.2,29484.7,29498.45
1788466500000,29497.95,29499.2,29482.45,29487.45
1788467400000,29487.7,29493.95,29485.7,29488.2
1788468300000,29488.7,29489.45,29476.45,29479.3
1788472800000,29481.55,29485.8,29459.7,29462.2
1788473700000,29462.7,29472.95,29462.45,29467.95
1788474600000,29467.45,29474.95,29466.45,29472.2
1788475500000,29471.95,29489.7,29471.95,29485.95
1788476400000,29484.2,29488.45,29478.95,29480.95
1788477300000,29480.7,29486.7,29475.7,29484.2
1788478200000,29484.95,29487.95,29478.45,29483.2
1788479100000,29483.45,29493.7,29480.2,29481.45
1788480000000,29481.2,29497.45,29473.2,29487.45
1788480900000,29487.2,29505.95,29482.7,29504.95
1788481800000,29504.7,29509.95,29496.95,29509.2
1788482700000,29509.45,29518.95,29507.7,29507.7
1788483600000,29506.95,29509.7,29495.2,29500.2
1788484500000,29500.7,29519.7,29494.45,29517.45
1788485400000,29517.2,29523.95,29511.95,29522.7
1788486300000,29522.2,29525.7,29500.95,29525.45
1788487200000,29525.2,29530.45,29514.7,29527.45
1788488100000,29526.95,29533.2,29524.45,29532.2
1788489000000,29532.95,29543.45,29521.7,29523.95
1788489900000,29524.2,29544.2,29522.7,29541.7
1788490800000,29541.95,29543.45,29534.7,29537.45
1788491700000,29537.2,29555.2,29536.7,29546.45
1788492600000,29546.95,29555.7,29543.95,29545.2
1788493500000,29544.7,29550.45,29540.95,29547.7
1788494400000,29547.45,29554.95,29534.2,29552.7
1788495300000,29552.95,29571.7,29544.7,29570.2
1788496200000,29569.95,29577.95,29562.7,29564.7
1788497100000,29564.95,29576.45,29560.45,29574.95
1788498000000,29574.7,29600.2,29571.45,29598.45
1788498900000,29598.7,29619.7,29597.7,29599.45
1788499800000,29599.7,29602.2,29583.2,29586.7
1788500700000,29586.45,29598.7,29568.95,29596.95
1788501600000,29596.45,29620.7,29595.2,29618.7
1788502500000,29618.45,29619.2,29599.7,29608.2
1788503400000,29608.45,29609.45,29572.95,29580.7
1788504300000,29580.95,29581.45,29551.2,29553.7
1788505200000,29553.45,29600.95,29552.7,29596.95
1788506100000,29597.2,29614.2,29583.7,29612.95
1788507000000,29613.2,29628.850000000002,29605.45,29624.2
1788507900000,29623.7,29635.45,29618.2,29630.45
1788508800000,29629.7,29645.95,29612.45,29627.7
1788509700000,29627.95,29649.45,29621.95,29646.7
1788510600000,29647.2,29649.95,29621.2,29635.2
1788511500000,29635.7,29641.7,29624.7,29635.45
1788512400000,29634.95,29635.45,29603.2,29605.7
1788513300000,29605.95,29619.45,29593.95,29601.95
1788514200000,29602.2,29623.45,29595.95,29620.45
1788515100000,29620.95,29638.7,29620.45,29634.45
1788516000000,29634.2,29645.7,29631.45,29638.7
1788516900000,29638.850000000002,29662.45,29635.95,29655.2
1788517800000,29654.95,29661.2,29645.95,29657.2
1788518700000,29657.7,29675.7,29653.57,29657.7
1788519600000,29658.45,29662.95,29628.45,29636.95
1788520500000,29637.45,29653.45,29633.2,29639.95
1788521400000,29640.2,29653.7,29638.45,29648.7
1788522300000,29647.7,29666.45,29644.45,29659.2
1788523200000,29659.7,29663.2,29604.7,29619.95
1788524100000,29620.2,29669.2,29609.2,29661.45
1788525000000,29645.15,29662.9,29509.4,29546.7
1788525900000,29531.7,29531.95,29480.57,29524.7
1788526800000,29524.95,29534.45,29501.7,29526.95
1788527700000,29526.7,29568.7,29525.45,29566.95
1788528600000,29566.7,29622.45,29532.7,29594.45
1788529500000,29595.2,29669.7,29556.95,29668.45
1788530400000,29667.45,29668.15,29573.45,29626.7
1788531300000,29626.95,29627.95,29543.57,29574.45
1788532200000,29574.95,29576.82,29510.2,29512.2
1788533100000,29511.7,29522.45,29477.95,29498.7
1788534000000,29499.2,29520.2,29477.7,29520.2
1788534900000,29519.95,29522.45,29464.45,29486.7
1788535800000,29486.95,29504.32,29458.7,29500.45
1788536700000,29499.7,29501.7,29466.95,29494.7
1788537600000,29494.45,29531.95,29484.95,29527.7
1788538500000,29527.45,29544.7,29515.95,29534.2
1788539400000,29533.7,29553.45,29528.7,29547.82
1788540300000,29548.82,29575.45,29544.45,29555.7
1788541200000,29556.2,29559.82,29511.45,29515.7
1788542100000,29515.45,29523.95,29485.7,29488.7
1788543000000,29488.82,29489.2,29455.57,29459.45
1788543900000,29459.2,29478.7,29449.57,29472.2
1788544800000,29472.32,29478.45,29452.2,29469.45
1788545700000,29469.7,29495.07,29465.95,29491.32
1788546600000,29491.95,29505.07,29485.45,29501.7
1788547500000,29501.95,29522.82,29501.32,29519.45
1788548400000,29519.57,29524.45,29487.45,29491.7
1788549300000,29491.95,29511.95,29491.7,29507.32
1788550200000,29507.2,29527.82,29500.7,29521.45
1788551100000,29521.2,29567.2,29520.95,29549.2
1788552000000,29549.32,29549.32,29510.45,29521.7
1788552900000,29523.2,29524.2,29510.7,29512.45
1788553800000,29511.95,29512.95,29495.2,29510.95
1788554700000,29510.7,29512.7,29500.32,29503.8
1788732000000,29536.55,29585.2,29530.05,29568.7
1788732900000,29568.2,29574.2,29564.95,29568.45
1788733800000,29568.95,29574.45,29567.7,29570.7
1788734700000,29570.45,29573.2,29567.45,29567.45
1788735600000,29567.2,29569.95,29553.2,29553.7
1788736500000,29553.95,29565.2,29533.2,29533.95
1788737400000,29533.7,29570.45,29531.7,29564.45
1788738300000,29565.7,29572.45,29537.45,29548.2
1788739200000,29547.95,29573.2,29535.45,29561.95
1788740100000,29561.45,29568.45,29546.95,29554.2
1788741000000,29553.95,29561.2,29537.2,29554.2
1788741900000,29554.45,29563.95,29526.2,29527.95
1788742800000,29528.95,29562.7,29521.2,29545.7
1788743700000,29545.2,29569.2,29534.95,29569.2
1788744600000,29568.95,29584.45,29558.45,29574.45
1788745500000,29573.95,29584.7,29567.95,29583.95
1788746400000,29584.7,29585.95,29566.7,29575.2
1788747300000,29574.7,29581.45,29561.95,29577.45
1788748200000,29577.7,29611.9,29577.2,29597.45
1788749100000,29597.7,29598.45,29566.95,29573.45
1788750000000,29573.7,29574.7,29562.95,29571.2
1788750900000,29571.45,29594.45,29567.95,29591.2
1788751800000,29590.95,29612.45,29580.45,29580.95
1788752700000,29581.7,29592.95,29574.2,29576.7
1788753600000,29576.95,29586.95,29566.7,29581.2
1788754500000,29580.95,29581.95,29564.7,29574.7
1788755400000,29574.95,29576.95,29560.7,29569.2
1788756300000,29568.95,29590.2,29568.2,29587.95
1788757200000,29588.2,29592.2,29569.7,29575.2
1788758100000,29575.45,29605.2,29568.2,29601.7
1788759000000,29602.7,29626.95,29598.95,29626.45
1788759900000,29626.7,29629.7,29596.7,29600.7
1788760800000,29600.45,29633.45,29599.2,29631.7
1788761700000,29631.95,29644.95,29622.95,29642.45
1788762600000,29643.2,29671.7,29639.7,29654.45
1788763500000,29654.7,29655.2,29636.2,29653.7
1788764400000,29653.45,29673.45,29646.7,29656.45
1788765300000,29656.7,29658.7,29626.7,29627.45
1788766200000,29627.95,29639.7,29607.45,29617.350000000002
1788767100000,29617.2,29651.2,29612.45,29648.2
1788768000000,29647.95,29654.2,29629.2,29636.7
1788768900000,29636.95,29651.350000000002,29634.95,29645.100000000002
1788769800000,29645.2,29653.7,29633.2,29634.7
1788770700000,29634.600000000002,29644.2,29626.7,29634.45
1788771600000,29634.7,29643.95,29626.95,29627.95
1788772500000,29627.7,29629.7,29604.95,29606.95
1788773400000,29607.45,29615.2,29591.95,29609.95
1788774300000,29609.7,29613.45,29593.7,29597.45
1788775200000,29597.7,29609.2,29595.45,29607.45
1788776100000,29607.2,29610.95,29601.2,29603.2
1788777000000,29603.45,29608.45,29594.2,29600.45
1788777900000,29600.7,29601.45,29559.45,29565.2
1788778800000,29564.949999999997,29569.699999999997,29538.35,29559.85
1788779700000,29559.7,29561.2,29525.7,29537.45
1788780600000,29536.949999999997,29556.949999999997,29531.1,29546.199999999997
1788781500000,29545.85,29552.449999999997,29533.85,29534.6
1788782400000,29535.7,29556.45,29530.95,29532.850000000002
1788783300000,29532.6,29541.699999999997,29526.6,29539.699999999997
1788784200000,29539.1,29554.7,29538.07,29549.95
1788785100000,29549.7,29579.95,29549.7,29578.7
1788786000000,29578.45,29603.95,29567.45,29602.2
1788786900000,29602.45,29614.7,29587.32,29605.2
1788787800000,29604.2,29635.2,29594.32,29609.95
1788788700000,29610.2,29621.2,29603.45,29608.95
1788789600000,29608.45,29622.95,29594.45,29599.95
1788790500000,29599.7,29605.45,29591.95,29601.95
1788791400000,29601.7,29622.7,29591.95,29619.95
1788792300000,29619.7,29619.7,29580.2,29580.2
1788793200000,29581.7,29599.7,29574.2,29578.2
1788794100000,29578.45,29582.2,29553.95,29568.2
1788795000000,29567.95,29584.45,29565.95,29574.95
1788795900000,29575.2,29580.95,29567.45,29580.95
1788796800000,29582.95,29595.95,29579.45,29595.95
1788797700000,29597.57,29600.7,29580.7,29584.95
1788798600000,29585.2,29601.850000000002,29582.45,29597.95
1788799500000,29597.7,29603.7,29584.65,29594.2
1788800400000,29593.7,29593.7,29593.7,29593.7
1788818400000,29604.3,29610.55,29567.95,29575.45
1788819300000,29575.7,29581.2,29548.45,29550.2
1788820200000,29549.45,29554.7,29536.2,29549.7
1788821100000,29550.2,29554.95,29537.95,29550.7
1788822000000,29548.2,29551.7,29534.7,29540.45
1788822900000,29540.2,29543.2,29517.95,29534.45
1788823800000,29534.2,29582.45,29527.2,29579.2
1788824700000,29579.45,29591.45,29570.7,29577.45
1788825600000,29577.2,29598.7,29567.95,29586.2
1788826500000,29585.95,29622.2,29571.95,29620.95
1788827400000,29621.7,29633.7,29614.45,29625.2
1788828300000,29624.95,29634.7,29623.45,29625.7
1788829200000,29625.95,29654.7,29605.95,29651.45
1788830100000,29651.7,29654.2,29639.2,29644.95
1788831000000,29645.2,29680.45,29638.7,29667.95
1788831900000,29668.45,29701.7,29664.95,29698.95
1788832800000,29701.7,29708.2,29682.45,29700.2
1788833700000,29699.95,29713.95,29695.2,29706.45
1788834600000,29706.7,29707.7,29679.7,29679.95
1788835500000,29680.2,29689.7,29654.2,29654.2
1788836400000,29654.7,29686.95,29653.7,29681.95
1788837300000,29681.7,29727.95,29681.7,29725.95
1788838200000,29725.45,29732.95,29714.95,29724.2
1788839100000,29724.7,29739.95,29719.95,29735.45
1788840000000,29736.95,29741.95,29723.45,29733.7
1788840900000,29733.45,29745.2,29726.7,29739.95
1788841800000,29739.7,29756.2,29722.2,29751.7
1788842700000,29751.95,29757.45,29724.7,29730.7
1788843600000,29730.2,29732.7,29674.7,29678.7
1788844500000,29678.95,29725.45,29670.45,29671.95
1788845400000,29673.2,29678.45,29625.7,29629.7
1788846300000,29630.45,29639.7,29603.45,29603.95
1788847200000,29607.45,29614.95,29574.7,29582.7
1788848100000,29582.2,29584.7,29540.95,29569.7
1788849000000,29568.45,29605.95,29551.45,29600.95
1788849900000,29601.45,29613.7,29573.95,29592.2
1788850800000,29593.7,29632.2,29579.7,29601.45
1788851700000,29601.7,29622.2,29589.2,29616.7
1788852600000,29616.45,29617.95,29543.7,29556.95
1788853500000,29556.350000000002,29560.100000000002,29522.95,29527.95
1788854400000,29523.45,29533.7,29471.95,29505.45
1788855300000,29506.100000000002,29523.2,29489.7,29492.45
1788856200000,29492.1,29518.699999999997,29484.35,29494.949999999997
1788857100000,29495.2,29523.95,29482.7,29500.7
1788858000000,29498.95,29539.2,29478.45,29538.850000000002
1788858900000,29538.7,29541.7,29522.45,29540.7
1788859800000,29540.95,29579.7,29535.95,29560.95
1788860700000,29561.95,29593.7,29559.95,29592.95
1788861600000,29593.2,29593.2,29566.07,29577.7
1788862500000,29577.95,29640.32,29575.2,29600.7
1788863400000,29600.600000000002,29601.45,29575.2,29585.7
1788864300000,29585.45,29585.7,29540.2,29560.95
1788865200000,29559.2,29574.2,29527.7,29540.2
1788866100000,29540.45,29569.45,29538.45,29556.350000000002
1788867000000,29556.7,29568.7,29539.95,29539.95
1788867900000,29540.45,29594.57,29532.7,29593.95
1788868800000,29593.350000000002,29593.350000000002,29544.95,29548.45
1788869700000,29548.7,29588.7,29541.7,29588.7
1788870600000,29588.95,29620.2,29583.7,29607.95
1788871500000,29608.2,29647.7,29597.7,29647.45
1788872400000,29646.95,29652.95,29627.95,29652.2
1788873300000,29651.45,29660.95,29629.45,29637.7
1788874200000,29637.2,29679.45,29459.95,29466.7
1788875100000,29466.95,29531.45,29449.2,29496.2
1788876000000,29495.95,29505.5,29418.15,29455.95
1788876900000,29455.7,29515.95,29451.82,29509.45
1788877800000,29509.95,29529.95,29482.95,29523.7
1788878700000,29523.2,29556.45,29504.7,29555.95
1788879600000,29556.45,29602.95,29539.45,29595.95
1788880500000,29596.07,29630.2,29574.57,29602.45
1788881400000,29602.2,29637.7,29588.82,29634.45
1788882300000,29634.57,29637.2,29592.95,29597.32
1788883200000,29597.7,29614.7,29571.2,29582.45
1788884100000,29582.2,29597.45,29556.45,29561.2
1788885000000,29561.7,29576.95,29554.95,29568.45
1788885900000,29568.2,29602.32,29544.7,29567.2
1788886800000,29566.45,29634.7,29565.07,29621.45
1788887700000,29621.7,29626.2,29599.95,29608.95
1788888600000,29609.95,29625.7,29591.57,29592.95
1788889500000,29593.07,29605.95,29582.82,29583.45
1788890400000,29583.2,29607.2,29580.07,29598.95
1788891300000,29599.2,29608.95,29582.45,29590.7
1788892200000,29590.95,29597.95,29572.7,29596.7
1788893100000,29596.95,29604.45,29514.2,29569.45
1788894000000,29570.45,29579.7,29554.32,29568.2
1788894900000,29568.57,29572.7,29538.45,29557.45
1788895800000,29557.95,29559.45,29537.32,29542.45
1788896700000,29543.95,29546.45,29490.7,29536.7
1788897600000,29536.2,29544.45,29499.95,29518.2
1788898500000,29518.45,29521.7,29500.95,29501.2
1788899400000,29501.7,29516.2,29497.45,29515.2
1788900300000,29515.45,29520.95,29512.45,29519.55
1788904800000,29519.55,29535.7,29500.45,29518.95
1788905700000,29518.7,29525.2,29505.7,29518.7
1788906600000,29518.45,29526.45,29513.2,29523.95
1788907500000,29523.7,29543.7,29523.7,29541.7
1788908400000,29541.2,29542.95,29526.45,29528.45
1788909300000,29527.95,29527.95,29509.95,29512.95
1788910200000,29512.45,29515.2,29498.95,29503.95
1788911100000,29504.2,29508.45,29486.7,29496.95
1788912000000,29496.45,29558.2,29496.2,29536.2
1788912900000,29536.45,29536.45,29512.95,29522.45
1788913800000,29522.2,29536.2,29506.2,29534.45
1788914700000,29534.95,29558.95,29529.7,29556.95
1788915600000,29556.7,29577.45,29552.7,29571.7
1788916500000,29572.45,29595.95,29566.2,29586.95
1788917400000,29587.2,29603.7,29574.7,29589.95
1788918300000,29589.7,29604.7,29578.95,29589.7
1788919200000,29589.95,29608.2,29586.7,29589.95
1788920100000,29589.7,29599.95,29580.7,29598.2
1788921000000,29597.95,29620.95,29593.7,29617.2
1788921900000,29617.7,29621.95,29603.7,29607.95
1788922800000,29607.7,29610.7,29580.45,29587.95
1788923700000,29587.45,29599.95,29585.95,29593.2
1788924600000,29593.45,29600.95,29583.95,29586.45
1788925500000,29586.2,29588.2,29557.2,29558.95
1788926400000,29558.7,29582.45,29545.95,29553.7
1788927300000,29553.95,29589.2,29550.2,29577.45
1788928200000,29577.7,29603.7,29569.95,29600.2
1788929100000,29599.95,29616.7,29596.2,29611.2
1788930000000,29611.45,29612.7,29593.7,29601.95
1788930900000,29601.45,29602.2,29562.7,29577.2
1788931800000,29578.2,29588.7,29559.7,29573.45
1788932700000,29572.95,29618.2,29569.95,29618.2
1788933600000,29617.7,29627.95,29601.2,29626.2
1788934500000,29625.7,29630.45,29583.7,29589.7
1788935400000,29592.95,29610.45,29584.2,29608.45
1788936300000,29608.2,29609.45,29574.95,29577.2
1788937200000,29577.45,29608.2,29558.45,29569.45
1788938100000,29568.95,29609.45,29555.45,29608.2
1788939000000,29607.95,29609.7,29586.7,29592.45
1788939900000,29593.7,29593.7,29562.2,29585.45
1788940800000,29585.949999999997,29606.199999999997,29573.1,29578.949999999997
1788941700000,29579.7,29591.2,29563.2,29584.45
1788942600000,29584.7,29589.45,29537.95,29537.95
1788943500000,29539.2,29568.2,29536.2,29561.45
1788944400000,29561.2,29571.95,29529.45,29546.7
1788945300000,29546.95,29554.2,29511.45,29525.45
1788946200000,29524.95,29535.7,29468.45,29475.100000000002
1788947100000,29474.850000000002,29482.2,29386.2,29396.7
1788948000000,29396.45,29421.2,29369.2,29394.45
1788948900000,29393.100000000002,29428.7,29380.2,29414.850000000002
1788949800000,29414.95,29428.2,29393.45,29394.2
1788950700000,29394.600000000002,29400.95,29366.7,29387.850000000002
1788951600000,29388.100000000002,29426.45,29375.2,29404.95
1788952500000,29405.45,29426.7,29374.45,29414.95
1788953400000,29415.2,29416.2,29373.7,29374.7
1788954300000,29375.45,29447.7,29373.45,29392.7
1788955200000,29394.2,29396.95,29332.95,29333.350000000002
1788956100000,29333.45,29363.45,29330.2,29348.7
1788957000000,29348.95,29381.2,29340.7,29378.2
1788957900000,29378.95,29400.2,29378.7,29386.95
1788958800000,29387.2,29404.7,29379.45,29399.45
1788959700000,29399.95,29453.45,29395.7,29451.7
1788960600000,29451.45,29498.7,29416.2,29475.7
1788961500000,29475.45,29563.45,29453.2,29555.45
1788962400000,29555.2,29590.4,29529.2,29560.45
1788963300000,29559.45,29559.45,29459.7,29534.95
1788964200000,29534.07,29542.2,29494.2,29537.45
1788965100000,29536.95,29540.95,29503.2,29528.2
1788966000000,29527.95,29561.7,29386.95,29398.57
1788966900000,29398.07,29453.7,29357.95,29390.45
1788967800000,29389.95,29481.100000000002,29388.7,29437.7
1788968700000,29437.45,29465.95,29425.2,29447.2
1788969600000,29447.7,29461.45,29410.45,29414.2
1788970500000,29413.95,29415.95,29386.57,29398.95
1788971400000,29399.32,29454.32,29397.7,29454.32
1788972300000,29455.7,29477.45,29440.95,29457.95
1788973200000,29457.45,29480.7,29446.2,29476.2
1788974100000,29476.45,29482.95,29449.2,29449.95
1788975000000,29450.7,29461.7,29428.95,29454.95
1788975900000,29455.45,29483.2,29455.45,29468.2
1788976800000,29465.4,29470.95,29441.45,29441.95
1788977700000,29440.57,29461.95,29436.7,29452.95
1788978600000,29453.2,29469.2,29445.7,29466.2
1788979500000,29466.32,29473.57,29446.45,29446.95
1788980400000,29447.07,29454.7,29430.32,29448.95
1788981300000,29448.7,29470.95,29448.7,29451.45
1788982200000,29451.7,29457.2,29436.7,29446.7
1788983100000,29446.2,29456.95,29422.4,29456.32
1788984000000,29454.32,29458.95,29432.95,29450.57
1788984900000,29450.95,29454.2,29447.95,29449.45
1788985800000,29449.7,29458.7,29447.2,29454.45
1788986700000,29455.32,29459.3,29448.95,29459.3
1788991200000,29454.949999999997,29472.85,29426.1,29428.1
1788992100000,29428.85,29434.1,29424.1,29429.85
1788993000000,29429.1,29437.6,29428.6,29433.85
1788993900000,29433.6,29437.35,29426.1,29431.6
1788994800000,29430.6,29431.85,29419.35,29421.6
1788995700000,29421.1,29434.85,29416.6,29428.1
1788996600000,29429.6,29432.6,29425.1,29430.35
1788997500000,29429.85,29470.1,29426.85,29463.85
1788998400000,29463.6,29479.85,29441.35,29449.6
1788999300000,29449.85,29477.6,29448.85,29473.6
1789000200000,29473.85,29475.85,29442.1,29456.85
1789001100000,29456.6,29456.6,29410.85,29413.85
1789002000000,29414.35,29426.85,29389.85,29399.85
1789002900000,29399.6,29414.6,29373.6,29375.85
1789003800000,29375.6,29404.1,29364.35,29400.35
1789004700000,29400.6,29417.35,29385.35,29411.1
1789005600000,29410.85,29412.1,29376.6,29395.6
1789006500000,29396.1,29396.1,29373.85,29377.85
1789007400000,29379.1,29422.35,29376.6,29414.35
1789008300000,29414.6,29422.85,29406.6,29418.1
1789009200000,29418.6,29437.1,29416.85,29420.6
1789010100000,29421.1,29428.35,29389.1,29405.35
1789011000000,29405.1,29416.35,29393.1,29413.6
1789011900000,29413.85,29430.85,29411.6,29428.1
1789012800000,29428.85,29436.1,29422.85,29428.35
1789013700000,29428.6,29437.6,29423.6,29433.6
1789014600000,29433.85,29446.85,29430.85,29434.1
1789015500000,29434.35,29462.35,29433.35,29458.85
1789016400000,29460.85,29469.35,29448.6,29461.85
1789017300000,29461.35,29492.85,29455.1,29490.35
1789018200000,29490.6,29498.1,29481.35,29488.1
1789019100000,29487.85,29507.85,29465.35,29485.1
1789020000000,29484.85,29491.85,29453.6,29455.35
1789020900000,29455.6,29473.35,29435.85,29472.85
1789021800000,29473.1,29488.85,29468.85,29479.6
1789022700000,29479.85,29491.1,29467.1,29476.35
1789023600000,29476.6,29477.6,29451.6,29470.219999999998
1789024500000,29470.100000000002,29472.850000000002,29433.22,29434.350000000002
1789025400000,29434.85,29445.85,29418.6,29445.1
1789026300000,29444.6,29456.35,29437.35,29444.35
1789027200000,29444.6,29460.1,29432.1,29432.85
1789028100000,29433.35,29453.35,29424.85,29447.1
1789029000000,29449.6,29457.1,29413.85,29417.85
1789029900000,29418.6,29427.1,29406.1,29413.1
1789030800000,29413.35,29431.1,29407.1,29418
1789031700000,29417.75,29420.35,29394.6,29397.6
1789032600000,29397.1,29397.1,29360.1,29392.85
1789033500000,29392.6,29420.35,29390.35,29406.85
1789034400000,29406.6,29418.35,29389.85,29396.35
1789035300000,29396.25,29410.1,29386.1,29391.85
1789036200000,29391.35,29404.1,29364.35,29392.85
1789037100000,29392.35,29423.5,29365.35,29376.6
1789038000000,29375.85,29376.85,29328.85,29344.1
1789038900000,29344,29350.1,29332.85,29337.35
1789039800000,29337.85,29364.85,29337.1,29346.6
1789040700000,29346.35,29354.1,29265.85,29265.85
1789041600000,29265.6,29279.85,29234,29259.6
1789042500000,29259.35,29263.1,29212.75,29223.3
1789043400000,29230.3,29249.35,29084.1,29104.1
1789044300000,29104.6,29107.35,29045.35,29058.85
1789045200000,29059.6,29099.149999999998,29056.35,29070.85
1789046100000,29070.6,29090.969999999998,29047.1,29090.6
1789047000000,29092.1,29201.1,29059.85,29139.85
1789047900000,29140.1,29203.6,29090.85,29101.75
1789048800000,29100.5,29179.97,29100,29141.35
1789049700000,29141.6,29262.8,29113.35,29208.1
1789050600000,29207.85,29276.649999999998,29206.6,29238.1
1789051500000,29238.6,29265.85,29211.85,29264.85
1789052400000,29265.1,29266.35,29215.6,29245.85
1789053300000,29245.600000000002,29257.600000000002,29199.72,29237.850000000002
1789054200000,29238.1,29273.85,29219.1,29252.6
1789055100000,29252.350000000002,29257.850000000002,29187.47,29206.350000000002
1789056000000,29206.85,29232.6,29167.85,29181.85
1789056900000,29182.1,29203.469999999998,29164.1,29178.85
1789057800000,29178.6,29215.55,29136.1,29210.35
1789058700000,29210.100000000002,29244.07,29206.95,29234.2
1789059600000,29233.45,29266.7,29214.95,29227.2
1789060500000,29227.57,29234.32,29201.45,29210.7
1789061400000,29210.2,29216.2,29177.95,29203.95
1789062300000,29203.7,29206.32,29185.32,29187.7
1789063200000,29187.2,29201.2,29150.45,29161.45
1789064100000,29161.2,29181.45,29151.2,29159.45
1789065000000,29159.95,29177.57,29148.57,29175.45
1789065900000,29175.2,29200.45,29152.45,29175.7
1789066800000,29176.2,29177.45,29143.45,29158.2
1789067700000,29158.7,29165.95,29139.45,29160.7
1789068600000,29159.95,29170.95,29146.82,29159.45
1789069500000,29159.7,29167.95,29125.7,29140.7
1789070400000,29141.100000000002,29158.7,29128.45,29154.7
1789071300000,29154.95,29157.95,29144.7,29146.7
1789072200000,29147.2,29154.82,29145.7,29153.45
1789073100000,29153.2,29156.2,29129.95,29143.55
1789077600000,29145.3,29159.05,29138.95,29147.45
1789078500000,29147.7,29160.95,29120.95,29121.45
1789079400000,29121.2,29126.95,29108.7,29109.7
1789080300000,29109.45,29119.95,29103.45,29110.7
1789081200000,29110.95,29118.45,29104.2,29113.45
1789082100000,29113.7,29115.2,29102.45,29107.45
1789083000000,29106.45,29115.7,29102.2,29109.7
1789083900000,29109.2,29110.2,29066.7,29068.2
1789084800000,29068.95,29131.2,29066.7,29112.45
1789085700000,29112.95,29148.2,29098.95,29141.45
1789086600000,29141.7,29169.2,29122.7,29128.2
1789087500000,29127.95,29167.2,29127.2,29164.2
1789088400000,29164.45,29174.45,29150.2,29152.7
1789089300000,29153.45,29154.2,29128.2,29129.2
1789090200000,29129.95,29142.2,29113.45,29122.95
1789091100000,29123.2,29133.45,29108.2,29132.95
1789092000000,29133.2,29141.45,29125.45,29135.45
1789092900000,29135.7,29135.7,29103.45,29110.45
1789093800000,29109.95,29112.95,29085.7,29090.2
1789094700000,29090.45,29115.2,29087.2,29096.45
1789095600000,29095.95,29100.45,29065.45,29080.45
1789096500000,29079.95,29087.7,29066.95,29075.95
1789097400000,29074.7,29092.95,29052.7,29089.7
1789098300000,29089.95,29092.45,29054.45,29063.2
1789099200000,29063.2,29097.7,29044.95,29096.7
1789100100000,29097.2,29129.7,29079.95,29127.2
1789101000000,29127.45,29144.2,29120.7,29141.45
1789101900000,29141.2,29154.7,29125.2,29128.2
1789102800000,29128.45,29164.45,29123.45,29162.95
1789103700000,29163.45,29168.2,29134.45,29136.95
1789104600000,29137.2,29199.2,29137.2,29194.45
1789105500000,29194.2,29246.45,29180.7,29237.7
1789106400000,29237.45,29251.7,29219.2,29247.7
1789107300000,29248.2,29255.2,29225.95,29228.7
1789108200000,29228.95,29242.7,29219.7,29231.95
1789109100000,29232.45,29265.7,29231.95,29258.95
1789110000000,29257.7,29274.45,29254.2,29264.850000000002
1789110900000,29263.95,29270.45,29242.7,29242.7
1789111800000,29243.45,29253.95,29235.45,29242.2
1789112700000,29241.95,29252.2,29232.45,29248.7
1789113600000,29248.95,29277.45,29231.2,29251.7
1789114500000,29251.449999999997,29322.449999999997,29245.85,29277.449999999997
1789115400000,29278.100000000002,29319.95,29276.95,29297.7
1789116300000,29297.95,29329.7,29293.95,29329.7
1789117200000,29331.2,29339.95,29299.95,29300.2
1789118100000,29299.95,29321.45,29296.45,29310.45
1789119000000,29310.7,29321.7,29308.45,29314.2
1789119900000,29313.7,29332.95,29310.7,29326.2
1789120800000,29326.45,29345.95,29293.95,29332.2
1789121700000,29332.449999999997,29335.699999999997,29314.85,29320.949999999997
1789122600000,29321.2,29334.7,29316.7,29322.7
1789123500000,29322.45,29324.45,29312.45,29316.7
1789124400000,29316.95,29321.45,29296.7,29301.2
1789125300000,29301.45,29330.45,29297.2,29318.7
1789126200000,29319.7,29338.95,29303.45,29336.95
1789127100000,29337.45,29344.2,29326.2,29330.2
1789128000000,29330.7,29342.95,29311.45,29330.7
1789128900000,29330.2,29401.7,29324.7,29392.15
1789129800000,29391.9,29394.15,29211.15,29363.7
1789130700000,29362.95,29481.95,29350.2,29475.45
1789131600000,29476.2,29505.95,29440.7,29449.45
1789132500000,29449.2,29457.100000000002,29421.7,29423.45
1789133400000,29414.95,29445.57,29353.45,29437.45
1789134300000,29437.7,29485.95,29391.7,29477.850000000002
1789135200000,29474.45,29474.45,29372.7,29403.2
1789136100000,29401.7,29472.7,29379.7,29456.95
1789137000000,29457.45,29460.82,29359.7,29378.7
1789137900000,29378.2,29406.45,29340.95,29376.45
1789138800000,29375.2,29438.2,29367.7,29399.7
1789139700000,29400.95,29498.2,29400.95,29491.2
1789140600000,29490.45,29504.57,29468.7,29484.2
1789141500000,29483.95,29484.45,29447.2,29455.95
1789142400000,29456.95,29490.7,29451.07,29453.32
1789143300000,29453.2,29457.07,29404.45,29407.45
1789144200000,29408.2,29446.95,29397.95,29437.2
1789145100000,29436.850000000002,29444.2,29420.2,29443.2
1789146000000,29443.7,29470.7,29442.7,29444.2
1789146900000,29445.07,29485.45,29444.82,29470.45
1789147800000,29470.2,29484.57,29464.2,29468.95
1789148700000,29469.2,29475.32,29456.07,29459.2
1789149600000,29459.7,29466.7,29444.57,29447.7
1789150500000,29447.95,29452.95,29424.95,29448.45
1789151400000,29448.7,29465.45,29439.2,29444.45
1789152300000,29444.82,29450.45,29432.32,29435.32
1789153200000,29435.45,29439.95,29412.2,29422.2
1789154100000,29421.7,29432.7,29419.2,29421.2
1789155000000,29422.2,29433.95,29418.7,29431.2
1789155900000,29430.82,29435.7,29389.2,29395.45
1789156800000,29394.7,29401.45,29384.45,29389.45
1789157700000,29390.2,29394.45,29384.2,29391.95
1789158600000,29392.100000000002,29404.100000000002,29391.95,29397.2
1789159500000,29397.2,29404.45,29390.95,29400.55
1789336800000,29018.8,29126.55,28995.95,29033.95
1789337700000,29036.9,29090.7,29023.7,29089.45
1789338600000,29088.95,29112.2,29083.2,29084.95
1789339500000,29084.7,29095.45,29075.7,29079.45
1789340400000,29079.7,29085.7,29066.2,29074.2
1789341300000,29073.45,29107.2,29069.7,29105.95
1789342200000,29105.7,29111.45,29042.7,29049.7
1789343100000,29049.95,29049.95,29021.45,29027.2
1789344000000,29026.95,29086.45,29025.95,29067.95
1789344900000,29067.45,29074.2,29014.7,29025.7
1789345800000,29025.45,29049.45,29020.7,29048.2
1789346700000,29048.7,29056.7,29022.45,29023.95
1789347600000,29023.45,29050.7,29009.2,29023.45
1789348500000,29022.95,29034.7,29011.95,29031.2
1789349400000,29031.45,29052.2,29017.2,29041.7
1789350300000,29041.2,29090.45,29041.2,29086.7
1789351200000,29086.45,29097.95,29070.7,29088.7
1789352100000,29088.45,29092.95,29076.95,29080.95
1789353000000,29081.2,29090.95,29055.95,29062.7
1789353900000,29062.95,29086.2,29060.7,29070.45
1789354800000,29069.7,29076.45,29045.2,29047.2
1789355700000,29047.45,29053.95,29025.95,29044.95
1789356600000,29044.7,29044.95,29028.2,29032.95
1789357500000,29033.2,29041.45,29027.2,29033.45
1789358400000,29032.95,29052.45,29026.7,29027.45
1789359300000,29027.2,29040.2,29019.95,29035.45
1789360200000,29035.7,29042.2,29018.45,29026.95
1789361100000,29027.2,29050.95,29027.2,29032.2
1789362000000,29032.45,29042.95,29024.95,29034.45
1789362900000,29034.95,29036.95,29017.2,29027.7
1789363800000,29027.95,29037.7,29002.7,29014.2
1789364700000,29013.7,29030.45,29005.2,29030.45
1789365600000,29029.7,29051.2,29026.45,29044.2
1789366500000,29043.95,29051.7,29029.2,29048.2
1789367400000,29045.45,29050.45,29013.7,29027.7
1789368300000,29027.95,29034.7,28990.45,28993.45
1789369200000,28994.45,28999.2,28954.75,28990.45
1789370100000,28990.2,29002.7,28964.95,28966.2
1789371000000,28965.7,28975.45,28943.7,28945.7
1789371900000,28946.2,28955.100000000002,28919.7,28932.7
1789372800000,28933.100000000002,28958.95,28922.2,28948.850000000002
1789373700000,28948.600000000002,28950.2,28890.2,28890.350000000002
1789374600000,28890.2,28930.7,28886.7,28911.350000000002
1789375500000,28911.199999999997,28918.199999999997,28864.1,28890.949999999997
1789376400000,28890.45,28904.45,28851.2,28859.95
1789377300000,28858.449999999997,28872.449999999997,28828.85,28865.699999999997
1789378200000,28863.95,28879.45,28855.2,28860.95
1789379100000,28860.449999999997,28874.199999999997,28851.6,28867.199999999997
1789380000000,28867.449999999997,28894.949999999997,28866.1,28887.699999999997
1789380900000,28887.45,28921.7,28872.7,28920.7
1789381800000,28920.95,28950.2,28915.45,28945.95
1789382700000,28946.2,28951.7,28928.45,28937.7
1789383600000,28938.100000000002,28959.2,28926.2,28949.2
1789384500000,28948.7,28988.2,28948.2,28983.95
1789385400000,28984.7,28984.7,28944.45,28959.7
1789386300000,28959.45,28972.95,28935.95,28940.2
1789387200000,28940.45,28940.45,28902.95,28923.45
1789388100000,28923.85,28957.699999999997,28918.1,28929.6
1789389000000,28929.350000000002,28942.7,28863.7,28912.95
1789389900000,28912.45,28916.7,28868.7,28892.2
1789390800000,28891.95,28892.95,28840.95,28889.2
1789391700000,28890.45,28933.95,28889.2,28915.45
1789392600000,28915.850000000002,28963.45,28891.7,28961.7
1789393500000,28961.2,29057.2,28961.2,29015.2
1789394400000,29014.7,29100.2,29011.7,29088.45
1789395300000,29090.2,29095.850000000002,28990.7,29018.95
1789396200000,29018.32,29031.95,28969.2,29006.7
1789397100000,29006.95,29034.95,28985.45,29027.2
1789398000000,29026.45,29094.600000000002,29001.95,29038.45
1789398900000,29038.2,29103.95,29034.2,29095.32
1789399800000,29094.95,29226.95,29088.45,29218.95
1789400700000,29219.2,29221.2,29182.95,29194.2
1789401600000,29193.2,29197.2,29151.95,29179.2
1789402500000,29179.45,29247.7,29179.45,29211.7
1789403400000,29210.7,29239.45,29202.2,29239.45
1789404300000,29238.95,29296.2,29224.45,29278.45
1789405200000,29278.95,29296.7,29259.7,29274.95
1789406100000,29274.7,29300.07,29258.45,29300.07
1789407000000,29300.7,29305.95,29288.82,29301.2
1789407900000,29300.7,29324.7,29300.7,29302.2
1789408800000,29302.7,29321.600000000002,29288.2,29304.2
1789409700000,29304.45,29310.2,29277.32,29282.7
1789410600000,29282.95,29302.95,29278.65,29291.07
1789411500000,29291.2,29295.32,29274.45,29277.7
1789412400000,29277.95,29279.2,29247.95,29253.7
1789413300000,29253.45,29253.7,29237.2,29244.2
1789414200000,29243.95,29250.45,29229.7,29234.82
1789415100000,29234.7,29243.82,29165.7,29168.7
1789416000000,29169.2,29184.95,29169.2,29179.7
1789416900000,29179.57,29199.2,29165.95,29196.2
1789417800000,29197.95,29201.95,29190.7,29198.45
1789418700000,29198.7,29215.2,29198.2,29209.55
1789423200000,29202.05,29204.3,29179.45,29183.45
1789424100000,29183.7,29188.7,29171.2,29179.2
1789425000000,29178.95,29186.2,29175.7,29177.95
1789425900000,29178.2,29193.95,29177.95,29180.7
1789426800000,29180.95,29188.2,29172.45,29183.2
1789427700000,29182.95,29185.2,29172.45,29176.45
1789428600000,29176.7,29184.7,29175.7,29179.95
1789429500000,29179.45,29182.45,29166.2,29178.7
1789430400000,29178.45,29190.2,29148.95,29178.95
1789431300000,29179.2,29187.2,29154.95,29174.7
1789432200000,29175.2,29211.95,29174.2,29206.95
1789433100000,29207.2,29211.2,29185.7,29188.95
1789434000000,29189.2,29213.45,29180.95,29209.2
1789434900000,29209.45,29216.45,29193.95,29195.95
1789435800000,29195.7,29200.7,29149.45,29160.2
1789436700000,29159.95,29191.95,29152.7,29185.7
1789437600000,29185.95,29196.95,29175.45,29182.95
1789438500000,29182.7,29189.95,29173.45,29185.2
1789439400000,29185.45,29190.95,29174.45,29180.95
1789440300000,29180.7,29190.95,29176.95,29182.2
1789441200000,29182.45,29189.7,29166.7,29173.7
1789442100000,29172.95,29176.7,29162.2,29169.2
1789443000000,29169.7,29173.45,29162.2,29171.2
1789443900000,29170.95,29175.7,29136.95,29137.7
1789444800000,29137.95,29154.45,29130.7,29136.45
1789445700000,29136.95,29139.7,29098.7,29105.95
1789446600000,29106.2,29114.7,29085.95,29109.95
1789447500000,29109.2,29120.2,29073.95,29073.95
1789448400000,29073.7,29084.45,29039.95,29047.2
1789449300000,29046.95,29065.7,29030.95,29062.7
1789450200000,29061.95,29100.45,29050.7,29098.95
1789451100000,29099.2,29125.95,29091.7,29100.7
1789452000000,29100.95,29116.95,29089.95,29105.7
1789452900000,29106.2,29116.95,29092.2,29093.95
1789453800000,29093.7,29095.45,29067.7,29069.7
1789454700000,29069.95,29082.45,29060.95,29074.7
1789455600000,29073.699999999997,29097.949999999997,29046.6,29047.949999999997
1789456500000,29048.199999999997,29103.949999999997,29047.85,29076.449999999997
1789457400000,29075.7,29086.45,29034.7,29037.45
1789458300000,29037.199999999997,29057.449999999997,29020.85,29038.699999999997
1789459200000,29038.199999999997,29038.199999999997,28953.35,28997.949999999997
1789460100000,28998.7,29031.45,28997.2,29011.2
1789461000000,29012.350000000002,29017.2,28990.95,28993.850000000002
1789461900000,28993.600000000002,29008.2,28986.7,28993.45
1789462800000,28993.7,29006.350000000002,28971.95,28982.850000000002
1789463700000,28982.600000000002,28994.100000000002,28958.95,28991.7
1789464600000,28991.600000000002,29022.7,28980.45,29016.95
1789465500000,29017.2,29067.7,29016.7,29061.7
1789466400000,29061.2,29085.2,29053.7,29069.2
1789467300000,29068.949999999997,29084.699999999997,29056.35,29083.85
1789468200000,29083.95,29097.2,29076.45,29088.95
1789469100000,29089.45,29117.2,29083.2,29114.95
1789470000000,29113.95,29146.7,29113.45,29137.95
1789470900000,29137.82,29148.7,29123.45,29126.7
1789471800000,29127.2,29131.45,29110.15,29127.95
1789472700000,29128.2,29143.2,29124.45,29138.2
1789473600000,29137.7,29161.45,29126.45,29155.850000000002
1789474500000,29156.2,29161.2,29120.45,29143.7
1789475400000,29143.7,29152.95,29123.45,29141.95
1789476300000,29142.2,29205.95,29136.95,29156.45
1789477200000,29155.7,29168.7,29147.45,29151.7
1789478100000,29151.45,29160.7,29132.95,29143.7
1789479000000,29145.45,29162.32,29094.95,29157.57
1789479900000,29157.95,29174.7,29128.7,29151.45
1789480800000,29150.95,29153.45,29061.7,29065.45
1789481700000,29065.2,29086.7,29024.7,29049.2
1789482600000,29048.95,29056.2,28996.7,29010.2
1789483500000,29009.95,29022.45,28938.7,28962.2
1789484400000,28962.7,29011.45,28962.2,28995.45
1789485300000,28994.95,29018.95,28988.95,29013.45
1789486200000,29013.7,29019.2,28983.95,29009.82
1789487100000,29009.95,29026.7,28984.45,28999.82
1789488000000,29000.45,29011.7,28964.2,28966.2
1789488900000,28965.95,29023.7,28963.2,29007.2
1789489800000,29006.95,29015.45,28989.45,28999.7
1789490700000,28999.45,29025.45,28989.07,29003.07
1789491600000,29002.95,29006.95,28967.95,28976.95
1789492500000,28977.2,28989.57,28966.2,28976.2
1789493400000,28976.95,28989.45,28964.32,28977.2
1789494300000,28977.82,28993.07,28967.7,28985.2
1789495200000,28985.45,29009.32,28977.2,29001.7
1789496100000,29002.2,29004.7,28984.7,29002.7
1789497000000,29002.57,29002.57,28970.7,28972.45
1789497900000,28972.7,28975.32,28951.7,28974.2
1789498800000,28974.32,28980.2,28960.7,28962.45
1789499700000,28962.7,28965.57,28953.57,28960.07
1789500600000,28959.95,28962.95,28935.95,28949.07
1789501500000,28948.95,28975.7,28931.32,28971.95
1789502400000,28972.45,29012.45,28972.45,29008.7
1789503300000,29008.45,29009.32,28991.2,28992.2
1789504200000,28993.7,29004.45,28989.2,29000.45
1789505100000,29000.32,29008.45,28998.55,28998.55
1789509600000,28994.8,28998.3,28983.2,28985.45
1789510500000,28985.2,28999.2,28984.95,28993.45
1789511400000,28992.7,29010.45,28991.95,29008.2
1789512300000,29007.95,29013.2,29004.95,29007.7
1789513200000,29007.2,29008.95,29001.7,29003.2
1789514100000,29002.95,29003.95,28990.45,28991.95
1789515000000,28992.2,29010.7,28988.45,29006.7
1789515900000,29006.95,29011.2,28998.7,29003.7
1789516800000,29002.7,29011.2,28982.45,29003.2
1789517700000,29003.45,29008.45,28991.7,29000.2
1789518600000,28999.95,29009.7,28989.2,28997.2
1789519500000,28996.95,29010.2,28991.95,28996.45
1789520400000,28996.2,29007.45,28965.95,29006.95
1789521300000,29007.45,29013.45,28995.45,29001.7
1789522200000,29001.45,29003.7,28969.7,28981.95
1789523100000,28980.95,28991.45,28950.95,28954.45
1789524000000,28954.7,28985.2,28951.95,28958.2
1789524900000,28957.95,29002.7,28957.95,28999.95
1789525800000,28999.7,29008.2,28979.7,28986.2
1789526700000,28985.45,29007.95,28984.2,29007.2
1789527600000,29007.7,29045.45,29005.45,29045.2
1789528500000,29045.45,29080.45,29042.7,29044.2
1789529400000,29044.7,29047.95,29023.95,29045.95
1789530300000,29045.7,29062.7,29044.7,29053.45
1789531200000,29053.7,29065.95,29052.45,29055.45
1789532100000,29055.95,29064.2,29043.2,29045.7
1789533000000,29045.45,29046.45,29022.7,29029.45
1789533900000,29029.2,29044.45,29027.45,29027.7
1789534800000,29028.45,29041.2,29010.45,29037.2
1789535700000,29036.95,29050.2,29033.95,29046.45
1789536600000,29046.7,29070.2,29039.95,29067.95
1789537500000,29068.2,29072.7,29045.45,29059.2
1789538400000,29058.45,29096.45,29052.95,29085.45
1789539300000,29085.2,29089.2,29053.7,29066.7
1789540200000,29065.95,29073.95,29055.7,29069.7
1789541100000,29069.45,29093.45,29057.95,29089.7
1789542000000,29087.95,29120.2,29083.7,29109.2
1789542900000,29109.95,29116.45,29091.82,29111.95
1789543800000,29111.45,29122.45,29091.7,29095.45
1789544700000,29095.95,29100.95,29084.45,29092.45
1789545600000,29090.7,29101.45,29052.2,29070.45
1789546500000,29070.2,29096.100000000002,29055.95,29073.45
1789547400000,29072.45,29089.7,29050.7,29071.7
1789548300000,29071.45,29099.45,29065.7,29097.2
1789549200000,29096.95,29106.7,29080.45,29081.7
1789550100000,29081.45,29095.2,29061.45,29079.350000000002
1789551000000,29079.100000000002,29114.5,29076.2,29107.75
1789551900000,29107.5,29116.75,29092.25,29104.45
1789552800000,29104.95,29110.7,29081.95,29094.2
1789553700000,29094.7,29101.2,29086.7,29095.95
1789554600000,29095.45,29105.7,29091.7,29104.2
1789555500000,29103.95,29119.100000000002,29090.45,29119.100000000002
1789556400000,29120.2,29140.100000000002,29092.15,29092.15
1789557300000,29092.65,29107.4,29083.65,29099.4
1789558200000,29099.15,29137.15,29098.15,29128.4
1789559100000,29128.9,29137.32,29123.95,29137.2
1789560000000,29136.7,29159.45,29133.2,29143.7
1789560900000,29143.45,29156.95,29141.2,29154.2
1789561800000,29153.95,29154.100000000002,29089.45,29089.95
1789562700000,29089.7,29126.95,29085.45,29123.7
1789563600000,29123.45,29132.95,29085.45,29123.7
1789564500000,29123.95,29135.45,29105.45,29109.7
1789565400000,29108.7,29142.82,29095.2,29128.95
1789566300000,29128.7,29203.2,29124.2,29200.7
1789567200000,29201.2,29203.7,29141.45,29171.95
1789568100000,29172.7,29199.45,29167.2,29174.7
1789569000000,29174.45,29188.82,29148.07,29188.7
1789569900000,29188.45,29222.82,29172.57,29221.2
1789570800000,29222.2,29257.7,29207.2,29245.7
1789571700000,29245.95,29247.95,29217.95,29228.57
1789572600000,29228.7,29232.2,29204.45,29218.2
1789573500000,29217.2,29271.7,29211.2,29220.82
1789574400000,29221.2,29223.45,29192.82,29206.7
1789575300000,29206.82,29217.57,29189.95,29206.95
1789576200000,29207.2,29209.45,29186.7,29192.2
1789577100000,29192.32,29213.95,29188.45,29190.45
1789578000000,29190.95,29191.7,29162.57,29182.45
1789578900000,29182.32,29186.57,29166.2,29178.95
1789579800000,29179.7,29185.07,29141.57,29145.45
1789580700000,29145.7,29198.850000000002,29145.2,29194.4
1789581600000,29195.899999999998,29259.699999999997,29135.1,29187.449999999997
1789582500000,29186.95,29204.350000000002,29128.95,29177.95
1789583400000,29176.45,29215.7,29023.2,29164.2
1789584300000,29162.95,29194.15,28941.95,28950.2
1789585200000,28950.7,29022.7,28828.7,28849.7
1789586100000,28849.2,28883.45,28772.95,28851.95
1789587000000,28849.2,28928.2,28843.7,28896.2
1789587900000,28893.95,28986.95,28893.2,28972.2
1789588800000,28973.82,29002.07,28967.7,28985.7
1789589700000,28985.45,28989.95,28951.2,28963.95
1789590600000,28964.2,28986.7,28958.2,28979.7
1789591500000,28980.45,28992.45,28972.82,28983.8
1789596000000,28994.3,29008.95,28969.95,29004.2
1789596900000,29003.95,29051.2,29002.7,29044.95
1789597800000,29044.7,29090.95,29043.95,29079.95
1789598700000,29079.7,29083.7,29065.45,29072.7
1789599600000,29072.95,29096.7,29071.2,29090.95
1789600500000,29091.2,29137.95,29091.2,29118.65
1789601400000,29118.4,29163.7,29118.4,29158.2
1789602300000,29158.45,29178.45,29156.2,29173.7
1789603200000,29173.45,29186.45,29135.5,29135.7
1789604100000,29135.95,29170.7,29132.7,29155.95
1789605000000,29155.7,29198.2,29154.7,29180.95
1789605900000,29181.2,29188.2,29151.7,29172.2
1789606800000,29174.45,29196.45,29156.45,29173.2
1789607700000,29172.95,29176.7,29161.45,29168.95
1789608600000,29168.45,29191.45,29150.7,29165.45
1789609500000,29165.2,29168.7,29128.95,29140.45
1789610400000,29140.7,29161.2,29129.45,29135.7
1789611300000,29135.95,29151.7,29131.45,29141.2
1789612200000,29141.45,29177.2,29139.45,29171.2
1789613100000,29171.45,29172.7,29141.45,29145.95
1789614000000,29145.7,29166.95,29142.45,29165.95
1789614900000,29166.2,29171.95,29150.95,29169.7
1789615800000,29168.7,29185.45,29162.45,29183.45
1789616700000,29183.7,29189.2,29164.45,29183.2
1789617600000,29183.45,29192.2,29176.45,29182.2
1789618500000,29181.95,29183.95,29163.95,29173
1789619400000,29173.25,29190.7,29162.7,29183.95
1789620300000,29183.7,29194.2,29165.95,29173.2
1789621200000,29173.45,29176.7,29156.7,29158.45
1789622100000,29158.2,29164.2,29144.2,29152.45
1789623000000,29153.2,29155.45,29113.95,29114.95
1789623900000,29114.7,29128.2,29093.7,29096.45
1789624800000,29096.2,29136.45,29091.95,29115.95
1789625700000,29116.45,29166.7,29099.2,29166.7
1789626600000,29165.2,29192.7,29165.2,29186.2
1789627500000,29185.7,29196.45,29179.95,29191.95
1789628400000,29191.2,29246.5,29185.25,29233.5
1789629300000,29233.25,29272.25,29229.5,29271.75
1789630200000,29271.5,29288.399999999998,29260.05,29268.75
1789631100000,29269,29270.5,29232.32,29240.75
1789632000000,29240.5,29256.5,29214.5,29219.75
1789632900000,29219.25,29242.75,29208,29239.5
1789633800000,29239.75,29260.5,29228.75,29252.75
1789634700000,29253.5,29284.3,29250.75,29278.5
1789635600000,29279.5,29314.45,29278.75,29293.95
1789636500000,29294.2,29297.95,29276.2,29278.7
1789637400000,29278.95,29296.2,29276.2,29276.2