time,open,high,low,close
1783012500000,7452.95,7457.7,7447.33,7450.95
1783013400000,7451.15,7456.7,7439.7,7446.7
1783014300000,7446.2,7446.95,7435.95,7437.95
1783015200000,7438.2,7464.95,7436.2,7457.95
1783016100000,7458.2,7462.7,7449.7,7462.7
1783017000000,7462.45,7468.95,7462.07,7466.45
1783017900000,7466.2,7470.7,7461.2,7465.2
1783018800000,7465.7,7466.7,7447.95,7455.7
1783019700000,7455.83,7461.45,7449.7,7458.2
1783020600000,7458.45,7468.95,7456.95,7467.95
1783021500000,7468.45,7489.95,7465.2,7482.45
1783022400000,7482.7,7482.95,7473.95,7480.2
1783023300000,7480.7,7481.08,7475.95,7477.2
1783024200000,7477.45,7480.7,7475.45,7475.7
1783025100000,7475.95,7480.45,7475.45,7478.849999999999
1783029600000,7481.8,7486.030000000001,7481.02,7485.27
1783030500000,7485.52,7488.280000000001,7485.52,7485.77
1783031400000,7485.780000000001,7492.280000000001,7484.02,7492.280000000001
1783032300000,7492.02,7492.530000000001,7489.27,7492.280000000001
1783033200000,7492.030000000001,7492.530000000001,7486.27,7486.52
1783034100000,7486.530000000001,7493.530000000001,7486.52,7492.780000000001
1783035000000,7492.77,7494.530000000001,7490.02,7490.030000000001
1783035900000,7490.280000000001,7494.030000000001,7489.52,7493.030000000001
1783036800000,7492.52,7497.030000000001,7484.27,7493.77
1783037700000,7493.780000000001,7494.280000000001,7486.77,7487.52
1783038600000,7487.530000000001,7493.780000000001,7484.27,7488.030000000001
1783039500000,7488.02,7490.280000000001,7484.52,7486.780000000001
1783040400000,7487.02,7506.530000000001,7486.27,7504.280000000001
1783041300000,7504.27,7506.780000000001,7501.52,7504.530000000001
1783042200000,7504.27,7507.530000000001,7502.77,7506.780000000001
1783043100000,7506.77,7507.530000000001,7504.52,7506.030000000001
1783044000000,7506.02,7509.530000000001,7505.52,7505.780000000001
1783044900000,7506.030000000001,7509.530000000001,7505.52,7509.02
1783045800000,7509.27,7509.530000000001,7505.02,7506.780000000001
1783046700000,7506.77,7510.030000000001,7506.77,7509.530000000001
1783047600000,7509.27,7509.530000000001,7506.52,7508.27
1783048500000,7508.530000000001,7510.780000000001,7508.02,7510.77
1783049400000,7510.780000000001,7512.030000000001,7505.02,7505.27
1783050300000,7505.02,7511.030000000001,7504.52,7510.77
1783051200000,7511.02,7511.780000000001,7510.02,7511.52
1783052100000,7511.780000000001,7512.780000000001,7511.02,7512.52
1783053000000,7512.530000000001,7513.530000000001,7510.52,7512.77
1783053900000,7513.030000000001,7513.780000000001,7511.02,7511.52
1783054800000,7511.530000000001,7512.530000000001,7507.27,7509.52
1783055700000,7509.780000000001,7510.030000000001,7507.27,7509.52
1783056600000,7509.27,7512.530000000001,7508.77,7509.030000000001
1783057500000,7509.02,7511.780000000001,7508.27,7511.02
1783058400000,7511.280000000001,7518.030000000001,7510.77,7516.02
1783059300000,7516.280000000001,7516.780000000001,7512.77,7515.02
1783060200000,7515.27,7522.030000000001,7514.27,7519.77
1783061100000,7520.030000000001,7520.030000000001,7514.77,7515.030000000001
1783062000000,7515.0199999999995,7517.4,7513.65,7514.15
1783062900000,7513.9,7515.15,7512.15,7513.53
1783063800000,7513.4,7514.15,7509.65,7509.9
1783064700000,7510.03,7511.15,7508.4,7508.65
1783065600000,7508.9,7510.15,7507.03,7508.0199999999995
1783066500000,7507.900000000001,7509.400000000001,7506.27,7507.400000000001
1783067400000,7507.15,7509.65,7505.65,7508.65
1783068300000,7508.78,7508.78,7503.15,7504.15
1783069200000,7504.4,7507.65,7502.53,7507.65
1783070100000,7507.4,7508.9,7506.15,7507.65
1783071000000,7507.7699999999995,7509.9,7506.15,7508.9
1783071900000,7508.65,7509.65,7505.03,7505.65
1783072800000,7505.4,7507.9,7503.9,7507.4
1783073700000,7507.28,7508.65,7505.9,7507.9
1783074600000,7508.15,7510.2699999999995,7507.65,7510.2699999999995
1783075500000,7510.4,7510.65,7508.15,7508.65
1783076400000,7508.400000000001,7508.400000000001,7505.02,7506.150000000001
1783077300000,7506.4,7506.9,7503.4,7504.5199999999995
1783078200000,7504.65,7506.4,7503.65,7505.4
1783079100000,7505.65,7509.4,7505.15,7509.4
1783080000000,7509.15,7513.28,7507.4,7508.15
1783080900000,7508.03,7508.78,7505.9,7507.65
1783081800000,7507.9,7509.4,7507.03,7508.15
1783082700000,7508.2699999999995,7509.9,7508.15,7509.4
1783083600000,7509.65,7511.15,7507.9,7508.4
1783084500000,7508.650000000001,7512.150000000001,7508.27,7510.900000000001
1783085400000,7511.15,7515.9,7509.15,7509.5199999999995
1783086300000,7509.65,7511.4,7506.15,7510.9
1783087200000,7511.15,7511.4,7507.15,7507.9
1783088100000,7507.65,7512.65,7507.65,7511.4
1783089000000,7511.65,7518.4,7510.9,7515.4
1783089900000,7515.15,7517.9,7514.65,7516.9
1783090800000,7517.15,7517.15,7513.9,7515.15
1783091700000,7515.4,7517.15,7511.9,7512.15
1783092600000,7512.4,7514.9,7511.15,7514.4
1783093500000,7514.53,7516.9,7514.15,7515.65
1783094400000,7515.4,7515.4,7513.53,7513.9
1783095300000,7514.03,7515.4,7511.4,7511.65
1783096200000,7511.9,7515.65,7510.53,7515.15
1783097100000,7515.4,7515.9,7511.78,7513.9
1783098000000,7513.78,7513.78,7513.78,7513.78
1783288800000,7524.400000000001,7526.400000000001,7509.88,7515.63
1783289700000,7515.62,7520.63,7514.37,7519.87
1783290600000,7520.13,7524.63,7520.12,7523.87
1783291500000,7523.88,7526.13,7520.37,7521.13
1783292400000,7520.87,7526.88,7519.12,7526.37
1783293300000,7526.38,7527.13,7523.12,7523.62
1783294200000,7523.88,7526.87,7523.12,7523.88
1783295100000,7523.62,7528.88,7522.37,7528.12
1783296000000,7528.38,7528.88,7518.12,7528.37
1783296900000,7528.38,7532.38,7517.87,7518.12
1783297800000,7518.38,7525.88,7515.63,7524.63
1783298700000,7524.62,7529.13,7522.87,7524.12
1783299600000,7524.13,7524.88,7518.37,7521.38
1783300500000,7521.37,7522.63,7511.13,7514.62
1783301400000,7514.88,7519.88,7514.62,7515.87
1783302300000,7515.88,7515.88,7508.12,7511.88
1783303200000,7512.12,7514.13,7506.62,7507.12
1783304100000,7507.38,7509.13,7504.87,7505.37
1783305000000,7505.63,7506.38,7499.37,7500.12
1783305900000,7500.38,7503.63,7498.62,7502.63
1783306800000,7502.62,7505.38,7499.87,7502.63
1783307700000,7502.37,7504.63,7501.12,7504.12
1783308600000,7504.38,7506.13,7500.12,7500.13
1783309500000,7500.12,7501.63,7496.62,7500.63
1783310400000,7500.87,7505.13,7498.12,7505.13
1783311300000,7504.87,7506.63,7504.12,7506.12
1783312200000,7506.13,7510.13,7505.62,7509.12
1783313100000,7509.38,7511.13,7507.62,7510.63
1783314000000,7510.88,7512.38,7507.87,7511.38
1783314900000,7511.13,7512.88,7507.12,7507.12
1783315800000,7507.38,7510.38,7503.37,7508.87
1783316700000,7508.88,7510.88,7506.62,7508.38
1783317600000,7508.63,7510.38,7504.62,7505.12
1783318500000,7505.13,7510.38,7504.87,7509.38
1783319400000,7509.13,7514.13,7508.62,7513.12
1783320300000,7513.13,7513.13,7510.87,7512.88
1783321200000,7512.62,7516.25,7510.75,7514.75
1783322100000,7515,7517.25,7513,7513.75
1783323000000,7514,7521.12,7513,7521
1783323900000,7520.88,7521.75,7519.5,7521.25
1783324800000,7521.13,7525,7517,7518.75
1783325700000,7519,7521,7514.75,7520.5
1783326600000,7520.25,7520.75,7516.25,7520
1783327500000,7520.12,7521.75,7518.25,7521.25
1783328400000,7521,7521.5,7517.25,7518.25
1783329300000,7518.37,7521,7517.25,7520.75
1783330200000,7520.62,7521,7517.25,7518.5
1783331100000,7518.75,7523.87,7515.75,7523.5
1783332000000,7523.38,7524.87,7519,7523.25
1783332900000,7523.12,7524,7520.75,7521
1783333800000,7521.25,7524,7519.25,7519.38
1783334700000,7519.25,7521.5,7517.75,7521.5
1783335600000,7521.62,7523.5,7516.5,7518.25
1783336500000,7518.37,7521.5,7517.75,7518.38
1783337400000,7518.5,7520.75,7517.75,7519.25
1783338300000,7519.38,7521.25,7514.63,7515
1783339200000,7514.88,7521.5,7513.88,7521
1783340100000,7521.25,7522.87,7514.5,7516.75
1783341000000,7516.62,7521.75,7515.12,7517.5
1783341900000,7517.75,7521,7517.5,7521
1783342800000,7521.25,7521.75,7513.5,7513.75
1783343700000,7514.25,7523.12,7510.25,7523.12
1783344600000,7522.25,7531.25,7510.75,7523.38
1783345500000,7523.13,7532.25,7519.25,7522.38
1783346400000,7522.37,7531.75,7517.25,7531.5
1783347300000,7531.25,7537.25,7527,7537
1783348200000,7537.25,7539.25,7528.75,7534.25
1783349100000,7534.5,7540.75,7532.5,7540.5
1783350000000,7540.75,7541.87,7536.25,7539
1783350900000,7538.75,7545.75,7533.75,7545.5
1783351800000,7545.25,7547.25,7541.25,7545.75
1783352700000,7546,7547.25,7543.75,7546
1783353600000,7545.88,7548.5,7544,7547
1783354500000,7547.25,7548.75,7543.25,7544
1783355400000,7543.75,7545.12,7541.5,7544.75
1783356300000,7545,7548.5,7541.25,7542.25
1783357200000,7542,7553,7541.5,7551.25
1783358100000,7551.5,7552,7543.75,7544.5
1783359000000,7544.75,7545,7533.75,7538
1783359900000,7537.75,7542.5,7535.75,7538.5
1783360800000,7539,7548.25,7538.75,7547.5
1783361700000,7547.75,7553,7547.5,7550.5
1783362600000,7550.25,7552.5,7547.25,7549.5
1783363500000,7549.75,7557.25,7549.25,7556.5
1783364400000,7556.75,7558.25,7553.5,7554.5
1783365300000,7554.75,7560.5,7553.5,7559.25
1783366200000,7559,7559.5,7554,7556.75
1783367100000,7556.5,7558.75,7546.25,7552
1783368000000,7551.75,7555.75,7549.75,7555
1783368900000,7554.75,7556.5,7552.5,7554
1783369800000,7554.25,7555.25,7553.5,7555
1783370700000,7554.75,7556.12,7552.25,7554.9
1783375200000,7556.599999999999,7558.58,7555.07,7558.58
1783376100000,7558.57,7559.83,7557.57,7557.83
1783377000000,7557.57,7559.83,7556.32,7558.08
1783377900000,7557.82,7558.08,7551.82,7553.33
1783378800000,7552.82,7557.08,7552.57,7554.83
1783379700000,7554.57,7554.83,7550.82,7551.82
1783380600000,7551.83,7553.08,7549.07,7549.33
1783381500000,7549.07,7549.33,7543.32,7544.83
1783382400000,7544.33,7549.33,7542.57,7545.32
1783383300000,7545.33,7554.08,7544.32,7549.07
1783384200000,7549.32,7550.08,7542.57,7546.07
1783385100000,7546.08,7548.33,7543.82,7544.07
1783386000000,7544.08,7546.33,7543.07,7544.07
1783386900000,7544.33,7545.33,7539.82,7540.82
1783387800000,7540.83,7545.08,7538.32,7545.08
1783388700000,7545.07,7547.58,7541.82,7542.32
1783389600000,7542.58,7546.33,7541.32,7544.82
1783390500000,7545.08,7546.33,7541.32,7541.58
1783391400000,7541.32,7542.08,7538.82,7541.32
1783392300000,7541.33,7541.33,7537.82,7538.07
1783393200000,7538.33,7542.33,7537.82,7539.08
1783394100000,7538.82,7539.33,7533.82,7534.33
1783395000000,7533.83,7536.08,7532.32,7533.57
1783395900000,7533.83,7533.83,7529.82,7533.07
1783396800000,7533.08,7533.83,7530.82,7530.82
1783397700000,7530.83,7531.58,7528.57,7530.33
1783398600000,7530.32,7532.08,7526.57,7527.83
1783399500000,7527.82,7528.58,7525.82,7527.83
1783400400000,7527.57,7527.83,7523.82,7524.32
1783401300000,7524.33,7525.83,7522.32,7524.82
1783402200000,7525.08,7531.33,7524.82,7529.82
1783403100000,7529.83,7533.83,7527.82,7532.58
1783404000000,7532.07,7533.58,7526.07,7526.83
1783404900000,7526.82,7531.08,7526.57,7529.83
1783405800000,7529.58,7532.33,7528.07,7532.32
1783406700000,7532.33,7533.58,7529.57,7532.57
1783407600000,7532.83,7536.7,7530.57,7535.7
1783408500000,7535.95,7538.95,7535.45,7538.2
1783409400000,7538.07,7538.45,7535.7,7535.95
1783410300000,7535.7,7537.2,7530.95,7531.2
1783411200000,7531.45,7537.58,7530.2,7536.95
1783412100000,7536.83,7540.7,7536.2,7540.7
1783413000000,7540.82,7541.95,7538.95,7540.2
1783413900000,7539.95,7541.45,7537.2,7537.95
1783414800000,7538.2,7541.7,7535.45,7541.45
1783415700000,7541.2,7542.33,7539.2,7539.45
1783416600000,7539.7,7541.45,7537.2,7540.7
1783417500000,7540.83,7541.7,7538.95,7540.95
1783418400000,7541.08,7543.45,7537.7,7538.32
1783419300000,7538.2,7542.45,7537.95,7540.45
1783420200000,7540.2,7540.45,7537.45,7537.95
1783421100000,7538.08,7538.7,7532.45,7536.7
1783422000000,7536.45,7537.2,7531.2,7532.95
1783422900000,7532.83,7537.2,7532.83,7534.7
1783423800000,7534.95,7534.95,7531.45,7534.32
1783424700000,7534.2,7538.45,7532.45,7537.95
1783425600000,7538.07,7544.7,7537.2,7542.7
1783426500000,7542.45,7543.2,7538.08,7542.58
1783427400000,7542.7,7545.95,7539.95,7544.7
1783428300000,7544.58,7545.2,7537.95,7539.82
1783429200000,7539.95,7540.57,7534.65,7539.7
1783430100000,7539.95,7542.2,7537.45,7539.7
1783431000000,7538.95,7546.7,7528.7,7538.95
1783431900000,7539.08,7539.45,7519.7,7525.45
1783432800000,7525.2,7528.95,7506.7,7507.2
1783433700000,7507.45,7514.2,7497.7,7503.7
1783434600000,7503.45,7506.7,7488.7,7494.2
1783435500000,7494.08,7505.45,7493.45,7500.95
1783436400000,7500.82,7503.2,7495.7,7496.95
1783437300000,7497.2,7499.7,7493.7,7499.7
1783438200000,7499.95,7500.7,7490.58,7500.45
1783439100000,7500.2,7510.2,7500.2,7509.95
1783440000000,7510.2,7518.2,7508.95,7516.95
1783440900000,7517.2,7526.2,7514.95,7524.45
1783441800000,7523.95,7526.7,7518.95,7525.2
1783442700000,7525.45,7527.7,7521.95,7526.45
1783443600000,7526.32,7529.95,7524.2,7524.7
1783444500000,7524.95,7528.45,7520.95,7525.2
1783445400000,7525.45,7529.45,7524.95,7527.7
1783446300000,7527.95,7528.2,7523.2,7528.2
1783447200000,7528.45,7529.2,7524.7,7526.45
1783448100000,7526.7,7529.45,7525.45,7526.45
1783449000000,7526.7,7527.2,7520.7,7523.7
1783449900000,7523.95,7524.95,7510.7,7511.45
1783450800000,7511.7,7513.45,7501.45,7504.2
1783451700000,7503.95,7507.2,7496.2,7503.2
1783452600000,7503.07,7508.82,7500.45,7501.95
1783453500000,7502.2,7515.95,7501.7,7512.45
1783454400000,7512.7,7513.45,7508.45,7511.2
1783455300000,7510.7,7511.7,7507.07,7509.7
1783456200000,7509.95,7512.2,7509.2,7510.95
1783457100000,7510.7,7511.95,7509.95,7510.849999999999
1783461600000,7502.65,7507.38,7497.37,7505.63
1783462500000,7505.62,7507.38,7504.37,7506.38
1783463400000,7506.37,7508.38,7504.87,7505.37
1783464300000,7505.38,7508.63,7504.12,7507.38
1783465200000,7507.12,7509.13,7504.37,7507.37
1783466100000,7507.38,7512.63,7506.87,7511.63
1783467000000,7511.62,7512.63,7503.62,7504.12
1783467900000,7504.38,7506.38,7497.87,7498.88
1783468800000,7498.87,7509.13,7493.37,7507.62
1783469700000,7507.63,7515.88,7505.12,7512.38
1783470600000,7512.37,7519.38,7508.12,7519.13
1783471500000,7518.87,7521.63,7517.37,7521.38
1783472400000,7521.37,7522.88,7516.62,7522.38
1783473300000,7522.37,7522.63,7515.62,7516.63
1783474200000,7516.62,7517.88,7510.62,7513.88
1783475100000,7513.87,7517.88,7511.62,7512.87
1783476000000,7513.38,7513.63,7507.12,7507.88
1783476900000,7507.87,7512.88,7506.62,7508.63
1783477800000,7508.62,7512.38,7506.37,7512.38
1783478700000,7512.37,7514.88,7511.37,7512.87
1783479600000,7513.37,7517.38,7513.37,7516.38
1783480500000,7516.37,7520.13,7514.87,7519.62
1783481400000,7519.63,7521.38,7514.87,7515.37
1783482300000,7515.62,7516.38,7513.87,7514.38
1783483200000,7514.63,7514.88,7510.62,7512.13
1783484100000,7511.87,7515.88,7510.87,7513.88
1783485000000,7513.62,7514.38,7508.62,7511.12
1783485900000,7511.13,7512.88,7507.12,7511.12
1783486800000,7511.38,7514.63,7509.62,7510.37
1783487700000,7510.63,7513.13,7507.12,7507.87
1783488600000,7507.88,7507.88,7502.87,7504.12
1783489500000,7504.13,7505.63,7498.62,7503.37
1783490400000,7503.88,7504.13,7500.12,7501.63
1783491300000,7501.37,7504.88,7498.87,7500.13
1783492200000,7499.62,7501.38,7493.62,7494.13
1783493100000,7493.87,7501.38,7492.62,7499.12
1783494000000,7499.13,7500.13,7492,7495.5
1783494900000,7495.37,7501.75,7492.5,7501.38
1783495800000,7501.25,7507.5,7500,7504.75
1783496700000,7505,7505.5,7500.5,7501.25
1783497600000,7501.5,7506.75,7496.75,7505.5
1783498500000,7505.63,7506.37,7456.5,7457.25
1783499400000,7457,7458.75,7437.5,7446.5
1783500300000,7446.25,7454.25,7439,7440.5
1783501200000,7441,7443.25,7428.75,7428.75
1783502100000,7428.63,7437.5,7428.63,7434.75
1783503000000,7434.5,7443.75,7433.5,7439.13
1783503900000,7438.87,7440,7433,7434.5
1783504800000,7435,7438,7428.45,7432.83
1783505700000,7432.82,7441.13,7429.95,7440.75
1783506600000,7440.5,7448.5,7437.13,7447.75
1783507500000,7447.5,7450.42,7444.8,7446.05
1783508400000,7445.93,7449.05,7441.3,7445.17
1783509300000,7445.18,7446.75,7439.5,7442
1783510200000,7442.75,7466,7440.5,7457.62
1783511100000,7457.63,7464.55,7453.75,7458.8
1783512000000,7458.67,7471.92,7453.05,7468.05
1783512900000,7468.3,7472.8,7464.55,7472.3
1783513800000,7472.05,7474.92,7468.05,7472.3
1783514700000,7472.05,7478.8,7464.8,7465.55
1783515600000,7465.43,7475.8,7465.05,7473.8
1783516500000,7473.93,7474.55,7464.3,7467.05
1783517400000,7470.8,7483.3,7462.05,7478.8
1783518300000,7478.3,7484.8,7467.55,7476.3
1783519200000,7476.05,7482.55,7466.05,7468.05
1783520100000,7467.8,7481.05,7462.05,7466.3
1783521000000,7465.3,7472.05,7455.05,7459.55
1783521900000,7459.8,7463.3,7444.8,7453.55
1783522800000,7453.8,7455.3,7444.55,7446.05
1783523700000,7445.55,7450.8,7430.3,7434.3
1783524600000,7434.8,7447.8,7429.8,7442.3
1783525500000,7442.05,7445.05,7435.05,7441.3
1783526400000,7441.05,7458.55,7441.05,7457.92
1783527300000,7458.05,7469.8,7455.3,7466.55
1783528200000,7466.05,7477.3,7459.8,7474.55
1783529100000,7474.92,7482.8,7471.05,7482.05
1783530000000,7482.55,7482.8,7474.8,7478.3
1783530900000,7478.05,7493.05,7478.05,7492.8
1783531800000,7493.05,7496.3,7483.8,7485.05
1783532700000,7484.8,7485.3,7474.8,7479.55
1783533600000,7479.05,7490.05,7475.67,7488.05
1783534500000,7488.3,7489.3,7481.8,7481.8
1783535400000,7481.55,7488.05,7477.8,7485.8
1783536300000,7485.55,7490.55,7483.05,7488.55
1783537200000,7488.93,7492.55,7483.18,7483.8
1783538100000,7483.92,7488.55,7482.05,7487.05
1783539000000,7486.93,7488.55,7483.3,7488.05
1783539900000,7487.8,7496.55,7478.55,7487.05
1783540800000,7486.8,7489.55,7478.8,7484.05
1783541700000,7484.3,7484.3,7476.55,7478.05
1783542600000,7477.93,7478.93,7468.55,7474.92
1783543500000,7475.05,7478.8,7473.45,7475.7
1783548000000,7478.5,7483.98,7477.75,7481.47
1783548900000,7481.4800000000005,7483.4800000000005,7477.97,7480.2300000000005
1783549800000,7480.22,7483.7300000000005,7477.97,7477.97
1783550700000,7477.9800000000005,7480.4800000000005,7477.72,7479.97
1783551600000,7479.9800000000005,7483.4800000000005,7479.72,7483.2300000000005
1783552500000,7482.97,7483.2300000000005,7477.17,7480.92
1783553400000,7480.68,7485.93,7478.17,7484.93
1783554300000,7484.67,7488.93,7483.92,7487.93
1783555200000,7488.18,7494.43,7486.42,7494.18
1783556100000,7493.93,7494.68,7487.67,7494.18
1783557000000,7494.43,7497.43,7491.92,7492.7300000000005
1783557900000,7492.47,7497.2300000000005,7489.72,7493.2300000000005
1783558800000,7493.4800000000005,7496.18,7488.72,7493.42
1783559700000,7493.68,7497.92,7491.67,7494.43
1783560600000,7494.42,7496.93,7492.17,7496.68
1783561500000,7496.67,7498.43,7489.67,7490.68
1783562400000,7490.92,7499.43,7487.67,7499.18
1783563300000,7498.92,7503.68,7497.67,7499.92
1783564200000,7499.67,7501.43,7492.17,7492.17
1783565100000,7492.43,7493.18,7487.67,7489.43
1783566000000,7489.67,7490.93,7486.17,7488.42
1783566900000,7488.43,7495.68,7485.42,7495.67
1783567800000,7495.93,7500.43,7494.92,7499.92
1783568700000,7500.18,7500.68,7497.92,7499.67
1783569600000,7499.68,7501.18,7498.42,7498.93
1783570500000,7498.92,7501.43,7495.67,7496.93
1783571400000,7496.92,7504.43,7496.92,7504.18
1783572300000,7504.17,7507.43,7502.42,7506.68
1783573200000,7506.42,7514.42,7501.42,7509.93
1783574100000,7509.67,7510.93,7501.17,7501.92
1783575000000,7502.17,7505.68,7496.67,7505.42
1783575900000,7505.43,7513.43,7504.67,7512.92
1783576800000,7512.93,7514.18,7507.67,7510.93
1783577700000,7510.67,7513.93,7510.42,7511.92
1783578600000,7512.17,7512.93,7508.92,7512.42
1783579500000,7512.17,7512.18,7508.92,7510.43
1783580400000,7510.17,7513.8,7508.8,7513.8
1783581300000,7514.05,7514.8,7510.05,7512.3
1783582200000,7512.43,7517.3,7510.05,7517.05
1783583100000,7517.3,7518.17,7511.93,7514.05
1783584000000,7514.18,7518.55,7512.05,7513.55
1783584900000,7513.68,7517.55,7511.05,7513.8
1783585800000,7513.55,7514.55,7506.3,7507.93
1783586700000,7507.8,7508.55,7502.55,7506.3
1783587600000,7506.05,7507.3,7501.8,7503.3
1783588500000,7503.18,7504.55,7501.05,7502.92
1783589400000,7502.8,7504.05,7494.55,7497.3
1783590300000,7497.18,7502.55,7497.05,7502.43
1783591200000,7502.3,7503.55,7500.05,7502.55
1783592100000,7502.3,7504.55,7499.68,7501.05
1783593000000,7500.55,7502.05,7497.3,7500.55
1783593900000,7500.68,7501.55,7487.55,7495.05
1783594800000,7495.43,7499.3,7491.93,7498.05
1783595700000,7497.8,7500.3,7495.18,7499.05
1783596600000,7499.3,7502.55,7496.8,7501.68
1783597500000,7501.8,7507.05,7501.05,7504.05
1783598400000,7503.8,7510.42,7503.05,7507.05
1783599300000,7507.3,7511.3,7505.55,7511.18
1783600200000,7511.17,7515.05,7508.3,7508.3
1783601100000,7508.55,7508.55,7504.3,7505.3
1783602000000,7505.05,7509.3,7504.8,7508.05
1783602900000,7508.3,7511.05,7505.3,7507.05
1783603800000,7507.92,7519.8,7491.05,7518.8
1783604700000,7518.55,7527.05,7512.05,7521.67
1783605600000,7522.3,7525.05,7507.05,7510.05
1783606500000,7509.8,7516.55,7490.42,7513.3
1783607400000,7513.55,7519.55,7505.55,7513.68
1783608300000,7513.8,7524.3,7507.55,7522.55
1783609200000,7523.05,7531.3,7521.3,7527.3
1783610100000,7527.55,7535.55,7525.3,7533.3
1783611000000,7533.55,7538.3,7530.55,7537.3
1783611900000,7537.05,7538.55,7533.8,7534.55
1783612800000,7534.8,7541.8,7534.8,7541.3
1783613700000,7541.05,7544.3,7540.3,7542.3
1783614600000,7542.18,7544.8,7539.3,7542.8
1783615500000,7543.05,7543.3,7538.3,7540.3
1783616400000,7540.55,7550.05,7540.05,7548.05
1783617300000,7548.18,7554.05,7548.05,7553.8
1783618200000,7554.05,7554.8,7550.8,7553.05
1783619100000,7553.3,7555.55,7549.55,7552.05
1783620000000,7552.3,7554.05,7550.3,7553.3
1783620900000,7553.05,7554.55,7547.8,7550.05
1783621800000,7550.3,7551.3,7546.05,7548.55
1783622700000,7548.05,7548.55,7543.8,7545.8
1783623600000,7545.93,7546.05,7541.8,7544.05
1783624500000,7544.3,7549.05,7543.55,7545.8
1783625400000,7545.55,7549.55,7544.05,7548.8
1783626300000,7548.55,7551.05,7543.3,7551.05
1783627200000,7551.3,7552.55,7546.55,7551.3
1783628100000,7551.42,7552.3,7547.05,7547.55
1783629000000,7547.3,7550.55,7547.3,7548.3
1783629900000,7548.55,7548.55,7545.3,7546.7
1783634400000,7547.45,7549.43,7544.92,7545.93
1783635300000,7545.67,7547.18,7544.42,7545.18
1783636200000,7544.92,7546.93,7544.92,7546.42
1783637100000,7546.68,7547.68,7546.17,7547.43
1783638000000,7547.42,7550.18,7545.67,7549.92
1783638900000,7549.93,7552.18,7548.67,7551.93
1783639800000,7552.18,7552.18,7550.17,7550.42
1783640700000,7550.43,7551.93,7547.42,7549.43
1783641600000,7549.18,7550.43,7541.42,7544.17
1783642500000,7544.43,7545.18,7538.17,7540.43
1783643400000,7540.18,7540.93,7536.42,7537.93
1783644300000,7537.67,7541.43,7535.67,7541.17
1783645200000,7541.43,7542.18,7536.42,7538.42
1783646100000,7538.17,7540.68,7537.67,7540.18
1783647000000,7540.17,7542.78,7538.42,7540.77
1783647900000,7541.030000000001,7545.030000000001,7540.27,7541.52
1783648800000,7541.530000000001,7543.530000000001,7538.52,7541.530000000001
1783649700000,7541.280000000001,7541.530000000001,7537.97,7540.22
1783650600000,7540.2300000000005,7543.4800000000005,7538.97,7542.4800000000005
1783651500000,7542.47,7547.2300000000005,7541.97,7547.2300000000005
1783652400000,7547.22,7549.4800000000005,7546.47,7547.72
1783653300000,7547.7300000000005,7547.9800000000005,7544.47,7544.47
1783654200000,7544.4800000000005,7544.9800000000005,7543.22,7543.9800000000005
1783655100000,7543.72,7544.7300000000005,7542.47,7544.4800000000005
1783656000000,7544.22,7545.2300000000005,7543.22,7544.72
1783656900000,7544.9800000000005,7544.9800000000005,7541.47,7542.22
1783657800000,7542.2300000000005,7542.7300000000005,7540.72,7541.7300000000005
1783658700000,7541.72,7541.9800000000005,7538.22,7538.47
1783659600000,7538.7300000000005,7539.4800000000005,7537.47,7538.97
1783660500000,7538.72,7540.4800000000005,7537.72,7539.2300000000005
1783661400000,7539.22,7539.72,7537.72,7539.47
1783662300000,7539.7300000000005,7539.9800000000005,7536.72,7537.4800000000005
1783663200000,7537.7300000000005,7540.4800000000005,7536.72,7537.22
1783664100000,7536.97,7537.2300000000005,7531.72,7532.7300000000005
1783665000000,7532.72,7537.7300000000005,7531.47,7533.72
1783665900000,7533.7300000000005,7536.2300000000005,7533.47,7534.9800000000005
1783666800000,7534.97,7538.6,7532.85,7538.6
1783667700000,7538.72,7540.6,7536.35,7539.85
1783668600000,7539.72,7539.85,7536.6,7536.6
1783669500000,7536.72,7536.85,7530.6,7533.1
1783670400000,7533.35,7539.6,7530.6,7539.35
1783671300000,7539.1,7540.1,7535.6,7536.35
1783672200000,7536.1,7537.1,7533.85,7536.47
1783673100000,7536.35,7538.1,7534.85,7535.35
1783674000000,7535.6,7541.35,7529.35,7541.1
1783674900000,7540.9800000000005,7543.1,7540.85,7541.85
1783675800000,7541.599999999999,7543.349999999999,7540.48,7541.599999999999
1783676700000,7541.72,7542.85,7541.1,7541.97
1783677600000,7542.1,7546.85,7542.1,7545.85
1783678500000,7546.1,7547.6,7542.85,7547.1
1783679400000,7547.35,7551.6,7547.22,7551.35
1783680300000,7551.47,7551.6,7548.35,7551.35
1783681200000,7551.1,7553.1,7550.35,7551.1
1783682100000,7550.97,7552.35,7547.6,7547.85
1783683000000,7547.7300000000005,7547.7300000000005,7541.85,7545.6
1783683900000,7545.35,7546.85,7543.35,7544.35
1783684800000,7544.599999999999,7556.099999999999,7538.23,7550.099999999999
1783685700000,7549.85,7551.1,7546.35,7548.6
1783686600000,7548.9800000000005,7553.35,7545.35,7549.6
1783687500000,7549.73,7553.099999999999,7548.73,7549.099999999999
1783688400000,7549.35,7552.1,7547.85,7551.85
1783689300000,7551.6,7555.1,7550.6,7553.1
1783690200000,7554.35,7565.1,7551.1,7555.35
1783691100000,7555.6,7565.35,7553.85,7562.6
1783692000000,7562.35,7566.6,7557.85,7560.1
1783692900000,7560.35,7564.35,7554.1,7558.85
1783693800000,7559.6,7563.6,7514.22,7554.1
1783694700000,7554.35,7559.1,7543.85,7545.35
1783695600000,7545.85,7553.6,7539.6,7552.85
1783696500000,7552.6,7567.6,7552.6,7566.1
1783697400000,7566.35,7567.35,7546.85,7553.35
1783698300000,7553.6,7562.35,7549.1,7561.1
1783699200000,7561.35,7566.35,7561.35,7564.85
1783700100000,7565.1,7570.1,7564.6,7564.97
1783701000000,7565.1,7569.85,7563.6,7569.35
1783701900000,7569.1,7574.85,7569.1,7573.6
1783702800000,7573.85,7573.85,7568.35,7571.6
1783703700000,7571.35,7574.1,7571.1,7573.85
1783704600000,7574.1,7577.85,7572.6,7574.85
1783705500000,7575.1,7577.6,7573.1,7573.6
1783706400000,7573.85,7579.35,7573.1,7576.85
1783707300000,7577.1,7579.85,7574.85,7578.35
1783708200000,7578.6,7580.4800000000005,7577.35,7579.35
1783709100000,7579.6,7581.1,7579.1,7579.6
1783710000000,7579.85,7586.1,7579.1,7585.6
1783710900000,7585.35,7586.1,7583.35,7583.85
1783711800000,7583.6,7586.1,7582.1,7584.35
1783712700000,7583.85,7588.1,7578.85,7582.35
1783713600000,7581.849999999999,7585.599999999999,7579.23,7583.599999999999
1783714500000,7583.35,7586.1,7582.85,7585.6
1783715400000,7585.85,7587.1,7585.1,7586.6
1783716300000,7586.35,7589.6,7585.6,7586.5
1783893600000,7568.8,7574.55,7556.52,7556.530000000001
1783894500000,7556.780000000001,7561.030000000001,7555.27,7559.530000000001
1783895400000,7559.52,7563.530000000001,7559.27,7563.030000000001
1783896300000,7562.77,7565.030000000001,7560.27,7564.02
1783897200000,7564.280000000001,7564.280000000001,7561.27,7562.02
1783898100000,7562.280000000001,7562.280000000001,7559.77,7561.280000000001
1783899000000,7561.02,7561.780000000001,7559.27,7560.530000000001
1783899900000,7560.5199999999995,7562.78,7556.28,7562.53
1783900800000,7562.780000000001,7578.780000000001,7559.52,7576.030000000001
1783901700000,7575.77,7578.030000000001,7570.27,7571.02
1783902600000,7571.280000000001,7571.530000000001,7560.02,7564.030000000001
1783903500000,7564.02,7566.280000000001,7556.02,7560.27
1783904400000,7560.52,7561.030000000001,7553.77,7557.030000000001
1783905300000,7557.02,7562.530000000001,7555.27,7558.030000000001
1783906200000,7557.77,7562.030000000001,7556.02,7557.77
1783907100000,7558.030000000001,7558.030000000001,7552.02,7555.530000000001
1783908000000,7555.27,7556.530000000001,7551.02,7552.780000000001
1783908900000,7552.77,7557.530000000001,7552.02,7556.030000000001
1783909800000,7556.02,7556.280000000001,7552.02,7553.27
1783910700000,7553.280000000001,7554.030000000001,7549.02,7549.27
1783911600000,7549.530000000001,7549.780000000001,7546.52,7547.77
1783912500000,7548.030000000001,7550.030000000001,7546.52,7549.02
1783913400000,7549.280000000001,7550.030000000001,7546.52,7547.52
1783914300000,7547.780000000001,7549.280000000001,7546.02,7546.530000000001
1783915200000,7546.52,7546.780000000001,7542.52,7543.52
1783916100000,7543.530000000001,7546.530000000001,7542.77,7544.030000000001
1783917000000,7544.280000000001,7544.780000000001,7539.27,7540.02
1783917900000,7540.030000000001,7541.780000000001,7539.02,7540.780000000001
1783918800000,7540.52,7547.530000000001,7538.52,7546.780000000001
1783919700000,7547.030000000001,7547.030000000001,7534.02,7534.780000000001
1783920600000,7534.77,7542.280000000001,7529.77,7538.780000000001
1783921500000,7538.77,7541.530000000001,7534.52,7541.530000000001
1783922400000,7541.52,7544.030000000001,7537.52,7538.27
1783923300000,7538.530000000001,7546.780000000001,7538.02,7546.780000000001
1783924200000,7546.77,7548.030000000001,7542.02,7546.030000000001
1783925100000,7545.77,7548.030000000001,7544.02,7547.27
1783926000000,7547.78,7554.4,7544.9,7553.9
1783926900000,7554.15,7554.4,7548.65,7549.9
1783927800000,7549.65,7552.15,7545.4,7550.28
1783928700000,7550.4,7552.4,7547.65,7550.9
1783929600000,7551.4,7559.4,7550.15,7559.2699999999995
1783930500000,7559.150000000001,7561.900000000001,7558.52,7558.900000000001
1783931400000,7559.03,7560.65,7556.4,7559.65
1783932300000,7559.4,7562.65,7558.65,7561.78
1783933200000,7561.650000000001,7561.900000000001,7558.27,7560.280000000001
1783934100000,7560.15,7566.4,7559.9,7565.9
1783935000000,7566.15,7567.15,7564.28,7565.9
1783935900000,7565.65,7565.9,7563.4,7564.9
1783936800000,7565.15,7565.65,7561.4,7562.4
1783937700000,7562.15,7564.9,7560.65,7561.15
1783938600000,7561.280000000001,7562.650000000001,7560.27,7560.650000000001
1783939500000,7560.78,7563.15,7560.28,7561.15
1783940400000,7561.9,7567.65,7559.65,7561.0199999999995
1783941300000,7560.9,7563.9,7558.4,7562.9
1783942200000,7562.7699999999995,7565.4,7561.15,7561.2699999999995
1783943100000,7561.15,7561.4,7555.4,7557.4
1783944000000,7557.65,7561.4,7551.03,7555.65
1783944900000,7555.9,7556.65,7552.53,7552.9
1783945800000,7552.65,7554.65,7549.15,7554.15
1783946700000,7554.03,7560.4,7553.9,7560.15
1783947600000,7560.4,7562.9,7558.4,7559.65
1783948500000,7559.4,7559.9,7556.15,7558.65
1783949400000,7559.65,7572.9,7557.9,7564.15
1783950300000,7564.4,7571.9,7553.65,7570.65
1783951200000,7571.15,7573.65,7557.15,7566.9
1783952100000,7566.65,7567.9,7537.03,7565.15
1783953000000,7565.4,7566.9,7546.4,7549.15
1783953900000,7548.9,7562.15,7544.15,7561.65
1783954800000,7561.9,7564.65,7553.65,7555.4
1783955700000,7555.15,7560.15,7553.15,7558.15
1783956600000,7558.4,7559.65,7551.15,7551.4
1783957500000,7551.15,7552.15,7545.15,7546.65
1783958400000,7546.4,7552.4,7543.65,7548.65
1783959300000,7548.9,7548.9,7533.65,7537.15
1783960200000,7537.2699999999995,7539.65,7523.4,7538.4
1783961100000,7538.15,7541.15,7527.15,7533.4
1783962000000,7534.15,7541.15,7532.15,7535.15
1783962900000,7535.4,7538.4,7530.03,7532.9
1783963800000,7533.15,7535.9,7529.4,7534.9
1783964700000,7534.65,7537.4,7526.65,7526.9
1783965600000,7527.15,7536.65,7526.15,7532.4
1783966500000,7532.15,7532.9,7525.15,7526.9
1783967400000,7526.65,7535.15,7524.4,7533.15
1783968300000,7533.4,7535.4,7529.4,7530.4
1783969200000,7530.9,7534.4,7525.53,7527.4
1783970100000,7527.65,7528.9,7517.15,7518.15
1783971000000,7518.4,7524.65,7514.65,7524.15
1783971900000,7524.4,7531.4,7520.9,7526.15
1783972800000,7525.65,7526.65,7520.9,7522.65
1783973700000,7522.9,7522.9,7510.9,7519.03
1783974600000,7518.9,7518.9,7516.15,7517.4
1783975500000,7517.15,7518.65,7515.15,7517.299999999999
1783980000000,7520.1,7527.08,7519.85,7521.570000000001
1783980900000,7521.58,7524.08,7519.32,7519.57
1783981800000,7519.58,7521.33,7518.57,7521.08
1783982700000,7521.07,7523.08,7515.07,7516.08
1783983600000,7516.07,7516.08,7510.32,7511.57
1783984500000,7511.83,7515.33,7510.82,7511.58
1783985400000,7511.07,7512.08,7506.32,7506.58
1783986300000,7506.57,7517.58,7505.57,7517.32
1783987200000,7517.82,7520.83,7503.82,7520.07
1783988100000,7519.82,7521.58,7504.32,7509.83
1783989000000,7510.08,7518.58,7505.82,7508.33
1783989900000,7508.58,7524.57,7508.32,7522.57
1783990800000,7522.82,7524.33,7518.32,7518.82
1783991700000,7518.83,7523.83,7517.82,7520.33
1783992600000,7520.32,7521.33,7511.32,7515.58
1783993500000,7515.57,7519.83,7510.07,7512.33
1783994400000,7512.32,7518.83,7509.82,7510.33
1783995300000,7510.32,7511.83,7503.57,7507.33
1783996200000,7507.07,7513.83,7503.32,7512.32
1783997100000,7512.33,7513.33,7503.82,7504.58
1783998000000,7504.83,7505.08,7498.57,7499.33
1783998900000,7499.08,7504.33,7496.07,7504.32
1783999800000,7504.33,7508.08,7499.07,7500.08
1784000700000,7500.07,7508.83,7499.32,7508.08
1784001600000,7508.07,7511.83,7502.57,7504.82
1784002500000,7505.07,7513.83,7503.57,7512.82
1784003400000,7512.83,7521.33,7511.82,7520.08
1784004300000,7520.07,7525.33,7519.82,7524.32
1784005200000,7524.07,7527.07,7522.07,7526.57
1784006100000,7526.83,7533.82,7525.57,7533.82
1784007000000,7534.07,7537.83,7531.32,7532.83
1784007900000,7532.82,7534.33,7531.82,7532.33
1784008800000,7532.32,7537.83,7531.82,7537.32
1784009700000,7537.58,7539.33,7530.07,7531.58
1784010600000,7531.83,7534.58,7527.32,7527.83
1784011500000,7527.82,7528.08,7523.07,7523.33
1784012400000,7523.58,7529.95,7519.82,7527.2
1784013300000,7526.95,7527.7,7521.45,7524.45
1784014200000,7524.7,7525.7,7519.2,7519.83
1784015100000,7519.7,7526.45,7516.45,7522.83
1784016000000,7522.95,7524.95,7516.45,7521.45
1784016900000,7521.2,7528.2,7521.2,7526.7
1784017800000,7526.45,7528.2,7522.7,7523.95
1784018700000,7523.82,7523.95,7516.83,7518.45
1784019600000,7518.57,7527.82,7515.45,7526.95
1784020500000,7526.7,7527.82,7518.2,7518.45
1784021400000,7518.7,7522.95,7518.7,7521.45
1784022300000,7521.2,7525.7,7520.83,7521.45
1784023200000,7521.7,7524.95,7520.45,7521.7
1784024100000,7521.82,7522.95,7519.7,7522.2
1784025000000,7522.32,7529.95,7517.95,7520.95
1784025900000,7520.7,7524.2,7517.45,7521.08
1784026800000,7521.2,7522.2,7507.95,7516.95
1784027700000,7517.08,7528.2,7516.45,7522.45
1784028600000,7522.7,7526.7,7516.95,7517.95
1784029500000,7517.7,7523.95,7517.45,7519.7
1784030400000,7519.45,7519.95,7508.7,7511.7
1784031300000,7511.95,7525.08,7509.45,7524.7
1784032200000,7524.7,7577.08,7524.7,7552.08
1784033100000,7552.2,7553.95,7539.7,7543.57
1784034000000,7543.7,7547.95,7541.45,7543.2
1784034900000,7543.45,7548.95,7535.7,7543.7
1784035800000,7543.45,7549.45,7528.7,7547.45
1784036700000,7547.2,7552.2,7540.2,7547.45
1784037600000,7547.95,7549.2,7531.95,7538.7
1784038500000,7538.45,7547.2,7520.83,7541.45
1784039400000,7541.7,7567.57,7539.2,7545.45
1784040300000,7545.7,7554.45,7539.45,7551.7
1784041200000,7551.95,7565.45,7547.45,7560.2
1784042100000,7559.95,7561.65,7550.65,7561.15
1784043000000,7560.900000000001,7563.400000000001,7541.05,7549.3
1784043900000,7549.05,7553.05,7539.55,7543.05
1784044800000,7543.55,7544.05,7533.3,7538.55
1784045700000,7538.8,7542.55,7533.3,7541.3
1784046600000,7541.18,7551.18,7539.55,7548.3
1784047500000,7548.43,7552.3,7543.3,7552.3
1784048400000,7552.42,7555.8,7549.05,7551.8
1784049300000,7552.05,7559.8,7549.3,7557.05
1784050200000,7557.3,7558.55,7551.8,7553.8
1784051100000,7554.05,7556.8,7551.05,7556.55
1784052000000,7556.68,7559.8,7553.05,7559.55
1784052900000,7559.8,7561.55,7556.25,7558.25
1784053800000,7558.5,7559,7551.37,7553.25
1784054700000,7553,7556.12,7551.75,7555
1784055600000,7554.5,7555.5,7550.5,7553
1784056500000,7553.25,7557.25,7552.37,7554.25
1784057400000,7554.5,7557,7550,7556
1784058300000,7555.88,7558.75,7552.25,7553
1784059200000,7552.5,7555.25,7550.63,7552.25
1784060100000,7552,7552.75,7548.75,7549
1784061000000,7548.75,7552.25,7548.5,7551.5
1784061900000,7551.63,7554.5,7549.88,7553.650000000001
1784066400000,7553.849999999999,7554.349999999999,7546.07,7547.08
1784067300000,7546.82,7555.08,7546.82,7553.58
1784068200000,7553.57,7555.08,7553.32,7553.83
1784069100000,7553.57,7554.08,7551.32,7552.08
1784070000000,7551.82,7555.58,7550.57,7555.07
1784070900000,7555.08,7563.08,7554.07,7562.57
1784071800000,7562.58,7566.33,7562.58,7564.07
1784072700000,7564.08,7567.33,7563.57,7565.83
1784073600000,7566.58,7567.58,7561.07,7566.07
1784074500000,7566.08,7567.58,7564.07,7565.32
1784075400000,7565.58,7566.08,7555.57,7557.08
1784076300000,7557.07,7566.58,7556.07,7564.82
1784077200000,7565.33,7566.08,7559.07,7561.57
1784078100000,7561.58,7566.83,7561.32,7564.83
1784079000000,7564.57,7566.33,7560.32,7560.83
1784079900000,7560.57,7567.33,7560.57,7567.32
1784080800000,7567.57,7568.58,7565.82,7566.57
1784081700000,7566.83,7568.83,7566.32,7567.83
1784082600000,7567.82,7569.83,7567.07,7569.57
1784083500000,7569.58,7569.83,7566.07,7566.33
1784084400000,7566.32,7567.08,7564.32,7565.58
1784085300000,7565.32,7568.58,7565.07,7567.83
1784086200000,7567.57,7569.58,7567.57,7568.08
1784087100000,7567.82,7571.33,7567.82,7570.07
1784088000000,7570.33,7570.58,7568.82,7569.57
1784088900000,7569.83,7571.33,7569.32,7569.82
1784089800000,7569.83,7571.08,7569.32,7569.82
1784090700000,7570.08,7571.33,7569.82,7571.32
1784091600000,7572.820000000001,7576.33,7565.8,7567.820000000001
1784092500000,7567.83,7571.08,7565.82,7566.83
1784093400000,7566.57,7571.08,7565.57,7568.82
1784094300000,7568.83,7572.33,7568.32,7572.07
1784095200000,7572.33,7572.58,7570.07,7571.33
1784096100000,7571.07,7573.33,7569.32,7573.07
1784097000000,7573.33,7573.83,7569.57,7570.32
1784097900000,7570.58,7571.58,7569.82,7570.82
1784098800000,7570.58,7572.2,7567.7,7570.2
1784099700000,7569.95,7570.7,7556.58,7561.95
1784100600000,7562.2,7565.45,7559.95,7565.2
1784101500000,7565.45,7569.45,7563.7,7567.45
1784102400000,7567.57,7568.2,7560.2,7563.2
1784103300000,7563.32,7565.45,7558.95,7564.2
1784104200000,7564.07,7567.7,7562.95,7567.2
1784105100000,7567.08,7570.45,7566.7,7569.7
1784106000000,7569.83,7573.7,7569.7,7572.7
1784106900000,7572.83,7573.45,7570.83,7571.45
1784107800000,7571.32,7573.45,7569.95,7572.7
1784108700000,7572.82,7572.82,7566.95,7567.7
1784109600000,7567.95,7569.45,7566.7,7568.95
1784110500000,7568.82,7569.7,7560.2,7561.45
1784111400000,7561.33,7565.2,7560.95,7562.7
1784112300000,7562.45,7565.2,7562.45,7564.45
1784113200000,7564.33,7566.7,7562.45,7563.2
1784114100000,7563.33,7565.45,7562.95,7563.7
1784115000000,7563.83,7566.45,7561.08,7564.95
1784115900000,7564.7,7564.7,7561.7,7563.2
1784116800000,7562.95,7563.7,7557.7,7558.95
1784117700000,7559.07,7560.7,7555.45,7557.82
1784118600000,7558.08,7576.45,7557.33,7573.7
1784119500000,7573.95,7577.7,7570.95,7574.45
1784120400000,7574.7,7578.45,7569.45,7570.2
1784121300000,7569.95,7575.45,7568.95,7575.45
1784122200000,7576.7,7589.2,7575.2,7576.45
1784123100000,7576.7,7578.95,7564.45,7577.7
1784124000000,7577.95,7586.45,7577.7,7580.7
1784124900000,7580.95,7588.95,7566.45,7579.2
1784125800000,7579.45,7581.95,7561.2,7568.2
1784126700000,7567.95,7571.45,7560.45,7567.7
1784127600000,7567.82,7574.45,7562.7,7564.2
1784128500000,7563.95,7569.2,7555.2,7568.95
1784129400000,7569.32,7571.45,7563.45,7564.45
1784130300000,7564.58,7565.45,7555.7,7559.2
1784131200000,7559.45,7560.95,7544.2,7544.7
1784132100000,7544.2,7546.2,7536.95,7540.95
1784133000000,7541.2,7544.7,7534.95,7541.95
1784133900000,7542.2,7555.95,7540.08,7549.7
1784134800000,7549.95,7556.95,7548.95,7551.2
1784135700000,7551.45,7561.7,7550.7,7561.45
1784136600000,7561.7,7567.95,7561.45,7566.45
1784137500000,7566.7,7579.08,7565.95,7575.45
1784138400000,7575.7,7581.2,7574.95,7579.2
1784139300000,7578.95,7581.95,7575.95,7579.7
1784140200000,7579.95,7582.7,7573.45,7573.7
1784141100000,7573.95,7573.95,7564.2,7564.95
1784142000000,7565.2,7571.95,7563.45,7570.95
1784142900000,7571.2,7571.7,7564.7,7569.45
1784143800000,7569.7,7575.57,7564.45,7574.45
1784144700000,7574.2,7580.45,7568.45,7580.2
1784145600000,7580.95,7582.45,7571.7,7577.7
1784146500000,7577.95,7580.95,7576.45,7579.95
1784147400000,7580.2,7580.2,7577.95,7579.7
1784148300000,7579.950000000001,7580.700000000001,7578.35,7578.85
1784152800000,7579.65,7586.129999999999,7578.4,7582.87
1784153700000,7582.88,7582.88,7580.12,7580.62
1784154600000,7580.88,7581.88,7579.12,7579.37
1784155500000,7579.63,7582.63,7578.12,7582.12
1784156400000,7582.13,7583.63,7581.37,7582.63
1784157300000,7582.37,7583.88,7581.12,7583.37
1784158200000,7583.63,7585.63,7582.37,7584.13
1784159100000,7584.38,7584.63,7579.62,7580.38
1784160000000,7580.13,7590.63,7579.62,7590.63
1784160900000,7590.37,7591.38,7582.12,7582.87
1784161800000,7583.13,7585.63,7579.37,7579.38
1784162700000,7579.12,7584.38,7578.37,7580.37
1784163600000,7580.63,7581.88,7577.12,7578.88
1784164500000,7579.13,7579.13,7574.37,7575.38
1784165400000,7575.13,7579.37,7574.87,7576.38
1784166300000,7576.12,7582.63,7576.12,7578.63
1784167200000,7578.62,7578.88,7574.87,7576.87
1784168100000,7576.88,7584.13,7576.62,7583.37
1784169000000,7583.63,7584.88,7581.87,7582.63
1784169900000,7582.62,7587.38,7582.37,7586.88
1784170800000,7586.87,7588.63,7585.87,7587.88
1784171700000,7587.62,7587.88,7584.87,7585.62
1784172600000,7585.63,7589.13,7585.37,7586.88
1784173500000,7587.13,7588.38,7585.87,7588.38
1784174400000,7588.63,7590.38,7587.62,7590.13
1784175300000,7589.87,7589.88,7585.87,7586.63
1784176200000,7586.37,7587.13,7584.62,7585.12
1784177100000,7585.13,7586.88,7584.62,7585.62
1784178000000,7585.88,7590.63,7585.62,7590.37
1784178900000,7590.63,7593.38,7589.87,7591.63
1784179800000,7591.62,7595.63,7580.62,7583.87
1784180700000,7584.13,7584.63,7579.37,7580.87
1784181600000,7581.38,7588.63,7577.12,7585.62
1784182500000,7585.88,7587.38,7581.12,7581.87
1784183400000,7581.62,7582.38,7575.12,7579.38
1784184300000,7579.37,7582.88,7577.62,7582.12
1784185200000,7582.37,7582.63,7574,7574
1784186100000,7574.13,7577,7572.25,7574.38
1784187000000,7574.5,7575.5,7569.75,7570
1784187900000,7570.13,7570.5,7564,7565.5
1784188800000,7566,7566.75,7557.5,7558
1784189700000,7558.25,7567.62,7557.5,7565.5
1784190600000,7565.75,7570,7564.13,7567.75
1784191500000,7568,7574,7568,7573.5
1784192400000,7573.75,7577.5,7573.75,7577
1784193300000,7577.25,7579.25,7574.25,7574.75
1784194200000,7574.5,7576.75,7572.5,7572.5
1784195100000,7572.62,7573.75,7568.75,7569
1784196000000,7569.25,7571.75,7566.25,7570.13
1784196900000,7570,7570.13,7565.25,7568.5
1784197800000,7568.25,7571,7566,7567.5
1784198700000,7567.75,7568.25,7564.75,7566.88
1784199600000,7566.75,7567,7560,7564.75
1784200500000,7564.5,7567.25,7559.75,7563.75
1784201400000,7564,7564,7558.75,7560.5
1784202300000,7560.63,7561.75,7545,7561
1784203200000,7561.25,7562.75,7552.25,7555
1784204100000,7555.25,7558.25,7548,7550.87
1784205000000,7551,7553,7544.38,7546.75
1784205900000,7546.5,7553.25,7545.5,7550.5
1784206800000,7550.63,7560,7549.75,7559.5
1784207700000,7559.75,7561.75,7558.25,7560.25
1784208600000,7560.5,7568,7543.5,7545.5
1784209500000,7545.75,7555.25,7539.25,7551.75
1784210400000,7551.62,7569.25,7549.5,7566.5
1784211300000,7566.75,7577,7564,7576.5
1784212200000,7576.25,7577.25,7570.63,7576.75
1784213100000,7576.5,7578.5,7566.75,7575
1784214000000,7575.25,7577,7563.75,7566.25
1784214900000,7566,7577.25,7562.75,7571
1784215800000,7571.25,7577,7565.75,7569.5
1784216700000,7569.25,7573.88,7563.25,7568.75
1784217600000,7569,7569.25,7552.5,7553
1784218500000,7552.5,7558,7547,7552
1784219400000,7552.25,7558.25,7551.65,7553.4
1784220300000,7553.65,7563.9,7550.65,7562.9
1784221200000,7563.15,7563.4,7555.4,7555.9
1784222100000,7556.15,7562.15,7554.15,7560.9
1784223000000,7561.15,7562.0199999999995,7544.4,7547.7699999999995
1784223900000,7547.9,7552.65,7544.53,7547.15
1784224800000,7546.9,7548.65,7538.65,7541.4
1784225700000,7541.15,7551.15,7538.9,7543.15
1784226600000,7543.4,7543.4,7533.15,7539.28
1784227500000,7539.15,7543.4,7535.4,7536.15
1784228400000,7535.9,7540.9,7529.65,7531.4
1784229300000,7531.15,7534.15,7522.9,7525.4
1784230200000,7525.15,7525.9,7517.9,7519.65
1784231100000,7519.4,7543.9,7513.15,7541.65
1784232000000,7541.900000000001,7542.280000000001,7531.6,7531.85
1784232900000,7532.6,7537.7300000000005,7530.85,7533.6
1784233800000,7533.47,7534.85,7531.1,7533.1
1784234700000,7533.35,7534.6,7531.72,7533.5
1784239200000,7538.4,7540.13,7534.87,7535.62
1784240100000,7535.88,7535.88,7531.87,7532.63
1784241000000,7532.62,7533.63,7530.62,7532.63
1784241900000,7532.62,7532.63,7529.12,7531.38
1784242800000,7531.37,7532.38,7526.87,7530.13
1784243700000,7530.12,7530.13,7523.87,7526.37
1784244600000,7526.38,7529.38,7522.37,7527.63
1784245500000,7527.62,7528.63,7524.13,7525.88
1784246400000,7526.63,7529.13,7517.62,7518.63
1784247300000,7518.62,7522.63,7514.87,7515.63
1784248200000,7515.62,7516.38,7511.62,7513.62
1784249100000,7513.63,7520.88,7513.12,7517.63
1784250000000,7517.87,7521.63,7510.87,7511.37
1784250900000,7511.63,7513.63,7509.12,7513.37
1784251800000,7513.63,7514.13,7503.37,7504.13
1784252700000,7503.87,7505.88,7500.62,7503.38
1784253600000,7503.88,7504.63,7499.12,7500.37
1784254500000,7500.38,7500.63,7495.62,7496.88
1784255400000,7496.62,7497.88,7493.87,7497.88
1784256300000,7497.62,7498.38,7491.12,7495.37
1784257200000,7495.62,7500.38,7493.87,7499.63
1784258100000,7499.37,7506.63,7499.37,7504.87
1784259000000,7504.88,7505.13,7493.62,7495.62
1784259900000,7495.88,7496.13,7489.62,7489.88
1784260800000,7489.87,7490.13,7483.12,7484.13
1784261700000,7484.12,7484.88,7477.87,7479.62
1784262600000,7479.63,7481.13,7474.62,7479.37
1784263500000,7479.62,7484.38,7478.87,7479.38
1784264400000,7479.12,7480.88,7476.37,7477.37
1784265300000,7477.63,7480.13,7475.37,7477.13
1784266200000,7477.12,7479.63,7468.62,7473.63
1784267100000,7473.37,7477.13,7470.62,7476.62
1784268000000,7476.63,7481.13,7474.62,7479.37
1784268900000,7478.87,7488.63,7478.62,7487.37
1784269800000,7487.63,7488.88,7480.22,7481.47
1784270700000,7481.4800000000005,7481.4800000000005,7474.97,7477.9800000000005
1784271600000,7477.97,7482.1,7476.1,7480.6
1784272500000,7480.85,7483.1,7476.35,7482.6
1784273400000,7482.85,7484.85,7478.6,7481.35
1784274300000,7481.1,7482.1,7476.85,7477.6
1784275200000,7478.85,7482.72,7472.35,7473.35
1784276100000,7473.599999999999,7474.219999999999,7461.23,7466.099999999999
1784277000000,7466.35,7468.35,7457.6,7460.85
1784277900000,7461.1,7470.1,7459.85,7465.4800000000005
1784278800000,7465.6,7471.85,7462.6,7471.6
1784279700000,7471.35,7476.35,7468.1,7476.1
1784280600000,7476.35,7476.35,7469.1,7469.6
1784281500000,7469.85,7476.6,7469.6,7476.2300000000005
1784282400000,7476.1,7483.1,7472.85,7482.35
1784283300000,7482.6,7483.6,7477.1,7481.6
1784284200000,7481.35,7487.85,7481.35,7485.22
1784285100000,7485.35,7486.35,7482.35,7484.1
1784286000000,7484.47,7487.85,7478.1,7478.85
1784286900000,7479.1,7482.85,7475.6,7482.85
1784287800000,7483.219999999999,7484.349999999999,7479.23,7480.099999999999
1784288700000,7479.9800000000005,7486.35,7478.35,7484.85
1784289600000,7484.6,7485.35,7475.35,7476.35
1784290500000,7476.6,7478.35,7473.6,7475.35
1784291400000,7475.22,7475.85,7471.1,7473.85
1784292300000,7473.6,7475.85,7468.85,7470.35
1784293200000,7470.6,7470.6,7458.85,7459.35
1784294100000,7459.1,7462.35,7449.35,7451.35
1784295000000,7451.47,7458.1,7439.1,7441.85
1784295900000,7441.6,7479.85,7441.1,7479.4800000000005
1784296800000,7479.97,7499.6,7478.35,7494.35
1784297700000,7494.47,7505.45,7494.2,7495.95
1784298600000,7496.2,7500.45,7488.45,7491.2
1784299500000,7490.95,7497.7,7480.95,7482.95
1784300400000,7483.45,7484.45,7473.2,7475.7
1784301300000,7475.45,7487.95,7471.45,7486.7
1784302200000,7486.95,7491.2,7476.7,7487.2
1784303100000,7486.95,7502.95,7481.2,7500.95
1784304000000,7501.45,7503.32,7480.33,7494.7
1784304900000,7494.95,7497.45,7483.2,7491.45
1784305800000,7491.32,7496.45,7487.45,7496.2
1784306700000,7496.45,7504.95,7493.7,7495.7
1784307600000,7495.95,7503.45,7494.45,7496.45
1784308500000,7496.7,7502.45,7491.95,7500.95
1784309400000,7500.7,7501.95,7486.95,7487.95
1784310300000,7487.7,7490.95,7475.2,7477.45
1784311200000,7477.7,7483.2,7472.7,7472.95
1784312100000,7473.2,7473.7,7464.45,7468.7
1784313000000,7468.45,7475.2,7462.45,7463.95
1784313900000,7463.7,7478.2,7462.45,7475.45
1784314800000,7475.7,7476.45,7458.95,7459.2
1784315700000,7458.95,7464.45,7452.95,7463.2
1784316600000,7463.7,7467.95,7457.83,7466.58
1784317500000,7466.45,7475.7,7460.95,7463.2
1784318400000,7463.45,7463.7,7451.08,7455.2
1784319300000,7455.7,7460.2,7453.95,7459.45
1784320200000,7459.7,7462.7,7459.2,7462.7
1784321100000,7462.95,7464.45,7460.08,7461.85
1784498400000,7455.349999999999,7465.58,7450.82,7452.33
1784499300000,7452.32,7465.08,7452.32,7456.08
1784500200000,7455.83,7470.83,7454.57,7469.08
1784501100000,7469.07,7470.58,7463.32,7464.32
1784502000000,7464.33,7466.83,7460.57,7464.08
1784502900000,7464.58,7466.83,7460.57,7462.08
1784503800000,7462.07,7470.58,7459.83,7470.58
1784504700000,7470.57,7473.83,7463.32,7472.83
1784505600000,7472.82,7485.83,7465.32,7483.33
1784506500000,7483.58,7485.83,7478.82,7480.07
1784507400000,7480.08,7480.58,7472.07,7473.08
1784508300000,7473.07,7475.33,7470.57,7471.82
1784509200000,7472.08,7480.33,7471.82,7472.33
1784510100000,7472.32,7476.08,7467.07,7467.57
1784511000000,7467.58,7469.58,7461.57,7463.83
1784511900000,7463.82,7466.83,7458.57,7463.33
1784512800000,7463.83,7475.08,7463.08,7468.33
1784513700000,7468.32,7468.83,7462.32,7465.08
1784514600000,7465.07,7477.83,7464.82,7475.33
1784515500000,7475.32,7479.58,7474.07,7474.07
1784516400000,7474.32,7476.58,7469.82,7472.07
1784517300000,7472.08,7476.08,7471.32,7472.82
1784518200000,7472.57,7476.58,7470.82,7476.07
1784519100000,7476.08,7478.83,7472.57,7474.08
1784520000000,7474.07,7476.33,7469.82,7470.32
1784520900000,7470.58,7476.83,7467.57,7476.32
1784521800000,7476.33,7481.83,7474.82,7480.83
1784522700000,7481.08,7483.58,7477.57,7477.83
1784523600000,7477.82,7478.83,7466.87,7472.13
1784524500000,7471.87,7472.13,7468.12,7469.12
1784525400000,7469.13,7469.38,7466.12,7466.12
1784526300000,7466.379999999999,7468.629999999999,7463.4,7465.4
1784527200000,7465.9,7468.9,7463.9,7464.4
1784528100000,7464.15,7467.4,7462.15,7464.15
1784529000000,7463.9,7467.65,7460.4,7465.65
1784529900000,7465.9,7466.9,7462.9,7466.4
1784530800000,7467.15,7471.799999999999,7466.65,7468.799999999999
1784531700000,7469.05,7479.05,7465.8,7478.8
1784532600000,7479.05,7488.55,7478.55,7486.3
1784533500000,7486.55,7488.05,7480.8,7485.05
1784534400000,7485.3,7489.8,7483.3,7489.05
1784535300000,7489.3,7490.8,7486.3,7486.8
1784536200000,7486.55,7487.55,7481.3,7482.05
1784537100000,7481.8,7485.05,7481.3,7483.3
1784538000000,7483.55,7485.05,7479.8,7482.05
1784538900000,7482.3,7487.55,7482.05,7486.3
1784539800000,7486.05,7490.05,7485.3,7489.8
1784540700000,7489.55,7496.55,7489.55,7490.8
1784541600000,7491.05,7491.8,7487.05,7487.55
1784542500000,7487.3,7490.05,7485.8,7489.05
1784543400000,7489.3,7492.05,7486.55,7488.8
1784544300000,7488.55,7493.3,7487.55,7491.05
1784545200000,7491.3,7498.8,7489.8,7496.8
1784546100000,7496.55,7497.55,7492.05,7492.8
1784547000000,7492.55,7514.55,7492.3,7508.3
1784547900000,7508.55,7510.05,7500.8,7504.8
1784548800000,7505.05,7505.3,7490.3,7495.3
1784549700000,7495.05,7499.3,7492.55,7499.3
1784550600000,7500.55,7501.05,7493.3,7494.3
1784551500000,7494.55,7499.8,7491.8,7496.3
1784552400000,7496.8,7500.55,7495.8,7496.55
1784553300000,7496.8,7505.3,7495.3,7503.3
1784554200000,7503.8,7520.55,7502.05,7519.3
1784555100000,7519.55,7521.05,7488.3,7489.55
1784556000000,7489.8,7496.55,7480.55,7483.05
1784556900000,7483.3,7490.3,7475.3,7489.8
1784557800000,7490.05,7492.05,7480.55,7481.8
1784558700000,7482.05,7490.55,7470.3,7474.3
1784559600000,7474.8,7488.05,7471.3,7481.05
1784560500000,7481.55,7493.05,7479.05,7491.8
1784561400000,7492.05,7493.3,7486.05,7492.8
1784562300000,7492.55,7497.3,7483.8,7492.8
1784563200000,7493.05,7503.05,7488.68,7501.05
1784564100000,7501.3,7502.05,7494.55,7498.05
1784565000000,7497.8,7500.55,7479.18,7487.3
1784565900000,7487.05,7495.05,7480.3,7482.8
1784566800000,7483.3,7485.05,7471.55,7471.8
1784567700000,7471.55,7477.55,7468.55,7473.8
1784568600000,7474.3,7478.3,7468.55,7470.3
1784569500000,7470.8,7481.55,7469.92,7478.3
1784570400000,7478.55,7484.92,7477.8,7483.3
1784571300000,7483.05,7486.8,7474.3,7477.55
1784572200000,7477.8,7477.8,7458.05,7458.05
1784573100000,7458.3,7464.8,7457.05,7459.8
1784574000000,7460.05,7464.3,7449.55,7449.55
1784574900000,7449.43,7461.55,7447.43,7459.55
1784575800000,7459.8,7466.3,7456.05,7462.8
1784576700000,7463.42,7465.55,7449.8,7454.8
1784577600000,7455.55,7462.3,7450.05,7450.93
1784578500000,7451.05,7451.3,7446.05,7448.3
1784579400000,7448.55,7452.55,7448.05,7450.92
1784580300000,7451.05,7453.05,7449.8,7452.45
1784584800000,7454.9,7455.4,7443.12,7445.87
1784585700000,7445.88,7447.13,7444.62,7445.62
1784586600000,7445.88,7446.88,7443.12,7445.87
1784587500000,7446.12,7446.88,7443.87,7445.12
1784588400000,7445.38,7453.13,7444.62,7452.62
1784589300000,7452.88,7459.849999999999,7452.62,7459.599999999999
1784590200000,7459.35,7460.85,7457.85,7458.620000000001
1784591100000,7458.63,7460.63,7450.62,7455.12
1784592000000,7454.87,7454.87,7444.37,7447.37
1784592900000,7447.63,7458.38,7443.62,7456.13
1784593800000,7456.12,7464.13,7455.87,7462.12
1784594700000,7462.37,7465.63,7460.62,7462.13
1784595600000,7462.37,7468.38,7459.12,7467.88
1784596500000,7467.87,7469.13,7464.37,7465.63
1784597400000,7465.62,7468.13,7460.87,7461.62
1784598300000,7461.63,7465.88,7460.87,7462.62
1784599200000,7462.88,7469.63,7462.12,7462.88
1784600100000,7462.62,7467.13,7458.62,7463.87
1784601000000,7463.88,7471.38,7463.87,7470.37
1784601900000,7470.63,7471.63,7468.12,7471.37
1784602800000,7471.62,7474.38,7471.37,7473.63
1784603700000,7473.37,7477.63,7473.37,7477.62
1784604600000,7477.88,7481.13,7477.12,7479.38
1784605500000,7479.12,7482.88,7479.12,7482.63
1784606400000,7482.88,7486.63,7482.37,7484.13
1784607300000,7483.87,7484.63,7482.87,7483.62
1784608200000,7483.88,7485.88,7483.12,7484.37
1784609100000,7484.38,7485.63,7482.87,7484.13
1784610000000,7484.12,7484.38,7481.37,7481.62
1784610900000,7481.63,7486.63,7479.87,7486.37
1784611800000,7486.63,7491.63,7484.37,7491.13
1784612700000,7490.87,7492.87,7488.62,7490.62
1784613600000,7490.37,7492.63,7489.37,7491.12
1784614500000,7491.13,7492.63,7487.87,7489.63
1784615400000,7490.12,7497.38,7489.87,7495.13
1784616300000,7495.12,7495.38,7492.12,7493.62
1784617200000,7493.37,7497.75,7490.63,7492.75
1784618100000,7492.5,7492.75,7485.75,7486.75
1784619000000,7486.87,7490.25,7483.75,7487.25
1784619900000,7487,7488,7484.25,7487.75
1784620800000,7487.5,7492.87,7485.75,7492.75
1784621700000,7492.5,7494.25,7491.25,7493.25
1784622600000,7493.5,7495.5,7492,7494.5
1784623500000,7494.37,7494.5,7491,7493.25
1784624400000,7493,7496.25,7492.75,7495.25
1784625300000,7495.5,7498,7492.75,7493
1784626200000,7493.25,7495.25,7491.25,7492.75
1784627100000,7492.63,7497,7491.75,7492.38
1784628000000,7492.5,7497.75,7490.75,7493.25
1784628900000,7493.38,7496,7492.5,7493.75
1784629800000,7493.5,7498.5,7491.25,7493
1784630700000,7492.75,7496.75,7489.5,7492
1784631600000,7491.63,7493.5,7485.75,7489
1784632500000,7489.25,7489.25,7481,7484.25
1784633400000,7484.38,7490.75,7484.25,7486.88
1784634300000,7486.75,7488.5,7483.5,7484.75
1784635200000,7485.25,7490.9,7483.5,7488
1784636100000,7487.87,7488,7480.5,7480.75
1784637000000,7481,7482.75,7475.5,7479.63
1784637900000,7479.75,7487.25,7479.5,7485.5
1784638800000,7485.75,7486.25,7481.75,7484
1784639700000,7483.75,7495.75,7483.5,7495.75
1784640600000,7496.12,7500,7475.5,7477.75
1784641500000,7478,7486.5,7474.5,7486.25
1784642400000,7486.5,7491.62,7482.25,7490.25
1784643300000,7490.37,7502.75,7480.75,7501.75
1784644200000,7502,7505.5,7490.75,7499.25
1784645100000,7499.75,7506.12,7496.25,7501
1784646000000,7500.75,7508.62,7491.5,7505.5
1784646900000,7505.75,7513.75,7504.75,7513.5
1784647800000,7513.25,7513.5,7507.5,7509.25
1784648700000,7509,7513,7508,7508.5
1784649600000,7508.25,7516.5,7508.25,7515.5
1784650500000,7515.75,7520.5,7515.25,7519.5
1784651400000,7519.25,7521,7518,7519.5
1784652300000,7519.62,7523.75,7517.5,7520.25
1784653200000,7520.5,7521.75,7518.5,7519
1784654100000,7519.12,7519.75,7515.5,7516.75
1784655000000,7517,7520.25,7515.25,7519.75
1784655900000,7520,7522.25,7518,7519
1784656800000,7518.75,7520.75,7514.5,7514.5
1784657700000,7514.75,7516.75,7513.75,7515
1784658600000,7515.25,7519,7512.25,7518.25
1784659500000,7518.5,7519.25,7515.25,7516.75
1784660400000,7517,7517.5,7514,7515.75
1784661300000,7515.5,7517.75,7515,7515.5
1784662200000,7515.5,7518.5,7514,7518
1784663100000,7517.25,7519.12,7513.25,7516
1784664000000,7515.75,7516.75,7511,7514.13
1784664900000,7514,7514,7510.75,7511.25
1784665800000,7511.38,7513.5,7511.38,7512.25
1784666700000,7512.5,7512.75,7510.5,7512.4
1784671200000,7514.599999999999,7515.08,7511.82,7514.82
1784672100000,7514.83,7515.83,7511.32,7512.07
1784673000000,7512.08,7513.08,7510.82,7511.58
1784673900000,7511.32,7511.58,7509.07,7511.07
1784674800000,7511.08,7512.58,7510.07,7512.07
1784675700000,7512.33,7514.57,7510.83,7513.32
1784676600000,7513.33,7514.58,7510.32,7510.82
1784677500000,7511.08,7514.58,7510.57,7513.57
1784678400000,7513.58,7517.58,7512.57,7515.58
1784679300000,7515.57,7516.08,7511.07,7512.32
1784680200000,7512.58,7513.33,7509.57,7511.33
1784681100000,7511.07,7512.83,7508.57,7512.58
1784682000000,7512.57,7513.33,7506.82,7508.83
1784682900000,7508.82,7509.83,7505.32,7506.57
1784683800000,7506.82,7508.83,7504.82,7508.83
1784684700000,7508.82,7514.83,7508.07,7511.58
1784685600000,7511.83,7512.33,7506.82,7510.33
1784686500000,7510.07,7513.33,7508.82,7511.82
1784687400000,7511.83,7512.58,7508.57,7511.82
1784688300000,7512.08,7513.58,7510.32,7511.82
1784689200000,7511.57,7513.08,7508.32,7509.07
1784690100000,7509.08,7515.08,7508.82,7514.57
1784691000000,7514.58,7515.33,7509.07,7509.83
1784691900000,7509.82,7511.08,7504.82,7506.08
1784692800000,7506.07,7509.08,7504.82,7508.08
1784693700000,7508.33,7509.83,7508.32,7509.07
1784694600000,7509.33,7509.33,7506.32,7508.33
1784695500000,7508.32,7509.08,7505.82,7509.08
1784696400000,7509.07,7509.33,7505.32,7505.82
1784697300000,7506.08,7507.08,7504.32,7505.07
1784698200000,7505.08,7507.08,7503.32,7503.83
1784699100000,7503.57,7507.33,7502.57,7507.08
1784700000000,7506.83,7507.08,7503.32,7504.57
1784700900000,7504.58,7504.58,7494.07,7495.33
1784701800000,7495.08,7500.08,7494.82,7496.08
1784702700000,7495.82,7496.83,7491.82,7493.33
1784703600000,7493.07,7493.95,7486.7,7493.7
1784704500000,7493.95,7497.2,7491.95,7495.95
1784705400000,7495.7,7496.95,7482.7,7487.45
1784706300000,7487.7,7488.95,7483.58,7486.7
1784707200000,7487.2,7493.2,7485.45,7486.95
1784708100000,7486.7,7494.2,7486.7,7494.08
1784709000000,7493.95,7496.95,7491.45,7492.82
1784709900000,7492.95,7496.7,7492.83,7495.57
1784710800000,7495.7,7502.2,7494.95,7498.7
1784711700000,7498.45,7501.7,7497.7,7497.7
1784712600000,7497.57,7497.95,7492.95,7495.32
1784713500000,7495.33,7496.95,7490.95,7496.95
1784714400000,7497.45,7501.2,7495.95,7495.95
1784715300000,7495.83,7503.45,7495.2,7502.2
1784716200000,7501.95,7503.2,7496.83,7496.83
1784717100000,7496.7,7502.45,7496.45,7500.7
1784718000000,7500.58,7500.7,7495.65,7495.65
1784718900000,7495.4,7497.4,7492.9,7493.4
1784719800000,7493.2699999999995,7496.7699999999995,7482.03,7486.4
1784720700000,7486.2699999999995,7493.4,7485.78,7487.4
1784721600000,7487.53,7490.4,7484.15,7488.9
1784722500000,7489.0199999999995,7489.28,7482.4,7486.65
1784723400000,7487.28,7493.4,7486.65,7492.03
1784724300000,7492.150000000001,7492.150000000001,7474.64,7484.900000000001
1784725200000,7485.4,7491.4,7485.4,7489.4
1784726100000,7489.15,7498.9,7489.15,7497.9
1784727000000,7498.15,7508.78,7495.65,7507.65
1784727900000,7507.9,7520.15,7505.9,7520.15
1784728800000,7519.65,7526.4,7513.65,7514.65
1784729700000,7514.9,7516.5199999999995,7503.15,7504.9
1784730600000,7504.65,7510.15,7499.9,7500.15
1784731500000,7499.9,7512.4,7499.15,7512.15
1784732400000,7512.65,7522.9,7511.4,7521.15
1784733300000,7521.4,7529.9,7517.9,7527.15
1784734200000,7527.4,7528.15,7520.4,7522.65
1784735100000,7522.9,7530.4,7522.9,7530.4
1784736000000,7530.65,7531.9,7527.65,7529.9
1784736900000,7529.65,7533.15,7529.65,7531.65
1784737800000,7531.9,7532.9,7529.4,7530.65
1784738700000,7530.9,7532.65,7527.9,7531.4
1784739600000,7531.15,7532.65,7525.15,7525.9
1784740500000,7525.65,7527.15,7522.4,7523.15
1784741400000,7523.4,7526.4,7521.15,7523.9
1784742300000,7523.65,7524.9,7516.4,7517.9
1784743200000,7518.15,7519.9,7512.65,7513.15
1784744100000,7512.900000000001,7518.150000000001,7512.85,7517.400000000001
1784745000000,7517.15,7517.4,7513.15,7515.65
1784745900000,7515.4,7519.15,7513.9,7517.15
1784746800000,7517.15,7517.5199999999995,7511.4,7511.9
1784747700000,7511.65,7514.9,7509.4,7512.9
1784748600000,7512.65,7512.9,7506.4,7510.9
1784749500000,7511.15,7516.15,7506.4,7506.65
1784750400000,7506.9,7522.78,7502.15,7522.53
1784751300000,7523.15,7524.15,7516.65,7518.7699999999995
1784752200000,7518.65,7519.5199999999995,7513.4,7514.9
1784753100000,7514.65,7519.15,7511.4,7511.549999999999
1784757600000,7502.4,7506.63,7493.87,7496.12
1784758500000,7496.38,7497.88,7492.62,7493.13
1784759400000,7493.12,7494.13,7486.87,7488.38
1784760300000,7488.12,7495.12,7487.37,7493.12
1784761200000,7493.38,7493.62,7487.87,7491.87
1784762100000,7491.88,7491.88,7488.12,7490.37
1784763000000,7490.63,7494.38,7490.37,7494.13
1784763900000,7493.88,7501.38,7493.37,7501.38
1784764800000,7501.37,7504.13,7498.62,7502.63
1784765700000,7502.37,7515.63,7501.12,7511.63
1784766600000,7511.37,7517.13,7511.37,7515.37
1784767500000,7515.38,7520.13,7514.37,7517.37
1784768400000,7517.38,7520.63,7515.37,7518.13
1784769300000,7518.12,7518.88,7514.12,7514.88
1784770200000,7515.12,7516.87,7509.87,7509.87
1784771100000,7509.88,7513.38,7509.37,7509.63
1784772000000,7509.37,7512.63,7506.62,7507.12
1784772900000,7507.13,7508.13,7500.37,7501.62
1784773800000,7501.88,7504.88,7497.62,7498.87
1784774700000,7498.88,7502.63,7498.37,7501.88
1784775600000,7501.87,7502.38,7492.37,7494.62
1784776500000,7494.88,7496.38,7491.62,7496.13
1784777400000,7495.87,7498.88,7493.37,7498.62
1784778300000,7498.63,7499.88,7496.87,7497.88
1784779200000,7497.62,7499.63,7492.37,7499.62
1784780100000,7499.88,7504.63,7498.12,7503.13
1784781000000,7503.38,7504.13,7500.87,7500.88
1784781900000,7500.87,7502.63,7496.62,7498.12
1784782800000,7498.37,7498.88,7494.87,7498.13
1784783700000,7497.87,7504.38,7495.12,7504.38
1784784600000,7504.37,7506.38,7499.12,7500.62
1784785500000,7500.63,7500.88,7492.12,7493.37
1784786400000,7493.63,7497.38,7492.87,7495.38
1784787300000,7495.12,7497.38,7493.37,7496.37
1784788200000,7496.62,7497.13,7491.12,7491.13
1784789100000,7491.12,7496.13,7490.12,7490.63
1784790000000,7490.87,7491.38,7469.5,7475.87
1784790900000,7475.88,7484.12,7475.88,7480.25
1784791800000,7480.75,7481,7468.62,7469.38
1784792700000,7469.25,7475.25,7466.25,7475.25
1784793600000,7475,7483.62,7469.5,7482
1784794500000,7481.88,7486.12,7479.5,7484.38
1784795400000,7484.25,7485.25,7478.88,7479
1784796300000,7478.75,7490.5,7478.5,7489.5
1784797200000,7489.63,7496.75,7486,7486
1784798100000,7486.25,7487.88,7483.5,7484.62
1784799000000,7484.63,7484.75,7481,7484.25
1784799900000,7484.5,7486.25,7480.25,7482
1784800800000,7482.25,7485.25,7479.25,7480.25
1784801700000,7480,7485.25,7479.5,7483.5
1784802600000,7483.25,7494.75,7482.5,7491.5
1784803500000,7491.38,7493.25,7490.5,7491.25
1784804400000,7491.38,7492.5,7481.25,7484.75
1784805300000,7484.63,7486.75,7473.75,7475.5
1784806200000,7473.75,7476.5,7461,7463.88
1784807100000,7463.75,7473.62,7461.75,7470.88
1784808000000,7470.75,7472.25,7463.37,7463.37
1784808900000,7463.5,7467.63,7450.38,7452.38
1784809800000,7452.12,7453.25,7437.75,7441.5
1784810700000,7441.75,7442.5,7433.25,7437
1784811600000,7436.75,7438.75,7425.12,7429.25
1784812500000,7429,7429.5,7420.75,7424.5
1784813400000,7424.13,7457.25,7416,7449.75
1784814300000,7449.5,7451.5,7424,7426.75
1784815200000,7428.5,7440.5,7419.75,7427.75
1784816100000,7427.5,7435.62,7421,7429
1784817000000,7428.75,7437.5,7416.88,7419.75
1784817900000,7419.5,7425.5,7411,7414.38
1784818800000,7414.37,7416,7395.25,7397.5
1784819700000,7397.25,7407.75,7389,7389.75
1784820600000,7390,7407.75,7382.75,7397.5
1784821500000,7397.75,7410,7394.75,7409.25
1784822400000,7409.75,7419.25,7406.25,7417
1784823300000,7417.25,7427.75,7413,7425.75
1784824200000,7425.5,7428.25,7420.5,7420.75
1784825100000,7420.5,7420.5,7408.75,7417.5
1784826000000,7417.75,7420.75,7409,7417
1784826900000,7416.5,7423,7412.75,7418.5
1784827800000,7418.25,7419,7403.88,7408.5
1784828700000,7408.38,7414.25,7402.5,7403
1784829600000,7402.75,7405,7399.25,7401
1784830500000,7401.13,7406.12,7399.5,7405.75
1784831400000,7405.5,7408.5,7397.75,7400
1784832300000,7399.88,7406.25,7397.75,7402.25
1784833200000,7402,7405.75,7396.75,7398
1784834100000,7397.75,7411.25,7397.75,7407
1784835000000,7407.25,7409.25,7395,7395
1784835900000,7395.25,7418.5,7389.5,7413.25
1784836800000,7414.75,7426.88,7414.75,7424
1784837700000,7423.75,7428.75,7423.5,7426.25
1784838600000,7426.13,7429,7423.5,7424.25
1784839500000,7424,7427,7423.25,7426.65
1784844000000,7423.45,7424.2,7414.42,7415.92
1784844900000,7415.93,7420.93,7414.42,7417.93
1784845800000,7417.92,7421.18,7417.42,7419.67
1784846700000,7419.68,7424.93,7419.67,7424.68
1784847600000,7424.67,7424.93,7419.17,7420.42
1784848500000,7420.43,7422.18,7419.42,7421.42
1784849400000,7421.18,7421.68,7415.92,7419.92
1784850300000,7420.17,7423.43,7416.42,7420.17
1784851200000,7421.43,7426.43,7414.92,7418.42
1784852100000,7418.68,7426.43,7415.92,7421.92
1784853000000,7422.18,7426.93,7418.17,7425.68
1784853900000,7425.42,7427.93,7419.67,7425.72
1784854800000,7426.2300000000005,7428.7300000000005,7423.97,7424.7300000000005
1784855700000,7424.47,7428.9800000000005,7422.72,7424.72
1784856600000,7424.9800000000005,7430.4800000000005,7423.97,7428.47
1784857500000,7428.4800000000005,7428.7300000000005,7421.72,7422.4800000000005
1784858400000,7422.22,7424.7300000000005,7419.72,7422.97
1784859300000,7422.9800000000005,7423.9800000000005,7419.47,7421.47
1784860200000,7421.22,7421.4800000000005,7413.97,7413.97
1784861100000,7413.9800000000005,7414.4800000000005,7410.97,7410.9800000000005
1784862000000,7411.2300000000005,7414.2300000000005,7410.72,7413.2300000000005
1784862900000,7413.22,7415.2300000000005,7411.47,7413.7300000000005
1784863800000,7413.72,7414.7300000000005,7409.72,7410.52
1784864700000,7410.780000000001,7413.02,7408.22,7408.72
1784865600000,7408.9800000000005,7412.4800000000005,7406.72,7408.7
1784866500000,7408.45,7416.2,7408.45,7415.95
1784867400000,7415.7,7416.2,7409.2,7411.45
1784868300000,7411.2,7415.2,7409.95,7414.95
1784869200000,7415.45,7419.7,7412.95,7417.45
1784870100000,7417.2,7420.7,7415.95,7418.45
1784871000000,7418.7,7419.7,7416.2,7419.45
1784871900000,7419.2,7421.95,7413.7,7413.7
1784872800000,7413.95,7414.2,7408.2,7409.2
1784873700000,7409.45,7418.95,7408.7,7413.45
1784874600000,7413.2,7416.7,7408.95,7409.2
1784875500000,7409.45,7415.2,7405.45,7414.2
1784876400000,7413.95,7427.599999999999,7413.45,7427.349999999999
1784877300000,7427.85,7434.1,7425.85,7433.35
1784878200000,7433.6,7434.6,7426.1,7428.35
1784879100000,7428.1,7430.1,7427.1,7428.1
1784880000000,7427.85,7428.1,7420.85,7422.85
1784880900000,7423.1,7430.35,7422.35,7430.35
1784881800000,7429.85,7433.35,7428.85,7430.85
1784882700000,7430.6,7431.1,7427.6,7428.85
1784883600000,7429.1,7436.6,7427.85,7431.1
1784884500000,7430.85,7436.35,7429.35,7435.1
1784885400000,7435.35,7438.6,7433.6,7437.6
1784886300000,7437.85,7438.85,7435.35,7437.35
1784887200000,7437.6,7438.35,7431.35,7432.85
1784888100000,7432.6,7434.35,7430.85,7433.1
1784889000000,7433.35,7435.85,7430.35,7432.35
1784889900000,7432.1,7433.1,7429.6,7429.85
1784890800000,7430.1,7434.35,7429.6,7432.35
1784891700000,7432.6,7433.85,7430.1,7431.1
1784892600000,7430.85,7432.1,7426.6,7426.6
1784893500000,7426.85,7440.35,7424.85,7436.6
1784894400000,7436.85,7439.1,7429.1,7438.1
1784895300000,7437.85,7439.35,7432.1,7437.35
1784896200000,7437.1,7437.85,7426.6,7427.1
1784897100000,7427.35,7427.85,7420.85,7421.6
1784898000000,7421.85,7423.1,7418.1,7421.35
1784898900000,7421.6,7424.6,7415.1,7415.35
1784899800000,7414.6,7426.35,7413.85,7418.1
1784900700000,7417.35,7428.6,7404.1,7405.35
1784901600000,7405.1,7429.1,7403.35,7425.35
1784902500000,7425.6,7429.85,7410.1,7421.6
1784903400000,7421.85,7422.35,7408.6,7408.85
1784904300000,7409.1,7437.1,7404.35,7436.6
1784905200000,7437.35,7452.6,7426.35,7449.6
1784906100000,7449.1,7462.35,7444.35,7456.85
1784907000000,7456.6,7463.1,7451.1,7453.35
1784907900000,7453.6,7461.6,7450.6,7461.1
1784908800000,7461.6,7467.85,7457.35,7460.6
1784909700000,7460.35,7466.6,7459.1,7462.85
1784910600000,7462.6,7463.1,7447.1,7447.1
1784911500000,7446.85,7448.85,7437.6,7445.1
1784912400000,7445.35,7446.35,7432.85,7439.85
1784913300000,7439.6,7448.85,7437.1,7447.85
1784914200000,7448.1,7452.1,7441.35,7441.35
1784915100000,7441.1,7446.1,7439.85,7440.6
1784916000000,7440.35,7443.6,7435.6,7436.6
1784916900000,7436.35,7437.1,7420.35,7420.85
1784917800000,7421.1,7422.1,7407.1,7409.1
1784918700000,7408.85,7417.6,7408.35,7414.85
1784919600000,7414.6,7419.85,7405.6,7406.85
1784920500000,7407.1,7410.85,7403.6,7407.1
1784921400000,7407.6,7417.1,7407.35,7413.85
1784922300000,7413.6,7422.1,7407.1,7419.6
1784923200000,7419.35,7420.35,7412.75,7415.75
1784924100000,7416.25,7420.75,7414.25,7414.5
1784925000000,7415.25,7415.25,7410.25,7415.25
1784925900000,7415.38,7418,7413.25,7414.65
1785103200000,7461.45,7482.45,7461.2,7467.429999999999
1785104100000,7467.42,7469.93,7464.93,7467.92
1785105000000,7468.18,7471.68,7467.17,7468.68
1785105900000,7468.42,7468.68,7464.42,7464.92
1785106800000,7465.17,7472.18,7464.42,7471.67
1785107700000,7472.17,7473.43,7470.42,7471.93
1785108600000,7472.17,7478.68,7471.92,7477.42
1785109500000,7477.18,7485.18,7475.17,7484.17
1785110400000,7484.43,7485.18,7473.92,7482.17
1785111300000,7482.43,7482.43,7469.42,7472.92
1785112200000,7473.18,7475.18,7467.67,7467.93
1785113100000,7467.67,7472.68,7465.67,7465.93
1785114000000,7466.18,7469.68,7463.42,7464.17
1785114900000,7464.43,7465.68,7460.43,7462.93
1785115800000,7463.18,7472.43,7462.67,7469.18
1785116700000,7468.93,7471.43,7466.67,7471.43
1785117600000,7471.17,7473.18,7468.92,7471.68
1785118500000,7471.67,7475.18,7470.42,7473.43
1785119400000,7473.17,7475.43,7469.92,7474.43
1785120300000,7474.17,7475.43,7471.42,7472.42
1785121200000,7472.68,7476.18,7472.17,7476.18
1785122100000,7476.17,7476.43,7473.67,7473.93
1785123000000,7473.92,7475.43,7471.42,7473.68
1785123900000,7473.42,7474.43,7470.92,7472.93
1785124800000,7473.18,7474.93,7471.92,7474.92
1785125700000,7474.93,7476.93,7472.67,7474.68
1785126600000,7474.93,7478.68,7473.17,7478.43
1785127500000,7478.42,7479.93,7477.42,7477.93
1785128400000,7477.92,7482.68,7477.17,7481.92
1785129300000,7481.67,7483.43,7481.42,7483.42
1785130200000,7483.68,7487.68,7482.67,7485.68
1785131100000,7485.67,7488.43,7485.17,7487.42
1785132000000,7487.68,7492.93,7487.42,7490.68
1785132900000,7490.42,7491.43,7487.42,7487.92
1785133800000,7488.18,7489.93,7485.92,7486.93
1785134700000,7487.18,7487.18,7483.92,7484.92
1785135600000,7484.93,7490.3,7483.92,7490.05
1785136500000,7489.8,7490.42,7486.05,7486.05
1785137400000,7486.3,7486.3,7482.05,7484.67
1785138300000,7484.55,7485.55,7478.8,7478.93
1785139200000,7479.05,7485.3,7478.68,7485.3
1785140100000,7485.05,7488.8,7483.05,7488.05
1785141000000,7488.3,7492.8,7486.05,7492.05
1785141900000,7492.3,7493.3,7490.3,7492.3
1785142800000,7492.55,7492.55,7489.55,7490.17
1785143700000,7490.3,7493.3,7489.55,7490.8
1785144600000,7490.93,7495.55,7490.3,7495.05
1785145500000,7494.8,7497.8,7494.8,7495.55
1785146400000,7495.3,7496.55,7491.55,7493.92
1785147300000,7493.8,7495.3,7493.05,7494.05
1785148200000,7494.68,7495.8,7492.55,7495.55
1785149100000,7495.3,7497.55,7494.8,7495.05
1785150000000,7494.93,7495.3,7490.05,7490.8
1785150900000,7491.05,7492.3,7481.93,7482.05
1785151800000,7481.8,7488.3,7481.3,7485.43
1785152700000,7485.3,7486.55,7484.55,7485.05
1785153600000,7485.3,7488.3,7477.8,7478.55
1785154500000,7478.8,7482.55,7478.3,7481.3
1785155400000,7481.55,7484.8,7479.55,7484.8
1785156300000,7484.55,7487.55,7484.05,7486.43
1785157200000,7486.55,7488.3,7483.18,7485.55
1785158100000,7485.8,7487.05,7480.3,7480.55
1785159000000,7481.55,7487.05,7466.05,7466.3
1785159900000,7466.42,7473.05,7447.05,7447.3
1785160800000,7447.05,7452.3,7435.8,7441.1
1785161700000,7440.85,7447.1,7413.35,7414.1
1785162600000,7414.35,7416.6,7396.85,7399.35
1785163500000,7400.1,7430.35,7400.1,7429.1
1785164400000,7429.35,7435.1,7422.85,7425.85
1785165300000,7425.6,7426.85,7410.6,7414.35
1785166200000,7414.6,7414.6,7394.85,7406.1
1785167100000,7406.6,7407.85,7398.35,7406.35
1785168000000,7406.85,7418.35,7405.35,7406.1
1785168900000,7405.85,7428.72,7400.35,7418.85
1785169800000,7418.7300000000005,7425.35,7412.1,7414.85
1785170700000,7415.1,7419.35,7397.85,7401.6
1785171600000,7401.85,7402.22,7392.1,7397.85
1785172500000,7397.7300000000005,7399.1,7389.85,7393.35
1785173400000,7393.6,7404.1,7393.1,7399.35
1785174300000,7399.6,7409.85,7396.85,7409.6
1785175200000,7410.35,7410.85,7406.6,7409.1
1785176100000,7408.85,7409.85,7401.6,7407.85
1785177000000,7407.6,7407.97,7397.6,7406.35
1785177900000,7406.1,7423.85,7404.85,7421.8
1785178800000,7422.05,7427.05,7415.8,7422.05
1785179700000,7422.3,7428.8,7422.05,7427.8
1785180600000,7427.55,7429.8,7419.8,7421.3
1785181500000,7421.17,7424.05,7416.8,7422.55
1785182400000,7423.05,7427.3,7418.3,7421.3
1785183300000,7421.55,7422.3,7419.3,7421.8
1785184200000,7421.55,7429.55,7421.05,7425.8
1785185100000,7425.93,7426.45,7423.05,7426.45
1785189600000,7427.15,7429.65,7420.37,7420.87
1785190500000,7421.13,7422.63,7417.87,7418.63
1785191400000,7418.62,7422.38,7418.62,7419.38
1785192300000,7419.37,7420.88,7418.12,7418.38
1785193200000,7418.37,7421.13,7413.87,7417.63
1785194100000,7417.38,7422.63,7415.62,7422.63
1785195000000,7422.38,7422.63,7418.62,7419.12
1785195900000,7419.13,7423.88,7415.62,7421.62
1785196800000,7422.38,7425.63,7412.12,7415.37
1785197700000,7415.88,7417.63,7410.37,7414.38
1785198600000,7414.37,7418.88,7408.12,7417.13
1785199500000,7417.12,7417.13,7409.62,7411.13
1785200400000,7411.87,7412.63,7398.87,7401.37
1785201300000,7401.63,7414.88,7400.37,7411.88
1785202200000,7411.63,7417.38,7410.62,7415.12
1785203100000,7415.13,7417.63,7406.13,7408.12
1785204000000,7408.88,7408.88,7403.12,7404.37
1785204900000,7404.38,7409.38,7402.12,7404.12
1785205800000,7404.13,7404.88,7400.87,7402.13
1785206700000,7402.12,7407.38,7400.87,7404.38
1785207600000,7404.62,7404.88,7398.12,7402.63
1785208500000,7402.37,7411.63,7401.37,7403.62
1785209400000,7403.63,7415.63,7399.62,7414.12
1785210300000,7414.38,7415.63,7411.62,7414.12
1785211200000,7414.13,7414.13,7403.87,7404.63
1785212100000,7404.62,7409.38,7403.62,7404.13
1785213000000,7404.12,7405.63,7402.62,7404.37
1785213900000,7404.63,7408.38,7400.12,7401.12
1785214800000,7401.13,7405.38,7400.37,7400.87
1785215700000,7401.13,7402.88,7397.87,7398.62
1785216600000,7398.63,7399.13,7392.87,7395.88
1785217500000,7395.62,7399.13,7393.37,7394.87
1785218400000,7395.12,7398.38,7393.37,7396.88
1785219300000,7396.87,7400.38,7394.12,7399.12
1785220200000,7399.38,7403.13,7397.62,7401.13
1785221100000,7400.87,7404.88,7398.37,7403.63
1785222000000,7404.13,7410.75,7403,7409.63
1785222900000,7409.75,7412.5,7408,7409
1785223800000,7408.87,7411.25,7407,7408.25
1785224700000,7408,7410.5,7403.25,7407.13
1785225600000,7407.5,7410.25,7399.37,7400.25
1785226500000,7400.37,7418.25,7399.5,7416.75
1785227400000,7417,7420.25,7412.75,7418.5
1785228300000,7418.38,7422.75,7414.25,7415.75
1785229200000,7415.5,7419,7414.25,7415.5
1785230100000,7415.38,7419.75,7415.38,7419.37
1785231000000,7419.25,7419.25,7415.25,7416.13
1785231900000,7416.25,7418.5,7412,7413.5
1785232800000,7413.25,7415.25,7411.75,7413
1785233700000,7413.12,7416.25,7410.75,7416.25
1785234600000,7416.5,7418,7407.75,7410.75
1785235500000,7410.87,7416.25,7410.25,7416
1785236400000,7416.5,7420.12,7406.5,7407.37
1785237300000,7407.25,7422.87,7407.13,7412
1785238200000,7411.5,7423.38,7407,7412.37
1785239100000,7411.88,7426.25,7411,7425
1785240000000,7424.75,7428.75,7422.5,7424.5
1785240900000,7424.75,7432,7422.25,7431
1785241800000,7431.12,7434.25,7426.25,7433.37
1785242700000,7433.25,7437.38,7429.25,7430.25
1785243600000,7430.38,7433,7426.75,7430
1785244500000,7430.13,7436,7422.7,7423.7
1785245400000,7423.45,7425.95,7396.95,7401.7
1785246300000,7401.95,7412.3,7390.25,7395.18
1785247200000,7395.42,7412.55,7393.3,7396.55
1785248100000,7397.05,7409.3,7394.3,7407.8
1785249000000,7408.05,7417.05,7402.3,7413.05
1785249900000,7413.3,7429.400000000001,7409.3,7417.650000000001
1785250800000,7418.15,7428.4,7411.4,7425.15
1785251700000,7425.03,7450.7,7423.15,7443.57
1785252600000,7443.2,7452.45,7441.45,7452.2
1785253500000,7452.45,7456.2,7449.2,7453.45
1785254400000,7453.7,7454.95,7446.45,7447.95
1785255300000,7447.7,7452.57,7443.7,7443.7
1785256200000,7443.95,7453.2,7440.95,7451.2
1785257100000,7451.7,7459.7,7445.58,7457.95
1785258000000,7457.83,7459.7,7443.7,7444.95
1785258900000,7445.2,7453.45,7442.45,7444.7
1785259800000,7444.7,7450.95,7438.2,7439.7
1785260700000,7439.45,7445.45,7436.83,7443.7
1785261600000,7443.95,7446.95,7436.2,7436.45
1785262500000,7436.2,7441.7,7436.2,7437.95
1785263400000,7438.07,7443.2,7437.2,7439.45
1785264300000,7439.7,7448.2,7438.95,7446.45
1785265200000,7446.2,7451.7,7445.45,7446.45
1785266100000,7446.57,7450.7,7444.95,7449.2
1785267000000,7449.45,7449.45,7441.45,7445.2
1785267900000,7444.95,7448.7,7436.7,7440.7
1785268800000,7440.2,7443.32,7432.82,7440.95
1785269700000,7441.2,7448.2,7438.2,7446.45
1785270600000,7446.33,7447.45,7440.2,7441.7
1785271500000,7441.45,7443.2,7440.2,7441.599999999999
1785276000000,7442.65,7448.88,7440.37,7441.87
1785276900000,7442.13,7443.13,7432.62,7437.12
1785277800000,7436.88,7437.88,7425.62,7428.13
1785278700000,7428.12,7431.88,7425.37,7426.62
1785279600000,7426.88,7440.38,7424.37,7438.38
1785280500000,7438.37,7445.63,7434.37,7443.63
1785281400000,7443.37,7458.63,7442.37,7457.87
1785282300000,7457.62,7470.13,7454.63,7469.37
1785283200000,7469.62,7474.18,7465.37,7469.67
1785284100000,7469.68,7475.68,7465.92,7468.18
1785285000000,7468.17,7470.18,7462.92,7468.18
1785285900000,7467.92,7469.68,7460.67,7461.67
1785286800000,7461.93,7464.18,7446.67,7447.93
1785287700000,7447.67,7455.93,7443.92,7453.43
1785288600000,7452.92,7453.68,7442.17,7442.68
1785289500000,7442.42,7443.68,7430.42,7430.42
1785290400000,7430.43,7440.43,7428.42,7438.17
1785291300000,7438.18,7441.68,7433.17,7441.42
1785292200000,7441.68,7443.93,7438.67,7441.43
1785293100000,7441.42,7441.93,7436.17,7438.68
1785294000000,7438.43,7443.18,7432.67,7435.92
1785294900000,7435.93,7437.43,7430.67,7430.93
1785295800000,7430.68,7432.68,7426.67,7429.92
1785296700000,7429.68,7431.93,7420.43,7422.67
1785297600000,7422.92,7423.43,7418.92,7420.18
1785298500000,7420.17,7423.18,7417.42,7419.92
1785299400000,7419.93,7422.18,7414.93,7415.18
1785300300000,7415.43,7426.2300000000005,7413.67,7425.97
1785301200000,7425.9800000000005,7436.400000000001,7423.97,7436.22
1785302100000,7436.2300000000005,7436.7300000000005,7430.47,7434.97
1785303000000,7435.2300000000005,7437.9800000000005,7432.47,7436.22
1785303900000,7436.7300000000005,7437.7300000000005,7431.97,7432.72
1785304800000,7432.97,7433.7300000000005,7426.72,7430.4800000000005
1785305700000,7430.47,7436.7300000000005,7429.72,7436.7300000000005
1785306600000,7436.48,7449.73,7436.48,7449.23
1785307500000,7448.97,7455.2300000000005,7447.22,7454.2300000000005
1785308400000,7454.7300000000005,7458.85,7450.35,7454.85
1785309300000,7454.97,7457.85,7452.1,7457.6
1785310200000,7457.7300000000005,7460.35,7455.1,7457.85
1785311100000,7458.1,7458.6,7453.85,7456.85
1785312000000,7456.9800000000005,7457.35,7449.85,7450.1
1785312900000,7450.35,7453.1,7444.6,7446.6
1785313800000,7446.85,7458.6,7445.35,7457.85
1785314700000,7457.9800000000005,7461.35,7454.85,7456.35
1785315600000,7456.2300000000005,7459.1,7454.85,7457.9800000000005
1785316500000,7457.97,7458.22,7454.35,7455.47
1785317400000,7455.48,7459.599999999999,7452.98,7458.099999999999
1785318300000,7458.349999999999,7467.349999999999,7458.23,7461.349999999999
1785319200000,7461.1,7464.1,7456.85,7458.97
1785320100000,7459.1,7461.1,7456.6,7460.1
1785321000000,7460.35,7461.6,7452.85,7456.1
1785321900000,7456.35,7457.1,7451.6,7453.1
1785322800000,7452.85,7459.6,7451.6,7456.85
1785323700000,7456.7300000000005,7460.1,7455.6,7457.35
1785324600000,7457.1,7458.22,7452.35,7453.35
1785325500000,7453.47,7458.22,7452.35,7456.35
1785326400000,7456.23,7456.849999999999,7446.23,7447.23
1785327300000,7447.35,7448.35,7432.1,7434.6
1785328200000,7434.22,7441.85,7430.85,7441.6
1785329100000,7441.72,7442.35,7437.85,7438.85
1785330000000,7439.1,7439.85,7429.35,7430.1
1785330900000,7429.85,7440.1,7427.6,7431.85
1785331800000,7430.6,7436.35,7419.6,7428.6
1785332700000,7428.85,7434.35,7397.6,7405.35
1785333600000,7406.1,7414.85,7381.6,7385.35
1785334500000,7385.6,7395.85,7373.85,7380.35
1785335400000,7380.1,7389.85,7369.6,7373.35
1785336300000,7373.1,7384.1,7370.1,7379.35
1785337200000,7379.85,7387.85,7375.6,7377.6
1785338100000,7377.85,7386.1,7374.6,7375.35
1785339000000,7375.6,7381.35,7368.6,7371.1
1785339900000,7371.35,7376.6,7361.35,7368.47
1785340800000,7368.7300000000005,7371.35,7351.1,7351.1
1785341700000,7350.85,7370.1,7348.6,7369.4800000000005
1785342600000,7369.35,7374.1,7359.6,7363.35
1785343500000,7363.1,7379.72,7361.35,7379.72
1785344400000,7379.85,7397.35,7378.35,7397.1
1785345300000,7397.35,7403.85,7389.1,7389.6
1785346200000,7388.6,7394.85,7384.1,7388.85
1785347100000,7389.35,7395.35,7384.85,7394.4800000000005
1785348000000,7394.5,7426.6,7393.85,7405.1
1785348900000,7405.2300000000005,7413.72,7393.85,7404.1
1785349800000,7403.85,7440.97,7390.72,7438.6
1785350700000,7438.72,7457.85,7436.1,7450.85
1785351600000,7451.22,7457.1,7409.85,7418.85
1785352500000,7419.099999999999,7427.599999999999,7371.98,7380.849999999999
1785353400000,7381.1,7386.35,7337.85,7342.1
1785354300000,7341.85,7350.35,7321.85,7325.1
1785355200000,7325.849999999999,7330.969999999999,7302.23,7312.219999999999
1785356100000,7312.47,7318.7300000000005,7299.6,7306.35
1785357000000,7306.4800000000005,7321.4800000000005,7300.1,7316.6
1785357900000,7316.4800000000005,7319.1,7310.35,7310.5
1785362400000,7307.2,7350.179999999999,7307.2,7345.179999999999
1785363300000,7345.17,7351.93,7342.92,7347.42
1785364200000,7347.43,7349.43,7343.67,7348.42
1785365100000,7348.67,7351.68,7343.67,7345.92
1785366000000,7346.18,7355.93,7345.92,7349.68
1785366900000,7349.67,7355.43,7348.42,7354.18
1785367800000,7354.43,7358.68,7351.42,7353.93
1785368700000,7353.67,7358.17,7350.92,7354.42
1785369600000,7354.68,7363.93,7348.42,7360.42
1785370500000,7360.68,7361.93,7350.92,7354.68
1785371400000,7354.92,7357.68,7344.17,7346.67
1785372300000,7346.93,7353.68,7345.42,7351.92
1785373200000,7352.18,7364.93,7350.42,7354.43
1785374100000,7354.18,7363.43,7353.42,7362.17
1785375000000,7362.18,7368.18,7361.92,7367.18
1785375900000,7367.17,7368.43,7364.42,7364.93
1785376800000,7365.18,7368.93,7362.42,7363.17
1785377700000,7363.18,7366.43,7361.17,7362.18
1785378600000,7362.17,7363.68,7357.67,7363.17
1785379500000,7363.43,7364.93,7353.92,7354.17
1785380400000,7354.43,7359.93,7348.42,7350.18
1785381300000,7350.17,7351.18,7346.92,7349.43
1785382200000,7349.42,7354.43,7345.67,7351.42
1785383100000,7351.18,7354.68,7348.92,7351.18
1785384000000,7351.17,7352.43,7346.42,7346.67
1785384900000,7346.92,7355.18,7345.17,7354.67
1785385800000,7354.68,7354.93,7345.17,7345.93
1785386700000,7345.67,7351.18,7342.42,7343.67
1785387600000,7343.68,7344.68,7338.42,7341.93
1785388500000,7341.92,7346.93,7341.42,7344.42
1785389400000,7344.68,7349.18,7342.92,7348.42
1785390300000,7348.68,7353.17,7341.42,7344.93
1785391200000,7344.67,7345.43,7339.42,7340.17
1785392100000,7340.18,7343.43,7335.43,7340.68
1785393000000,7340.93,7340.93,7334.67,7334.92
1785393900000,7335.18,7340.68,7334.67,7340.17
1785394800000,7339.92,7358.3,7337.92,7351.55
1785395700000,7351.8,7352.55,7338.8,7341.42
1785396600000,7341.55,7344.3,7330.3,7341.93
1785397500000,7342.05,7343.93,7335.18,7335.68
1785398400000,7335.8,7347.55,7327.93,7344.3
1785399300000,7344.42,7354.8,7342.68,7352.68
1785400200000,7352.55,7355.05,7349.3,7350.3
1785401100000,7350.18,7352.55,7344.8,7348.8
1785402000000,7349.05,7359.8,7347.3,7356.18
1785402900000,7355.93,7361.3,7354.3,7359.3
1785403800000,7359.05,7364.05,7356.55,7358.93
1785404700000,7358.8,7360.55,7350.3,7350.55
1785405600000,7350.67,7358.3,7347.55,7353.55
1785406500000,7353.68,7364.55,7353.3,7362.3
1785407400000,7362.05,7367.8,7360.3,7365.8
1785408300000,7365.3,7368.3,7359.8,7361.18
1785409200000,7361.17,7369.05,7361.17,7366.55
1785410100000,7366.67,7373.8,7366.05,7373.55
1785411000000,7373.8,7375.42,7370.05,7371.42
1785411900000,7371.3,7378.05,7371.3,7375.8
1785412800000,7376.17,7380.92,7372.05,7380.3
1785413700000,7380.55,7380.8,7372.05,7375.68
1785414600000,7375.93,7381.92,7369.3,7371.3
1785415500000,7371.55,7376.8,7369.05,7374.8
1785416400000,7375.05,7386.17,7374.05,7378.8
1785417300000,7378.55,7390.92,7377.55,7390.55
1785418200000,7391.3,7397.55,7376.05,7393.8
1785419100000,7393.55,7416.05,7393.55,7415.8
1785420000000,7415.55,7419.55,7403.8,7409.05
1785420900000,7409.3,7422.55,7403.05,7415.8
1785421800000,7415.43,7420.55,7406.05,7407.8
1785422700000,7407.55,7410.55,7385.05,7391.3
1785423600000,7391.55,7397.3,7377.3,7378.05
1785424500000,7377.8,7390.8,7375.3,7377.05
1785425400000,7376.8,7398.8,7375.8,7395.3
1785426300000,7395.55,7405.8,7392.55,7400.8
1785427200000,7400.55,7419.05,7398.05,7418.05
1785428100000,7417.8,7421.8,7415.05,7417.55
1785429000000,7417.3,7420.43,7407.3,7410.3
1785429900000,7410.05,7421.8,7409.8,7420.05
1785430800000,7419.93,7431.55,7419.8,7427.05
1785431700000,7427.3,7432.55,7426.55,7427.8
1785432600000,7428.05,7431.55,7422.05,7429.3
1785433500000,7429.43,7433.8,7426.55,7427.8
1785434400000,7428.17,7432.8,7427.05,7432.05
1785435300000,7432.3,7434.3,7430.55,7433.55
1785436200000,7433.8,7435.55,7430.05,7433.05
1785437100000,7433.18,7438.43,7432.8,7437.8
1785438000000,7437.55,7452.8,7437.55,7450.55
1785438900000,7450.8,7454.55,7447.3,7447.55
1785439800000,7447.8,7449.55,7444.3,7447.8
1785440700000,7448.05,7452.55,7440.55,7448.35
1785441600000,7449.35,7468.35,7444.97,7463.45
1785442500000,7463.2,7468.7,7462.82,7466.82
1785443400000,7466.7,7474.7,7452.95,7457.45
1785444300000,7457.7,7458.45,7448.7,7451.099999999999
1785448800000,7447.4,7456.879999999999,7444.9,7453.379999999999
1785449700000,7453.120000000001,7457.38,7449.6,7452.18
1785450600000,7451.92,7459.68,7449.67,7459.68
1785451500000,7459.93,7462.68,7459.17,7461.67
1785452400000,7461.68,7466.95,7459.5,7460.48
1785453300000,7460.22,7461.4800000000005,7457.72,7460.2300000000005
1785454200000,7459.9800000000005,7465.2300000000005,7459.47,7465.2300000000005
1785455100000,7464.9800000000005,7468.9800000000005,7462.47,7465.22
1785456000000,7465.4800000000005,7473.9800000000005,7462.22,7473.2300000000005
1785456900000,7472.9800000000005,7475.2300000000005,7470.47,7471.7300000000005
1785457800000,7471.47,7474.7300000000005,7470.97,7473.97
1785458700000,7474.22,7474.2300000000005,7468.72,7472.47
1785459600000,7472.7300000000005,7479.4800000000005,7472.72,7477.47
1785460500000,7477.4800000000005,7481.9800000000005,7477.22,7479.72
1785461400000,7479.7300000000005,7480.2300000000005,7473.97,7474.47
1785462300000,7474.4800000000005,7475.2300000000005,7471.97,7475.22
1785463200000,7475.4800000000005,7477.9800000000005,7471.97,7472.22
1785464100000,7472.4800000000005,7472.4800000000005,7468.97,7469.97
1785465000000,7469.9800000000005,7471.2300000000005,7465.97,7469.7300000000005
1785465900000,7469.9800000000005,7471.2300000000005,7466.72,7470.47
1785466800000,7470.22,7471.2300000000005,7465.97,7468.7300000000005
1785467700000,7468.72,7474.7300000000005,7468.47,7473.9800000000005
1785468600000,7474.2300000000005,7476.2300000000005,7473.47,7474.9800000000005
1785469500000,7474.47,7475.4800000000005,7470.47,7474.4800000000005
1785470400000,7474.22,7475.9800000000005,7469.97,7475.4800000000005
1785471300000,7475.47,7480.7300000000005,7473.97,7480.4800000000005
1785472200000,7480.47,7484.9800000000005,7479.72,7484.72
1785473100000,7484.98,7486.98,7483.73,7486.219999999999
1785474000000,7486.4800000000005,7487.2300000000005,7484.72,7485.47
1785474900000,7485.7300000000005,7487.7300000000005,7484.97,7486.7300000000005
1785475800000,7486.72,7488.2300000000005,7483.22,7484.2300000000005
1785476700000,7483.97,7487.2300000000005,7483.47,7485.72
1785477600000,7485.7300000000005,7488.4800000000005,7484.72,7487.9800000000005
1785478500000,7487.72,7488.4800000000005,7483.97,7485.47
1785479400000,7485.22,7485.7300000000005,7470.97,7473.9800000000005
1785480300000,7473.97,7475.9800000000005,7469.47,7473.72
1785481200000,7473.22,7484.6,7470.47,7483.35
1785482100000,7483.1,7486.47,7478.6,7482.6
1785483000000,7482.85,7484.85,7480.1,7484.1
1785483900000,7484.22,7485.6,7480.35,7484.1
1785484800000,7483.9800000000005,7487.85,7480.35,7487.85
1785485700000,7488.1,7490.4800000000005,7485.6,7488.85
1785486600000,7488.6,7489.6,7484.6,7485.85
1785487500000,7486.1,7491.35,7485.35,7490.35
1785488400000,7490.6,7495.1,7488.6,7493.6
1785489300000,7493.35,7494.35,7488.85,7489.35
1785490200000,7488.85,7489.85,7481.35,7483.85
1785491100000,7483.6,7485.6,7481.35,7481.6
1785492000000,7481.4800000000005,7485.85,7479.85,7484.85
1785492900000,7484.9800000000005,7489.6,7484.1,7487.1
1785493800000,7486.9800000000005,7488.1,7481.85,7485.6
1785494700000,7485.85,7486.9800000000005,7482.35,7484.35
1785495600000,7484.2300000000005,7488.85,7483.35,7484.35
1785496500000,7484.4800000000005,7484.6,7476.85,7477.47
1785497400000,7477.6,7477.6,7472.1,7473.72
1785498300000,7473.6,7477.85,7473.1,7476.85
1785499200000,7477.1,7477.1,7467.6,7467.9800000000005
1785500100000,7467.85,7470.1,7463.6,7468.5
1785501000000,7468.72,7469.35,7457.1,7460.85
1785501900000,7460.6,7464.35,7457.85,7460.6
1785502800000,7460.35,7468.6,7458.85,7467.6
1785503700000,7468.1,7476.6,7467.6,7476.1
1785504600000,7476.349999999999,7492.599999999999,7457.73,7460.349999999999
1785505500000,7460.6,7464.9800000000005,7444.35,7447.85
1785506400000,7447.099999999999,7452.599999999999,7408.4,7413.5199999999995
1785507300000,7413.4,7434.15,7405.4,7433.65
1785508200000,7433.9,7445.9,7430.15,7445.4
1785509100000,7445.65,7458.9,7443.9,7454.65
1785510000000,7454.9,7457.4,7440.65,7450.9
1785510900000,7450.65,7460.15,7430.4,7432.4
1785511800000,7432.15,7452.9,7427.4,7447.65
1785512700000,7447.9,7462.65,7440.65,7460.4
1785513600000,7460.15,7465.65,7453.9,7464.4
1785514500000,7464.65,7473.65,7456.9,7473.65
1785515400000,7473.9,7478.65,7470.4,7471.15
1785516300000,7471.4,7479.15,7469.4,7475.4
1785517200000,7475.15,7482.65,7474.28,7481.65
1785518100000,7481.9,7493.65,7480.65,7492.65
1785519000000,7492.53,7494.4,7485.65,7487.9
1785519900000,7487.65,7490.4,7481.15,7483.65
1785520800000,7483.9,7489.65,7482.15,7486.4
1785521700000,7486.15,7493.9,7485.65,7489.65
1785522600000,7490.15,7492.15,7486.15,7489.9
1785523500000,7490.15,7494.4,7488.4,7490.9
1785524400000,7490.65,7494.9,7487.15,7492.4
1785525300000,7492.9,7508.65,7491.9,7504.15
1785526200000,7504.4,7510.9,7497.9,7510.65
1785527100000,7510.9,7518.65,7493.4,7496.9
1785528000000,7497.65,7504.4,7494.4,7499.4
1785528900000,7499.15,7499.4,7495.15,7496.65
1785529800000,7496.4,7498.65,7494.65,7496.15
1785530700000,7495.900000000001,7497.52,7477.27,7481.55
1785708000000,7535.8,7537.28,7525.3,7535.27
1785708900000,7535.280000000001,7536.280000000001,7529.27,7531.030000000001
1785709800000,7531.02,7532.530000000001,7529.02,7529.030000000001
1785710700000,7528.780000000001,7530.030000000001,7524.27,7525.530000000001
1785711600000,7525.52,7529.780000000001,7523.52,7525.030000000001
1785712500000,7525.280000000001,7529.530000000001,7525.02,7528.530000000001
1785713400000,7528.52,7531.27,7527.77,7530.030000000001
1785714300000,7530.02,7534.780000000001,7526.52,7531.280000000001
1785715200000,7531.02,7534.030000000001,7526.02,7533.780000000001
1785716100000,7533.52,7536.280000000001,7525.27,7526.780000000001
1785717000000,7526.52,7533.530000000001,7526.02,7529.27
1785717900000,7529.280000000001,7534.280000000001,7528.27,7534.02
1785718800000,7534.280000000001,7536.030000000001,7530.77,7531.52
1785719700000,7531.530000000001,7535.530000000001,7529.52,7535.030000000001
1785720600000,7534.77,7537.030000000001,7532.77,7536.52
1785721500000,7536.780000000001,7538.530000000001,7535.77,7538.030000000001
1785722400000,7537.780000000001,7539.530000000001,7536.27,7539.030000000001
1785723300000,7538.77,7541.530000000001,7536.77,7536.77
1785724200000,7537.030000000001,7540.280000000001,7536.52,7538.530000000001
1785725100000,7538.52,7540.780000000001,7538.27,7540.280000000001
1785726000000,7540.530000000001,7541.780000000001,7540.27,7541.530000000001
1785726900000,7541.27,7542.030000000001,7538.52,7538.780000000001
1785727800000,7538.52,7542.280000000001,7538.27,7542.27
1785728700000,7542.280000000001,7544.030000000001,7541.02,7541.780000000001
1785729600000,7541.52,7543.030000000001,7540.77,7542.280000000001
1785730500000,7542.27,7544.530000000001,7542.27,7544.27
1785731400000,7544.530000000001,7545.030000000001,7543.77,7545.030000000001
1785732300000,7544.77,7546.530000000001,7542.77,7543.280000000001
1785733200000,7543.27,7545.280000000001,7542.02,7543.530000000001
1785734100000,7543.27,7544.530000000001,7541.52,7543.02
1785735000000,7543.030000000001,7543.780000000001,7542.02,7542.780000000001
1785735900000,7542.52,7543.530000000001,7540.27,7543.030000000001
1785736800000,7542.77,7545.780000000001,7541.77,7543.530000000001
1785737700000,7543.27,7543.780000000001,7538.77,7539.27
1785738600000,7539.530000000001,7541.780000000001,7538.02,7538.030000000001
1785739500000,7537.780000000001,7538.780000000001,7535.52,7536.780000000001
1785740400000,7537.03,7540.9,7532.9,7539.9
1785741300000,7539.65,7541.4,7532.65,7536.65
1785742200000,7536.4,7539.65,7533.15,7533.65
1785743100000,7533.4,7539.9,7533.4,7539.4
1785744000000,7539.03,7539.65,7530.53,7534.9
1785744900000,7534.65,7535.03,7527.4,7530.15
1785745800000,7530.4,7536.9,7527.53,7534.28
1785746700000,7534.15,7539.15,7532.15,7539.15
1785747600000,7539.4,7539.9,7533.9,7535.65
1785748500000,7535.9,7538.4,7534.9,7536.15
1785749400000,7535.9,7539.4,7535.4,7536.15
1785750300000,7536.2699999999995,7538.4,7533.65,7537.15
1785751200000,7537.28,7539.65,7535.4,7538.15
1785752100000,7537.9,7540.15,7537.15,7539.9
1785753000000,7539.65,7542.4,7538.15,7542.15
1785753900000,7542.4,7542.9,7540.65,7542.5199999999995
1785754800000,7542.65,7543.15,7537.15,7539.7699999999995
1785755700000,7539.65,7543.9,7539.15,7541.4
1785756600000,7541.28,7547.4,7540.15,7543.65
1785757500000,7543.9,7544.15,7535.65,7537.15
1785758400000,7537.4,7537.4,7533.15,7536.15
1785759300000,7536.4,7538.65,7533.4,7537.9
1785760200000,7538.15,7545.4,7537.9,7545.4
1785761100000,7545.15,7546.15,7542.15,7543.15
1785762000000,7543.28,7544.9,7541.65,7542.4
1785762900000,7542.15,7545.4,7524.9,7525.9
1785763800000,7525.650000000001,7550.900000000001,7523.27,7547.02
1785764700000,7547.15,7567.9,7545.15,7567.65
1785765600000,7567.03,7572.15,7562.4,7570.9
1785766500000,7570.4,7579.65,7569.9,7576.9
1785767400000,7577.15,7583.4,7574.9,7580.9
1785768300000,7581.15,7585.9,7578.65,7585.65
1785769200000,7585.4,7586.0199999999995,7579.4,7582.15
1785770100000,7582.4,7588.65,7581.9,7582.9
1785771000000,7583.15,7590.15,7582.65,7588.15
1785771900000,7588.4,7593.78,7588.4,7591.15
1785772800000,7591.4,7593.15,7589.15,7591.15
1785773700000,7591.4,7597.4,7590.9,7596.9
1785774600000,7596.65,7597.65,7593.65,7595.9
1785775500000,7596.15,7596.4,7591.4,7593.5199999999995
1785776400000,7593.65,7597.4,7591.03,7596.4
1785777300000,7596.15,7602.9,7596.15,7602.4
1785778200000,7602.15,7605.9,7601.65,7604.9
1785779100000,7604.65,7609.4,7604.65,7607.9
1785780000000,7608.15,7614.65,7607.9,7611.65
1785780900000,7611.65,7614.4,7606.15,7607.15
1785781800000,7607.4,7612.4,7604.65,7612.15
1785782700000,7612.4,7614.15,7608.9,7610.9
1785783600000,7611.4,7617.4,7611.15,7613.4
1785784500000,7613.65,7617.15,7613.65,7615.15
1785785400000,7615.4,7616.9,7610.4,7612.15
1785786300000,7612.4,7615.4,7606.15,7608.9
1785787200000,7608.65,7612.65,7605.15,7611.9
1785788100000,7612.15,7616.4,7612.15,7612.9
1785789000000,7613.15,7616.4,7612.65,7615.15
1785789900000,7615.400000000001,7615.400000000001,7610.05,7610.8
1785794400000,7610.5,7615.73,7609.5,7612.72
1785795300000,7613.22,7615.4800000000005,7613.22,7614.2300000000005
1785796200000,7614.22,7616.9800000000005,7613.72,7616.4800000000005
1785797100000,7616.47,7616.4800000000005,7614.72,7615.7300000000005
1785798000000,7615.72,7616.2300000000005,7614.22,7614.9800000000005
1785798900000,7614.97,7616.7300000000005,7614.72,7615.2300000000005
1785799800000,7615.4800000000005,7616.7300000000005,7613.22,7613.22
1785800700000,7613.47,7616.2300000000005,7613.22,7615.97
1785801600000,7615.47,7617.7300000000005,7612.72,7614.4800000000005
1785802500000,7614.47,7614.7300000000005,7611.22,7611.72
1785803400000,7611.7300000000005,7615.4800000000005,7609.97,7614.97
1785804300000,7615.22,7616.2300000000005,7612.22,7613.4800000000005
1785805200000,7613.2300000000005,7615.7300000000005,7609.97,7614.7300000000005
1785806100000,7614.47,7616.9800000000005,7612.72,7616.72
1785807000000,7616.7300000000005,7620.4800000000005,7616.47,7620.4800000000005
1785807900000,7620.22,7627.68,7620.22,7626.68
1785808800000,7626.67,7627.7300000000005,7620.22,7621.4800000000005
1785809700000,7621.22,7622.9800000000005,7619.72,7620.47
1785810600000,7620.7300000000005,7624.4800000000005,7620.47,7624.22
1785811500000,7624.4800000000005,7624.7300000000005,7621.97,7622.9800000000005
1785812400000,7622.7300000000005,7624.7300000000005,7618.72,7619.97
1785813300000,7619.9800000000005,7624.7300000000005,7619.72,7623.9800000000005
1785814200000,7623.97,7625.9800000000005,7622.22,7623.22
1785815100000,7623.2300000000005,7625.7300000000005,7622.22,7625.2300000000005
1785816000000,7625.22,7625.7300000000005,7622.22,7623.22
1785816900000,7623.4800000000005,7626.2300000000005,7623.22,7625.72
1785817800000,7625.9800000000005,7626.4800000000005,7625.22,7625.47
1785818700000,7625.4800000000005,7626.9800000000005,7624.72,7625.72
1785819600000,7625.9800000000005,7626.280000000001,7623.72,7624.62
1785820500000,7624.63,7627.13,7624.37,7626.62
1785821400000,7626.88,7630.38,7626.62,7628.63
1785822300000,7628.62,7628.88,7627.37,7628.2699999999995
1785823200000,7628.530000000001,7630.530000000001,7627.52,7630.52
1785824100000,7630.530000000001,7630.530000000001,7627.77,7628.02
1785825000000,7627.77,7629.030000000001,7623.52,7624.780000000001
1785825900000,7624.77,7625.530000000001,7623.77,7625.280000000001
1785826800000,7625.2699999999995,7628.15,7622.4,7623.65
1785827700000,7623.7699999999995,7626.9,7623.4,7625.65
1785828600000,7625.9,7628.65,7622.9,7623.4
1785829500000,7623.28,7627.65,7622.65,7624.15
1785830400000,7624.400000000001,7625.900000000001,7622.77,7624.650000000001
1785831300000,7624.4,7626.65,7622.9,7624.15
1785832200000,7623.9,7623.9,7617.9,7618.9
1785833100000,7619.15,7619.4,7615.9,7618.0199999999995
1785834000000,7617.9,7617.9,7612.9,7614.65
1785834900000,7614.9,7615.15,7612.65,7615.15
1785835800000,7614.9,7619.15,7614.9,7618.4
1785836700000,7618.65,7619.4,7615.4,7618.4
1785837600000,7618.65,7620.4,7616.9,7619.15
1785838500000,7619.2699999999995,7619.4,7616.78,7617.15
1785839400000,7617.4,7625.4,7616.9,7624.65
1785840300000,7624.4,7628.4,7622.4,7623.9
1785841200000,7623.65,7625.9,7622.4,7624.4
1785842100000,7624.15,7629.4,7623.65,7629.15
1785843000000,7629.4,7637.4,7625.9,7635.65
1785843900000,7635.4,7638.4,7632.9,7635.15
1785844800000,7635.03,7636.15,7632.15,7632.65
1785845700000,7632.900000000001,7636.400000000001,7632.27,7635.400000000001
1785846600000,7635.15,7636.65,7633.4,7635.9
1785847500000,7635.65,7636.03,7631.65,7631.9
1785848400000,7632.15,7635.4,7630.15,7634.65
1785849300000,7634.9,7644.7699999999995,7634.15,7638.4
1785850200000,7638.15,7654.15,7637.15,7650.65
1785851100000,7650.9,7667.15,7650.9,7665.9
1785852000000,7666.2699999999995,7681.4,7663.4,7681.4
1785852900000,7681.2699999999995,7686.9,7674.4,7677.65
1785853800000,7677.4,7692.28,7673.9,7692.28
1785854700000,7690.15,7697.15,7688.65,7695.9
1785855600000,7696.15,7704.65,7694.9,7702.15
1785856500000,7701.9,7711.9,7701.9,7706.65
1785857400000,7706.4,7716.4,7704.65,7715.9
1785858300000,7716.15,7722.0199999999995,7714.65,7717.4
1785859200000,7717.15,7722.4,7714.15,7715.15
1785860100000,7715.4,7726.4,7715.4,7725.2699999999995
1785861000000,7725.4,7733.4,7723.15,7732.9
1785861900000,7733.15,7736.65,7733.15,7735.9
1785862800000,7736.15,7746.4,7735.15,7745.65
1785863700000,7745.9,7749.65,7742.9,7745.9
1785864600000,7746.15,7756.65,7742.9,7756.65
1785865500000,7756.900000000001,7764.400000000001,7748.3,7748.3
1785866400000,7748.05,7754.55,7743.55,7754.3
1785867300000,7754.55,7756.55,7752.05,7755.8
1785868200000,7756.05,7757.05,7746.3,7749.3
1785869100000,7749.55,7755.05,7749.55,7753.05
1785870000000,7753.3,7762.55,7752.8,7761.05
1785870900000,7761.3,7763.3,7753.3,7755.05
1785871800000,7755.3,7765.3,7753.3,7764.55
1785872700000,7764.3,7766.05,7741.8,7744.3
1785873600000,7744.55,7761.18,7744.55,7753.68
1785874500000,7752.93,7752.93,7741.67,7747.05
1785875400000,7746.8,7753.18,7745.8,7751.3
1785876300000,7751.05,7755.55,7750.55,7754.45
1785880800000,7753.65,7759.38,7751.87,7759.12
1785881700000,7758.87,7762.38,7758.37,7761.13
1785882600000,7761.12,7763.88,7758.62,7759.13
1785883500000,7759.12,7761.63,7758.37,7761.62
1785884400000,7761.63,7763.63,7759.62,7762.62
1785885300000,7762.88,7763.63,7759.87,7760.12
1785886200000,7760.37,7760.88,7756.87,7760.12
1785887100000,7760.13,7761.88,7758.12,7758.38
1785888000000,7758.12,7761.13,7757.12,7761.12
1785888900000,7761.13,7764.38,7759.62,7764.38
1785889800000,7764.37,7766.13,7761.37,7761.38
1785890700000,7761.12,7765.38,7759.62,7765.12
1785891600000,7765.38,7765.38,7760.12,7763.13
1785892500000,7763.12,7763.38,7758.62,7759.87
1785893400000,7760.13,7764.63,7759.37,7763.13
1785894300000,7763.12,7766.13,7763.12,7765.12
1785895200000,7765.38,7767.88,7763.88,7766.63
1785896100000,7766.62,7767.88,7765.12,7765.87
1785897000000,7766.13,7767.37,7764.62,7767.37
1785897900000,7767.38,7769.63,7766.87,7767.62
1785898800000,7767.63,7772.88,7767.37,7771.62
1785899700000,7771.63,7773.13,7768.37,7768.38
1785900600000,7768.12,7772.38,7767.37,7772.13
1785901500000,7772.12,7773.13,7770.37,7772.88
1785902400000,7772.87,7773.63,7771.62,7771.88
1785903300000,7771.62,7771.88,7768.87,7770.12
1785904200000,7770.38,7772.63,7769.87,7772.12
1785905100000,7772.13,7774.45,7770.12,7772.12
1785906000000,7772.13,7775.88,7771.37,7775.37
1785906900000,7775.63,7776.88,7775.12,7775.13
1785907800000,7775.12,7776.88,7774.12,7776.87
1785908700000,7777.13,7780.38,7776.62,7778.7699999999995
1785909600000,7779.02,7779.780000000001,7777.52,7779.030000000001
1785910500000,7778.77,7778.780000000001,7772.02,7773.280000000001
1785911400000,7773.02,7776.280000000001,7772.77,7774.780000000001
1785912300000,7774.77,7778.530000000001,7774.27,7778.530000000001
1785913200000,7778.2699999999995,7779.65,7772.65,7773.9
1785914100000,7774.15,7774.9,7770.9,7771.15
1785915000000,7770.900000000001,7772.75,7767.55,7771.75
1785915900000,7771.87,7773.75,7770.75,7773.5
1785916800000,7773.75,7777.5,7767.38,7768.62
1785917700000,7768.75,7770,7763.25,7766.6
1785918600000,7766.85,7767.1,7761.85,7764.1
1785919500000,7764.35,7766.6,7761.85,7765.6
1785920400000,7765.85,7768.85,7764.1,7767.35
1785921300000,7767.2300000000005,7770.75,7765.35,7770.75
1785922200000,7771,7774,7770.25,7772
1785923100000,7771.87,7772.75,7769.25,7770.25
1785924000000,7770.5,7772,7768.45,7770.15
1785924900000,7770.0199999999995,7775.25,7769.9,7775
1785925800000,7775.25,7776.75,7773.75,7775
1785926700000,7777,7779.75,7774.5,7779.5
1785927600000,7779.25,7781,7777.25,7779.5
1785928500000,7779.25,7781.5,7776.5,7776.5
1785929400000,7776.25,7779.75,7775.25,7776.5
1785930300000,7776.25,7780.25,7774.75,7779.75
1785931200000,7780,7784,7779.25,7782.75
1785932100000,7783,7787.25,7781.25,7785.25
1785933000000,7785,7786.25,7777.75,7784.25
1785933900000,7784.5,7785.25,7780.25,7781.5
1785934800000,7781.75,7790.5,7781.5,7788.25
1785935700000,7788,7791.5,7785.25,7791.25
1785936600000,7792.75,7802,7786,7798.75
1785937500000,7799,7801.25,7777.25,7801.25
1785938400000,7796.5,7799.5,7783.25,7795.75
1785939300000,7795.5,7798.5,7781,7781.75
1785940200000,7781,7784.25,7770,7774
1785941100000,7773.75,7782.25,7758.75,7768.25
1785942000000,7769,7773,7763.75,7764.25
1785942900000,7764.5,7765.25,7746.5,7750.5
1785943800000,7750.62,7758.75,7750.25,7753.5
1785944700000,7753.25,7753.5,7736.75,7739.75
1785945600000,7739.5,7743.75,7732.63,7738
1785946500000,7737.75,7754.25,7735.75,7754
1785947400000,7754.25,7755.5,7745.25,7749
1785948300000,7748.88,7754.75,7746,7751.5
1785949200000,7751.75,7754.75,7744,7748.25
1785950100000,7748,7751.5,7743.75,7746.63
1785951000000,7746.5,7753.5,7744.25,7750.63
1785951900000,7750.75,7753,7747,7749
1785952800000,7748.87,7756.25,7748.75,7751.25
1785953700000,7751.5,7754.75,7750.25,7752.75
1785954600000,7752.5,7752.75,7745.38,7749.5
1785955500000,7749.25,7753.25,7747,7747.25
1785956400000,7747.2,7751.75,7745.75,7750.75
1785957300000,7751,7753.5,7749.75,7751
1785958200000,7750.75,7752,7745.5,7748
1785959100000,7747.75,7750,7727.75,7730.5
1785960000000,7729.75,7742.25,7729,7741.5
1785960900000,7742.12,7742.25,7736.75,7739
1785961800000,7739.12,7743,7738.5,7743
1785962700000,7742.87,7743.5,7739.9,7740.4
1785967200000,7739.45,7743.429999999999,7739.45,7740.67
1785968100000,7740.68,7750.18,7740.67,7749.68
1785969000000,7749.42,7753.18,7748.67,7751.43
1785969900000,7751.42,7753.43,7746.67,7746.93
1785970800000,7746.92,7749.18,7745.67,7748.67
1785971700000,7748.68,7750.43,7747.67,7748.17
1785972600000,7748.43,7749.43,7744.67,7745.67
1785973500000,7745.93,7745.93,7742.92,7744.42
1785974400000,7744.67,7745.93,7740.17,7742.92
1785975300000,7742.93,7745.18,7739.42,7740.93
1785976200000,7740.92,7744.68,7740.42,7742.93
1785977100000,7742.92,7743.93,7739.67,7739.67
1785978000000,7739.93,7740.43,7735.42,7737.67
1785978900000,7737.68,7737.68,7730.67,7732.42
1785979800000,7732.43,7737.18,7731.92,7733.43
1785980700000,7733.42,7738.93,7733.17,7737.67
1785981600000,7737.42,7746.43,7737.42,7743.68
1785982500000,7743.67,7746.43,7742.42,7742.93
1785983400000,7742.92,7749.93,7741.17,7749.93
1785984300000,7749.67,7750.43,7746.67,7747.68
1785985200000,7747.67,7749.93,7746.67,7747.67
1785986100000,7747.93,7748.43,7742.42,7743.17
1785987000000,7743.43,7745.68,7741.92,7744.17
1785987900000,7744.18,7746.43,7741.92,7745.92
1785988800000,7746.18,7746.43,7742.17,7743.93
1785989700000,7743.92,7747.68,7743.67,7746.42
1785990600000,7746.43,7747.93,7742.42,7743.42
1785991500000,7743.43,7745.93,7742.67,7745.68
1785992400000,7745.67,7748.18,7744.17,7746.43
1785993300000,7746.17,7747.93,7744.17,7746.43
1785994200000,7746.17,7746.93,7743.92,7746.93
1785995100000,7746.92,7747.93,7743.17,7747.67
1785996000000,7747.68,7747.68,7738.17,7739.18
1785996900000,7738.92,7744.18,7736.67,7743.93
1785997800000,7743.67,7744.18,7737.92,7740.18
1785998700000,7739.92,7743.18,7737.92,7742.43
1785999600000,7742.68,7747.05,7740.55,7746.05
1786000500000,7746.18,7747.05,7742.3,7742.8
1786001400000,7742.93,7743.05,7737.55,7738.8
1786002300000,7738.68,7741.8,7737.8,7741.05
1786003200000,7741.18,7741.55,7732.93,7736.05
1786004100000,7735.92,7743.3,7734.3,7743.05
1786005000000,7743.17,7746.3,7742.8,7744.05
1786005900000,7744.3,7748.05,7742.55,7747.55
1786006800000,7747.42,7747.42,7737.93,7739.05
1786007700000,7739.17,7744.3,7738.8,7743.05
1786008600000,7742.93,7744.8,7741.3,7743.55
1786009500000,7743.68,7750.05,7743.55,7749.8
1786010400000,7749.55,7749.8,7745.55,7746.05
1786011300000,7746.18,7748.8,7744.8,7748.05
1786012200000,7747.8,7748.05,7742.05,7742.55
1786013100000,7742.3,7744.55,7741.55,7744.55
1786014000000,7744.3,7744.55,7733.05,7738.8
1786014900000,7738.55,7745.3,7738.55,7744.8
1786015800000,7744.92,7748.3,7744.3,7744.8
1786016700000,7744.55,7746.8,7737.17,7742.55
1786017600000,7742.3,7743.17,7736.17,7736.8
1786018500000,7737.05,7742.8,7734.55,7739.8
1786019400000,7739.67,7744.05,7737.43,7741.05
1786020300000,7740.8,7742.3,7735.05,7737.05
1786021200000,7736.8,7737.55,7730.3,7731.8
1786022100000,7732.05,7736.8,7730.8,7734.3
1786023000000,7734.42,7741.8,7723.05,7738.05
1786023900000,7737.8,7748.05,7737.8,7741.8
1786024800000,7741.92,7750.55,7739.05,7748.3
1786025700000,7748.55,7751.05,7733.55,7737.3
1786026600000,7737.55,7742.3,7729.3,7734.3
1786027500000,7734.05,7743.3,7728.3,7742.55
1786028400000,7743.05,7745.05,7731.8,7732.05
1786029300000,7732.3,7733.8,7718.8,7725.05
1786030200000,7725.3,7726.8,7715.55,7715.8
1786031100000,7715.55,7730.3,7712.05,7713.55
1786032000000,7713.8,7717.55,7710.05,7712.05
1786032900000,7712.3,7717.3,7707.05,7714.8
1786033800000,7715.05,7721.3,7712.8,7713.05
1786034700000,7712.8,7722.55,7711.55,7722.3
1786035600000,7722.05,7724.17,7713.3,7713.55
1786036500000,7713.8,7716.8,7710.3,7710.55
1786037400000,7710.8,7715.05,7709.55,7713.55
1786038300000,7714.05,7718.8,7712.05,7718.8
1786039200000,7719.05,7724.8,7717.3,7724.05
1786040100000,7724.3,7729.8,7718.67,7726.55
1786041000000,7726.8,7727.05,7717.3,7720.05
1786041900000,7719.8,7723.8,7719.55,7722.3
1786042800000,7722.55,7730.55,7722.05,7726.05
1786043700000,7725.8,7727.55,7718.05,7719.3
1786044600000,7719.05,7722.55,7713.3,7715.3
1786045500000,7715.55,7721.8,7709.8,7718.05
1786046400000,7718.8,7723.8,7718.55,7720.55
1786047300000,7721.55,7721.8,7711.55,7712.8
1786048200000,7712.92,7714.55,7710.55,7713.05
1786049100000,7713.3,7715.05,7712.55,7713.95
1786053600000,7716.1,7723.08,7712.83,7722.58
1786054500000,7722.33,7724.08,7719.07,7719.57
1786055400000,7719.83,7719.83,7716.07,7718.82
1786056300000,7719.08,7721.58,7718.57,7721.08
1786057200000,7720.82,7721.83,7719.57,7719.82
1786058100000,7720.08,7723.58,7720.07,7721.07
1786059000000,7721.08,7723.08,7720.57,7722.83
1786059900000,7722.82,7724.08,7721.32,7722.82
1786060800000,7723.08,7725.33,7719.32,7721.08
1786061700000,7721.33,7721.33,7712.32,7713.33
1786062600000,7713.32,7722.33,7712.82,7717.58
1786063500000,7717.57,7720.33,7713.32,7718.83
1786064400000,7718.82,7720.83,7713.82,7714.82
1786065300000,7715.08,7717.33,7710.57,7716.57
1786066200000,7716.58,7722.33,7712.57,7715.57
1786067100000,7715.83,7717.83,7712.82,7715.83
1786068000000,7715.82,7718.08,7712.07,7715.83
1786068900000,7715.57,7717.33,7714.58,7715.57
1786069800000,7715.58,7715.83,7710.07,7712.57
1786070700000,7712.58,7716.33,7712.07,7715.07
1786071600000,7715.08,7717.33,7714.82,7715.07
1786072500000,7715.08,7715.83,7711.57,7713.83
1786073400000,7713.58,7715.33,7712.57,7713.32
1786074300000,7713.33,7714.08,7711.82,7712.07
1786075200000,7712.33,7713.83,7710.82,7711.33
1786076100000,7711.07,7715.58,7708.32,7713.58
1786077000000,7713.83,7716.33,7712.32,7712.58
1786077900000,7712.32,7715.33,7712.07,7714.57
1786078800000,7714.83,7719.83,7714.32,7716.83
1786079700000,7716.82,7718.58,7716.82,7717.57
1786080600000,7717.83,7717.83,7714.82,7716.08
1786081500000,7716.07,7716.83,7714.82,7714.83
1786082400000,7715.08,7721.33,7714.82,7720.83
1786083300000,7720.57,7723.08,7719.32,7722.83
1786084200000,7722.32,7722.83,7717.32,7717.57
1786085100000,7717.58,7721.58,7717.32,7721.08
1786086000000,7720.82,7725.2,7718.95,7725.08
1786086900000,7725.45,7725.45,7722.7,7724.57
1786087800000,7724.7,7725.95,7722.7,7723.95
1786088700000,7723.7,7724.45,7721.2,7723.2
1786089600000,7723.45,7729.7,7723.32,7729.2
1786090500000,7729.08,7729.57,7725.2,7726.95
1786091400000,7727.08,7730.45,7724.95,7726.95
1786092300000,7726.7,7729.45,7726.2,7728.45
1786093200000,7728.2,7730.95,7727.7,7730.2
1786094100000,7730.45,7732.08,7728.2,7729.95
1786095000000,7729.83,7731.7,7729.2,7730.2
1786095900000,7730.45,7731.45,7728.45,7728.95
1786096800000,7729.08,7730.32,7728.2,7728.2
1786097700000,7728.45,7730.2,7726.95,7729.95
1786098600000,7730.08,7731.95,7729.2,7731.95
1786099500000,7732.2,7732.33,7727.95,7729.45
1786100400000,7729.95,7734.7,7729.45,7732.95
1786101300000,7733.2,7737.95,7733.2,7736.45
1786102200000,7736.58,7739.7,7736.2,7738.95
1786103100000,7738.7,7738.95,7731.45,7731.7
1786104000000,7731.58,7738.95,7730.45,7735.95
1786104900000,7736.2,7741.95,7734.58,7739.83
1786105800000,7740.08,7759.2,7737.7,7755.45
1786106700000,7755.7,7761.82,7755.7,7757.95
1786107600000,7757.7,7758.95,7743.2,7744.45
1786108500000,7744.7,7745.45,7736.7,7739.45
1786109400000,7739.95,7751.45,7736.7,7750.32
1786110300000,7750.2,7753.45,7734.95,7740.95
1786111200000,7741.2,7746.32,7726.7,7728.95
1786112100000,7728.7,7763.57,7727.2,7762.45
1786113000000,7762.32,7764.08,7747.7,7750.2
1786113900000,7750.08,7760.45,7749.45,7759.45
1786114800000,7759.7,7764.45,7754.7,7761.7
1786115700000,7761.45,7769.7,7758.45,7767.2
1786116600000,7767.7,7769.95,7759.7,7762.45
1786117500000,7762.2,7766.95,7758.7,7760.95
1786118400000,7760.7,7764.45,7757.95,7760.7
1786119300000,7760.58,7763.7,7743.7,7747.7
1786120200000,7747.95,7756.7,7740.95,7756.45
1786121100000,7756.7,7759.2,7749.95,7749.95
1786122000000,7750.2,7754.2,7748.2,7750.95
1786122900000,7750.7,7754.7,7747.95,7751.45
1786123800000,7751.7,7754.45,7747.7,7751.95
1786124700000,7752.2,7755.2,7750.2,7751.95
1786125600000,7752.2,7753.2,7744.95,7746.2
1786126500000,7745.95,7748.45,7744.95,7745.2
1786127400000,7744.95,7746.95,7739.2,7739.95
1786128300000,7740.2,7747.45,7739.45,7747.45
1786129200000,7747.7,7761.2,7747.2,7759.7
1786130100000,7759.95,7765.2,7758.7,7761.45
1786131000000,7761.2,7761.95,7755.95,7756.45
1786131900000,7756.2,7768.45,7756.2,7761.2
1786132800000,7761.7,7763.95,7757.2,7758.45
1786133700000,7758.57,7759.95,7756.2,7756.45
1786134600000,7756.2,7760.2,7756.2,7759.2
1786135500000,7758.95,7762.08,7758.2,7761.099999999999
1786312800000,7762.349999999999,7763.349999999999,7752.32,7753.33
1786313700000,7753.07,7755.33,7748.82,7754.57
1786314600000,7754.58,7755.58,7751.57,7753.83
1786315500000,7753.57,7754.58,7752.82,7753.82
1786316400000,7754.08,7757.33,7752.57,7756.83
1786317300000,7756.57,7758.33,7756.32,7756.83
1786318200000,7756.82,7757.08,7752.82,7756.32
1786319100000,7756.58,7757.33,7751.82,7751.82
1786320000000,7752.08,7762.83,7750.57,7761.58
1786320900000,7761.32,7761.58,7755.57,7756.08
1786321800000,7756.07,7758.08,7754.07,7754.82
1786322700000,7755.08,7757.83,7754.07,7755.83
1786323600000,7755.57,7762.33,7754.57,7762.08
1786324500000,7762.07,7765.58,7761.82,7764.32
1786325400000,7764.33,7765.33,7761.32,7765.08
1786326300000,7764.82,7766.58,7764.32,7765.57
1786327200000,7765.83,7766.58,7764.57,7764.83
1786328100000,7764.82,7765.08,7762.57,7764.82
1786329000000,7764.83,7767.83,7763.82,7767.83
1786329900000,7767.57,7768.08,7766.82,7767.07
1786330800000,7767.08,7768.08,7765.82,7766.33
1786331700000,7766.08,7768.33,7765.82,7767.83
1786332600000,7768.08,7770.83,7767.32,7770.82
1786333500000,7770.57,7771.33,7767.82,7768.83
1786334400000,7768.57,7771.33,7767.32,7771.08
1786335300000,7771.07,7773.32,7770.82,7772.33
1786336200000,7772.32,7772.33,7768.57,7771.33
1786337100000,7771.32,7773.83,7770.82,7772.32
1786338000000,7772.33,7775.83,7772.07,7775.33
1786338900000,7775.32,7775.58,7774.07,7774.07
1786339800000,7773.82,7775.33,7773.57,7774.07
1786340700000,7774.33,7776.33,7773.82,7775.83
1786341600000,7775.82,7777.83,7775.32,7776.83
1786342500000,7776.57,7777.33,7769.82,7770.32
1786343400000,7770.57,7772.08,7769.32,7770.83
1786344300000,7770.82,7773.33,7770.57,7772.07
1786345200000,7772.33,7773.95,7768.7,7770.45
1786346100000,7770.7,7777.45,7770.33,7777.45
1786347000000,7777.2,7779.2,7776.2,7778.95
1786347900000,7779.2,7781.45,7774.7,7777.2
1786348800000,7777.45,7778.95,7774.7,7776.2
1786349700000,7776.45,7777.83,7774.2,7775.95
1786350600000,7775.83,7778.2,7774.95,7776.45
1786351500000,7776.33,7777.2,7774.58,7776.7
1786352400000,7776.95,7777.45,7775.7,7776.95
1786353300000,7776.7,7778.2,7775.45,7777.45
1786354200000,7777.2,7778.45,7773.7,7774.7
1786355100000,7774.95,7775.2,7773.95,7774.2
1786356000000,7773.95,7775.95,7771.7,7771.95
1786356900000,7771.82,7775.95,7771.82,7775.2
1786357800000,7775.33,7775.45,7769.7,7770.95
1786358700000,7771.08,7772.95,7769.08,7770.45
1786359600000,7770.7,7771.45,7763.45,7765.45
1786360500000,7765.57,7770.95,7765.2,7770.7
1786361400000,7770.95,7772.32,7768.95,7768.95
1786362300000,7768.7,7770.2,7765.95,7767.45
1786363200000,7767.33,7770.82,7766.2,7766.45
1786364100000,7766.57,7766.7,7761.7,7763.95
1786365000000,7764.2,7764.2,7757.95,7759.45
1786365900000,7759.57,7760.7,7756.7,7758.7
1786366800000,7758.95,7762.2,7757.7,7761.45
1786367700000,7761.2,7762.7,7754.95,7757.7
1786368600000,7757.95,7768.2,7756.7,7758.2
1786369500000,7757.95,7766.95,7756.45,7765.95
1786370400000,7766.2,7774.45,7765.45,7773.95
1786371300000,7774.2,7775.95,7769.45,7774.95
1786372200000,7775.2,7778.45,7773.45,7777.45
1786373100000,7777.7,7781.95,7766.45,7766.7
1786374000000,7766.95,7771.95,7764.57,7769.7
1786374900000,7769.45,7773.7,7765.7,7769.2
1786375800000,7768.95,7770.2,7763.2,7769.45
1786376700000,7769.7,7775.7,7766.45,7774.95
1786377600000,7775.2,7776.2,7769.45,7769.45
1786378500000,7769.2,7770.7,7765.2,7765.45
1786379400000,7765.2,7766.45,7750.08,7753.2
1786380300000,7752.95,7761.45,7750.95,7761.2
1786381200000,7761.45,7763.95,7756.7,7762.7
1786382100000,7762.95,7764.7,7760.2,7762.95
1786383000000,7762.7,7764.2,7757.7,7757.95
1786383900000,7758.2,7759.95,7756.7,7758.95
1786384800000,7759.07,7762.2,7757.95,7758.45
1786385700000,7758.4,7758.95,7756.7,7756.7
1786386600000,7756.95,7760.7,7754.7,7760.45
1786387500000,7760.2,7764.7,7759.2,7763.7
1786388400000,7763.95,7765.7,7762.2,7764.7
1786389300000,7764.95,7766.45,7760.57,7760.95
1786390200000,7761.2,7764.45,7758.95,7762.58
1786391100000,7762.7,7763.95,7755.2,7763.07
1786392000000,7762.95,7763.2,7760.2,7760.45
1786392900000,7760.2,7761.7,7758.2,7761.2
1786393800000,7760.95,7761.45,7759.95,7761.45
1786394700000,7761.32,7763.45,7761.32,7762.099999999999
1786399200000,7764.7,7766.7,7762.42,7763.17
1786400100000,7763.43,7763.68,7759.17,7760.18
1786401000000,7760.17,7760.18,7757.17,7757.92
1786401900000,7757.93,7759.18,7757.67,7758.92
1786402800000,7759.18,7759.43,7757.42,7758.43
1786403700000,7758.17,7758.43,7754.92,7755.68
1786404600000,7755.42,7757.43,7754.42,7757.43
1786405500000,7757.17,7758.68,7752.17,7756.68
1786406400000,7755.93,7762.43,7753.42,7761.92
1786407300000,7761.93,7763.93,7758.92,7763.42
1786408200000,7763.67,7765.93,7762.42,7765.17
1786409100000,7765.43,7766.93,7764.92,7765.43
1786410000000,7765.42,7770.68,7763.68,7770.42
1786410900000,7770.68,7771.93,7768.42,7770.42
1786411800000,7770.43,7771.18,7769.17,7769.93
1786412700000,7769.42,7771.93,7768.92,7768.93
1786413600000,7768.67,7769.93,7768.42,7769.42
1786414500000,7769.68,7770.68,7768.67,7770.43
1786415400000,7770.17,7772.18,7770.17,7772.18
1786416300000,7771.92,7772.18,7769.67,7770.18
1786417200000,7769.92,7772.18,7769.92,7771.42
1786418100000,7771.68,7774.68,7771.17,7774.43
1786419000000,7774.17,7774.68,7772.42,7773.18
1786419900000,7773.17,7773.68,7771.92,7772.42
1786420800000,7772.67,7773.93,7772.42,7773.42
1786421700000,7773.68,7773.93,7772.42,7773.67
1786422600000,7773.68,7775.18,7772.67,7772.92
1786423500000,7773.18,7773.93,7772.67,7772.68
1786424400000,7772.93,7774.43,7771.92,7774.17
1786425300000,7774.43,7774.43,7770.67,7770.68
1786426200000,7770.43,7771.93,7768.92,7770.92
1786427100000,7770.93,7771.43,7766.17,7766.43
1786428000000,7766.42,7770.18,7765.92,7769.18
1786428900000,7769.17,7769.68,7760.42,7760.92
1786429800000,7760.67,7764.18,7756.17,7762.93
1786430700000,7762.92,7763.43,7758.67,7760.42
1786431600000,7761.18,7762.8,7757.3,7759.8
1786432500000,7759.93,7760.55,7756.55,7758.55
1786433400000,7758.8,7763.3,7758.8,7761.55
1786434300000,7761.3,7762.55,7759.05,7761.55
1786435200000,7761.67,7766.05,7756.55,7757.05
1786436100000,7756.92,7760.3,7755.55,7758.55
1786437000000,7758.43,7761.8,7756.8,7761.8
1786437900000,7761.67,7762.55,7759.8,7760.8
1786438800000,7760.68,7761.8,7757.05,7759.8
1786439700000,7759.55,7763.8,7759.42,7762.3
1786440600000,7762.55,7766.05,7762.43,7763.8
1786441500000,7763.93,7765.3,7763.05,7763.55
1786442400000,7763.8,7764.3,7761.55,7761.55
1786443300000,7761.68,7773.3,7761.05,7771.55
1786444200000,7771.67,7771.8,7768.05,7770.42
1786445100000,7770.3,7771.8,7769.8,7770.8
1786446000000,7771.3,7781.55,7770.55,7779.3
1786446900000,7779.05,7779.92,7772.8,7773.93
1786447800000,7774.05,7774.8,7771.55,7773.8
1786448700000,7774.05,7776.3,7772.55,7775.05
1786449600000,7774.92,7778.55,7773.8,7778.55
1786450500000,7778.05,7780.8,7770.93,7773.8
1786451400000,7773.55,7777.05,7772.18,7775.3
1786452300000,7775.05,7775.8,7772.55,7773.3
1786453200000,7773.55,7777.55,7772.55,7773.55
1786454100000,7773.3,7779.3,7772.05,7777.3
1786455000000,7777.8,7777.8,7760.55,7764.55
1786455900000,7764.68,7768.05,7757.55,7767.8
1786456800000,7767.55,7772.55,7766.55,7769.55
1786457700000,7769.8,7771.05,7765.18,7770.55
1786458600000,7770.3,7770.8,7763.8,7765.3
1786459500000,7765.05,7771.8,7765.05,7767.8
1786460400000,7768.05,7769.55,7756.8,7757.8
1786461300000,7757.55,7759.55,7753.3,7755.3
1786462200000,7755.55,7756.8,7748.8,7752.8
1786463100000,7752.55,7753.55,7748.8,7751.05
1786464000000,7751.55,7755.05,7750.55,7750.8
1786464900000,7750.92,7755.55,7744.8,7749.05
1786465800000,7748.8,7750.8,7745.8,7747.05
1786466700000,7746.8,7747.05,7741.3,7742.3
1786467600000,7742.55,7743.55,7734.05,7734.3
1786468500000,7734.05,7741.05,7733.55,7739.3
1786469400000,7739.5,7744.05,7738.05,7743.55
1786470300000,7743.67,7744.55,7742.05,7743.3
1786471200000,7743.05,7743.3,7737.8,7739.55
1786472100000,7739.3,7740.55,7724.18,7726.05
1786473000000,7726.55,7733.3,7726.3,7729.05
1786473900000,7729.3,7735.8,7729.3,7731.8
1786474800000,7732.05,7734.8,7729.55,7733.55
1786475700000,7733.3,7738.05,7732.8,7737.3
1786476600000,7737.8,7742.3,7736.8,7738.3
1786477500000,7738.55,7738.55,7729.05,7735.8
1786478400000,7735.55,7738.55,7732.55,7737.8
1786479300000,7738.05,7742.55,7737.3,7742.3
1786480200000,7742.55,7743.3,7741.55,7742.3
1786481100000,7742.05,7742.05,7738.3,7738.95
1786485600000,7740.8,7742.3,7737.77,7741.780000000001
1786486500000,7741.77,7742.030000000001,7740.52,7740.780000000001
1786487400000,7740.52,7741.530000000001,7738.02,7738.02
1786488300000,7738.030000000001,7739.780000000001,7736.77,7739.280000000001
1786489200000,7739.02,7740.280000000001,7738.02,7738.780000000001
1786490100000,7738.52,7740.530000000001,7738.52,7740.280000000001
1786491000000,7740.02,7740.030000000001,7738.27,7739.280000000001
1786491900000,7739.27,7742.030000000001,7738.27,7741.52
1786492800000,7741.280000000001,7741.280000000001,7735.27,7738.27
1786493700000,7738.280000000001,7741.030000000001,7736.77,7738.77
1786494600000,7739.030000000001,7740.280000000001,7737.77,7738.52
1786495500000,7738.77,7739.280000000001,7737.02,7738.780000000001
1786496400000,7738.52,7740.030000000001,7737.52,7738.530000000001
1786497300000,7738.52,7738.780000000001,7734.77,7737.280000000001
1786498200000,7737.02,7738.780000000001,7735.52,7738.52
1786499100000,7738.780000000001,7739.030000000001,7735.02,7735.77
1786500000000,7736.02,7737.780000000001,7736.02,7737.52
1786500900000,7737.780000000001,7739.280000000001,7737.27,7739.02
1786501800000,7739.280000000001,7740.530000000001,7739.02,7740.02
1786502700000,7740.030000000001,7741.780000000001,7740.02,7741.52
1786503600000,7741.77,7742.780000000001,7741.52,7742.530000000001
1786504500000,7742.52,7742.780000000001,7741.02,7742.27
1786505400000,7742.280000000001,7742.280000000001,7740.02,7740.27
1786506300000,7740.530000000001,7741.780000000001,7740.27,7741.52
1786507200000,7741.780000000001,7742.280000000001,7740.52,7741.780000000001
1786508100000,7741.77,7742.780000000001,7741.02,7742.530000000001
1786509000000,7742.52,7742.780000000001,7740.77,7741.52
1786509900000,7741.530000000001,7744.030000000001,7740.77,7743.780000000001
1786510800000,7743.77,7743.780000000001,7741.52,7741.530000000001
1786511700000,7741.02,7741.780000000001,7739.02,7741.780000000001
1786512600000,7741.77,7743.780000000001,7741.52,7742.030000000001
1786513500000,7741.77,7743.780000000001,7741.77,7743.02
1786514400000,7743.030000000001,7744.030000000001,7740.52,7741.530000000001
1786515300000,7741.52,7742.780000000001,7740.27,7742.27
1786516200000,7742.280000000001,7745.030000000001,7741.77,7743.030000000001
1786517100000,7742.77,7746.030000000001,7742.77,7746.030000000001
1786518000000,7745.7699999999995,7747.65,7745.4,7746.4
1786518900000,7746.15,7747.15,7743.65,7744.9
1786519800000,7744.78,7746.65,7744.4,7746.53
1786520700000,7746.4,7746.65,7743.65,7745.65
1786521600000,7745.4,7748.9,7745.4,7747.9
1786522500000,7747.78,7749.15,7747.15,7748.15
1786523400000,7747.9,7747.9,7744.4,7746.65
1786524300000,7746.5199999999995,7749.78,7746.15,7748.65
1786525200000,7748.9,7751.4,7748.4,7751.15
1786526100000,7751.4,7759.9,7750.65,7754.53
1786527000000,7754.65,7756.9,7754.4,7755.4
1786527900000,7755.53,7757.4,7751.15,7752.65
1786528800000,7752.9,7755.9,7752.65,7755.5199999999995
1786529700000,7755.65,7756.4,7754.4,7754.65
1786530600000,7754.4,7756.4,7754.15,7755.65
1786531500000,7755.400000000001,7756.02,7746.02,7752.650000000001
1786532400000,7752.900000000001,7755.650000000001,7752.27,7752.900000000001
1786533300000,7752.65,7753.15,7750.9,7752.15
1786534200000,7751.9,7755.4,7751.65,7754.9
1786535100000,7755.15,7757.65,7753.9,7756.9
1786536000000,7756.4,7758.15,7754.4,7755.9
1786536900000,7756.15,7767.28,7755.15,7767.28
1786537800000,7766.799999999999,7773.4,7747.15,7769.15
1786538700000,7769.4,7771.4,7765.65,7771.03
1786539600000,7771.0199999999995,7773.65,7769.4,7772.15
1786540500000,7771.9,7778.9,7771.65,7777.9
1786541400000,7779.65,7779.9,7755.4,7758.9
1786542300000,7759.15,7767.4,7751.9,7756.9
1786543200000,7757.15,7758.9,7749.9,7754.65
1786544100000,7754.4,7763.9,7752.65,7758.65
1786545000000,7758.4,7761.65,7744.65,7761.4
1786545900000,7761.15,7762.9,7749.15,7753.15
1786546800000,7752.9,7754.9,7748.15,7752.4
1786547700000,7752.15,7754.65,7748.15,7754.65
1786548600000,7754.9,7755.65,7746.65,7748.9
1786549500000,7748.65,7752.65,7748.4,7750.9
1786550400000,7751.15,7756.9,7750.65,7755.9
1786551300000,7756.15,7757.4,7754.15,7755.15
1786552200000,7755.28,7759.65,7752.4,7757.9
1786553100000,7758.15,7762.4,7756.15,7759.65
1786554000000,7759.7699999999995,7763.65,7758.4,7760.9
1786554900000,7760.65,7760.9,7756.65,7758.65
1786555800000,7758.9,7760.4,7757.65,7759.4
1786556700000,7759.65,7760.4,7757.15,7758.9
1786557600000,7758.65,7762.9,7758.65,7761.9
1786558500000,7761.65,7763.9,7760.4,7761.65
1786559400000,7761.9,7767.15,7761.9,7765.9
1786560300000,7766.15,7767.15,7761.28,7761.28
1786561200000,7761.15,7764.9,7761.15,7761.9
1786562100000,7761.65,7763.15,7758.9,7760.9
1786563000000,7760.65,7761.15,7756.65,7759.65
1786563900000,7759.53,7760.9,7750.9,7756.0199999999995
1786564800000,7756.15,7764.15,7754.9,7758.65
1786565700000,7758.4,7759.65,7753.4,7754.4
1786566600000,7754.15,7755.15,7753.65,7754.4
1786567500000,7754.650000000001,7755.150000000001,7752.55,7752.8
1786572000000,7756.25,7757.9800000000005,7755.22,7755.97
1786572900000,7755.9800000000005,7756.7300000000005,7754.47,7755.7300000000005
1786573800000,7755.47,7755.4800000000005,7753.72,7755.2300000000005
1786574700000,7754.97,7755.9800000000005,7754.97,7755.7300000000005
1786575600000,7755.47,7758.2300000000005,7755.47,7758.2300000000005
1786576500000,7757.97,7758.7300000000005,7757.47,7757.72
1786577400000,7757.7300000000005,7758.4800000000005,7756.47,7757.72
1786578300000,7757.9800000000005,7757.9800000000005,7754.47,7755.4800000000005
1786579200000,7755.2300000000005,7760.4800000000005,7754.47,7757.4800000000005
1786580100000,7757.7300000000005,7759.7300000000005,7755.72,7755.72
1786581000000,7755.9800000000005,7757.7300000000005,7754.72,7756.47
1786581900000,7756.4800000000005,7757.7300000000005,7755.22,7757.22
1786582800000,7757.2300000000005,7757.7300000000005,7752.72,7752.97
1786583700000,7752.9800000000005,7753.9800000000005,7751.47,7752.4800000000005
1786584600000,7752.22,7754.9800000000005,7752.22,7753.97
1786585500000,7753.9800000000005,7757.9800000000005,7753.22,7757.2300000000005
1786586400000,7757.22,7758.9800000000005,7756.97,7758.72
1786587300000,7758.7300000000005,7759.9800000000005,7757.22,7757.72
1786588200000,7757.7300000000005,7760.97,7755.22,7760.22
1786589100000,7760.2300000000005,7760.4800000000005,7759.47,7759.72
1786590000000,7759.47,7760.2300000000005,7758.97,7759.97
1786590900000,7760.2300000000005,7760.9800000000005,7759.72,7760.4800000000005
1786591800000,7760.7300000000005,7761.4800000000005,7759.47,7761.4800000000005
1786592700000,7761.47,7762.2300000000005,7761.22,7761.9800000000005
1786593600000,7761.7300000000005,7763.72,7760.47,7760.7300000000005
1786594500000,7760.47,7762.2300000000005,7758.97,7761.7300000000005
1786595400000,7761.47,7763.2300000000005,7761.47,7761.97
1786596300000,7761.9800000000005,7764.4800000000005,7761.47,7762.7300000000005
1786597200000,7762.469999999999,7766.73,7762.23,7766.73
1786598100000,7766.47,7766.9800000000005,7765.47,7766.47
1786599000000,7766.7300000000005,7767.4800000000005,7765.22,7765.4800000000005
1786599900000,7765.22,7765.7300000000005,7763.47,7763.4800000000005
1786600800000,7763.7300000000005,7765.7300000000005,7762.72,7765.2300000000005
1786601700000,7765.22,7766.7300000000005,7764.72,7765.22
1786602600000,7765.4800000000005,7765.9800000000005,7761.22,7761.9800000000005
1786603500000,7761.72,7764.9800000000005,7760.72,7764.9800000000005
1786604400000,7764.72,7765.85,7760.85,7761.85
1786605300000,7761.97,7764.6,7761.1,7764.47
1786606200000,7764.6,7766.47,7763.85,7766.35
1786607100000,7766.47,7766.85,7764.6,7764.85
1786608000000,7764.47,7767.1,7762.1,7766.35
1786608900000,7766.599999999999,7769.099999999999,7763.98,7768.469999999999
1786609800000,7768.48,7769.099999999999,7767.23,7768.599999999999
1786610700000,7768.35,7769.85,7767.85,7768.47
1786611600000,7768.6,7769.35,7766.35,7766.35
1786612500000,7766.2300000000005,7768.85,7765.1,7767.35
1786613400000,7767.23,7770.349999999999,7767.23,7770.349999999999
1786614300000,7770.1,7771.72,7769.6,7771.35
1786615200000,7771.6,7771.6,7769.85,7770.35
1786616100000,7770.47,7771.6,7769.85,7770.6
1786617000000,7770.85,7771.6,7770.35,7771.6
1786617900000,7771.4800000000005,7772.35,7771.1,7771.85
1786618800000,7772.099999999999,7772.849999999999,7770.98,7771.849999999999
1786619700000,7771.6,7771.6,7769.6,7770.85
1786620600000,7770.7300000000005,7775.35,7770.35,7775.35
1786621500000,7775.4800000000005,7775.85,7770.85,7770.85
1786622400000,7771.35,7771.35,7767.85,7769.35
1786623300000,7769.1,7770.2300000000005,7765.6,7769.9800000000005
1786624200000,7770.2300000000005,7777.1,7765.1,7771.35
1786625100000,7771.1,7775.35,7770.6,7775.35
1786626000000,7775.1,7778.6,7775.1,7777.85
1786626900000,7777.6,7780.35,7777.1,7780.1
1786627800000,7779.35,7796.1,7772.35,7788.35
1786628700000,7788.85,7808.35,7787.85,7807.85
1786629600000,7807.6,7817.1,7806.85,7816.6
1786630500000,7816.85,7823.85,7811.6,7823.6
1786631400000,7823.35,7825.1,7817.35,7817.35
1786632300000,7817.1,7817.35,7805.1,7809.1
1786633200000,7809.35,7813.6,7800.85,7802.6
1786634100000,7802.35,7803.85,7790.35,7792.85
1786635000000,7792.6,7794.85,7787.1,7790.6
1786635900000,7790.35,7792.35,7784.85,7785.85
1786636800000,7786.1,7793.85,7785.6,7788.35
1786637700000,7788.1,7796.35,7786.85,7796.35
1786638600000,7796.6,7798.35,7793.1,7795.35
1786639500000,7795.6,7799.1,7795.35,7798.35
1786640400000,7798.6,7805.1,7798.6,7803.1
1786641300000,7803.35,7806.1,7802.1,7802.35
1786642200000,7802.35,7803.6,7797.35,7797.35
1786643100000,7797.6,7800.85,7797.6,7798.85
1786644000000,7799.1,7802.85,7798.1,7802.35
1786644900000,7802.6,7803.1,7798.1,7801.35
1786645800000,7801.47,7808.6,7801.35,7807.35
1786646700000,7807.6,7810.6,7807.35,7808.85
1786647600000,7809.1,7815.6,7808.6,7811.1
1786648500000,7810.85,7815.35,7809.6,7812.1
1786649400000,7811.85,7814.1,7808.85,7808.85
1786650300000,7808.6,7811.6,7805.1,7810.22
1786651200000,7810.1,7812.1,7805.35,7809.35
1786652100000,7809.6,7810.1,7807.1,7807.35
1786653000000,7807.4800000000005,7810.6,7807.35,7810.6
1786653900000,7810.85,7812.35,7810.6,7812.25
1786658400000,7811.8,7813.780000000001,7810.52,7811.030000000001
1786659300000,7810.77,7812.780000000001,7809.77,7811.030000000001
1786660200000,7811.02,7811.530000000001,7810.77,7811.27
1786661100000,7811.280000000001,7811.530000000001,7810.27,7810.77
1786662000000,7810.780000000001,7814.030000000001,7810.27,7814.02
1786662900000,7814.280000000001,7814.280000000001,7811.77,7812.530000000001
1786663800000,7812.27,7813.530000000001,7812.02,7812.780000000001
1786664700000,7812.77,7813.780000000001,7812.02,7812.530000000001
1786665600000,7812.52,7815.280000000001,7812.02,7812.280000000001
1786666500000,7812.27,7813.030000000001,7810.77,7810.77
1786667400000,7810.780000000001,7811.780000000001,7810.27,7810.27
1786668300000,7810.530000000001,7811.280000000001,7809.77,7810.77
1786669200000,7810.780000000001,7810.780000000001,7807.02,7807.27
1786670100000,7807.530000000001,7809.280000000001,7807.27,7809.280000000001
1786671000000,7809.27,7811.030000000001,7808.77,7810.530000000001
1786671900000,7810.52,7811.530000000001,7809.77,7810.280000000001
1786672800000,7810.27,7812.780000000001,7810.27,7812.780000000001
1786673700000,7812.77,7813.030000000001,7811.77,7812.77
1786674600000,7813.030000000001,7813.530000000001,7812.77,7813.02
1786675500000,7813.280000000001,7813.780000000001,7811.02,7811.52
1786676400000,7811.77,7812.780000000001,7811.27,7812.52
1786677300000,7812.780000000001,7814.280000000001,7812.52,7814.280000000001
1786678200000,7814.27,7814.280000000001,7812.02,7812.02
1786679100000,7812.280000000001,7812.280000000001,7811.02,7811.02
1786680000000,7811.030000000001,7812.280000000001,7810.77,7812.030000000001
1786680900000,7811.77,7812.280000000001,7811.02,7811.27
1786681800000,7811.280000000001,7811.780000000001,7809.27,7810.52
1786682700000,7810.780000000001,7810.780000000001,7809.52,7809.77
1786683600000,7810.02,7810.530000000001,7808.27,7809.77
1786684500000,7810.030000000001,7810.530000000001,7809.02,7810.530000000001
1786685400000,7810.27,7811.280000000001,7809.27,7811.02
1786686300000,7811.280000000001,7812.780000000001,7810.77,7811.27
1786687200000,7811.530000000001,7811.530000000001,7808.02,7808.280000000001
1786688100000,7808.27,7809.030000000001,7808.02,7808.780000000001
1786689000000,7808.77,7809.030000000001,7807.27,7808.280000000001
1786689900000,7808.27,7809.030000000001,7808.02,7808.530000000001
1786690800000,7808.2699999999995,7809.78,7806.9,7807.03
1786691700000,7807.15,7808.9,7807.15,7808.15
1786692600000,7808.4,7810.65,7807.9,7810.65
1786693500000,7810.4,7811.4,7809.65,7810.15
1786694400000,7810.2699999999995,7812.9,7808.9,7810.4
1786695300000,7810.53,7812.65,7809.53,7812.65
1786696200000,7812.5199999999995,7815.15,7812.4,7813.53
1786697100000,7813.65,7815.4,7813.15,7813.15
1786698000000,7812.9,7813.15,7811.4,7812.65
1786698900000,7812.4,7814.4,7811.9,7812.9
1786699800000,7812.78,7812.9,7810.65,7811.65
1786700700000,7811.9,7814.4,7811.65,7814.4
1786701600000,7814.15,7816.15,7813.9,7815.15
1786702500000,7815.03,7815.15,7812.9,7813.65
1786703400000,7813.7699999999995,7814.9,7812.4,7813.9
1786704300000,7814.15,7815.4,7813.15,7815.4
1786705200000,7815.5199999999995,7816.15,7813.65,7813.9
1786706100000,7813.65,7814.4,7813.15,7813.65
1786707000000,7813.9,7816.4,7813.65,7815.65
1786707900000,7815.53,7817.15,7814.9,7816.15
1786708800000,7816.27,7816.650000000001,7808.02,7813.400000000001
1786709700000,7813.15,7815.15,7811.65,7814.9
1786710600000,7815.0199999999995,7818.15,7814.65,7815.65
1786711500000,7815.53,7817.9,7815.15,7816.9
1786712400000,7817.03,7817.2699999999995,7812.9,7812.9
1786713300000,7813.15,7816.15,7812.9,7814.4
1786714200000,7814.15,7814.15,7806.15,7813.15
1786715100000,7812.9,7815.15,7807.15,7812.2699999999995
1786716000000,7811.78,7817.4,7811.15,7812.15
1786716900000,7812.4,7812.65,7800.65,7803.4
1786717800000,7803.15,7804.15,7797.4,7800.4
1786718700000,7800.65,7803.4,7796.65,7796.65
1786719600000,7796.4,7800.15,7793.4,7793.65
1786720500000,7793.4,7796.15,7787.9,7791.9
1786721400000,7791.65,7793.65,7787.4,7789.4
1786722300000,7789.65,7792.4,7786.9,7791.15
1786723200000,7791.4,7794.65,7789.65,7794.15
1786724100000,7794.4,7796.9,7793.4,7795.65
1786725000000,7795.9,7796.15,7790.15,7790.15
1786725900000,7790.4,7790.9,7785.4,7785.9
1786726800000,7786.15,7790.15,7785.15,7789.4
1786727700000,7789.65,7790.4,7785.65,7786.65
1786728600000,7786.9,7788.9,7783.4,7784.9
1786729500000,7785.15,7788.4,7783.65,7787.15
1786730400000,7787.4,7792.4,7786.4,7790.9
1786731300000,7791.15,7792.65,7788.15,7788.65
1786732200000,7788.9,7791.9,7787.65,7791.4
1786733100000,7791.15,7794.15,7789.65,7791.15
1786734000000,7790.9,7791.4,7788.4,7789.9
1786734900000,7790.0199999999995,7792.65,7788.15,7790.9
1786735800000,7790.65,7792.4,7789.4,7790.9
1786736700000,7790.65,7793.15,7788.15,7792.15
1786737600000,7791.9,7792.65,7786.9,7787.9
1786738500000,7787.65,7788.4,7786.65,7787.4
1786739400000,7787.15,7789.9,7786.9,7789.4
1786740300000,7789.15,7789.65,7788.4,7789.299999999999
1786917600000,7795.2,7799.18,7792.42,7798.93
1786918500000,7798.67,7799.18,7797.92,7798.18
1786919400000,7797.92,7798.43,7796.67,7797.42
1786920300000,7797.67,7799.18,7797.17,7798.68
1786921200000,7798.42,7798.68,7797.17,7797.42
1786922100000,7797.43,7798.43,7797.17,7797.93
1786923000000,7797.92,7799.43,7797.17,7799.43
1786923900000,7799.18,7801.43,7798.92,7800.68
1786924800000,7800.43,7802.18,7799.67,7800.67
1786925700000,7800.68,7800.68,7796.42,7797.42
1786926600000,7797.43,7798.18,7796.42,7797.17
1786927500000,7797.18,7799.18,7796.92,7798.92
1786928400000,7799.18,7800.68,7798.67,7798.93
1786929300000,7798.92,7801.43,7798.42,7801.17
1786930200000,7801.43,7801.43,7796.92,7797.68
1786931100000,7797.67,7797.68,7795.17,7795.67
1786932000000,7795.93,7796.18,7794.42,7795.67
1786932900000,7795.93,7798.18,7795.42,7797.68
1786933800000,7797.42,7797.93,7796.67,7797.17
1786934700000,7797.43,7797.93,7796.67,7796.93
1786935600000,7796.92,7797.68,7796.42,7796.67
1786936500000,7796.68,7798.43,7796.67,7798.43
1786937400000,7798.42,7799.43,7797.42,7799.17
1786938300000,7799.43,7800.68,7799.17,7800.67
1786939200000,7800.93,7801.68,7800.67,7801.43
1786940100000,7801.17,7801.43,7800.42,7800.68
1786941000000,7800.42,7801.43,7799.67,7801.43
1786941900000,7801.17,7801.43,7800.42,7800.42
1786942800000,7800.43,7801.93,7800.17,7801.93
1786943700000,7801.92,7801.93,7800.42,7801.93
1786944600000,7801.92,7804.43,7801.92,7804.43
1786945500000,7804.17,7805.68,7804.17,7805.42
1786946400000,7805.68,7807.43,7804.92,7806.42
1786947300000,7806.68,7806.93,7804.67,7806.93
1786948200000,7806.67,7808.18,7806.17,7806.93
1786949100000,7806.92,7808.43,7806.42,7807.92
1786950000000,7808.18,7809.3,7803.8,7803.8
1786950900000,7803.93,7805.3,7801.3,7805.3
1786951800000,7805.05,7807.55,7804.05,7807.3
1786952700000,7807.05,7808.3,7806.3,7807.3
1786953600000,7807.05,7807.55,7803.55,7803.93
1786954500000,7804.05,7805.05,7803.05,7804.55
1786955400000,7804.3,7805.05,7802.3,7802.55
1786956300000,7802.3,7804.55,7801.8,7804.3
1786957200000,7804.55,7806.05,7803.8,7805.8
1786958100000,7805.68,7805.68,7803.05,7803.55
1786959000000,7803.8,7804.05,7802.05,7803.8
1786959900000,7804.05,7805.3,7802.55,7803.05
1786960800000,7803.17,7804.8,7802.8,7804.8
1786961700000,7805.05,7812.8,7800.8,7812.3
1786962600000,7811.55,7812.55,7803.3,7805.3
1786963500000,7805.05,7805.67,7804.05,7804.55
1786964400000,7804.3,7806.55,7803.3,7804.17
1786965300000,7804.3,7804.3,7801.55,7803.55
1786966200000,7803.67,7805.3,7803.05,7803.8
1786967100000,7803.92,7804.3,7801.3,7801.55
1786968000000,7801.67,7802.42,7797.8,7801.8
1786968900000,7802.05,7803.05,7794.05,7796.3
1786969800000,7796.18,7798.05,7790.93,7792.3
1786970700000,7792.17,7793.05,7789.55,7791.8
1786971600000,7791.55,7794.55,7791.55,7794.05
1786972500000,7793.8,7796.05,7791.05,7791.05
1786973400000,7792.3,7797.55,7783.05,7785.55
1786974300000,7785.3,7790.05,7781.3,7782.55
1786975200000,7782.3,7787.05,7779.8,7786.05
1786976100000,7785.8,7786.05,7779.55,7784.05
1786977000000,7784.3,7785.3,7778.8,7780.8
1786977900000,7781.05,7784.3,7778.3,7782.05
1786978800000,7782.3,7785.55,7780.8,7782.8
1786979700000,7782.55,7788.05,7782.55,7786.8
1786980600000,7786.55,7787.55,7776.55,7780.3
1786981500000,7780.18,7783.8,7779.55,7782.3
1786982400000,7782.55,7784.05,7779.8,7783.3
1786983300000,7783.55,7785.55,7781.43,7782.55
1786984200000,7782.3,7783.55,7778.8,7779.05
1786985100000,7778.8,7780.05,7775.3,7776.05
1786986000000,7775.8,7777.05,7772.3,7772.3
1786986900000,7772.05,7773.8,7764.05,7765.05
1786987800000,7764.8,7767.8,7760.05,7766.8
1786988700000,7766.55,7767.8,7762.3,7763.3
1786989600000,7763.05,7766.55,7761.8,7766.05
1786990500000,7766.3,7767.05,7763.05,7764.8
1786991400000,7765.05,7765.8,7761.3,7764.8
1786992300000,7764.55,7767.05,7763.8,7764.3
1786993200000,7764.18,7764.8,7760.3,7760.8
1786994100000,7761.05,7763.8,7760.3,7760.3
1786995000000,7760.55,7760.55,7756.3,7758.8
1786995900000,7759.3,7762.3,7754.55,7756.55
1786996800000,7756.8,7757.55,7753.55,7755.3
1786997700000,7755.05,7755.55,7753.05,7753.8
1786998600000,7754.05,7754.05,7752.43,7752.68
1786999500000,7752.55,7754.55,7751.55,7753.45
1787004000000,7755.15,7757.38,7754.12,7754.88
1787004900000,7754.87,7755.13,7751.37,7753.87
1787005800000,7753.88,7754.13,7753.12,7753.63
1787006700000,7753.62,7755.13,7753.37,7754.12
1787007600000,7754.38,7754.88,7752.12,7754.13
1787008500000,7754.12,7754.38,7752.62,7754.38
1787009400000,7754.13,7756.88,7754.12,7756.38
1787010300000,7756.12,7757.13,7753.37,7757.13
1787011200000,7756.88,7758.38,7755.87,7758.37
1787012100000,7758.38,7759.38,7756.13,7756.37
1787013000000,7756.63,7757.38,7755.12,7756.63
1787013900000,7756.37,7758.13,7755.12,7755.62
1787014800000,7755.88,7756.63,7754.37,7756.38
1787015700000,7756.12,7757.13,7754.37,7754.88
1787016600000,7754.63,7755.88,7750.62,7751.38
1787017500000,7751.12,7751.88,7744.12,7750.12
1787018400000,7750.63,7750.63,7743.62,7743.88
1787019300000,7743.62,7744.38,7737.13,7738.12
1787020200000,7738.13,7742.13,7736.12,7736.38
1787021100000,7736.12,7738.63,7731.87,7737.87
1787022000000,7738.38,7738.63,7735.62,7736.12
1787022900000,7736.13,7736.38,7731.12,7733.12
1787023800000,7733.13,7734.88,7729.87,7734.13
1787024700000,7733.62,7735.38,7731.87,7732.37
1787025600000,7732.63,7733.13,7730.12,7731.88
1787026500000,7731.62,7732.88,7728.87,7732.62
1787027400000,7732.88,7733.63,7729.62,7730.63
1787028300000,7730.37,7733.38,7730.37,7732.38
1787029200000,7732.37,7732.38,7726.12,7727.12
1787030100000,7727.38,7729.38,7726.87,7727.13
1787031000000,7726.87,7727.38,7725.12,7725.37
1787031900000,7725.38,7727.38,7723.12,7723.87
1787032800000,7723.63,7725.13,7715.37,7724.38
1787033700000,7724.12,7727.13,7721.87,7725.13
1787034600000,7724.87,7726.62,7723.37,7725.88
1787035500000,7726.13,7730.88,7725.62,7730.88
1787036400000,7730.63,7730.63,7725.75,7725.75
1787037300000,7725.87,7727.75,7724.25,7724.25
1787038200000,7724.5,7725.349999999999,7719.7,7719.7
1787039100000,7719.95,7721.2,7714.95,7715.45
1787040000000,7715.7,7716.45,7707.95,7714.83
1787040900000,7714.95,7717.45,7711.95,7715.2
1787041800000,7715.45,7720.95,7714.45,7719.95
1787042700000,7719.7,7719.7,7714.82,7718.95
1787043600000,7718.7,7720.45,7715.95,7716.45
1787044500000,7716.2,7717.2,7712.7,7715.45
1787045400000,7715.2,7717.95,7711.45,7714.45
1787046300000,7714.2,7719.7,7712.2,7718.7
1787047200000,7719.45,7721.2,7717.7,7719.2
1787048100000,7718.95,7720.95,7717.45,7719.95
1787049000000,7719.82,7722.95,7718.58,7718.95
1787049900000,7718.7,7723.45,7718.45,7720.7
1787050800000,7720.95,7725.2,7719.83,7724.7
1787051700000,7724.45,7725.7,7723.7,7724.45
1787052600000,7724.2,7725.7,7721.2,7725.45
1787053500000,7725.2,7727.45,7722.95,7723.83
1787054400000,7723.95,7727.7,7721.95,7722.95
1787055300000,7723.08,7728.2,7721.45,7721.95
1787056200000,7721.58,7723.2,7717.95,7718.7
1787057100000,7718.45,7724.95,7718.2,7724.7
1787058000000,7724.45,7725.45,7719.2,7719.7
1787058900000,7719.45,7721.2,7713.45,7715.33
1787059800000,7714.95,7724.2,7708.2,7716.7
1787060700000,7716.45,7720.2,7710.45,7713.95
1787061600000,7713.7,7721.7,7705.7,7710.2
1787062500000,7710.45,7719.95,7709.45,7715.7
1787063400000,7715.45,7721.45,7712.95,7713.2
1787064300000,7712.95,7717.2,7706.45,7708.45
1787065200000,7708.7,7713.2,7703.45,7706.7
1787066100000,7706.45,7709.2,7702.45,7707.45
1787067000000,7707.2,7711.45,7705.2,7709.45
1787067900000,7709.7,7715.45,7709.45,7712.45
1787068800000,7712.2,7716.2,7710.95,7714.2
1787069700000,7714.45,7717.7,7710.45,7710.95
1787070600000,7710.7,7714.7,7709.7,7712.45
1787071500000,7712.57,7717.45,7710.7,7714.95
1787072400000,7714.7,7716.95,7712.45,7715.2
1787073300000,7714.95,7715.2,7709.95,7711.95
1787074200000,7711.7,7712.95,7709.2,7709.7
1787075100000,7709.95,7710.95,7704.95,7704.95
1787076000000,7705.2,7710.2,7703.45,7709.7
1787076900000,7709.95,7714.7,7709.45,7712.7
1787077800000,7712.95,7713.45,7710.2,7710.7
1787078700000,7710.2,7711.2,7705.95,7706.2
1787079600000,7705.95,7708.45,7704.7,7705.45
1787080500000,7705.2,7711.2,7705.2,7709.7
1787081400000,7709.95,7711.7,7706.95,7708.45
1787082300000,7708.2,7709.2,7699.45,7704.2
1787083200000,7704.45,7704.95,7701.95,7703.45
1787084100000,7703.7,7704.2,7701.45,7703.45
1787085000000,7703.57,7704.95,7703.2,7703.7
1787085900000,7703.95,7704.2,7700.45,7702.349999999999
1787090400000,7703.05,7705.280000000001,7701.77,7702.780000000001
1787091300000,7703.030000000001,7706.780000000001,7700.52,7700.52
1787092200000,7700.77,7701.780000000001,7698.77,7700.27
1787093100000,7700.280000000001,7700.280000000001,7696.77,7697.030000000001
1787094000000,7697.02,7700.530000000001,7696.02,7700.02
1787094900000,7700.03,7703.53,7698.15,7700.78
1787095800000,7700.77,7701.530000000001,7700.27,7700.77
1787096700000,7700.780000000001,7703.530000000001,7700.02,7700.030000000001
1787097600000,7699.77,7699.780000000001,7691.52,7692.780000000001
1787098500000,7692.77,7700.280000000001,7691.52,7700.280000000001
1787099400000,7700.27,7705.030000000001,7700.27,7704.030000000001
1787100300000,7703.77,7704.780000000001,7699.77,7700.280000000001
1787101200000,7700.02,7704.530000000001,7698.77,7703.280000000001
1787102100000,7703.27,7706.280000000001,7701.02,7705.02
1787103000000,7704.77,7705.280000000001,7699.52,7700.530000000001
1787103900000,7700.27,7702.280000000001,7699.02,7700.780000000001
1787104800000,7700.77,7701.280000000001,7695.27,7696.02
1787105700000,7696.030000000001,7700.530000000001,7695.52,7698.780000000001
1787106600000,7698.77,7699.030000000001,7695.77,7697.280000000001
1787107500000,7697.02,7699.780000000001,7697.02,7698.52
1787108400000,7698.77,7700.030000000001,7696.27,7697.52
1787109300000,7697.780000000001,7699.530000000001,7696.77,7697.77
1787110200000,7697.780000000001,7701.280000000001,7697.02,7697.27
1787111100000,7697.030000000001,7698.030000000001,7695.02,7695.77
1787112000000,7695.780000000001,7696.030000000001,7694.02,7695.030000000001
1787112900000,7694.77,7698.280000000001,7694.02,7696.77
1787113800000,7697.030000000001,7697.780000000001,7693.02,7693.530000000001
1787114700000,7693.27,7694.030000000001,7688.77,7693.530000000001
1787115600000,7693.27,7697.530000000001,7691.52,7692.02
1787116500000,7692.280000000001,7693.780000000001,7688.77,7693.530000000001
1787117400000,7693.52,7694.030000000001,7688.27,7689.52
1787118300000,7689.530000000001,7690.530000000001,7687.52,7689.030000000001
1787119200000,7688.780000000001,7690.530000000001,7687.52,7688.280000000001
1787120100000,7688.02,7697.780000000001,7688.02,7695.02
1787121000000,7695.030000000001,7697.030000000001,7693.02,7696.52
1787121900000,7696.780000000001,7704.280000000001,7696.77,7703.77
1787122800000,7703.78,7704.15,7698.65,7703.7699999999995
1787123700000,7703.65,7704.9,7700.9,7704.9
1787124600000,7705.15,7708.15,7702.9,7704.65
1787125500000,7704.4,7707.9,7703.9,7707.9
1787126400000,7707.65,7709.9,7706.15,7708.15
1787127300000,7707.9,7711.15,7707.15,7710.78
1787128200000,7710.9,7710.9,7708.15,7709.65
1787129100000,7709.9,7710.15,7706.9,7707.4
1787130000000,7707.15,7710.15,7705.65,7705.65
1787130900000,7705.9,7706.03,7703.4,7703.65
1787131800000,7703.9,7705.9,7702.9,7703.15
1787132700000,7702.9,7704.4,7700.9,7702.7699999999995
1787133600000,7702.65,7703.65,7699.65,7702.9
1787134500000,7702.65,7702.65,7698.9,7702.4
1787135400000,7702.65,7705.4,7701.4,7705.15
1787136300000,7705.4,7705.65,7702.4,7702.65
1787137200000,7702.7699999999995,7708.65,7702.4,7706.9
1787138100000,7707.15,7708.0199999999995,7705.65,7706.65
1787139000000,7706.9,7707.15,7702.65,7704.9
1787139900000,7704.65,7707.15,7704.4,7707.15
1787140800000,7706.9,7707.9,7704.15,7706.9
1787141700000,7706.65,7709.65,7705.4,7706.15
1787142600000,7706.4,7729.9,7704.15,7729.9
1787143500000,7730.15,7747.15,7730.15,7737.4
1787144400000,7737.15,7738.65,7729.65,7737.65
1787145300000,7737.4,7739.9,7732.65,7732.65
1787146200000,7732.9,7735.28,7721.4,7729.9
1787147100000,7730.15,7734.65,7710.15,7728.9
1787148000000,7729.15,7731.65,7716.9,7716.9
1787148900000,7716.530000000001,7730.650000000001,7716.35,7728.900000000001
1787149800000,7728.65,7742.4,7727.03,7739.65
1787150700000,7739.7699999999995,7751.65,7735.9,7751.15
1787151600000,7751.4,7754.0199999999995,7743.9,7747.15
1787152500000,7747.4,7747.4,7737.65,7739.9
1787153400000,7739.65,7740.4,7729.4,7733.5199999999995
1787154300000,7733.4,7737.4,7729.15,7734.9
1787155200000,7734.65,7745.4,7732.65,7744.4
1787156100000,7744.15,7748.65,7735.4,7735.4
1787157000000,7735.15,7736.15,7731.15,7732.4
1787157900000,7732.15,7733.15,7723.53,7725.4
1787158800000,7725.15,7730.9,7723.15,7727.15
1787159700000,7726.9,7728.4,7718.9,7724.15
1787160600000,7724.4,7726.15,7720.15,7724.4
1787161500000,7724.65,7727.65,7722.28,7723.9
1787162400000,7723.7699999999995,7734.15,7718.4,7723.15
1787163300000,7723.4,7724.65,7719.4,7724.15
1787164200000,7724.4,7729.65,7724.15,7726.65
1787165100000,7726.4,7727.15,7723.65,7723.9
1787166000000,7724.15,7728.4,7722.9,7725.9
1787166900000,7726.15,7729.15,7724.4,7725.15
1787167800000,7725.4,7732.65,7718.65,7718.65
1787168700000,7718.4,7720.4,7711.15,7720.4
1787169600000,7720.65,7721.9,7715.4,7717.9
1787170500000,7717.65,7718.9,7715.65,7718.65
1787171400000,7718.4,7719.15,7716.9,7718.15
1787172300000,7718.4,7720.65,7718.4,7719.799999999999
1787176800000,7722.7,7732.43,7720.67,7730.17
1787177700000,7730.18,7730.18,7727.42,7727.93
1787178600000,7727.92,7730.93,7726.92,7729.67
1787179500000,7730.18,7731.68,7729.42,7731.43
1787180400000,7731.17,7735.18,7729.42,7731.17
1787181300000,7731.18,7732.43,7729.67,7730.67
1787182200000,7730.93,7732.93,7729.42,7732.18
1787183100000,7731.92,7732.93,7728.92,7729.18
1787184000000,7729.43,7729.43,7723.17,7728.42
1787184900000,7728.68,7731.68,7727.67,7728.18
1787185800000,7727.92,7731.18,7726.67,7729.67
1787186700000,7729.68,7731.93,7728.67,7731.42
1787187600000,7731.43,7733.18,7728.42,7729.67
1787188500000,7729.68,7732.43,7727.17,7728.93
1787189400000,7728.67,7731.43,7726.67,7731.18
1787190300000,7731.17,7731.68,7726.17,7727.93
1787191200000,7727.92,7732.43,7727.42,7730.68
1787192100000,7730.42,7730.93,7724.92,7725.92
1787193000000,7725.93,7729.68,7723.92,7728.43
1787193900000,7728.17,7728.93,7724.92,7726.93
1787194800000,7727.18,7730.43,7725.42,7727.93
1787195700000,7727.67,7731.18,7727.42,7728.93
1787196600000,7728.68,7729.18,7725.42,7728.42
1787197500000,7727.92,7729.68,7727.42,7728.68
1787198400000,7728.42,7731.93,7727.92,7731.67
1787199300000,7731.68,7731.93,7729.92,7730.43
1787200200000,7730.17,7730.43,7727.17,7729.67
1787201100000,7729.68,7730.93,7728.17,7728.68
1787202000000,7728.42,7728.43,7723.92,7724.68
1787202900000,7724.67,7729.93,7724.42,7726.67
1787203800000,7726.68,7728.68,7724.92,7725.93
1787204700000,7725.67,7726.18,7723.42,7724.18
1787205600000,7724.17,7732.43,7723.92,7730.43
1787206500000,7730.17,7730.68,7727.17,7729.92
1787207400000,7729.93,7733.43,7729.17,7732.42
1787208300000,7732.68,7734.18,7731.42,7731.68
1787209200000,7731.43,7731.43,7724.8,7725.55
1787210100000,7725.8,7726.3,7720.3,7722.05
1787211000000,7722.3,7725.05,7719.05,7721.55
1787211900000,7721.3,7724.55,7719.05,7719.3
1787212800000,7719.55,7722.8,7713.67,7715.8
1787213700000,7716.05,7718.55,7711.05,7712.05
1787214600000,7711.8,7713.8,7705.8,7709.8
1787215500000,7709.92,7710.55,7704.8,7707.8
1787216400000,7708.05,7716.3,7706.68,7714.05
1787217300000,7713.8,7715.8,7712.05,7713.55
1787218200000,7713.8,7714.8,7711.05,7714.55
1787219100000,7714.3,7716.05,7711.3,7713.05
1787220000000,7712.8,7717.8,7711.05,7717.55
1787220900000,7717.3,7717.8,7714.05,7716.55
1787221800000,7716.43,7718.3,7713.3,7714.8
1787222700000,7715.05,7719.8,7714.55,7719.8
1787223600000,7720.05,7722.55,7709.93,7713.55
1787224500000,7713.43,7715.3,7703.55,7704.05
1787225400000,7703.93,7708.3,7702.3,7703.05
1787226300000,7703.3,7703.8,7692.43,7693.55
1787227200000,7693.67,7693.8,7674.05,7676.3
1787228100000,7676.55,7681.8,7674.92,7676.05
1787229000000,7676.42,7678.05,7669.55,7677.8
1787229900000,7677.55,7686.55,7676.93,7686.05
1787230800000,7686.3,7690.8,7683.8,7684.3
1787231700000,7684.05,7687.8,7681.8,7687.18
1787232600000,7687.8,7705.3,7686.55,7701.3
1787233500000,7701.55,7702.8,7689.3,7693.05
1787234400000,7692.8,7697.05,7686.3,7687.3
1787235300000,7686.8,7696.8,7681.05,7689.55
1787236200000,7689.3,7700.3,7686.8,7699.3
1787237100000,7699.05,7702.3,7692.3,7699.05
1787238000000,7699.3,7709.05,7688.05,7695.3
1787238900000,7695.05,7698.05,7687.3,7694.68
1787239800000,7694.8,7696.05,7680.55,7680.8
1787240700000,7680.55,7687.55,7679.68,7685.55
1787241600000,7685.8,7688.05,7682.05,7682.55
1787242500000,7682.3,7688.05,7681.8,7684.8
1787243400000,7684.55,7693.5,7680.8,7693.5
1787244300000,7693.38,7693.38,7687.13,7691
1787245200000,7691.25,7691.25,7681.75,7682
1787246100000,7681.75,7682.25,7674,7674.5
1787247000000,7674.75,7675.75,7669,7671.25
1787247900000,7671.5,7677,7671,7672.5
1787248800000,7672.25,7672.25,7660.25,7663.05
1787249700000,7662.8,7666.55,7658.55,7662.8
1787250600000,7662.3,7663.55,7659.55,7663.05
1787251500000,7662.8,7665.8,7659.8,7659.8
1787252400000,7660.05,7664.55,7659.05,7662.8
1787253300000,7662.55,7665.55,7659.8,7662.55
1787254200000,7662.8,7664.05,7657.3,7658.55
1787255100000,7658.8,7661.8,7648.3,7654.55
1787256000000,7654.8,7656.55,7650.05,7650.8
1787256900000,7650.55,7653.8,7647.05,7652.05
1787257800000,7651.8,7656.55,7651.3,7655.3
1787258700000,7655.42,7657.45,7654.8,7656.95
1787263200000,7660.849999999999,7660.849999999999,7652.82,7653.57
1787264100000,7653.58,7655.83,7653.32,7655.08
1787265000000,7655.33,7657.08,7653.57,7656.57
1787265900000,7656.83,7659.08,7656.07,7659.08
1787266800000,7658.82,7658.83,7657.57,7657.82
1787267700000,7657.83,7658.83,7657.07,7657.58
1787268600000,7657.07,7658.33,7655.32,7657.32
1787269500000,7657.58,7657.58,7653.82,7655.83
1787270400000,7655.57,7662.58,7655.07,7662.07
1787271300000,7662.08,7662.08,7655.07,7656.57
1787272200000,7656.58,7659.33,7655.07,7658.08
1787273100000,7657.82,7658.83,7654.07,7654.33
1787274000000,7654.07,7656.33,7651.07,7654.83
1787274900000,7654.57,7657.58,7652.82,7655.33
1787275800000,7655.32,7657.08,7652.82,7656.08
1787276700000,7655.82,7658.83,7654.07,7656.57
1787277600000,7656.82,7659.33,7656.07,7659.33
1787278500000,7659.07,7662.33,7658.57,7661.33
1787279400000,7661.32,7662.08,7659.83,7660.07
1787280300000,7660.08,7662.33,7659.57,7660.32
1787281200000,7660.58,7661.33,7657.32,7657.32
1787282100000,7657.58,7658.58,7656.32,7658.08
1787283000000,7658.07,7660.33,7657.57,7658.08
1787283900000,7657.82,7658.83,7656.07,7657.58
1787284800000,7657.57,7659.58,7657.57,7659.07
1787285700000,7659.33,7659.58,7655.32,7655.32
1787286600000,7655.33,7656.33,7654.07,7655.08
1787287500000,7655.07,7659.33,7655.07,7658.32
1787288400000,7658.58,7660.08,7657.82,7659.32
1787289300000,7659.58,7660.58,7656.82,7656.82
1787290200000,7656.83,7660.08,7656.32,7658.08
1787291100000,7657.82,7658.33,7655.32,7658.08
1787292000000,7657.82,7659.83,7656.57,7659.33
1787292900000,7659.32,7660.08,7658.32,7659.83
1787293800000,7659.57,7664.83,7659.57,7659.83
1787294700000,7659.82,7663.58,7658.82,7663.08
1787295600000,7663.07,7667.45,7660.7,7667.45
1787296500000,7667.32,7668.7,7665.7,7666.2
1787297400000,7665.95,7671.7,7665.7,7668.95
1787298300000,7668.83,7671.95,7668.2,7671.45
1787299200000,7671.7,7673.07,7667.45,7669.45
1787300100000,7669.2,7673.7,7668.2,7673.32
1787301000000,7673.2,7676.2,7672.7,7675.95
1787301900000,7676.08,7679.32,7675.2,7677.2
1787302800000,7677.08,7677.45,7671.7,7675.7
1787303700000,7675.95,7676.45,7674.45,7674.7
1787304600000,7674.95,7677.95,7673.95,7676.95
1787305500000,7677.2,7678.45,7675.7,7677.33
1787306400000,7677.45,7681.7,7675.2,7676.45
1787307300000,7676.33,7678.45,7675.2,7678.32
1787308200000,7678.45,7678.58,7676.08,7676.45
1787309100000,7676.7,7678.45,7676.45,7677.95
1787310000000,7677.7,7678.95,7674.45,7677.08
1787310900000,7677.2,7687.8,7677.2,7686.3
1787311800000,7686.42,7689.3,7683.55,7688.3
1787312700000,7688.55,7688.55,7683.55,7684.67
1787313600000,7684.8,7686.3,7682.55,7683.8
1787314500000,7684.05,7690.55,7683.05,7690.55
1787315400000,7690.3,7694.05,7687.8,7693.8
1787316300000,7694.05,7694.05,7689.55,7690.55
1787317200000,7690.8,7692.05,7680.55,7681.55
1787318100000,7681.3,7686.05,7674.8,7685.8
1787319000000,7685.68,7685.68,7671.05,7676.17
1787319900000,7675.55,7679.05,7666.55,7670.43
1787320800000,7670.3,7680.3,7670.3,7672.05
1787321700000,7672.17,7677.05,7669.55,7671.55
1787322600000,7671.3,7673.8,7667.05,7671.05
1787323500000,7670.8,7683.55,7670.3,7683.3
1787324400000,7683.05,7689.3,7681.93,7682.05
1787325300000,7682.17,7685.05,7679.3,7684.55
1787326200000,7684.43,7699.3,7683.05,7698.05
1787327100000,7698.3,7703.55,7694.55,7697.05
1787328000000,7696.8,7698.3,7687.3,7687.3
1787328900000,7687.05,7694.8,7683.55,7690.05
1787329800000,7689.8,7690.55,7685.05,7688.55
1787330700000,7688.05,7689.05,7682.8,7688.8
1787331600000,7689.3,7690.3,7685.8,7687.05
1787332500000,7686.8,7687.8,7682.05,7683.3
1787333400000,7683.55,7684.05,7679.8,7681.55
1787334300000,7681.8,7683.8,7679.3,7679.3
1787335200000,7679.55,7682.55,7677.8,7678.3
1787336100000,7678.55,7681.05,7677.3,7677.8
1787337000000,7677.55,7680.05,7675.55,7678.8
1787337900000,7679.05,7687.3,7678.3,7686.8
1787338800000,7687.05,7688.55,7683.55,7685.3
1787339700000,7685.05,7687.05,7683.3,7685.3
1787340600000,7685.55,7689.55,7684.55,7689.05
1787341500000,7689.3,7692.55,7678.8,7681.3
1787342400000,7681.8,7681.8,7678.55,7680.55
1787343300000,7680.8,7681.55,7677.3,7677.3
1787344200000,7677.55,7679.55,7677.3,7679.3
1787345100000,7679.55,7679.55,7676.8,7677.2
1787522400000,7685.5,7685.75,7673.72,7676.2300000000005
1787523300000,7675.97,7677.4800000000005,7673.72,7675.72
1787524200000,7675.7300000000005,7681.2300000000005,7675.22,7681.22
1787525100000,7681.2300000000005,7682.4800000000005,7680.97,7681.47
1787526000000,7681.4800000000005,7682.7300000000005,7680.97,7681.9800000000005
1787526900000,7681.72,7686.9800000000005,7681.47,7686.9800000000005
1787527800000,7686.7300000000005,7688.7300000000005,7686.47,7686.7300000000005
1787528700000,7686.47,7694.4800000000005,7686.47,7694.2300000000005
1787529600000,7693.9800000000005,7695.2300000000005,7689.22,7690.22
1787530500000,7690.2300000000005,7690.2300000000005,7677.22,7680.97
1787531400000,7681.22,7682.2300000000005,7678.97,7679.72
1787532300000,7679.9800000000005,7689.7300000000005,7679.22,7689.22
1787533200000,7689.4800000000005,7694.2300000000005,7687.97,7692.97
1787534100000,7692.9800000000005,7694.4800000000005,7688.97,7689.22
1787535000000,7689.4800000000005,7690.4800000000005,7686.47,7688.9800000000005
1787535900000,7688.72,7691.4800000000005,7682.22,7682.4800000000005
1787536800000,7682.2300000000005,7687.4800000000005,7678.97,7686.9800000000005
1787537700000,7686.97,7688.4800000000005,7685.22,7686.9800000000005
1787538600000,7686.72,7688.2300000000005,7685.97,7688.22
1787539500000,7688.2300000000005,7689.2300000000005,7684.72,7688.7300000000005
1787540400000,7688.47,7688.4800000000005,7680.22,7680.72
1787541300000,7680.7300000000005,7682.7300000000005,7680.22,7680.9800000000005
1787542200000,7680.72,7680.9800000000005,7677.22,7677.2300000000005
1787543100000,7676.97,7678.9800000000005,7674.22,7674.72
1787544000000,7674.9800000000005,7676.4800000000005,7673.72,7676.47
1787544900000,7676.7300000000005,7676.7300000000005,7672.72,7675.4800000000005
1787545800000,7675.47,7676.4800000000005,7672.72,7675.72
1787546700000,7675.7300000000005,7675.9800000000005,7671.72,7671.7300000000005
1787547600000,7671.72,7677.47,7671.72,7677.2300000000005
1787548500000,7677.22,7677.2300000000005,7672.47,7672.4800000000005
1787549400000,7672.22,7673.9800000000005,7667.47,7670.4800000000005
1787550300000,7670.22,7671.2300000000005,7666.97,7668.47
1787551200000,7668.4800000000005,7670.72,7663.97,7665.22
1787552100000,7665.2300000000005,7668.2300000000005,7660.97,7665.22
1787553000000,7665.2300000000005,7667.4800000000005,7663.22,7663.47
1787553900000,7663.7300000000005,7667.7300000000005,7662.72,7665.4800000000005
1787554800000,7665.22,7670.35,7663.85,7669.85
1787555700000,7670.1,7671.1,7666.85,7667.1
1787556600000,7666.97,7671.35,7664.35,7664.35
1787557500000,7664.6,7666.7300000000005,7662.6,7662.85
1787558400000,7662.97,7673.1,7660.6,7667.6
1787559300000,7667.7300000000005,7671.6,7666.1,7669.2300000000005
1787560200000,7669.099999999999,7675.099999999999,7668.48,7674.349999999999
1787561100000,7674.2300000000005,7675.85,7672.6,7672.6
1787562000000,7672.4800000000005,7676.35,7670.6,7674.1
1787562900000,7674.35,7674.6,7669.85,7670.47
1787563800000,7670.35,7673.85,7670.35,7672.85
1787564700000,7672.9800000000005,7674.6,7671.6,7672.35
1787565600000,7672.6,7673.85,7668.6,7668.85
1787566500000,7669.1,7671.85,7667.35,7668.1
1787567400000,7667.85,7672.1,7665.35,7666.6
1787568300000,7666.47,7666.85,7661.85,7662.35
1787569200000,7661.85,7663.6,7656.6,7659.6
1787570100000,7659.7300000000005,7663.85,7659.35,7662.1
1787571000000,7662.35,7678.35,7662.35,7673.35
1787571900000,7673.1,7673.35,7668.35,7671.85
1787572800000,7671.1,7671.85,7667.6,7669.1
1787573700000,7668.85,7673.1,7667.85,7672.85
1787574600000,7672.6,7674.1,7661.47,7668.22
1787575500000,7668.35,7671.6,7667.6,7669.85
1787576400000,7669.6,7671.85,7668.85,7669.1
1787577300000,7669.35,7673.85,7668.1,7673.6
1787578200000,7673.35,7674.6,7648.1,7648.1
1787579100000,7647.85,7662.97,7647.1,7660.6
1787580000000,7660.85,7665.85,7651.6,7656.1
1787580900000,7656.22,7661.1,7652.6,7655.35
1787581800000,7655.1,7667.35,7653.85,7663.1
1787582700000,7663.35,7665.6,7660.35,7662.85
1787583600000,7663.1,7664.6,7652.85,7653.35
1787584500000,7653.2300000000005,7666.1,7649.6,7663.35
1787585400000,7663.1,7670.35,7660.1,7668.6
1787586300000,7668.7300000000005,7673.35,7668.1,7671.35
1787587200000,7671.6,7677.35,7670.6,7672.6
1787588100000,7672.35,7678.35,7672.1,7675.1
1787589000000,7675.349999999999,7676.099999999999,7667.98,7669.099999999999
1787589900000,7669.35,7670.6,7667.35,7668.1
1787590800000,7667.85,7673.85,7664.85,7671.1
1787591700000,7670.85,7671.85,7659.35,7659.85
1787592600000,7660.1,7661.72,7657.1,7657.1
1787593500000,7657.35,7661.1,7656.6,7659.1
1787594400000,7658.85,7668.85,7658.85,7668.6
1787595300000,7668.72,7674.6,7667.35,7674.1
1787596200000,7674.35,7677.1,7667.35,7669.35
1787597100000,7669.4800000000005,7670.6,7665.85,7666.35
1787598000000,7666.1,7668.35,7664.35,7667.35
1787598900000,7667.1,7668.6,7665.6,7666.35
1787599800000,7666.1,7668.85,7662.1,7663.1
1787600700000,7663.35,7666.1,7660.35,7661.6
1787601600000,7662.1,7665.35,7660.1,7662.85
1787602500000,7663.1,7663.1,7658.6,7658.85
1787603400000,7658.97,7663.35,7658.85,7663.1
1787604300000,7663.35,7666.85,7662.1,7666
1787608800000,7668.650000000001,7669.650000000001,7665.88,7666.63
1787609700000,7666.62,7667.38,7666.12,7666.63
1787610600000,7666.62,7667.13,7665.62,7665.87
1787611500000,7666.13,7667.13,7665.87,7666.88
1787612400000,7666.87,7667.88,7666.12,7667.62
1787613300000,7667.88,7667.88,7664.87,7664.87
1787614200000,7665.13,7665.13,7660.12,7661.63
1787615100000,7661.37,7663.38,7660.62,7662.87
1787616000000,7662.13,7663.38,7656.12,7656.62
1787616900000,7656.63,7660.63,7652.62,7660.63
1787617800000,7660.37,7666.63,7659.62,7665.62
1787618700000,7665.63,7667.88,7663.87,7666.13
1787619600000,7666.12,7667.63,7664.62,7666.63
1787620500000,7666.62,7667.63,7663.12,7664.88
1787621400000,7664.62,7669.13,7664.37,7667.13
1787622300000,7667.12,7668.63,7665.62,7665.63
1787623200000,7665.62,7667.63,7660.62,7662.13
1787624100000,7661.87,7664.88,7660.62,7664.12
1787625000000,7664.13,7667.88,7663.37,7664.37
1787625900000,7664.63,7664.88,7659.12,7660.38
1787626800000,7660.37,7669.38,7660.12,7667.12
1787627700000,7667.38,7669.88,7667.12,7669.88
1787628600000,7669.62,7671.13,7668.12,7668.37
1787629500000,7668.63,7668.63,7665.87,7667.63
1787630400000,7667.37,7670.63,7666.87,7670.62
1787631300000,7670.63,7670.88,7669.37,7670.12
1787632200000,7670.38,7671.88,7669.37,7670.88
1787633100000,7670.62,7671.63,7667.37,7669.12
1787634000000,7669.38,7672.13,7668.37,7670.12
1787634900000,7670.13,7672.13,7670.12,7671.37
1787635800000,7671.38,7672.88,7669.87,7670.13
1787636700000,7669.87,7673.63,7669.62,7672.63
1787637600000,7672.37,7675.38,7672.12,7673.88
1787638500000,7673.87,7679.38,7672.62,7677.63
1787639400000,7677.62,7680.13,7675.87,7680.12
1787640300000,7680.13,7681.88,7677.62,7681.87
1787641200000,7682.13,7685,7679.75,7680.25
1787642100000,7680.5,7682,7674.75,7677.25
1787643000000,7677.12,7679,7675.75,7678.13
1787643900000,7678.25,7678.5,7674,7675
1787644800000,7675.25,7677.5,7673,7673.87
1787645700000,7673.75,7692.12,7673.75,7684
1787646600000,7683.75,7687.5,7681.5,7685.25
1787647500000,7685.12,7689.75,7685,7689.38
1787648400000,7689.5,7693.25,7687,7691.5
1787649300000,7691.38,7693.12,7689.75,7691.5
1787650200000,7691.75,7701.75,7691.25,7697.5
1787651100000,7697.63,7706,7696.75,7701.75
1787652000000,7701.63,7702.25,7697.25,7700
1787652900000,7700.12,7700.25,7695.5,7696
1787653800000,7696.13,7696.75,7692.5,7692.5
1787654700000,7692.25,7695.5,7692.25,7694.5
1787655600000,7694.25,7694.75,7685.87,7691
1787656500000,7691.12,7692.5,7689,7691.13
1787657400000,7691.25,7695,7691,7694
1787658300000,7693.75,7699,7693.75,7697.13
1787659200000,7697.25,7698,7693.75,7696.5
1787660100000,7696.25,7700.37,7695.75,7697.75
1787661000000,7697.5,7697.75,7687.25,7689.75
1787661900000,7689.5,7692.88,7688.75,7690.25
1787662800000,7690.5,7692.75,7687.75,7690.5
1787663700000,7690.75,7693,7687.5,7687.5
1787664600000,7687.25,7693.5,7684.5,7687
1787665500000,7687.13,7692.75,7680.5,7682.13
1787666400000,7682.25,7683.5,7676.5,7677.25
1787667300000,7677,7681.75,7672.25,7672.38
1787668200000,7672.5,7676,7656.5,7669
1787669100000,7668.5,7674,7665.75,7672.5
1787670000000,7672.75,7673.5,7668.5,7671.25
1787670900000,7671.5,7679.25,7670.25,7678.5
1787671800000,7678.75,7683.5,7674.5,7677.5
1787672700000,7677.25,7681.5,7671.5,7680
1787673600000,7680.13,7683.75,7678.75,7680.75
1787674500000,7680.5,7683.5,7679.25,7683
1787675400000,7682.88,7685,7680.5,7681.12
1787676300000,7681.25,7684.5,7678.75,7683.25
1787677200000,7683.13,7684,7674.75,7678.25
1787678100000,7678,7679.75,7671.75,7673.5
1787679000000,7673.75,7675.75,7672.75,7674
1787679900000,7674.25,7677,7673.75,7675.75
1787680800000,7675.5,7676,7673.25,7673.25
1787681700000,7673.5,7675.25,7672.5,7675
1787682600000,7675.25,7681.25,7675.25,7681
1787683500000,7681.25,7684.25,7680.75,7681.75
1787684400000,7681.75,7683.75,7676.25,7676.5
1787685300000,7676.25,7677.25,7674.25,7677
1787686200000,7676.75,7681.5,7675.5,7679
1787687100000,7679.25,7687.25,7677.62,7683.5
1787688000000,7684.5,7685.75,7681.5,7684.5
1787688900000,7684.75,7688.25,7683.75,7686.75
1787689800000,7687.25,7687.75,7684,7684
1787690700000,7684.25,7684.25,7682.25,7683.15
1787695200000,7686.05,7687.030000000001,7683.77,7685.02
1787696100000,7685.280000000001,7686.280000000001,7683.77,7686.280000000001
1787697000000,7686.27,7686.530000000001,7685.27,7686.030000000001
1787697900000,7685.77,7686.030000000001,7685.02,7685.530000000001
1787698800000,7685.52,7685.780000000001,7684.52,7684.780000000001
1787699700000,7684.77,7684.780000000001,7680.77,7680.77
1787700600000,7681.030000000001,7681.280000000001,7677.52,7678.02
1787701500000,7678.030000000001,7678.030000000001,7674.02,7675.280000000001
1787702400000,7674.780000000001,7677.530000000001,7672.77,7674.530000000001
1787703300000,7674.52,7679.030000000001,7672.52,7674.02
1787704200000,7674.030000000001,7674.280000000001,7669.77,7671.280000000001
1787705100000,7671.02,7672.280000000001,7667.02,7667.27
1787706000000,7667.280000000001,7671.280000000001,7667.02,7670.030000000001
1787706900000,7669.77,7670.530000000001,7666.27,7666.530000000001
1787707800000,7666.52,7668.030000000001,7664.02,7666.530000000001
1787708700000,7666.52,7667.780000000001,7665.02,7667.52
1787709600000,7667.780000000001,7669.030000000001,7665.52,7668.280000000001
1787710500000,7668.02,7672.030000000001,7668.02,7672.030000000001
1787711400000,7671.77,7678.280000000001,7671.77,7678.02
1787712300000,7678.030000000001,7680.530000000001,7677.27,7679.02
1787713200000,7679.030000000001,7681.530000000001,7678.27,7681.280000000001
1787714100000,7681.27,7681.280000000001,7678.52,7678.780000000001
1787715000000,7678.52,7681.780000000001,7677.77,7681.030000000001
1787715900000,7680.77,7685.030000000001,7680.52,7683.030000000001
1787716800000,7683.02,7684.780000000001,7682.27,7683.780000000001
1787717700000,7683.77,7684.280000000001,7682.77,7683.02
1787718600000,7683.280000000001,7683.530000000001,7680.52,7680.530000000001
1787719500000,7680.280000000001,7680.280000000001,7675.52,7676.530000000001
1787720400000,7676.780000000001,7681.030000000001,7676.52,7679.02
1787721300000,7679.280000000001,7679.530000000001,7677.27,7679.280000000001
1787722200000,7679.27,7681.030000000001,7678.27,7679.27
1787723100000,7679.280000000001,7679.280000000001,7677.02,7678.530000000001
1787724000000,7678.52,7679.530000000001,7673.77,7676.030000000001
1787724900000,7675.77,7677.280000000001,7673.77,7675.77
1787725800000,7676.030000000001,7682.030000000001,7674.52,7682.030000000001
1787726700000,7681.77,7684.280000000001,7678.77,7681.780000000001
1787727600000,7681.5199999999995,7682.15,7675.65,7680.9
1787728500000,7681.0199999999995,7681.9,7675.4,7676.15
1787729400000,7676.2699999999995,7677.65,7673.9,7676.65
1787730300000,7676.4,7679.65,7675.9,7679.15
1787731200000,7678.9,7683.4,7676.9,7678.4
1787732100000,7678.2699999999995,7682.15,7676.15,7682.15
1787733000000,7682.0199999999995,7684.4,7679.15,7683.4
1787733900000,7683.15,7683.4,7678.9,7681.65
1787734800000,7681.9,7682.9,7679.15,7679.65
1787735700000,7679.78,7680.4,7676.4,7678.15
1787736600000,7678.2699999999995,7680.9,7678.15,7679.9
1787737500000,7679.65,7682.65,7679.65,7682.4
1787738400000,7682.15,7682.4,7677.4,7677.65
1787739300000,7677.9,7679.65,7676.9,7677.15
1787740200000,7677.03,7683.4,7675.15,7680.65
1787741100000,7680.4,7682.15,7679.4,7680.15
1787742000000,7680.28,7684.15,7680.15,7683.4
1787742900000,7683.15,7687.5199999999995,7681.15,7683.4
1787743800000,7683.15,7685.15,7677.15,7679.4
1787744700000,7679.65,7681.4,7676.15,7680.9
1787745600000,7681.15,7681.65,7678.65,7680.9
1787746500000,7681.15,7690.03,7678.4,7689.5199999999995
1787747400000,7689.7699999999995,7689.7699999999995,7672.9,7674.15
1787748300000,7674.2699999999995,7677.4,7670.15,7672.65
1787749200000,7672.53,7675.4,7670.15,7675.15
1787750100000,7674.9,7675.65,7671.65,7672.15
1787751000000,7671.65,7691.0199999999995,7671.65,7688.65
1787751900000,7688.7699999999995,7694.65,7681.78,7694.65
1787752800000,7694.4,7695.15,7686.4,7687.4
1787753700000,7687.15,7688.9,7673.65,7676.15
1787754600000,7676.03,7681.4,7674.65,7679.15
1787755500000,7679.4,7684.65,7676.15,7683.9
1787756400000,7684.15,7690.15,7683.65,7688.15
1787757300000,7687.9,7688.15,7680.9,7683.9
1787758200000,7683.65,7686.65,7676.4,7686.15
1787759100000,7685.9,7688.65,7678.4,7678.65
1787760000000,7678.9,7679.65,7674.15,7675.65
1787760900000,7675.9,7676.65,7672.65,7673.15
1787761800000,7672.9,7675.15,7664.4,7665.4
1787762700000,7665.2699999999995,7672.9,7664.65,7672.4
1787763600000,7672.15,7676.9,7671.15,7676.65
1787764500000,7676.9,7682.9,7676.9,7681.9
1787765400000,7682.15,7683.9,7680.15,7682.15
1787766300000,7682.4,7684.15,7679.9,7682.15
1787767200000,7681.9,7683.9,7679.15,7679.65
1787768100000,7679.4,7685.15,7678.9,7681.4
1787769000000,7681.15,7684.15,7680.65,7683.9
1787769900000,7684.15,7691.9,7684.15,7690.4
1787770800000,7690.65,7698.65,7690.15,7695.15
1787771700000,7695.4,7698.15,7693.65,7694.65
1787772600000,7694.4,7694.9,7691.65,7692.65
1787773500000,7692.4,7697.4,7680.4,7685.4
1787774400000,7686.15,7697.15,7683.9,7696.03
1787775300000,7696.7699999999995,7699.7699999999995,7683.65,7690.9
1787776200000,7690.65,7692.15,7686.15,7689.9
1787777100000,7690.15,7703.299999999999,7689.65,7703.299999999999
1787781600000,7719,7728.98,7715.75,7727.22
1787782500000,7727.2300000000005,7732.4800000000005,7725.22,7732.2300000000005
1787783400000,7731.97,7735.2300000000005,7731.22,7734.9800000000005
1787784300000,7734.97,7734.9800000000005,7730.02,7730.530000000001
1787785200000,7730.280000000001,7731.280000000001,7728.22,7728.97
1787786100000,7729.2300000000005,7729.7300000000005,7727.22,7728.22
1787787000000,7728.2300000000005,7729.4800000000005,7727.47,7728.2300000000005
1787787900000,7727.9800000000005,7733.2300000000005,7727.72,7732.7300000000005
1787788800000,7732.97,7733.2300000000005,7724.97,7725.97
1787789700000,7725.9800000000005,7726.4800000000005,7723.22,7726.22
1787790600000,7726.2300000000005,7726.2300000000005,7714.47,7714.9800000000005
1787791500000,7714.7300000000005,7715.4800000000005,7708.72,7710.22
1787792400000,7710.2300000000005,7714.9800000000005,7708.72,7711.47
1787793300000,7711.4800000000005,7717.2300000000005,7711.22,7716.9800000000005
1787794200000,7716.97,7720.2300000000005,7713.97,7713.9800000000005
1787795100000,7713.97,7720.7300000000005,7713.97,7718.4800000000005
1787796000000,7718.47,7721.7300000000005,7717.97,7720.9800000000005
1787796900000,7720.97,7721.4800000000005,7719.22,7720.7300000000005
1787797800000,7720.47,7722.4800000000005,7719.97,7721.47
1787798700000,7721.4800000000005,7723.7300000000005,7721.22,7722.2300000000005
1787799600000,7721.9800000000005,7723.2300000000005,7719.72,7720.97
1787800500000,7721.22,7724.7300000000005,7720.97,7723.72
1787801400000,7723.9800000000005,7724.7300000000005,7721.72,7721.7300000000005
1787802300000,7721.72,7722.7300000000005,7719.47,7719.97
1787803200000,7719.72,7720.9800000000005,7719.22,7720.2300000000005
1787804100000,7719.97,7721.4800000000005,7718.22,7718.22
1787805000000,7718.2300000000005,7718.2300000000005,7713.72,7714.47
1787805900000,7714.7300000000005,7716.2300000000005,7713.22,7713.72
1787806800000,7713.97,7714.7300000000005,7709.47,7710.72
1787807700000,7710.7300000000005,7710.7300000000005,7706.47,7708.22
1787808600000,7708.2300000000005,7708.4800000000005,7704.22,7704.4800000000005
1787809500000,7704.47,7706.9800000000005,7704.22,7705.97
1787810400000,7706.22,7706.2300000000005,7700.97,7704.7300000000005
1787811300000,7704.47,7707.2300000000005,7704.47,7706.7300000000005
1787812200000,7706.72,7710.2300000000005,7706.47,7710.2300000000005
1787813100000,7710.22,7711.9800000000005,7708.97,7711.9800000000005
1787814000000,7711.72,7714.6,7707.6,7714.6
1787814900000,7714.85,7715.35,7712.1,7715.35
1787815800000,7715.2300000000005,7716.1,7709.85,7710.85
1787816700000,7711.1,7715.85,7710.6,7714.35
1787817600000,7714.48,7726.599999999999,7714.48,7725.599999999999
1787818500000,7725.85,7728.6,7720.85,7728.1
1787819400000,7728.35,7728.35,7722.6,7723.9800000000005
1787820300000,7724.1,7727.85,7721.6,7721.9800000000005
1787821200000,7722.1,7722.85,7714.85,7715.1
1787822100000,7715.35,7720.1,7712.85,7718.85
1787823000000,7718.7300000000005,7722.6,7718.72,7720.7300000000005
1787823900000,7720.85,7722.6,7717.6,7718.1
1787824800000,7718.35,7718.35,7714.6,7716.85
1787825700000,7717.1,7717.85,7713.6,7714.1
1787826600000,7714.35,7717.1,7712.1,7716.6
1787827500000,7716.85,7718.35,7713.6,7718.1
1787828400000,7717.85,7723.6,7715.85,7722.22
1787829300000,7722.1,7723.1,7716.35,7716.35
1787830200000,7716.1,7718.85,7711.85,7715.1
1787831100000,7714.85,7716.35,7709.1,7716.1
1787832000000,7715.97,7720.4800000000005,7715.1,7719.6
1787832900000,7719.4800000000005,7719.6,7715.85,7717.22
1787833800000,7717.1,7717.22,7705.6,7706.1
1787834700000,7706.22,7707.85,7704.85,7705.6
1787835600000,7705.4800000000005,7709.35,7704.35,7707.1
1787836500000,7706.85,7711.35,7706.1,7710.6
1787837400000,7710.1,7717.35,7696.85,7717.1
1787838300000,7717.35,7722.35,7701.35,7709.1
1787839200000,7709.35,7716.1,7705.85,7711.85
1787840100000,7712.1,7724.1,7712.1,7722.6
1787841000000,7722.35,7725.85,7716.1,7721.6
1787841900000,7721.35,7729.85,7718.85,7729.6
1787842800000,7729.35,7734.1,7727.85,7733.85
1787843700000,7734.1,7736.6,7727.85,7728.6
1787844600000,7728.72,7731.6,7721.35,7721.85
1787845500000,7721.6,7734.35,7719.35,7731.85
1787846400000,7731.9800000000005,7735.35,7729.85,7731.85
1787847300000,7731.6,7734.6,7728.85,7734.6
1787848200000,7734.35,7743.47,7733.85,7742.35
1787849100000,7742.6,7746.1,7741.85,7745.85
1787850000000,7746.1,7749.47,7743.35,7747.6
1787850900000,7747.85,7748.6,7742.6,7743.1
1787851800000,7743.35,7746.35,7741.6,7741.85
1787852700000,7742.1,7742.35,7736.6,7737.6
1787853600000,7737.85,7739.35,7725.1,7728.1
1787854500000,7727.85,7730.35,7717.85,7719.85
1787855400000,7720.1,7726.35,7719.35,7724.1
1787856300000,7723.7300000000005,7726.1,7716.85,7721.6
1787857200000,7722.1,7727.35,7720.6,7724.1
1787858100000,7724.35,7727.85,7723.1,7724.6
1787859000000,7724.85,7732.1,7723.85,7731.85
1787859900000,7731.35,7738.6,7729.35,7735.1
1787860800000,7735.6,7737.35,7729.35,7729.35
1787861700000,7729.6,7730.35,7725.85,7727.35
1787862600000,7727.1,7728.1,7726.35,7727.6
1787863500000,7727.4800000000005,7728.1,7725.85,7726.75
1787868000000,7727.65,7729.63,7722.37,7726.37
1787868900000,7726.63,7728.88,7725.87,7728.38
1787869800000,7728.37,7728.88,7727.37,7727.87
1787870700000,7727.88,7728.13,7726.37,7727.12
1787871600000,7727.38,7727.63,7724.62,7725.63
1787872500000,7725.37,7725.63,7724.62,7724.88
1787873400000,7724.87,7725.13,7723.87,7724.12
1787874300000,7723.87,7724.13,7722.37,7723.88
1787875200000,7723.62,7730.38,7723.12,7730.12
1787876100000,7730.13,7730.88,7726.87,7730.62
1787877000000,7730.63,7731.88,7728.87,7731.38
1787877900000,7731.12,7732.38,7730.12,7730.62
1787878800000,7730.63,7735.13,7730.62,7734.38
1787879700000,7734.12,7734.88,7732.37,7732.87
1787880600000,7733.13,7735.13,7732.37,7733.37
1787881500000,7733.63,7737.63,7732.62,7737.62
1787882400000,7737.87,7741.63,7737.87,7740.62
1787883300000,7740.88,7742.13,7740.37,7740.38
1787884200000,7740.12,7740.13,7734.62,7734.88
1787885100000,7734.87,7736.13,7733.62,7735.62
1787886000000,7736.13,7741.13,7735.62,7740.13
1787886900000,7739.87,7742.38,7739.62,7741.63
1787887800000,7741.62,7741.88,7733.87,7734.12
1787888700000,7734.13,7736.88,7732.87,7736.12
1787889600000,7736.38,7736.38,7733.12,7735.12
1787890500000,7735.38,7735.88,7734.12,7734.62
1787891400000,7734.63,7734.88,7732.37,7732.87
1787892300000,7733.13,7733.63,7731.62,7732.37
1787893200000,7732.63,7732.88,7730.62,7730.88
1787894100000,7730.87,7731.13,7729.12,7729.87
1787895000000,7729.88,7730.38,7727.12,7728.87
1787895900000,7728.88,7728.88,7726.37,7726.63
1787896800000,7726.62,7729.88,7725.87,7728.37
1787897700000,7728.63,7731.88,7728.12,7728.38
1787898600000,7728.62,7734.38,7728.62,7733.88
1787899500000,7733.62,7738.38,7733.37,7738.38
1787900400000,7738.62,7739.38,7733.75,7735.25
1787901300000,7735.5,7738,7734.75,7736.75
1787902200000,7737,7738,7733.5,7734.25
1787903100000,7734,7738.25,7734,7735.13
1787904000000,7735.25,7736,7731.37,7733
1787904900000,7733.12,7735,7731.75,7734
1787905800000,7733.75,7740,7733.5,7737.5
1787906700000,7737.62,7737.75,7733,7735
1787907600000,7734.75,7735.25,7732.75,7733.25
1787908500000,7733.5,7735.25,7731.13,7734.25
1787909400000,7734,7734.25,7732.25,7733
1787910300000,7732.75,7735.5,7732.5,7733.5
1787911200000,7733.75,7734.12,7732,7733.25
1787912100000,7733,7734.75,7732.25,7734
1787913000000,7734.13,7735.25,7731.75,7732
1787913900000,7731.75,7734.5,7731.25,7734.5
1787914800000,7734.62,7735.75,7732,7734.5
1787915700000,7734.75,7737.75,7734.5,7736.75
1787916600000,7737,7738.25,7733.5,7734
1787917500000,7733.75,7736,7733.5,7734.75
1787918400000,7735,7741.75,7734.25,7741.5
1787919300000,7741.25,7745.75,7741,7745.25
1787920200000,7745,7745.25,7738.5,7744.75
1787921100000,7745,7746,7744,7744.5
1787922000000,7744.75,7749.75,7743.5,7744.75
1787922900000,7745,7745.25,7737.75,7741.5
1787923800000,7741.25,7752.37,7739,7749.75
1787924700000,7749.5,7752.75,7740.5,7741.63
1787925600000,7741.37,7755,7721.5,7726.5
1787926500000,7726.25,7746.25,7725.25,7737
1787927400000,7736.75,7759.75,7733,7758
1787928300000,7758.5,7774.75,7756,7774
1787929200000,7773.75,7777.25,7762.25,7766
1787930100000,7766.25,7776.25,7766.25,7774
1787931000000,7774.25,7774.25,7750.75,7752.25
1787931900000,7751.75,7754.25,7732.25,7734.5
1787932800000,7734.75,7740.25,7728.5,7733.63
1787933700000,7733.75,7736.25,7715.25,7720
1787934600000,7719.5,7730,7719,7720.5
1787935500000,7720.37,7730.75,7720.25,7720.75
1787936400000,7720.63,7720.75,7706.75,7717.25
1787937300000,7717,7718,7709.5,7712
1787938200000,7711.75,7718.75,7709.75,7714.5
1787939100000,7714.25,7721.25,7712.5,7719.25
1787940000000,7719.5,7722,7715.75,7715.75
1787940900000,7716,7719.5,7712.75,7714.5
1787941800000,7714.25,7719.75,7713.75,7716.75
1787942700000,7716.5,7717,7707.25,7710.75
1787943600000,7710.5,7718,7708.75,7716.5
1787944500000,7716.75,7720,7714.25,7719.5
1787945400000,7719.25,7722,7715.5,7720.25
1787946300000,7720,7723,7714.5,7717.5
1787947200000,7717.75,7719,7714,7715.5
1787948100000,7715.75,7716,7714.5,7715.25
1787949000000,7715,7718.75,7714,7718.5
1787949900000,7718.75,7720.5,7717.75,7719.4
1788127200000,7720.150000000001,7720.150000000001,7701.63,7707.62
1788128100000,7707.63,7711.88,7707.62,7708.63
1788129000000,7708.62,7709.38,7702.62,7703.62
1788129900000,7703.63,7706.38,7703.12,7706.37
1788130800000,7706.38,7706.63,7702.12,7702.38
1788131700000,7702.12,7703.63,7698.87,7698.87
1788132600000,7698.88,7698.88,7691.87,7696.12
1788133500000,7696.37,7696.38,7685.87,7685.87
1788134400000,7686.12,7692.38,7681.87,7690.88
1788135300000,7690.87,7696.88,7690.87,7696.38
1788136200000,7696.13,7701.13,7695.37,7699.12
1788137100000,7699.13,7699.38,7693.38,7694.63
1788138000000,7694.62,7694.88,7683.87,7688.63
1788138900000,7688.62,7689.88,7684.12,7687.12
1788139800000,7687.13,7688.88,7684.12,7685.88
1788140700000,7685.87,7688.13,7684.62,7687.37
1788141600000,7687.38,7694.13,7685.12,7693.38
1788142500000,7693.37,7693.38,7684.12,7687.37
1788143400000,7687.63,7688.38,7681.37,7683.12
1788144300000,7683.38,7689.38,7682.12,7689.38
1788145200000,7689.62,7693.13,7688.37,7691.38
1788146100000,7691.13,7692.38,7690.12,7690.37
1788147000000,7690.62,7691.13,7688.37,7689.37
1788147900000,7689.63,7690.38,7688.37,7690.12
1788148800000,7690.38,7690.63,7688.37,7690.12
1788149700000,7690.13,7690.63,7688.62,7689.88
1788150600000,7689.87,7693.88,7688.12,7693.62
1788151500000,7693.63,7699.63,7691.37,7697.87
1788152400000,7697.88,7703.13,7696.37,7702.87
1788153300000,7703.13,7707.88,7702.37,7705.62
1788154200000,7706.13,7706.13,7697.62,7700.38
1788155100000,7700.12,7702.13,7699.62,7702.13
1788156000000,7702.12,7704.88,7700.12,7704.37
1788156900000,7704.62,7707.13,7704.62,7706.87
1788157800000,7706.88,7708.13,7704.87,7706.37
1788158700000,7706.38,7709.13,7706.12,7708.37
1788159600000,7708.63,7708.63,7705.5,7707.75
1788160500000,7707.5,7708,7705.25,7706.37
1788161400000,7706.25,7708.25,7705.5,7706.5
1788162300000,7706.25,7707.25,7704.75,7707
1788163200000,7707.25,7712.75,7705.13,7708.13
1788164100000,7708,7710.25,7706.5,7709.75
1788165000000,7710,7710.25,7707.75,7709
1788165900000,7709.13,7711.75,7708.75,7710
1788166800000,7709.75,7712,7708,7711.12
1788167700000,7711,7713.38,7710.5,7710.75
1788168600000,7711,7711,7707,7707.5
1788169500000,7707.75,7707.75,7704.25,7704.75
1788170400000,7704.88,7707,7702.75,7706.25
1788171300000,7706,7707,7703.5,7705.75
1788172200000,7705.5,7706.25,7704.25,7705.75
1788173100000,7705.5,7708.37,7705,7707
1788174000000,7707.25,7708.25,7704.5,7704.75
1788174900000,7704.5,7708.5,7704.13,7707.87
1788175800000,7708,7708,7700.25,7700.25
1788176700000,7700.5,7702,7698,7699.75
1788177600000,7699.63,7705.5,7692.62,7702.5
1788178500000,7702.62,7706.5,7692.75,7695.25
1788179400000,7695.13,7699,7689,7690.5
1788180300000,7690.25,7692.62,7689,7691.25
1788181200000,7691,7695.75,7690,7695.63
1788182100000,7695.5,7699.75,7695,7698.75
1788183000000,7697.75,7701.5,7682.75,7683.5
1788183900000,7683.75,7692.25,7680.25,7687
1788184800000,7687.25,7688.5,7678.75,7683.5
1788185700000,7683.25,7685.75,7672.25,7674.25
1788186600000,7674,7686,7673,7683.5
1788187500000,7683.75,7689.25,7678.75,7685
1788188400000,7684.75,7689.75,7680.75,7682.75
1788189300000,7682.5,7687,7679,7685
1788190200000,7684.5,7685.5,7679.25,7683.5
1788191100000,7683.75,7688.5,7678.25,7679.25
1788192000000,7679,7683,7674.75,7682.25
1788192900000,7682.5,7684.5,7677.75,7684.25
1788193800000,7684,7684.75,7677,7679.25
1788194700000,7679.37,7685,7679.37,7683.75
1788195600000,7684,7684.5,7680.5,7684.5
1788196500000,7684.25,7685.75,7679,7679.5
1788197400000,7679.25,7687.5,7676.75,7687.5
1788198300000,7687.75,7693.5,7686.5,7690.25
1788199200000,7690.5,7692.5,7687,7692.5
1788200100000,7692.25,7693.5,7688.13,7688.25
1788201000000,7688.5,7689.25,7675.5,7678.75
1788201900000,7679,7683.75,7677,7682
1788202800000,7681.75,7687.5,7681.75,7687.25
1788203700000,7687,7692.75,7685,7691.5
1788204600000,7691.75,7697.5,7687.25,7695.5
1788205500000,7695.25,7706,7691.25,7694.25
1788206400000,7695.5,7702.5,7695.5,7699.5
1788207300000,7699.75,7700.5,7698.5,7700.5
1788208200000,7700.25,7700.75,7699,7700.25
1788209100000,7700.5,7700.5,7698.25,7699.15
1788213600000,7698.7,7700.43,7697.92,7700.18
1788214500000,7699.92,7700.18,7698.67,7698.92
1788215400000,7699.18,7700.43,7699.17,7699.43
1788216300000,7699.68,7699.93,7698.17,7698.67
1788217200000,7698.68,7700.68,7698.42,7699.92
1788218100000,7699.93,7700.43,7698.17,7700.43
1788219000000,7699.93,7702.93,7699.92,7701.42
1788219900000,7701.68,7702.43,7699.67,7701.18
1788220800000,7701.17,7705.43,7698.17,7701.17
1788221700000,7701.43,7705.93,7700.17,7703.67
1788222600000,7703.68,7705.18,7701.17,7703.17
1788223500000,7703.43,7703.68,7701.67,7702.42
1788224400000,7702.43,7703.68,7699.67,7702.17
1788225300000,7702.43,7702.43,7696.67,7697.18
1788226200000,7696.93,7702.68,7695.67,7702.43
1788227100000,7702.17,7702.93,7699.92,7700.93
1788228000000,7700.67,7701.43,7695.92,7696.68
1788228900000,7696.43,7697.18,7693.17,7694.17
1788229800000,7694.43,7696.43,7691.67,7692.18
1788230700000,7691.92,7697.93,7691.67,7697.92
1788231600000,7697.93,7697.93,7693.92,7694.18
1788232500000,7694.17,7695.18,7693.42,7693.68
1788233400000,7693.67,7695.43,7692.92,7694.17
1788234300000,7694.18,7695.43,7693.67,7694.68
1788235200000,7694.42,7696.18,7693.42,7694.18
1788236100000,7694.17,7695.68,7692.92,7693.67
1788237000000,7693.93,7694.93,7691.42,7691.68
1788237900000,7691.43,7694.43,7689.67,7690.43
1788238800000,7690.18,7690.93,7688.42,7689.43
1788239700000,7689.42,7692.43,7687.67,7692.17
1788240600000,7692.18,7700.93,7691.67,7700.68
1788241500000,7700.17,7703.93,7698.92,7702.17
1788242400000,7702.43,7703.18,7697.67,7697.92
1788243300000,7698.18,7698.18,7694.42,7694.42
1788244200000,7694.68,7697.68,7693.67,7696.92
1788245100000,7697.18,7697.43,7694.92,7695.18
1788246000000,7694.93,7703.05,7694.18,7702.55
1788246900000,7702.8,7702.8,7698.8,7700.8
1788247800000,7700.55,7700.8,7688.8,7688.8
1788248700000,7689.05,7691.8,7685.05,7688.05
1788249600000,7687.8,7690.67,7671.85,7674.85
1788250500000,7674.9800000000005,7677.35,7662.6,7663.72
1788251400000,7663.85,7666.85,7657.1,7659.1
1788252300000,7658.85,7663.85,7656.6,7656.6
1788253200000,7656.7300000000005,7657.85,7649.85,7650.1
1788254100000,7649.6,7652.35,7646.85,7649.1
1788255000000,7649.22,7651.6,7647.35,7650.6
1788255900000,7650.85,7654.1,7650.35,7651.35
1788256800000,7651.6,7654.35,7648.85,7653.35
1788257700000,7653.47,7659.8,7650.55,7658.3
1788258600000,7658.55,7662.35,7656.85,7657.1
1788259500000,7656.969999999999,7660.349999999999,7652.23,7654.349999999999
1788260400000,7654.6,7655.1,7650.35,7653.85
1788261300000,7653.6,7656.1,7652.6,7655.1
1788262200000,7654.9800000000005,7661.1,7654.85,7659.1
1788263100000,7658.85,7659.6,7649.1,7650.35
1788264000000,7650.2300000000005,7651.1,7646.6,7650.1
1788264900000,7649.85,7652.85,7646.85,7650.9800000000005
1788265800000,7650.85,7650.85,7643.1,7645.6
1788266700000,7645.35,7649.6,7644.6,7645.35
1788267600000,7645.1,7645.35,7639.85,7641.85
1788268500000,7642.1,7646.6,7640.85,7644.85
1788269400000,7644.6,7648.85,7636.6,7644.35
1788270300000,7644.1,7649.85,7639.6,7644.97
1788271200000,7645.1,7655.85,7642.6,7655.1
1788272100000,7654.85,7665.35,7654.8,7662.85
1788273000000,7662.6,7670.85,7662.6,7666.35
1788273900000,7666.6,7668.6,7658.35,7660.6
1788274800000,7660.35,7661.6,7651.6,7654.35
1788275700000,7654.1,7660.85,7653.6,7660.6
1788276600000,7660.85,7667.35,7659.35,7667.1
1788277500000,7666.85,7671.6,7666.1,7667.85
1788278400000,7668.1,7668.6,7660.1,7660.1
1788279300000,7660.35,7660.85,7647.6,7649.85
1788280200000,7649.9800000000005,7651.1,7640.6,7641.85
1788281100000,7641.6,7648.6,7641.1,7647.6
1788282000000,7647.2300000000005,7647.35,7639.6,7644.35
1788282900000,7643.849999999999,7646.099999999999,7633.48,7641.599999999999
1788283800000,7641.35,7647.1,7640.85,7645.35
1788284700000,7644.85,7646.1,7639.35,7642.85
1788285600000,7643.1,7644.85,7637.85,7638.35
1788286500000,7638.2300000000005,7643.1,7635.35,7636.85
1788287400000,7636.6,7637.35,7621.6,7622.1
1788288300000,7621.85,7633.6,7619.35,7631.85
1788289200000,7632.1,7639.6,7630.85,7639.35
1788290100000,7639.6,7641.1,7635.6,7638.85
1788291000000,7638.6,7638.6,7632.35,7635.6
1788291900000,7635.72,7642.6,7631.1,7642.1
1788292800000,7642.35,7645.1,7638.85,7642.35
1788293700000,7642.6,7646.6,7642.35,7644.85
1788294600000,7644.6,7646.85,7643.1,7645.35
1788295500000,7645.4800000000005,7646.1,7644.1,7645.25
1788300000000,7645.45,7646.45,7640.17,7640.92
1788300900000,7641.18,7642.43,7640.42,7641.93
1788301800000,7641.67,7642.92,7641.42,7642.17
1788302700000,7642.18,7645.68,7641.92,7643.92
1788303600000,7643.93,7644.93,7643.67,7644.17
1788304500000,7644.43,7644.68,7642.92,7644.43
1788305400000,7644.42,7645.43,7643.92,7645.18
1788306300000,7645.42,7645.68,7644.17,7644.93
1788307200000,7645.18,7645.43,7640.42,7643.17
1788308100000,7643.18,7649.93,7642.67,7642.92
1788309000000,7643.18,7645.68,7640.92,7644.18
1788309900000,7643.92,7644.93,7638.67,7638.93
1788310800000,7638.67,7641.43,7635.67,7637.17
1788311700000,7637.18,7641.43,7636.67,7639.68
1788312600000,7639.67,7640.68,7634.92,7635.42
1788313500000,7635.43,7635.93,7631.17,7635.67
1788314400000,7635.68,7635.68,7632.42,7635.43
1788315300000,7635.17,7640.68,7635.17,7639.18
1788316200000,7639.17,7639.18,7636.92,7638.92
1788317100000,7639.18,7640.18,7638.42,7639.93
1788318000000,7639.92,7640.43,7636.67,7639.68
1788318900000,7639.42,7639.68,7636.67,7636.68
1788319800000,7636.67,7636.93,7634.42,7634.67
1788320700000,7634.68,7635.68,7632.92,7633.42
1788321600000,7633.68,7634.18,7631.42,7633.17
1788322500000,7633.18,7634.93,7632.67,7632.92
1788323400000,7633.18,7634.93,7632.67,7633.43
1788324300000,7633.42,7634.68,7632.92,7633.92
1788325200000,7634.18,7636.18,7631.67,7635.68
1788326100000,7635.67,7639.43,7635.42,7639.17
1788327000000,7639.43,7641.43,7635.67,7639.92
1788327900000,7640.18,7640.43,7634.42,7636.18
1788328800000,7636.17,7637.67,7632.42,7634.42
1788329700000,7634.68,7635.18,7630.42,7631.18
1788330600000,7630.92,7641.68,7630.42,7638.42
1788331500000,7638.68,7640.18,7635.67,7639.93
1788332400000,7639.67,7646.05,7637.92,7642.3
1788333300000,7642.05,7645.05,7638.55,7641.55
1788334200000,7641.3,7642.3,7637.55,7637.8
1788335100000,7637.68,7638.8,7634.05,7636.18
1788336000000,7636.05,7641.55,7634.8,7638.8
1788336900000,7638.67,7640.55,7634.05,7635.3
1788337800000,7635.05,7637.8,7632.3,7633.05
1788338700000,7632.93,7633.05,7622.05,7625.3
1788339600000,7625.17,7631.8,7622.8,7623.3
1788340500000,7623.05,7627.3,7622.05,7624.55
1788341400000,7624.8,7625.05,7620.05,7621.8
1788342300000,7621.92,7624.55,7621.3,7624.3
1788343200000,7624.42,7625.05,7620.05,7624.55
1788344100000,7624.8,7626.8,7623.05,7625.55
1788345000000,7625.8,7626.05,7621.3,7622.05
1788345900000,7621.93,7625.55,7620.55,7625.3
1788346800000,7625.55,7634.3,7617.55,7633.3
1788347700000,7632.93,7636.55,7628.3,7634.3
1788348600000,7634.43,7640.55,7633.55,7636.55
1788349500000,7636.3,7645.05,7635.8,7644.8
1788350400000,7644.43,7651.68,7643.55,7651.68
1788351300000,7651.18,7657.55,7647.68,7648.8
1788352200000,7648.55,7649.3,7643.05,7643.8
1788353100000,7644.05,7644.05,7638.05,7638.8
1788354000000,7638.55,7644.3,7638.55,7642.3
1788354900000,7642.55,7653.05,7641.8,7649.3
1788355800000,7649.05,7653.05,7641.8,7652.8
1788356700000,7653.05,7655.55,7644.55,7655.42
1788357600000,7655.3,7667.8,7653.42,7667.3
1788358500000,7667.55,7681.05,7665.8,7677.8
1788359400000,7678.05,7688.8,7674.55,7688.3
1788360300000,7688.55,7688.55,7676.8,7678.3
1788361200000,7678.05,7682.8,7676.3,7680.3
1788362100000,7680.55,7689.05,7679.05,7688.3
1788363000000,7688.55,7689.55,7681.55,7681.55
1788363900000,7681.43,7684.8,7674.8,7684.3
1788364800000,7684.05,7684.3,7680.55,7682.05
1788365700000,7681.8,7681.8,7671.8,7673.55
1788366600000,7673.3,7678.05,7672.05,7672.05
1788367500000,7672.3,7677.3,7671.8,7674.05
1788368400000,7674.3,7679.8,7671.05,7674.17
1788369300000,7674.3,7674.55,7669.55,7672.3
1788370200000,7672.55,7674.55,7668.8,7674.3
1788371100000,7674.42,7678.05,7672.55,7676.8
1788372000000,7677.05,7679.3,7672.55,7677.05
1788372900000,7676.8,7685.8,7676.55,7678.55
1788373800000,7678.3,7680.55,7671.55,7672.55
1788374700000,7672.8,7675.17,7671.05,7673.05
1788375600000,7673,7680.05,7671.8,7679.05
1788376500000,7679.3,7680.3,7675.8,7679.8
1788377400000,7680.05,7680.05,7675.3,7678.55
1788378300000,7678.3,7679.8,7672.55,7676.55
1788379200000,7676.8,7681.05,7676.18,7678.8
1788380100000,7679.05,7679.05,7666.05,7670.05
1788381000000,7669.8,7670.8,7668.3,7668.3
1788381900000,7668.05,7671.3,7667.45,7667.45
1788386400000,7673.3,7676.780000000001,7670.77,7676.530000000001
1788387300000,7676.27,7679.030000000001,7675.27,7677.52
1788388200000,7677.530000000001,7678.030000000001,7676.77,7677.27
1788389100000,7677.280000000001,7677.280000000001,7675.27,7675.530000000001
1788390000000,7675.52,7677.030000000001,7674.52,7674.52
1788390900000,7674.780000000001,7676.030000000001,7674.02,7676.030000000001
1788391800000,7676.02,7677.280000000001,7675.27,7677.02
1788392700000,7677.52,7680.530000000001,7677.52,7679.02
1788393600000,7679.030000000001,7679.030000000001,7674.52,7675.02
1788394500000,7675.030000000001,7675.030000000001,7671.02,7672.780000000001
1788395400000,7672.52,7673.030000000001,7671.52,7672.02
1788396300000,7672.030000000001,7673.280000000001,7671.52,7672.030000000001
1788397200000,7671.780000000001,7676.530000000001,7671.27,7676.030000000001
1788398100000,7675.77,7678.530000000001,7672.52,7675.780000000001
1788399000000,7675.52,7678.530000000001,7674.52,7675.030000000001
1788399900000,7674.77,7676.280000000001,7671.02,7671.030000000001
1788400800000,7670.77,7678.280000000001,7670.52,7677.77
1788401700000,7678.030000000001,7678.780000000001,7676.02,7678.030000000001
1788402600000,7677.77,7679.530000000001,7676.02,7676.280000000001
1788403500000,7676.27,7679.030000000001,7675.77,7677.77
1788404400000,7677.780000000001,7679.780000000001,7677.02,7679.52
1788405300000,7679.780000000001,7682.780000000001,7679.52,7680.530000000001
1788406200000,7680.780000000001,7682.030000000001,7680.27,7681.27
1788407100000,7681.030000000001,7682.780000000001,7680.27,7682.280000000001
1788408000000,7682.02,7683.780000000001,7681.27,7682.52
1788408900000,7682.530000000001,7683.280000000001,7681.02,7681.02
1788409800000,7681.030000000001,7682.780000000001,7679.77,7680.530000000001
1788410700000,7680.52,7681.280000000001,7678.52,7679.030000000001
1788411600000,7678.77,7679.030000000001,7670.27,7671.280000000001
1788412500000,7671.02,7671.280000000001,7660.52,7664.280000000001
1788413400000,7664.02,7671.030000000001,7664.02,7670.02
1788414300000,7670.280000000001,7678.280000000001,7668.52,7678.02
1788415200000,7678.030000000001,7680.030000000001,7674.77,7676.27
1788416100000,7676.280000000001,7678.030000000001,7674.27,7676.280000000001
1788417000000,7676.030000000001,7677.030000000001,7673.52,7675.530000000001
1788417900000,7675.27,7675.530000000001,7671.52,7673.780000000001
1788418800000,7673.530000000001,7682.900000000001,7671.52,7678.780000000001
1788419700000,7678.65,7679.4,7674.15,7677.9
1788420600000,7677.77,7685.150000000001,7677.02,7684.150000000001
1788421500000,7683.9,7684.4,7675.65,7682.15
1788422400000,7682.4,7693.65,7680.9,7686.65
1788423300000,7686.5199999999995,7689.4,7684.4,7688.4
1788424200000,7688.15,7688.15,7684.9,7685.15
1788425100000,7685.4,7686.15,7682.4,7682.7699999999995
1788426000000,7682.9,7686.15,7682.65,7685.65
1788426900000,7685.9,7685.9,7681.65,7681.65
1788427800000,7681.4,7682.65,7678.4,7679.4
1788428700000,7679.15,7679.4,7671.4,7672.9
1788429600000,7673.15,7676.4,7670.65,7671.65
1788430500000,7671.4,7673.15,7669.15,7670.65
1788431400000,7670.78,7672.9,7668.4,7672.15
1788432300000,7671.9,7672.4,7668.65,7672.4
1788433200000,7672.650000000001,7681.02,7669.77,7680.400000000001
1788434100000,7680.15,7684.4,7679.9,7681.9
1788435000000,7681.650000000001,7683.150000000001,7673.27,7678.02
1788435900000,7678.03,7678.15,7672.03,7672.9
1788436800000,7673.030000000001,7680.150000000001,7673.02,7676.400000000001
1788437700000,7676.65,7682.15,7673.65,7680.28
1788438600000,7680.4,7698.53,7680.4,7690.15
1788439500000,7689.9,7702.9,7689.4,7700.4
1788440400000,7700.65,7702.9,7693.15,7701.4
1788441300000,7701.65,7705.15,7696.4,7703.28
1788442200000,7703.4,7723.65,7703.4,7722.7699999999995
1788443100000,7722.9,7725.65,7716.4,7721.0199999999995
1788444000000,7718.65,7719.03,7699.65,7708.4
1788444900000,7708.15,7715.4,7706.9,7711.4
1788445800000,7711.65,7714.65,7703.15,7706.65
1788446700000,7706.4,7718.15,7699.4,7717.65
1788447600000,7717.4,7740.65,7717.4,7740.65
1788448500000,7740.9,7755.15,7740.15,7754.9
1788449400000,7755.15,7757.65,7748.4,7751.4
1788450300000,7751.65,7758.65,7751.4,7758.65
1788451200000,7758.4,7758.4,7749.15,7752.15
1788452100000,7751.9,7753.7699999999995,7747.4,7749.65
1788453000000,7749.9,7757.4,7748.15,7756.65
1788453900000,7756.78,7757.4,7752.65,7754.15
1788454800000,7754.4,7755.4,7748.4,7749.4
1788455700000,7749.65,7751.9,7746.4,7751.9
1788456600000,7751.65,7756.9,7751.65,7755.9
1788457500000,7755.65,7760.15,7753.9,7757.9
1788458400000,7758.15,7764.65,7757.9,7763.4
1788459300000,7763.65,7765.65,7760.9,7762.4
1788460200000,7762.65,7764.15,7760.15,7761.15
1788461100000,7761.4,7763.4,7759.15,7761.9
1788462000000,7761.65,7762.15,7758.15,7758.9
1788462900000,7758.65,7760.9,7756.15,7759.15
1788463800000,7758.9,7760.15,7756.65,7756.9
1788464700000,7756.65,7758.65,7751.4,7755.9
1788465600000,7755.4,7756.15,7750.4,7752.65
1788466500000,7752.4,7752.65,7749.4,7749.65
1788467400000,7749.4,7751.15,7749.4,7749.9
1788468300000,7750.15,7750.15,7747.4,7748.549999999999
1788472800000,7749.8,7750.8,7747.77,7748.52
1788473700000,7748.780000000001,7751.030000000001,7748.52,7750.27
1788474600000,7750.02,7751.530000000001,7750.02,7751.030000000001
1788475500000,7751.02,7752.530000000001,7750.77,7752.27
1788476400000,7752.02,7753.030000000001,7751.52,7751.780000000001
1788477300000,7751.52,7752.530000000001,7750.52,7752.280000000001
1788478200000,7752.02,7753.030000000001,7751.27,7752.02
1788479100000,7752.030000000001,7753.280000000001,7751.27,7752.030000000001
1788480000000,7751.780000000001,7752.530000000001,7750.27,7751.530000000001
1788480900000,7751.27,7754.030000000001,7750.77,7753.27
1788481800000,7753.530000000001,7754.280000000001,7752.77,7754.02
1788482700000,7754.030000000001,7756.280000000001,7754.02,7755.27
1788483600000,7755.030000000001,7755.280000000001,7753.02,7753.280000000001
1788484500000,7753.02,7755.780000000001,7752.27,7755.27
1788485400000,7755.02,7756.530000000001,7754.52,7756.02
1788486300000,7756.280000000001,7756.280000000001,7753.02,7755.77
1788487200000,7755.780000000001,7756.530000000001,7754.52,7756.280000000001
1788488100000,7756.02,7757.030000000001,7755.52,7756.780000000001
1788489000000,7756.77,7758.030000000001,7755.02,7755.52
1788489900000,7755.780000000001,7757.780000000001,7755.27,7757.530000000001
1788490800000,7757.27,7757.530000000001,7756.27,7756.52
1788491700000,7756.780000000001,7758.280000000001,7756.52,7757.02
1788492600000,7757.280000000001,7758.280000000001,7757.02,7757.280000000001
1788493500000,7757.030000000001,7757.530000000001,7756.27,7757.030000000001
1788494400000,7757.02,7758.030000000001,7755.52,7758.030000000001
1788495300000,7757.77,7760.280000000001,7757.02,7760.02
1788496200000,7760.280000000001,7761.030000000001,7759.02,7759.27
1788497100000,7759.530000000001,7760.530000000001,7759.02,7760.530000000001
1788498000000,7760.27,7762.280000000001,7760.02,7762.02
1788498900000,7762.030000000001,7763.780000000001,7761.77,7761.77
1788499800000,7761.780000000001,7763.030000000001,7761.02,7761.52
1788500700000,7761.780000000001,7762.280000000001,7758.77,7760.780000000001
1788501600000,7760.530000000001,7763.030000000001,7760.02,7762.77
1788502500000,7762.780000000001,7763.030000000001,7760.27,7762.030000000001
1788503400000,7761.77,7762.030000000001,7758.52,7758.77
1788504300000,7759.030000000001,7759.030000000001,7754.52,7755.030000000001
1788505200000,7755.0199999999995,7758.65,7754.15,7757.65
1788506100000,7757.4,7758.9,7755.65,7758.9
1788507000000,7759.0199999999995,7761.9,7758.4,7761.15
1788507900000,7761.03,7762.4,7758.15,7759.15
1788508800000,7759.28,7760.4,7757.65,7758.65
1788509700000,7758.9,7761.15,7758.15,7760.65
1788510600000,7760.9,7761.4,7758.4,7760.15
1788511500000,7760.4,7762.15,7759.15,7761.2699999999995
1788512400000,7761.15,7761.65,7757.15,7757.15
1788513300000,7757.4,7758.15,7754.65,7755.65
1788514200000,7755.7699999999995,7758.15,7754.9,7757.15
1788515100000,7757.4,7758.9,7756.9,7757.4
1788516000000,7757.53,7759.78,7757.53,7759.15
1788516900000,7759.4,7762.4,7758.4,7760.4
1788517800000,7760.15,7761.2699999999995,7758.4,7760.4
1788518700000,7760.53,7763.15,7760.53,7761.15
1788519600000,7761.4,7761.65,7756.4,7757.5199999999995
1788520500000,7757.53,7759.65,7757.4,7757.9
1788521400000,7758.15,7760.15,7758.15,7759.78
1788522300000,7759.7699999999995,7763.15,7759.65,7761.4
1788523200000,7761.28,7762.15,7748.9,7749.4
1788524100000,7749.15,7760.65,7747.65,7759.2699999999995
1788525000000,7756.9,7758.9,7731.4,7739.4
1788525900000,7738.15,7739.65,7730.65,7737.65
1788526800000,7737.53,7738.650000000001,7733.55,7737.650000000001
1788527700000,7737.9,7742.4,7737.15,7741.2699999999995
1788528600000,7741.4,7750.15,7740.4,7742.9
1788529500000,7742.78,7747.7,7739.65,7744.45
1788530400000,7744.32,7744.95,7729.95,7737.95
1788531300000,7737.7,7738.45,7729.2,7733.7
1788532200000,7733.95,7734.7,7724.2,7724.7
1788533100000,7724.45,7726.45,7714.45,7715.95
1788534000000,7715.7,7720.95,7712.2,7720.7
1788534900000,7720.95,7721.45,7712.45,7715.95
1788535800000,7716.08,7721.95,7711.45,7721.45
1788536700000,7721.2,7722.2,7717.7,7720.95
1788537600000,7721.2,7728.95,7719.95,7728.95
1788538500000,7728.7,7733.2,7727.2,7727.95
1788539400000,7727.7,7731.2,7726.95,7730.7
1788540300000,7730.95,7734.7,7730.2,7730.2
1788541200000,7730.45,7731.2,7724.45,7724.95
1788542100000,7724.7,7726.2,7719.45,7719.95
1788543000000,7719.65,7719.95,7714.2,7714.45
1788543900000,7714.7,7716.57,7712.45,7715.7
1788544800000,7715.95,7718.45,7713.2,7717.82
1788545700000,7717.95,7720.95,7717.2,7720.2
1788546600000,7720.45,7723.2,7719.2,7722.95
1788547500000,7723.2,7725.2,7722.2,7723.95
1788548400000,7723.7,7725.32,7717.2,7717.45
1788549300000,7717.2,7721.95,7717.2,7721.45
1788550200000,7721.2,7722.07,7717.7,7720.45
1788551100000,7720.7,7725.45,7718.95,7723.2
1788552000000,7723.45,7723.45,7715.95,7718.2
1788552900000,7718.7,7718.95,7715.7,7715.95
1788553800000,7715.7,7715.95,7713.2,7715.32
1788554700000,7715.45,7716.45,7713.95,7714.349999999999
1788732000000,7719.65,7725.629999999999,7719.15,7723.37
1788732900000,7723.63,7724.13,7722.87,7723.38
1788733800000,7723.37,7724.38,7723.12,7723.88
1788734700000,7723.62,7724.63,7723.62,7723.88
1788735600000,7723.87,7724.63,7723.12,7723.12
1788736500000,7723.38,7723.88,7721.37,7721.88
1788737400000,7721.62,7724.13,7721.12,7723.62
1788738300000,7723.88,7724.13,7720.87,7721.87
1788739200000,7722.13,7724.88,7720.37,7723.62
1788740100000,7723.63,7724.13,7720.12,7720.13
1788741000000,7720.38,7721.38,7718.12,7720.37
1788741900000,7720.63,7721.88,7718.37,7718.62
1788742800000,7718.63,7722.38,7717.62,7718.37
1788743700000,7718.38,7721.63,7717.12,7721.63
1788744600000,7721.37,7723.13,7720.37,7721.87
1788745500000,7721.88,7722.38,7720.87,7722.38
1788746400000,7722.37,7722.63,7720.62,7721.12
1788747300000,7721.38,7721.63,7719.12,7720.88
1788748200000,7720.87,7723.63,7720.87,7722.38
1788749100000,7722.12,7722.63,7717.87,7718.12
1788750000000,7718.13,7718.13,7714.87,7715.87
1788750900000,7716.13,7719.38,7715.62,7719.13
1788751800000,7718.88,7722.63,7717.37,7717.63
1788752700000,7717.62,7718.63,7716.12,7716.63
1788753600000,7716.62,7716.63,7714.62,7715.63
1788754500000,7715.37,7715.63,7713.12,7714.13
1788755400000,7714.12,7714.38,7711.62,7713.37
1788756300000,7713.38,7716.38,7713.12,7716.13
1788757200000,7715.87,7715.88,7713.12,7713.87
1788758100000,7713.88,7717.88,7713.12,7717.63
1788759000000,7717.37,7721.88,7717.37,7721.62
1788759900000,7721.63,7722.13,7717.12,7717.37
1788760800000,7717.63,7720.88,7715.87,7720.88
1788761700000,7720.87,7722.63,7720.12,7721.62
1788762600000,7721.63,7726.63,7720.87,7724.38
1788763500000,7724.37,7726.13,7721.87,7725.88
1788764400000,7725.87,7730.25,7724.37,7727.13
1788765300000,7727.12,7727.25,7722.5,7722.5
1788766200000,7722.63,7724.75,7718.5,7720.25
1788767100000,7720,7726.62,7719.5,7725.75
1788768000000,7726,7726.5,7722.25,7723.25
1788768900000,7723.5,7725.75,7723,7724
1788769800000,7723.75,7725,7722.5,7722.75
1788770700000,7722.87,7724,7721,7722.75
1788771600000,7723,7723.5,7721,7721.5
1788772500000,7721.75,7721.75,7718.25,7719.25
1788773400000,7719.5,7721,7717,7720.5
1788774300000,7720.38,7721,7718.25,7718.75
1788775200000,7719,7721,7718.37,7720.5
1788776100000,7720.25,7722,7719.75,7719.75
1788777000000,7720,7721,7718.25,7719.75
1788777900000,7719.5,7720.12,7712.5,7714
1788778800000,7713.88,7714.5,7708.62,7713.25
1788779700000,7713,7713.5,7707,7709.25
1788780600000,7709,7711,7707,7709.5
1788781500000,7709.63,7711,7706.5,7706.75
1788782400000,7706.88,7710.75,7706.25,7706.5
1788783300000,7706.25,7707.5,7705.38,7707
1788784200000,7707.25,7709.25,7706.75,7708.25
1788785100000,7708.5,7715,7708.5,7713
1788786000000,7712.75,7715.75,7711,7715.5
1788786900000,7715.25,7718.25,7712.75,7716.5
1788787800000,7717,7719,7713.75,7715.25
1788788700000,7715.5,7716.75,7714.75,7715.25
1788789600000,7715.5,7717.25,7711.5,7712.25
1788790500000,7712.45,7713.25,7710.75,7712
1788791400000,7711.75,7713.75,7708.25,7713.25
1788792300000,7713.13,7713.13,7706.5,7706.5
1788793200000,7706.37,7709.5,7706.37,7707.25
1788794100000,7707,7708.75,7705.5,7707.5
1788795000000,7707.75,7710.5,7707.25,7709.5
1788795900000,7709.75,7709.75,7707.25,7709.25
1788796800000,7709.5,7710.75,7708.5,7710.75
1788797700000,7711,7711.25,7709,7709.75
1788798600000,7709.5,7712,7709.25,7711.75
1788799500000,7711.62,7712,7710.25,7710.88
1788800400000,7710.75,7710.75,7710.75,7710.75
1788818400000,7711.5,7712.5,7709.47,7710.47
1788819300000,7710.72,7710.9800000000005,7707.47,7707.97
1788820200000,7707.9800000000005,7707.9800000000005,7704.47,7706.72
1788821100000,7706.9800000000005,7707.7300000000005,7705.47,7706.72
1788822000000,7706.4800000000005,7707.4800000000005,7704.97,7705.7300000000005
1788822900000,7705.47,7705.9800000000005,7701.72,7705.4800000000005
1788823800000,7705.2300000000005,7711.7300000000005,7703.97,7711.7300000000005
1788824700000,7711.72,7714.9800000000005,7710.97,7714.2300000000005
1788825600000,7713.97,7716.7300000000005,7711.47,7712.2300000000005
1788826500000,7711.97,7712.7300000000005,7706.47,7712.47
1788827400000,7712.7300000000005,7715.2300000000005,7711.72,7713.7300000000005
1788828300000,7713.47,7714.7300000000005,7712.72,7712.9800000000005
1788829200000,7712.97,7713.7300000000005,7705.97,7713.22
1788830100000,7713.2300000000005,7715.4800000000005,7711.47,7714.7300000000005
1788831000000,7714.47,7719.7300000000005,7713.72,7717.97
1788831900000,7717.9800000000005,7722.7300000000005,7717.47,7722.4800000000005
1788832800000,7722.72,7723.2300000000005,7719.72,7720.47
1788833700000,7720.7300000000005,7722.7300000000005,7720.47,7720.97
1788834600000,7721.2300000000005,7721.7300000000005,7719.47,7719.47
1788835500000,7719.7300000000005,7720.2300000000005,7714.72,7714.9800000000005
1788836400000,7714.97,7719.9800000000005,7714.97,7719.4800000000005
1788837300000,7719.47,7724.9800000000005,7719.22,7724.7300000000005
1788838200000,7724.72,7725.2300000000005,7722.22,7723.22
1788839100000,7723.4800000000005,7724.7300000000005,7721.97,7724.4800000000005
1788840000000,7724.47,7725.7300000000005,7723.47,7724.97
1788840900000,7724.9800000000005,7726.7300000000005,7724.22,7725.72
1788841800000,7725.9800000000005,7727.7300000000005,7723.22,7726.97
1788842700000,7726.9800000000005,7727.7300000000005,7724.22,7725.2300000000005
1788843600000,7724.97,7725.4800000000005,7717.72,7718.22
1788844500000,7718.2300000000005,7724.4800000000005,7717.22,7718.47
1788845400000,7718.4800000000005,7718.4800000000005,7711.22,7711.4800000000005
1788846300000,7711.47,7712.9800000000005,7707.22,7707.47
1788847200000,7707.97,7708.9800000000005,7702.47,7703.7300000000005
1788848100000,7703.47,7704.2300000000005,7696.72,7699.72
1788849000000,7699.7300000000005,7705.7300000000005,7696.97,7704.7300000000005
1788849900000,7704.72,7706.9800000000005,7702.97,7705.22
1788850800000,7705.47,7712.35,7703.47,7707.35
1788851700000,7707.1,7708.1,7704.1,7706.6
1788852600000,7706.35,7706.85,7695.85,7697.9800000000005
1788853500000,7697.85,7698.6,7691.85,7694.22
1788854400000,7694.1,7698.35,7689.6,7694.85
1788855300000,7694.97,7697.35,7692.35,7692.6
1788856200000,7692.349999999999,7696.349999999999,7690.48,7692.099999999999
1788857100000,7691.9800000000005,7697.1,7690.1,7694.35
1788858000000,7694.469999999999,7700.849999999999,7690.98,7699.599999999999
1788858900000,7699.73,7702.349999999999,7698.23,7702.099999999999
1788859800000,7702.2300000000005,7708.4800000000005,7701.35,7705.1
1788860700000,7704.85,7711.1,7704.6,7711.1
1788861600000,7710.85,7711.1,7705.85,7707.6
1788862500000,7707.85,7719.1,7707.35,7708.85
1788863400000,7709.1,7709.1,7703.35,7705.1
1788864300000,7704.85,7705.1,7697.85,7700.6
1788865200000,7700.35,7703.85,7695.1,7697.35
1788866100000,7697.6,7702.6,7697.35,7700.1
1788867000000,7699.85,7703.1,7698.85,7699.85
1788867900000,7700.1,7708.1,7697.85,7707.7300000000005
1788868800000,7707.85,7707.85,7699.85,7700.1
1788869700000,7700.35,7707.35,7698.35,7707.35
1788870600000,7707.6,7712.35,7706.85,7712.35
1788871500000,7712.47,7716.22,7710.6,7716.1
1788872400000,7716.35,7717.1,7712.85,7715.6
1788873300000,7715.35,7717.6,7712.85,7713.1
1788874200000,7714.599999999999,7719.599999999999,7693.65,7695.4
1788875100000,7695.65,7703.4,7690.65,7697.15
1788876000000,7697.4,7699.0199999999995,7682.4,7687.15
1788876900000,7687.03,7694.15,7683.65,7689.65
1788877800000,7689.9,7694.65,7686.9,7693.9
1788878700000,7693.65,7701.78,7689.15,7699.15
1788879600000,7699.4,7705.9,7697.4,7703.15
1788880500000,7702.9,7706.15,7695.9,7700.9
1788881400000,7701.65,7703.65,7696.15,7702.65
1788882300000,7702.9,7703.15,7696.15,7696.65
1788883200000,7696.4,7700.65,7692.9,7694.9
1788884100000,7694.65,7699.15,7690.65,7693.9
1788885000000,7693.65,7696.15,7690.9,7692.9
1788885900000,7693.0199999999995,7698.9,7688.4,7692.4
1788886800000,7692.15,7704.15,7691.9,7699.15
1788887700000,7699.2699999999995,7700.15,7694.65,7697.65
1788888600000,7697.9,7701.65,7696.15,7696.4
1788889500000,7696.65,7701.15,7696.15,7697.4
1788890400000,7697.65,7701.4,7697.4,7700.4
1788891300000,7700.65,7701.65,7698.15,7700.4
1788892200000,7700.65,7700.65,7693.4,7697.9
1788893100000,7698.15,7698.9,7679.4,7690.4
1788894000000,7690.65,7693.65,7687.4,7691.9
1788894900000,7692.15,7693.4,7687.9,7692.9
1788895800000,7692.65,7694.4,7689.9,7691.15
1788896700000,7691.4,7691.9,7674.65,7683.15
1788897600000,7683.400000000001,7685.150000000001,7676.52,7681.150000000001
1788898500000,7681.400000000001,7681.900000000001,7677.77,7677.900000000001
1788899400000,7677.4,7679.9,7676.4,7679.9
1788900300000,7679.65,7681.4,7678.9,7680.549999999999
1788904800000,7681.65,7683.38,7679.62,7681.63
1788905700000,7681.37,7683.13,7680.37,7682.38
1788906600000,7682.37,7683.13,7681.37,7682.38
1788907500000,7682.37,7685.63,7682.37,7685.37
1788908400000,7685.38,7685.63,7683.12,7683.12
1788909300000,7683.13,7683.13,7680.62,7680.88
1788910200000,7680.62,7681.38,7678.37,7679.13
1788911100000,7678.87,7679.63,7675.62,7677.63
1788912000000,7677.37,7687.13,7677.37,7684.13
1788912900000,7683.87,7683.88,7679.37,7680.87
1788913800000,7681.13,7682.88,7678.12,7682.62
1788914700000,7682.63,7685.63,7681.37,7685.12
1788915600000,7685.13,7687.13,7684.12,7686.12
1788916500000,7686.38,7689.88,7685.62,7688.62
1788917400000,7688.87,7690.63,7687.37,7687.88
1788918300000,7687.62,7689.63,7686.62,7687.87
1788919200000,7688.13,7689.88,7686.87,7687.12
1788920100000,7687.38,7688.88,7685.87,7688.12
1788921000000,7688.38,7690.13,7687.37,7689.37
1788921900000,7689.38,7690.13,7688.62,7688.88
1788922800000,7689.13,7689.38,7685.87,7686.62
1788923700000,7686.88,7688.88,7686.62,7687.62
1788924600000,7687.87,7688.63,7686.87,7687.62
1788925500000,7687.88,7687.88,7684.87,7685.38
1788926400000,7685.37,7687.63,7683.37,7684.63
1788927300000,7684.37,7689.63,7684.12,7688.37
1788928200000,7688.38,7691.13,7687.12,7690.62
1788929100000,7690.88,7692.38,7690.87,7691.62
1788930000000,7691.88,7691.88,7689.62,7691.12
1788930900000,7691.13,7691.13,7686.37,7688.87
1788931800000,7689.13,7690.38,7686.62,7688.87
1788932700000,7689.13,7693.88,7688.62,7693.87
1788933600000,7693.88,7694.38,7690.37,7693.38
1788934500000,7693.12,7693.63,7687.12,7688.13
1788935400000,7688.12,7691.38,7687.37,7691.13
1788936300000,7691.12,7691.38,7687.62,7687.87
1788937200000,7688.13,7694,7685.75,7687.75
1788938100000,7687.63,7694,7686.25,7693.75
1788939000000,7693.62,7693.75,7689,7689.75
1788939900000,7689.87,7690,7684.25,7688
1788940800000,7688.12,7690.5,7686.25,7686.75
1788941700000,7687,7688.5,7684,7687.5
1788942600000,7687.25,7688.75,7681.25,7681.25
1788943500000,7681.5,7686.25,7680.88,7685
1788944400000,7685.25,7686.75,7680.75,7683.5
1788945300000,7683.75,7684.5,7678,7680.25
1788946200000,7680.13,7682.25,7672.5,7673.38
1788947100000,7673.37,7674.5,7660,7662
1788948000000,7662.25,7667.25,7658.75,7662.75
1788948900000,7662.5,7668,7660.25,7664
1788949800000,7663.75,7664,7657.5,7657.75
1788950700000,7657.5,7658,7650.5,7652.75
1788951600000,7653.5,7660.5,7651.75,7657.13
1788952500000,7657.25,7661.5,7652.75,7659
1788953400000,7658.75,7658.75,7653.5,7654
1788954300000,7653.75,7666.25,7653.75,7655.5
1788955200000,7655.75,7656.25,7647.5,7647.75
1788956100000,7647.63,7652.5,7647.63,7649.75
1788957000000,7649.5,7656.75,7648.5,7655.5
1788957900000,7655.63,7659.75,7655.63,7658.25
1788958800000,7658,7662.25,7657,7659.25
1788959700000,7658.75,7665.25,7657.75,7663.25
1788960600000,7663,7666.5,7655,7659.75
1788961500000,7659.5,7664.75,7656.75,7663.75
1788962400000,7664.25,7664.75,7656.5,7661.75
1788963300000,7661.5,7663.5,7647.5,7662.5
1788964200000,7662.25,7662.75,7655.25,7660.5
1788965100000,7660.25,7662.25,7657,7660.75
1788966000000,7661,7667.25,7636.5,7638.25
1788966900000,7638.75,7644.25,7632,7638.25
1788967800000,7638,7653.8,7637.25,7645.55
1788968700000,7645.3,7649.3,7641.55,7644.8
1788969600000,7644.55,7647.05,7637.18,7639.3
1788970500000,7639.05,7641.05,7636.05,7639.05
1788971400000,7638.8,7647.3,7638.8,7647.3
1788972300000,7647.55,7651.8,7644.8,7649.05
1788973200000,7648.8,7655.3,7646.8,7654.55
1788974100000,7654.68,7656.05,7650.8,7652.3
1788975000000,7652.25,7653.8,7646.8,7652.05
1788975900000,7652.3,7656.3,7651.8,7653.3
1788976800000,7653.55,7654.8,7647.3,7647.3
1788977700000,7647.05,7653.55,7646.05,7651.55
1788978600000,7651.43,7656.3,7648.8,7654.93
1788979500000,7654.8,7656.8,7651.8,7652.05
1788980400000,7651.93,7654.55,7649.55,7652.8
1788981300000,7653.05,7657.05,7652.8,7654.3
1788982200000,7654.55,7655.55,7649.3,7651.3
1788983100000,7651.55,7652.8,7644.55,7648.05
1788984000000,7647.55,7650.3,7645.55,7649.3
1788984900000,7649.55,7649.8,7648.05,7648.55
1788985800000,7648.3,7650.8,7648.05,7650.05
1788986700000,7649.8,7651.55,7649.05,7651.2
1788991200000,7650.95,7654.18,7649.42,7650.18
1788992100000,7650.43,7650.68,7649.17,7649.18
1788993000000,7649.17,7650.93,7649.17,7650.68
1788993900000,7650.67,7651.18,7649.42,7650.17
1788994800000,7650.18,7650.18,7649.42,7649.42
1788995700000,7649.43,7651.18,7648.92,7650.42
1788996600000,7650.67,7651.43,7650.42,7651.18
1788997500000,7651.17,7656.18,7650.42,7655.17
1788998400000,7655.43,7657.93,7653.67,7654.93
1788999300000,7654.92,7659.43,7654.67,7659.17
1789000200000,7659.18,7659.43,7655.42,7657.17
1789001100000,7656.92,7656.93,7650.42,7650.93
1789002000000,7650.92,7653.68,7649.42,7651.18
1789002900000,7650.92,7653.68,7647.92,7648.67
1789003800000,7648.68,7652.93,7647.17,7652.43
1789004700000,7652.18,7655.18,7651.17,7654.68
1789005600000,7654.67,7655.43,7651.67,7654.17
1789006500000,7654.18,7654.18,7651.67,7652.18
1789007400000,7652.17,7658.68,7651.92,7657.43
1789008300000,7657.17,7658.18,7656.17,7657.67
1789009200000,7657.93,7659.68,7657.42,7657.68
1789010100000,7657.67,7659.18,7655.17,7657.17
1789011000000,7657.18,7658.18,7656.42,7657.93
1789011900000,7657.92,7659.68,7657.42,7659.42
1789012800000,7659.68,7660.43,7658.67,7659.93
1789013700000,7659.92,7660.43,7658.42,7659.42
1789014600000,7659.43,7660.93,7658.92,7659.43
1789015500000,7659.42,7663.18,7659.17,7661.92
1789016400000,7662.18,7663.43,7661.17,7663.18
1789017300000,7662.92,7665.93,7662.42,7665.92
1789018200000,7666.17,7667.93,7664.67,7666.18
1789019100000,7665.92,7668.68,7664.17,7666.68
1789020000000,7666.17,7667.93,7664.42,7664.67
1789020900000,7664.93,7666.93,7662.67,7666.67
1789021800000,7666.93,7669.18,7665.92,7667.93
1789022700000,7668.18,7669.43,7666.42,7667.18
1789023600000,7666.92,7667.17,7663.3,7666.05
1789024500000,7665.8,7667.05,7660.8,7660.8
1789025400000,7661.05,7664.05,7659.55,7663.8
1789026300000,7663.55,7664.55,7661.8,7662.55
1789027200000,7662.8,7665.55,7660.8,7661.3
1789028100000,7661.05,7664.05,7659.55,7663.3
1789029000000,7663.55,7664.3,7656.05,7656.55
1789029900000,7656.8,7658.55,7654.55,7655.55
1789030800000,7655.8,7658.55,7654.3,7656.05
1789031700000,7656.18,7657.3,7652.8,7653.55
1789032600000,7653.43,7653.8,7649.05,7653.68
1789033500000,7653.55,7658.05,7653.3,7655.05
1789034400000,7655.3,7657.17,7652.8,7653.8
1789035300000,7653.55,7656.55,7653.55,7654.3
1789036200000,7654.55,7656.55,7650.3,7654.3
1789037100000,7654.55,7659.55,7649.3,7651.55
1789038000000,7651.43,7651.8,7645.8,7648.3
1789038900000,7648.05,7648.8,7645.8,7646.3
1789039800000,7646.42,7651.55,7646.3,7647.8
1789040700000,7647.55,7648.92,7635.17,7635.3
1789041600000,7635.05,7638.05,7631.8,7636.18
1789042500000,7636.3,7636.8,7626.8,7628.8
1789043400000,7629.45,7632.92,7602.05,7605.67
1789044300000,7605.8,7610.05,7600.93,7604.55
1789045200000,7604.8,7612.05,7603.8,7604.05
1789046100000,7603.8,7606.55,7598.45,7601.8
1789047000000,7602.8,7609.8,7597.8,7603.55
1789047900000,7603.8,7612.3,7589.3,7590.05
1789048800000,7589.55,7600.05,7588.8,7596.3
1789049700000,7596.05,7622.93,7593.8,7609.55
1789050600000,7609.8,7618.55,7609.05,7611.05
1789051500000,7610.55,7617.55,7607.05,7616.55
1789052400000,7616.8,7617,7608.05,7613.05
1789053300000,7612.799999999999,7618.4,7608.9,7614.4
1789054200000,7614.65,7622.599999999999,7612.65,7616.849999999999
1789055100000,7617.349999999999,7617.97,7604.95,7608.45
1789056000000,7608.2,7613.7,7601.2,7603.95
1789056900000,7604.2,7607.2,7600.7,7603.7
1789057800000,7603.2,7612,7595.5,7611.12
1789058700000,7611.25,7616.75,7610.25,7615.25
1789059600000,7615,7621.25,7611,7613.25
1789060500000,7613,7615,7608.25,7609.25
1789061400000,7609,7611,7603.5,7607.5
1789062300000,7607.75,7608.75,7605.25,7606.25
1789063200000,7606,7609,7598.3,7600.55
1789064100000,7600.3,7603.8,7598.3,7600.5
1789065000000,7600.25,7602.6,7595.75,7601.3
1789065900000,7601.05,7607.05,7597.3,7600.68
1789066800000,7600.55,7603.05,7596.3,7601.3
1789067700000,7601.55,7602.8,7596.8,7599.55
1789068600000,7599.3,7606.3,7597.8,7603.8
1789069500000,7604.05,7605.92,7599.55,7602.3
1789070400000,7602.92,7609.8,7599.67,7609.55
1789071300000,7609.8,7610.05,7607.05,7607.3
1789072200000,7607.55,7608.55,7607.05,7607.8
1789073100000,7607.92,7609.05,7603.05,7605.45
1789077600000,7605.2,7607.68,7604.42,7606.67
1789078500000,7606.93,7611.43,7605.17,7605.18
1789079400000,7605.17,7606.18,7603.17,7603.17
1789080300000,7603.43,7606.18,7602.42,7603.67
1789081200000,7604.17,7605.68,7603.42,7605.42
1789082100000,7605.43,7605.93,7603.67,7604.43
1789083000000,7604.92,7605.93,7603.92,7605.17
1789083900000,7605.18,7605.43,7598.67,7599.18
1789084800000,7599.17,7610.18,7598.42,7608.68
1789085700000,7608.67,7612.93,7606.92,7612.68
1789086600000,7612.67,7616.43,7609.67,7611.22
1789087500000,7611.4800000000005,7617.93,7611.22,7617.43
1789088400000,7617.42,7620.43,7616.67,7617.42
1789089300000,7617.68,7617.68,7613.17,7613.43
1789090200000,7613.42,7615.68,7611.17,7612.67
1789091100000,7612.93,7614.18,7610.92,7614.18
1789092000000,7614.17,7615.43,7612.67,7614.17
1789092900000,7614.43,7614.43,7608.92,7610.42
1789093800000,7610.43,7610.93,7606.67,7607.17
1789094700000,7607.43,7611.93,7606.92,7607.93
1789095600000,7607.67,7608.18,7603.67,7606.43
1789096500000,7606.17,7607.43,7604.17,7605.67
1789097400000,7605.43,7608.68,7601.92,7607.67
1789098300000,7607.92,7608.43,7603.42,7605.18
1789099200000,7604.92,7611.43,7602.67,7610.67
1789100100000,7610.93,7615.18,7608.67,7614.92
1789101000000,7614.93,7616.68,7614.17,7616.68
1789101900000,7616.67,7618.43,7615.17,7615.43
1789102800000,7615.18,7620.68,7614.92,7620.42
1789103700000,7620.67,7621.18,7615.67,7616.18
1789104600000,7616.43,7624.93,7616.42,7624.43
1789105500000,7624.17,7631.68,7621.67,7630.42
1789106400000,7630.17,7633.43,7626.67,7631.93
1789107300000,7631.92,7633.18,7630.17,7631.18
1789108200000,7631.17,7633.18,7627.92,7630.43
1789109100000,7630.42,7636.43,7630.42,7635.17
1789110000000,7635.18,7637.05,7633.05,7634.55
1789110900000,7634.8,7635.8,7631.3,7631.3
1789111800000,7631.18,7633.05,7629.3,7630.3
1789112700000,7630.05,7631.55,7628.8,7630.8
1789113600000,7631.05,7634.42,7627.3,7631.3
1789114500000,7631.05,7646.3,7630.3,7635.3
1789115400000,7635.55,7642.3,7635.3,7638.55
1789116300000,7638.42,7647.8,7637.8,7647.8
1789117200000,7648.05,7651.18,7641.55,7641.8
1789118100000,7641.55,7644.55,7640.8,7642.8
1789119000000,7643.05,7644.8,7642.93,7643.55
1789119900000,7643.3,7646.3,7643.05,7645.05
1789120800000,7644.8,7649.3,7640.3,7646.55
1789121700000,7646.67,7647.55,7644.05,7645.05
1789122600000,7644.8,7647.55,7644.05,7644.05
1789123500000,7644.18,7644.3,7642.3,7642.8
1789124400000,7643.05,7643.8,7639.8,7640.43
1789125300000,7640.55,7645.42,7639.8,7643.55
1789126200000,7643.67,7644.8,7639.8,7644.8
1789127100000,7644.55,7646.55,7641.8,7645.05
1789128000000,7644.8,7648.18,7641.8,7645.8
1789128900000,7646.05,7659.43,7645.05,7657.93
1789129800000,7657.92,7659.43,7625.92,7650.8
1789130700000,7651.05,7681.55,7649.05,7680.3
1789131600000,7680.55,7687.55,7669.55,7671.3
1789132500000,7671.43,7676.8,7668.8,7669.3
1789133400000,7667.8,7681.8,7664.05,7676.05
1789134300000,7676.3,7685.8,7669.55,7685.05
1789135200000,7684.92,7685.18,7669.43,7670.8
1789136100000,7670.55,7682.8,7668.55,7679.05
1789137000000,7679.3,7679.8,7660.3,7662.05
1789137900000,7661.8,7669.3,7657.55,7661.3
1789138800000,7661.05,7674.3,7659.55,7667.55
1789139700000,7667.8,7684.3,7667.8,7681.8
1789140600000,7681.55,7684.55,7678.05,7683.3
1789141500000,7683.18,7683.3,7675.8,7679.05
1789142400000,7679.3,7684.05,7677.3,7677.8
1789143300000,7677.55,7678.3,7670.55,7671.3
1789144200000,7671.55,7679.55,7670.05,7676.3
1789145100000,7676.05,7678.8,7674.8,7678.3
1789146000000,7678.55,7682.8,7677.05,7677.5
1789146900000,7677.8,7685.3,7677.55,7682.05
1789147800000,7681.8,7684.55,7679.8,7680.55
1789148700000,7680.3,7681.55,7678.05,7679.05
1789149600000,7679.3,7681.8,7677.05,7677.55
1789150500000,7677.3,7679.05,7673.05,7676.05
1789151400000,7676.3,7677.8,7672.8,7673.3
1789152300000,7673.05,7675.55,7671.3,7672.05
1789153200000,7672.25,7673.68,7667.3,7671
1789154100000,7670.87,7674.5,7670.2,7672
1789155000000,7672.25,7672.87,7670.13,7671.75
1789155900000,7671.25,7672,7661.75,7663.25
1789156800000,7663,7666,7662.75,7664.75
1789157700000,7664.87,7665.75,7663.63,7665
1789158600000,7664.75,7667.5,7664.13,7665.12
1789159500000,7665.25,7665.87,7664,7664.9
1789336800000,7614.3,7631.530000000001,7613.52,7617.780000000001
1789337700000,7617.77,7624.780000000001,7614.77,7624.780000000001
1789338600000,7624.530000000001,7628.280000000001,7622.77,7622.77
1789339500000,7622.780000000001,7626.030000000001,7622.27,7624.280000000001
1789340400000,7624.27,7625.780000000001,7623.02,7625.530000000001
1789341300000,7625.52,7630.530000000001,7624.52,7630.52
1789342200000,7630.530000000001,7631.280000000001,7623.52,7624.530000000001
1789343100000,7624.27,7625.030000000001,7620.27,7621.030000000001
1789344000000,7621.02,7628.780000000001,7619.77,7626.52
1789344900000,7626.780000000001,7628.780000000001,7623.02,7625.27
1789345800000,7625.52,7628.780000000001,7624.52,7628.52
1789346700000,7628.780000000001,7630.280000000001,7627.02,7627.280000000001
1789347600000,7627.02,7631.280000000001,7625.77,7627.780000000001
1789348500000,7627.77,7629.780000000001,7625.77,7629.27
1789349400000,7629.530000000001,7633.530000000001,7627.27,7632.27
1789350300000,7632.530000000001,7640.280000000001,7632.27,7638.530000000001
1789351200000,7638.52,7639.780000000001,7637.02,7638.02
1789352100000,7638.280000000001,7638.780000000001,7637.27,7637.780000000001
1789353000000,7637.530000000001,7638.780000000001,7634.52,7635.030000000001
1789353900000,7634.77,7637.780000000001,7634.52,7635.530000000001
1789354800000,7635.27,7635.280000000001,7631.27,7631.52
1789355700000,7631.780000000001,7632.530000000001,7630.02,7632.27
1789356600000,7632.28,7632.28,7628.28,7628.78
1789357500000,7628.77,7630.030000000001,7627.52,7628.280000000001
1789358400000,7628.27,7630.280000000001,7627.02,7627.02
1789359300000,7627.280000000001,7628.780000000001,7626.77,7628.030000000001
1789360200000,7627.780000000001,7628.780000000001,7625.27,7626.030000000001
1789361100000,7626.02,7629.280000000001,7625.52,7626.030000000001
1789362000000,7626.02,7627.280000000001,7624.77,7626.530000000001
1789362900000,7626.27,7626.530000000001,7622.27,7625.030000000001
1789363800000,7625.02,7626.780000000001,7621.27,7623.030000000001
1789364700000,7623.02,7626.280000000001,7621.52,7626.030000000001
1789365600000,7626.02,7630.530000000001,7625.77,7629.280000000001
1789366500000,7629.02,7630.030000000001,7626.52,7627.02
1789367400000,7627.030000000001,7627.030000000001,7618.27,7620.27
1789368300000,7620.530000000001,7621.780000000001,7614.02,7615.77
1789369200000,7615.780000000001,7621.650000000001,7613.27,7620.650000000001
1789370100000,7620.5199999999995,7621.4,7616.65,7617.5199999999995
1789371000000,7617.4,7619.28,7611.65,7612.4
1789371900000,7612.15,7615.4,7610.15,7614.65
1789372800000,7614.9,7619.65,7613.4,7616.4
1789373700000,7616.65,7616.65,7609.9,7609.9
1789374600000,7609.65,7616.2699999999995,7609.65,7613.9
1789375500000,7613.78,7614.9,7608.15,7614.15
1789376400000,7614.03,7615.65,7605.9,7607.28
1789377300000,7607.15,7607.4,7599.9,7605.4
1789378200000,7605.53,7607.4,7600.65,7601.15
1789379100000,7600.900000000001,7605.150000000001,7600.52,7602.900000000001
1789380000000,7602.65,7607.0199999999995,7602.28,7605.53
1789380900000,7605.4,7610.65,7602.4,7610.15
1789381800000,7610.4,7614.9,7609.4,7613.65
1789382700000,7613.7699999999995,7616.9,7612.65,7615.4
1789383600000,7615.15,7619.9,7612.9,7617.9
1789384500000,7618.03,7623.65,7617.9,7623.03
1789385400000,7623.15,7623.9,7616.65,7621.15
1789386300000,7621.030000000001,7622.650000000001,7617.27,7617.400000000001
1789387200000,7617.53,7618.15,7612.53,7615.78
1789388100000,7615.65,7620.65,7613.4,7615.65
1789389000000,7615.5199999999995,7618.15,7602.15,7613.15
1789389900000,7612.9,7614.65,7607.28,7612.15
1789390800000,7612.28,7612.5199999999995,7602.4,7611.9
1789391700000,7612.15,7615.15,7610.4,7611.9
1789392600000,7612.28,7617.4,7606.9,7616.4
1789393500000,7616.65,7628.4,7616.4,7621.9
1789394400000,7621.78,7633.4,7621.4,7626.4
1789395300000,7626.65,7628.65,7604.15,7610.15
1789396200000,7609.9,7613.15,7602.9,7608.65
1789397100000,7608.53,7612.4,7601.15,7607.65
1789398000000,7607.78,7620.4,7603.4,7608.4
1789398900000,7608.15,7620.9,7607.15,7618.15
1789399800000,7617.65,7645.15,7616.9,7643.9
1789400700000,7644.15,7644.4,7635.65,7640.9
1789401600000,7640.78,7642.4,7634.9,7637.65
1789402500000,7638.15,7649.15,7638.15,7642.9
1789403400000,7643.15,7646.9,7641.15,7645.9
1789404300000,7645.78,7658.4,7643.4,7651.65
1789405200000,7651.53,7653.4,7644.4,7644.4
1789406100000,7644.2699999999995,7650.15,7641.78,7649.9
1789407000000,7650.15,7651.4,7647.9,7648.9
1789407900000,7649.15,7651.4,7646.15,7646.15
1789408800000,7646.4,7651.0199999999995,7643.9,7646.4
1789409700000,7646.65,7647.65,7642.15,7643.15
1789410600000,7643.4,7648.15,7642.65,7646.65
1789411500000,7646.78,7648.65,7644.15,7644.4
1789412400000,7644.65,7645.4,7639.4,7643.65
1789413300000,7643.4,7643.4,7639.65,7640.65
1789414200000,7640.53,7642.65,7638.9,7639.4
1789415100000,7639.28,7641.65,7629.9,7631.4
1789416000000,7631.65,7633.4,7629.5,7631.25
1789416900000,7631.12,7634.5,7628.5,7634.25
1789417800000,7634.5,7634.5,7632.75,7634
1789418700000,7633.87,7638.9,7633.87,7638.9
1789423200000,7637.25,7637.5,7634.22,7635.2300000000005
1789424100000,7635.22,7635.9800000000005,7633.47,7634.72
1789425000000,7634.9800000000005,7635.7300000000005,7633.72,7634.2300000000005
1789425900000,7634.4800000000005,7636.9800000000005,7634.22,7635.2300000000005
1789426800000,7634.72,7635.9800000000005,7633.47,7635.4800000000005
1789427700000,7635.47,7635.7300000000005,7632.97,7633.47
1789428600000,7633.4800000000005,7635.7300000000005,7633.47,7634.47
1789429500000,7634.7300000000005,7634.9800000000005,7632.47,7634.4800000000005
1789430400000,7634.7300000000005,7635.9800000000005,7630.47,7634.4800000000005
1789431300000,7634.22,7635.2300000000005,7630.97,7633.22
1789432200000,7633.4800000000005,7638.4800000000005,7632.47,7637.72
1789433100000,7637.9800000000005,7638.9800000000005,7635.72,7636.22
1789434000000,7636.2300000000005,7639.4800000000005,7634.72,7638.72
1789434900000,7638.7300000000005,7639.4800000000005,7636.22,7636.47
1789435800000,7636.7300000000005,7636.9800000000005,7628.47,7630.4800000000005
1789436700000,7630.47,7633.4800000000005,7629.22,7631.9800000000005
1789437600000,7631.72,7633.9800000000005,7630.97,7631.97
1789438500000,7631.9800000000005,7632.2300000000005,7629.72,7630.9800000000005
1789439400000,7630.97,7631.7300000000005,7628.47,7629.2300000000005
1789440300000,7629.22,7630.4800000000005,7628.47,7628.9800000000005
1789441200000,7628.72,7630.2300000000005,7626.22,7627.22
1789442100000,7627.2300000000005,7627.9800000000005,7625.97,7626.47
1789443000000,7626.7300000000005,7627.2300000000005,7625.47,7626.22
1789443900000,7626.4800000000005,7626.9800000000005,7620.22,7620.7300000000005
1789444800000,7620.4800000000005,7622.9800000000005,7618.72,7618.97
1789445700000,7619.2300000000005,7619.4800000000005,7613.3,7614.8
1789446600000,7615.05,7616.05,7611.05,7614.8
1789447500000,7614.55,7616.05,7608.05,7608.05
1789448400000,7607.8,7610.55,7603.8,7604.8
1789449300000,7604.55,7608.05,7602.55,7607.55
1789450200000,7607.3,7613.78,7605.05,7613.27
1789451100000,7613.530000000001,7618.030000000001,7612.02,7613.52
1789452000000,7613.780000000001,7616.780000000001,7611.77,7613.530000000001
1789452900000,7613.27,7614.530000000001,7610.52,7610.780000000001
1789453800000,7610.530000000001,7611.030000000001,7606.27,7606.780000000001
1789454700000,7606.77,7608.530000000001,7603.22,7605.72
1789455600000,7605.97,7608.35,7598.85,7599.6
1789456500000,7599.1,7607.1,7598.85,7603.6
1789457400000,7603.85,7605.1,7594.6,7594.85
1789458300000,7594.7300000000005,7597.85,7592.1,7597.1
1789459200000,7596.85,7597.1,7583.35,7591.3
1789460100000,7591.55,7598.05,7589.3,7592.05
1789461000000,7592.3,7593.05,7587.8,7588.42
1789461900000,7588.3,7591.8,7587.43,7589.17
1789462800000,7589.05,7591.3,7586.3,7588.3
1789463700000,7588.05,7590.43,7583.8,7590.05
1789464600000,7590.17,7597.05,7588.8,7595.8
1789465500000,7595.55,7604.55,7595.55,7604.3
1789466400000,7604.55,7609.8,7602.93,7605.8
1789467300000,7605.67,7607.3,7603.3,7606.55
1789468200000,7606.43,7612.18,7605.18,7610.3
1789469100000,7610.05,7616.05,7608.8,7614.18
1789470000000,7614.3,7618.55,7613.3,7617.05
1789470900000,7617.3,7619.55,7615.55,7616.3
1789471800000,7616.05,7618.05,7613.68,7616.3
1789472700000,7616.05,7620.3,7615.8,7620.05
1789473600000,7619.8,7622.55,7617.3,7621.8
1789474500000,7621.55,7622.92,7616.8,7621.3
1789475400000,7621.18,7624.55,7618.05,7622.3
1789476300000,7622.05,7635.55,7621.55,7627.3
1789477200000,7627.05,7630.8,7626.3,7626.8
1789478100000,7626.55,7631.3,7622.8,7622.8
1789479000000,7622.55,7625.05,7608.55,7620.55
1789479900000,7620.8,7622.8,7612.8,7616.55
1789480800000,7616.3,7616.3,7599.8,7600.55
1789481700000,7600.3,7605.05,7592.3,7595.05
1789482600000,7595.3,7596.8,7589.05,7592.3
1789483500000,7592.55,7594.05,7581.8,7584.55
1789484400000,7585.05,7593.05,7585.05,7589.8
1789485300000,7589.67,7595.3,7588.05,7595.05
1789486200000,7595.3,7597.8,7589.55,7595.55
1789487100000,7595.3,7595.8,7589.3,7591.05
1789488000000,7591.3,7593.55,7586.55,7587.8
1789488900000,7587.55,7599.05,7587.05,7596.05
1789489800000,7595.8,7598.3,7593.3,7596.3
1789490700000,7596.05,7600.8,7593.6,7597.55
1789491600000,7597.3,7598.55,7590.55,7591.3
1789492500000,7591.05,7591.3,7586.05,7588.8
1789493400000,7589.05,7592.8,7588.3,7591.8
1789494300000,7592.05,7594.3,7589.55,7593.55
1789495200000,7593.8,7600.05,7591.8,7598.3
1789496100000,7598.55,7599.05,7594,7597.3
1789497000000,7597.05,7597.05,7591.8,7592.3
1789497900000,7592.55,7595.55,7587.8,7595.3
1789498800000,7595.55,7596.8,7591.3,7592.05
1789499700000,7592.3,7593.3,7590.05,7590.8
1789500600000,7590.55,7591.55,7586.05,7588.3
1789501500000,7588.05,7595.8,7587.05,7594.8
1789502400000,7595.05,7603.05,7595.05,7602.55
1789503300000,7602.3,7602.8,7601.3,7601.55
1789504200000,7602.05,7603.3,7601.3,7601.8
1789505100000,7601.55,7602.55,7601.3,7601.7
1789509600000,7601.65,7603.15,7600.62,7600.88
1789510500000,7600.87,7602.63,7600.37,7601.88
1789511400000,7601.87,7605.38,7601.62,7604.62
1789512300000,7604.63,7605.88,7604.37,7605.37
1789513200000,7605.38,7605.63,7603.37,7603.38
1789514100000,7603.37,7603.38,7601.62,7601.62
1789515000000,7601.63,7605.38,7601.37,7604.63
1789515900000,7604.62,7605.38,7603.62,7604.37
1789516800000,7604.12,7605.88,7602.12,7605.12
1789517700000,7605.38,7605.88,7603.37,7605.13
1789518600000,7604.87,7605.88,7602.62,7603.38
1789519500000,7603.12,7605.38,7602.62,7603.88
1789520400000,7603.87,7605.38,7598.87,7605.12
1789521300000,7604.87,7606.63,7603.87,7604.62
1789522200000,7604.88,7604.88,7600.62,7601.38
1789523100000,7601.12,7602.88,7597.62,7598.13
1789524000000,7597.87,7602.88,7597.87,7599.63
1789524900000,7599.62,7605.13,7599.37,7604.87
1789525800000,7604.88,7607.13,7603.13,7603.87
1789526700000,7603.88,7607.13,7603.87,7606.88
1789527600000,7606.87,7612.13,7606.87,7611.37
1789528500000,7611.63,7617.13,7611.37,7612.62
1789529400000,7612.63,7613.13,7608.87,7611.12
1789530300000,7611.13,7612.88,7610.87,7611.37
1789531200000,7611.63,7613.13,7611.12,7611.12
1789532100000,7611.38,7612.13,7609.37,7609.63
1789533000000,7609.37,7609.88,7606.12,7606.88
1789533900000,7606.87,7609.13,7606.62,7606.88
1789534800000,7606.87,7608.88,7604.62,7608.13
1789535700000,7608.12,7610.38,7607.62,7610.12
1789536600000,7610.13,7612.38,7608.62,7612.38
1789537500000,7612.12,7612.63,7608.62,7609.63
1789538400000,7609.37,7613.88,7608.37,7612.63
1789539300000,7612.37,7613.38,7608.62,7610.63
1789540200000,7610.13,7611.13,7608.37,7609.87
1789541100000,7610.13,7613.13,7608.37,7612.62
1789542000000,7612.38,7616.75,7611.37,7615.25
1789542900000,7615.37,7615.75,7610.75,7613.5
1789543800000,7613.75,7615.75,7610.75,7611.25
1789544700000,7611.5,7612,7608.75,7609.63
1789545600000,7609.75,7610,7602.5,7605
1789546500000,7604.75,7610.75,7604.25,7607.38
1789547400000,7607.25,7609.75,7604.5,7609
1789548300000,7609.25,7612.25,7607.75,7611.5
1789549200000,7611.37,7612.5,7608,7608.25
1789550100000,7608.5,7609.75,7604.38,7606.37
1789551000000,7606.25,7613.5,7605.75,7612.5
1789551900000,7612.38,7613.75,7609.5,7612
1789552800000,7612.12,7612.75,7608.5,7610.75
1789553700000,7611,7612,7609.25,7610.9
1789554600000,7611.15,7611.9,7610.03,7611.65
1789555500000,7611.5199999999995,7615.15,7609.9,7615.15
1789556400000,7615.03,7619.65,7611.65,7611.9
1789557300000,7611.78,7614.4,7610.4,7613.4
1789558200000,7613.65,7619.4,7613.15,7618.4
1789559100000,7618.28,7621.65,7617.9,7621.4
1789560000000,7621.5199999999995,7624.65,7620.65,7621.4
1789560900000,7621.65,7622.4,7617.9,7621.9
1789561800000,7622.15,7622.4,7613.15,7613.4
1789562700000,7613.15,7619.15,7612.4,7618.15
1789563600000,7617.28,7619.2699999999995,7611.4,7618.65
1789564500000,7618.4,7620.4,7614.9,7614.9
1789565400000,7614.78,7616.9,7607.4,7608.65
1789566300000,7607.65,7624.65,7607.65,7622.4
1789567200000,7622.9,7624.65,7611.4,7615.9
1789568100000,7615.9,7617.4,7607.78,7609.9
1789569000000,7610.03,7619.15,7608.15,7618.9
1789569900000,7618.65,7623.15,7616.4,7622.65
1789570800000,7623.15,7630.9,7622.15,7628.15
1789571700000,7628.4,7628.9,7623.4,7624.15
1789572600000,7624.4,7626.4,7620.4,7625.95
1789573500000,7625.7,7636.9,7625.2,7626.75
1789574400000,7627,7627.25,7621.75,7623.75
1789575300000,7623.5,7624.5,7618.25,7621
1789576200000,7620.75,7621.75,7615.95,7618.2
1789577100000,7618.45,7620.95,7616.45,7616.95
1789578000000,7617.2,7617.2,7611.7,7616.45
1789578900000,7616.2,7618.45,7614.45,7618.45
1789579800000,7618.7,7619.7,7611.95,7612.2
1789580700000,7612.45,7621.58,7612.45,7621.08
1789581600000,7621.57,7631.45,7606.82,7618.95
1789582500000,7618.7,7622.7,7606.95,7616.08
1789583400000,7615.7,7620.7,7578.7,7609.2
1789584300000,7608.95,7614.08,7555.32,7556.2
1789585200000,7556.7,7570.7,7528.7,7530.2
1789586100000,7530.08,7538.2,7512.95,7529.45
1789587000000,7529.2,7545.45,7528.2,7538.7
1789587900000,7538.32,7562.75,7538.2,7559.5
1789588800000,7560,7563.75,7558.25,7559.75
1789589700000,7560,7560.75,7555.25,7558.25
1789590600000,7558.13,7560.75,7556.75,7559.25
1789591500000,7559,7560.75,7556.5,7559.65
1789596000000,7561.599999999999,7565.33,7556.32,7564.83
1789596900000,7564.82,7571.08,7564.32,7570.82
1789597800000,7570.83,7578.33,7570.82,7577.07
1789598700000,7577.08,7577.83,7573.32,7575.33
1789599600000,7574.82,7578.58,7574.57,7577.07
1789600500000,7577.33,7585.83,7577.32,7583.82
1789601400000,7583.83,7591.08,7583.82,7591.08
1789602300000,7590.82,7595.83,7590.32,7595.82
1789603200000,7596.08,7600.83,7594.57,7594.57
1789604100000,7594.58,7598.83,7592.57,7595.33
1789605000000,7595.32,7606.08,7595.32,7603.82
1789605900000,7604.08,7604.33,7598.57,7602.83
1789606800000,7602.57,7606.33,7599.32,7602.33
1789607700000,7602.07,7603.08,7600.82,7601.57
1789608600000,7601.83,7605.33,7598.32,7602.08
1789609500000,7601.820000000001,7602.830000000001,7596.77,7598.580000000001
1789610400000,7598.83,7603.08,7598.32,7600.32
1789611300000,7600.58,7603.83,7600.07,7602.58
1789612200000,7602.57,7608.33,7602.32,7607.33
1789613100000,7607.07,7607.33,7603.57,7603.82
1789614000000,7604.08,7606.08,7603.32,7606.08
1789614900000,7605.82,7606.83,7603.57,7606.57
1789615800000,7606.58,7608.58,7605.32,7608.07
1789616700000,7608.33,7608.58,7605.32,7607.58
1789617600000,7607.82,7608.83,7605.82,7606.83
1789618500000,7606.57,7606.83,7604.07,7605.82
1789619400000,7606.08,7608.58,7604.82,7607.32
1789620300000,7607.58,7609.08,7605.07,7605.82
1789621200000,7605.83,7606.08,7602.82,7603.07
1789622100000,7603.08,7603.83,7600.82,7602.07
1789623000000,7602.08,7602.58,7597.57,7597.57
1789623900000,7597.83,7598.83,7594.82,7595.83
1789624800000,7595.57,7603.08,7595.32,7600.08
1789625700000,7600.07,7609.83,7596.82,7609.83
1789626600000,7609.32,7615.33,7609.32,7614.83
1789627500000,7614.57,7616.08,7612.82,7613.82
1789628400000,7613.83,7622.45,7612.2,7618.95
1789629300000,7618.45,7625.45,7617.45,7625.2
1789630200000,7625.45,7627.2,7623.2,7624.45
1789631100000,7624.2,7624.95,7617.45,7618.7
1789632000000,7618.57,7620.2,7612.2,7612.95
1789632900000,7612.7,7616.95,7609.95,7616.2
1789633800000,7616.45,7619.2,7614.7,7617.7
1789634700000,7617.45,7623.15,7617.33,7621.7
1789635600000,7621.83,7627.7,7621.7,7625.45
1789636500000,7625.33,7626.2,7621.95,7622.2
1789637400000,7622.45,7625.45,7622.2,7622.2