time,open,high,low,close
1783017000000,4122.89,4126.96,4121.25,4121.28
1783017900000,4121.2300000000005,4124.29,4119.89,4122.58
1783018800000,4122.9,4124.4,4113.21,4114.46
1783019700000,4114.37,4114.900000000001,4108.14,4112.610000000001
1783020600000,4112.62,4114.78,4111.04,4113.41
1783021500000,4113.62,4124.0599999999995,4112.74,4121.3099999999995
1783022400000,4121.28,4122.2699999999995,4116.32,4119.92
1783023300000,4119.95,4125.04,4119.13,4123.55
1783024200000,4123.540000000001,4125.070000000001,4120.77,4120.77
1783025100000,4120.82,4124.25,4118.63,4123.82
1783029600000,4126.13,4128.03,4124.5,4124.51
1783030500000,4124.849999999999,4125.29,4122.62,4124.3099999999995
1783031400000,4124.320000000001,4126.3,4122.55,4123.05
1783032300000,4123.0599999999995,4126.45,4122.78,4124.61
1783033200000,4124.62,4127.1900000000005,4124.34,4125.400000000001
1783034100000,4125.44,4130.29,4124.33,4129.8099999999995
1783035000000,4129.82,4132.67,4121.13,4124.76
1783035900000,4124.79,4131.7699999999995,4124.44,4126.32
1783036800000,4126.06,4136.860000000001,4122.93,4134.900000000001
1783037700000,4134.92,4140.83,4131.72,4137.17
1783038600000,4137.2,4139.66,4133.09,4136.38
1783039500000,4136.28,4151.01,4135.45,4147.13
1783040400000,4147.14,4179.22,4146.62,4176.11
1783041300000,4176.469999999999,4194.389999999999,4174.07,4187.57
1783042200000,4187.42,4195.38,4179.33,4179.78
1783043100000,4179.75,4183.950000000001,4175.27,4182.22
1783044000000,4182.39,4184.370000000001,4177.1,4179.43
1783044900000,4179.4,4181.179999999999,4176.49,4179.13
1783045800000,4179.12,4186.84,4178.05,4183.26
1783046700000,4183.29,4186.52,4178.88,4183.45
1783047600000,4183.25,4184.5,4179.73,4182.719999999999
1783048500000,4182.7,4183.57,4179.25,4181.42
1783049400000,4181.5,4183.18,4177.29,4177.37
1783050300000,4177.379999999999,4179.3099999999995,4175.23,4176
1783051200000,4175.95,4178.94,4173.24,4177.71
1783052100000,4177.66,4182.8,4176.63,4178.4800000000005
1783053000000,4178.5,4178.69,4175.32,4177.21
1783053900000,4177.22,4178.85,4174.56,4178.81
1783054800000,4178.79,4181.1900000000005,4176.97,4178.27
1783055700000,4178.21,4179.22,4173.02,4176.080000000001
1783056600000,4176.13,4181.75,4173.12,4175.11
1783057500000,4175.14,4176.45,4169.25,4171.16
1783058400000,4171.2,4171.7,4162.09,4162.39
1783059300000,4162.419999999999,4167.169999999999,4160.44,4164.78
1783060200000,4164.79,4173.63,4164.42,4171.07
1783061100000,4171.080000000001,4174.43,4170.27,4173.1
1783062000000,4173.09,4181.17,4171.25,4174.08
1783062900000,4174,4175.82,4169.2,4175.34
1783063800000,4175.39,4179.67,4173.79,4179.48
1783064700000,4179.47,4181.570000000001,4174.85,4177.150000000001
1783065600000,4177.37,4185.79,4177.37,4184.01
1783066500000,4184.0199999999995,4185.389999999999,4181.23,4183.23
1783067400000,4183.03,4186.45,4180.62,4184.12
1783068300000,4184.13,4185.4400000000005,4176.89,4181
1783069200000,4180.969999999999,4181.589999999999,4175.86,4180.3099999999995
1783070100000,4180.37,4180.44,4171.24,4171.92
1783071000000,4171.820000000001,4172.97,4168.43,4172.16
1783071900000,4172.19,4175.01,4171.54,4171.96
1783072800000,4171.93,4180.7,4170.62,4179.76
1783073700000,4179.71,4181.110000000001,4178.02,4178.4800000000005
1783074600000,4178.47,4178.96,4175.42,4177.67
1783075500000,4177.72,4178.71,4174.68,4177.1
1783076400000,4176.97,4183.82,4175.59,4183.3
1783077300000,4183.37,4186.0599999999995,4182.65,4183.0599999999995
1783078200000,4182.97,4185.900000000001,4182.59,4185.360000000001
1783079100000,4185.35,4186.38,4178.54,4180.95
1783080000000,4180.94,4183.19,4177.91,4177.99
1783080900000,4177.97,4178.27,4172.13,4174.72
1783081800000,4174.75,4177.610000000001,4172.89,4174.9400000000005
1783082700000,4174.95,4177.55,4172.25,4176.83
1783083600000,4177.12,4179.26,4164.5,4166.65
1783084500000,4166.64,4172.23,4166.58,4171.58
1783085400000,4171.599999999999,4171.849999999999,4165.07,4166.95
1783086300000,4166.9400000000005,4168.84,4163.52,4164.68
1783087200000,4164.69,4167.12,4155.32,4162.21
1783088100000,4162.16,4166.78,4161.2,4166.179999999999
1783089000000,4166.16,4167.28,4163.42,4163.93
1783089900000,4163.9,4171.17,4163.65,4169.79
1783090800000,4169.92,4174.1,4168.64,4172.240000000001
1783091700000,4172.13,4174.37,4166.97,4167.4400000000005
1783092600000,4167.43,4168.88,4166.04,4167.75
1783093500000,4167.73,4168.9,4164.48,4164.9
1783094400000,4164.81,4165.77,4163.06,4164.18
1783095300000,4164.12,4167.56,4162.8,4166.72
1783096200000,4166.73,4170.48,4166.73,4170.169999999999
1783097100000,4170.22,4176.39,4169.77,4174.870000000001
1783288800000,4176.820000000001,4185.59,4172.56,4181.18
1783289700000,4181.16,4185.85,4177.13,4184.97
1783290600000,4184.3,4191.46,4183.05,4188.74
1783291500000,4188.59,4189.85,4183.17,4188.15
1783292400000,4188.139999999999,4191.44,4186.74,4187.42
1783293300000,4187.43,4201.849999999999,4186.62,4200.38
1783294200000,4200.35,4201.35,4193.42,4196.36
1783295100000,4196.26,4197.17,4177.56,4183.150000000001
1783296000000,4183.9,4185.39,4170.58,4174.93
1783296900000,4174.8,4181.610000000001,4171.18,4174.51
1783297800000,4174.54,4187.37,4174.11,4185.86
1783298700000,4185.85,4188.91,4174.92,4179.53
1783299600000,4178.97,4192.51,4172.58,4188.78
1783300500000,4188.75,4192.8,4180.54,4189.43
1783301400000,4189.5,4200.46,4187.51,4198.18
1783302300000,4198.0199999999995,4202.75,4185.11,4186.08
1783303200000,4186.38,4187.79,4177.03,4180.84
1783304100000,4180.860000000001,4186.01,4175.84,4177.67
1783305000000,4178.07,4178.65,4168.57,4172.42
1783305900000,4172.61,4175.929999999999,4169.94,4174.129999999999
1783306800000,4174.08,4176.26,4165.47,4166.5
1783307700000,4166.450000000001,4167.820000000001,4162.6,4165.97
1783308600000,4165.719999999999,4169.219999999999,4161.61,4162.78
1783309500000,4162.79,4166.83,4161,4165.22
1783310400000,4165.16,4166.61,4161.12,4163.41
1783311300000,4163.39,4164.5,4160.22,4161.16
1783312200000,4161.2699999999995,4162.349999999999,4157.36,4160.219999999999
1783313100000,4160.23,4161.17,4158.15,4159.7
1783314000000,4159.75,4161.04,4151.29,4152.18
1783314900000,4152.15,4154.45,4150.58,4152.75
1783315800000,4152.72,4160.410000000001,4149.6,4155.400000000001
1783316700000,4155.38,4156.900000000001,4144.76,4148.02
1783317600000,4148.01,4152.27,4145.76,4151.96
1783318500000,4151.89,4156.650000000001,4147.89,4156.47
1783319400000,4156.44,4159.469999999999,4153.28,4155.79
1783320300000,4155.71,4156.8099999999995,4148.94,4150.389999999999
1783321200000,4150.75,4153.46,4147.18,4150.91
1783322100000,4150.9400000000005,4155.7300000000005,4150.34,4152.84
1783323000000,4152.83,4164.26,4151.13,4163.5
1783323900000,4163.51,4166.2,4162.05,4164.46
1783324800000,4164.76,4166,4157.2,4158
1783325700000,4158.01,4158.530000000001,4153.52,4155.39
1783326600000,4155.24,4155.99,4148.5,4149.03
1783327500000,4149.04,4152.860000000001,4147.09,4150.39
1783328400000,4150.37,4151.24,4147.82,4149.679999999999
1783329300000,4149.48,4149.79,4141.54,4143.57
1783330200000,4143.09,4143.2300000000005,4136.52,4139.400000000001
1783331100000,4139.16,4144.73,4139.16,4143.19
1783332000000,4143.2,4148.549999999999,4142.15,4148.33
1783332900000,4148.280000000001,4150.75,4147.51,4148.87
1783333800000,4148.86,4155.599999999999,4148.78,4154.34
1783334700000,4154.360000000001,4155.76,4152.43,4154.88
1783335600000,4155.08,4156.23,4151.44,4154.8099999999995
1783336500000,4154.79,4159.54,4153.65,4154.91
1783337400000,4154.92,4158.76,4152.56,4153.570000000001
1783338300000,4153.639999999999,4155.849999999999,4151.95,4155.24
1783339200000,4155.429999999999,4158.41,4153.69,4156.089999999999
1783340100000,4156.1,4157.52,4145.26,4145.74
1783341000000,4145.82,4146.28,4131.5,4133.36
1783341900000,4133.37,4142.6900000000005,4133.22,4139.52
1783342800000,4139.58,4148.339999999999,4136.98,4141.28
1783343700000,4141.259999999999,4148.679999999999,4138.61,4142.2699999999995
1783344600000,4142.17,4150.36,4142.04,4149.22
1783345500000,4149.179999999999,4149.509999999999,4136.86,4140.82
1783346400000,4140.22,4147.14,4133.63,4140.47
1783347300000,4140.820000000001,4140.820000000001,4132.52,4137.17
1783348200000,4137.19,4141.73,4128.49,4130.15
1783349100000,4130.110000000001,4138.16,4129.01,4138.09
1783350000000,4138.1,4146.56,4137.51,4139.71
1783350900000,4139.650000000001,4150.97,4138.68,4150.5
1783351800000,4150.549999999999,4151.9,4147.07,4149.88
1783352700000,4149.95,4150.47,4144.83,4148.3099999999995
1783353600000,4148.28,4148.43,4140.41,4140.53
1783354500000,4140.78,4146.4,4140.23,4145.54
1783355400000,4145.52,4150.3,4145.27,4149.330000000001
1783356300000,4149.39,4156.21,4148.75,4155.08
1783357200000,4155.27,4156.1900000000005,4152.35,4153.5
1783358100000,4153.49,4159.52,4150.3,4155.4400000000005
1783359000000,4155.6,4159.28,4154.84,4156.7300000000005
1783359900000,4156.7,4161.57,4156.23,4161.36
1783360800000,4161.200000000001,4161.910000000001,4155.39,4158.150000000001
1783361700000,4158.43,4163.04,4158.37,4161.72
1783362600000,4161.71,4167.469999999999,4159.74,4164.099999999999
1783363500000,4164.13,4165.21,4162.11,4163.86
1783364400000,4164.04,4165.379999999999,4158.98,4159.36
1783365300000,4159.38,4163.25,4158.85,4162.83
1783366200000,4162.82,4163.04,4159.73,4161.209999999999
1783367100000,4161.200000000001,4165.070000000001,4161.18,4163.72
1783368000000,4163.86,4164.54,4160.98,4160.98
1783368900000,4160.990000000001,4163.240000000001,4160.72,4162.95
1783369800000,4162.94,4164.79,4162.73,4163.0599999999995
1783370700000,4162.95,4164.97,4162.95,4164.97
1783375200000,4166.86,4167.61,4163.66,4165.97
1783376100000,4166.04,4167.349999999999,4165.15,4166.07
1783377000000,4166.37,4168.42,4166.11,4167.23
1783377900000,4167.22,4167.67,4164.09,4164.21
1783378800000,4164.18,4165.66,4163.05,4165.5
1783379700000,4165.48,4165.61,4162.99,4163.219999999999
1783380600000,4163.1900000000005,4165.26,4160.89,4161.92
1783381500000,4161.91,4163.639999999999,4156.94,4157.41
1783382400000,4157.39,4158.34,4152.81,4155.97
1783383300000,4156.16,4160.639999999999,4151.95,4159.84
1783384200000,4159.82,4162.65,4148.33,4149.6
1783385100000,4149.66,4153.780000000001,4145.26,4145.99
1783386000000,4145.39,4147.99,4137.84,4141.64
1783386900000,4141.63,4142.82,4125.79,4132.73
1783387800000,4132.660000000001,4142.21,4132.27,4142.070000000001
1783388700000,4142.12,4146.19,4140.62,4141.89
1783389600000,4141.879999999999,4144.389999999999,4137.65,4142.49
1783390500000,4142.5199999999995,4145.25,4138.08,4140.61
1783391400000,4140.450000000001,4144.280000000001,4136.18,4139.55
1783392300000,4139.53,4139.67,4131.24,4136.58
1783393200000,4136.84,4139.95,4134.99,4136.7
1783394100000,4136.54,4137.71,4129.15,4132.16
1783395000000,4132.1,4134.92,4127.17,4129.66
1783395900000,4129.68,4131.51,4124.41,4131.08
1783396800000,4131.14,4141.22,4130.35,4136.360000000001
1783397700000,4136.38,4137.34,4130.81,4132.2300000000005
1783398600000,4132.19,4132.37,4128.75,4128.76
1783399500000,4128.7699999999995,4131.19,4125.91,4126.68
1783400400000,4126.74,4131.299999999999,4122.15,4122.37
1783401300000,4122.42,4128.53,4120.9,4128.3099999999995
1783402200000,4128.29,4128.43,4116.59,4122.57
1783403100000,4122.530000000001,4127.2300000000005,4120.31,4123.89
1783404000000,4123.9,4129.4,4121.48,4123.5599999999995
1783404900000,4123.57,4129.639999999999,4123.23,4126.639999999999
1783405800000,4126.599999999999,4132.36,4124.82,4132.36
1783406700000,4132.39,4132.910000000001,4128.39,4130.4400000000005
1783407600000,4130.42,4131.25,4124.37,4129.59
1783408500000,4129.38,4132.17,4126.03,4126.62
1783409400000,4126.61,4131.139999999999,4125.82,4130.13
1783410300000,4130.1,4133.52,4124.5,4124.75
1783411200000,4124.79,4139.25,4124.78,4136.95
1783412100000,4136.969999999999,4138.709999999999,4133.98,4138.5199999999995
1783413000000,4138.610000000001,4138.95,4128.8,4131.17
1783413900000,4131.160000000001,4131.160000000001,4121.89,4126.030000000001
1783414800000,4125.9800000000005,4128.910000000001,4124.52,4127.490000000001
1783415700000,4127.41,4130.929999999999,4119.82,4121.53
1783416600000,4121.55,4133.7300000000005,4121.55,4132.88
1783417500000,4132.87,4133.12,4124.99,4131.2
1783418400000,4131.17,4135.04,4131.17,4132.4400000000005
1783419300000,4132.54,4138.849999999999,4132.07,4137.34
1783420200000,4137.36,4137.44,4134.53,4135.62
1783421100000,4135.78,4137.08,4133.48,4135.65
1783422000000,4135.84,4136.26,4131.84,4133.1900000000005
1783422900000,4133.26,4145.2699999999995,4133.04,4143.14
1783423800000,4143.08,4148.919999999999,4139.48,4148.28
1783424700000,4148.259999999999,4158.099999999999,4147.07,4156.74
1783425600000,4157.18,4174.5199999999995,4154.58,4173.24
1783426500000,4173.3,4175,4163.12,4166.03
1783427400000,4166.01,4168.22,4161.7,4166.42
1783428300000,4166.4400000000005,4172.63,4164.27,4172.31
1783429200000,4172.51,4178.400000000001,4160.14,4171.34
1783430100000,4171.37,4172.41,4164.26,4166.25
1783431000000,4166.4400000000005,4180.38,4163.51,4177.49
1783431900000,4177.51,4180.01,4156.02,4158.59
1783432800000,4158.55,4163.57,4151.03,4152.25
1783433700000,4152.23,4159.71,4151.15,4158.16
1783434600000,4158.349999999999,4159.2,4143.62,4152.349999999999
1783435500000,4152.259999999999,4157.61,4151.86,4154.25
1783436400000,4154.24,4155.57,4148.2,4148.72
1783437300000,4148.599999999999,4148.96,4141.78,4143.07
1783438200000,4143.15,4148.36,4142.29,4146.66
1783439100000,4146.65,4148.03,4135.82,4139.03
1783440000000,4139.48,4143.63,4137,4141.19
1783440900000,4141.1,4147.17,4140.79,4146.23
1783441800000,4145.9400000000005,4146.570000000001,4142.47,4143.27
1783442700000,4143.280000000001,4146.62,4140.97,4145.09
1783443600000,4145.05,4146.9400000000005,4142.22,4143.01
1783444500000,4143.2,4146.71,4140.66,4146.03
1783445400000,4146.030000000001,4148.1900000000005,4144.6,4147.120000000001
1783446300000,4147.07,4147.36,4143,4144.47
1783447200000,4144.46,4145.21,4140.89,4142.320000000001
1783448100000,4142.33,4144.22,4140.18,4141.71
1783449000000,4141.6900000000005,4142.37,4136.14,4141.860000000001
1783449900000,4141.96,4142.57,4125.04,4126.98
1783450800000,4126.7,4127.71,4103.07,4105.83
1783451700000,4105.8099999999995,4106.889999999999,4092.22,4103.54
1783452600000,4103.6,4115.01,4103.6,4109.160000000001
1783453500000,4109.22,4117.71,4108.08,4114.08
1783454400000,4114.39,4115.820000000001,4112.26,4112.9800000000005
1783455300000,4112.89,4113.2,4106.51,4110.85
1783456200000,4110.84,4111.110000000001,4104.47,4106
1783457100000,4106.11,4107,4103.5,4105.83
1783461600000,4094.81,4106.14,4093.79,4103.98
1783462500000,4103.96,4104.06,4099.54,4099.56
1783463400000,4099.82,4102.66,4098.79,4101.1
1783464300000,4100.97,4101.0199999999995,4095.85,4098.35
1783465200000,4098.3,4107.84,4096.25,4105.98
1783466100000,4105.99,4106.57,4101.07,4104.95
1783467000000,4104.92,4105.46,4097.38,4098.32
1783467900000,4098.31,4101.28,4095.92,4098.4800000000005
1783468800000,4098.549999999999,4103.94,4096.98,4100.08
1783469700000,4100.16,4108.04,4098.98,4105.459999999999
1783470600000,4105.3099999999995,4126.71,4103.82,4123.2
1783471500000,4123.219999999999,4125.11,4111.15,4111.49
1783472400000,4111.509999999999,4117.91,4098.28,4108.33
1783473300000,4108.35,4110.2300000000005,4102.1,4102.6
1783474200000,4102.48,4105.87,4096.4,4103.36
1783475100000,4103.349999999999,4112.91,4102.36,4111.099999999999
1783476000000,4111.6,4117.97,4105.96,4112.17
1783476900000,4112.099999999999,4124.929999999999,4111.95,4118.83
1783477800000,4118.84,4121.05,4116.28,4120.179999999999
1783478700000,4120.2,4120.77,4113.38,4114.56
1783479600000,4114.6,4130.77,4114.51,4128.08
1783480500000,4128.150000000001,4130.72,4124.56,4129.830000000001
1783481400000,4129.75,4131.11,4125.5,4126.58
1783482300000,4126.59,4129.13,4122.64,4123.410000000001
1783483200000,4123.320000000001,4128.870000000001,4121.6,4124.31
1783484100000,4124.32,4127.33,4120.54,4125.88
1783485000000,4125.87,4128.2699999999995,4122.16,4125.05
1783485900000,4125.0599999999995,4126.929999999999,4123.82,4125.139999999999
1783486800000,4125.1,4133.91,4124.8,4125.88
1783487700000,4125.639999999999,4129.41,4121.95,4121.97
1783488600000,4122.22,4131.700000000001,4121.31,4128.22
1783489500000,4128.2,4129.9,4124.92,4127.77
1783490400000,4127.87,4131.719999999999,4122.11,4131.44
1783491300000,4131.419999999999,4133.57,4128.73,4129.57
1783492200000,4129.48,4129.8,4124.58,4126.54
1783493100000,4126.55,4127.11,4123.42,4123.61
1783494000000,4123.64,4125.23,4116.33,4117.93
1783494900000,4117.94,4121.26,4114.7,4120.37
1783495800000,4120.280000000001,4127.17,4118.18,4127.17
1783496700000,4127.22,4127.22,4119,4121.09
1783497600000,4121.25,4121.25,4116.55,4117.7300000000005
1783498500000,4117.81,4120.93,4080.75,4088.72
1783499400000,4088.73,4092.02,4060.64,4065.75
1783500300000,4065.74,4075.96,4052.18,4056.79
1783501200000,4056.66,4056.7999999999997,4050.35,4055.9
1783502100000,4055.87,4060.94,4053.66,4056.64
1783503000000,4056.5499999999997,4058.5499999999997,4044.85,4048.37
1783503900000,4048.4900000000002,4052.8500000000004,4041.57,4043.26
1783504800000,4043.83,4048.4,4040.63,4044.77
1783505700000,4044.83,4055.7999999999997,4043.31,4050.7
1783506600000,4050.5299999999997,4058.33,4050.04,4057.2
1783507500000,4057.07,4058.27,4052.98,4053.05
1783508400000,4053.26,4057.15,4048.21,4050.75
1783509300000,4050.55,4054.46,4047.75,4050.13
1783510200000,4050.04,4065.69,4041.55,4064.48
1783511100000,4064.55,4072.6,4059.19,4062.19
1783512000000,4062.03,4073.67,4058.69,4072.04
1783512900000,4072.06,4077.65,4066.09,4070.86
1783513800000,4070.74,4078.16,4068.06,4078.02
1783514700000,4078.1699999999996,4086.4199999999996,4070.74,4072.1
1783515600000,4072.3,4082.9900000000002,4069.86,4072.01
1783516500000,4072.16,4075.83,4065.27,4066.74
1783517400000,4066.71,4080.27,4066.71,4073.28
1783518300000,4073.21,4079.2400000000002,4068.34,4070.77
1783519200000,4070.5899999999997,4071.4,4056.85,4057.48
1783520100000,4057.38,4065.4,4051.5,4060.18
1783521000000,4060.02,4061.24,4035.31,4036.43
1783521900000,4036.36,4046.2999999999997,4033.83,4040.83
1783522800000,4041.15,4043.7200000000003,4033.55,4033.5800000000004
1783523700000,4033.63,4035.99,4026.37,4030.85
1783524600000,4030.97,4033.43,4021.7,4032.8799999999997
1783525500000,4032.58,4038.4,4029.89,4034.23
1783526400000,4034.63,4042.82,4033.23,4039.36
1783527300000,4039.14,4044.73,4037.73,4043.68
1783528200000,4043.3,4057.44,4039.51,4056.61
1783529100000,4056.89,4064.41,4053.37,4063.64
1783530000000,4063.63,4070.3900000000003,4059.63,4064.87
1783530900000,4065.25,4073.83,4063.42,4073.06
1783531800000,4072.86,4076.31,4068.84,4069.86
1783532700000,4069.89,4070.32,4064.31,4065.52
1783533600000,4065.54,4075.6099999999997,4063.45,4075.12
1783534500000,4075.13,4075.25,4067.51,4069.59
1783535400000,4069.75,4079.4900000000002,4067.13,4079.4900000000002
1783536300000,4079.4500000000003,4091.46,4078.78,4084.26
1783537200000,4084.28,4090.84,4084.28,4087.5600000000004
1783538100000,4087.19,4088.5400000000004,4084.78,4088.1400000000003
1783539000000,4088.38,4091.13,4083.35,4084.0699999999997
1783539900000,4084.09,4084.29,4078.32,4079.9300000000003
1783540800000,4079.8599999999997,4083.48,4076.16,4078.97
1783541700000,4078.98,4079.68,4074.25,4076.82
1783542600000,4076.81,4078.56,4071.48,4074.88
1783543500000,4074.87,4079.72,4074.2,4077.37
1783548000000,4077.71,4079.7000000000003,4072.26,4077.01
1783548900000,4077.04,4078.8199999999997,4073.47,4074.2999999999997
1783549800000,4074.35,4079.22,4073.56,4076.29
1783550700000,4076.28,4079.81,4076.07,4076.52
1783551600000,4076.51,4077.38,4073.78,4076.9100000000003
1783552500000,4076.89,4077.7599999999998,4075.29,4077.54
1783553400000,4077.5200000000004,4077.5200000000004,4073.76,4075.1200000000003
1783554300000,4075.14,4077.56,4071.96,4076.17
1783555200000,4076.23,4087.57,4076.23,4087.57
1783556100000,4087.38,4089.81,4073.9,4078
1783557000000,4078.3599999999997,4081.6699999999996,4075.45,4076.91
1783557900000,4076.89,4078.99,4070.29,4074.05
1783558800000,4074.04,4078.79,4065.1,4074.19
1783559700000,4074.1800000000003,4076.6000000000004,4066.57,4066.5800000000004
1783560600000,4066.62,4075.1299999999997,4062.45,4073.3999999999996
1783561500000,4073.51,4076.14,4069,4072.79
1783562400000,4072.94,4079.43,4072.04,4078.44
1783563300000,4078.43,4082.64,4076.73,4080.39
1783564200000,4080.4500000000003,4081.75,4069.9,4070.82
1783565100000,4070.81,4071.83,4064.39,4064.99
1783566000000,4065.0299999999997,4067.59,4055.33,4058.84
1783566900000,4058.79,4061.1499999999996,4054.2,4058.1899999999996
1783567800000,4058.2000000000003,4063.42,4056.36,4061.9300000000003
1783568700000,4062.0699999999997,4064.18,4061.1,4064.15
1783569600000,4064.31,4064.54,4058.77,4060.5
1783570500000,4060.5400000000004,4060.9900000000002,4057.26,4058.9300000000003
1783571400000,4058.85,4064.52,4056.44,4057.81
1783572300000,4057.7400000000002,4064.54,4056.4,4064.25
1783573200000,4064.42,4075.92,4063.66,4073.49
1783574100000,4073.46,4073.6400000000003,4066.82,4072.29
1783575000000,4072.23,4077.1000000000004,4064.82,4075.46
1783575900000,4075.52,4084.2200000000003,4073.84,4081.92
1783576800000,4081.94,4099.57,4081.37,4092.0499999999997
1783577700000,4092.02,4103.16,4091.35,4102.32
1783578600000,4102.34,4106.99,4095.93,4102.83
1783579500000,4102.91,4108.08,4102.4,4107.95
1783580400000,4107.91,4110.16,4101.49,4101.5
1783581300000,4101.52,4109.990000000001,4101.52,4109
1783582200000,4109.04,4110.91,4103.71,4109
1783583100000,4109.1,4111.150000000001,4104.68,4107.900000000001
1783584000000,4108.37,4110.55,4105.24,4108.07
1783584900000,4108.09,4117.73,4107.75,4114.8
1783585800000,4114.7699999999995,4116.63,4110.07,4113.45
1783586700000,4113.530000000001,4113.77,4107.76,4108.22
1783587600000,4108.21,4109.59,4105.91,4108.639999999999
1783588500000,4108.62,4112.3,4107.37,4108.37
1783589400000,4108.28,4109.929999999999,4103.2,4103.83
1783590300000,4103.69,4107.5,4103.21,4106.29
1783591200000,4106.42,4110.07,4104.08,4105.03
1783592100000,4105.08,4106.549999999999,4103.94,4104.3099999999995
1783593000000,4104.19,4105.46,4102.29,4103.43
1783593900000,4103.5,4104.46,4093.97,4099.08
1783594800000,4099.37,4105.03,4097.84,4104.92
1783595700000,4104.93,4107.09,4099.09,4100.52
1783596600000,4100.53,4109.389999999999,4098.9,4106.23
1783597500000,4106.27,4110.53,4104.67,4108.59
1783598400000,4108.78,4120.14,4105.96,4112.71
1783599300000,4112.82,4113.45,4105.12,4107.03
1783600200000,4107.16,4122.599999999999,4107.16,4113.18
1783601100000,4113.19,4114.62,4107.5,4107.73
1783602000000,4107.599999999999,4120.96,4106.78,4120.54
1783602900000,4120.7,4127.21,4118.61,4125.969999999999
1783603800000,4126.02,4129.51,4119.67,4127.65
1783604700000,4127.39,4127.76,4117.77,4121.900000000001
1783605600000,4121.849999999999,4136.07,4120.32,4122.19
1783606500000,4122.25,4125.5,4114.24,4124.74
1783607400000,4124.8099999999995,4126.7,4120.61,4124.089999999999
1783608300000,4124.21,4127.95,4118.12,4127.72
1783609200000,4128.05,4130.860000000001,4124.77,4124.990000000001
1783610100000,4125.04,4130.6900000000005,4124.93,4127.83
1783611000000,4127.92,4131.35,4126.27,4130.14
1783611900000,4130.37,4132.67,4126.32,4126.87
1783612800000,4126.889999999999,4131.26,4125.66,4130.19
1783613700000,4130.2,4133.06,4128.8,4132.650000000001
1783614600000,4132.54,4138.0599999999995,4131.74,4133.23
1783615500000,4133.330000000001,4134.21,4128.02,4128.02
1783616400000,4128.150000000001,4128.860000000001,4125.76,4127.51
1783617300000,4127.49,4131.89,4125.01,4131.63
1783618200000,4131.6,4134.27,4129.21,4132.21
1783619100000,4132.22,4138.06,4131.97,4136.13
1783620000000,4136.049999999999,4136.28,4127.48,4128.669999999999
1783620900000,4128.74,4128.76,4123.12,4123.96
1783621800000,4123.89,4125.41,4121.47,4125.34
1783622700000,4125.42,4125.52,4122.38,4124.51
1783623600000,4124.33,4126.9400000000005,4122.93,4124.39
1783624500000,4124.41,4125.53,4120.69,4120.91
1783625400000,4120.929999999999,4122.71,4118.9,4120.25
1783626300000,4120.21,4123.5199999999995,4119.95,4122.42
1783627200000,4122.26,4124.03,4120.67,4121.31
1783628100000,4121.320000000001,4122.4800000000005,4120.55,4121.070000000001
1783629000000,4121.09,4125.59,4120.81,4124.43
1783629900000,4124.41,4124.47,4123.09,4123.67
1783634400000,4124.86,4127.3099999999995,4122.28,4123.5199999999995
1783635300000,4123.530000000001,4124.700000000001,4122.52,4123.110000000001
1783636200000,4123.120000000001,4124.63,4122.35,4123.64
1783637100000,4123.65,4124.15,4121.54,4121.7
1783638000000,4121.75,4124.43,4121.54,4123.7
1783638900000,4123.72,4125.05,4121.39,4122.09
1783639800000,4122.18,4123,4121.08,4122.76
1783640700000,4122.74,4124.46,4121.62,4123.34
1783641600000,4123.4800000000005,4125.650000000001,4119.76,4122.16
1783642500000,4122.32,4123.72,4117,4119.51
1783643400000,4119.53,4123.929999999999,4114.32,4123.099999999999
1783644300000,4122.79,4128.22,4121.29,4126.25
1783645200000,4126.259999999999,4131.03,4118.82,4124.99
1783646100000,4125,4127.379999999999,4120.23,4121.669999999999
1783647000000,4121.6,4123.48,4109.04,4111.81
1783647900000,4111.8,4121.26,4108.74,4116.79
1783648800000,4116.820000000001,4128.860000000001,4116.05,4124.75
1783649700000,4124.88,4128,4121.79,4125.81
1783650600000,4125.820000000001,4128.64,4122.27,4125.7300000000005
1783651500000,4125.72,4129.03,4123.37,4127.82
1783652400000,4127.7300000000005,4134.82,4125.88,4126.55
1783653300000,4126.54,4128.360000000001,4120.68,4125.26
1783654200000,4125.18,4127.77,4121.21,4121.55
1783655100000,4121.4400000000005,4122.35,4119.42,4120.22
1783656000000,4120.2,4120.99,4116.75,4120.96
1783656900000,4120.85,4121.06,4112.05,4117.570000000001
1783657800000,4117.42,4119.68,4116.72,4119.12
1783658700000,4118.95,4119.139999999999,4114.94,4115.169999999999
1783659600000,4115.11,4116.33,4113.03,4114.0599999999995
1783660500000,4114.05,4117.11,4113,4114.18
1783661400000,4114.17,4115.34,4109.12,4114.04
1783662300000,4114.07,4117.139999999999,4108.2,4116.8
1783663200000,4116.849999999999,4119.15,4114.74,4115.04
1783664100000,4115.099999999999,4120.0599999999995,4113.87,4114.5199999999995
1783665000000,4114.49,4116.11,4111.13,4111.56
1783665900000,4111.43,4114.44,4111.25,4111.75
1783666800000,4111.610000000001,4113.68,4108.97,4111.320000000001
1783667700000,4111.55,4115.34,4108.64,4112.42
1783668600000,4112.41,4114.54,4105.34,4106.74
1783669500000,4106.85,4109.91,4104.3,4108.93
1783670400000,4109.0199999999995,4109.53,4103.98,4107.209999999999
1783671300000,4107.32,4108.87,4103.23,4104.3099999999995
1783672200000,4104.339999999999,4105.61,4099.44,4101.799999999999
1783673100000,4101.84,4101.84,4094.8,4097.92
1783674000000,4097.91,4100.72,4094.37,4100.72
1783674900000,4100.67,4103.400000000001,4099.85,4102.76
1783675800000,4102.69,4103.95,4098.33,4102.85
1783676700000,4102.91,4105.43,4102.26,4104.31
1783677600000,4104.45,4108.46,4104.22,4106.16
1783678500000,4106.38,4112.65,4106.25,4109.42
1783679400000,4109.46,4110.5199999999995,4106.19,4109.009999999999
1783680300000,4108.950000000001,4109.030000000001,4104.39,4104.62
1783681200000,4104.610000000001,4108.05,4104.35,4106.3
1783682100000,4106.18,4108.14,4100.13,4100.22
1783683000000,4100.14,4107.51,4096.09,4106.72
1783683900000,4106.610000000001,4107.9800000000005,4102.06,4102.29
1783684800000,4102.33,4117.02,4100.96,4114.97
1783685700000,4115.179999999999,4116.299999999999,4103.32,4106.0199999999995
1783686600000,4106.009999999999,4106.99,4097.53,4098.42
1783687500000,4098.36,4104.96,4098.03,4100.65
1783688400000,4101,4106.139999999999,4098.61,4104.23
1783689300000,4104.25,4106.67,4085.63,4087.33
1783690200000,4087.21,4102.47,4086.9,4098.35
1783691100000,4098.599999999999,4105.45,4097.32,4099.9
1783692000000,4100.24,4103.44,4097.54,4100.0199999999995
1783692900000,4100.049999999999,4108.929999999999,4097.48,4105.429999999999
1783693800000,4105.48,4107.76,4073.04,4099.2
1783694700000,4099,4107.41,4091.56,4092.82
1783695600000,4093.53,4100.91,4091.34,4097.54
1783696500000,4097.5,4107.679999999999,4097.4,4102.19
1783697400000,4102.23,4106.92,4101.45,4106.33
1783698300000,4106.31,4113.4,4105.75,4112.95
1783699200000,4113.09,4114.8099999999995,4108.07,4110.16
1783700100000,4110.34,4114.429999999999,4107.32,4114.33
1783701000000,4114.320000000001,4115.38,4108.93,4109.02
1783701900000,4108.98,4109.66,4104.37,4104.42
1783702800000,4104.35,4105.47,4102.26,4103.87
1783703700000,4103.879999999999,4106.86,4103.73,4105.61
1783704600000,4105.549999999999,4106.839999999999,4103.23,4103.839999999999
1783705500000,4104,4105.179999999999,4100.44,4100.61
1783706400000,4101.04,4105.06,4100.01,4104.71
1783707300000,4104.91,4105.46,4102.17,4102.9
1783708200000,4103.08,4103.740000000001,4098.68,4098.97
1783709100000,4099.06,4101.650000000001,4098.09,4101.2
1783710000000,4101.110000000001,4102.43,4097.77,4101.610000000001
1783710900000,4101.62,4103.32,4101.17,4101.76
1783711800000,4101.77,4103.54,4100.51,4102.4800000000005
1783712700000,4102.47,4108.95,4102.38,4108.41
1783713600000,4108.3,4115.03,4108.28,4112.179999999999
1783714500000,4112.0199999999995,4112.74,4110.65,4111.32
1783715400000,4111.31,4112.52,4110.35,4111.8
1783716300000,4111.63,4120.93,4111.58,4119.8
1783893600000,4098.53,4103.67,4080.63,4081.4900000000002
1783894500000,4081.56,4088.13,4080.15,4084.4
1783895400000,4083.86,4086.62,4078.08,4078.56
1783896300000,4078.52,4080.8999999999996,4069.66,4076.67
1783897200000,4076.6600000000003,4076.6800000000003,4068.53,4070.2400000000002
1783898100000,4070.2799999999997,4075.19,4068.81,4074.72
1783899000000,4074.63,4079.18,4071.77,4077.71
1783899900000,4077.7,4084.73,4075.6,4084.4
1783900800000,4085.38,4091.12,4080.85,4086.87
1783901700000,4086.88,4087.85,4074.29,4074.66
1783902600000,4074.63,4075.46,4061.09,4073.1600000000003
1783903500000,4073.14,4077.21,4068.67,4074.02
1783904400000,4074.27,4081.06,4065.5,4079.49
1783905300000,4079.48,4081.91,4071.08,4079.81
1783906200000,4079.82,4089.71,4077.67,4084.4900000000002
1783907100000,4084.52,4088,4067.52,4072.15
1783908000000,4072.5699999999997,4075.0099999999998,4070.08,4072.23
1783908900000,4072.17,4074.21,4066.52,4067.2
1783909800000,4067.4,4077.41,4064.75,4072.73
1783910700000,4072.77,4072.97,4068.41,4068.64
1783911600000,4068.5699999999997,4069.3999999999996,4052.99,4058.12
1783912500000,4058.09,4062.4500000000003,4058.05,4061.84
1783913400000,4061.86,4062.4700000000003,4057.15,4057.78
1783914300000,4057.88,4061.0099999999998,4057.62,4060.5
1783915200000,4060.51,4060.53,4052.34,4054.59
1783916100000,4054.6,4057.78,4050.25,4055.4
1783917000000,4055.41,4057.68,4053.18,4054.1299999999997
1783917900000,4054.12,4059.19,4052.68,4058.89
1783918800000,4058.88,4073.04,4054.87,4069.42
1783919700000,4069.44,4069.5099999999998,4057.54,4058.17
1783920600000,4058.18,4065.66,4052.31,4063.59
1783921500000,4063.62,4064.19,4052.66,4053.6099999999997
1783922400000,4053.86,4056.21,4043.77,4050.8
1783923300000,4050.82,4061.21,4050.73,4061.21
1783924200000,4061.12,4063.5699999999997,4058.58,4060.13
1783925100000,4060.1,4060.5,4052.08,4055.5099999999998
1783926000000,4055.73,4061.2200000000003,4048.96,4055.52
1783926900000,4055.53,4059.1000000000004,4055.53,4058.77
1783927800000,4058.68,4062.83,4056.22,4057.3399999999997
1783928700000,4057.4,4065.13,4056,4064.51
1783929600000,4064.8599999999997,4074.91,4063.18,4073.94
1783930500000,4074.04,4080.69,4073.57,4074.04
1783931400000,4074.09,4076.36,4071.88,4075.62
1783932300000,4075.54,4078.49,4072.2,4074.5699999999997
1783933200000,4074.54,4076.19,4072.75,4074.61
1783934100000,4074.5299999999997,4076.67,4071.39,4072.64
1783935000000,4072.5899999999997,4073.94,4069.41,4072.7
1783935900000,4072.64,4073.6299999999997,4068.18,4068.22
1783936800000,4068.23,4070.56,4066.71,4067.65
1783937700000,4067.63,4069.4300000000003,4064.4,4065.08
1783938600000,4065.0699999999997,4068.2299999999996,4046.74,4052.2299999999996
1783939500000,4052.17,4061.46,4048.12,4060.56
1783940400000,4060.5,4068.07,4058.03,4064.1400000000003
1783941300000,4064.01,4065.09,4058.25,4062.83
1783942200000,4062.6,4068.35,4062.04,4065.22
1783943100000,4065.44,4065.82,4054.96,4056.37
1783944000000,4056.48,4060.38,4053.51,4056.26
1783944900000,4056.27,4063.5099999999998,4055.16,4058.97
1783945800000,4058.73,4064.02,4058.7,4062.81
1783946700000,4062.98,4067.36,4062.92,4067.3
1783947600000,4067.35,4067.58,4059.29,4061.88
1783948500000,4061.78,4065.9100000000003,4058.55,4062.2000000000003
1783949400000,4062.1200000000003,4063.92,4051.53,4054.84
1783950300000,4054.7999999999997,4058.25,4041.93,4043.16
1783951200000,4043.35,4046.8799999999997,4029.64,4035.8599999999997
1783952100000,4035.9,4037.2200000000003,4002.59,4016.8
1783953000000,4016.5699999999997,4016.66,4000.33,4005.5
1783953900000,4005.48,4015.29,4001.93,4015.29
1783954800000,4015.22,4017.62,4010.85,4014.7799999999997
1783955700000,4014.76,4020.31,4012.98,4016.45
1783956600000,4016.55,4017.65,4012.3,4013.36
1783957500000,4013.4100000000003,4016,4010.26,4015.86
1783958400000,4016.04,4017.82,4012.57,4013.9900000000002
1783959300000,4013.95,4013.96,4000.52,4003.79
1783960200000,4003.7999999999997,4004.7099999999996,3990.74,4000.6699999999996
1783961100000,4000.64,4002.69,3986.54,3993.29
1783962000000,3993.61,3998.8900000000003,3992.13,3997.62
1783962900000,3997.6099999999997,4001.7999999999997,3996.66,3998.87
1783963800000,3998.94,4000.9,3996.19,3996.84
1783964700000,3996.9900000000002,3999.33,3992.09,3993.1600000000003
1783965600000,3993.59,3995.13,3989.96,3993.85
1783966500000,3993.76,3996.81,3986.71,3995.18
1783967400000,3995.2000000000003,4000.71,3994.01,4000.15
1783968300000,4000.09,4005.06,3998.25,4001.41
1783969200000,4001.44,4004.48,3997.83,3998.06
1783970100000,3998.08,4000.74,3996.83,3998.3199999999997
1783971000000,3998.24,4000.95,3993.47,3999.1099999999997
1783971900000,3999.07,4002.29,3996.84,4001.88
1783972800000,4001.9700000000003,4006.11,3998.51,3998.7200000000003
1783973700000,3998.79,4000.2099999999996,3996.74,3999.85
1783974600000,3999.81,4000.41,3997.33,4000.06
1783975500000,4000.07,4002.16,3997.98,4000.93
1783980000000,4005.64,4005.65,4001.4,4003.9700000000003
1783980900000,4003.98,4005.85,4003.98,4004.37
1783981800000,4004.1099999999997,4005.52,4002.97,4003.8999999999996
1783982700000,4003.8900000000003,4005.13,4000.82,4000.9
1783983600000,4000.9700000000003,4003.06,3999.57,4000.27
1783984500000,4000.24,4000.58,3996.97,3997.4199999999996
1783985400000,3997.4300000000003,3997.4300000000003,3993.57,3995.46
1783986300000,3995.38,4002.03,3992.61,4001.01
1783987200000,4001.15,4004.77,3983.6,3995.4
1783988100000,3994.9,3997.0299999999997,3985.83,3995.34
1783989000000,3995.8199999999997,4007.09,3994.33,4002.88
1783989900000,4002.8599999999997,4007.18,4000.62,4004.15
1783990800000,4004.2,4004.2,3992.27,3995.25
1783991700000,3995.41,4004.81,3995.08,3997.77
1783992600000,3997.88,4004.09,3992.94,4002.05
1783993500000,4002.09,4012.1600000000003,3998.78,4010.3700000000003
1783994400000,4010.55,4017.82,4006.05,4016.69
1783995300000,4016.77,4019.1,4013.79,4017.89
1783996200000,4017.93,4019,4010.66,4010.96
1783997100000,4010.9700000000003,4013.92,4009.07,4012.26
1783998000000,4012.29,4016.65,4012.1,4013.7799999999997
1783998900000,4014.09,4018.78,4011.07,4017.9700000000003
1783999800000,4018,4019.05,4013.78,4015.28
1784000700000,4015.2999999999997,4018.09,4014.58,4016.91
1784001600000,4017.02,4018.81,4013.48,4015.65
1784002500000,4015.77,4017.3500000000004,4014.05,4015.6800000000003
1784003400000,4015.97,4023.43,4015.72,4020.62
1784004300000,4020.61,4021.29,4015.94,4020.21
1784005200000,4020.47,4023.9,4019.62,4023.1
1784006100000,4023.17,4024.02,4019.98,4022.7
1784007000000,4022.93,4034.02,4022.62,4032.18
1784007900000,4032.16,4032.6099999999997,4029.12,4031.31
1784008800000,4031.41,4033.12,4028.67,4030.92
1784009700000,4030.93,4031.0899999999997,4022.99,4022.99
1784010600000,4023.14,4026.27,4021.67,4025.2000000000003
1784011500000,4025.2799999999997,4026.47,4022.99,4023.8799999999997
1784012400000,4023.81,4028.96,4020.71,4024.69
1784013300000,4024.42,4029.82,4024.42,4026.34
1784014200000,4026.33,4029.53,4022.9,4023.67
1784015100000,4023.75,4026.0899999999997,4020.12,4020.68
1784016000000,4020.85,4022.45,4014.56,4017.29
1784016900000,4017.33,4023.04,4017.33,4021.74
1784017800000,4021.68,4023.7999999999997,4018.7,4019.2599999999998
1784018700000,4019.29,4020.86,4015.9,4015.94
1784019600000,4015.96,4024.38,4013.88,4020.6400000000003
1784020500000,4020.7200000000003,4021.6200000000003,4015.11,4015.7200000000003
1784021400000,4015.8199999999997,4018.08,4013.74,4017.18
1784022300000,4017.2,4023.83,4016.43,4021.73
1784023200000,4021.88,4022.2,4016.83,4018.19
1784024100000,4018.1699999999996,4020.0099999999998,4015.68,4017.81
1784025000000,4017.7400000000002,4020.14,4015.15,4019.08
1784025900000,4019.09,4022.85,4017.98,4021.69
1784026800000,4021.7400000000002,4023.9900000000002,4015.46,4022.89
1784027700000,4022.82,4028.36,4020.54,4024.94
1784028600000,4024.93,4030.31,4024.54,4027.99
1784029500000,4028.07,4031.82,4025.78,4031.25
1784030400000,4031.21,4035.77,4025.2,4025.95
1784031300000,4025.91,4030.87,4023.22,4030.0299999999997
1784032200000,4031.52,4103.36,4031.52,4092.75
1784033100000,4093.05,4095.23,4068.86,4076.2000000000003
1784034000000,4076.1200000000003,4083.4,4070.82,4074.98
1784034900000,4074.9300000000003,4086.32,4072.13,4081.69
1784035800000,4081.55,4088.55,4075.75,4087.49
1784036700000,4087.3,4087.4900000000002,4074.3,4076.6000000000004
1784037600000,4076.5499999999997,4085.18,4072.7,4082.2599999999998
1784038500000,4082.25,4085.06,4070.7,4076.9399999999996
1784039400000,4076.8599999999997,4089.98,4073.22,4080.06
1784040300000,4080.05,4087.53,4077.61,4085.08
1784041200000,4085.21,4100.74,4078.73,4090.16
1784042100000,4090.1000000000004,4090.9700000000003,4082.53,4084.9300000000003
1784043000000,4084.8599999999997,4086.83,4066.95,4074.1499999999996
1784043900000,4073.92,4076.52,4064.62,4066.12
1784044800000,4066.1299999999997,4066.85,4057.95,4062.97
1784045700000,4062.83,4064.9,4057.92,4059.35
1784046600000,4059.34,4062.79,4057.79,4060.98
1784047500000,4060.9,4062.19,4057.76,4061.5
1784048400000,4061.56,4064.6299999999997,4055.47,4056.6099999999997
1784049300000,4056.66,4064.04,4054.44,4062.8
1784050200000,4062.91,4065.05,4059.54,4059.73
1784051100000,4059.7400000000002,4063.81,4058.32,4062.77
1784052000000,4062.78,4062.82,4059.65,4061.61
1784052900000,4061.6,4063.1200000000003,4056.61,4058.53
1784053800000,4058.43,4059.53,4042.77,4046.6
1784054700000,4046.5499999999997,4054.62,4044.89,4054.1299999999997
1784055600000,4054.14,4057.25,4052.31,4056.5499999999997
1784056500000,4056.56,4056.93,4051.31,4051.6
1784057400000,4051.5899999999997,4052.83,4047.6,4052.58
1784058300000,4052.5,4056.9,4051.64,4055.71
1784059200000,4055.83,4056.3799999999997,4053.74,4053.74
1784060100000,4053.75,4054.52,4052.16,4052.8599999999997
1784061000000,4052.94,4053.43,4049.64,4050.49
1784061900000,4050.2000000000003,4052.98,4049.19,4052.81
1784066400000,4052.37,4053.41,4048.97,4050.7
1784067300000,4050.74,4052.0099999999998,4049.18,4051.66
1784068200000,4051.65,4052.7200000000003,4049.01,4050.5200000000004
1784069100000,4050.7200000000003,4050.73,4048.51,4048.96
1784070000000,4048.9500000000003,4050.1600000000003,4047.01,4047.5800000000004
1784070900000,4047.54,4053.91,4046.71,4053.9
1784071800000,4053.87,4056.0899999999997,4051.43,4054.72
1784072700000,4054.7599999999998,4055.03,4052.02,4053.02
1784073600000,4053.38,4056.11,4051.06,4051.2999999999997
1784074500000,4051.27,4058.19,4051.11,4058.19
1784075400000,4058.31,4058.52,4052.23,4054.6
1784076300000,4054.58,4060.6,4054.2,4059.0499999999997
1784077200000,4059.9,4062.0899999999997,4055.14,4055.7599999999998
1784078100000,4055.64,4057.25,4052.71,4054.39
1784079000000,4054.3700000000003,4054.65,4036.59,4038.8
1784079900000,4039.06,4042.54,4035.58,4037.31
1784080800000,4037.02,4042.2099999999996,4033.97,4036.7599999999998
1784081700000,4036.75,4036.87,4029.23,4033.08
1784082600000,4033.03,4041.88,4032.77,4041.62
1784083500000,4041.75,4041.92,4034.44,4035.25
1784084400000,4035.17,4040.37,4032.88,4033.9900000000002
1784085300000,4034.05,4035.29,4030.17,4030.9700000000003
1784086200000,4030.94,4035.67,4028.03,4029.36
1784087100000,4029.2999999999997,4033.5099999999998,4029.2,4031.22
1784088000000,4031.3,4033.23,4030.04,4031.56
1784088900000,4031.52,4035.08,4030.96,4033.62
1784089800000,4033.61,4035.02,4028.19,4030.2200000000003
1784090700000,4030.29,4034.35,4030.29,4033.16
1784091600000,4033.2799999999997,4036.04,4025.12,4026.1
1784092500000,4026.02,4028.63,4024.79,4025.07
1784093400000,4025.01,4036.56,4022.09,4029.6600000000003
1784094300000,4029.7599999999998,4034.8199999999997,4027.35,4034.8199999999997
1784095200000,4034.6299999999997,4035.46,4027.14,4027.58
1784096100000,4027.55,4028.65,4021.27,4026.43
1784097000000,4026.46,4033.13,4022.67,4032.4500000000003
1784097900000,4032.51,4033.73,4029.65,4032.05
1784098800000,4032.04,4034.2599999999998,4028.22,4029.3599999999997
1784099700000,4029.4700000000003,4029.9100000000003,4020.09,4024.03
1784100600000,4023.92,4026.96,4019.69,4022.79
1784101500000,4022.7799999999997,4026.79,4021.31,4024.44
1784102400000,4024.5699999999997,4025.96,4017.35,4017.92
1784103300000,4018.14,4026.79,4018.14,4026.64
1784104200000,4026.59,4029.18,4024.58,4028.63
1784105100000,4028.5499999999997,4033.16,4027.66,4031.14
1784106000000,4031.15,4034.2400000000002,4029.55,4030.32
1784106900000,4030.37,4032.84,4027,4027.41
1784107800000,4027.37,4029.5699999999997,4025.49,4027.33
1784108700000,4027.2400000000002,4030.4,4026.17,4030.25
1784109600000,4030.46,4035.98,4028.66,4033.7
1784110500000,4033.67,4035.5,4026.6,4028.89
1784111400000,4028.88,4034.06,4028.4,4031.15
1784112300000,4031.13,4031.26,4027,4028.11
1784113200000,4028.1,4032.9,4027.83,4030.2999999999997
1784114100000,4030.3199999999997,4031.23,4027.58,4030.7
1784115000000,4030.7200000000003,4039.36,4029.28,4037.42
1784115900000,4037.43,4040.11,4035.56,4038.32
1784116800000,4038.4300000000003,4042.56,4035.92,4037.87
1784117700000,4037.9900000000002,4040.7400000000002,4037.51,4039.65
1784118600000,4038.9,4066.05,4038.75,4063.05
1784119500000,4063.12,4071.44,4061,4067.79
1784120400000,4068.3799999999997,4074.08,4061.7,4061.72
1784121300000,4061.48,4066.52,4054.07,4055.9100000000003
1784122200000,4055.67,4063.0499999999997,4055.56,4061.15
1784123100000,4061.1600000000003,4066.27,4055.03,4061.5800000000004
1784124000000,4061.59,4065.57,4060.15,4064.2400000000002
1784124900000,4064.34,4065.9300000000003,4055.51,4058.21
1784125800000,4058.41,4063.9700000000003,4056.96,4057.25
1784126700000,4057.21,4060.9,4053.26,4060.34
1784127600000,4060.79,4062.8199999999997,4043.18,4044.1
1784128500000,4043.8999999999996,4049.75,4039.74,4048.99
1784129400000,4049.0299999999997,4050.49,4044.81,4049.6
1784130300000,4049.56,4050.82,4046.38,4046.8900000000003
1784131200000,4046.86,4047.9,4037.4,4038.3
1784132100000,4038.2099999999996,4040.7799999999997,4032.97,4034.73
1784133000000,4034.7200000000003,4036.92,4026.84,4028.69
1784133900000,4028.6099999999997,4037.98,4027.62,4033.68
1784134800000,4033.74,4039.1499999999996,4032.93,4035.8999999999996
1784135700000,4035.78,4048.18,4033.21,4047.54
1784136600000,4047.41,4063.05,4047.04,4062.37
1784137500000,4062.36,4066.0800000000004,4060.32,4062.23
1784138400000,4062.28,4070.14,4061.75,4067.86
1784139300000,4067.89,4074.91,4066.7,4074.21
1784140200000,4074.3,4081.25,4067.67,4067.67
1784141100000,4067.65,4068.58,4057.98,4059.15
1784142000000,4059.11,4062.9,4057.29,4060.94
1784142900000,4060.8999999999996,4061.4199999999996,4052.93,4055.98
1784143800000,4056.02,4057.5699999999997,4047.93,4051.06
1784144700000,4051.07,4057.19,4050.59,4057.04
1784145600000,4056.98,4058.37,4055.18,4057.46
1784146500000,4057.56,4062.1,4057.27,4061.32
1784147400000,4061.38,4063.07,4060.32,4061.67
1784148300000,4061.39,4062.9,4059.89,4060.41
1784152800000,4064.58,4065.29,4060.79,4063.42
1784153700000,4063.5,4064.11,4061.3,4062.17
1784154600000,4062.29,4062.31,4059.1,4059.99
1784155500000,4060.01,4061.36,4058.17,4059.55
1784156400000,4059.45,4062.04,4058.87,4060.2999999999997
1784157300000,4060.2599999999998,4060.37,4056.99,4057.72
1784158200000,4057.71,4059.25,4055.66,4057.89
1784159100000,4057.88,4060.74,4056.25,4057.88
1784160000000,4058.09,4059.45,4054.83,4056.34
1784160900000,4056.31,4060.2999999999997,4054.99,4058.35
1784161800000,4058.43,4061.21,4053.96,4055.09
1784162700000,4054.95,4060.89,4043.85,4044.64
1784163600000,4044.6600000000003,4050.4500000000003,4040.76,4045.2400000000002
1784164500000,4045.29,4045.41,4033.94,4036.85
1784165400000,4036.64,4046.0299999999997,4036.62,4042.14
1784166300000,4042.14,4043.86,4037.21,4039.05
1784167200000,4039.06,4040.1099999999997,4031.24,4032.56
1784168100000,4032.51,4035,4028.82,4034.63
1784169000000,4034.62,4035.79,4024.27,4027.78
1784169900000,4027.7999999999997,4032.47,4024.95,4031.45
1784170800000,4031.26,4033.09,4029.21,4029.81
1784171700000,4029.79,4034.05,4027.73,4033.94
1784172600000,4033.9500000000003,4036.29,4032.4,4035.46
1784173500000,4035.5,4036.87,4034.14,4036.2599999999998
1784174400000,4036.33,4037.92,4031.9,4036.92
1784175300000,4036.9300000000003,4036.9300000000003,4031.92,4033.94
1784176200000,4034.09,4035.36,4032,4032.6
1784177100000,4032.49,4035.29,4032.27,4033.18
1784178000000,4033.19,4033.94,4029.36,4030.8
1784178900000,4031.14,4032.9700000000003,4026.67,4027.71
1784179800000,4027.7,4033.01,4025.25,4032.31
1784180700000,4032.29,4032.77,4025.49,4027.31
1784181600000,4027.39,4036.4,4026.98,4032.16
1784182500000,4032.12,4032.85,4027.94,4030.34
1784183400000,4030.05,4030.62,4023,4027.03
1784184300000,4027.02,4031.4,4026.38,4030.63
1784185200000,4030.58,4030.66,4025.67,4026.29
1784186100000,4026.1099999999997,4026.9399999999996,4023.7,4024.49
1784187000000,4024.37,4028.3,4022.96,4026.12
1784187900000,4026.11,4031.84,4025.9,4030.69
1784188800000,4030.6099999999997,4034.1,4025.41,4025.8599999999997
1784189700000,4025.85,4033.69,4025.27,4032.2599999999998
1784190600000,4032.4700000000003,4035.5800000000004,4032.05,4033.67
1784191500000,4033.7000000000003,4036.54,4033.05,4035.23
1784192400000,4035.5,4037.41,4035.22,4036.8199999999997
1784193300000,4036.8399999999997,4037.5099999999998,4030.93,4033.14
1784194200000,4033.07,4035.02,4030.48,4034.27
1784195100000,4034.28,4036.25,4031.61,4031.69
1784196000000,4031.71,4032.7000000000003,4029.69,4031.78
1784196900000,4031.79,4034.79,4031.61,4033.29
1784197800000,4033.28,4034.5600000000004,4031.55,4033.05
1784198700000,4033.0299999999997,4033.19,4028.62,4029.5
1784199600000,4029.48,4030.1699999999996,4026.47,4028.12
1784200500000,4027.86,4027.98,4021.29,4024.48
1784201400000,4024.35,4035.94,4023.54,4034.9
1784202300000,4034.86,4042.39,4028.9,4038.4100000000003
1784203200000,4038.61,4043.32,4027.71,4031.76
1784204100000,4031.75,4032.1800000000003,4012.76,4025.0200000000004
1784205000000,4024.91,4029.57,4000.44,4002.76
1784205900000,4002.69,4008.9100000000003,3990.4,3992.31
1784206800000,3992.07,3996.87,3973.92,3992.31
1784207700000,3992.27,4006.13,3991.3,4005.51
1784208600000,4005.49,4008.33,3981.74,3986.33
1784209500000,3986.12,3997.06,3986.12,3990.15
1784210400000,3989.73,3997.31,3987.06,3989.08
1784211300000,3989.09,4000.59,3987.67,3999.27
1784212200000,3999.21,4004.75,3995.53,4004.7400000000002
1784213100000,4004.89,4006.65,3992.46,3997.8
1784214000000,3997.94,3998.7000000000003,3989.4,3992.85
1784214900000,3992.68,4016.81,3992.68,4011.3799999999997
1784215800000,4011.35,4016.19,4007.62,4010.37
1784216700000,4010.3799999999997,4013.18,4005.45,4006.95
1784217600000,4007.15,4007.6800000000003,3989.78,3989.78
1784218500000,3989.4700000000003,3991.63,3982.42,3987.5
1784219400000,3987.48,3992.5699999999997,3986.95,3991.98
1784220300000,3991.94,3996.9700000000003,3989.32,3992
1784221200000,3992.27,3992.98,3984.53,3985.71
1784222100000,3985.7799999999997,3988.69,3982.79,3987.6
1784223000000,3987.48,3988.6800000000003,3980.05,3981.54
1784223900000,3981.53,3987.58,3980.96,3984.4900000000002
1784224800000,3984.68,3989.2799999999997,3983.6,3985.23
1784225700000,3985.18,3990.35,3984.37,3986.39
1784226600000,3986.25,3986.31,3976.56,3983.1
1784227500000,3983.04,3984.9199999999996,3979.49,3980.2999999999997
1784228400000,3980.4,3986.0200000000004,3979.01,3980.5200000000004
1784229300000,3980.53,3983.98,3978.59,3978.86
1784230200000,3978.85,3979.54,3969.18,3975.71
1784231100000,3975.7,3982.58,3972.99,3979.9599999999996
1784232000000,3980.0400000000004,3980.1600000000003,3974.51,3974.96
1784232900000,3975.06,3975.44,3971.83,3974.94
1784233800000,3975.09,3976.29,3973.48,3974.43
1784234700000,3974.21,3976.6499999999996,3974.18,3976.46
1784239200000,3978.0899999999997,3980.3199999999997,3975.97,3976.25
1784240100000,3976.76,3977.51,3974.71,3976.42
1784241000000,3976.39,3976.89,3973.43,3973.43
1784241900000,3973.5099999999998,3978.41,3973.18,3978.33
1784242800000,3978.42,3980.27,3975.07,3980.07
1784243700000,3980.0499999999997,3980.58,3977.68,3978.46
1784244600000,3978.08,3981.86,3975.6,3981.45
1784245500000,3981.54,3986.46,3976.63,3985.9100000000003
1784246400000,3986.36,3987.38,3983.08,3983.18
1784247300000,3983.8900000000003,3990.96,3983.8,3984.82
1784248200000,3984.79,3985.08,3980.61,3981.9900000000002
1784249100000,3981.96,3991.9300000000003,3981.61,3991.81
1784250000000,3991.94,3995.1,3987.37,3992.0899999999997
1784250900000,3992.08,3996.18,3988.06,3991.0499999999997
1784251800000,3991.04,3995.3399999999997,3988.87,3991.3199999999997
1784252700000,3991.29,3992.7000000000003,3979.15,3983.2200000000003
1784253600000,3983.46,3987.33,3979.79,3980.86
1784254500000,3980.64,3984.39,3980.37,3983.14
1784255400000,3982.89,3984.16,3970.75,3974.96
1784256300000,3974.9500000000003,3980.1,3974.4,3979.21
1784257200000,3978.91,3992.75,3978.79,3988.67
1784258100000,3988.6600000000003,4008.4900000000002,3988.51,4001.0600000000004
1784259000000,4001.03,4001.4700000000003,3995.88,3997.4700000000003
1784259900000,3997.4900000000002,3998.57,3990.57,3991.38
1784260800000,3991.08,3991.67,3987.33,3988.7999999999997
1784261700000,3988.85,3990.24,3985.24,3986.2299999999996
1784262600000,3986.25,3988.06,3980.09,3981.88
1784263500000,3981.9,3984.6,3980.21,3981.75
1784264400000,3981.63,3982.83,3977.17,3979.58
1784265300000,3979.35,3981.61,3975.29,3979.8
1784266200000,3979.48,3990.42,3978.44,3986.73
1784267100000,3986.81,3991.38,3981.86,3984.96
1784268000000,3985.01,4000.7900000000004,3985.01,3999.6400000000003
1784268900000,3999.6200000000003,4005.94,3997.86,4003.79
1784269800000,4003.7599999999998,4007.16,3995.66,3996.24
1784270700000,3996.23,4001.52,3996.02,3999.34
1784271600000,3999.1600000000003,4002.4900000000002,3993.36,3996.51
1784272500000,3996.47,3999.28,3994,3996.36
1784273400000,3996.3700000000003,3998.6000000000004,3994.03,3998.6000000000004
1784274300000,3998.4700000000003,3998.61,3992.65,3992.7000000000003
1784275200000,3992.54,3999.79,3991.38,3993.2200000000003
1784276100000,3993.21,3995.0299999999997,3988.14,3992.42
1784277000000,3992.43,3993.39,3987.87,3993.35
1784277900000,3993.37,3999.4300000000003,3991.63,3994.09
1784278800000,3993.91,3998.54,3992.74,3997.89
1784279700000,3998.13,4002.4100000000003,3995.57,3999.04
1784280600000,3998.98,3999.64,3995.19,3995.73
1784281500000,3995.89,3998.66,3994.73,3998.01
1784282400000,3998.32,3998.69,3994.84,3997.28
1784283300000,3997.2999999999997,3999.16,3994.33,3996.15
1784284200000,3995.91,3997.54,3993.89,3996.3199999999997
1784285100000,3996.35,3997.25,3990.48,3990.89
1784286000000,3991.06,3994.34,3990.44,3991.73
1784286900000,3991.75,3995.99,3989.97,3995.6699999999996
1784287800000,3995.71,3996.47,3991.43,3992
1784288700000,3992.0099999999998,3998.74,3991.43,3994.0299999999997
1784289600000,3993.96,3995.46,3988.36,3989.9100000000003
1784290500000,3989.92,3992.2799999999997,3984.35,3987.35
1784291400000,3987.7200000000003,3988.31,3965.57,3969.6200000000003
1784292300000,3969.5400000000004,3973.1400000000003,3964.03,3966.19
1784293200000,3966.25,3975.79,3959.67,3970.09
1784294100000,3969.28,3975.08,3967.13,3968.3
1784295000000,3968.33,4003.6099999999997,3963.72,3984.99
1784295900000,3985.02,3997.39,3981.15,3997.26
1784296800000,3997.04,4000.69,3990.13,3994.56
1784297700000,3995.19,4004.37,3993.67,3998.48
1784298600000,3998.4500000000003,3999.69,3992.19,3997.68
1784299500000,3997.6600000000003,4001.3500000000004,3992.84,4001.1000000000004
1784300400000,4001.08,4014.04,3997.77,4005.98
1784301300000,4005.9700000000003,4013.28,4004.53,4013.28
1784302200000,4013.38,4016.2,4009.25,4015.33
1784303100000,4015.29,4021.19,4013.73,4019.07
1784304000000,4019.25,4020.35,4010.96,4018.03
1784304900000,4017.84,4023.7,4016.77,4018.65
1784305800000,4018.67,4019.32,4012.76,4017.3500000000004
1784306700000,4017.3900000000003,4020.55,4014.61,4014.9300000000003
1784307600000,4015.23,4019.17,4013.26,4013.34
1784308500000,4013.3199999999997,4015.8399999999997,4012.47,4013.8799999999997
1784309400000,4013.73,4014.5,4009.75,4010.93
1784310300000,4010.92,4013.29,4008.32,4010.02
1784311200000,4010.27,4012.91,4007.69,4010.38
1784312100000,4010.39,4016.0699999999997,4008.99,4015.3599999999997
1784313000000,4014.8799999999997,4016.1,4007.2,4008.18
1784313900000,4008.13,4012.2,4006.54,4011.24
1784314800000,4011.21,4011.3999999999996,4004.41,4005.89
1784315700000,4005.79,4006.71,4002.33,4005.34
1784316600000,4005.46,4010.02,4004.91,4009.8799999999997
1784317500000,4009.9700000000003,4016.4900000000002,4009.3,4015.34
1784318400000,4015.45,4015.75,4012.1,4012.17
1784319300000,4012.18,4012.58,4008.87,4010.8199999999997
1784320200000,4010.85,4013.79,4008.62,4013.5299999999997
1784321100000,4013.5099999999998,4018.42,4013.27,4017.57
1784498400000,4001.61,4003.86,3994.56,3996.57
1784499300000,3996.17,4000.29,3994.83,3994.96
1784500200000,3994.97,3999.23,3993.41,3996.8599999999997
1784501100000,3996.85,3998.4,3994.69,3994.75
1784502000000,3994.7400000000002,3995.59,3990.67,3991.09
1784502900000,3991.08,3994,3990.61,3993.17
1784503800000,3993.18,3994.36,3989.79,3992.43
1784504700000,3992.4399999999996,3996.08,3989.49,3995.3999999999996
1784505600000,3995.79,3998.8199999999997,3982.66,3995.98
1784506500000,3995.97,4005.6099999999997,3993.62,4003.79
1784507400000,4003.77,4007.2599999999998,3998.33,3998.65
1784508300000,3998.66,4010.2,3998.54,4008.54
1784509200000,4008.7799999999997,4020.6699999999996,4005.74,4010.0099999999998
1784510100000,4010.02,4010.2000000000003,3999.8,4003.04
1784511000000,4003.06,4005.69,3995.73,3997.02
1784511900000,3997.11,4004.34,3996.98,4002.1
1784512800000,4002.12,4009.92,4001.27,4006.15
1784513700000,4006.16,4008.87,4004,4006.94
1784514600000,4006.92,4016.06,4006.06,4014.74
1784515500000,4014.8399999999997,4028.7,4013.87,4021.85
1784516400000,4021.78,4024.55,4018.59,4023.96
1784517300000,4023.96,4026.71,4021.64,4022.08
1784518200000,4022.21,4027.92,4018.73,4026.95
1784519100000,4027.1099999999997,4027.77,4022.74,4024.0499999999997
1784520000000,4024.06,4026.7,4021.41,4021.46
1784520900000,4021.45,4025.48,4021.35,4025.2599999999998
1784521800000,4025.2999999999997,4025.31,4022.14,4022.91
1784522700000,4022.9199999999996,4022.9399999999996,4018.47,4018.8599999999997
1784523600000,4018.98,4021.12,4011.75,4013.82
1784524500000,4013.8,4014.9300000000003,4009.9,4010.92
1784525400000,4010.5,4014.52,4007.92,4009.88
1784526300000,4009.8999999999996,4010.8599999999997,4005.43,4008.68
1784527200000,4008.72,4011.68,4006.73,4007.41
1784528100000,4007.32,4009.53,4003.96,4004.9
1784529000000,4004.89,4006.39,4002.92,4004.83
1784529900000,4004.8500000000004,4007.4900000000002,4003.28,4003.78
1784530800000,4003.92,4006.83,4002.04,4004.25
1784531700000,4004.37,4008.67,4002.19,4006.67
1784532600000,4006.61,4021,4006.58,4021
1784533500000,4021.36,4021.77,4015.8,4017.23
1784534400000,4017.36,4025.44,4017.33,4023.99
1784535300000,4024.2000000000003,4030.65,4021.8,4021.9300000000003
1784536200000,4021.98,4024.85,4018.92,4021.79
1784537100000,4021.98,4022.88,4017.5,4018.96
1784538000000,4018.78,4021.08,4015.21,4019.43
1784538900000,4019.36,4022.09,4015.58,4016.41
1784539800000,4016.29,4020.89,4014.89,4019.1299999999997
1784540700000,4019.01,4023.23,4017.55,4021.2000000000003
1784541600000,4021.22,4021.7999999999997,4018.24,4020.77
1784542500000,4020.75,4023.32,4018.75,4021.87
1784543400000,4021.7400000000002,4024.17,4021.19,4022.14
1784544300000,4022.13,4025.6,4020.92,4024.2400000000002
1784545200000,4024.2200000000003,4027.2400000000002,4019.78,4022.07
1784546100000,4022.27,4023.9399999999996,4019.97,4022.22
1784547000000,4022.23,4040.7400000000002,4021.51,4032.5400000000004
1784547900000,4032.23,4032.34,4025,4025.26
1784548800000,4024.92,4025.19,4011.5,4012.79
1784549700000,4012.72,4014.85,4006.81,4012.89
1784550600000,4012.8300000000004,4014.71,4006.53,4009.9900000000002
1784551500000,4009.97,4015.57,4008.02,4008.08
1784552400000,4008.26,4013.88,4007.88,4008.71
1784553300000,4008.67,4012.63,4006.96,4008.62
1784554200000,4008.6299999999997,4017.31,4008.14,4012.97
1784555100000,4013.03,4013.26,4005.71,4005.7400000000002
1784556000000,4005.6800000000003,4007.78,3998.28,3998.69
1784556900000,3998.84,4006.7599999999998,3998.27,4006.65
1784557800000,4006.7200000000003,4010.8500000000004,4006.05,4007.3100000000004
1784558700000,4007.32,4013.35,4005.17,4006.19
1784559600000,4006.37,4019.5,4004.47,4014.18
1784560500000,4014.2000000000003,4016.57,4011.19,4016.4
1784561400000,4016.42,4016.73,4010.26,4012.9300000000003
1784562300000,4012.94,4016.4,4011.76,4011.8100000000004
1784563200000,4011.8,4018.35,4011.25,4013.71
1784564100000,4013.7599999999998,4014.33,4010.74,4012.4599999999996
1784565000000,4012.52,4012.66,4001.62,4009.62
1784565900000,4009.47,4010.48,4007.14,4009.81
1784566800000,4009.78,4012.27,4009.53,4010.1600000000003
1784567700000,4010.08,4012.98,4008.84,4012.1000000000004
1784568600000,4012.08,4012.94,4007.67,4007.9700000000003
1784569500000,4007.96,4007.96,4003.75,4005.21
1784570400000,4005.24,4010.7599999999998,4005.24,4008.74
1784571300000,4008.79,4011.81,4003.46,4006.67
1784572200000,4006.7000000000003,4007.5,4004.42,4006.4700000000003
1784573100000,4006.46,4008.7,4005.33,4007.24
1784574000000,4007.29,4007.9900000000002,4004.42,4004.63
1784574900000,4004.5800000000004,4012.9500000000003,4004.3,4012.9
1784575800000,4012.49,4018.0099999999998,4005.24,4005.77
1784576700000,4005.67,4009.9100000000003,4005.4,4006.89
1784577600000,4007.04,4009.4,4005.73,4007.77
1784578500000,4007.7599999999998,4009.19,4007.06,4008.18
1784579400000,4008.19,4009.43,4007.29,4008.75
1784580300000,4008.71,4008.78,4007,4007.51
1784584800000,4009.62,4009.72,4005.83,4006.99
1784585700000,4006.97,4010.6099999999997,4005.16,4009.85
1784586600000,4009.86,4009.86,4002.81,4004.16
1784587500000,4004.13,4008.47,3999.79,4000.49
1784588400000,4000.64,4009.8799999999997,4000.24,4003.0499999999997
1784589300000,4003.1200000000003,4007.2400000000002,4003.03,4003.5800000000004
1784590200000,4003.3900000000003,4008.51,4003.36,4007.56
1784591100000,4007.58,4010.58,4004.21,4009.89
1784592000000,4009.91,4012.5499999999997,4003.87,4010.5699999999997
1784592900000,4010.5800000000004,4018.44,4007.82,4014.9900000000002
1784593800000,4014.96,4023.85,4014.1,4022.44
1784594700000,4022.48,4027.1,4021.9,4024.81
1784595600000,4025.25,4029.8599999999997,4018.43,4028.87
1784596500000,4028.91,4035.81,4026.04,4028.16
1784597400000,4028.17,4030.91,4023.14,4024.45
1784598300000,4024.3599999999997,4028.2599999999998,4021.47,4023.1699999999996
1784599200000,4023.2999999999997,4026.63,4022.06,4024.43
1784600100000,4024.4,4030.02,4021.96,4028.81
1784601000000,4028.75,4045.14,4028.15,4035.64
1784601900000,4035.65,4038.46,4031.05,4038.02
1784602800000,4037.98,4042.2799999999997,4037.62,4038.02
1784603700000,4038,4051.29,4036.79,4047.45
1784604600000,4047.4700000000003,4049.6400000000003,4041.82,4041.88
1784605500000,4041.83,4047.44,4041.83,4046.93
1784606400000,4047,4051.73,4045.72,4046.0899999999997
1784607300000,4046.07,4046.91,4043.75,4044.66
1784608200000,4044.67,4047.6000000000004,4044.32,4046.9500000000003
1784609100000,4047.2,4049.75,4045.41,4049.5899999999997
1784610000000,4049.7599999999998,4051.73,4046.39,4051.5099999999998
1784610900000,4051.38,4056.4900000000002,4048.05,4054.48
1784611800000,4054.49,4066.43,4054.49,4065.8799999999997
1784612700000,4066.1800000000003,4067.9700000000003,4061.3,4061.4900000000002
1784613600000,4061.6,4072.5099999999998,4061.6,4071.35
1784614500000,4071.3799999999997,4074.3599999999997,4068.43,4072.3799999999997
1784615400000,4072.9900000000002,4080.69,4071.9,4077.06
1784616300000,4077.07,4084.13,4077.07,4078.34
1784617200000,4078.5099999999998,4080.17,4071.79,4072.12
1784618100000,4072.11,4073.5099999999998,4068.35,4069.5899999999997
1784619000000,4069.58,4075.33,4067.68,4071.43
1784619900000,4071.44,4072.5499999999997,4069.83,4071.31
1784620800000,4071.32,4072.53,4065.65,4067.9900000000002
1784621700000,4067.9700000000003,4068.59,4063.01,4063.5200000000004
1784622600000,4063.62,4065.14,4060.93,4062.2
1784623500000,4062.2200000000003,4063.56,4059.21,4062.79
1784624400000,4062.95,4066.7599999999998,4062.95,4065.16
1784625300000,4065.1800000000003,4068.46,4062.67,4062.79
1784626200000,4062.81,4065.62,4060.96,4062.41
1784627100000,4062.42,4069.6400000000003,4062.13,4065.9100000000003
1784628000000,4065.7799999999997,4068.3999999999996,4060.97,4066.2999999999997
1784628900000,4066.31,4069.24,4064.89,4066.72
1784629800000,4066.7999999999997,4070.13,4066.56,4067.08
1784630700000,4067.11,4068.51,4062.55,4062.88
1784631600000,4062.98,4063.65,4055.5,4058.56
1784632500000,4058.48,4059.7,4056.23,4058.04
1784633400000,4058.0800000000004,4061.05,4055.51,4056.0400000000004
1784634300000,4055.91,4058.37,4054.42,4055.9900000000002
1784635200000,4056.02,4060.9900000000002,4055.9,4059.42
1784636100000,4059.41,4065.71,4055.75,4061.53
1784637000000,4061.7000000000003,4063.71,4051.07,4053.94
1784637900000,4053.9,4062.16,4052.92,4053.91
1784638800000,4054.08,4060.38,4053.94,4059.81
1784639700000,4059.8,4061.69,4050.29,4051.0099999999998
1784640600000,4051.08,4057.4,4044.79,4046.5099999999998
1784641500000,4046.47,4053.5299999999997,4044.47,4053.16
1784642400000,4053.1800000000003,4065.8700000000003,4051.8,4065.8700000000003
1784643300000,4065.7599999999998,4069.43,4061.02,4069.41
1784644200000,4069.21,4073.73,4062.29,4067.46
1784645100000,4067.49,4070.68,4066.18,4068.3599999999997
1784646000000,4068.34,4073.76,4065.57,4073.26
1784646900000,4073.28,4079.0400000000004,4073.28,4076.77
1784647800000,4076.8,4083.3900000000003,4075.51,4075.84
1784648700000,4075.85,4078.17,4072.19,4074.12
1784649600000,4074,4079.14,4073.67,4078.46
1784650500000,4078.44,4078.55,4074.02,4075.65
1784651400000,4075.62,4076.34,4071.17,4072.06
1784652300000,4072.0699999999997,4073.2599999999998,4069.87,4071.5299999999997
1784653200000,4071.51,4072.51,4069.28,4070.4900000000002
1784654100000,4070.44,4072.81,4068.96,4072.23
1784655000000,4072.1000000000004,4072.28,4066.84,4068.15
1784655900000,4068.09,4068.6400000000003,4066.76,4068.6400000000003
1784656800000,4068.6800000000003,4072.31,4067.65,4071.4700000000003
1784657700000,4071.3999999999996,4086.5499999999997,4071.22,4083.79
1784658600000,4083.72,4085.64,4081.2,4082.4199999999996
1784659500000,4082.34,4083.3700000000003,4079.32,4082.23
1784660400000,4082.9300000000003,4085.63,4080.09,4080.8900000000003
1784661300000,4081.1,4085.31,4081.1,4084.14
1784662200000,4084.06,4085.03,4081.94,4083.38
1784663100000,4083.3999999999996,4085.39,4082.91,4084.48
1784664000000,4084.65,4086.18,4083.29,4084.35
1784664900000,4084.36,4084.5,4081.6,4082.81
1784665800000,4082.82,4085.38,4080.42,4081.01
1784666700000,4080.97,4080.98,4076.62,4077.66
1784671200000,4079.7900000000004,4079.88,4077.03,4079.01
1784672100000,4079.08,4083.06,4078.24,4082.7799999999997
1784673000000,4082.76,4085.05,4082.57,4084
1784673900000,4083.9300000000003,4084.3900000000003,4078.28,4080.4500000000003
1784674800000,4080.5099999999998,4081.9199999999996,4079.49,4081.3199999999997
1784675700000,4081.29,4082.48,4080.92,4081.15
1784676600000,4081.1600000000003,4082.3500000000004,4079.28,4080.4
1784677500000,4080.38,4083.03,4079.21,4080.63
1784678400000,4080.58,4092.81,4076.62,4092.22
1784679300000,4092.32,4098.7300000000005,4092.28,4098.1
1784680200000,4098.15,4102.44,4089.75,4092.77
1784681100000,4092.7000000000003,4099.54,4091.57,4097.51
1784682000000,4097.900000000001,4121.5,4096.85,4121.370000000001
1784682900000,4121.04,4121.75,4111.88,4115.47
1784683800000,4115.5,4122.929999999999,4112.95,4121.65
1784684700000,4122.0599999999995,4123.61,4117.37,4122.11
1784685600000,4122,4123.219999999999,4118.73,4121.98
1784686500000,4121.9400000000005,4126.02,4119.92,4124.2
1784687400000,4124.18,4130.39,4122.22,4128.2300000000005
1784688300000,4128.24,4130.83,4126.3,4130.51
1784689200000,4130.5,4140.570000000001,4129.26,4137.21
1784690100000,4137.05,4141.650000000001,4136.77,4138.26
1784691000000,4138.299999999999,4138.299999999999,4132.48,4133.509999999999
1784691900000,4133.5599999999995,4134.389999999999,4130.07,4130.86
1784692800000,4130.68,4131.1900000000005,4126.26,4126.92
1784693700000,4126.94,4129.62,4126.94,4128.79
1784694600000,4128.91,4129.0199999999995,4124.73,4127.259999999999
1784695500000,4127.339999999999,4127.61,4125.19,4126.98
1784696400000,4127.02,4129.91,4125.84,4128.5
1784697300000,4128.49,4128.66,4123.13,4123.71
1784698200000,4123.719999999999,4134,4123.11,4132.48
1784699100000,4132.31,4133.22,4128.02,4131.040000000001
1784700000000,4131.05,4135.26,4129.47,4129.83
1784700900000,4129.7699999999995,4131.91,4114.04,4117.49
1784701800000,4117.5,4120.32,4114.65,4118.82
1784702700000,4118.8099999999995,4120.639999999999,4113.4,4116.5
1784703600000,4116.45,4117.25,4111.97,4116.46
1784704500000,4116.31,4122.490000000001,4115.97,4119.7
1784705400000,4119.629999999999,4123.0199999999995,4110.94,4112.3099999999995
1784706300000,4112.29,4114.339999999999,4109.23,4110.589999999999
1784707200000,4111.12,4115.96,4110.62,4114.64
1784708100000,4114.69,4117.7699999999995,4113.41,4117.389999999999
1784709000000,4117.4800000000005,4119.14,4114.13,4114.45
1784709900000,4114.469999999999,4120.12,4113.36,4118.25
1784710800000,4118.47,4122.21,4117.8,4121.6900000000005
1784711700000,4121.8099999999995,4122.29,4117.94,4118.65
1784712600000,4118.54,4121.6900000000005,4114.35,4115.9800000000005
1784713500000,4115.9400000000005,4117.88,4113.26,4115
1784714400000,4115.12,4119.96,4114.93,4117.450000000001
1784715300000,4117.5,4121.8099999999995,4116.4,4119.349999999999
1784716200000,4119.34,4119.91,4116.01,4117.08
1784717100000,4117.05,4120.27,4116.17,4117.57
1784718000000,4117.5599999999995,4120.879999999999,4115.19,4119.15
1784718900000,4119.05,4123,4117.51,4118.62
1784719800000,4118.64,4120.51,4112.56,4115.17
1784720700000,4115.16,4123.0199999999995,4114.7,4122.59
1784721600000,4122.82,4127.29,4121.82,4126.98
1784722500000,4127.38,4133.13,4124.81,4132.59
1784723400000,4132.83,4134.419999999999,4124.73,4127.25
1784724300000,4127.2699999999995,4127.599999999999,4106.66,4112.91
1784725200000,4113.12,4125.849999999999,4112.9,4125.759999999999
1784726100000,4125.74,4134.95,4125.03,4131.75
1784727000000,4132.21,4146.65,4132.21,4142.66
1784727900000,4142.98,4155.88,4142.62,4154.59
1784728800000,4154.6900000000005,4163.35,4153.3,4156.54
1784729700000,4156.5,4156.5,4144.42,4146.28
1784730600000,4146.41,4152.900000000001,4146.26,4150.9400000000005
1784731500000,4150.92,4152.85,4144.1,4148.450000000001
1784732400000,4148.51,4158.47,4148.51,4157.49
1784733300000,4157.4800000000005,4161.360000000001,4153.3,4157.150000000001
1784734200000,4157.16,4160.88,4155.62,4159.92
1784735100000,4160,4165.9800000000005,4158.46,4159.39
1784736000000,4159.42,4159.46,4153.18,4154.43
1784736900000,4154.46,4155.5599999999995,4147.86,4149.16
1784737800000,4149.179999999999,4151.349999999999,4144.45,4147
1784738700000,4147.450000000001,4148.9400000000005,4144.6,4146.83
1784739600000,4146.8,4147.860000000001,4143.14,4145.37
1784740500000,4145.29,4147.13,4142.68,4146.06
1784741400000,4145.969999999999,4147.469999999999,4138.36,4140.53
1784742300000,4140.64,4143.7300000000005,4140.39,4142.33
1784743200000,4142.46,4142.71,4136.72,4138.08
1784744100000,4137.95,4139.7,4134.7,4135.15
1784745000000,4135.23,4136.21,4131.99,4135.889999999999
1784745900000,4135.88,4138.79,4135.29,4135.96
1784746800000,4135.95,4137.19,4133.03,4134.0199999999995
1784747700000,4134,4135.37,4131.7,4134.4
1784748600000,4134.29,4136.18,4132.55,4133.92
1784749500000,4133.97,4135.3,4128.97,4131.81
1784750400000,4131.7699999999995,4135.53,4130.45,4134.55
1784751300000,4134.44,4137.82,4133.91,4136.59
1784752200000,4136.57,4137.549999999999,4130.82,4130.88
1784753100000,4130.86,4131.11,4128.44,4129.969999999999
1784757600000,4118.110000000001,4125.85,4117.47,4123.84
1784758500000,4124.21,4128.900000000001,4120.77,4128.76
1784759400000,4128.77,4129.8,4120.02,4121.56
1784760300000,4121.57,4126.66,4120.69,4121.719999999999
1784761200000,4121.95,4124.71,4116.53,4123.92
1784762100000,4123.929999999999,4124.089999999999,4119.23,4119.98
1784763000000,4120.05,4124.56,4119.13,4123.7
1784763900000,4123.69,4134.17,4123,4133.39
1784764800000,4133.55,4134.389999999999,4126.16,4126.79
1784765700000,4126.71,4134.66,4126.66,4129.2
1784766600000,4129.17,4132.2,4127.13,4127.95
1784767500000,4127.76,4133.3,4125.12,4132.12
1784768400000,4132.139999999999,4139.09,4129.91,4134.43
1784769300000,4134.7699999999995,4141.0599999999995,4133.66,4137.45
1784770200000,4137.5599999999995,4139.23,4121.73,4121.73
1784771100000,4121.75,4123.68,4114.31,4117.900000000001
1784772000000,4117.8099999999995,4118.88,4112.08,4117.66
1784772900000,4117.91,4118.07,4113.34,4116.28
1784773800000,4116.17,4122.27,4113.88,4122.16
1784774700000,4122.07,4128.79,4121.37,4128.08
1784775600000,4128.11,4129,4124.08,4127.1
1784776500000,4127.11,4133.07,4126.67,4130.54
1784777400000,4130.48,4131.05,4125.95,4128.7699999999995
1784778300000,4128.87,4128.87,4124.14,4124.68
1784779200000,4124.650000000001,4127.6900000000005,4122.52,4127.68
1784780100000,4127.69,4129.88,4125.08,4129.7699999999995
1784781000000,4129.75,4130.37,4123.04,4123.14
1784781900000,4123.15,4124.32,4120.03,4121.19
1784782800000,4121.110000000001,4124.97,4119.43,4124.400000000001
1784783700000,4124.39,4125.46,4119.89,4125.46
1784784600000,4125.48,4128.51,4123.45,4127.7
1784785500000,4127.68,4130.5199999999995,4120.66,4124.04
1784786400000,4124.1900000000005,4128.17,4121.18,4123.1900000000005
1784787300000,4123.099999999999,4127.799999999999,4121.32,4122.09
1784788200000,4122.150000000001,4123.860000000001,4116.93,4119.97
1784789100000,4119.95,4122.349999999999,4117.86,4118.5599999999995
1784790000000,4118.61,4119.389999999999,4101.94,4106.679999999999
1784790900000,4106.72,4112.03,4105.5,4108.44
1784791800000,4108.75,4108.75,4091.36,4095.52
1784792700000,4095.72,4096.889999999999,4090.14,4095.43
1784793600000,4096.22,4097.7300000000005,4090.21,4091.4700000000003
1784794500000,4091.46,4092.4700000000003,4088.61,4091.9300000000003
1784795400000,4091.58,4093.79,4088.65,4092.4100000000003
1784796300000,4092.32,4094.78,4087.03,4093.42
1784797200000,4093.26,4099.39,4092.71,4094.9
1784798100000,4094.89,4097.08,4089.4,4091.46
1784799000000,4091.48,4092.8399999999997,4088.68,4091.85
1784799900000,4091.8599999999997,4094.24,4088.39,4089.87
1784800800000,4089.81,4091.64,4087.91,4090.79
1784801700000,4090.7799999999997,4092.43,4086.08,4089.83
1784802600000,4089.73,4092.7999999999997,4086.58,4089.42
1784803500000,4089.41,4095.29,4087.29,4093.17
1784804400000,4093.1600000000003,4093.84,4087.01,4087.71
1784805300000,4087.68,4089.2799999999997,4081.04,4084.36
1784806200000,4084.33,4084.33,4073.09,4078.73
1784807100000,4078.68,4089.13,4077.83,4085.61
1784808000000,4085.6,4085.93,4081.23,4081.42
1784808900000,4081.48,4083.06,4070.34,4074.9500000000003
1784809800000,4074.32,4074.97,4064.5,4069.07
1784810700000,4069.1,4069.21,4061.06,4061.83
1784811600000,4061.92,4063.54,4040.5,4040.89
1784812500000,4040.91,4059.11,4040.75,4058.68
1784813400000,4058.65,4067.4,4055.52,4056.28
1784814300000,4056.39,4058.99,4042.83,4043.27
1784815200000,4043.36,4051.35,4040.08,4048.0099999999998
1784816100000,4047.9500000000003,4056.8900000000003,4042.3,4056.3900000000003
1784817000000,4056.3999999999996,4060.3799999999997,4051.7,4057.0899999999997
1784817900000,4057.03,4061.73,4056.07,4057.8700000000003
1784818800000,4057.94,4059.4,4049.42,4051.39
1784819700000,4051.12,4056.7999999999997,4045.56,4046.9
1784820600000,4046.9300000000003,4053.1000000000004,4042.3,4048.05
1784821500000,4048.04,4050.98,4046.69,4048.65
1784822400000,4048.76,4050.96,4047.32,4050.17
1784823300000,4050.13,4051.5699999999997,4045.83,4050.0099999999998
1784824200000,4050.02,4051.12,4046.97,4049.83
1784825100000,4049.84,4051.73,4048,4051.41
1784826000000,4051.52,4054.59,4046.86,4047.23
1784826900000,4047.25,4050.4900000000002,4046.13,4047.19
1784827800000,4047.08,4049.14,4041.85,4042.8199999999997
1784828700000,4042.81,4044.23,4041.6,4041.7799999999997
1784829600000,4041.73,4044.17,4040.77,4041.88
1784830500000,4041.86,4045.1000000000004,4040.8,4044.48
1784831400000,4044.46,4048.06,4044.42,4046.4900000000002
1784832300000,4046.5099999999998,4048.37,4044.56,4046.0299999999997
1784833200000,4046.09,4048.53,4042.96,4043.2400000000002
1784834100000,4043.22,4049.14,4043.06,4048.17
1784835000000,4048.2000000000003,4050.92,4045.76,4045.8300000000004
1784835900000,4045.8599999999997,4051.12,4044.91,4049.72
1784836800000,4049.79,4051.18,4048.23,4049.5
1784837700000,4049.49,4050.56,4047.43,4050.23
1784838600000,4050.25,4050.64,4048.85,4049.89
1784839500000,4049.76,4050.01,4047.5,4049.4
1784844000000,4048.8900000000003,4050.29,4048.59,4048.98
1784844900000,4049.24,4050.2299999999996,4049.24,4049.89
1784845800000,4049.9700000000003,4050.4500000000003,4048.78,4049.3700000000003
1784846700000,4049.4,4050.49,4048.54,4049.57
1784847600000,4049.56,4049.81,4047.46,4048.48
1784848500000,4048.4700000000003,4049.9300000000003,4047.17,4049.19
1784849400000,4049.1400000000003,4050.59,4047.11,4048.27
1784850300000,4048.2799999999997,4049.65,4046.62,4047.02
1784851200000,4047.44,4050.0099999999998,4041.31,4041.59
1784852100000,4041.6000000000004,4048.0400000000004,4041.26,4046.6000000000004
1784853000000,4046.5699999999997,4050.12,4044.87,4049.23
1784853900000,4049.24,4050.73,4048.41,4049.75
1784854800000,4049.88,4050.18,4040.35,4042.44
1784855700000,4042.4799999999996,4045.9399999999996,4041.49,4042.7599999999998
1784856600000,4042.71,4050.33,4041.59,4049.96
1784857500000,4049.7,4050.14,4041.43,4043.6499999999996
1784858400000,4043.71,4045.88,4041.07,4045.7000000000003
1784859300000,4045.6600000000003,4048.1800000000003,4042.65,4046.4700000000003
1784860200000,4046.55,4048.11,4041.3,4041.73
1784861100000,4041.6,4041.81,4023.1,4024.56
1784862000000,4024.4900000000002,4032.31,4023.17,4031.82
1784862900000,4031.78,4033.68,4028.19,4030.28
1784863800000,4030.31,4033.21,4030.31,4031.56
1784864700000,4031.5099999999998,4032.12,4028.39,4029.31
1784865600000,4029.3,4030.29,4027.04,4028.16
1784866500000,4028.15,4030.3199999999997,4027.64,4029.77
1784867400000,4029.98,4030.31,4025.96,4026.89
1784868300000,4026.88,4028.77,4025.56,4027.04
1784869200000,4027.1099999999997,4032.2099999999996,4025.24,4027.5899999999997
1784870100000,4027.42,4029.8199999999997,4022.41,4026.17
1784871000000,4026.1,4031.49,4024.02,4024.81
1784871900000,4024.75,4029.2400000000002,4021.8,4023.0600000000004
1784872800000,4023.14,4031.34,4022.98,4030.93
1784873700000,4030.95,4038.98,4029.27,4036.59
1784874600000,4036.61,4037.18,4033.23,4033.9
1784875500000,4033.91,4038.69,4031.67,4035.7000000000003
1784876400000,4035.73,4047.38,4035.09,4045.4100000000003
1784877300000,4045.42,4050.77,4044,4048.74
1784878200000,4048.76,4053.6000000000004,4045.84,4048.4300000000003
1784879100000,4048.4100000000003,4049.7400000000002,4046.11,4048.3900000000003
1784880000000,4048.3799999999997,4049.1,4045.2,4046.8199999999997
1784880900000,4046.68,4052.47,4045.1,4052.47
1784881800000,4051.94,4055.48,4048.77,4054.64
1784882700000,4054.58,4058.6899999999996,4052.24,4057.54
1784883600000,4057.61,4060.75,4053.27,4054.09
1784884500000,4054.14,4056.65,4052.5,4052.98
1784885400000,4053,4056.21,4051.68,4055.64
1784886300000,4055.71,4059.8399999999997,4054.64,4059.7999999999997
1784887200000,4060.12,4061.46,4057.69,4058.13
1784888100000,4058.18,4063.66,4057.52,4062
1784889000000,4061.98,4063.8399999999997,4058.22,4058.39
1784889900000,4058.3799999999997,4060.2599999999998,4057.16,4060.0699999999997
1784890800000,4060.19,4063.45,4058.52,4061.23
1784891700000,4061.2400000000002,4061.98,4059.17,4059.17
1784892600000,4059.13,4060.34,4055.23,4055.25
1784893500000,4055.3799999999997,4061.6499999999996,4051.41,4057.72
1784894400000,4057.73,4058.39,4052.37,4056.5899999999997
1784895300000,4056.5600000000004,4060.17,4054.8,4059.59
1784896200000,4059.17,4059.59,4052,4055.1
1784897100000,4055.12,4056.35,4051.68,4056.0899999999997
1784898000000,4055.9700000000003,4058.44,4044.71,4048.15
1784898900000,4048.13,4049.34,4044.9,4046.36
1784899800000,4046.35,4056.67,4044.81,4052.23
1784900700000,4049.37,4068.64,4048.5,4067.6
1784901600000,4067.4700000000003,4069.9300000000003,4057.26,4058.84
1784902500000,4058.88,4069.34,4055.92,4066.07
1784903400000,4066.26,4068.03,4059.3,4060.34
1784904300000,4060.33,4066.42,4058.56,4063.29
1784905200000,4063.4,4076.5699999999997,4061.85,4074.7
1784906100000,4074.5,4082.04,4072.05,4075.03
1784907000000,4075.08,4079.58,4071.87,4072.0499999999997
1784907900000,4072.21,4077.8700000000003,4071.01,4077.34
1784908800000,4077.37,4077.5299999999997,4074.45,4074.8799999999997
1784909700000,4074.89,4078.16,4073.56,4073.82
1784910600000,4073.7,4074.04,4066.64,4067.69
1784911500000,4067.54,4067.7,4064.16,4067
1784912400000,4067.06,4068.39,4062.98,4064.16
1784913300000,4064.17,4069.82,4063.61,4068.3700000000003
1784914200000,4068.1600000000003,4069.83,4066.13,4066.52
1784915100000,4066.5,4067.4,4063.03,4063.3700000000003
1784916000000,4063.5800000000004,4064.53,4061.26,4061.6200000000003
1784916900000,4061.61,4062.9700000000003,4055.03,4055.28
1784917800000,4055.44,4057.0499999999997,4051.12,4052.13
1784918700000,4052.1200000000003,4055.86,4051.76,4054.3500000000004
1784919600000,4054.4100000000003,4056.29,4052.11,4052.28
1784920500000,4052.21,4052.31,4049.19,4051.4900000000002
1784921400000,4051.45,4057.9,4051.31,4056.89
1784922300000,4056.8799999999997,4057.4199999999996,4052.74,4053.6899999999996
1784923200000,4053.38,4055.25,4052.09,4052.54
1784924100000,4052.5699999999997,4054.73,4052.08,4053.67
1784925000000,4053.72,4055.98,4051.68,4055.45
1784925900000,4055.3599999999997,4056.2,4052.14,4052.7799999999997
1785103200000,4091.0899999999997,4096.7699999999995,4086.43,4088.0299999999997
1785104100000,4088.09,4090.01,4083.94,4086.52
1785105000000,4086.5,4092.97,4085.62,4091.2
1785105900000,4091.12,4093.74,4088.79,4089.64
1785106800000,4089.34,4091.14,4084.44,4084.77
1785107700000,4084.82,4086.3,4083.67,4084.79
1785108600000,4084.7599999999998,4089.29,4084.56,4089.04
1785109500000,4089.03,4096.29,4088.28,4094.09
1785110400000,4094.11,4116.13,4094.01,4115.55
1785111300000,4115.58,4115.58,4090.61,4094.54
1785112200000,4094.49,4102.45,4093.68,4099.84
1785113100000,4099.85,4109.22,4099.06,4100.72
1785114000000,4100.6,4112.46,4100.6,4107.1
1785114900000,4107.63,4109.13,4096.92,4099.92
1785115800000,4100.34,4104.2300000000005,4097.89,4102.64
1785116700000,4102.63,4110.08,4102.62,4110.08
1785117600000,4110.32,4110.89,4103.33,4105.53
1785118500000,4105.52,4105.85,4102.01,4103.05
1785119400000,4103.14,4103.14,4095.56,4096.5
1785120300000,4096.43,4097.62,4093.62,4093.64
1785121200000,4093.36,4095.85,4089.11,4091.88
1785122100000,4091.89,4093.55,4085.29,4085.55
1785123000000,4085.5299999999997,4090.73,4085.08,4089.77
1785123900000,4089.81,4091.19,4088.5,4090.95
1785124800000,4090.96,4092.82,4088.63,4090.11
1785125700000,4089.96,4090.42,4087.04,4089.04
1785126600000,4089.06,4092.33,4089.06,4090.39
1785127500000,4090.49,4091.27,4089.18,4090.27
1785128400000,4090.23,4094.81,4088.58,4094.7
1785129300000,4094.66,4094.66,4086.12,4087
1785130200000,4086.7400000000002,4090.32,4085.71,4088.01
1785131100000,4088.02,4093.62,4084.45,4093.0499999999997
1785132000000,4093.13,4096.38,4091.65,4094.33
1785132900000,4094.27,4096.48,4091.22,4096.0199999999995
1785133800000,4095.98,4099.25,4094.21,4098.64
1785134700000,4098.59,4099.05,4095.15,4095.9500000000003
1785135600000,4096.11,4101.97,4096.08,4101.95
1785136500000,4101.929999999999,4105.99,4099.86,4103.139999999999
1785137400000,4103.16,4103.7699999999995,4095.89,4097.2699999999995
1785138300000,4097.25,4099.13,4088.52,4088.78
1785139200000,4088.82,4093.04,4087.13,4091.23
1785140100000,4091.18,4092.52,4088.93,4090.8799999999997
1785141000000,4090.83,4092.8900000000003,4087.36,4091.38
1785141900000,4091.4100000000003,4096.82,4090.84,4095.15
1785142800000,4095.16,4098.36,4093.08,4093.99
1785143700000,4093.98,4095.7999999999997,4091.16,4091.5499999999997
1785144600000,4091.47,4094.68,4090.54,4094.18
1785145500000,4094.21,4100.34,4093.81,4096.08
1785146400000,4096.06,4096.4800000000005,4086.55,4090.8700000000003
1785147300000,4090.9,4093.89,4089.19,4093.04
1785148200000,4093.07,4101.91,4092.94,4100.37
1785149100000,4100.39,4102.33,4098.79,4099.58
1785150000000,4099.71,4104.15,4096.95,4101.95
1785150900000,4102.0599999999995,4103.32,4096.94,4096.94
1785151800000,4096.98,4099.94,4094.72,4095.6299999999997
1785152700000,4095.6600000000003,4097.29,4093.76,4093.9
1785153600000,4093.9100000000003,4097.63,4086.34,4087.65
1785154500000,4087.59,4088.98,4081.78,4086.7900000000004
1785155400000,4086.8,4088.64,4083.21,4086.65
1785156300000,4086.6099999999997,4088.9199999999996,4081.72,4083.72
1785157200000,4084.05,4088.7400000000002,4080.9,4084.9100000000003
1785158100000,4085.01,4087.19,4075.96,4076.17
1785159000000,4076.23,4089.16,4075.54,4086.66
1785159900000,4086.81,4089.42,4070.57,4074.1600000000003
1785160800000,4074.14,4079.06,4071.1,4076.89
1785161700000,4076.9,4078.58,4067.12,4068.2999999999997
1785162600000,4068.35,4070.57,4065.31,4068.82
1785163500000,4069,4077.47,4069,4076.23
1785164400000,4076.3500000000004,4076.3900000000003,4071.84,4075.9900000000002
1785165300000,4076.01,4079.27,4074.53,4076.46
1785166200000,4076.5299999999997,4077.7999999999997,4072.64,4076.06
1785167100000,4076.17,4079.8399999999997,4074.6,4078.42
1785168000000,4078.65,4084.77,4077.83,4081.39
1785168900000,4081.4,4088.77,4079.65,4085.08
1785169800000,4085.24,4093.85,4085,4088.18
1785170700000,4088.22,4088.4,4080.75,4082.32
1785171600000,4082.18,4082.27,4070.6,4073.54
1785172500000,4073.5,4076.82,4072.32,4074.73
1785173400000,4074.67,4075.98,4072.12,4074.5
1785174300000,4074.4900000000002,4077.1400000000003,4073.3,4076.36
1785175200000,4076.51,4079.1800000000003,4076.07,4076.6600000000003
1785176100000,4076.69,4076.97,4074.16,4076.81
1785177000000,4076.76,4079.25,4072.84,4076.25
1785177900000,4076.21,4079.37,4075.02,4077.95
1785178800000,4077.9900000000002,4081.77,4076.17,4080.29
1785179700000,4080.2999999999997,4088.7,4079.37,4085.72
1785180600000,4085.7900000000004,4087.2200000000003,4083.78,4086.8900000000003
1785181500000,4086.83,4089.2599999999998,4082.39,4083.33
1785182400000,4083.5,4084.03,4081.44,4082.14
1785183300000,4082.11,4082.1600000000003,4078.28,4078.6400000000003
1785184200000,4078.66,4079.08,4075.73,4077.1
1785185100000,4077.1200000000003,4077.27,4075.36,4076.6
1785189600000,4081.77,4081.77,4076.39,4077.42
1785190500000,4077.0099999999998,4077.0499999999997,4070.87,4072.23
1785191400000,4072.28,4074.9900000000002,4072.28,4074.8100000000004
1785192300000,4074.77,4074.87,4073.54,4074.16
1785193200000,4074.17,4074.96,4071.78,4074
1785194100000,4073.88,4074.55,4071.96,4073.06
1785195000000,4072.7999999999997,4073.6,4071.56,4072
1785195900000,4072.02,4073.32,4069.82,4073.3
1785196800000,4073.07,4074.07,4062.01,4067.1000000000004
1785197700000,4066.93,4067.41,4059.1,4062.1
1785198600000,4062.03,4066.15,4060.5,4065.45
1785199500000,4065.38,4065.49,4057.6,4057.99
1785200400000,4057.8700000000003,4060.25,4053.82,4058
1785201300000,4057.95,4059.12,4046.43,4047.2799999999997
1785202200000,4047.3199999999997,4050.3999999999996,4043.49,4048.87
1785203100000,4048.88,4048.88,4042.55,4045.1000000000004
1785204000000,4045.1899999999996,4047.52,4042.45,4046.41
1785204900000,4046.1200000000003,4049,4045.3,4046.1600000000003
1785205800000,4046.1400000000003,4047.8500000000004,4041.51,4044.23
1785206700000,4044.18,4045.39,4040.75,4042.03
1785207600000,4042.04,4047.27,4040.25,4045.86
1785208500000,4045.87,4049.33,4045.33,4047.68
1785209400000,4047.66,4051.13,4047.29,4048.32
1785210300000,4048.33,4050.71,4048.04,4049.41
1785211200000,4049.25,4049.5299999999997,4043.45,4044
1785212100000,4043.96,4047.88,4043.54,4045.57
1785213000000,4045.63,4047.78,4043.86,4047.59
1785213900000,4047.6,4047.89,4041.64,4042.12
1785214800000,4041.98,4043.95,4039.85,4042.31
1785215700000,4042.23,4043.8199999999997,4040.83,4043.0499999999997
1785216600000,4043.0800000000004,4045.52,4034.53,4041.59
1785217500000,4041.6400000000003,4046.54,4039.55,4045.21
1785218400000,4045.2400000000002,4047.76,4042.92,4044.17
1785219300000,4044.1800000000003,4048.92,4043.92,4047.7200000000003
1785220200000,4047.7599999999998,4052.35,4046.87,4049.7599999999998
1785221100000,4049.7000000000003,4051.37,4047.9,4048.28
1785222000000,4048.21,4051.1299999999997,4047.45,4048.83
1785222900000,4048.77,4052.35,4048.6,4050.1
1785223800000,4050.17,4050.9700000000003,4048.36,4049.3700000000003
1785224700000,4049.33,4049.7599999999998,4046.14,4047.2799999999997
1785225600000,4047.06,4055.1,4043.06,4044.34
1785226500000,4044.3199999999997,4051.1099999999997,4044.24,4049.5
1785227400000,4049.6800000000003,4049.6800000000003,4041.84,4043.1200000000003
1785228300000,4043.1400000000003,4046.11,4041.63,4045.4500000000003
1785229200000,4045.81,4045.8599999999997,4040.62,4040.8399999999997
1785230100000,4040.8900000000003,4044.06,4039.07,4040.29
1785231000000,4040.2,4040.32,4029.56,4033.32
1785231900000,4033.29,4034.36,4019.42,4023.25
1785232800000,4022.99,4026.95,4020.5,4024.19
1785233700000,4023.94,4025.7700000000004,4017.01,4017.6200000000003
1785234600000,4017.4300000000003,4023.6200000000003,4017.07,4022.4900000000002
1785235500000,4022.44,4028.44,4022.23,4026.47
1785236400000,4026.54,4028.67,4023.02,4023.83
1785237300000,4023.77,4032.32,4023.77,4027.54
1785238200000,4027.43,4031.46,4026.45,4027.1499999999996
1785239100000,4027.06,4028.24,4023.79,4027.98
1785240000000,4028.47,4028.66,4022.79,4027.74
1785240900000,4027.7599999999998,4034.89,4026.06,4034.5099999999998
1785241800000,4034.42,4034.94,4025.61,4033.57
1785242700000,4033.58,4038.09,4028.4,4029.46
1785243600000,4029.5099999999998,4035.5299999999997,4029.45,4032.8799999999997
1785244500000,4032.92,4036.07,4028.51,4029.0200000000004
1785245400000,4028.69,4032.81,4020.19,4025.19
1785246300000,4025.2400000000002,4028.96,4021.57,4022.03
1785247200000,4022.1,4033.38,4021.96,4025.71
1785248100000,4025.8700000000003,4026.5600000000004,4011.53,4022.25
1785249000000,4022.19,4025.2,4018.81,4022.61
1785249900000,4022.59,4029.48,4021.02,4024.37
1785250800000,4024.76,4036.28,4022.09,4033.63
1785251700000,4033.69,4040.82,4031.82,4035.53
1785252600000,4035.45,4042.0099999999998,4032.37,4041.41
1785253500000,4041.5,4047,4041.2,4046.1499999999996
1785254400000,4046.14,4046.41,4042.18,4044.72
1785255300000,4044.75,4045.8100000000004,4042.01,4042.0800000000004
1785256200000,4042.13,4043.75,4040.31,4040.5499999999997
1785257100000,4040.54,4041.0299999999997,4036.62,4037.47
1785258000000,4037.63,4041.03,4035.5,4036.91
1785258900000,4036.92,4041.37,4035.19,4037.43
1785259800000,4037.7400000000002,4037.7400000000002,4027.61,4028.23
1785260700000,4028.1600000000003,4029.5,4025.8,4027.8
1785261600000,4028.04,4030.33,4027.11,4028.1600000000003
1785262500000,4028.15,4029.9100000000003,4025.88,4027.04
1785263400000,4027,4027.45,4022.97,4024.0499999999997
1785264300000,4024.1099999999997,4025.97,4021.66,4022.89
1785265200000,4022.88,4025.62,4022.37,4023.98
1785266100000,4023.94,4025,4021.84,4023.17
1785267000000,4023.53,4027.61,4023.23,4026.1
1785267900000,4026.42,4027.94,4025.34,4026.32
1785268800000,4026.29,4026.29,4022.61,4023.6200000000003
1785269700000,4023.63,4027.75,4023.58,4027.31
1785270600000,4027.47,4030.1499999999996,4027.43,4029.98
1785271500000,4030,4030.4500000000003,4026.53,4028.52
1785276000000,4027.9199999999996,4028.06,4024.43,4024.44
1785276900000,4024.7000000000003,4025.1800000000003,4017.3,4020.86
1785277800000,4020.91,4021.14,4013.83,4018.31
1785278700000,4018.2799999999997,4019.66,4015.35,4018.27
1785279600000,4018.31,4023.1299999999997,4016.39,4022.1099999999997
1785280500000,4022.06,4022.17,4015.09,4018.6200000000003
1785281400000,4018.61,4023.4100000000003,4017.4,4022.98
1785282300000,4022.96,4026.25,4019.06,4024.98
1785283200000,4025.06,4025.33,4017.62,4020.6099999999997
1785284100000,4020.53,4029.73,4020.53,4022.59
1785285000000,4022.54,4027.77,4021.42,4025.96
1785285900000,4025.96,4026.0099999999998,4020.39,4021.81
1785286800000,4021.26,4021.26,4010.28,4013.0800000000004
1785287700000,4012.94,4020.19,4011.68,4018.31
1785288600000,4018.3199999999997,4030.4399999999996,4014.97,4027.6
1785289500000,4027.64,4028.27,4021.94,4025.89
1785290400000,4025.84,4029.16,4023,4028.23
1785291300000,4028.21,4035.2900000000004,4026.28,4032.9700000000003
1785292200000,4033,4037.75,4030.65,4034.9500000000003
1785293100000,4034.85,4035.17,4028.92,4029.4500000000003
1785294000000,4029.75,4032.6200000000003,4027.28,4027.73
1785294900000,4027.78,4028.83,4025.5,4026.99
1785295800000,4026.9500000000003,4029.4700000000003,4024.59,4026.1000000000004
1785296700000,4026.11,4026.9700000000003,4023.15,4023.57
1785297600000,4023.56,4024.7799999999997,4021.33,4021.73
1785298500000,4021.75,4025.54,4020.6,4023.46
1785299400000,4023.3,4027.38,4023.3,4027.19
1785300300000,4027.2599999999998,4027.71,4023.6,4027.23
1785301200000,4027.3900000000003,4031.6200000000003,4026.59,4030.3900000000003
1785302100000,4030.38,4031.21,4027.08,4030.45
1785303000000,4030.54,4039.51,4029.73,4039.01
1785303900000,4039.1600000000003,4039.98,4031.53,4032.94
1785304800000,4032.95,4038.23,4032.89,4037.3199999999997
1785305700000,4037.2799999999997,4042.97,4035.81,4041.0499999999997
1785306600000,4041.02,4044.7400000000002,4040.78,4042.7400000000002
1785307500000,4042.7099999999996,4042.91,4039.74,4041.14
1785308400000,4041.33,4046.5,4041.09,4045.32
1785309300000,4045.28,4047.73,4044.15,4045.92
1785310200000,4046.1200000000003,4047.42,4044.76,4045.92
1785311100000,4045.9100000000003,4046.85,4042.61,4043.7000000000003
1785312000000,4043.84,4044.31,4039.08,4039.09
1785312900000,4039.1,4042.2,4035.64,4037.1299999999997
1785313800000,4037.2000000000003,4039.07,4035.65,4038.12
1785314700000,4038.1299999999997,4040.0299999999997,4036.95,4037.52
1785315600000,4038.07,4038.25,4035.44,4036.27
1785316500000,4036.2200000000003,4037.6600000000003,4033.4,4033.7200000000003
1785317400000,4034.01,4034.87,4031.25,4034.3
1785318300000,4034.31,4036.33,4031.89,4032.6
1785319200000,4032.63,4034.08,4030.84,4031.86
1785320100000,4031.85,4033.35,4030.17,4033.05
1785321000000,4032.91,4034.35,4026.31,4027.43
1785321900000,4027.4,4028.6800000000003,4026.01,4027.46
1785322800000,4027.48,4029.6600000000003,4024.88,4029.65
1785323700000,4029.8399999999997,4033.4,4028.39,4032.71
1785324600000,4032.73,4032.9,4030.12,4030.91
1785325500000,4030.92,4036.08,4030.52,4032.74
1785326400000,4032.76,4033.31,4026.21,4026.9900000000002
1785327300000,4027.05,4027.52,4012.79,4013.13
1785328200000,4013.07,4022.47,4009.23,4020.97
1785329100000,4020.81,4023.62,4018.92,4022.59
1785330000000,4022.75,4026.34,4015.03,4015.67
1785330900000,4015.5499999999997,4023.1,4013.6,4014.44
1785331800000,4014.52,4017.83,4010.1,4013.62
1785332700000,4013.33,4015.9500000000003,4002.38,4007.15
1785333600000,4007.44,4008.52,3995.9,3999.27
1785334500000,3999.2999999999997,4010.0499999999997,3998.83,4005.41
1785335400000,4005.43,4009.23,3998.93,4001.0899999999997
1785336300000,4001.07,4005.7,3998.29,4004.72
1785337200000,4004.93,4009.7799999999997,4003.2,4006.8199999999997
1785338100000,4006.94,4011.21,4003.69,4010.48
1785339000000,4010.66,4013.43,4007.08,4010.5699999999997
1785339900000,4010.49,4013.74,4008.24,4009.7799999999997
1785340800000,4009.89,4015.6,4007.6,4009.56
1785341700000,4009.4300000000003,4017.4700000000003,4007.84,4016.4900000000002
1785342600000,4016.25,4018.84,4014.9,4016.9700000000003
1785343500000,4016.96,4032.8,4015.17,4027.21
1785344400000,4027.28,4050.46,4027.28,4041.9900000000002
1785345300000,4041.96,4050.55,4037.23,4039.08
1785346200000,4039.0899999999997,4047.2999999999997,4036.24,4045.7299999999996
1785347100000,4045.87,4048.02,4041.38,4044.02
1785348000000,4044.03,4086.01,4042.84,4081.04
1785348900000,4081.1099999999997,4083.7799999999997,4063.87,4067.65
1785349800000,4067.69,4086.98,4052.63,4083.37
1785350700000,4083.47,4109.7699999999995,4082.12,4106.67
1785351600000,4107.07,4116.43,4090.15,4099.66
1785352500000,4099.78,4104.49,4080.92,4083.9300000000003
1785353400000,4084.56,4088.27,4065.27,4069.27
1785354300000,4069.33,4071.89,4044.31,4044.86
1785355200000,4044.6499999999996,4055.83,4042.74,4052.04
1785356100000,4051.98,4057.2200000000003,4043.86,4055.56
1785357000000,4055.56,4069.2000000000003,4053.92,4066.9500000000003
1785357900000,4067.33,4070.04,4063.41,4066.17
1785362400000,4071.52,4078.01,4064.84,4076.4100000000003
1785363300000,4076.42,4077.62,4072.62,4074.91
1785364200000,4074.9,4081.4100000000003,4072.9,4081.4100000000003
1785365100000,4081.58,4090.46,4079.73,4088.47
1785366000000,4088.32,4100.24,4088.32,4091.5800000000004
1785366900000,4091.68,4094.92,4090.37,4093.48
1785367800000,4093.9300000000003,4094.51,4089.32,4090.02
1785368700000,4090.15,4093.11,4084.38,4084.58
1785369600000,4084.59,4086.49,4079.06,4081.2999999999997
1785370500000,4081.28,4083.5,4072.71,4075.2400000000002
1785371400000,4075.29,4076.91,4064.97,4066.08
1785372300000,4066.03,4072.84,4064.84,4072.1400000000003
1785373200000,4072.13,4092.92,4070.3,4075.59
1785374100000,4075.5,4084.58,4073.21,4081.17
1785375000000,4081.2599999999998,4089.6,4080.66,4086.62
1785375900000,4086.71,4090.92,4083.75,4084.6
1785376800000,4084.63,4090.34,4082.34,4082.52
1785377700000,4082.49,4083.62,4079.89,4082.64
1785378600000,4082.6600000000003,4082.71,4073.61,4076.79
1785379500000,4076.8199999999997,4076.99,4063.39,4063.64
1785380400000,4063.56,4070.03,4060.5,4062.87
1785381300000,4062.91,4063.82,4052.46,4053.79
1785382200000,4053.77,4055.85,4050.66,4052.42
1785383100000,4052.32,4059.79,4052.32,4058.8
1785384000000,4058.67,4060.05,4052.84,4053.31
1785384900000,4053.27,4055.25,4051.02,4054.12
1785385800000,4054.02,4054.0499999999997,4047.7,4048.66
1785386700000,4048.62,4051.88,4044.44,4045.9900000000002
1785387600000,4046.0699999999997,4046.0699999999997,4041.66,4045.8599999999997
1785388500000,4045.88,4047.33,4037.61,4046.88
1785389400000,4046.87,4051.2,4028.43,4033.3199999999997
1785390300000,4033.33,4038.41,4030.08,4033.64
1785391200000,4033.65,4039.41,4031.21,4032.29
1785392100000,4032.22,4039.24,4029.37,4033.02
1785393000000,4033.12,4038.2099999999996,4030.99,4035.7099999999996
1785393900000,4035.75,4040.41,4034.2,4036.7799999999997
1785394800000,4036.44,4047.94,4035.59,4046.6600000000003
1785395700000,4046.72,4051.31,4043.02,4045.89
1785396600000,4045.8900000000003,4047.2200000000003,4036.07,4045.88
1785397500000,4045.9,4046.56,4038.12,4038.85
1785398400000,4038.84,4056.09,4036.73,4053.19
1785399300000,4053.23,4068.37,4052.18,4064.47
1785400200000,4064.39,4072.87,4063,4065.74
1785401100000,4065.78,4070.93,4059.44,4061.33
1785402000000,4061.52,4068.82,4060.3,4065.8700000000003
1785402900000,4065.89,4072.3999999999996,4064.47,4067.54
1785403800000,4067.5299999999997,4069.2,4060.56,4065.46
1785404700000,4065.51,4072.97,4062.25,4063.29
1785405600000,4063.42,4074.63,4063,4068.29
1785406500000,4068.38,4077.56,4067.54,4076.35
1785407400000,4076.3799999999997,4082.66,4075.24,4081.18
1785408300000,4081.16,4083.02,4078.04,4078.19
1785409200000,4078.03,4082.73,4077.57,4079.7200000000003
1785410100000,4079.7599999999998,4081.99,4076.56,4077.47
1785411000000,4078.29,4079.37,4076.2,4077.4399999999996
1785411900000,4077.45,4080.58,4075.62,4077.69
1785412800000,4077.6400000000003,4082.52,4074.63,4078.7200000000003
1785413700000,4078.83,4081.18,4071.68,4077.0299999999997
1785414600000,4077.12,4086.6299999999997,4071.74,4077.18
1785415500000,4077.2200000000003,4079.3,4067.15,4068.9
1785416400000,4068.6400000000003,4076.76,4065.07,4076.71
1785417300000,4076.73,4083.9900000000002,4072.07,4080.2000000000003
1785418200000,4079.92,4098.8,4074.94,4088.9500000000003
1785419100000,4088.93,4112.84,4085.62,4112.349999999999
1785420000000,4112.43,4120.28,4093.94,4098.15
1785420900000,4098.13,4100.13,4087.02,4096.17
1785421800000,4096.06,4111.21,4094.78,4110.74
1785422700000,4110.71,4112.92,4096.58,4100.0199999999995
1785423600000,4099.87,4100.17,4083.08,4085.49
1785424500000,4085.2599999999998,4097.139999999999,4084.74,4095.95
1785425400000,4096.1,4106.83,4092.59,4105.35
1785426300000,4105.36,4110.11,4103.54,4108.03
1785427200000,4107.9400000000005,4115.83,4107.67,4114.14
1785428100000,4114.0199999999995,4119.23,4113.62,4116.08
1785429000000,4116.06,4116.4,4108.25,4108.54
1785429900000,4108.57,4110.66,4106.5,4110.66
1785430800000,4110.67,4111.14,4104.79,4104.86
1785431700000,4104.76,4108.12,4098.43,4101.55
1785432600000,4100.32,4107.849999999999,4099.9,4105.889999999999
1785433500000,4105.9800000000005,4108.36,4101.13,4102.55
1785434400000,4102.62,4106.73,4102.62,4106.42
1785435300000,4106.36,4106.71,4100.74,4103.42
1785436200000,4103.46,4107.75,4102.92,4104.79
1785437100000,4104.780000000001,4105.18,4098.81,4099.700000000001
1785438000000,4099.68,4105.67,4098.84,4104.68
1785438900000,4104.75,4114.88,4103,4112.81
1785439800000,4112.66,4115.28,4111.41,4112.25
1785440700000,4112.05,4112.93,4109.09,4111.99
1785441600000,4112.03,4117.4400000000005,4110.09,4114.01
1785442500000,4114.0199999999995,4114.99,4111.7,4111.96
1785443400000,4112.24,4112.25,4102.3,4102.76
1785444300000,4102.68,4103.75,4099.1,4103.6
1785448800000,4105.669999999999,4107.54,4102.48,4106.589999999999
1785449700000,4106.55,4108.360000000001,4106.35,4107.59
1785450600000,4107.46,4110.41,4106.88,4110.31
1785451500000,4110.39,4111.2300000000005,4108.93,4109.06
1785452400000,4109.070000000001,4111.64,4106.47,4107.3
1785453300000,4107.280000000001,4107.42,4103.85,4104.240000000001
1785454200000,4104.06,4107.27,4102.18,4106.05
1785455100000,4106.15,4109.98,4105.37,4105.79
1785456000000,4105.820000000001,4106.9800000000005,4100.55,4101.2
1785456900000,4101.03,4103.68,4096.09,4096.43
1785457800000,4096.35,4097.42,4090.46,4092.9700000000003
1785458700000,4092.99,4096.07,4090.56,4094.63
1785459600000,4094.59,4101.59,4088.73,4088.93
1785460500000,4088.97,4094.96,4086.56,4091.95
1785461400000,4091.96,4091.96,4083.83,4085.54
1785462300000,4085.35,4089.36,4081.94,4084.26
1785463200000,4084.3,4090.36,4081.63,4085.52
1785464100000,4085.5099999999998,4085.5099999999998,4081.49,4082.1699999999996
1785465000000,4082.07,4084.27,4075.4,4075.4500000000003
1785465900000,4075.45,4078.3599999999997,4074.22,4076.14
1785466800000,4075.9,4076.33,4071.83,4073.42
1785467700000,4073.52,4076.0499999999997,4072.22,4075.1899999999996
1785468600000,4075.2,4079.36,4075.02,4076.5099999999998
1785469500000,4076.6000000000004,4077.55,4074.28,4075.07
1785470400000,4075.0499999999997,4076.9799999999996,4073.24,4076.8399999999997
1785471300000,4076.82,4080.03,4074.5,4079.94
1785472200000,4079.99,4081.3199999999997,4079.2,4079.22
1785473100000,4079.16,4080.02,4074.7,4079.97
1785474000000,4079.98,4083.17,4079.66,4079.8599999999997
1785474900000,4079.82,4082.81,4079.5,4080.9
1785475800000,4081.08,4081.68,4075.91,4076.43
1785476700000,4076.42,4076.44,4073.36,4074.36
1785477600000,4074.4700000000003,4082.77,4072.78,4082.34
1785478500000,4082.36,4087.46,4081.09,4084.9100000000003
1785479400000,4084.94,4085.0299999999997,4077.29,4078
1785480300000,4078.08,4081.48,4076.37,4077.54
1785481200000,4077.56,4079.0499999999997,4075.39,4077.52
1785482100000,4077.5299999999997,4079.12,4072.04,4072.6
1785483000000,4072.6400000000003,4073.71,4068.13,4072.17
1785483900000,4072.25,4074.3100000000004,4067.55,4067.6600000000003
1785484800000,4067.5,4067.67,4061.15,4062.14
1785485700000,4062.1000000000004,4067.11,4058.05,4058.5600000000004
1785486600000,4058.59,4061.55,4054.34,4059.28
1785487500000,4059.2,4064.27,4057.81,4060.94
1785488400000,4060.89,4063.87,4055.15,4056.67
1785489300000,4056.8100000000004,4057.3,4051.28,4052.17
1785490200000,4052.3399999999997,4054.54,4050.24,4053.04
1785491100000,4053.05,4057.11,4052.29,4055.05
1785492000000,4055,4058.28,4053.19,4055.9
1785492900000,4055.89,4056.0899999999997,4051.97,4053.1899999999996
1785493800000,4052.92,4056.41,4052.89,4054.71
1785494700000,4054.72,4057.02,4053.64,4054.41
1785495600000,4054.42,4059.2999999999997,4052.06,4056.98
1785496500000,4057.01,4061.02,4054.17,4058.7400000000002
1785497400000,4058.72,4058.72,4050.68,4052.02
1785498300000,4051.99,4055.39,4051.18,4053.64
1785499200000,4053.7200000000003,4059.2400000000002,4052.46,4059.12
1785500100000,4059,4059.25,4047.03,4047.23
1785501000000,4047.44,4051.48,4042.55,4044.57
1785501900000,4044.6,4046.35,4040.56,4040.7599999999998
1785502800000,4040.69,4042.69,4034.78,4036.1800000000003
1785503700000,4036.27,4046.8199999999997,4035.62,4042.5699999999997
1785504600000,4042.21,4043.77,4022.52,4024.97
1785505500000,4024.9900000000002,4032.13,4022.01,4025.3900000000003
1785506400000,4025.1200000000003,4032.4100000000003,4021.09,4032.03
1785507300000,4032.02,4040.0699999999997,4029.85,4038.77
1785508200000,4038.95,4042.99,4036.64,4041.4
1785509100000,4041.42,4050.23,4040.89,4049.16
1785510000000,4049.42,4050.66,4042.71,4046.95
1785510900000,4046.86,4052.4100000000003,4040.11,4041.17
1785511800000,4040.96,4043.52,4036.64,4042.15
1785512700000,4042.12,4046.72,4039.87,4045.5099999999998
1785513600000,4045.64,4046.86,4041.29,4046.23
1785514500000,4046.39,4048.35,4043.2,4047.43
1785515400000,4047.46,4049.77,4041.2,4042.47
1785516300000,4042.51,4045.03,4042.11,4043.28
1785517200000,4043.19,4046.3500000000004,4041.51,4045.5200000000004
1785518100000,4045.51,4053.26,4044.82,4050.4100000000003
1785519000000,4050.61,4053.13,4047.65,4051.85
1785519900000,4051.85,4054.7,4050.24,4053.7299999999996
1785520800000,4053.55,4055.11,4047.07,4048.1400000000003
1785521700000,4048.14,4051.67,4047.62,4051.02
1785522600000,4050.8599999999997,4051.6499999999996,4047.91,4049.42
1785523500000,4049.2999999999997,4051.5499999999997,4048.16,4050.71
1785524400000,4050.75,4052.8399999999997,4046.91,4047.97
1785525300000,4047.98,4050.4900000000002,4047.03,4050.4900000000002
1785526200000,4050.28,4054.56,4048.92,4054.07
1785527100000,4054.08,4055.49,4050.08,4050.7999999999997
1785528000000,4050.85,4051.69,4045.15,4047.7400000000002
1785528900000,4047.68,4048.85,4046.35,4048.04
1785529800000,4047.58,4052.9399999999996,4047.22,4051.1299999999997
1785530700000,4051.4,4052.1,4042.62,4044.06
1785708000000,4074.43,4080.0299999999997,4068.47,4076.4399999999996
1785708900000,4076.45,4077.2,4063.85,4065.87
1785709800000,4065.9,4068.2599999999998,4064.02,4066.79
1785710700000,4066.74,4067.16,4063.33,4063.56
1785711600000,4063.48,4066.89,4063.14,4066.44
1785712500000,4066.45,4072.6,4066.16,4072.1
1785713400000,4072.1499999999996,4072.3999999999996,4067.91,4069.52
1785714300000,4069.5,4074.96,4068.16,4074.96
1785715200000,4074.89,4078.98,4069.97,4072.0299999999997
1785716100000,4071.8799999999997,4072.8399999999997,4061.41,4064.19
1785717000000,4064.24,4069.8799999999997,4056.91,4058.19
1785717900000,4058.18,4060.7400000000002,4055.73,4057.07
1785718800000,4056.8900000000003,4063.1800000000003,4051.53,4052.3
1785719700000,4052.36,4055.09,4047.38,4052.84
1785720600000,4052.8,4056.9700000000003,4047.46,4051.13
1785721500000,4051.3799999999997,4057.4199999999996,4049.97,4056.6
1785722400000,4056.65,4060.9500000000003,4053.28,4055.73
1785723300000,4055.6400000000003,4060.69,4052.01,4058.05
1785724200000,4058.14,4060.5299999999997,4052.43,4059.5699999999997
1785725100000,4059.3399999999997,4066.94,4058.35,4062.43
1785726000000,4062.28,4065.42,4060.92,4064.3
1785726900000,4063.78,4067.8300000000004,4061.51,4063.8500000000004
1785727800000,4063.69,4064.92,4060.57,4060.6000000000004
1785728700000,4060.6099999999997,4066.6899999999996,4059.24,4064.9599999999996
1785729600000,4065,4068.2200000000003,4064.26,4066.57
1785730500000,4066.56,4070.95,4066.08,4068.18
1785731400000,4068.19,4071.13,4068.19,4070.4700000000003
1785732300000,4070.5299999999997,4071.82,4063.81,4063.84
1785733200000,4063.82,4065.26,4056.67,4057.42
1785734100000,4057.41,4062.58,4054.08,4060.36
1785735000000,4060.29,4064.6,4055.22,4063.39
1785735900000,4063.4,4069.9500000000003,4058.84,4068.9
1785736800000,4068.93,4071.1299999999997,4065.89,4065.95
1785737700000,4066.11,4071.83,4065.46,4068.44
1785738600000,4068.42,4068.87,4060.42,4065.4500000000003
1785739500000,4065.84,4066.87,4062.73,4063.85
1785740400000,4063.77,4065.14,4059.58,4061.42
1785741300000,4061.2999999999997,4061.87,4052.1,4058.02
1785742200000,4058.2200000000003,4061.1200000000003,4056.55,4059.54
1785743100000,4059.5800000000004,4063.3,4058.3,4061.0800000000004
1785744000000,4061.11,4062.13,4058.34,4061.69
1785744900000,4061.68,4062.39,4054.22,4056.0499999999997
1785745800000,4055.9599999999996,4060.6299999999997,4054.72,4058.41
1785746700000,4058.5099999999998,4060.8199999999997,4057.6,4059.42
1785747600000,4059.23,4062.08,4057.21,4061.4700000000003
1785748500000,4061.4100000000003,4061.4300000000003,4052.07,4052.57
1785749400000,4052.7799999999997,4054.77,4046.54,4053.55
1785750300000,4053.5299999999997,4058.0299999999997,4053.45,4055.24
1785751200000,4055.3199999999997,4057.0699999999997,4053.1,4056.27
1785752100000,4056.25,4057.0099999999998,4051.95,4053.43
1785753000000,4053.48,4053.65,4048.64,4049.16
1785753900000,4049.12,4050.65,4046.17,4049.28
1785754800000,4049.29,4052.81,4047.88,4049.7200000000003
1785755700000,4049.6800000000003,4049.8500000000004,4045.59,4048.4100000000003
1785756600000,4048.4,4054.88,4047.9,4053.56
1785757500000,4053.54,4063.05,4052.61,4062.4
1785758400000,4062.4500000000003,4064.4900000000002,4054.69,4055.79
1785759300000,4055.9,4056.4100000000003,4048.59,4050.7200000000003
1785760200000,4050.78,4052.83,4042.21,4044.94
1785761100000,4044.88,4048.86,4043.19,4047.6
1785762000000,4047.68,4053.6,4038.75,4038.75
1785762900000,4038.74,4040.37,4031.52,4034.2
1785763800000,4034.44,4035.49,4019.02,4031.95
1785764700000,4032.1200000000003,4035.34,4028.3,4032.2000000000003
1785765600000,4028.94,4036.1099999999997,4026.64,4033.17
1785766500000,4033.0299999999997,4035.9399999999996,4029.95,4032.5299999999997
1785767400000,4032.5,4038.08,4031.92,4036.38
1785768300000,4036.6,4039.2400000000002,4033.71,4036.23
1785769200000,4036.2200000000003,4036.94,4030.36,4033.28
1785770100000,4033.25,4038.3599999999997,4030.68,4032.75
1785771000000,4032.97,4038.79,4030.98,4036.73
1785771900000,4036.75,4040.8599999999997,4035.37,4036.0099999999998
1785772800000,4036.17,4037.48,4034.64,4036.5499999999997
1785773700000,4036.49,4038.5899999999997,4034.91,4036.96
1785774600000,4036.8500000000004,4039.2400000000002,4035.57,4038.6400000000003
1785775500000,4038.68,4038.75,4035.66,4036.8999999999996
1785776400000,4037.05,4037.55,4033.26,4034.25
1785777300000,4034.2599999999998,4037.67,4033.89,4034.31
1785778200000,4034.54,4036.88,4034.05,4035.9900000000002
1785779100000,4036.0499999999997,4036.33,4030.24,4030.52
1785780000000,4030.54,4038.4900000000002,4029.65,4034.9900000000002
1785780900000,4035.05,4038.92,4034.9,4037.89
1785781800000,4037.86,4041.43,4036.5,4041.41
1785782700000,4041.37,4044.99,4040.45,4043.3799999999997
1785783600000,4043.4900000000002,4049.46,4043.48,4046.2
1785784500000,4046.19,4054.25,4046.19,4052.88
1785785400000,4053.04,4055.7,4051.97,4054.0499999999997
1785786300000,4053.96,4055.48,4051.6,4051.98
1785787200000,4052.04,4052.81,4050.19,4052.48
1785788100000,4052.49,4055.79,4051.33,4054.31
1785789000000,4054.32,4058.14,4053.9,4056.2000000000003
1785789900000,4056.4,4057.14,4054.42,4055.3
1785794400000,4054.25,4054.3199999999997,4048.99,4051.2799999999997
1785795300000,4051.29,4052.46,4050.67,4052.01
1785796200000,4051.94,4053.44,4051.64,4052.74
1785797100000,4052.82,4053.53,4051.23,4052.87
1785798000000,4052.84,4054.96,4050.19,4051.41
1785798900000,4051.39,4054.6,4050.54,4051.62
1785799800000,4051.7,4052.55,4051.04,4052.27
1785800700000,4052.39,4053.82,4051.19,4053.76
1785801600000,4053.32,4069.27,4052.96,4063.65
1785802500000,4063.57,4064.42,4058.11,4059
1785803400000,4059.03,4060.7000000000003,4055.55,4056.29
1785804300000,4056.3399999999997,4057.99,4048.68,4049.25
1785805200000,4048.8100000000004,4050.5600000000004,4042.53,4046.8500000000004
1785806100000,4046.89,4052.39,4046.89,4049.16
1785807000000,4049.43,4060.0899999999997,4048.35,4059.13
1785807900000,4059.17,4061.75,4056.55,4058.7400000000002
1785808800000,4058.75,4061.09,4055.69,4058.23
1785809700000,4058.22,4059.7599999999998,4055.79,4056.67
1785810600000,4056.81,4064.92,4055.58,4061.7599999999998
1785811500000,4061.79,4062.33,4058.06,4058.79
1785812400000,4058.61,4060.55,4056.38,4058.1400000000003
1785813300000,4057.96,4061.5699999999997,4057.7,4057.74
1785814200000,4057.74,4058.73,4052.66,4052.83
1785815100000,4052.8199999999997,4055.48,4052.1,4052.43
1785816000000,4052.4700000000003,4056.81,4051.11,4056.76
1785816900000,4057.1299999999997,4061.6099999999997,4055.95,4061.41
1785817800000,4061.4500000000003,4064.1400000000003,4060.53,4062.71
1785818700000,4062.73,4066.18,4062.5,4063.74
1785819600000,4063.89,4064.45,4057.2,4057.95
1785820500000,4057.91,4063.94,4057.37,4063.25
1785821400000,4063.27,4067.66,4059.22,4062.83
1785822300000,4062.87,4064.39,4058.67,4061.81
1785823200000,4061.83,4066.2,4061.73,4064.2
1785824100000,4063.8399999999997,4064.8799999999997,4059.43,4059.7599999999998
1785825000000,4059.85,4060.05,4055.67,4060.05
1785825900000,4060.01,4063.76,4058.9,4063.46
1785826800000,4063.4500000000003,4065.75,4060.82,4061.03
1785827700000,4060.9,4065.58,4060.9,4062.96
1785828600000,4062.8999999999996,4066.66,4061.41,4062.83
1785829500000,4062.87,4066.08,4062.18,4065.45
1785830400000,4065.4900000000002,4072.86,4064.63,4068.08
1785831300000,4068.09,4068.62,4060.29,4063.34
1785832200000,4063.13,4064.35,4058.33,4059.38
1785833100000,4059.49,4059.59,4054.54,4054.99
1785834000000,4054.85,4055.27,4048.48,4050.64
1785834900000,4050.5,4052.02,4048.68,4050.2999999999997
1785835800000,4050.33,4051.31,4046.21,4050.28
1785836700000,4050.3,4050.93,4047.44,4049.8
1785837600000,4049.82,4049.89,4046.9,4048.96
1785838500000,4048.93,4049.92,4045.52,4049.0099999999998
1785839400000,4049.02,4053.96,4046.41,4052.66
1785840300000,4052.6,4060.65,4052.42,4053.77
1785841200000,4053.7999999999997,4058.77,4052.33,4056.68
1785842100000,4056.8,4060.96,4055.52,4060.9
1785843000000,4061.25,4070.34,4059.92,4069.56
1785843900000,4069.61,4084.18,4067.08,4074.98
1785844800000,4074.89,4075.85,4061.04,4062.08
1785845700000,4062.07,4070.34,4061.15,4068.13
1785846600000,4068.52,4084.39,4068.48,4078.04
1785847500000,4078.1,4079.31,4069.42,4070.85
1785848400000,4070.92,4071.62,4061.31,4063.79
1785849300000,4063.9500000000003,4091.42,4062.34,4078.5
1785850200000,4079.07,4091.68,4076,4083.27
1785851100000,4083.23,4093.86,4081.78,4084.15
1785852000000,4084.13,4091.44,4082.94,4090.05
1785852900000,4090.08,4091.99,4080.62,4083.81
1785853800000,4083.86,4086.77,4074.31,4079.69
1785854700000,4079.6600000000003,4084.8,4077.78,4083.5600000000004
1785855600000,4083.4100000000003,4085.6200000000003,4079.55,4084.0800000000004
1785856500000,4084.11,4084.36,4074.44,4078.39
1785857400000,4078.2599999999998,4087.17,4076.62,4084.0099999999998
1785858300000,4083.96,4088.77,4082.77,4087.3
1785859200000,4087.32,4088.57,4084.38,4085.08
1785860100000,4085.07,4089.9,4083.06,4087.62
1785861000000,4087.62,4089.41,4084.89,4089.0899999999997
1785861900000,4089.13,4093.58,4088.69,4093.31
1785862800000,4093.2599999999998,4106.26,4092.37,4099.97
1785863700000,4100.05,4101.150000000001,4094.36,4094.75
1785864600000,4094.6299999999997,4096.08,4091.72,4095.41
1785865500000,4095.4,4096.43,4086.05,4086.0600000000004
1785866400000,4085.9500000000003,4088.88,4084.86,4088.6600000000003
1785867300000,4088.5299999999997,4088.79,4084.33,4084.58
1785868200000,4084.6,4085.69,4076.18,4076.5299999999997
1785869100000,4076.52,4081.1800000000003,4075.15,4079.81
1785870000000,4079.73,4084.19,4078.71,4081.73
1785870900000,4081.96,4084.77,4079.38,4080.1600000000003
1785871800000,4080.08,4082.46,4078.86,4081.34
1785872700000,4081.3,4082.2000000000003,4076.3,4078.5
1785873600000,4078.53,4080.26,4078.28,4079
1785874500000,4078.48,4078.86,4074.67,4075.38
1785875400000,4075.3300000000004,4078.5,4075.26,4077.4700000000003
1785876300000,4077.54,4078.08,4075.97,4077.2099999999996
1785880800000,4078.71,4078.87,4076.45,4076.93
1785881700000,4076.8500000000004,4079.8,4075.76,4079.71
1785882600000,4079.71,4085.75,4079.26,4083.9500000000003
1785883500000,4083.92,4084.48,4075.62,4075.62
1785884400000,4075.9,4077.02,4068.5,4073.43
1785885300000,4073.31,4074.73,4065.47,4067.14
1785886200000,4067.17,4069.98,4065.9,4069.17
1785887100000,4069.28,4073.51,4069.13,4072.4900000000002
1785888000000,4072.73,4074.14,4070.4,4071.7400000000002
1785888900000,4071.77,4078.8799999999997,4071.39,4078.5899999999997
1785889800000,4078.67,4083.02,4078.07,4078.17
1785890700000,4078.25,4083.46,4077.79,4082.4
1785891600000,4082.5,4086.88,4077.59,4085.8
1785892500000,4085.8,4088.56,4082.67,4084.52
1785893400000,4084.6,4093.08,4080.17,4092.9900000000002
1785894300000,4093.0299999999997,4102.53,4092.7,4101.349999999999
1785895200000,4101.41,4102.82,4096.41,4099.76
1785896100000,4100.11,4108.4,4095.46,4103.5
1785897000000,4103.799999999999,4128.669999999999,4101.48,4128.169999999999
1785897900000,4128.31,4135.21,4124.63,4129.14
1785898800000,4129.1,4136.070000000001,4126.81,4135.77
1785899700000,4135.759999999999,4136.46,4129.86,4130.389999999999
1785900600000,4130.36,4130.78,4127.53,4128.53
1785901500000,4128.49,4130.23,4127.49,4128.25
1785902400000,4128.22,4141.29,4128.22,4138.530000000001
1785903300000,4138.6,4141.05,4137.79,4138.54
1785904200000,4138.7699999999995,4138.7699999999995,4133.32,4134.509999999999
1785905100000,4134.37,4136.03,4132.48,4135.49
1785906000000,4135.429999999999,4138.16,4134.73,4137.24
1785906900000,4137.1,4142.030000000001,4135.6,4139.56
1785907800000,4139.8,4159.29,4139.8,4157.400000000001
1785908700000,4157.349999999999,4172.87,4157.12,4161.47
1785909600000,4161.5,4174.2699999999995,4160.12,4173.18
1785910500000,4172.92,4173.349999999999,4161.15,4168.7
1785911400000,4168.530000000001,4178.22,4167.01,4175.68
1785912300000,4175.67,4178.4,4172.49,4177.62
1785913200000,4177.929999999999,4179.459999999999,4166.23,4166.28
1785914100000,4166.29,4169.29,4163.12,4164.28
1785915000000,4164.33,4166.8,4162.29,4166.6
1785915900000,4166.67,4172.05,4164.18,4170.84
1785916800000,4170.58,4172.64,4164.83,4165.39
1785917700000,4165.48,4168.099999999999,4161.95,4164.54
1785918600000,4164.55,4167.110000000001,4161.59,4166.2
1785919500000,4165.95,4166.31,4158.97,4160.37
1785920400000,4160.53,4167.19,4160.37,4162.94
1785921300000,4162.91,4162.91,4155.17,4157.6
1785922200000,4157.63,4159.17,4154.33,4158.05
1785923100000,4158.04,4159.03,4152.98,4157.929999999999
1785924000000,4157.9,4157.9,4150.25,4151.04
1785924900000,4151.12,4158.4,4150.12,4156.71
1785925800000,4156.72,4157.79,4153.81,4155.04
1785926700000,4155.370000000001,4161.370000000001,4154.06,4161.370000000001
1785927600000,4161.35,4170.96,4160.77,4170.85
1785928500000,4170.84,4180.5,4169.34,4176.02
1785929400000,4176.12,4188.54,4174.11,4184.759999999999
1785930300000,4184.82,4192.51,4182.88,4188.87
1785931200000,4188.89,4199.8,4188.84,4197.51
1785932100000,4197.49,4213.32,4197.49,4205.2
1785933000000,4205.41,4208.900000000001,4192.76,4194.59
1785933900000,4194.639999999999,4195.62,4183.2,4183.889999999999
1785934800000,4183.77,4197.01,4183.77,4187.89
1785935700000,4187.929999999999,4197.97,4185.7,4196.99
1785936600000,4197.139999999999,4204.46,4192.61,4197.7
1785937500000,4198.01,4206.67,4189.58,4206.04
1785938400000,4205.19,4234.86,4203.57,4229.49
1785939300000,4229.29,4240.2699999999995,4226.73,4236.959999999999
1785940200000,4236.86,4243.349999999999,4228.78,4243.12
1785941100000,4243.139999999999,4247.5199999999995,4233.24,4244.139999999999
1785942000000,4244.13,4260.72,4242.84,4257.95
1785942900000,4257.7699999999995,4265.0599999999995,4250.2,4257.3
1785943800000,4257.43,4259.6900000000005,4252.43,4255.75
1785944700000,4255.7300000000005,4255.74,4232.26,4232.75
1785945600000,4232.82,4236.13,4224.67,4234.31
1785946500000,4234.3,4241.65,4232.67,4241.35
1785947400000,4241.41,4246.87,4239.05,4244.59
1785948300000,4244.82,4247.29,4238.29,4242.23
1785949200000,4242.27,4244.2300000000005,4239.31,4242
1785950100000,4241.76,4246.37,4236.83,4244.59
1785951000000,4244.72,4250.84,4240.85,4248.25
1785951900000,4248.19,4252.37,4247.48,4250.259999999999
1785952800000,4249.79,4257.509999999999,4249.19,4253.19
1785953700000,4253.129999999999,4267.549999999999,4252.98,4262.98
1785954600000,4262.97,4263.62,4254.63,4259.31
1785955500000,4259.320000000001,4263.52,4258.01,4260.820000000001
1785956400000,4260.83,4262.07,4256.12,4258.099999999999
1785957300000,4258.21,4258.22,4250.51,4252.81
1785958200000,4253.02,4253.93,4248.43,4253.14
1785959100000,4253.06,4253.400000000001,4246.34,4246.99
1785960000000,4247.01,4249.54,4246.67,4249.09
1785960900000,4249.22,4249.6,4245.54,4246.18
1785961800000,4246.150000000001,4249.410000000001,4245.02,4245.330000000001
1785962700000,4245.15,4246.91,4242.94,4246.75
1785967200000,4250.67,4254.36,4245.66,4247.59
1785968100000,4247.4800000000005,4248.870000000001,4247.02,4248.030000000001
1785969000000,4247.46,4250.18,4247.46,4248.21
1785969900000,4248.17,4250.31,4247.72,4249.95
1785970800000,4250.14,4258.24,4249.04,4256.16
1785971700000,4256.11,4264.07,4255.99,4263.41
1785972600000,4263.4400000000005,4281.860000000001,4261.05,4280.650000000001
1785973500000,4280.54,4280.6900000000005,4272.09,4278.07
1785974400000,4278.030000000001,4278.030000000001,4264.51,4270.7300000000005
1785975300000,4270.74,4284.54,4270.74,4274.08
1785976200000,4273.96,4291.02,4273.96,4286.41
1785977100000,4286.72,4300.25,4286.1,4294.660000000001
1785978000000,4295.099999999999,4302.51,4280.2,4284.71
1785978900000,4284.52,4287.95,4272.97,4276.08
1785979800000,4276.049999999999,4297.13,4275.82,4287.69
1785980700000,4287.74,4297.29,4283.12,4286.41
1785981600000,4286.23,4304.009999999999,4283.4,4295.099999999999
1785982500000,4295.04,4299.94,4291.82,4292.12
1785983400000,4292.030000000001,4292.26,4281.06,4285.72
1785984300000,4285.7699999999995,4287.11,4274.98,4278.58
1785985200000,4278.57,4280.919999999999,4273.73,4273.919999999999
1785986100000,4273.88,4273.900000000001,4260.85,4266.13
1785987000000,4265.94,4266.66,4261.58,4262.7699999999995
1785987900000,4262.82,4265.74,4260.58,4265.62
1785988800000,4265.67,4267.18,4262.12,4263.3
1785989700000,4263.29,4263.820000000001,4252.93,4255.34
1785990600000,4255.31,4261.080000000001,4255.31,4259
1785991500000,4259.04,4262.84,4258.25,4262.18
1785992400000,4262.05,4265.29,4256.55,4259.4800000000005
1785993300000,4259.41,4259.46,4253.07,4253.87
1785994200000,4253.429999999999,4266.03,4247.15,4263.7
1785995100000,4263.72,4268.53,4262.08,4267.23
1785996000000,4267.21,4268.5199999999995,4256.62,4260.51
1785996900000,4260.36,4261.24,4254.44,4257.509999999999
1785997800000,4257.5,4257.95,4249.3,4256.6900000000005
1785998700000,4256.71,4258.21,4251.02,4256.09
1785999600000,4256.08,4263.7,4253.24,4263.17
1786000500000,4263.16,4265.28,4258.36,4261.87
1786001400000,4261.83,4261.95,4254.73,4254.879999999999
1786002300000,4255.02,4262.88,4252.51,4262.72
1786003200000,4262.88,4269.32,4260.2,4268.889999999999
1786004100000,4268.71,4270.44,4263.53,4267.78
1786005000000,4267.72,4274.87,4266.46,4273.14
1786005900000,4273.1900000000005,4278.77,4270.43,4278.16
1786006800000,4278.15,4283.61,4275.94,4279.7699999999995
1786007700000,4279.97,4284.63,4278.46,4283.28
1786008600000,4283.29,4284.18,4271.85,4271.870000000001
1786009500000,4271.96,4276.17,4271.29,4273.04
1786010400000,4272.99,4273.55,4268.59,4269.49
1786011300000,4269.52,4270.91,4267.18,4269.200000000001
1786012200000,4269.21,4269.67,4264.64,4265.27
1786013100000,4265.360000000001,4271.400000000001,4264.59,4270.71
1786014000000,4270.8099999999995,4273.259999999999,4266.53,4268.969999999999
1786014900000,4269.05,4271.33,4260.5,4264.08
1786015800000,4264.1900000000005,4266.87,4259.8,4260.6
1786016700000,4260.72,4263.47,4254.18,4263.360000000001
1786017600000,4263.7,4265.66,4255.45,4256.179999999999
1786018500000,4256.21,4262.820000000001,4253.22,4261.56
1786019400000,4261.64,4270.71,4258.01,4267.030000000001
1786020300000,4267.26,4267.54,4249.16,4250.099999999999
1786021200000,4250.13,4255.6900000000005,4230.35,4238.38
1786022100000,4238.3,4248.150000000001,4235.93,4247.59
1786023000000,4247.62,4274.099999999999,4245.86,4270.2699999999995
1786023900000,4270.21,4270.25,4262.32,4267.07
1786024800000,4267.15,4275.179999999999,4264.11,4268.12
1786025700000,4268.15,4268.95,4260.08,4265.4
1786026600000,4266,4274.76,4265.77,4273.530000000001
1786027500000,4273.54,4275.26,4262.79,4272.93
1786028400000,4272.96,4274.19,4261.99,4263.7
1786029300000,4263.65,4263.7699999999995,4250.57,4254.759999999999
1786030200000,4254.81,4255.49,4246.38,4251.45
1786031100000,4251.43,4251.47,4229.62,4233.5599999999995
1786032000000,4233.61,4243.01,4230.95,4232.7699999999995
1786032900000,4232.66,4232.879999999999,4223.4,4230.11
1786033800000,4230.0599999999995,4236.07,4230.03,4233.429999999999
1786034700000,4233.45,4242.51,4231.71,4241.41
1786035600000,4241.4400000000005,4244.52,4239.39,4240.93
1786036500000,4240.96,4242.650000000001,4238.43,4241.64
1786037400000,4240.9800000000005,4243.5,4238.51,4241.92
1786038300000,4241.98,4248.139999999999,4240.36,4247.179999999999
1786039200000,4247.349999999999,4249.049999999999,4244.11,4246.83
1786040100000,4246.929999999999,4249.63,4246.11,4246.7
1786041000000,4246.67,4247.7300000000005,4240.63,4241.78
1786041900000,4241.84,4245.61,4240.7,4243.37
1786042800000,4243.38,4251.21,4242.99,4247.38
1786043700000,4247.3,4248.51,4235.16,4237.34
1786044600000,4237.21,4239.530000000001,4233.02,4234.540000000001
1786045500000,4234.61,4250.62,4234.57,4248.86
1786046400000,4248.759999999999,4250.12,4242.82,4244.48
1786047300000,4244.72,4245.57,4239.92,4241.91
1786048200000,4241.88,4242.429999999999,4235.07,4235.3099999999995
1786049100000,4235.04,4241.83,4234.65,4240.469999999999
1786053600000,4240.41,4240.509999999999,4235.82,4238.95
1786054500000,4238.900000000001,4243.400000000001,4238.89,4242.33
1786055400000,4242.32,4243.35,4239,4239.31
1786056300000,4239.3,4242.78,4238.83,4240.73
1786057200000,4240.450000000001,4245.610000000001,4240.18,4245.200000000001
1786058100000,4245.1,4246.040000000001,4243.02,4245.150000000001
1786059000000,4245.21,4248.69,4244.86,4246.549999999999
1786059900000,4246.589999999999,4253.169999999999,4245.69,4252.33
1786060800000,4251.91,4252.82,4243.34,4244.79
1786061700000,4244.8099999999995,4246.13,4239.16,4243.82
1786062600000,4243.98,4243.98,4230.2,4234.74
1786063500000,4234.7300000000005,4236.88,4229.67,4232.8
1786064400000,4232.84,4246.71,4231.84,4244.17
1786065300000,4244.29,4250.16,4240.17,4243.35
1786066200000,4243.34,4258.46,4239.17,4256.6900000000005
1786067100000,4256.639999999999,4259.2699999999995,4251.91,4256.68
1786068000000,4256.65,4261.57,4256.03,4258.7
1786068900000,4258.6900000000005,4261.21,4257.52,4260.830000000001
1786069800000,4261.31,4261.59,4249.79,4249.82
1786070700000,4249.719999999999,4255.94,4247.15,4250.25
1786071600000,4250.16,4259.34,4249.67,4254.71
1786072500000,4254.719999999999,4258.8099999999995,4251.69,4258.679999999999
1786073400000,4258.490000000001,4261.18,4257.64,4260.68
1786074300000,4260.929999999999,4266.179999999999,4259.19,4266.009999999999
1786075200000,4266.0199999999995,4269.049999999999,4262.15,4265.929999999999
1786076100000,4265.889999999999,4268.349999999999,4261.86,4264.969999999999
1786077000000,4265.06,4268.35,4260.64,4263.910000000001
1786077900000,4263.9800000000005,4267.1900000000005,4262.27,4264.900000000001
1786078800000,4264.86,4271.16,4261.91,4269.33
1786079700000,4269.32,4270.63,4264.67,4266.59
1786080600000,4267.24,4277.33,4266.05,4271.42
1786081500000,4271.530000000001,4280.51,4271.43,4278.610000000001
1786082400000,4278.83,4291.22,4278.45,4286.639999999999
1786083300000,4286.5199999999995,4291.24,4283.12,4283.28
1786084200000,4283.5,4295.1,4280.05,4292.13
1786085100000,4291.98,4298.599999999999,4288.66,4297.09
1786086000000,4297.04,4297.74,4290.21,4291.18
1786086900000,4291.17,4292.54,4284.71,4285.39
1786087800000,4285.25,4288.63,4283.88,4285.04
1786088700000,4285,4291.08,4282.83,4290.03
1786089600000,4290.18,4300.52,4289.05,4299.7
1786090500000,4299.709999999999,4300.639999999999,4293.23,4294.65
1786091400000,4294.87,4316.58,4294.07,4308.99
1786092300000,4309,4311.33,4303.33,4305.99
1786093200000,4306.040000000001,4307.120000000001,4304.52,4305.9400000000005
1786094100000,4305.91,4310.72,4304.71,4306.62
1786095000000,4306.740000000001,4318.35,4302.18,4317.31
1786095900000,4317.41,4320.719999999999,4314.36,4316.0599999999995
1786096800000,4316.03,4319.27,4308.05,4308.2
1786097700000,4308.21,4314.32,4308.03,4313.66
1786098600000,4313.73,4318.24,4313.12,4316.82
1786099500000,4316.929999999999,4320.62,4316.2,4316.83
1786100400000,4316.8099999999995,4326.09,4316.78,4320.2
1786101300000,4320.219999999999,4327.219999999999,4317.03,4325.03
1786102200000,4325.12,4327.61,4320.86,4322.78
1786103100000,4322.76,4326.950000000001,4320.81,4321.17
1786104000000,4320.969999999999,4325.24,4314.78,4314.96
1786104900000,4314.92,4317.05,4301.79,4309.68
1786105800000,4310.31,4370.700000000001,4310.31,4367.04
1786106700000,4367.08,4371.69,4355.86,4361.21
1786107600000,4361.34,4364.01,4345.99,4347.8099999999995
1786108500000,4347.84,4357.990000000001,4339.18,4356.31
1786109400000,4356.34,4367.92,4350.5,4358.47
1786110300000,4358.400000000001,4359.740000000001,4342.39,4348.05
1786111200000,4348.150000000001,4348.95,4327.51,4334.47
1786112100000,4334.4800000000005,4352.84,4330.55,4348.87
1786113000000,4349.3099999999995,4350.57,4342.45,4344.21
1786113900000,4344.339999999999,4348.88,4340.36,4341.42
1786114800000,4341.4800000000005,4355.900000000001,4340.31,4355.26
1786115700000,4355.38,4358.2300000000005,4351.09,4351.2300000000005
1786116600000,4351.2,4353.87,4347.04,4349.46
1786117500000,4349.4800000000005,4351.7300000000005,4339.72,4340.87
1786118400000,4340.95,4349.43,4338.5,4347.41
1786119300000,4347.33,4349.360000000001,4334.35,4337.43
1786120200000,4337.16,4341.9800000000005,4332.68,4338.6
1786121100000,4338.610000000001,4342.05,4329.06,4329.06
1786122000000,4329.11,4338.28,4327.63,4335.53
1786122900000,4335.43,4342.14,4333.84,4339.51
1786123800000,4339.5,4339.900000000001,4329.8,4336.31
1786124700000,4336.29,4342.990000000001,4334.89,4340.1900000000005
1786125600000,4340.09,4342.860000000001,4334.84,4334.91
1786126500000,4334.9800000000005,4337.870000000001,4332.06,4334.320000000001
1786127400000,4334.47,4338.900000000001,4333.39,4334.22
1786128300000,4334.23,4337.38,4333.11,4335.349999999999
1786129200000,4335.22,4345.71,4335.22,4343.56
1786130100000,4343.62,4350.29,4343.04,4348.6
1786131000000,4348.5599999999995,4348.849999999999,4344.36,4347.88
1786131900000,4347.870000000001,4349.42,4340.1,4343.93
1786132800000,4343.549999999999,4345.219999999999,4337.98,4342.379999999999
1786133700000,4342.41,4342.83,4337.12,4337.72
1786134600000,4337.71,4342.12,4335.9,4341.339999999999
1786135500000,4341.259999999999,4342.19,4338.98,4341.969999999999
1786312800000,4348.83,4350.360000000001,4332.89,4343.610000000001
1786313700000,4343.6900000000005,4344.78,4338.42,4343.6900000000005
1786314600000,4343.72,4345.17,4340.12,4340.49
1786315500000,4340.3099999999995,4344.12,4340.11,4341.5599999999995
1786316400000,4341.58,4347.55,4341.2,4346.5199999999995
1786317300000,4346.54,4348.98,4344.03,4346.36
1786318200000,4346.35,4347.25,4340.02,4342.22
1786319100000,4342.21,4343.28,4332.19,4332.7699999999995
1786320000000,4332.51,4347.06,4332.51,4344.320000000001
1786320900000,4344.349999999999,4345.58,4337.28,4337.57
1786321800000,4337.58,4339.240000000001,4333.6,4334.38
1786322700000,4334.45,4337.43,4330.76,4332.150000000001
1786323600000,4332.16,4340.72,4322.17,4323.15
1786324500000,4323.17,4328.150000000001,4316.52,4316.52
1786325400000,4316.4800000000005,4320.83,4313.42,4317.46
1786326300000,4317.44,4324.01,4316.16,4322.51
1786327200000,4322.54,4325.7,4318.83,4324.53
1786328100000,4324.5,4332.19,4323.45,4330.849999999999
1786329000000,4330.799999999999,4332.38,4323.11,4326.549999999999
1786329900000,4326.45,4327.17,4318.76,4319.64
1786330800000,4319.589999999999,4321.049999999999,4317.69,4320.15
1786331700000,4320.080000000001,4328.160000000001,4319.56,4327.18
1786332600000,4327.13,4329.84,4324.82,4325.139999999999
1786333500000,4325.110000000001,4327.92,4323.85,4326.6
1786334400000,4326.650000000001,4332.72,4323.18,4332.31
1786335300000,4332.32,4337.49,4330.82,4334.66
1786336200000,4334.59,4336.27,4329.75,4332.36
1786337100000,4332.2,4339.54,4331.94,4339.5
1786338000000,4339.4,4339.73,4333.53,4334.94
1786338900000,4334.969999999999,4336.419999999999,4332.69,4333.79
1786339800000,4333.849999999999,4344.299999999999,4331.61,4343.33
1786340700000,4343.09,4352.08,4340.64,4347.26
1786341600000,4347.450000000001,4350.06,4341.81,4347.200000000001
1786342500000,4347.24,4349.67,4342.57,4348.24
1786343400000,4348.07,4355.62,4345.9,4355.129999999999
1786344300000,4355.16,4359.67,4355,4358.07
1786345200000,4358.02,4358.75,4350.05,4351.06
1786346100000,4351.049999999999,4358.929999999999,4350.44,4355.07
1786347000000,4355.03,4359.84,4352.55,4359.31
1786347900000,4359.26,4361.92,4354.84,4355.43
1786348800000,4355.21,4356.23,4351.57,4354.599999999999
1786349700000,4354.540000000001,4356.3,4352.27,4355.610000000001
1786350600000,4355.55,4356.6,4345.71,4346.27
1786351500000,4346.259999999999,4348.98,4343.9,4346.54
1786352400000,4346.67,4349.97,4345.63,4349.61
1786353300000,4349.62,4349.67,4344.88,4346.9400000000005
1786354200000,4346.71,4346.8,4340.47,4344.150000000001
1786355100000,4344.31,4345.42,4340.85,4341.160000000001
1786356000000,4341.030000000001,4341.450000000001,4339.14,4340.68
1786356900000,4340.79,4344.0199999999995,4339.28,4343.58
1786357800000,4343.5,4344.070000000001,4337.77,4337.8
1786358700000,4337.82,4340.49,4335.4,4335.71
1786359600000,4335.95,4336.5599999999995,4329.83,4331.45
1786360500000,4331.339999999999,4336.259999999999,4328.86,4334.58
1786361400000,4334.49,4339.29,4334.45,4337.23
1786362300000,4337.47,4337.780000000001,4331.97,4334.92
1786363200000,4334.79,4337.04,4331.08,4331.68
1786364100000,4331.849999999999,4332.44,4324.12,4327.64
1786365000000,4327.59,4332.38,4326.27,4329.06
1786365900000,4328.83,4335.57,4328.78,4332.469999999999
1786366800000,4332.4800000000005,4337.84,4325.96,4337.22
1786367700000,4337.29,4337.679999999999,4329.07,4335.009999999999
1786368600000,4335.07,4339.88,4330.03,4330.75
1786369500000,4330.8,4331.85,4316.68,4317.88
1786370400000,4317.95,4331.07,4317.9,4330.11
1786371300000,4330.24,4348.04,4328.44,4345.41
1786372200000,4345.379999999999,4351.9,4344.73,4349.509999999999
1786373100000,4349.52,4350.75,4342.56,4345.410000000001
1786374000000,4345.57,4352.06,4343.25,4347.06
1786374900000,4347.09,4352.19,4346.12,4349.14
1786375800000,4349.15,4351.97,4347.87,4350.21
1786376700000,4350.26,4359.4800000000005,4348.51,4358.38
1786377600000,4358.389999999999,4364.65,4356.74,4361.3099999999995
1786378500000,4361.36,4364.549999999999,4360.9,4362.589999999999
1786379400000,4362.69,4362.969999999999,4349.32,4351.61
1786380300000,4351.63,4356.9,4351.58,4356.75
1786381200000,4357.08,4358.13,4351.74,4357.139999999999
1786382100000,4357.11,4361.139999999999,4356.32,4361.13
1786383000000,4360.88,4365.32,4359.49,4360.21
1786383900000,4360.22,4361.29,4357.68,4360.18
1786384800000,4360.19,4365.3099999999995,4359.91,4363.01
1786385700000,4363.02,4367.1,4361.46,4365.81
1786386600000,4365.88,4382.950000000001,4365.14,4379.660000000001
1786387500000,4379.64,4379.8,4373.37,4378.5199999999995
1786388400000,4378.41,4382.7699999999995,4378.41,4381.98
1786389300000,4382.02,4391.5,4381.27,4390.6
1786390200000,4390.76,4394.0199999999995,4384.29,4388.19
1786391100000,4388.2,4395.16,4387.34,4388.26
1786392000000,4388.29,4390.58,4385.83,4389.24
1786392900000,4389.360000000001,4391.92,4386.52,4390.9400000000005
1786393800000,4390.97,4391.950000000001,4389.85,4389.85
1786394700000,4389.75,4390.63,4388.57,4390.219999999999
1786399200000,4390.2,4392.93,4388.59,4391.34
1786400100000,4391.25,4393.349999999999,4390.95,4391.96
1786401000000,4391.98,4395.97,4391.91,4395.15
1786401900000,4395.13,4400.77,4395.13,4398.8
1786402800000,4399.679999999999,4401.969999999999,4395.69,4397.32
1786403700000,4397.18,4397.41,4394.62,4395.3
1786404600000,4395.29,4398.83,4395.23,4398.709999999999
1786405500000,4398.7300000000005,4402.61,4396.38,4402.37
1786406400000,4402.389999999999,4408.839999999999,4396.4,4405.32
1786407300000,4405.360000000001,4416.06,4404.43,4413.990000000001
1786408200000,4414,4414.08,4407.43,4414.08
1786409100000,4414.120000000001,4419.150000000001,4408.31,4409.320000000001
1786410000000,4409.3099999999995,4415.25,4393.66,4414.5
1786410900000,4414.47,4420.05,4412.6,4419.31
1786411800000,4419.29,4422.25,4415.11,4415.13
1786412700000,4415.2,4433.95,4414.45,4429.69
1786413600000,4429.62,4434.45,4421.95,4433.65
1786414500000,4433.8,4435.03,4425.95,4428.44
1786415400000,4428.139999999999,4429.049999999999,4413.69,4418.379999999999
1786416300000,4418.28,4418.98,4408.04,4410.91
1786417200000,4410.87,4415.26,4409.71,4413.49
1786418100000,4413.46,4420.68,4412.89,4420.33
1786419000000,4420.26,4421.49,4415.62,4415.97
1786419900000,4416.37,4418.74,4414.16,4416.8
1786420800000,4416.82,4419.57,4412.07,4413.92
1786421700000,4414.05,4415.75,4409.87,4415.2
1786422600000,4415.25,4420.21,4408.31,4410
1786423500000,4410.02,4411.31,4403.5,4408.86
1786424400000,4408.83,4409,4399.5,4402.15
1786425300000,4402.049999999999,4402.16,4390.86,4392.339999999999
1786426200000,4392.349999999999,4392.349999999999,4372.61,4377.03
1786427100000,4377.04,4378.139999999999,4367.45,4375.26
1786428000000,4375.3,4382.62,4371.68,4372.85
1786428900000,4372.81,4376.070000000001,4362.18,4363.450000000001
1786429800000,4363.4,4369.3099999999995,4359.9,4363.73
1786430700000,4363.879999999999,4367.509999999999,4359.98,4366.11
1786431600000,4366.25,4367.66,4361.28,4363.33
1786432500000,4363.32,4365.89,4357.71,4362.97
1786433400000,4363,4364.83,4356.85,4358.34
1786434300000,4358.71,4361.5,4356.72,4357.6900000000005
1786435200000,4358.27,4366.64,4356.97,4365.05
1786436100000,4365.04,4369.65,4359.19,4369.129999999999
1786437000000,4368.98,4375.929999999999,4368.74,4374.75
1786437900000,4374.759999999999,4376.59,4369.07,4369.07
1786438800000,4369.1,4372.92,4367.5,4372.44
1786439700000,4372.549999999999,4375.54,4370.36,4371.88
1786440600000,4371.71,4374.87,4370.24,4370.46
1786441500000,4370.46,4374.64,4370.35,4372.39
1786442400000,4372.47,4375.96,4371.16,4373.12
1786443300000,4373.1,4381.79,4372.38,4378.28
1786444200000,4378.24,4380.92,4376.92,4377.62
1786445100000,4377.610000000001,4382.46,4377.52,4382.3
1786446000000,4382.29,4392.93,4380.39,4391.400000000001
1786446900000,4391.57,4392.3099999999995,4385.15,4387.259999999999
1786447800000,4387.410000000001,4387.9800000000005,4383.02,4386.330000000001
1786448700000,4386.15,4389.86,4384.92,4387.71
1786449600000,4387.72,4397.490000000001,4383.93,4396.900000000001
1786450500000,4396.93,4399.610000000001,4387.56,4391.18
1786451400000,4391.5199999999995,4398.5199999999995,4388.74,4398.5199999999995
1786452300000,4398.47,4400.05,4392.12,4392.4
1786453200000,4392.4400000000005,4400.96,4391.85,4393.820000000001
1786454100000,4393.76,4400.84,4389.49,4397.95
1786455000000,4398.0199999999995,4401.75,4388.98,4399.7699999999995
1786455900000,4399.79,4404.09,4384.46,4389.29
1786456800000,4389.34,4389.92,4381.22,4386.97
1786457700000,4387.099999999999,4390.17,4381.61,4383.91
1786458600000,4384.18,4395.2300000000005,4384.18,4393.400000000001
1786459500000,4393.39,4397.860000000001,4391.77,4394.09
1786460400000,4394.17,4398.76,4389.18,4392.17
1786461300000,4392.09,4392.13,4381.91,4386.639999999999
1786462200000,4386.58,4386.95,4369.11,4375.849999999999
1786463100000,4375.889999999999,4383.78,4375.03,4383.719999999999
1786464000000,4383.75,4384.6900000000005,4378.63,4379.43
1786464900000,4379.53,4383.33,4378.41,4382.93
1786465800000,4382.9400000000005,4385.72,4379.22,4384.7
1786466700000,4384.7300000000005,4385.42,4381.01,4383.360000000001
1786467600000,4383.43,4385.58,4381.01,4381.01
1786468500000,4380.94,4384.299999999999,4378.86,4381.36
1786469400000,4381.58,4381.87,4374.28,4376.23
1786470300000,4376.13,4377.47,4368.95,4369.07
1786471200000,4368.98,4369.05,4360.24,4363.76
1786472100000,4363.7300000000005,4367.21,4360.42,4361.24
1786473000000,4361.2699999999995,4371.7699999999995,4361.11,4371.07
1786473900000,4371.09,4372.65,4369.99,4371.5199999999995
1786474800000,4371.57,4372.129999999999,4363.4,4363.75
1786475700000,4363.76,4370.8,4361.25,4370.37
1786476600000,4370.389999999999,4374.15,4366.44,4367.5599999999995
1786477500000,4367.58,4373.259999999999,4366.28,4370.78
1786478400000,4370.73,4371.0599999999995,4368.49,4370.3099999999995
1786479300000,4370.29,4370.95,4367.63,4370.24
1786480200000,4370.29,4370.4400000000005,4367.43,4367.530000000001
1786481100000,4367.39,4368.74,4367.05,4368.03
1786485600000,4372.01,4375.44,4370.7,4374
1786486500000,4373.96,4377.09,4373.35,4376.59
1786487400000,4376.65,4378.0599999999995,4374.99,4376.3
1786488300000,4376.38,4378.33,4367.25,4369.01
1786489200000,4369.150000000001,4369.8,4362.51,4366.58
1786490100000,4366.349999999999,4374.54,4365.24,4372.78
1786491000000,4372.7699999999995,4372.82,4366.65,4367.86
1786491900000,4368.19,4371.8,4368.16,4371.49
1786492800000,4371.37,4379.37,4366.41,4378.07
1786493700000,4377.929999999999,4381.08,4374.11,4380.679999999999
1786494600000,4380.660000000001,4383.620000000001,4379.35,4382.8
1786495500000,4382.910000000001,4383.09,4377.6,4380.450000000001
1786496400000,4380.81,4390.6900000000005,4378.35,4390.360000000001
1786497300000,4390.51,4394.1,4386.64,4390.490000000001
1786498200000,4390.530000000001,4393.22,4385.27,4393.070000000001
1786499100000,4393.18,4397.4,4391.12,4396.44
1786500000000,4396.51,4404.639999999999,4394.2,4401.71
1786500900000,4401.67,4403.650000000001,4399.38,4402.17
1786501800000,4402.19,4408.17,4397.75,4405.5
1786502700000,4405.4400000000005,4414.42,4405.3,4411.320000000001
1786503600000,4411.23,4415.849999999999,4408.62,4410.75
1786504500000,4410.7699999999995,4410.78,4404.36,4407.21
1786505400000,4407.2,4408.58,4401.3,4401.33
1786506300000,4401.27,4403.67,4400.75,4402.2
1786507200000,4402.21,4403.13,4396.47,4397.34
1786508100000,4397.35,4399.22,4395.34,4398.99
1786509000000,4398.97,4399.99,4395.33,4399.95
1786509900000,4399.92,4402.23,4399.2,4400.97
1786510800000,4400.88,4404.78,4400.08,4400.74
1786511700000,4400.67,4400.76,4392.37,4392.57
1786512600000,4392.150000000001,4396.87,4387.97,4388
1786513500000,4387.99,4394.03,4383.98,4391.129999999999
1786514400000,4391.08,4393.049999999999,4385.19,4387.0599999999995
1786515300000,4387.05,4390.4400000000005,4385.67,4389.67
1786516200000,4389.59,4397.37,4388.38,4394.51
1786517100000,4394.54,4406.27,4394.5,4403.41
1786518000000,4403.49,4406.05,4400.88,4401.45
1786518900000,4401.4800000000005,4402.660000000001,4398.14,4402.34
1786519800000,4402.349999999999,4408.49,4401.37,4407.8
1786520700000,4407.77,4409.95,4404.75,4406.17
1786521600000,4406.01,4410.42,4405.79,4408.54
1786522500000,4408.41,4409.35,4405.54,4406.97
1786523400000,4406.92,4407.47,4404.64,4406.01
1786524300000,4405.94,4405.94,4401.69,4401.78
1786525200000,4401.84,4413.080000000001,4401.81,4412.79
1786526100000,4413.009999999999,4424.15,4412.36,4413.179999999999
1786527000000,4413.15,4417.01,4411.87,4413.64
1786527900000,4413.7300000000005,4416.4800000000005,4410.77,4415.740000000001
1786528800000,4415.94,4419.24,4414.58,4417.87
1786529700000,4418.25,4420.83,4417.46,4419.54
1786530600000,4419.4800000000005,4419.67,4412.81,4414.68
1786531500000,4414.6,4415.62,4407.43,4412.64
1786532400000,4412.78,4415.15,4407.83,4407.83
1786533300000,4407.86,4416.7,4407.82,4415.009999999999
1786534200000,4414.99,4415.82,4410.17,4413.26
1786535100000,4413.21,4415.38,4412.49,4412.73
1786536000000,4412.66,4413.03,4406.25,4408.68
1786536900000,4408.59,4427.47,4404.68,4427.47
1786537800000,4427.3,4438.18,4381.85,4428.54
1786538700000,4428.3,4438.160000000001,4417.06,4437.38
1786539600000,4437.950000000001,4441.160000000001,4421.02,4421.92
1786540500000,4421.900000000001,4428.88,4414.63,4418.43
1786541400000,4418.57,4420.65,4408.49,4416.59
1786542300000,4416.58,4434,4415.48,4427.62
1786543200000,4427.8099999999995,4434.84,4421.28,4431.86
1786544100000,4431.89,4439.610000000001,4429.97,4431.52
1786545000000,4431.58,4436.01,4416.34,4425
1786545900000,4424.99,4432.39,4416.58,4421.95
1786546800000,4422.06,4430.01,4414.84,4426.52
1786547700000,4426.63,4428.01,4419.56,4421.410000000001
1786548600000,4421.5,4425.28,4416.71,4418.06
1786549500000,4418.17,4422.25,4411.03,4420.98
1786550400000,4421.03,4425.599999999999,4416.69,4423.36
1786551300000,4423.5,4426.41,4422.37,4423.17
1786552200000,4423.16,4423.84,4409.29,4410.82
1786553100000,4410.79,4411.160000000001,4396.64,4401.64
1786554000000,4401.69,4407.51,4400,4403.6
1786554900000,4403.78,4409.83,4401.92,4406.37
1786555800000,4406.59,4411.4400000000005,4401.3,4401.95
1786556700000,4401.96,4405.5,4399,4399.34
1786557600000,4399.21,4406.48,4396.25,4405.75
1786558500000,4405.78,4411.049999999999,4404.57,4408.45
1786559400000,4408.24,4413.5599999999995,4407.91,4413.53
1786560300000,4413.51,4417.81,4412.75,4412.98
1786561200000,4413,4418.29,4412.83,4416.33
1786562100000,4416.299999999999,4417.9,4415.65,4416.589999999999
1786563000000,4416.64,4416.64,4411.29,4413.17
1786563900000,4413.11,4414,4408.23,4413.9
1786564800000,4413.87,4414.13,4408.72,4408.96
1786565700000,4408.93,4409.85,4406.6,4407.76
1786566600000,4407.79,4408.67,4406.74,4407.9
1786567500000,4407.95,4408.83,4406.58,4408.44
1786572000000,4409.83,4410.16,4402.44,4403.12
1786572900000,4403.1,4403.13,4398.22,4399.320000000001
1786573800000,4399.25,4401.73,4398.74,4400.0199999999995
1786574700000,4399.969999999999,4402.929999999999,4399.82,4402.15
1786575600000,4401.56,4405.85,4401.56,4405.6
1786576500000,4405.61,4409.73,4405.58,4408.28
1786577400000,4408.320000000001,4410.34,4407.31,4408.490000000001
1786578300000,4408.61,4414.34,4407.92,4414.32
1786579200000,4414.42,4422.03,4412.84,4419.150000000001
1786580100000,4419.17,4437.57,4419.17,4428.34
1786581000000,4428.35,4449.75,4424.55,4440.1
1786581900000,4440.04,4440.17,4424.05,4427.55
1786582800000,4427.58,4435.179999999999,4422.7,4430.0199999999995
1786583700000,4430.05,4435.1900000000005,4419.01,4419.34
1786584600000,4419.31,4430.12,4417.72,4419.150000000001
1786585500000,4419.08,4419.16,4406.17,4408.42
1786586400000,4408.089999999999,4414.0199999999995,4405.44,4410.7
1786587300000,4410.660000000001,4412.370000000001,4405.85,4406.5
1786588200000,4406.48,4410.33,4399,4410.33
1786589100000,4410.36,4410.66,4405.53,4407.15
1786590000000,4407.030000000001,4412.200000000001,4404.1,4407.02
1786590900000,4407.01,4410.13,4405.6,4409.17
1786591800000,4409.29,4410.45,4405.37,4405.86
1786592700000,4405.87,4407.58,4398.65,4400.2
1786593600000,4400.16,4400.35,4391.67,4394.45
1786594500000,4394.4800000000005,4399.17,4392.52,4398.1900000000005
1786595400000,4398.18,4399.51,4395.13,4395.74
1786596300000,4395.78,4398.72,4395.29,4397.72
1786597200000,4397.73,4404.67,4393.07,4404.45
1786598100000,4404.4800000000005,4407.22,4400.88,4406.38
1786599000000,4406.36,4407.01,4386.5,4387.63
1786599900000,4387.610000000001,4389.26,4380.52,4382.900000000001
1786600800000,4382.86,4385.49,4375.13,4375.92
1786601700000,4375.82,4378.719999999999,4374.19,4375.98
1786602600000,4376.02,4378.4800000000005,4368.93,4374.1
1786603500000,4374.11,4381.51,4374,4380.9
1786604400000,4380.849999999999,4381.57,4375.03,4376.8
1786605300000,4376.8099999999995,4377.599999999999,4373.74,4376.36
1786606200000,4375.73,4378.64,4372.12,4378.42
1786607100000,4378.53,4378.7,4369.25,4369.91
1786608000000,4369.5,4370.48,4363.98,4365.94
1786608900000,4365.96,4373.4400000000005,4364.93,4372.72
1786609800000,4372.59,4375.7300000000005,4371.85,4373.6
1786610700000,4373.56,4379.3,4373.46,4375.83
1786611600000,4375.82,4378.349999999999,4372.45,4377
1786612500000,4376.78,4382.25,4376.2,4379.9
1786613400000,4379.849999999999,4381.719999999999,4378.65,4380.009999999999
1786614300000,4380.05,4384.78,4378.49,4384.5
1786615200000,4384.65,4385.25,4381.36,4381.5
1786616100000,4381.67,4387.59,4381.66,4387.08
1786617000000,4387.0599999999995,4390.5,4384.58,4390.45
1786617900000,4390.469999999999,4393.75,4388.24,4392.139999999999
1786618800000,4392.15,4394.3,4388.49,4394.179999999999
1786619700000,4394.21,4396.580000000001,4388.02,4388.02
1786620600000,4388.25,4389.76,4383.77,4384.01
1786621500000,4383.9800000000005,4387.990000000001,4382.89,4387.58
1786622400000,4387.66,4391.65,4385.73,4389.03
1786623300000,4389.009999999999,4392.9,4384.11,4391.0199999999995
1786624200000,4391.099999999999,4401.139999999999,4380.65,4392.089999999999
1786625100000,4392,4401.88,4391.72,4401.8
1786626000000,4401.740000000001,4401.79,4391.06,4393.85
1786626900000,4393.89,4395.2300000000005,4384.02,4385.13
1786627800000,4385.18,4389.72,4375.29,4379.48
1786628700000,4379.509999999999,4382.8099999999995,4370.73,4372.74
1786629600000,4372.759999999999,4378.799999999999,4366.65,4370.71
1786630500000,4370.87,4378.17,4367.64,4367.650000000001
1786631400000,4367.7300000000005,4381.7,4357.38,4381.17
1786632300000,4381.14,4386.990000000001,4381.14,4383.64
1786633200000,4383.83,4385.599999999999,4368.24,4369.599999999999
1786634100000,4369.5,4373.87,4363.54,4365.15
1786635000000,4365.13,4371.51,4357.66,4368.3
1786635900000,4368.27,4370.79,4363.42,4365.09
1786636800000,4365.110000000001,4367.35,4353.97,4355.110000000001
1786637700000,4355.37,4362.79,4351.32,4362.5599999999995
1786638600000,4362.56,4367.08,4362.54,4365.35
1786639500000,4365.2699999999995,4368.34,4364.08,4367.01
1786640400000,4367.18,4373.3,4365,4371.34
1786641300000,4371.389999999999,4371.759999999999,4362.4,4363.049999999999
1786642200000,4363.05,4364.31,4355.59,4357.16
1786643100000,4357.1900000000005,4359.95,4355.67,4355.93
1786644000000,4355.96,4362.650000000001,4355.84,4361.900000000001
1786644900000,4361.9,4363.53,4354.69,4357.5
1786645800000,4357.62,4360.34,4356.33,4357.85
1786646700000,4357.88,4358.13,4354.63,4356.91
1786647600000,4357.03,4358.82,4346.21,4346.83
1786648500000,4346.67,4351.74,4343.79,4351.65
1786649400000,4351.63,4354.070000000001,4349.72,4351.320000000001
1786650300000,4351.33,4351.4,4347.67,4350.1
1786651200000,4350.11,4350.46,4346.92,4350.27
1786652100000,4350.3,4352.16,4349.37,4351.67
1786653000000,4351.65,4351.76,4348,4349.44
1786653900000,4349.33,4351.04,4348.59,4350.97
1786658400000,4353.32,4356.929999999999,4351.98,4354.139999999999
1786659300000,4354.12,4357.79,4352.83,4357.07
1786660200000,4357.08,4362.7,4355.72,4360.45
1786661100000,4360.49,4361.14,4353.33,4354.7699999999995
1786662000000,4355.33,4360.51,4349.22,4360.51
1786662900000,4360.400000000001,4363,4357.02,4362.9800000000005
1786663800000,4362.97,4363.5,4358.6,4360.34
1786664700000,4360.35,4364.030000000001,4356.39,4356.39
1786665600000,4356.339999999999,4361.959999999999,4350.48,4352.07
1786666500000,4352.12,4352.12,4339.4,4339.4
1786667400000,4339.42,4346.929999999999,4334.49,4339.73
1786668300000,4339.83,4342.73,4329.45,4340.96
1786669200000,4340.849999999999,4341.429999999999,4322.24,4324.15
1786670100000,4324.509999999999,4325.95,4315.07,4319.54
1786671000000,4319.610000000001,4321.42,4313.02,4319.530000000001
1786671900000,4319.56,4323.240000000001,4312.43,4318.08
1786672800000,4318.360000000001,4322.72,4310.85,4312.39
1786673700000,4312.4,4318.36,4312.4,4313.0199999999995
1786674600000,4312.96,4322.620000000001,4311.6,4321.13
1786675500000,4321.03,4321.95,4312.7,4315.61
1786676400000,4315.75,4323.74,4313.7,4320.11
1786677300000,4320.18,4326.150000000001,4319.93,4325.7300000000005
1786678200000,4325.74,4328.089999999999,4325.11,4325.66
1786679100000,4325.76,4326.790000000001,4323.52,4323.55
1786680000000,4323.61,4327.26,4322.75,4325.95
1786680900000,4325.9400000000005,4327.97,4325.05,4325.1
1786681800000,4325.17,4326.43,4323.37,4325.26
1786682700000,4325.13,4326.89,4323.79,4326.89
1786683600000,4326.97,4326.97,4319.59,4320.21
1786684500000,4320.299999999999,4320.3099999999995,4317.15,4318.379999999999
1786685400000,4318.21,4324.85,4310.92,4317.7300000000005
1786686300000,4317.72,4333.56,4317.52,4333.56
1786687200000,4333.55,4336.57,4329.74,4332.62
1786688100000,4332.63,4333.639999999999,4328.41,4329.16
1786689000000,4329.15,4332.9800000000005,4327.92,4332.9800000000005
1786689900000,4333.08,4335.849999999999,4332.65,4335.66
1786690800000,4335.61,4337.21,4331.2,4331.23
1786691700000,4331.21,4336.4800000000005,4329.68,4331.950000000001
1786692600000,4331.929999999999,4340.179999999999,4331.7,4339.71
1786693500000,4339.72,4345.1900000000005,4339.47,4343.66
1786694400000,4343.65,4347.969999999999,4341.94,4347.759999999999
1786695300000,4347.72,4349.110000000001,4343.55,4345.71
1786696200000,4345.740000000001,4349.320000000001,4343.52,4343.77
1786697100000,4343.6900000000005,4349.71,4342.81,4348.650000000001
1786698000000,4348.58,4350.96,4346.03,4350.73
1786698900000,4350.7699999999995,4354.139999999999,4348.78,4351.7699999999995
1786699800000,4351.79,4354.51,4350.04,4353.45
1786700700000,4353.48,4357.39,4352.62,4357.11
1786701600000,4357.179999999999,4358.61,4353.82,4354.37
1786702500000,4354.46,4355.18,4350.16,4351.3099999999995
1786703400000,4351.43,4351.94,4348.25,4351.92
1786704300000,4351.86,4353.4800000000005,4347.88,4349.34
1786705200000,4349.360000000001,4351.610000000001,4348.51,4350.610000000001
1786706100000,4350.64,4357.06,4350.64,4356.740000000001
1786707000000,4356.7,4363.36,4356.49,4362.4
1786707900000,4362.44,4369.36,4360.99,4369.2
1786708800000,4369.110000000001,4376.63,4366.06,4371.71
1786709700000,4371.72,4380.59,4369.63,4379.85
1786710600000,4380.110000000001,4386.820000000001,4372.18,4372.7300000000005
1786711500000,4372.8099999999995,4377.7699999999995,4370.94,4373.629999999999
1786712400000,4373.89,4381.01,4370.26,4375.110000000001
1786713300000,4375.15,4386.429999999999,4375.15,4384.389999999999
1786714200000,4384.71,4396.990000000001,4383.6,4393.860000000001
1786715100000,4393.85,4394.7,4382.8,4384.45
1786716000000,4384.06,4393.120000000001,4384.06,4390.54
1786716900000,4390.5,4394.56,4385.26,4390.72
1786717800000,4390.9,4391.509999999999,4381.53,4384.259999999999
1786718700000,4384.28,4384.47,4378.83,4381.39
1786719600000,4381.400000000001,4394.02,4381.1,4392.06
1786720500000,4392.139999999999,4392.929999999999,4379.07,4384.87
1786721400000,4385.06,4389.99,4383.92,4389.53
1786722300000,4389.54,4394.75,4389.38,4391.54
1786723200000,4391.78,4396.69,4388.78,4389.75
1786724100000,4389.660000000001,4392.96,4386.89,4387.51
1786725000000,4387.58,4388.97,4380.25,4385.75
1786725900000,4385.87,4387.39,4384.84,4385.88
1786726800000,4385.97,4386.37,4380.3,4382.27
1786727700000,4382.27,4384.65,4379.21,4379.42
1786728600000,4379.4,4382.679999999999,4376.98,4377.719999999999
1786729500000,4377.68,4379.02,4376.21,4378.37
1786730400000,4378.719999999999,4381.629999999999,4376.44,4377.3099999999995
1786731300000,4377.3,4380.38,4376.96,4379.33
1786732200000,4379.29,4382.67,4376.22,4376.360000000001
1786733100000,4376.37,4376.83,4370.83,4373.47
1786734000000,4373.379999999999,4377.12,4372.23,4375.929999999999
1786734900000,4375.77,4377.84,4374.64,4377.27
1786735800000,4377.25,4378.16,4375.57,4375.57
1786736700000,4375.58,4379.88,4373.54,4376.15
1786737600000,4375.990000000001,4376.01,4371.47,4372.7300000000005
1786738500000,4372.889999999999,4374.82,4372.65,4374.679999999999
1786739400000,4374.65,4376.82,4373.57,4375.5599999999995
1786740300000,4375.509999999999,4376.07,4374.86,4375.7
1786917600000,4379.37,4379.59,4372.28,4375.719999999999
1786918500000,4375.700000000001,4375.92,4372.68,4374.46
1786919400000,4374.64,4378.92,4374.64,4377.700000000001
1786920300000,4377.67,4386.799999999999,4377.61,4385.849999999999
1786921200000,4385.72,4386.160000000001,4379.52,4379.700000000001
1786922100000,4379.79,4381.12,4372.62,4374.69
1786923000000,4374.7,4375.13,4367.11,4368.25
1786923900000,4368.26,4373.78,4368.21,4370.28
1786924800000,4370.34,4379.48,4368.04,4378.86
1786925700000,4378.76,4390.85,4378.47,4389.88
1786926600000,4389.830000000001,4397.35,4387.56,4395.740000000001
1786927500000,4395.65,4402.15,4394.28,4400.71
1786928400000,4400.45,4411.74,4399.13,4409.31
1786929300000,4409.3,4416.429999999999,4406.28,4407.0599999999995
1786930200000,4407.12,4408.0199999999995,4397.58,4403.36
1786931100000,4403.45,4403.81,4392.05,4395.650000000001
1786932000000,4395.62,4398.179999999999,4392.61,4394.3099999999995
1786932900000,4394.39,4397.43,4389.89,4395.400000000001
1786933800000,4395.49,4398.05,4389.83,4392.96
1786934700000,4393.030000000001,4393.42,4388.43,4393.25
1786935600000,4393.36,4394.95,4388.65,4390.299999999999
1786936500000,4390.41,4393.4800000000005,4388.09,4392.96
1786937400000,4392.95,4397.129999999999,4391.15,4395.15
1786938300000,4395.110000000001,4397.67,4392.93,4397.09
1786939200000,4397.19,4399.5199999999995,4396.49,4398.389999999999
1786940100000,4398.379999999999,4398.86,4390.23,4390.929999999999
1786941000000,4390.92,4396.58,4388.96,4395.75
1786941900000,4395.6900000000005,4397.81,4389.84,4390.74
1786942800000,4390.71,4393.21,4386.96,4387.69
1786943700000,4387.74,4399.389999999999,4386.91,4399.389999999999
1786944600000,4399.42,4401.2300000000005,4392.27,4395.71
1786945500000,4395.900000000001,4397.47,4392.3,4394.75
1786946400000,4394.92,4398.11,4392.71,4396.79
1786947300000,4396.76,4400.01,4392.67,4398.45
1786948200000,4398.31,4398.650000000001,4393.64,4396.070000000001
1786949100000,4396.28,4404.48,4396.2,4403.07
1786950000000,4403,4404.009999999999,4396.07,4396.46
1786950900000,4396.46,4405.09,4396.16,4404.87
1786951800000,4404.919999999999,4411.37,4404.69,4409.32
1786952700000,4409.349999999999,4409.889999999999,4403.57,4405.259999999999
1786953600000,4405.05,4405.05,4397.55,4402.78
1786954500000,4402.82,4403.75,4400.4,4401.83
1786955400000,4402.07,4402.11,4395.91,4396.25
1786956300000,4396.27,4396.860000000001,4392.51,4395
1786957200000,4395.26,4400.58,4393.29,4399.12
1786958100000,4399.17,4399.900000000001,4395.6,4396.81
1786959000000,4396.91,4397.44,4393.45,4394.22
1786959900000,4394.18,4395.81,4392.52,4395.51
1786960800000,4395.59,4396.25,4393.13,4395.92
1786961700000,4395.91,4405.57,4391.88,4405.1900000000005
1786962600000,4404.86,4405.78,4395.37,4398.15
1786963500000,4398.2,4399.47,4396.22,4398.93
1786964400000,4399.110000000001,4403.85,4397.89,4399.67
1786965300000,4399.830000000001,4404.63,4397.06,4403.51
1786966200000,4403.6,4404.92,4399.14,4399.530000000001
1786967100000,4399.58,4400.62,4395.37,4396.76
1786968000000,4396.75,4397.610000000001,4391.56,4393.900000000001
1786968900000,4393.79,4398.71,4382.47,4385.76
1786969800000,4385.7300000000005,4390.1900000000005,4378.38,4378.39
1786970700000,4378.35,4386.37,4377.29,4384.87
1786971600000,4385.13,4389.39,4381.76,4386.360000000001
1786972500000,4386.38,4388.79,4382.24,4386.25
1786973400000,4386.68,4391.93,4384.75,4385.79
1786974300000,4385.64,4416.0199999999995,4384.58,4408.78
1786975200000,4408.53,4412.71,4403.82,4412.37
1786976100000,4412.33,4427.5599999999995,4411.82,4418.219999999999
1786977000000,4418.27,4424.68,4416.51,4417.280000000001
1786977900000,4417.35,4420.9400000000005,4413.97,4417.26
1786978800000,4417.27,4422.2300000000005,4415.14,4421.240000000001
1786979700000,4421.22,4426.02,4419.42,4425.52
1786980600000,4425.530000000001,4426.3,4418.81,4419.150000000001
1786981500000,4419.16,4427.78,4417.62,4427.48
1786982400000,4427.6,4428.780000000001,4424.02,4425.96
1786983300000,4426.07,4427.54,4422.86,4424.759999999999
1786984200000,4424.88,4426.92,4422.68,4424.59
1786985100000,4424.55,4425.52,4422.46,4424.13
1786986000000,4424.12,4426.07,4421.08,4422.78
1786986900000,4422.900000000001,4423.110000000001,4413.43,4416.700000000001
1786987800000,4416.48,4418.3099999999995,4411.16,4417.37
1786988700000,4417.38,4420.52,4413.17,4413.62
1786989600000,4413.639999999999,4414.389999999999,4410.11,4413.71
1786990500000,4413.839999999999,4416.07,4404.73,4406.11
1786991400000,4406.150000000001,4406.700000000001,4398.06,4401.360000000001
1786992300000,4401.51,4407.4400000000005,4400.13,4406.62
1786993200000,4406.48,4408.54,4400.23,4408.509999999999
1786994100000,4408.74,4417.45,4408.74,4414.46
1786995000000,4414.469999999999,4420.389999999999,4414.11,4419.32
1786995900000,4419.280000000001,4420.93,4416.52,4419.740000000001
1786996800000,4419.93,4421.320000000001,4416.6,4417.71
1786997700000,4417.740000000001,4418.05,4414.85,4415.08
1786998600000,4415.01,4415.85,4414.52,4415.410000000001
1786999500000,4415.34,4416.62,4414.97,4416.56
1787004000000,4418.13,4418.37,4414.95,4416.66
1787004900000,4416.69,4417.25,4411.9,4412.41
1787005800000,4412.320000000001,4415.6,4411.6,4414.54
1787006700000,4414.51,4416.22,4410.46,4411.75
1787007600000,4411.919999999999,4414.86,4409.73,4414.75
1787008500000,4414.91,4421.7699999999995,4414.87,4420.25
1787009400000,4420.2,4422.7,4419.95,4422.599999999999
1787010300000,4422.58,4425.99,4421.54,4425.88
1787011200000,4426.11,4429.65,4418.99,4421.719999999999
1787012100000,4421.7300000000005,4431.49,4420.88,4431.27
1787013000000,4431.37,4433.46,4428.33,4429.5199999999995
1787013900000,4429.51,4434.92,4428.51,4434.63
1787014800000,4434.6900000000005,4436.05,4428.6,4429.21
1787015700000,4429.2,4430.78,4420.24,4424.889999999999
1787016600000,4424.95,4426.15,4411.74,4411.74
1787017500000,4411.81,4412.16,4404.25,4408.03
1787018400000,4407.93,4408.150000000001,4398.55,4400.99
1787019300000,4400.79,4405.44,4400.36,4402.32
1787020200000,4402.37,4402.78,4394.2,4394.96
1787021100000,4395.06,4400.45,4394.34,4399.900000000001
1787022000000,4399.87,4404.08,4398.88,4401.58
1787022900000,4401.59,4402.16,4394.34,4397.16
1787023800000,4397.150000000001,4397.21,4394.52,4394.790000000001
1787024700000,4394.7300000000005,4395.06,4390.59,4391.860000000001
1787025600000,4391.879999999999,4392.719999999999,4389.9,4392.259999999999
1787026500000,4392.31,4393.6,4390.68,4392.38
1787027400000,4392.3,4394.29,4389.01,4393.47
1787028300000,4393.44,4395.42,4392.16,4393.58
1787029200000,4393.49,4394.16,4390.9,4391.29
1787030100000,4391.25,4396.05,4391.18,4391.35
1787031000000,4391.120000000001,4393.93,4386.06,4393.68
1787031900000,4393.780000000001,4397.59,4393.02,4394.370000000001
1787032800000,4394.34,4395.320000000001,4387.6,4395.280000000001
1787033700000,4395.27,4399.7300000000005,4393.63,4399.43
1787034600000,4399.38,4400.1,4395.13,4397.13
1787035500000,4397.14,4399.33,4397.14,4398.84
1787036400000,4398.68,4400.78,4396.79,4397.56
1787037300000,4397.530000000001,4403.280000000001,4397.43,4403.05
1787038200000,4402.91,4403.62,4396.37,4401.5
1787039100000,4401.49,4402.7,4395.41,4395.73
1787040000000,4395.67,4396.17,4387.91,4392.66
1787040900000,4392.59,4393.47,4386.71,4389.31
1787041800000,4389.3,4398.530000000001,4389.06,4396.610000000001
1787042700000,4396.6,4396.9400000000005,4391.59,4393.3
1787043600000,4393.25,4393.8099999999995,4391.08,4392.68
1787044500000,4392.62,4392.74,4388.62,4389.33
1787045400000,4389.219999999999,4394.839999999999,4387.23,4388.429999999999
1787046300000,4388.349999999999,4394.929999999999,4386.94,4393.29
1787047200000,4393.32,4395.67,4392.29,4394.48
1787048100000,4394.67,4396.08,4389.75,4392.01
1787049000000,4392.0199999999995,4398.57,4391.65,4398.5599999999995
1787049900000,4398.57,4399.55,4396.42,4397.61
1787050800000,4397.63,4399,4392.03,4393.54
1787051700000,4393.57,4394.67,4389.61,4390.049999999999
1787052600000,4390.02,4392.4400000000005,4388.56,4390.92
1787053500000,4390.93,4396.74,4389.71,4395.91
1787054400000,4396.0199999999995,4396.99,4389.58,4393.17
1787055300000,4393.17,4400.650000000001,4391.47,4395.22
1787056200000,4395.389999999999,4398.009999999999,4391.03,4392.12
1787057100000,4392.139999999999,4396.96,4390.7,4394.13
1787058000000,4394.160000000001,4397.31,4388.27,4395.81
1787058900000,4395.780000000001,4396.09,4388.18,4388.96
1787059800000,4389.06,4406.35,4376.54,4401.05
1787060700000,4401.2699999999995,4402.139999999999,4389.41,4394.57
1787061600000,4394.75,4406.45,4391.21,4393.16
1787062500000,4393.23,4405,4392.24,4394.139999999999
1787063400000,4394.13,4396.1900000000005,4377.6,4379.570000000001
1787064300000,4379.74,4388.82,4363.74,4366.45
1787065200000,4366.49,4377.43,4358.84,4360.03
1787066100000,4360.25,4365.21,4351.61,4354.91
1787067000000,4354.63,4362.2699999999995,4354.54,4358.57
1787067900000,4358.76,4366.4800000000005,4358.72,4364.76
1787068800000,4364.95,4371.54,4364.95,4367.69
1787069700000,4367.68,4369.570000000001,4363.47,4364.08
1787070600000,4364.27,4368.5,4363.01,4367.25
1787071500000,4367.34,4368.7300000000005,4363.01,4363.72
1787072400000,4363.76,4367.13,4363.56,4366.900000000001
1787073300000,4366.96,4368.22,4363.09,4365.39
1787074200000,4365.410000000001,4366.12,4358.64,4358.650000000001
1787075100000,4358.639999999999,4360.34,4356.7,4357.679999999999
1787076000000,4357.7,4358.0599999999995,4352.66,4357.75
1787076900000,4357.76,4360.88,4355.63,4360.18
1787077800000,4360.35,4360.54,4353.43,4354.18
1787078700000,4354.2,4356.070000000001,4352.8,4354.18
1787079600000,4354.25,4358.18,4354,4357
1787080500000,4356.96,4358.67,4352.38,4354.74
1787081400000,4354.780000000001,4357.62,4349.68,4349.780000000001
1787082300000,4349.93,4353.1,4338.42,4345.57
1787083200000,4345.59,4346.4800000000005,4340.71,4342.01
1787084100000,4341.98,4342.3099999999995,4333.48,4337.86
1787085000000,4337.88,4339.5,4331.61,4332.15
1787085900000,4332.08,4335.259999999999,4329.07,4334.19
1787090400000,4336.679999999999,4343.66,4335.9,4341.25
1787091300000,4341.51,4342.5,4333.87,4336.3
1787092200000,4336.339999999999,4336.58,4332.86,4333.849999999999
1787093100000,4333.860000000001,4335.660000000001,4333.14,4333.8
1787094000000,4334.17,4338.360000000001,4332.68,4334.09
1787094900000,4334.08,4337.35,4329.97,4330.45
1787095800000,4330.389999999999,4332.66,4327.19,4329.87
1787096700000,4329.96,4334.25,4329.53,4333.0599999999995
1787097600000,4333.03,4344.95,4331.61,4343.03
1787098500000,4342.99,4346.3,4339.21,4342.9
1787099400000,4342.89,4347.2,4339.76,4343.7
1787100300000,4343.63,4344.77,4337.14,4338.12
1787101200000,4337.75,4343.89,4324.59,4343.75
1787102100000,4343.740000000001,4346.22,4333.02,4342.34
1787103000000,4342.36,4357.5599999999995,4342.36,4355.5199999999995
1787103900000,4355.5,4356.65,4350.61,4356.48
1787104800000,4356.45,4357.23,4351.7,4353.59
1787105700000,4353.67,4361.950000000001,4352.43,4359.64
1787106600000,4359.78,4360.15,4354.08,4355.13
1787107500000,4355.14,4357.09,4351.52,4354.820000000001
1787108400000,4354.84,4355.93,4351.91,4354.49
1787109300000,4354.4800000000005,4357.910000000001,4351.81,4357.06
1787110200000,4357.3,4360.33,4355.91,4358.45
1787111100000,4358.53,4358.8,4354.7,4354.92
1787112000000,4355.08,4356.14,4352.96,4354.62
1787112900000,4354.58,4354.9,4350.08,4351.12
1787113800000,4351.179999999999,4352,4344.94,4346.589999999999
1787114700000,4346.47,4348.48,4343.87,4348.42
1787115600000,4348.32,4350.61,4338.75,4338.84
1787116500000,4338.900000000001,4345.18,4336.64,4345.17
1787117400000,4345.320000000001,4345.34,4336.72,4342.2300000000005
1787118300000,4342.179999999999,4342.2,4335.07,4335.59
1787119200000,4335.27,4341.7,4335.26,4337.37
1787120100000,4337.1900000000005,4348.22,4336.81,4343.13
1787121000000,4343.15,4345.54,4337.07,4341.83
1787121900000,4341.85,4349.360000000001,4340.72,4349.13
1787122800000,4349.1,4353.41,4347.43,4350.47
1787123700000,4350.450000000001,4356.93,4347.43,4356.72
1787124600000,4356.530000000001,4363.06,4352.72,4354.400000000001
1787125500000,4354.389999999999,4357.629999999999,4354.19,4354.7699999999995
1787126400000,4354.9400000000005,4362.75,4351.06,4361.530000000001
1787127300000,4361.51,4362.4,4357.29,4360.91
1787128200000,4360.82,4363.01,4356.49,4362.55
1787129100000,4362.44,4363.139999999999,4354.74,4355.66
1787130000000,4355.65,4359.7699999999995,4354.99,4356.28
1787130900000,4356.27,4357.37,4353.42,4356.56
1787131800000,4356.4800000000005,4360.9800000000005,4355.34,4358.78
1787132700000,4358.7699999999995,4361.92,4357.99,4361.849999999999
1787133600000,4361.9,4364.12,4359.57,4363.69
1787134500000,4363.68,4369.05,4363.51,4368.6900000000005
1787135400000,4368.9800000000005,4369.43,4365.89,4367.97
1787136300000,4368,4369.44,4366.21,4367.22
1787137200000,4367.35,4373.9800000000005,4367.35,4373.27
1787138100000,4373.339999999999,4374,4368.86,4370.96
1787139000000,4370.87,4371.66,4363.2,4363.55
1787139900000,4363.49,4367.5599999999995,4363.4,4364.599999999999
1787140800000,4364.68,4370.59,4362.08,4368.2699999999995
1787141700000,4368.56,4373.54,4365.96,4369.33
1787142600000,4369.3,4420.72,4368.62,4417.45
1787143500000,4417.56,4442.1900000000005,4411.42,4438.7300000000005
1787144400000,4437.79,4460.780000000001,4424.39,4456.1900000000005
1787145300000,4456.169999999999,4464.169999999999,4454.98,4458.129999999999
1787146200000,4458.110000000001,4466.150000000001,4442.31,4460.54
1787147100000,4460.51,4463.23,4445.08,4459.73
1787148000000,4459.53,4475.45,4455.24,4473.7
1787148900000,4473.37,4487.78,4470.23,4485.969999999999
1787149800000,4486,4498.639999999999,4483.95,4489.5
1787150700000,4489.51,4489.57,4478.12,4488.16
1787151600000,4488.070000000001,4488.31,4479.8,4484.9800000000005
1787152500000,4485.46,4487.860000000001,4478.18,4483.6
1787153400000,4483.59,4492.530000000001,4480.26,4490.21
1787154300000,4490.150000000001,4493.97,4488.64,4493.76
1787155200000,4493.7699999999995,4498.95,4491.11,4497.599999999999
1787156100000,4497.61,4499.22,4490.58,4491.15
1787157000000,4491.21,4496.410000000001,4490.6,4495.08
1787157900000,4495.12,4497.76,4493.24,4493.24
1787158800000,4493.63,4498.93,4488.91,4492.61
1787159700000,4492.5,4492.71,4486.09,4487.96
1787160600000,4488.13,4491.58,4484.33,4488.65
1787161500000,4488.64,4489.490000000001,4484.35,4486.96
1787162400000,4487.29,4496.429999999999,4485.61,4487.969999999999
1787163300000,4487.93,4487.93,4472.87,4475.32
1787164200000,4475.450000000001,4491.580000000001,4472.06,4490.410000000001
1787165100000,4490.47,4496.66,4489.42,4495.11
1787166000000,4495.1,4505.61,4494.42,4503.24
1787166900000,4503.26,4507.6,4502.6,4507.35
1787167800000,4506.95,4510.63,4502.82,4507.04
1787168700000,4506.929999999999,4512.139999999999,4505.23,4511.16
1787169600000,4511.179999999999,4512.03,4505.24,4506.8
1787170500000,4506.87,4522.0599999999995,4506.44,4518.79
1787171400000,4518.49,4523.55,4517.99,4519.349999999999
1787172300000,4519.37,4524.16,4519.37,4522.84
1787176800000,4525.49,4527.3,4518.83,4519.82
1787177700000,4519.8099999999995,4521.429999999999,4518.98,4520.799999999999
1787178600000,4520.82,4521.94,4517.66,4518.5199999999995
1787179500000,4518.44,4521.76,4516.33,4518.7699999999995
1787180400000,4518.88,4523.65,4517.33,4519.4
1787181300000,4519.2300000000005,4520.18,4515.38,4517.64
1787182200000,4517.82,4518.17,4513.71,4514.34
1787183100000,4514.46,4517.349999999999,4511.28,4511.719999999999
1787184000000,4511.42,4518.7699999999995,4510.33,4516.18
1787184900000,4516.1900000000005,4521.18,4508.59,4510.28
1787185800000,4510.18,4513.11,4503.96,4505.85
1787186700000,4506.01,4510.42,4503.88,4504.58
1787187600000,4504.650000000001,4510.08,4491.76,4493.22
1787188500000,4493.37,4503.24,4493.2,4500.47
1787189400000,4499.71,4501.13,4493.39,4493.84
1787190300000,4493.83,4495.56,4484.42,4489.66
1787191200000,4489.68,4499.620000000001,4488.56,4497.740000000001
1787192100000,4497.69,4497.75,4489.48,4492.82
1787193000000,4492.38,4494.38,4490.11,4490.549999999999
1787193900000,4490.68,4494.56,4488.89,4490.75
1787194800000,4490.74,4496.99,4487.99,4492.7
1787195700000,4492.66,4496.53,4490.48,4493.5199999999995
1787196600000,4493.5,4498.69,4492.28,4497.91
1787197500000,4497.69,4500.86,4496.79,4498.76
1787198400000,4498.7699999999995,4499.16,4494.94,4496.429999999999
1787199300000,4496.34,4497.150000000001,4489.81,4489.92
1787200200000,4489.94,4490.85,4486.33,4487.12
1787201100000,4487.11,4491.55,4486.95,4488.54
1787202000000,4488.53,4493.95,4484.13,4485.51
1787202900000,4485.55,4487,4483.17,4483.22
1787203800000,4483.17,4485.9800000000005,4478.02,4480.64
1787204700000,4480.67,4483.200000000001,4477.93,4481.27
1787205600000,4481.3099999999995,4493.349999999999,4479.99,4492.7699999999995
1787206500000,4492.85,4495.89,4491.79,4494.07
1787207400000,4494.0599999999995,4495.28,4491.74,4492.389999999999
1787208300000,4492.45,4495.2,4491.16,4493.8
1787209200000,4493.78,4493.78,4487.24,4487.87
1787210100000,4487.87,4490.4,4483.61,4483.94
1787211000000,4484.06,4493.22,4483.46,4491.09
1787211900000,4491,4493.5199999999995,4488.37,4490.88
1787212800000,4490.84,4495.219999999999,4490.57,4494.33
1787213700000,4494.27,4498.66,4490.01,4491.34
1787214600000,4491.339999999999,4495.299999999999,4487.19,4490.54
1787215500000,4490.53,4492.03,4487.62,4489.33
1787216400000,4489.34,4493.9800000000005,4488.47,4492.27
1787217300000,4492.28,4493.79,4488.13,4489.88
1787218200000,4489.74,4490.55,4484.46,4489.17
1787219100000,4489.04,4489.04,4481.78,4482.71
1787220000000,4482.639999999999,4491.28,4480.65,4490.44
1787220900000,4490.49,4494.07,4486.42,4493.75
1787221800000,4493.89,4494.83,4490.01,4491.12
1787222700000,4491.11,4491.16,4487.48,4490.049999999999
1787223600000,4490.12,4491.18,4482.63,4485.1900000000005
1787224500000,4485,4489.74,4481.08,4484.2
1787225400000,4484.27,4486.77,4474.22,4474.81
1787226300000,4474.820000000001,4475.650000000001,4465.39,4466.9800000000005
1787227200000,4467.160000000001,4467.25,4450.6,4462.51
1787228100000,4462.78,4467.83,4456.94,4459.41
1787229000000,4459.45,4466.96,4451.08,4466.65
1787229900000,4466.63,4477.05,4464.12,4474.73
1787230800000,4474.86,4484.53,4471.78,4472.75
1787231700000,4472.7699999999995,4476.62,4470.12,4471.74
1787232600000,4472.139999999999,4487.8,4469.24,4486.65
1787233500000,4486.66,4489.219999999999,4479.32,4481.66
1787234400000,4481.6,4490.6,4480.83,4485.04
1787235300000,4485.03,4493.82,4481.66,4491.5599999999995
1787236200000,4491.9400000000005,4501.2,4491.76,4499.24
1787237100000,4499.13,4516.28,4498.71,4515.96
1787238000000,4515.93,4537.29,4515.08,4534.5
1787238900000,4534.78,4540.8099999999995,4523.49,4532.42
1787239800000,4532.389999999999,4533.71,4510.11,4511.42
1787240700000,4511.570000000001,4524.09,4510.8,4521.54
1787241600000,4521.57,4524.7300000000005,4510.34,4511.09
1787242500000,4510.83,4513.09,4505.46,4509.24
1787243400000,4509.25,4512.61,4502.67,4509.17
1787244300000,4509,4513.55,4507.37,4509.92
1787245200000,4510.05,4513.44,4507.71,4509.34
1787246100000,4509.31,4516.5,4507.79,4512.81
1787247000000,4512.82,4518.679999999999,4510.73,4518.19
1787247900000,4518.18,4520.37,4517.05,4519.81
1787248800000,4519.84,4522.33,4509.45,4510.66
1787249700000,4510.61,4520.11,4508.32,4518.98
1787250600000,4518.68,4523.44,4518.5,4520.12
1787251500000,4520.13,4525.25,4517.99,4521.98
1787252400000,4521.96,4528.08,4518.16,4527.58
1787253300000,4527.68,4529.36,4522.66,4522.76
1787254200000,4522.719999999999,4529.549999999999,4521.94,4526.219999999999
1787255100000,4526.14,4532.12,4524.84,4528.610000000001
1787256000000,4528.53,4529.0199999999995,4522.41,4522.5
1787256900000,4522.46,4522.7,4520.41,4520.73
1787257800000,4520.9,4520.9,4516.71,4518.03
1787258700000,4518.29,4521.150000000001,4517.84,4519.13
1787263200000,4520.7300000000005,4521.200000000001,4517.06,4518.35
1787264100000,4518.29,4520.8099999999995,4517.99,4519.599999999999
1787265000000,4519.610000000001,4523.55,4518.3,4522.67
1787265900000,4522.639999999999,4524.2699999999995,4519.49,4524.07
1787266800000,4523.96,4532.669999999999,4523.44,4531.719999999999
1787267700000,4531.75,4532.26,4522.67,4526.99
1787268600000,4526.9800000000005,4528.55,4520.97,4524.54
1787269500000,4524.53,4527.94,4523.25,4526.24
1787270400000,4526.06,4527.37,4517.46,4518.65
1787271300000,4518.639999999999,4520.629999999999,4513.9,4514.879999999999
1787272200000,4514.84,4517.13,4510.87,4513.7
1787273100000,4513.72,4513.96,4509.84,4510.4800000000005
1787274000000,4510.44,4521.0599999999995,4508.78,4520.79
1787274900000,4520.7699999999995,4530.54,4520.36,4529.42
1787275800000,4529.43,4543.64,4523.76,4525.9800000000005
1787276700000,4526.07,4533.36,4525.4,4530.74
1787277600000,4530.860000000001,4531.120000000001,4518.31,4521.05
1787278500000,4521.2300000000005,4529.39,4520.22,4527.240000000001
1787279400000,4527.719999999999,4538.2699999999995,4525.23,4538.15
1787280300000,4538.14,4542.64,4532.52,4533.700000000001
1787281200000,4533.6900000000005,4538.450000000001,4532.02,4532.5
1787282100000,4532.490000000001,4534.72,4529.6,4529.67
1787283000000,4529.650000000001,4535.75,4526.72,4529.12
1787283900000,4529.08,4535.67,4528.17,4535.39
1787284800000,4535.7300000000005,4541.34,4535.38,4540.2
1787285700000,4540.19,4547.2,4537.45,4546.75
1787286600000,4546.76,4547.860000000001,4540.72,4541.6900000000005
1787287500000,4541.660000000001,4542.39,4540.14,4540.56
1787288400000,4540.53,4540.62,4534.67,4537.18
1787289300000,4537.21,4538.650000000001,4530.47,4530.47
1787290200000,4530.1900000000005,4543.38,4529.47,4543.1900000000005
1787291100000,4543.179999999999,4556.25,4541.65,4553.58
1787292000000,4553.62,4555.17,4545.51,4548.9400000000005
1787292900000,4548.91,4558.03,4548.91,4555.45
1787293800000,4555.36,4565.75,4554.58,4562.49
1787294700000,4562.49,4567.5,4560.86,4560.86
1787295600000,4560.98,4565.99,4558.49,4561.469999999999
1787296500000,4561.55,4567.89,4559.76,4561.68
1787297400000,4561.410000000001,4566.22,4560.02,4564.3
1787298300000,4564.41,4567.91,4560.84,4564.17
1787299200000,4564.23,4567.91,4559.15,4565.5
1787300100000,4565.53,4581.7699999999995,4563.9,4579.299999999999
1787301000000,4579.570000000001,4584.110000000001,4576.39,4582.37
1787301900000,4582.36,4584.92,4580.37,4583.87
1787302800000,4584.030000000001,4600.41,4582.18,4599.200000000001
1787303700000,4599.27,4601.9800000000005,4581.18,4582.22
1787304600000,4582.17,4586.75,4580.72,4583.04
1787305500000,4583.01,4585.47,4580.34,4582.49
1787306400000,4582.5,4588.85,4577.93,4578.700000000001
1787307300000,4578.73,4589.24,4578.45,4588.53
1787308200000,4588.54,4594.04,4585.62,4593.099999999999
1787309100000,4593.14,4593.59,4587.8,4588.47
1787310000000,4588.36,4595.27,4587.13,4590.53
1787310900000,4590.58,4600.68,4590.58,4598.3099999999995
1787311800000,4598.35,4604.44,4593.29,4597.09
1787312700000,4596.89,4600.56,4595.75,4597.06
1787313600000,4596.990000000001,4601.55,4589.1,4592.72
1787314500000,4592.8,4595.7699999999995,4581.91,4584.8
1787315400000,4584.78,4584.78,4563.48,4573.709999999999
1787316300000,4573.55,4580.91,4573.12,4577.94
1787317200000,4577.99,4586.860000000001,4575.8,4584.820000000001
1787318100000,4584.96,4587.72,4579.26,4584.110000000001
1787319000000,4584.400000000001,4590.910000000001,4573.27,4587.84
1787319900000,4587.82,4592.86,4576.79,4580.96
1787320800000,4580.88,4590.67,4579.91,4589.57
1787321700000,4589.72,4603.14,4586.5,4603.07
1787322600000,4603.11,4603.6,4580.54,4582.42
1787323500000,4582.570000000001,4595.21,4580.6,4591.63
1787324400000,4591.6900000000005,4598.1900000000005,4587.31,4595.18
1787325300000,4595.400000000001,4607.150000000001,4595.13,4602.82
1787326200000,4603.0199999999995,4610.51,4599.58,4609.59
1787327100000,4609.57,4615.25,4607.08,4614.49
1787328000000,4614.48,4617.62,4609.03,4614.48
1787328900000,4614.450000000001,4620.51,4610.52,4613.950000000001
1787329800000,4613.969999999999,4621.919999999999,4612.19,4621.349999999999
1787330700000,4621.54,4629.21,4620.96,4628.85
1787331600000,4628.87,4632.089999999999,4621.69,4623.139999999999
1787332500000,4623.32,4625.83,4615.29,4622.03
1787333400000,4621.94,4624.69,4618.83,4619.48
1787334300000,4619.42,4622.4,4616.92,4620.53
1787335200000,4620.54,4627.5599999999995,4620.33,4623.97
1787336100000,4623.96,4627.49,4623.96,4624.99
1787337000000,4624.81,4625.04,4619.43,4620.92
1787337900000,4620.9400000000005,4625.81,4620.85,4624.39
1787338800000,4624.51,4625.5,4618.52,4622.71
1787339700000,4622.72,4623.32,4617.7,4617.889999999999
1787340600000,4617.96,4619.900000000001,4615.76,4618.12
1787341500000,4618.15,4623.7,4615.57,4616.929999999999
1787342400000,4617,4617.650000000001,4615.01,4616.820000000001
1787343300000,4617.259999999999,4617.57,4610.19,4610.879999999999
1787344200000,4610.98,4611.95,4607.53,4608.12
1787345100000,4608.08,4608.8,4602.49,4604.05
1787522400000,4624.509999999999,4624.509999999999,4607.53,4617.36
1787523300000,4617.389999999999,4620.849999999999,4612.86,4614.139999999999
1787524200000,4613.78,4616.94,4607.04,4610.91
1787525100000,4610.92,4610.99,4606.05,4606.16
1787526000000,4606.21,4609.34,4604.7,4607.51
1787526900000,4607.72,4616.110000000001,4606.81,4615.120000000001
1787527800000,4615.13,4619.19,4607.7,4608.32
1787528700000,4608.4,4624.56,4608.17,4624.09
1787529600000,4624.15,4640.74,4620.16,4637.32
1787530500000,4637.28,4640.4,4594.66,4604.86
1787531400000,4604.8099999999995,4608.66,4601.19,4607.03
1787532300000,4607.009999999999,4623.19,4603.9,4621.7699999999995
1787533200000,4621.73,4635.13,4618.86,4622.089999999999
1787534100000,4622.17,4625.639999999999,4611.11,4614.46
1787535000000,4614.49,4621,4608.01,4618.14
1787535900000,4618.08,4637.5599999999995,4615.07,4632.2
1787536800000,4631.9400000000005,4652.17,4627.93,4650.39
1787537700000,4650.45,4655.4800000000005,4649.3,4655.17
1787538600000,4655.240000000001,4656.71,4637.43,4637.62
1787539500000,4637.57,4644.709999999999,4627.48,4643.65
1787540400000,4643.7300000000005,4644.06,4633.39,4637.2300000000005
1787541300000,4637.389999999999,4648.15,4635.45,4643.8099999999995
1787542200000,4643.76,4650.11,4642.79,4642.98
1787543100000,4642.74,4644.75,4640.07,4641.5599999999995
1787544000000,4641.55,4642.51,4632.54,4638.38
1787544900000,4638.39,4641.88,4634.51,4640.37
1787545800000,4640.410000000001,4640.68,4633.06,4638.150000000001
1787546700000,4638.16,4640.33,4635.92,4638.89
1787547600000,4639.16,4643.49,4638.61,4643.49
1787548500000,4643.41,4646.45,4636.05,4636.070000000001
1787549400000,4635.38,4639.58,4629.78,4633.71
1787550300000,4633.38,4643,4630.27,4640.900000000001
1787551200000,4640.910000000001,4652.490000000001,4639.31,4652.280000000001
1787552100000,4651.99,4659.82,4640.79,4642.48
1787553000000,4642.900000000001,4653.68,4641.97,4642.87
1787553900000,4642.91,4653.93,4642.87,4650.07
1787554800000,4650.04,4654.7,4644.34,4648.31
1787555700000,4648.25,4650.04,4642.28,4642.73
1787556600000,4642.660000000001,4647.85,4634.81,4634.81
1787557500000,4634.889999999999,4643.87,4630.11,4641.599999999999
1787558400000,4642.150000000001,4645.46,4635.88,4637.5
1787559300000,4637.490000000001,4639.76,4629.39,4629.39
1787560200000,4629.26,4646.06,4628.76,4645.360000000001
1787561100000,4645.54,4646.0199999999995,4635.94,4637.87
1787562000000,4637.84,4644.700000000001,4637.18,4641.88
1787562900000,4641.84,4641.950000000001,4634.89,4635.85
1787563800000,4635.88,4640.599999999999,4632.95,4639.16
1787564700000,4639.04,4646.099999999999,4638.94,4645.91
1787565600000,4645.93,4650.12,4645.41,4648.08
1787566500000,4648.14,4648.4800000000005,4642.35,4643.13
1787567400000,4643.099999999999,4648.94,4642.74,4644.24
1787568300000,4644.24,4647.05,4641.66,4643.28
1787569200000,4643.26,4646.72,4639.04,4642.24
1787570100000,4642.24,4647.57,4640.5,4646.46
1787571000000,4646.64,4669.93,4643.46,4658.64
1787571900000,4658.95,4661.49,4648.26,4657.81
1787572800000,4657.610000000001,4660.080000000001,4650.02,4657.3
1787573700000,4657.299999999999,4662.679999999999,4651.57,4661.799999999999
1787574600000,4661.5,4668.82,4645.45,4657.41
1787575500000,4657.42,4667.3099999999995,4654.4,4662.78
1787576400000,4662.75,4677.75,4661.47,4677.08
1787577300000,4677.34,4677.9,4667.71,4672.36
1787578200000,4672.46,4680.83,4658.42,4658.68
1787579100000,4658.3,4678.160000000001,4656.27,4664.700000000001
1787580000000,4664.67,4672.12,4659.91,4665.7699999999995
1787580900000,4665.7699999999995,4675.04,4655.45,4671.76
1787581800000,4672.0599999999995,4678.7699999999995,4669.9,4671.969999999999
1787582700000,4672.02,4675.740000000001,4656.89,4670.34
1787583600000,4670.4400000000005,4676.61,4665.42,4672.93
1787584500000,4673.03,4679.599999999999,4668.24,4675.84
1787585400000,4675.8099999999995,4677.099999999999,4659.74,4660.62
1787586300000,4660.599999999999,4663.12,4639.99,4649.01
1787587200000,4649.070000000001,4661.7300000000005,4646.55,4657.51
1787588100000,4657.57,4660.42,4656.04,4658.89
1787589000000,4658.84,4662.1900000000005,4658.39,4659.58
1787589900000,4659.66,4659.97,4642.09,4644.76
1787590800000,4644.82,4655.16,4641.7,4651.7699999999995
1787591700000,4651.679999999999,4654.12,4630.44,4638.44
1787592600000,4638.35,4642.92,4635.59,4638.7
1787593500000,4638.67,4639.03,4632.91,4636.599999999999
1787594400000,4636.57,4640.69,4625.2,4632
1787595300000,4631.990000000001,4642.18,4627.22,4640.39
1787596200000,4640.47,4641.820000000001,4625.18,4634.97
1787597100000,4634.929999999999,4637.639999999999,4631.57,4636.58
1787598000000,4636.4,4640.71,4635.99,4636.3
1787598900000,4636.28,4644.91,4635.95,4641.38
1787599800000,4641.5,4650.679999999999,4640.2,4649.96
1787600700000,4649.99,4656.13,4649.95,4651.66
1787601600000,4651.92,4655.18,4650.27,4650.46
1787602500000,4650.49,4653.639999999999,4648.95,4649.33
1787603400000,4649.26,4649.97,4647.26,4647.68
1787604300000,4647.919999999999,4652.599999999999,4647.19,4651.669999999999
1787608800000,4656.110000000001,4660.620000000001,4652.56,4658.660000000001
1787609700000,4658.740000000001,4659.52,4656.77,4657.700000000001
1787610600000,4657.67,4661.52,4657.26,4661.51
1787611500000,4661.379999999999,4668.349999999999,4660.9,4667.62
1787612400000,4667.92,4672.16,4666.83,4672.16
1787613300000,4672.320000000001,4676.740000000001,4669.18,4669.280000000001
1787614200000,4669.26,4676.97,4667.58,4676.51
1787615100000,4676.5,4682.67,4675.01,4679.820000000001
1787616000000,4680.55,4691.46,4675.41,4690.48
1787616900000,4690.46,4691.21,4676.62,4682.32
1787617800000,4682.36,4696.9,4681.86,4693.639999999999
1787618700000,4693.68,4694.650000000001,4683.84,4684.28
1787619600000,4684.17,4686.15,4671,4678.11
1787620500000,4678.12,4680.07,4664.21,4669.49
1787621400000,4669.5,4674.51,4666.7,4670.58
1787622300000,4670.59,4675.63,4656.57,4657.95
1787623200000,4657.969999999999,4661.37,4638.32,4641.92
1787624100000,4641.89,4656.79,4641.09,4656.34
1787625000000,4656.360000000001,4656.610000000001,4631.01,4631.030000000001
1787625900000,4630.92,4637.39,4617.33,4629.55
1787626800000,4629.46,4638.0199999999995,4622.29,4633.74
1787627700000,4633.75,4638.4,4632.07,4637.799999999999
1787628600000,4637.650000000001,4641.26,4634.06,4634.46
1787629500000,4634.47,4635.83,4631.67,4633.61
1787630400000,4633.59,4637.7,4630.96,4637.09
1787631300000,4637.1,4637.11,4628.92,4630.81
1787632200000,4630.79,4632.639999999999,4623.82,4625.87
1787633100000,4625.88,4628.84,4624.16,4625.889999999999
1787634000000,4625.82,4639.14,4624.04,4638.05
1787634900000,4637.91,4647.9,4637.91,4646.53
1787635800000,4646.54,4646.969999999999,4638.03,4638.99
1787636700000,4638.93,4646.04,4635.83,4642.99
1787637600000,4643.030000000001,4650.400000000001,4641.35,4649.63
1787638500000,4649.45,4653.34,4645.47,4650.070000000001
1787639400000,4650.04,4653.37,4647.88,4647.89
1787640300000,4647.77,4649.2300000000005,4637.17,4638.33
1787641200000,4638.17,4641.9800000000005,4636.46,4639.79
1787642100000,4639.81,4643.72,4634.22,4634.5
1787643000000,4634.51,4640.0599999999995,4633.95,4639.47
1787643900000,4639.7,4640.6,4629.84,4630.08
1787644800000,4630.43,4631.14,4620.21,4626.57
1787645700000,4626.37,4645.23,4625.87,4632.79
1787646600000,4632.72,4635.1900000000005,4625.77,4632.02
1787647500000,4631.75,4633.63,4625.06,4630.1900000000005
1787648400000,4630.070000000001,4633.1900000000005,4624.77,4630.35
1787649300000,4630.37,4633.400000000001,4625.72,4626.4800000000005
1787650200000,4626.5,4639.39,4624.13,4637.150000000001
1787651100000,4637.12,4642.39,4635.88,4636.32
1787652000000,4636.4,4638.49,4633.17,4635.45
1787652900000,4635.400000000001,4638.900000000001,4633.05,4633.63
1787653800000,4633.72,4640.900000000001,4632.81,4637.68
1787654700000,4637.79,4642.32,4636.99,4639.2699999999995
1787655600000,4638.990000000001,4643.2300000000005,4636.93,4642.77
1787656500000,4642.83,4645.0599999999995,4639.08,4641.55
1787657400000,4641.54,4645.16,4640.36,4640.62
1787658300000,4640.66,4647.37,4640.63,4642.42
1787659200000,4642.719999999999,4642.719999999999,4634.99,4639.24
1787660100000,4639.11,4639.3,4631.95,4637.28
1787661000000,4637.450000000001,4640.52,4630.1,4638.400000000001
1787661900000,4638.48,4644.19,4637.37,4640.849999999999
1787662800000,4640.91,4641.12,4622.83,4623.0599999999995
1787663700000,4623.01,4627.98,4608.83,4609.73
1787664600000,4609.64,4623.5,4609.22,4612.76
1787665500000,4612.8099999999995,4617.64,4605.33,4616.55
1787666400000,4616.32,4626.44,4613.61,4622.91
1787667300000,4622.92,4628.349999999999,4618.61,4623.849999999999
1787668200000,4623.87,4638.08,4612.68,4637.17
1787669100000,4637.08,4639.97,4632.66,4635.59
1787670000000,4635.8,4637.139999999999,4630.49,4633.24
1787670900000,4633.25,4644.67,4629.58,4639.8099999999995
1787671800000,4639.78,4659.349999999999,4639.78,4656.15
1787672700000,4656.18,4657.31,4648.92,4652.6
1787673600000,4652.79,4653.26,4642.74,4644.71
1787674500000,4644.6,4647.2300000000005,4637.89,4640.6900000000005
1787675400000,4640.79,4645.38,4637.07,4643.99
1787676300000,4643.98,4646.45,4640.41,4643.38
1787677200000,4643.400000000001,4643.66,4634.13,4637.8
1787678100000,4637.86,4645,4634.38,4637.02
1787679000000,4637.12,4644.5599999999995,4636.24,4642.87
1787679900000,4642.86,4648.349999999999,4642.65,4648.349999999999
1787680800000,4648.429999999999,4650.32,4644.19,4647.089999999999
1787681700000,4647.06,4650.41,4646.25,4649.9
1787682600000,4649.89,4650.34,4645.87,4649.16
1787683500000,4649.17,4654.929999999999,4649.15,4654.44
1787684400000,4654.42,4663.070000000001,4653.39,4662.13
1787685300000,4662.15,4667.75,4659.94,4660.929999999999
1787686200000,4660.92,4664.44,4657.87,4662.099999999999
1787687100000,4661.99,4667.47,4660.38,4666.87
1787688000000,4666.9,4669,4662.78,4665.79
1787688900000,4665.8,4667.68,4661.96,4662.35
1787689800000,4662.389999999999,4664.07,4660.16,4661.43
1787690700000,4661.41,4662.150000000001,4657.59,4658.62
1787695200000,4660.099999999999,4664.8099999999995,4657.94,4664.639999999999
1787696100000,4664.580000000001,4666.77,4664.52,4666.75
1787697000000,4666.73,4670.75,4666.73,4669.969999999999
1787697900000,4669.860000000001,4673.66,4669.76,4672.6
1787698800000,4672.61,4673.429999999999,4667.2,4668.04
1787699700000,4668.070000000001,4668.1,4660.22,4660.97
1787700600000,4660.99,4661.3099999999995,4655.62,4656.03
1787701500000,4656.009999999999,4658.679999999999,4653.19,4654.75
1787702400000,4654.790000000001,4657.51,4651.02,4651.27
1787703300000,4651.24,4654.91,4643.03,4646.61
1787704200000,4646.6900000000005,4649.96,4636.27,4636.9400000000005
1787705100000,4636.97,4638.87,4634.41,4637.41
1787706000000,4637.44,4647.75,4629.99,4644.0599999999995
1787706900000,4644.05,4650.3,4643.39,4643.5
1787707800000,4643.66,4647.04,4638.95,4644.679999999999
1787708700000,4644.66,4660.8,4643.01,4657
1787709600000,4657.02,4661.6900000000005,4654.92,4660.14
1787710500000,4660.18,4661.66,4656.17,4658.92
1787711400000,4658.44,4670.66,4657.53,4667.33
1787712300000,4667.099999999999,4669.05,4657.99,4658.42
1787713200000,4658.43,4658.59,4647.26,4648.24
1787714100000,4648.22,4650.68,4645.88,4650.17
1787715000000,4650.09,4651.3,4645.26,4645.26
1787715900000,4645.31,4645.410000000001,4642.56,4642.67
1787716800000,4642.650000000001,4644.29,4641.84,4642.55
1787717700000,4642.53,4643.2699999999995,4641.11,4642.19
1787718600000,4642.200000000001,4643.200000000001,4639.77,4640.780000000001
1787719500000,4640.77,4641.78,4638.8,4640.58
1787720400000,4640.62,4645.8099999999995,4640.03,4643.33
1787721300000,4643.26,4645.33,4641.37,4643.32
1787722200000,4643.35,4649.43,4637.97,4638.05
1787723100000,4638.030000000001,4640.5,4635.43,4639.570000000001
1787724000000,4639.59,4641.29,4636.07,4637.41
1787724900000,4637.53,4637.73,4624.73,4626.709999999999
1787725800000,4626.79,4634.11,4625.7,4633.23
1787726700000,4633.1900000000005,4636.7300000000005,4630.47,4634.1900000000005
1787727600000,4634.27,4639.21,4633.09,4636.38
1787728500000,4636.28,4637.48,4630.74,4631.3
1787729400000,4631.26,4636.33,4628.87,4631.63
1787730300000,4631.86,4634.7699999999995,4626.49,4628.92
1787731200000,4628.85,4630.240000000001,4625.6,4625.63
1787732100000,4625.58,4629.639999999999,4622.19,4629.639999999999
1787733000000,4629.509999999999,4630.58,4625.03,4629.38
1787733900000,4629.4,4629.719999999999,4625.99,4628.219999999999
1787734800000,4628.429999999999,4630.87,4623.94,4624.919999999999
1787735700000,4624.95,4625.12,4616.2,4616.7699999999995
1787736600000,4616.889999999999,4622.32,4616.74,4622.0199999999995
1787737500000,4621.98,4625.57,4621.94,4623.2
1787738400000,4623.19,4623.879999999999,4617.73,4618.9
1787739300000,4618.92,4620.36,4613.37,4615.05
1787740200000,4615.41,4624.070000000001,4614.55,4622.31
1787741100000,4622.299999999999,4623.94,4618.94,4620.2
1787742000000,4620.3,4621.78,4616.58,4618.44
1787742900000,4618.45,4622.9400000000005,4616.55,4620.52
1787743800000,4620.68,4622.780000000001,4617.1,4619.04
1787744700000,4619.05,4625.14,4616.93,4624.740000000001
1787745600000,4624.700000000001,4629.68,4623.89,4625.4800000000005
1787746500000,4625.66,4631.08,4624.55,4630.29
1787747400000,4630.200000000001,4633.59,4612.39,4622.490000000001
1787748300000,4622.429999999999,4626.29,4610.99,4614.33
1787749200000,4614.28,4621.389999999999,4608.4,4611.049999999999
1787750100000,4611.25,4614.16,4597.98,4611.25
1787751000000,4611.490000000001,4622.9400000000005,4610.35,4619.63
1787751900000,4619.33,4631.89,4618.33,4631.5599999999995
1787752800000,4631.72,4633.38,4619.46,4620.26
1787753700000,4620.34,4626.74,4616.29,4616.65
1787754600000,4616.44,4622.8099999999995,4612.98,4622.009999999999
1787755500000,4622.040000000001,4622.780000000001,4602.77,4602.89
1787756400000,4602.88,4605.31,4588.05,4588.89
1787757300000,4588.9,4598.12,4583.04,4594.78
1787758200000,4594.76,4604.73,4594.54,4604.73
1787759100000,4604.84,4609.24,4596,4596.04
1787760000000,4596.07,4601.42,4590.57,4600.24
1787760900000,4600.21,4600.86,4594.07,4594.94
1787761800000,4595.03,4596.259999999999,4585.65,4588.179999999999
1787762700000,4588.14,4596.81,4588.01,4591.56
1787763600000,4591.58,4596.02,4590.64,4594.700000000001
1787764500000,4594.75,4598.759999999999,4593.48,4597.69
1787765400000,4597.81,4602.2,4595.72,4597.09
1787766300000,4597.15,4599.179999999999,4594.23,4597.74
1787767200000,4597.8,4604.570000000001,4596.68,4600.14
1787768100000,4600.16,4600.490000000001,4592.72,4594.72
1787769000000,4594.71,4597.4,4592.42,4596.71
1787769900000,4596.52,4597.68,4593.31,4593.700000000001
1787770800000,4593.99,4595.58,4590.99,4594.389999999999
1787771700000,4594.36,4598.889999999999,4591.23,4598.4
1787772600000,4598.48,4601.54,4594.25,4595.61
1787773500000,4595.63,4596.429999999999,4592.36,4594.219999999999
1787774400000,4594.21,4596.650000000001,4591.6,4591.700000000001
1787775300000,4591.7699999999995,4591.95,4584.03,4591.25
1787776200000,4591.320000000001,4593.42,4590.27,4591.870000000001
1787777100000,4591.660000000001,4594.490000000001,4591.39,4594.490000000001
1787781600000,4606.03,4606.8,4601.88,4602.58
1787782500000,4602.7,4613.429999999999,4602.48,4610.8099999999995
1787783400000,4610.8,4611.56,4608.8,4610.79
1787784300000,4610.8,4611.9,4606.83,4609.23
1787785200000,4609.0599999999995,4615.59,4606.95,4615.5199999999995
1787786100000,4615.37,4622.32,4614.4,4620.009999999999
1787787000000,4620.099999999999,4624.75,4618.28,4622.71
1787787900000,4622.67,4624.81,4620.84,4623.63
1787788800000,4623.98,4627.0199999999995,4616.2,4617.96
1787789700000,4617.98,4621.53,4613.33,4619.11
1787790600000,4618.75,4618.8,4605.39,4606.21
1787791500000,4606.200000000001,4610.89,4600.52,4605.06
1787792400000,4605.03,4625.05,4602.34,4624.74
1787793300000,4624.81,4625.06,4616.96,4618.7
1787794200000,4618.599999999999,4631.38,4617.99,4623.87
1787795100000,4623.849999999999,4640.78,4623.65,4640.0599999999995
1787796000000,4640.33,4643.01,4638.14,4640.54
1787796900000,4640.6,4640.62,4632.8,4633.13
1787797800000,4633.12,4633.75,4623.58,4627.25
1787798700000,4627.24,4631.29,4624.36,4629.57
1787799600000,4629.56,4635.110000000001,4628.31,4634.1900000000005
1787800500000,4634.24,4638.59,4632.95,4635.36
1787801400000,4635.349999999999,4635.53,4628.74,4629.26
1787802300000,4629.25,4629.59,4624.33,4625.4
1787803200000,4625.39,4627.200000000001,4624.35,4625.35
1787804100000,4625.34,4626.91,4620.53,4620.53
1787805000000,4620.52,4620.820000000001,4617.18,4619.13
1787805900000,4619.11,4620.5599999999995,4617.65,4618.7
1787806800000,4618.78,4621.31,4616.13,4619.88
1787807700000,4619.85,4621.46,4617.05,4617.150000000001
1787808600000,4616.55,4619.71,4604.81,4605.280000000001
1787809500000,4605.26,4609.55,4600.89,4606.96
1787810400000,4606.94,4607.44,4599.53,4605.91
1787811300000,4605.929999999999,4610.37,4603.95,4610.3
1787812200000,4610.25,4611.8,4604.74,4607.48
1787813100000,4607.459999999999,4609.629999999999,4597.98,4600.28
1787814000000,4600.219999999999,4605.7699999999995,4598.53,4603.8
1787814900000,4603.56,4603.59,4593.52,4599.25
1787815800000,4599.21,4601.29,4594.96,4597.81
1787816700000,4597.839999999999,4602.419999999999,4595.69,4600.129999999999
1787817600000,4600.110000000001,4606.83,4599.85,4603.21
1787818500000,4603.24,4606.11,4600.11,4601.009999999999
1787819400000,4600.8099999999995,4601.73,4594.58,4596
1787820300000,4595.93,4602.18,4595.51,4598.89
1787821200000,4598.91,4600.58,4593.66,4595.97
1787822100000,4595.94,4599.22,4593.66,4597.62
1787823000000,4597.66,4599.13,4578.08,4582.3099999999995
1787823900000,4582.410000000001,4585.84,4579.06,4580.2300000000005
1787824800000,4580.28,4581.9,4569,4581.6
1787825700000,4581.59,4583.39,4577.5,4580.33
1787826600000,4580.29,4585.919999999999,4576.23,4585.709999999999
1787827500000,4585.62,4590.5,4585.62,4590.11
1787828400000,4590.09,4592.5199999999995,4587.28,4592.469999999999
1787829300000,4592.429999999999,4596.79,4591.15,4594.49
1787830200000,4594.5199999999995,4599.7,4593.87,4597.63
1787831100000,4597.62,4600.3099999999995,4594.49,4598.33
1787832000000,4598.4,4601.0599999999995,4592.48,4592.65
1787832900000,4592.639999999999,4600.57,4591.69,4595.69
1787833800000,4595.83,4596.69,4587.11,4587.549999999999
1787834700000,4587.53,4587.99,4580.41,4585.75
1787835600000,4585.5,4590.7,4579.72,4585.22
1787836500000,4585.24,4593.18,4583,4590.19
1787837400000,4590.17,4592.96,4572.31,4578.610000000001
1787838300000,4578.56,4582.84,4565.26,4572.38
1787839200000,4572.650000000001,4579.18,4568.39,4573.700000000001
1787840100000,4574,4584.14,4573.67,4581.24
1787841000000,4581.19,4597.18,4581.08,4595.24
1787841900000,4595.26,4598.14,4588.1,4591.240000000001
1787842800000,4591.18,4595.31,4591.1,4592.450000000001
1787843700000,4592.5,4597.91,4588.76,4592.900000000001
1787844600000,4592.85,4605.62,4592.09,4601.12
1787845500000,4601.17,4611.1900000000005,4600.18,4610.400000000001
1787846400000,4610.42,4612.96,4604.5,4604.59
1787847300000,4604.5199999999995,4608.41,4602.4,4607.589999999999
1787848200000,4607.679999999999,4612.76,4605.95,4611.5199999999995
1787849100000,4611.54,4616.629999999999,4610.19,4614.87
1787850000000,4615.570000000001,4616.42,4608.55,4610.150000000001
1787850900000,4610.19,4611.94,4608.41,4610.24
1787851800000,4610.36,4614.26,4608.37,4611.08
1787852700000,4611.21,4611.650000000001,4605.09,4606.400000000001
1787853600000,4606.59,4607.950000000001,4602.1,4605.52
1787854500000,4605.54,4607.9,4601.53,4601.62
1787855400000,4601.5599999999995,4605.01,4600.91,4604.349999999999
1787856300000,4604.44,4611.099999999999,4604.24,4610.32
1787857200000,4610.42,4617.95,4610.42,4615.56
1787858100000,4615.55,4616.12,4604.21,4605.79
1787859000000,4605.78,4610.01,4604.74,4609.8
1787859900000,4609.780000000001,4612.6,4605.39,4609.35
1787860800000,4609.34,4609.570000000001,4603.68,4604.83
1787861700000,4604.8,4605.38,4602.7,4603.61
1787862600000,4603.64,4604.33,4601.97,4603.7
1787863500000,4603.679999999999,4604.639999999999,4599.94,4601.599999999999
1787868000000,4607.29,4607.53,4601.21,4604.82
1787868900000,4604.81,4608.320000000001,4604.39,4607.6900000000005
1787869800000,4607.64,4610.02,4606.76,4607.77
1787870700000,4607.76,4610.76,4606.64,4610.6900000000005
1787871600000,4610.66,4611.4,4602.87,4602.93
1787872500000,4602.92,4603.66,4600.08,4600.95
1787873400000,4601.03,4602.1900000000005,4598.55,4599.71
1787874300000,4599.65,4599.65,4594.33,4594.5199999999995
1787875200000,4594.48,4602.45,4593.2,4600.599999999999
1787876100000,4600.59,4600.74,4590.53,4593.969999999999
1787877000000,4593.9400000000005,4594.22,4587.97,4590.9800000000005
1787877900000,4590.950000000001,4590.9800000000005,4585.68,4588.72
1787878800000,4588.820000000001,4602.18,4586.39,4593.77
1787879700000,4593.85,4597.9800000000005,4583.85,4585.67
1787880600000,4585.79,4588.95,4578.36,4582.15
1787881500000,4582.099999999999,4583.16,4575.37,4575.84
1787882400000,4575.88,4582.61,4575.07,4581.299999999999
1787883300000,4581.360000000001,4584.83,4578.68,4583.35
1787884200000,4583.37,4589.6,4583.18,4585.030000000001
1787885100000,4585.009999999999,4587.209999999999,4582.23,4586.299999999999
1787886000000,4586.3099999999995,4588.3099999999995,4582.73,4584.08
1787886900000,4584.09,4590.01,4584.09,4587.9400000000005
1787887800000,4587.93,4588.280000000001,4581.02,4581.88
1787888700000,4581.94,4582.0599999999995,4578.62,4579.9
1787889600000,4579.889999999999,4580.38,4577.95,4579.349999999999
1787890500000,4579.33,4585.34,4578.72,4584.740000000001
1787891400000,4584.7,4584.7,4578.11,4579.889999999999
1787892300000,4579.900000000001,4585.21,4578.27,4584.34
1787893200000,4584.38,4585.33,4578.32,4579.929999999999
1787894100000,4579.92,4586.1900000000005,4579.06,4584.110000000001
1787895000000,4584.06,4584.070000000001,4571.77,4572.68
1787895900000,4572.63,4577.36,4571.71,4573.21
1787896800000,4573.25,4583.4800000000005,4572.38,4581.81
1787897700000,4581.79,4585.53,4580.69,4584.94
1787898600000,4585,4588.410000000001,4582.85,4588.240000000001
1787899500000,4588.17,4613.18,4588.17,4612.6
1787900400000,4612.66,4613.36,4596.62,4600.72
1787901300000,4600.4400000000005,4610.04,4599.3,4607.4800000000005
1787902200000,4607.5,4614.3,4607.16,4609.25
1787903100000,4609.25,4613.400000000001,4607.51,4611.860000000001
1787904000000,4611.82,4614.59,4609.96,4611.7
1787904900000,4611.780000000001,4612.370000000001,4608.1,4609.1900000000005
1787905800000,4609.1900000000005,4611.38,4603.3,4603.610000000001
1787906700000,4603.4400000000005,4606.14,4601.02,4602.84
1787907600000,4602.55,4604.25,4600.72,4601.58
1787908500000,4601.570000000001,4604.01,4600.39,4601.8
1787909400000,4601.92,4605.02,4600.96,4604.01
1787910300000,4603.98,4607.4,4603.08,4605.09
1787911200000,4605.219999999999,4608.9,4603.44,4608.53
1787912100000,4608.55,4609.76,4601.87,4605.22
1787913000000,4605.25,4607.8099999999995,4601.9,4602.839999999999
1787913900000,4602.830000000001,4603.18,4597.52,4600.110000000001
1787914800000,4600.09,4601.24,4595.09,4598.79
1787915700000,4598.88,4601.13,4597.59,4598.900000000001
1787916600000,4599.06,4600.77,4591.3,4594.6
1787917500000,4594.629999999999,4595.99,4591.48,4593.2699999999995
1787918400000,4593.25,4596.9400000000005,4590.85,4594.320000000001
1787919300000,4594.34,4603.71,4592.51,4601.35
1787920200000,4601.34,4602.13,4588.97,4591.83
1787921100000,4591.919999999999,4602.5199999999995,4590.23,4601.61
1787922000000,4601.849999999999,4605.299999999999,4596.19,4598.9
1787922900000,4599.0199999999995,4604.469999999999,4593.69,4603.929999999999
1787923800000,4604.200000000001,4607.820000000001,4598.89,4604.84
1787924700000,4604.84,4627.37,4604.68,4604.68
1787925600000,4601.87,4631.41,4543.87,4546.24
1787926500000,4546.19,4568.379999999999,4530.19,4551.96
1787927400000,4551.97,4576.98,4551.91,4561.16
1787928300000,4561.099999999999,4580.59,4550.57,4576.59
1787929200000,4578,4582.5599999999995,4556.83,4559.09
1787930100000,4559.18,4569.26,4551.54,4566.71
1787931000000,4567.03,4567.41,4534.25,4539.19
1787931900000,4539.45,4545.9,4524.16,4524.49
1787932800000,4524.5,4529.3,4497.5,4497.98
1787933700000,4497.69,4503.54,4464.44,4480.969999999999
1787934600000,4480.88,4487.46,4466.14,4468.950000000001
1787935500000,4469.12,4484.97,4469.12,4479.42
1787936400000,4479.9,4482.78,4471.24,4480.66
1787937300000,4480.67,4486.59,4475.05,4478.02
1787938200000,4478.179999999999,4481.719999999999,4460.53,4467.24
1787939100000,4467.29,4475.85,4466.54,4469.33
1787940000000,4469.3,4471.570000000001,4459.64,4461.200000000001
1787940900000,4461.2300000000005,4463.330000000001,4452.52,4456.14
1787941800000,4455.7699999999995,4458.61,4445.44,4451.169999999999
1787942700000,4451.160000000001,4458.240000000001,4448.39,4456.860000000001
1787943600000,4456.83,4462.56,4453,4457
1787944500000,4456.849999999999,4463.54,4455.19,4462.0599999999995
1787945400000,4462.05,4466.9,4460.95,4464.98
1787946300000,4464.96,4464.96,4453.05,4458.33
1787947200000,4458.47,4462.71,4455.31,4457.780000000001
1787948100000,4457.82,4460.52,4453.71,4458.07
1787949000000,4458.23,4458.23,4453.78,4457.04
1787949900000,4457.120000000001,4459.92,4453.02,4456.160000000001
1788127200000,4437.58,4459.5599999999995,4434.9,4459.07
1788128100000,4459.009999999999,4465.96,4456.07,4459.54
1788129000000,4459.55,4462.42,4452.79,4457.81
1788129900000,4457.77,4462.37,4456.96,4461.38
1788130800000,4461.32,4466.78,4459.73,4460.57
1788131700000,4460.62,4465.12,4455.21,4457.55
1788132600000,4457.57,4457.799999999999,4446.65,4447.549999999999
1788133500000,4447.58,4460.33,4435.92,4458.4800000000005
1788134400000,4458.46,4463.38,4453.41,4461.97
1788135300000,4461.95,4465.16,4452.23,4456.839999999999
1788136200000,4456.83,4472.030000000001,4456.76,4465.26
1788137100000,4465.27,4468.88,4456.09,4456.25
1788138000000,4456.280000000001,4463.22,4436.02,4443.71
1788138900000,4443.7,4454.24,4442.21,4443.92
1788139800000,4443.849999999999,4453.78,4436.53,4450.78
1788140700000,4450.79,4452.5599999999995,4436.24,4440.24
1788141600000,4440.16,4441.38,4418.63,4424.32
1788142500000,4424.290000000001,4427.93,4418.77,4423.01
1788143400000,4422.3,4426.280000000001,4402.1,4402.96
1788144300000,4403.02,4422.93,4396.43,4422.92
1788145200000,4422.93,4428.2300000000005,4421.8,4428.2300000000005
1788146100000,4428.219999999999,4433.95,4426.36,4427.74
1788147000000,4427.54,4427.69,4419.9,4422.92
1788147900000,4422.83,4426.900000000001,4421.51,4422.4800000000005
1788148800000,4422.63,4422.77,4416.96,4421.29
1788149700000,4421.0599999999995,4421.549999999999,4415.86,4415.92
1788150600000,4415.91,4421.92,4413.05,4420.18
1788151500000,4420.19,4424.92,4418.82,4424.54
1788152400000,4424.679999999999,4427.009999999999,4419.23,4422.74
1788153300000,4422.68,4440.660000000001,4422.1,4440.280000000001
1788154200000,4440.74,4442.02,4430.67,4437.58
1788155100000,4437.599999999999,4443.719999999999,4434.23,4442.91
1788156000000,4442.9,4443.0199999999995,4429.36,4432.16
1788156900000,4432.12,4439,4431.38,4435.9400000000005
1788157800000,4436,4441.14,4431.26,4439.45
1788158700000,4439.48,4442.549999999999,4436.57,4439.259999999999
1788159600000,4439.4800000000005,4441.68,4435.59,4436.05
1788160500000,4436.05,4448.14,4435.1,4443.900000000001
1788161400000,4443.889999999999,4447.099999999999,4441.24,4446.54
1788162300000,4446.5199999999995,4447.79,4440.83,4443.23
1788163200000,4443.14,4449.49,4437,4438.74
1788164100000,4438.73,4441.2699999999995,4436.12,4440.23
1788165000000,4440.02,4440.22,4434.43,4435.400000000001
1788165900000,4435.41,4436.91,4433.82,4435.5599999999995
1788166800000,4435.78,4442.889999999999,4435.57,4442.86
1788167700000,4442.92,4444.18,4438.08,4439.12
1788168600000,4439.28,4444.72,4439,4443.03
1788169500000,4443.05,4445.4400000000005,4440.92,4445.14
1788170400000,4445.370000000001,4453.660000000001,4444.81,4451.6
1788171300000,4451.65,4452.07,4446.41,4448.43
1788172200000,4448.35,4451.6,4447.6,4450.92
1788173100000,4450.849999999999,4455.53,4449.37,4453.8
1788174000000,4453.81,4457.56,4453.13,4453.76
1788174900000,4453.7300000000005,4464.01,4452.68,4463.26
1788175800000,4463.23,4463.91,4453.58,4454.69
1788176700000,4454.75,4456.2300000000005,4452.51,4455.43
1788177600000,4455.2,4460.849999999999,4451.41,4457.139999999999
1788178500000,4457.179999999999,4458.69,4447.28,4447.62
1788179400000,4447.490000000001,4449.820000000001,4439.02,4440.490000000001
1788180300000,4440.45,4441.38,4435.45,4435.69
1788181200000,4435.61,4446.59,4433.83,4446.05
1788182100000,4446.04,4448.27,4439.31,4445.85
1788183000000,4445.89,4447.280000000001,4431.97,4433.62
1788183900000,4433.6,4433.610000000001,4415.59,4418.38
1788184800000,4418,4427.79,4416.14,4427.37
1788185700000,4427.27,4430.9400000000005,4416.43,4420.18
1788186600000,4420.14,4436.14,4419.21,4432.9
1788187500000,4432.92,4436.12,4426.03,4431.63
1788188400000,4431.65,4437.57,4428.16,4435.29
1788189300000,4435.32,4437.86,4429.07,4432.969999999999
1788190200000,4432.889999999999,4434.2,4426.36,4427.4
1788191100000,4427.42,4433.49,4424.58,4426.18
1788192000000,4426.3099999999995,4437.0199999999995,4423.7,4434.76
1788192900000,4434.76,4438.63,4433.3,4438.37
1788193800000,4438.4,4440.17,4431.32,4435.7
1788194700000,4435.69,4437.48,4432.19,4433.19
1788195600000,4433.24,4435.13,4430.76,4433.75
1788196500000,4433.47,4436.93,4428.68,4430.42
1788197400000,4430.43,4436.8,4429.83,4436.5199999999995
1788198300000,4436.24,4440.02,4435.59,4436.5
1788199200000,4436.5199999999995,4436.72,4430.45,4433.639999999999
1788200100000,4433.6,4434.45,4429.51,4429.64
1788201000000,4429.490000000001,4430.27,4426.14,4429.13
1788201900000,4429.139999999999,4434.54,4429.11,4430.79
1788202800000,4430.91,4435.389999999999,4429.11,4433.71
1788203700000,4433.65,4442.37,4432.86,4440.46
1788204600000,4440.4400000000005,4445.2300000000005,4439.01,4442.93
1788205500000,4442.89,4453.59,4441.5,4453.3
1788206400000,4453.31,4455.780000000001,4449.85,4450.110000000001
1788207300000,4450.009999999999,4450.379999999999,4446.9,4447.259999999999
1788208200000,4447.17,4449.23,4446.78,4448.12
1788209100000,4448.06,4449.040000000001,4446.52,4449
1788213600000,4450.28,4455.72,4447.55,4451.7300000000005
1788214500000,4451.620000000001,4452.1,4447.85,4449.820000000001
1788215400000,4449.8,4451.15,4447.29,4447.87
1788216300000,4447.88,4448.219999999999,4445.53,4446.9
1788217200000,4447.05,4447.1,4443.83,4444.09
1788218100000,4444.08,4444.3099999999995,4441.7,4443.29
1788219000000,4443.32,4447.83,4443.16,4445.75
1788219900000,4445.71,4452.4400000000005,4445.64,4452.3
1788220800000,4452.450000000001,4457.990000000001,4446.43,4455.17
1788221700000,4455.23,4461.429999999999,4452.65,4460.23
1788222600000,4460.2,4460.969999999999,4451.99,4453.21
1788223500000,4453.2,4461.389999999999,4451.16,4453.599999999999
1788224400000,4453.62,4456.820000000001,4445.43,4446.38
1788225300000,4446.38,4447.7699999999995,4437.91,4439.74
1788226200000,4439.83,4445.7,4436.41,4445.7
1788227100000,4445.58,4446.59,4439.39,4444.31
1788228000000,4444.19,4449.049999999999,4441.86,4444.94
1788228900000,4444.950000000001,4448.26,4440.43,4440.530000000001
1788229800000,4440.549999999999,4440.95,4431.65,4431.879999999999
1788230700000,4431.7,4443.12,4427.84,4443.09
1788231600000,4443.1,4443.99,4438.46,4439.82
1788232500000,4439.8,4440.33,4431.78,4434
1788233400000,4434.0199999999995,4438.72,4433.37,4438.48
1788234300000,4438.41,4443.18,4436.62,4436.63
1788235200000,4436.620000000001,4437.63,4430.1,4431.06
1788236100000,4431.08,4433.610000000001,4429.6,4429.660000000001
1788237000000,4429.65,4430.47,4426.54,4427.72
1788237900000,4427.74,4429.58,4425.3,4426.6
1788238800000,4426.61,4432.62,4426.16,4429.3
1788239700000,4429.29,4430.530000000001,4425.35,4426.71
1788240600000,4426.66,4443.56,4423.88,4442.74
1788241500000,4442.7699999999995,4445.969999999999,4439.99,4440.07
1788242400000,4440.080000000001,4440.530000000001,4431.77,4432.85
1788243300000,4432.83,4434.9800000000005,4427.71,4428.94
1788244200000,4428.929999999999,4435.16,4428.4,4434.78
1788245100000,4434.79,4435.21,4428.17,4429.55
1788246000000,4429.52,4434.85,4429.39,4433
1788246900000,4432.830000000001,4433.530000000001,4425.77,4426.02
1788247800000,4425.92,4428.18,4412.12,4418.099999999999
1788248700000,4418.25,4423.23,4416.95,4420.15
1788249600000,4420.07,4420.07,4389.57,4405.469999999999
1788250500000,4405.259999999999,4405.73,4381.78,4383.0199999999995
1788251400000,4382.97,4383.610000000001,4370.02,4375.570000000001
1788252300000,4375.67,4378.44,4369.41,4370.79
1788253200000,4370.719999999999,4376.08,4366.49,4375.99
1788254100000,4376,4378.0199999999995,4370.62,4372.94
1788255000000,4372.7699999999995,4372.969999999999,4365.57,4371.66
1788255900000,4371.47,4373.56,4364.67,4364.72
1788256800000,4364.71,4381.820000000001,4364.22,4378.25
1788257700000,4378.31,4385.51,4378.29,4384.91
1788258600000,4384.929999999999,4385.929999999999,4381.57,4381.57
1788259500000,4381.53,4381.64,4375.13,4378.13
1788260400000,4378.08,4383.03,4375.9,4377.179999999999
1788261300000,4377.23,4381.87,4374.86,4380.48
1788262200000,4380.46,4384.79,4378.26,4384.1
1788263100000,4384.12,4387.09,4371.93,4374.41
1788264000000,4374.429999999999,4374.5,4366.86,4370.91
1788264900000,4370.900000000001,4375.990000000001,4366.02,4368.55
1788265800000,4368.53,4368.67,4352,4364.79
1788266700000,4364.77,4369.780000000001,4356.18,4356.2300000000005
1788267600000,4356.240000000001,4357.59,4326.14,4329.47
1788268500000,4329.51,4344.45,4326.45,4343.08
1788269400000,4342.9,4362.26,4341.16,4361.8099999999995
1788270300000,4361.82,4367.19,4354.21,4364.97
1788271200000,4367.17,4370.5,4353.28,4370.13
1788272100000,4370.24,4375.5199999999995,4365.7,4365.7
1788273000000,4365.75,4373.16,4364.25,4366.95
1788273900000,4366.83,4370.24,4356.82,4360.349999999999
1788274800000,4360.48,4362.94,4355.24,4357.2
1788275700000,4357.2,4365.91,4356.24,4365.82
1788276600000,4365.64,4370.8,4361.6,4370.76
1788277500000,4370.6900000000005,4373.8,4368.63,4372.92
1788278400000,4373.03,4374.78,4362.42,4362.45
1788279300000,4362.35,4365.49,4352.51,4352.76
1788280200000,4351.61,4357.7,4347.04,4354.85
1788281100000,4354.82,4358.97,4351.09,4351.3
1788282000000,4351.41,4351.900000000001,4344.3,4346.38
1788282900000,4346.39,4350.07,4342.67,4349.9400000000005
1788283800000,4349.75,4351.910000000001,4342.77,4343.990000000001
1788284700000,4343.97,4344.49,4341.01,4342.900000000001
1788285600000,4342.99,4344.4800000000005,4334.46,4336.41
1788286500000,4336.4,4341.65,4335.61,4337.469999999999
1788287400000,4337.51,4337.55,4328.43,4329.58
1788288300000,4329.56,4334.29,4328.25,4331.69
1788289200000,4331.679999999999,4337.3099999999995,4329.11,4337.3099999999995
1788290100000,4337.22,4337.64,4333.35,4334.42
1788291000000,4334.469999999999,4334.62,4322.94,4326.4
1788291900000,4326.43,4330.39,4323.51,4326.95
1788292800000,4327.01,4330.74,4323.67,4325.63
1788293700000,4325.82,4328.94,4324.91,4326
1788294600000,4325.95,4330.44,4325.21,4327.57
1788295500000,4327.68,4329.72,4326.81,4328.13
1788300000000,4334.45,4334.45,4328.46,4329.22
1788300900000,4329.25,4329.42,4327.21,4327.83
1788301800000,4327.84,4329.5,4326.25,4328.15
1788302700000,4328.13,4330.98,4327.41,4329.349999999999
1788303600000,4329.29,4332.3099999999995,4327.08,4330.53
1788304500000,4330.48,4331.54,4326.11,4330.8099999999995
1788305400000,4330.84,4335.679999999999,4330.78,4333.84
1788306300000,4333.87,4333.89,4323.37,4324.4
1788307200000,4324.41,4330.47,4315.91,4328.15
1788308100000,4328.1,4334.42,4322.59,4325.78
1788309000000,4325.759999999999,4331.5599999999995,4320.44,4330.08
1788309900000,4329.97,4331.27,4314.56,4315.8
1788310800000,4315.64,4322.58,4304.96,4317.58
1788311700000,4317.55,4326.58,4315.38,4317.29
1788312600000,4317.360000000001,4318.45,4305.09,4309.04
1788313500000,4309.110000000001,4309.83,4288.64,4290.990000000001
1788314400000,4290.89,4301.83,4287.37,4296.14
1788315300000,4296.31,4306.31,4296.1,4304.34
1788316200000,4304.57,4314.78,4299.5,4309.19
1788317100000,4309.34,4311.13,4300.21,4302.76
1788318000000,4302.74,4304.13,4296.88,4300.71
1788318900000,4300.66,4302.349999999999,4289.4,4293.62
1788319800000,4293.68,4293.77,4282.5,4288.61
1788320700000,4288.52,4303.75,4288.5,4303.21
1788321600000,4303.2,4306.67,4302.11,4304.259999999999
1788322500000,4304.24,4305.45,4301.33,4302.75
1788323400000,4302.87,4307.63,4302.53,4304.639999999999
1788324300000,4304.78,4307.58,4303.82,4307.17
1788325200000,4307.5,4309.97,4303.62,4309.95
1788326100000,4309.92,4313.87,4306.74,4313.12
1788327000000,4313.47,4324.77,4313.47,4323.06
1788327900000,4323.14,4326.36,4319.25,4319.9
1788328800000,4319.93,4329.15,4317.5,4326.52
1788329700000,4326.56,4328.51,4320.75,4322.63
1788330600000,4322.68,4326.37,4316.83,4324.24
1788331500000,4324.240000000001,4324.910000000001,4314.64,4321.62
1788332400000,4321.67,4331.01,4319.21,4326.75
1788333300000,4326.74,4329.18,4324.83,4326.78
1788334200000,4326.64,4331.26,4321.88,4322.64
1788335100000,4322.67,4325,4320.55,4323.2
1788336000000,4323.23,4331.62,4322.12,4325.53
1788336900000,4325.51,4327.7,4322.66,4323.09
1788337800000,4323.070000000001,4326.63,4319.52,4321.96
1788338700000,4322,4322.51,4312.54,4312.9
1788339600000,4312.889999999999,4322.259999999999,4312.32,4313.849999999999
1788340500000,4313.839999999999,4315.2699999999995,4304.94,4309.049999999999
1788341400000,4309.05,4311.79,4307.33,4310.07
1788342300000,4310.0599999999995,4311.4,4307.91,4308.5
1788343200000,4308.51,4309.59,4301.8,4306.7
1788344100000,4306.63,4312.19,4305.99,4309.86
1788345000000,4309.88,4310.66,4307.18,4309.39
1788345900000,4309.339999999999,4310.349999999999,4305.23,4309.2699999999995
1788346800000,4309.11,4324.48,4307.61,4322.61
1788347700000,4322.72,4323.070000000001,4315.68,4321.83
1788348600000,4321.820000000001,4332.860000000001,4321.68,4324.64
1788349500000,4324.61,4332.81,4323.38,4332.29
1788350400000,4332.349999999999,4336.259999999999,4328.98,4333.2699999999995
1788351300000,4333.0599999999995,4344.18,4329.91,4336.23
1788352200000,4336.26,4337.58,4327.43,4334.29
1788353100000,4334.31,4339.25,4330.54,4331.39
1788354000000,4331.38,4344.38,4330.81,4339.490000000001
1788354900000,4339.43,4358.35,4336.59,4358.35
1788355800000,4358.33,4379.389999999999,4356.98,4378.11
1788356700000,4378.1,4385.55,4367.8,4385.29
1788357600000,4385.23,4397.58,4378.9,4387.849999999999
1788358500000,4388,4397.18,4384.96,4387.55
1788359400000,4387.450000000001,4388.150000000001,4381.31,4385.4800000000005
1788360300000,4385.47,4386.8,4374.3,4376.88
1788361200000,4376.87,4380.79,4372.55,4372.79
1788362100000,4372.759999999999,4372.94,4365.57,4372.5599999999995
1788363000000,4372.61,4375.19,4366.03,4366.24
1788363900000,4366.08,4373.88,4364.57,4373.03
1788364800000,4372.92,4374.759999999999,4368.86,4372.339999999999
1788365700000,4372.17,4372.38,4367.62,4368.67
1788366600000,4368.5,4370.41,4364.54,4364.88
1788367500000,4364.89,4370.51,4364.33,4368.23
1788368400000,4368.24,4371,4367.53,4368.83
1788369300000,4368.759999999999,4369.8099999999995,4364.57,4369.799999999999
1788370200000,4369.759999999999,4377.599999999999,4366.48,4376.469999999999
1788371100000,4376.37,4380.66,4375.38,4376.900000000001
1788372000000,4376.92,4377.53,4370.16,4370.19
1788372900000,4370.139999999999,4379.629999999999,4369.19,4373.099999999999
1788373800000,4372.98,4378.12,4372.45,4372.96
1788374700000,4372.96,4375.73,4372.53,4374.0599999999995
1788375600000,4374.07,4380.219999999999,4371.73,4379.15
1788376500000,4379.139999999999,4383.0199999999995,4378.23,4381.099999999999
1788377400000,4381.259999999999,4388.629999999999,4381.15,4388.03
1788378300000,4388.049999999999,4391.2699999999995,4384.9,4390.94
1788379200000,4391.11,4391.400000000001,4385.88,4385.93
1788380100000,4386.04,4387.7,4384.07,4386.33
1788381000000,4386.19,4389.669999999999,4385.69,4387.78
1788381900000,4387.820000000001,4390.6,4387.3,4387.97
1788386400000,4391.25,4393.22,4389.91,4390.01
1788387300000,4389.9800000000005,4390.820000000001,4387.89,4389.81
1788388200000,4389.79,4389.8099999999995,4384.9,4384.96
1788389100000,4385.12,4385.25,4383.53,4384.63
1788390000000,4384.83,4386.7300000000005,4383.89,4384.01
1788390900000,4384.030000000001,4384.13,4381.93,4382.2300000000005
1788391800000,4382.14,4385.400000000001,4381.14,4385.160000000001
1788392700000,4385.21,4388.82,4384.54,4385.62
1788393600000,4385.61,4392.469999999999,4384.78,4390.23
1788394500000,4390.21,4390.32,4385.25,4387.15
1788395400000,4387.17,4389.72,4382.52,4387.67
1788396300000,4387.47,4397.3,4385.71,4395.36
1788397200000,4395.37,4409.25,4387.21,4401.34
1788398100000,4401.09,4403.63,4394.02,4401.67
1788399000000,4401.57,4409.32,4400.38,4400.74
1788399900000,4400.66,4412.31,4400.18,4410.280000000001
1788400800000,4410.2699999999995,4415.44,4409.12,4411.05
1788401700000,4411.129999999999,4413.299999999999,4406.73,4411.5599999999995
1788402600000,4411.44,4418.04,4409.44,4413.58
1788403500000,4413.59,4420.44,4411.53,4420.3099999999995
1788404400000,4420.28,4430.05,4419.42,4428.78
1788405300000,4428.8,4431.16,4424.63,4429.34
1788406200000,4429.339999999999,4432.129999999999,4426.65,4426.65
1788407100000,4426.599999999999,4432.51,4425.41,4431.48
1788408000000,4431.44,4435.75,4425.53,4431.17
1788408900000,4431.200000000001,4436.8,4430.02,4436.540000000001
1788409800000,4436.55,4438.26,4435.51,4438.030000000001
1788410700000,4438.04,4438.280000000001,4434.01,4437.38
1788411600000,4437.37,4440.15,4428.98,4429.639999999999
1788412500000,4429.68,4430.83,4422.75,4425.1
1788413400000,4425.13,4432.52,4422.55,4432.2300000000005
1788414300000,4432.240000000001,4439.16,4428.43,4431.030000000001
1788415200000,4431.02,4436.14,4425.76,4426.9400000000005
1788416100000,4426.96,4430.58,4418.78,4421.7
1788417000000,4421.53,4426.05,4420.33,4425.5199999999995
1788417900000,4425.48,4428.7,4420.53,4420.53
1788418800000,4420.51,4431.490000000001,4419.1,4422
1788419700000,4422.01,4430.16,4421.63,4426.35
1788420600000,4426.21,4430.55,4423.59,4426.6900000000005
1788421500000,4426.679999999999,4430.94,4424.2,4428.79
1788422400000,4428.73,4443.51,4428.04,4431.45
1788423300000,4431.4400000000005,4439.55,4430.77,4438.330000000001
1788424200000,4438.31,4439.63,4431.42,4434.25
1788425100000,4434.41,4439.92,4434.01,4434.89
1788426000000,4434.97,4441.93,4434.1,4438.030000000001
1788426900000,4438.18,4438.33,4432.14,4435.200000000001
1788427800000,4435.05,4438,4429.58,4429.98
1788428700000,4429.92,4430.509999999999,4425.65,4427.46
1788429600000,4427.4800000000005,4429.81,4423.06,4424.47
1788430500000,4424.46,4425.66,4419.09,4422.52
1788431400000,4422.27,4426.34,4419.97,4425.740000000001
1788432300000,4425.64,4428.4800000000005,4424.13,4427.22
1788433200000,4427.18,4432.67,4425.02,4432.63
1788434100000,4432.65,4437.8,4430.24,4434.34
1788435000000,4434.450000000001,4439.27,4426.39,4438.76
1788435900000,4438.75,4445.46,4436.6,4444.150000000001
1788436800000,4443.84,4450.110000000001,4441.18,4443.91
1788437700000,4443.91,4449.110000000001,4437.84,4446.55
1788438600000,4446.62,4478.72,4446.62,4467.94
1788439500000,4467.84,4495.21,4465.57,4493.44
1788440400000,4493.59,4495.91,4484.76,4485.71
1788441300000,4485.81,4487.79,4477,4479.83
1788442200000,4480,4482.299999999999,4468.11,4470.0599999999995
1788443100000,4469.84,4471.110000000001,4456.81,4470.780000000001
1788444000000,4466.5,4472.89,4458.18,4469.200000000001
1788444900000,4469.25,4480.740000000001,4469.22,4477.6900000000005
1788445800000,4477.31,4479.67,4466.18,4472.91
1788446700000,4472.9,4485.36,4470.96,4485.36
1788447600000,4485.5599999999995,4504.19,4484.24,4503.53
1788448500000,4503.69,4510.78,4501.73,4506.57
1788449400000,4506.61,4509.68,4494.91,4495
1788450300000,4495.02,4495.59,4486.13,4493.17
1788451200000,4493.18,4495.38,4487.64,4493.96
1788452100000,4493.9400000000005,4494.75,4490.55,4493.27
1788453000000,4493.51,4495.52,4486.81,4487.96
1788453900000,4487.93,4491.01,4485.52,4486.25
1788454800000,4486.29,4488.81,4483.31,4487.93
1788455700000,4488.1,4493.6900000000005,4485.18,4492.900000000001
1788456600000,4492.89,4494.06,4490.92,4491.92
1788457500000,4491.96,4494.620000000001,4486.52,4486.580000000001
1788458400000,4486.61,4489.719999999999,4483.98,4483.99
1788459300000,4483.99,4488.03,4479.69,4479.69
1788460200000,4479.77,4482.77,4475.92,4481.52
1788461100000,4481.4800000000005,4482.67,4474.06,4475.160000000001
1788462000000,4475.04,4476.88,4472.91,4474.45
1788462900000,4474.42,4476.67,4472.61,4475.8099999999995
1788463800000,4475.79,4478.75,4474.04,4477.59
1788464700000,4477.549999999999,4480.74,4473.19,4475.099999999999
1788465600000,4475.16,4475.53,4471.58,4471.8
1788466500000,4471.79,4472.43,4470.42,4471.63
1788467400000,4471.64,4472.7300000000005,4470.93,4472.320000000001
1788468300000,4472.2699999999995,4473.929999999999,4471.65,4472.96
1788472800000,4474.48,4478.3099999999995,4473.19,4478.169999999999
1788473700000,4478.099999999999,4478.72,4474.16,4474.93
1788474600000,4474.89,4476.49,4472.71,4473.82
1788475500000,4473.88,4475.78,4471.34,4474.42
1788476400000,4474.34,4477.530000000001,4472.51,4474.17
1788477300000,4474.13,4475.04,4471.6,4473.79
1788478200000,4473.780000000001,4478.22,4473.51,4477.320000000001
1788479100000,4477.2699999999995,4480.22,4474.91,4480.01
1788480000000,4480.03,4483.16,4478.19,4480.8099999999995
1788480900000,4480.81,4480.97,4474.34,4474.52
1788481800000,4474.55,4482.11,4472.78,4482.11
1788482700000,4482.09,4487,4480.71,4486.31
1788483600000,4486.41,4487.099999999999,4474.4,4474.82
1788484500000,4474.83,4478.86,4467.91,4470.91
1788485400000,4470.99,4476.82,4468.08,4473.88
1788486300000,4473.89,4480.4800000000005,4467.06,4478.870000000001
1788487200000,4478.91,4482.58,4477.17,4479.36
1788488100000,4479.29,4480.24,4471.58,4473.84
1788489000000,4473.8099999999995,4477.24,4470.33,4470.87
1788489900000,4470.84,4480.86,4470.25,4477.37
1788490800000,4477.44,4478.61,4470.24,4473.34
1788491700000,4473.37,4474.5599999999995,4471.41,4472.44
1788492600000,4472.45,4475.22,4469.13,4469.32
1788493500000,4469.290000000001,4470.080000000001,4467.02,4467.02
1788494400000,4467.01,4470,4465.5,4469.24
1788495300000,4469.299999999999,4472.349999999999,4468.4,4471.58
1788496200000,4471.6,4474.8,4471.58,4474.15
1788497100000,4473.740000000001,4474.91,4472.72,4473.71
1788498000000,4473.7,4474.5199999999995,4467.44,4469.429999999999
1788498900000,4469.46,4475.1900000000005,4467.47,4467.52
1788499800000,4467.48,4477.58,4466.78,4471.099999999999
1788500700000,4471.06,4472.8,4467.27,4471.950000000001
1788501600000,4471.9800000000005,4473.32,4466.59,4468.860000000001
1788502500000,4468.87,4471.79,4466.69,4468.82
1788503400000,4468.7699999999995,4469.7,4463.11,4464.179999999999
1788504300000,4464.13,4464.41,4460.21,4462.95
1788505200000,4462.900000000001,4471.32,4461.59,4467.81
1788506100000,4467.820000000001,4472.75,4466.68,4472.650000000001
1788507000000,4472.6900000000005,4486.25,4472.68,4485.7300000000005
1788507900000,4485.72,4490.71,4481.42,4483.4800000000005
1788508800000,4483.37,4486.45,4479.3,4482.02
1788509700000,4481.96,4484.03,4479.61,4480.98
1788510600000,4481.04,4482.39,4477.42,4477.52
1788511500000,4477.46,4479.63,4474.41,4477.74
1788512400000,4477.76,4479.13,4469,4470.01
1788513300000,4469.97,4470.570000000001,4463.8,4466.610000000001
1788514200000,4466.58,4470.13,4464.47,4467.2
1788515100000,4467.34,4469.6,4465.47,4465.52
1788516000000,4465.35,4473.14,4465.35,4472.72
1788516900000,4472.7,4473.29,4468.11,4471.139999999999
1788517800000,4471.15,4475.099999999999,4469.95,4473.48
1788518700000,4473.5,4476.34,4472.75,4472.82
1788519600000,4472.599999999999,4473.26,4469.41,4470.24
1788520500000,4470.22,4470.72,4465.34,4465.610000000001
1788521400000,4465.6,4470.25,4465.27,4468.13
1788522300000,4468.0599999999995,4470.54,4465.2,4466.88
1788523200000,4467.389999999999,4470.36,4464.53,4464.719999999999
1788524100000,4464.7,4476.26,4464.42,4472.86
1788525000000,4471.68,4473.43,4379.91,4394.0199999999995
1788525900000,4393.88,4409.88,4380.18,4393.8
1788526800000,4393.900000000001,4394.28,4365.63,4394.22
1788527700000,4394.04,4414.52,4391.39,4412.55
1788528600000,4412.58,4424.08,4405.5,4423.67
1788529500000,4423.5599999999995,4434.67,4413.11,4413.11
1788530400000,4413.080000000001,4435.02,4412.06,4433.97
1788531300000,4433.84,4437.24,4426.74,4429.04
1788532200000,4429.04,4442.26,4425.46,4428.83
1788533100000,4428.9,4431.9800000000005,4417.21,4427.46
1788534000000,4427.66,4443.54,4422.71,4443.37
1788534900000,4443.34,4448.96,4439.6,4439.92
1788535800000,4439.910000000001,4446.54,4436.81,4442.88
1788536700000,4442.87,4445.9,4435.62,4436.62
1788537600000,4436.62,4440.33,4432.21,4438.74
1788538500000,4438.66,4443.41,4433.23,4434.19
1788539400000,4434.120000000001,4439.6900000000005,4433.35,4437.990000000001
1788540300000,4438.37,4440.400000000001,4434.72,4436.360000000001
1788541200000,4436.29,4436.51,4430.17,4433.89
1788542100000,4433.86,4440.33,4427.5,4428.63
1788543000000,4428.65,4429.74,4416.4,4417.2
1788543900000,4417.169999999999,4421.299999999999,4415.69,4416.5599999999995
1788544800000,4417.150000000001,4419.7,4412.01,4419.42
1788545700000,4419.43,4426.63,4419.17,4424.7
1788546600000,4424.799999999999,4425.599999999999,4421.19,4422.919999999999
1788547500000,4422.91,4425.83,4421.95,4423.92
1788548400000,4423.910000000001,4430,4422.52,4429.13
1788549300000,4429.150000000001,4435.83,4426.88,4435.62
1788550200000,4435.63,4438.34,4434.13,4436.95
1788551100000,4436.94,4437.28,4432.7,4434.83
1788552000000,4434.95,4435.12,4430.88,4431.64
1788552900000,4431.66,4431.7699999999995,4429.41,4429.99
1788553800000,4429.98,4430.79,4429,4430.31
1788554700000,4430.43,4431.25,4428.52,4430
1788732000000,4423.14,4429,4417.64,4428.96
1788732900000,4428.89,4430.08,4426.89,4428.740000000001
1788733800000,4428.58,4431.2,4427.74,4430.7699999999995
1788734700000,4430.78,4435.15,4429.2,4429.47
1788735600000,4429.46,4431.3,4429.35,4429.9400000000005
1788736500000,4429.929999999999,4430.03,4425.23,4426.98
1788737400000,4426.27,4430.360000000001,4425.22,4429.02
1788738300000,4429.03,4433.969999999999,4421.23,4423.339999999999
1788739200000,4423.320000000001,4427.51,4421.18,4425.01
1788740100000,4425.03,4428.51,4422.16,4422.17
1788741000000,4422.14,4425.1,4418.38,4424.09
1788741900000,4424.1,4429.52,4410.14,4412.570000000001
1788742800000,4412.5199999999995,4415.78,4395.65,4399.82
1788743700000,4399.8,4403.58,4389.35,4403.35
1788744600000,4403.74,4413.26,4403.08,4410.17
1788745500000,4410.2,4416.75,4408.79,4409.1
1788746400000,4409.04,4410.56,4402.89,4403.83
1788747300000,4403.84,4409.34,4403.54,4407.69
1788748200000,4407.67,4418.49,4406.83,4414.99
1788749100000,4415,4419.02,4407.38,4408.82
1788750000000,4408.66,4410.33,4405.45,4407.67
1788750900000,4407.650000000001,4410.02,4404.64,4408.63
1788751800000,4408.61,4408.7699999999995,4401.62,4401.8
1788752700000,4401.76,4404.88,4401.24,4404.05
1788753600000,4404.030000000001,4407.25,4401.39,4406.55
1788754500000,4406.61,4406.69,4400.11,4402.219999999999
1788755400000,4402.24,4402.45,4394.4,4396.67
1788756300000,4396.56,4398.89,4395.59,4397.99
1788757200000,4398,4404.08,4397.64,4402.530000000001
1788758100000,4402.54,4411.57,4401.92,4411.03
1788759000000,4411.22,4413.17,4401.52,4404.26
1788759900000,4404.3,4406.49,4393.01,4394
1788760800000,4393.97,4394.6,4385.25,4391.94
1788761700000,4391.98,4397.98,4389.94,4394.349999999999
1788762600000,4394.42,4399.75,4393.8,4396.21
1788763500000,4396.27,4399.09,4391.26,4392.75
1788764400000,4392.900000000001,4401.650000000001,4391.89,4401.46
1788765300000,4401.56,4402.14,4394.54,4395.03
1788766200000,4395.08,4398.969999999999,4392.28,4395.91
1788767100000,4395.92,4406.64,4394.92,4406.3
1788768000000,4406.32,4417.53,4405.19,4417.0599999999995
1788768900000,4417.070000000001,4423.43,4416.27,4419.72
1788769800000,4419.72,4423.7300000000005,4413.46,4414.6
1788770700000,4414.66,4415.13,4409.63,4410.85
1788771600000,4410.860000000001,4413.62,4410.8,4411.04
1788772500000,4411.030000000001,4411.820000000001,4405.39,4405.490000000001
1788773400000,4405.79,4410.05,4403.56,4409.56
1788774300000,4409.52,4410.27,4404.8,4405.7300000000005
1788775200000,4405.6900000000005,4406.21,4402.3,4403.150000000001
1788776100000,4402.9800000000005,4404.6,4395.81,4395.900000000001
1788777000000,4395.89,4399.150000000001,4391.77,4398.51
1788777900000,4398.5199999999995,4398.66,4387.95,4391.54
1788778800000,4391.6,4394.12,4389.01,4393.6900000000005
1788779700000,4393.679999999999,4394.91,4387.44,4389.45
1788780600000,4389.360000000001,4389.77,4381.06,4386.63
1788781500000,4386.639999999999,4392.04,4385.03,4385.2
1788782400000,4385.410000000001,4392.950000000001,4385.31,4390.77
1788783300000,4390.7699999999995,4395.2699999999995,4390.32,4395.2699999999995
1788784200000,4395.26,4397.530000000001,4392.64,4396.97
1788785100000,4396.96,4398,4394.25,4396.75
1788786000000,4396.740000000001,4404.5,4395.35,4404.06
1788786900000,4404.08,4404.95,4401.51,4403.8
1788787800000,4403.820000000001,4407.400000000001,4401.68,4403.31
1788788700000,4403.389999999999,4407.7699999999995,4401.19,4402.54
1788789600000,4402.46,4408.870000000001,4401.06,4407.06
1788790500000,4407.04,4409.04,4405.06,4407.080000000001
1788791400000,4407.07,4412.12,4404.69,4411.96
1788792300000,4411.92,4419.509999999999,4410.82,4416.049999999999
1788793200000,4416.02,4416.61,4409.25,4414.88
1788794100000,4414.82,4415.12,4411.5,4412.94
1788795000000,4412.9,4413.99,4408.87,4411.76
1788795900000,4411.77,4414.9800000000005,4411.27,4414.43
1788796800000,4414.45,4417.21,4412.86,4415.299999999999
1788797700000,4415.25,4415.84,4412.63,4413.59
1788798600000,4413.56,4414.08,4411.79,4414.05
1788799500000,4414.09,4414.4800000000005,4412.97,4414.4800000000005
1788800400000,4414.46,4415.05,4412,4412.11
1788801300000,4412.12,4413.73,4412.12,4412.3
1788802200000,4412.389999999999,4412.679999999999,4409.98,4410.94
1788803100000,4410.870000000001,4410.89,4407.1,4407.120000000001
1788804000000,4407.129999999999,4409.099999999999,4404.48,4404.849999999999
1788804900000,4404.86,4406.41,4403.11,4406.19
1788805800000,4406.139999999999,4406.139999999999,4406.03,4406.03
1788818400000,4413.78,4414.48,4410.25,4412.47
1788819300000,4412.48,4413.22,4409.66,4409.69
1788820200000,4409.6900000000005,4409.82,4407.84,4408.17
1788821100000,4408.200000000001,4408.4400000000005,4406.14,4407.570000000001
1788822000000,4407.25,4412.32,4407.2,4410.95
1788822900000,4410.91,4412.6,4409.05,4410.76
1788823800000,4410.7699999999995,4427.95,4410.74,4427.46
1788824700000,4427.43,4427.990000000001,4420.1,4422.92
1788825600000,4423.18,4424.37,4415.08,4417.16
1788826500000,4417.240000000001,4430.030000000001,4416.1,4421.4400000000005
1788827400000,4421.400000000001,4426.21,4418.72,4421.5
1788828300000,4421.44,4427.58,4415.11,4426.32
1788829200000,4426.29,4431.33,4417.23,4428.459999999999
1788830100000,4428.65,4436.139999999999,4426.86,4434.45
1788831000000,4434.41,4436.9,4430.61,4433.37
1788831900000,4433.55,4440.62,4433.51,4436.99
1788832800000,4437.29,4438.55,4426.09,4428.14
1788833700000,4428.21,4429.63,4424.42,4424.88
1788834600000,4424.839999999999,4426.86,4421.36,4426.639999999999
1788835500000,4426.63,4427.94,4421.16,4424.17
1788836400000,4424.099999999999,4431.66,4422.48,4429.62
1788837300000,4429.5599999999995,4439.91,4428.7,4432.07
1788838200000,4432.099999999999,4435.009999999999,4430.57,4432.62
1788839100000,4432.759999999999,4438.83,4432.44,4437.78
1788840000000,4437.81,4442.9400000000005,4437.81,4439.21
1788840900000,4439.17,4440.59,4431.62,4432.58
1788841800000,4432.599999999999,4436.509999999999,4432.23,4436.429999999999
1788842700000,4436.4400000000005,4439.87,4434.18,4435.990000000001
1788843600000,4435.98,4437.679999999999,4427.07,4427.33
1788844500000,4427.23,4431.5599999999995,4420.24,4420.37
1788845400000,4420.38,4426.91,4418.13,4425.7300000000005
1788846300000,4425.78,4428.7300000000005,4417.34,4418.93
1788847200000,4419.37,4420.049999999999,4408.57,4411.46
1788848100000,4411.450000000001,4411.450000000001,4399.1,4400.02
1788849000000,4400.09,4408.67,4398.17,4407.2
1788849900000,4407.25,4409.2300000000005,4403.26,4403.7
1788850800000,4403.81,4409.360000000001,4402.39,4403.09
1788851700000,4402.99,4404.179999999999,4400.24,4401.55
1788852600000,4401.660000000001,4405.34,4391.14,4395.42
1788853500000,4395.43,4397.24,4390.05,4392.34
1788854400000,4392.35,4395.74,4387.8,4390.320000000001
1788855300000,4390.370000000001,4396.31,4389.6,4394.64
1788856200000,4394.66,4398.49,4391.87,4392.7699999999995
1788857100000,4392.74,4398.18,4391,4394.11
1788858000000,4394.0599999999995,4398.0199999999995,4391.32,4397.389999999999
1788858900000,4397.36,4399.3099999999995,4392.44,4393.009999999999
1788859800000,4393.06,4403.72,4390.88,4401.46
1788860700000,4401.47,4405.599999999999,4401.12,4402.97
1788861600000,4402.97,4402.97,4393.7,4396.32
1788862500000,4396.3099999999995,4406.62,4396.03,4399.4
1788863400000,4399.41,4399.51,4393.91,4397.09
1788864300000,4396.78,4400.39,4395.33,4395.33
1788865200000,4395.3099999999995,4399.04,4391.11,4395.08
1788866100000,4395.05,4402.93,4394.97,4401.97
1788867000000,4401.99,4407.8,4400.58,4403.54
1788867900000,4403.679999999999,4406.5199999999995,4397.69,4406.4
1788868800000,4406.33,4406.66,4390.47,4391.77
1788869700000,4391.7,4401.85,4385.29,4401.85
1788870600000,4402.05,4408.160000000001,4395.27,4396.540000000001
1788871500000,4396.53,4411.7,4395.67,4411.4800000000005
1788872400000,4411.52,4412.7300000000005,4402.55,4408.4800000000005
1788873300000,4408.47,4410.8,4399.1,4400.360000000001
1788874200000,4400.33,4405.67,4390.38,4396.58
1788875100000,4396.54,4407.41,4394.32,4395.61
1788876000000,4395.530000000001,4402.76,4391.51,4394.43
1788876900000,4394.22,4403.6,4394.01,4396.62
1788877800000,4396.639999999999,4400.62,4392.73,4397.28
1788878700000,4397.32,4398.9,4389.07,4398.599999999999
1788879600000,4398.81,4408.110000000001,4397.51,4404.74
1788880500000,4404.97,4409.23,4396.37,4398.95
1788881400000,4399.15,4404.14,4397.29,4400.01
1788882300000,4400.11,4400.42,4394.71,4394.71
1788883200000,4394.75,4395.07,4380.54,4386.42
1788884100000,4386.33,4395.24,4383.73,4393.99
1788885000000,4393.9800000000005,4396.570000000001,4392.93,4394.14
1788885900000,4394.219999999999,4398.299999999999,4390.4,4393.589999999999
1788886800000,4393.65,4403.599999999999,4393.62,4395.51
1788887700000,4395.5,4397.33,4391.98,4393.95
1788888600000,4394.02,4395.04,4385.42,4385.42
1788889500000,4385.41,4390.28,4385.23,4389.9
1788890400000,4389.94,4390.24,4383.99,4387.55
1788891300000,4387.52,4387.67,4384.26,4385.52
1788892200000,4385.599999999999,4385.66,4381.37,4385.5199999999995
1788893100000,4385.53,4386.53,4358.17,4375.54
1788894000000,4375.570000000001,4377.160000000001,4369.31,4370.39
1788894900000,4370.43,4373.0199999999995,4366.29,4368.68
1788895800000,4368.66,4369.63,4361.46,4368.69
1788896700000,4368.74,4368.849999999999,4356.74,4359.33
1788897600000,4359.07,4364.29,4355.96,4360.13
1788898500000,4360.21,4361.34,4355.56,4356.6900000000005
1788899400000,4356.84,4358.64,4356.34,4357.76
1788900300000,4357.78,4357.92,4344.59,4355.3
1788904800000,4355.53,4358.96,4353.07,4356.009999999999
1788905700000,4356.1,4357.56,4353.21,4354.41
1788906600000,4354.88,4355.89,4350.42,4351.85
1788907500000,4351.92,4354.25,4350.84,4354.08
1788908400000,4353.87,4354.860000000001,4351.89,4352.410000000001
1788909300000,4352.41,4357.57,4351.86,4357.469999999999
1788910200000,4357.4800000000005,4359.91,4356.76,4358.56
1788911100000,4358.54,4358.54,4349.22,4349.900000000001
1788912000000,4349.929999999999,4352.91,4344.57,4349.66
1788912900000,4349.6,4350.13,4341.18,4346.92
1788913800000,4346.97,4354.87,4343.75,4354.87
1788914700000,4354.87,4365.5599999999995,4352.9,4364.719999999999
1788915600000,4364.74,4368.509999999999,4354.19,4368.19
1788916500000,4368.03,4372.9400000000005,4362.8,4371.650000000001
1788917400000,4371.6,4377.98,4370.75,4376.38
1788918300000,4376.4,4378.099999999999,4370.86,4373.58
1788919200000,4373.59,4375.52,4370.6,4373.42
1788920100000,4373.41,4376.81,4371.59,4372.91
1788921000000,4372.900000000001,4374.41,4367.22,4374.25
1788921900000,4374.18,4384.35,4373.04,4382.06
1788922800000,4382.110000000001,4382.62,4378.18,4379.02
1788923700000,4379.05,4379.29,4375.55,4378.05
1788924600000,4378.0599999999995,4379.94,4375.37,4378.62
1788925500000,4378.51,4379.070000000001,4375.14,4375.160000000001
1788926400000,4375.13,4376.13,4370.59,4373.35
1788927300000,4373.35,4380.58,4372.38,4379.9800000000005
1788928200000,4379.93,4380.01,4376.33,4377.94
1788929100000,4377.95,4382.4800000000005,4377.46,4381.52
1788930000000,4381.530000000001,4387.83,4380.47,4387.68
1788930900000,4387.63,4388.650000000001,4383.34,4385.09
1788931800000,4385.110000000001,4395.490000000001,4384.31,4395.490000000001
1788932700000,4395.43,4400.93,4392.59,4398.7300000000005
1788933600000,4398.719999999999,4405.139999999999,4398.23,4401.36
1788934500000,4401.339999999999,4403.16,4395.19,4398.139999999999
1788935400000,4398.29,4406.0199999999995,4397.08,4400.35
1788936300000,4400.45,4401.5199999999995,4398.82,4400.57
1788937200000,4400.6,4407.66,4399.29,4406.47
1788938100000,4406.3,4408.7,4402.95,4407.65
1788939000000,4407.61,4410.43,4406.37,4410.28
1788939900000,4410.299999999999,4412.63,4408.36,4409.16
1788940800000,4409.240000000001,4411.92,4403.72,4403.8
1788941700000,4403.82,4404.77,4399.63,4399.63
1788942600000,4399.68,4403.51,4399,4399.93
1788943500000,4399.9800000000005,4403.280000000001,4399.02,4400.610000000001
1788944400000,4400.700000000001,4402.240000000001,4397.93,4398.490000000001
1788945300000,4398.4800000000005,4400.14,4397.01,4398.320000000001
1788946200000,4398.23,4398.629999999999,4395.4,4396.29
1788947100000,4396.3,4396.3,4388.59,4390.71
1788948000000,4390.66,4393.36,4386.2,4391.0599999999995
1788948900000,4391.05,4395.9400000000005,4389.27,4394.240000000001
1788949800000,4394.35,4399.240000000001,4393.43,4394.96
1788950700000,4394.95,4403.11,4394.53,4399.61
1788951600000,4399.76,4404.54,4399.76,4403.570000000001
1788952500000,4403.61,4409.07,4401.42,4408.29
1788953400000,4408.25,4408.43,4403.52,4405.5
1788954300000,4405.599999999999,4415.23,4403.48,4407.33
1788955200000,4407.3,4409.35,4399.13,4399.2300000000005
1788956100000,4399.2300000000005,4400.2300000000005,4393.67,4393.77
1788957000000,4393.79,4397.54,4390.9,4395.23
1788957900000,4395.27,4402.1900000000005,4395.27,4400.1
1788958800000,4400,4413.599999999999,4398.74,4413.25
1788959700000,4413.28,4430.35,4410.8,4429.55
1788960600000,4429.28,4434.0199999999995,4412.95,4417.15
1788961500000,4417.12,4423.68,4410.72,4415.01
1788962400000,4415,4428.57,4414.29,4423.29
1788963300000,4423.29,4426.04,4409.87,4425.9
1788964200000,4425.9400000000005,4427.05,4418.72,4418.92
1788965100000,4419,4423.53,4415.04,4418.7
1788966000000,4418.85,4431.85,4380.31,4389.59
1788966900000,4389.8,4395.38,4375.14,4394.59
1788967800000,4394.59,4407.070000000001,4392.68,4402.990000000001
1788968700000,4403.240000000001,4407.150000000001,4398.18,4398.46
1788969600000,4398.43,4403.07,4394.84,4397.88
1788970500000,4397.87,4402.38,4391.62,4401.68
1788971400000,4401.52,4407.76,4399.06,4407.39
1788972300000,4407.4,4410.3099999999995,4405.57,4409.58
1788973200000,4409.45,4420.4,4408.94,4416.62
1788974100000,4416.61,4420.53,4414.37,4414.78
1788975000000,4414.82,4417.05,4411.83,4413.59
1788975900000,4413.6,4416.870000000001,4413.35,4415.9800000000005
1788976800000,4416.01,4421.41,4415.83,4420.35
1788977700000,4420.34,4420.62,4416.75,4417.93
1788978600000,4417.98,4418.28,4409.5,4409.79
1788979500000,4409.8,4410.030000000001,4401.64,4403.17
1788980400000,4403.19,4404.04,4396.91,4400.2
1788981300000,4400.18,4404.8,4398.64,4399.59
1788982200000,4399.43,4400.82,4395.67,4399.78
1788983100000,4399.91,4401.31,4396.29,4399.1
1788984000000,4399.049999999999,4399.299999999999,4396.4,4397.29
1788984900000,4397.28,4397.459999999999,4393.48,4394.75
1788985800000,4394.76,4400.77,4394.75,4400.08
1788986700000,4400.04,4401.59,4399.22,4401.56
1788991200000,4404.719999999999,4406.44,4402.53,4402.82
1788992100000,4402.83,4404.35,4400.38,4402.5
1788993000000,4402.44,4403.7699999999995,4399.99,4401.44
1788993900000,4401.45,4401.66,4397.65,4399.639999999999
1788994800000,4399.58,4403.03,4398.4,4400.62
1788995700000,4400.59,4402.17,4395.77,4397.59
1788996600000,4397.46,4399.15,4393.37,4394.34
1788997500000,4394.389999999999,4395.259999999999,4393.23,4394.2
1788998400000,4394.040000000001,4397.1,4389.77,4395.05
1788999300000,4395.0599999999995,4398.49,4392.32,4392.91
1789000200000,4392.87,4401.549999999999,4391.4,4400.96
1789001100000,4400.97,4404.77,4397.88,4401.06
1789002000000,4401.01,4418.990000000001,4400.18,4412.8
1789002900000,4412.62,4416.49,4410.3,4410.46
1789003800000,4410.429999999999,4411.009999999999,4405.19,4409.94
1789004700000,4409.9800000000005,4414.46,4408.02,4412.17
1789005600000,4412.16,4418.85,4411.75,4414.08
1789006500000,4414.07,4417.62,4408.11,4417
1789007400000,4417.1900000000005,4420.84,4411.13,4418.1
1789008300000,4418.11,4420.78,4416.24,4419.389999999999
1789009200000,4419.38,4421.0199999999995,4411.66,4412.62
1789010100000,4412.63,4414.849999999999,4409.24,4410.09
1789011000000,4409.92,4412.530000000001,4407.1,4407.83
1789011900000,4407.84,4409.88,4406.83,4409.07
1789012800000,4409.07,4415.5,4409.07,4414.03
1789013700000,4413.889999999999,4415.41,4410.7,4411.8
1789014600000,4411.83,4413.65,4405.62,4406.57
1789015500000,4406.5599999999995,4411.639999999999,4406.32,4408.41
1789016400000,4408.45,4418.89,4408.13,4418.89
1789017300000,4418.91,4420.72,4417.05,4420.67
1789018200000,4420.740000000001,4429.58,4417.47,4428.29
1789019100000,4428.21,4431.22,4423.81,4431.01
1789020000000,4431.14,4434.990000000001,4415.97,4416.34
1789020900000,4416.3,4417.53,4410.87,4417.5
1789021800000,4417.51,4426.91,4413.21,4426.71
1789022700000,4426.8,4428.81,4423.72,4425.280000000001
1789023600000,4425.3,4425.45,4413.13,4413.29
1789024500000,4413.3,4414.97,4408.02,4408.35
1789025400000,4408.450000000001,4410.660000000001,4404.02,4409.64
1789026300000,4409.49,4415.299999999999,4408.9,4411.7699999999995
1789027200000,4411.68,4412.76,4404.64,4405.650000000001
1789028100000,4405.66,4407.61,4403.91,4405.57
1789029000000,4405.66,4405.91,4394.82,4395.83
1789029900000,4395.93,4398.31,4392.43,4394.87
1789030800000,4394.81,4396.55,4389.89,4394.820000000001
1789031700000,4395.01,4396.83,4391.76,4392.79
1789032600000,4392.75,4393.03,4388.41,4393.0199999999995
1789033500000,4392.9800000000005,4395.72,4392.51,4394.02
1789034400000,4393.97,4399.99,4389.92,4395.1
1789035300000,4395.11,4400.12,4393.7,4394.0599999999995
1789036200000,4394.099999999999,4394.65,4377.86,4383.7699999999995
1789037100000,4383.52,4387.6,4375.01,4378.79
1789038000000,4378.780000000001,4384.450000000001,4375.27,4383.43
1789038900000,4383.53,4388.67,4379.91,4385.8099999999995
1789039800000,4385.72,4390.67,4384.39,4384.51
1789040700000,4384.47,4385.24,4374.21,4374.54
1789041600000,4374.55,4377.74,4369.87,4375.0199999999995
1789042500000,4375.219999999999,4377.009999999999,4361.82,4363.74
1789043400000,4363.73,4372.0199999999995,4323.98,4340.74
1789044300000,4340.599999999999,4354.92,4336.41,4340.12
1789045200000,4340.25,4355.33,4339.45,4343.889999999999
1789046100000,4343.82,4357.71,4341.49,4357.71
1789047000000,4357.73,4373.32,4352.36,4363.94
1789047900000,4364.36,4375.76,4362.46,4365.97
1789048800000,4365.92,4375.1,4359.21,4359.36
1789049700000,4359.3099999999995,4376.36,4353.98,4363.339999999999
1789050600000,4363.1900000000005,4370.3,4356.26,4356.27
1789051500000,4356.3,4361.599999999999,4353.99,4357.969999999999
1789052400000,4358.110000000001,4361.38,4352.59,4359.6
1789053300000,4359.589999999999,4367.719999999999,4358.61,4365.349999999999
1789054200000,4365.3,4372.17,4362.31,4365.88
1789055100000,4365.889999999999,4370.07,4360.91,4365.7699999999995
1789056000000,4365.820000000001,4369.93,4354.1,4358.92
1789056900000,4358.4800000000005,4363.660000000001,4355.27,4362.96
1789057800000,4362.91,4365.48,4355.65,4356.46
1789058700000,4356.4800000000005,4364.240000000001,4356.39,4364.04
1789059600000,4364.08,4367.92,4359.58,4362.5599999999995
1789060500000,4362.570000000001,4366.79,4361.3,4365.8
1789061400000,4365.95,4366.24,4355.37,4359.43
1789062300000,4359.5199999999995,4360.23,4351.19,4352.589999999999
1789063200000,4352.74,4355.99,4340.38,4340.82
1789064100000,4340.8,4346.25,4337.45,4338.95
1789065000000,4338.94,4338.94,4331.78,4333.71
1789065900000,4333.67,4338.53,4329.75,4332.84
1789066800000,4332.75,4332.75,4313.66,4322.29
1789067700000,4322.36,4330.7,4319.32,4327.259999999999
1789068600000,4327.24,4329.41,4323.61,4324.32
1789069500000,4324.35,4326.1,4320,4324.34
1789070400000,4324.360000000001,4324.360000000001,4319.93,4322.950000000001
1789071300000,4323.009999999999,4323.0199999999995,4316.32,4318.509999999999
1789072200000,4318.5,4318.53,4315.73,4317.889999999999
1789073100000,4317.830000000001,4318.790000000001,4314.52,4316.5
1789077600000,4321.58,4324.58,4320.49,4321.25
1789078500000,4321.2300000000005,4321.83,4318.85,4319.63
1789079400000,4319.7,4320.2699999999995,4313.57,4315.99
1789080300000,4315.9800000000005,4319.150000000001,4315.14,4318.400000000001
1789081200000,4318.12,4319.83,4316.58,4319.61
1789082100000,4319.54,4320.4,4317.66,4318.13
1789083000000,4318.139999999999,4320.25,4314.61,4316.0599999999995
1789083900000,4316.08,4317.89,4311.12,4315.17
1789084800000,4315.1900000000005,4323.68,4312.67,4319
1789085700000,4319.0199999999995,4323.96,4316.95,4323.92
1789086600000,4323.72,4327.55,4319.84,4327.52
1789087500000,4327.51,4333.77,4326.76,4332.05
1789088400000,4332.07,4340.41,4328.09,4333.110000000001
1789089300000,4333.03,4337.32,4320.86,4328.08
1789090200000,4328.06,4334.8,4322.56,4326.7300000000005
1789091100000,4326.74,4330.09,4324.01,4329.1900000000005
1789092000000,4329.16,4333.46,4327.9,4330.759999999999
1789092900000,4330.7300000000005,4334.56,4323.51,4325.16
1789093800000,4325.13,4326.43,4316.81,4318.820000000001
1789094700000,4318.82,4326.72,4315.91,4322.66
1789095600000,4322.660000000001,4326.450000000001,4314.52,4319.56
1789096500000,4319.549999999999,4321.469999999999,4304.36,4309.21
1789097400000,4309.28,4312.54,4306.44,4308.25
1789098300000,4308.26,4308.33,4300.79,4303.94
1789099200000,4303.929999999999,4324.95,4301.94,4321.49
1789100100000,4321.73,4329.179999999999,4319.44,4328.53
1789101000000,4328.54,4332.82,4325.45,4330.389999999999
1789101900000,4330.650000000001,4335.26,4329.06,4331.68
1789102800000,4331.95,4338.11,4328.29,4338.01
1789103700000,4337.96,4339.23,4333.49,4334.67
1789104600000,4334.68,4342.87,4333.71,4342.8
1789105500000,4342.84,4351.93,4339.67,4346.06
1789106400000,4346.089999999999,4360.87,4345.94,4359.009999999999
1789107300000,4358.97,4360.46,4351.31,4351.56
1789108200000,4351.530000000001,4353.93,4347.06,4350.64
1789109100000,4350.65,4355.29,4349.53,4353.21
1789110000000,4353.2,4356.1,4349.83,4351.5199999999995
1789110900000,4351.8,4352.3,4346.03,4346.259999999999
1789111800000,4346.25,4347.7300000000005,4343.26,4345.04
1789112700000,4344.98,4345.15,4340.54,4344.88
1789113600000,4344.950000000001,4349.35,4342.27,4347.38
1789114500000,4347.389999999999,4357.49,4343.7,4351.679999999999
1789115400000,4351.59,4356.67,4351.27,4352.63
1789116300000,4352.740000000001,4355.280000000001,4345.6,4346.96
1789117200000,4347.110000000001,4353.9400000000005,4342.47,4342.47
1789118100000,4342.5599999999995,4346.16,4341.62,4343.68
1789119000000,4343.77,4344.990000000001,4340.85,4343.46
1789119900000,4343.469999999999,4347.69,4342.48,4346.23
1789120800000,4346.42,4349.790000000001,4341.52,4346.200000000001
1789121700000,4346.18,4349.96,4345.8,4349.18
1789122600000,4349.29,4349.669999999999,4343.73,4345.03
1789123500000,4345.04,4345.29,4336.76,4337.4800000000005
1789124400000,4337.47,4342.5199999999995,4334.58,4338.05
1789125300000,4338,4341.57,4335.98,4336.41
1789126200000,4336.42,4337.27,4330.13,4334.6
1789127100000,4334.67,4336.11,4330.79,4333.33
1789128000000,4333.84,4334.76,4324.83,4327.86
1789128900000,4327.83,4343.1900000000005,4327.38,4341.32
1789129800000,4341.38,4362.56,4289.92,4353.87
1789130700000,4354.29,4390.05,4352.55,4388.62
1789131600000,4388.21,4394.28,4380.61,4389.3099999999995
1789132500000,4389.240000000001,4398.5,4380.52,4390.17
1789133400000,4390.3,4400.280000000001,4381.6,4394.63
1789134300000,4394.91,4402.43,4387.17,4401.64
1789135200000,4401.11,4402.34,4381.58,4383.04
1789136100000,4382.79,4385.42,4374.37,4375.05
1789137000000,4375.32,4375.49,4364.73,4371.37
1789137900000,4371.42,4384.18,4370.59,4370.79
1789138800000,4370.629999999999,4372.82,4359.23,4362.36
1789139700000,4362.75,4372.27,4361.5,4370.49
1789140600000,4370.08,4377.06,4369.05,4372.9400000000005
1789141500000,4372.85,4373.75,4365.17,4367.09
1789142400000,4366.990000000001,4372.68,4360.97,4361.34
1789143300000,4361.3,4363.89,4351.89,4354.79
1789144200000,4354.91,4365.71,4353.37,4363.51
1789145100000,4363.66,4364.96,4360.29,4361.63
1789146000000,4361.79,4368.89,4360.81,4365.59
1789146900000,4365.65,4369.67,4363.42,4366.87
1789147800000,4366.84,4370.400000000001,4359.89,4361.96
1789148700000,4361.96,4363.79,4357.87,4358.21
1789149600000,4358.2,4360.04,4345.95,4346.75
1789150500000,4346.740000000001,4352.900000000001,4344.06,4350.56
1789151400000,4350.570000000001,4351.450000000001,4345.77,4347
1789152300000,4347.01,4347.42,4344.18,4346.860000000001
1789153200000,4346.95,4351.95,4344.36,4351.889999999999
1789154100000,4351.68,4353.6900000000005,4347.3,4347.3
1789155000000,4347.320000000001,4348.29,4345.14,4346.12
1789155900000,4345.95,4349.33,4342.63,4348.58
1789156800000,4348.67,4351.4,4348.21,4348.32
1789157700000,4348.21,4350.25,4346.19,4348.7
1789158600000,4348.679999999999,4348.969999999999,4345.61,4346.29
1789159500000,4346.37,4349.15,4345.41,4348.83
1789336800000,4336.740000000001,4340.900000000001,4329.93,4330.820000000001
1789337700000,4330.83,4336.38,4328.36,4336.2699999999995
1789338600000,4336.14,4337.9400000000005,4333.67,4337.13
1789339500000,4337.2,4339.839999999999,4335.15,4337.799999999999
1789340400000,4337.74,4342.429999999999,4337.74,4339.54
1789341300000,4339.55,4340.58,4335.7,4339.24
1789342200000,4339.25,4341.969999999999,4337.86,4337.86
1789343100000,4337.7300000000005,4338.13,4331.81,4332.7300000000005
1789344000000,4332.23,4347.46,4329.45,4342.679999999999
1789344900000,4342.62,4345.05,4333.09,4337.85
1789345800000,4337.88,4340.63,4332.06,4338.17
1789346700000,4338.2,4343.38,4337.26,4338.49
1789347600000,4338.61,4344.71,4329.49,4331.5
1789348500000,4331.45,4337.91,4326.22,4335.43
1789349400000,4335.65,4346.5199999999995,4328.29,4342.35
1789350300000,4342.4,4355.139999999999,4342.4,4353.37
1789351200000,4353.19,4354.91,4348.44,4349.29
1789352100000,4349.3,4354.06,4348.18,4352.17
1789353000000,4352.21,4355.4,4343.2,4345.63
1789353900000,4345.570000000001,4348.02,4330.06,4330.79
1789354800000,4330.76,4335.95,4327.37,4333.37
1789355700000,4333.4,4336.3,4331.87,4334.7699999999995
1789356600000,4334.74,4335.19,4327.12,4329.03
1789357500000,4329.09,4333.49,4328.58,4330.33
1789358400000,4330.28,4331.5599999999995,4329.08,4329.1
1789359300000,4329.07,4331.5599999999995,4328.87,4331.37
1789360200000,4331.349999999999,4331.54,4323.37,4323.38
1789361100000,4323.4,4331.5,4322.16,4329.48
1789362000000,4329.45,4332.54,4326.54,4330.7
1789362900000,4330.74,4332.09,4326.38,4326.53
1789363800000,4326.549999999999,4337.049999999999,4325.4,4330.929999999999
1789364700000,4331.04,4337.38,4323.34,4337.38
1789365600000,4337.34,4338.66,4327.07,4329.92
1789366500000,4329.95,4332.46,4326.91,4330.139999999999
1789367400000,4330.129999999999,4332.2699999999995,4325.15,4327.23
1789368300000,4327.26,4329.68,4320.54,4322.12
1789369200000,4322.14,4324.09,4317.5,4323.83
1789370100000,4323.91,4324.1900000000005,4316.26,4316.76
1789371000000,4316.8,4319.39,4315.55,4319.13
1789371900000,4319.21,4321.89,4307.93,4310.81
1789372800000,4311.13,4318.17,4310.78,4313.3099999999995
1789373700000,4313.18,4314.3,4310.17,4310.58
1789374600000,4310.5,4315.88,4309.54,4311.7699999999995
1789375500000,4311.79,4313.259999999999,4303.23,4306.5599999999995
1789376400000,4306.530000000001,4311.610000000001,4304.93,4305.780000000001
1789377300000,4305.64,4305.92,4280.51,4287.92
1789378200000,4287.57,4289.62,4279.19,4281.37
1789379100000,4281.47,4288.280000000001,4278.26,4285.4400000000005
1789380000000,4285.24,4289.29,4278.29,4288.46
1789380900000,4288.389999999999,4292.59,4285.82,4291.12
1789381800000,4291.18,4294.92,4289.29,4293.86
1789382700000,4293.89,4296.52,4290.13,4294.68
1789383600000,4294.67,4296.820000000001,4291.06,4292.17
1789384500000,4292.150000000001,4296.8,4291.14,4296.08
1789385400000,4296,4296.82,4292.07,4292.259999999999
1789386300000,4292.25,4293.76,4284.3,4287
1789387200000,4287.07,4296.69,4285.08,4294.64
1789388100000,4294.7699999999995,4297.55,4283.54,4286
1789389000000,4286.0199999999995,4289.49,4273.48,4283.599999999999
1789389900000,4283.58,4283.58,4265.87,4270.95
1789390800000,4271.13,4272.589999999999,4253.61,4266.339999999999
1789391700000,4266.070000000001,4277.610000000001,4263.85,4273.52
1789392600000,4274.150000000001,4278.5,4267.06,4274.860000000001
1789393500000,4274.92,4281.13,4269.78,4272.58
1789394400000,4272.57,4281.97,4264.95,4281.69
1789395300000,4281.7300000000005,4282.91,4263.97,4270.04
1789396200000,4270.1900000000005,4277.06,4266.72,4276.780000000001
1789397100000,4276.889999999999,4279.45,4274.03,4279.45
1789398000000,4279.78,4286.669999999999,4272.69,4277.0599999999995
1789398900000,4276.82,4284.76,4272.67,4283.53
1789399800000,4283.28,4298.06,4282.8,4294.2300000000005
1789400700000,4294.42,4294.95,4286.32,4288.17
1789401600000,4288.16,4297.7,4286.28,4294.34
1789402500000,4294.57,4305.2,4294.49,4300.04
1789403400000,4300.06,4307.900000000001,4299.47,4306.09
1789404300000,4306.110000000001,4317.68,4304.77,4315.780000000001
1789405200000,4315.77,4316.47,4311.38,4311.46
1789406100000,4311.13,4314.099999999999,4309.32,4311.78
1789407000000,4311.929999999999,4313.58,4307.78,4309.91
1789407900000,4309.79,4313.82,4308.65,4311.03
1789408800000,4311.080000000001,4315.92,4308.27,4312.620000000001
1789409700000,4312.63,4312.69,4306.33,4309.68
1789410600000,4309.32,4313.2,4308.53,4309.389999999999
1789411500000,4309.349999999999,4309.74,4304.82,4307.33
1789412400000,4307.610000000001,4307.820000000001,4302.85,4306.01
1789413300000,4306.0199999999995,4306.0199999999995,4295.9,4296.349999999999
1789414200000,4296.35,4297.32,4290.5,4291.85
1789415100000,4291.849999999999,4291.88,4282.86,4283.4
1789416000000,4283.719999999999,4288.44,4282.23,4287.759999999999
1789416900000,4287.9400000000005,4298.28,4287.92,4296.64
1789417800000,4296.7300000000005,4299.59,4294.59,4294.79
1789418700000,4294.889999999999,4299.32,4294.82,4298.62
1789423200000,4300.15,4300.46,4296.57,4297
1789424100000,4297.08,4298.17,4292.92,4295.7
1789425000000,4295.68,4298.5599999999995,4293.58,4295.58
1789425900000,4295.52,4298.17,4293.14,4295.31
1789426800000,4295.33,4297.31,4291.13,4292.22
1789427700000,4292.179999999999,4292.4,4287.11,4289.839999999999
1789428600000,4289.67,4291.639999999999,4287.9,4289.5
1789429500000,4289.56,4289.56,4287.25,4288.18
1789430400000,4288.13,4289.070000000001,4283.6,4286.8
1789431300000,4286.79,4289.65,4283.62,4288.099999999999
1789432200000,4288.04,4293.04,4283.41,4292.61
1789433100000,4292.67,4296.610000000001,4291.8,4292.95
1789434000000,4292.96,4299.849999999999,4287.9,4299.7
1789434900000,4299.610000000001,4305.72,4299.01,4301.74
1789435800000,4301.88,4306.3,4295.18,4298.58
1789436700000,4298.55,4304.900000000001,4294.14,4304.37
1789437600000,4304.72,4311.69,4304.62,4307.2699999999995
1789438500000,4307.25,4310.02,4305.35,4310.02
1789439400000,4310.03,4317.11,4307.24,4311.42
1789440300000,4311.19,4317.349999999999,4311.11,4314.11
1789441200000,4314.070000000001,4314.360000000001,4309.89,4310.75
1789442100000,4310.78,4314.25,4309.83,4310.79
1789443000000,4310.7699999999995,4313.5,4308.11,4308.589999999999
1789443900000,4308.570000000001,4310.04,4303.18,4303.530000000001
1789444800000,4303.360000000001,4309.59,4302.51,4307.320000000001
1789445700000,4307.349999999999,4308.57,4302.69,4303.549999999999
1789446600000,4303.57,4306.13,4300.67,4304.9400000000005
1789447500000,4304.929999999999,4307.8099999999995,4304.11,4304.75
1789448400000,4304.780000000001,4307.490000000001,4300.39,4301.51
1789449300000,4301.52,4301.75,4296.38,4297.28
1789450200000,4297.21,4300.11,4289.2,4296.21
1789451100000,4296.24,4299.849999999999,4290.69,4290.98
1789452000000,4290.889999999999,4294.26,4285.99,4289.719999999999
1789452900000,4289.759999999999,4292.299999999999,4287.15,4289.42
1789453800000,4289.4400000000005,4291.2,4285.97,4290.740000000001
1789454700000,4290.75,4295.240000000001,4290.47,4293.41
1789455600000,4293.400000000001,4295.45,4286.59,4288.07
1789456500000,4288.070000000001,4292.2300000000005,4287.51,4291.96
1789457400000,4292.08,4292.85,4280.93,4283.81
1789458300000,4283.72,4289.91,4276.21,4280.53
1789459200000,4280.62,4280.62,4263.64,4267.71
1789460100000,4267.700000000001,4275.22,4267.02,4273.160000000001
1789461000000,4273.150000000001,4274.79,4267.09,4267.52
1789461900000,4267.53,4269.5599999999995,4261.28,4262.3
1789462800000,4262.2699999999995,4267.049999999999,4261.48,4265.61
1789463700000,4265.57,4269.4400000000005,4261.67,4266.92
1789464600000,4266.8099999999995,4272.139999999999,4264.9,4269.599999999999
1789465500000,4269.620000000001,4272.070000000001,4267.85,4268.280000000001
1789466400000,4268.3,4277.26,4268.3,4273.150000000001
1789467300000,4273.08,4274.599999999999,4269.95,4274.45
1789468200000,4274.4400000000005,4277.26,4273.63,4274.88
1789469100000,4274.85,4283.83,4274.64,4281.570000000001
1789470000000,4281.37,4283.8099999999995,4278.65,4283.599999999999
1789470900000,4283.629999999999,4285.54,4282.48,4283.339999999999
1789471800000,4283.28,4284.98,4280.36,4282.7699999999995
1789472700000,4282.79,4286.72,4282.43,4284.64
1789473600000,4284.400000000001,4284.91,4275.88,4278.56
1789474500000,4278.5,4279.22,4271.33,4277.74
1789475400000,4277.3,4286.08,4274.71,4281.2300000000005
1789476300000,4281.29,4295.78,4281.09,4290.4800000000005
1789477200000,4290.33,4294.42,4283.89,4286.77
1789478100000,4286.76,4293.099999999999,4283.62,4287.32
1789479000000,4287.52,4294.09,4284.13,4289.66
1789479900000,4289.45,4298.31,4288.29,4294.84
1789480800000,4294.74,4300.360000000001,4293.51,4294.610000000001
1789481700000,4294.599999999999,4295.61,4282.87,4284.05
1789482600000,4283.99,4286.04,4275.65,4278.179999999999
1789483500000,4278.14,4282.87,4274.14,4276.950000000001
1789484400000,4276.91,4286.110000000001,4276.59,4285.38
1789485300000,4285.360000000001,4287.570000000001,4282.35,4283.820000000001
1789486200000,4284.030000000001,4290.410000000001,4281.52,4287.71
1789487100000,4287.76,4294.6,4285,4289.27
1789488000000,4289.3099999999995,4291.62,4286.2,4286.2699999999995
1789488900000,4286.31,4297.08,4285.5,4295.67
1789489800000,4295.65,4297.759999999999,4291.57,4296.57
1789490700000,4296.610000000001,4298.3,4295.06,4295.5
1789491600000,4295.580000000001,4299.09,4290.31,4295.09
1789492500000,4295.07,4296.46,4291.42,4293.14
1789493400000,4293.08,4298.99,4292.33,4293.26
1789494300000,4293.389999999999,4296.2,4293.19,4294.9
1789495200000,4294.99,4304.2,4292.88,4302.31
1789496100000,4302.400000000001,4306.72,4302.09,4304.88
1789497000000,4304.86,4308.33,4301.73,4304.78
1789497900000,4304.780000000001,4310.33,4304.51,4308.6
1789498800000,4308.75,4310.62,4300.26,4300.26
1789499700000,4300.219999999999,4302.19,4298.19,4301.12
1789500600000,4301.09,4302.38,4296.81,4296.830000000001
1789501500000,4296.7699999999995,4299.74,4294.28,4297.78
1789502400000,4297.7699999999995,4299.0199999999995,4295.66,4296.32
1789503300000,4296.3,4296.87,4294.05,4294.39
1789504200000,4294.4800000000005,4296.110000000001,4291.89,4292.990000000001
1789505100000,4293.01,4294.3,4291.89,4293.910000000001
1789509600000,4295.43,4295.91,4292.84,4292.900000000001
1789510500000,4293.07,4298.900000000001,4291.63,4298.75
1789511400000,4298.79,4298.96,4294.39,4294.6900000000005
1789512300000,4294.7,4295.39,4288.84,4288.88
1789513200000,4288.8099999999995,4289.3,4284.74,4286.179999999999
1789514100000,4286.19,4287.2,4282.07,4284.389999999999
1789515000000,4284.38,4287.71,4282.7,4284.63
1789515900000,4284.67,4286.27,4281.14,4283.490000000001
1789516800000,4283.599999999999,4284.63,4280.61,4282.57
1789517700000,4282.56,4286.22,4281.72,4284.070000000001
1789518600000,4284.05,4285.56,4279.67,4283.65
1789519500000,4283.63,4285.0599999999995,4275.45,4277.42
1789520400000,4277.4,4287.84,4276.66,4287.139999999999
1789521300000,4287.16,4293.56,4284.5,4290.48
1789522200000,4290.45,4291.25,4285.78,4288.44
1789523100000,4288.429999999999,4288.95,4279.98,4282.41
1789524000000,4282.39,4294.87,4281.79,4292.23
1789524900000,4292.21,4300.57,4289.95,4298.98
1789525800000,4299.900000000001,4316.02,4298.64,4310.96
1789526700000,4310.990000000001,4323.46,4310.89,4321.650000000001
1789527600000,4321.719999999999,4338.71,4321.49,4337.07
1789528500000,4337.19,4341.04,4331.94,4331.96
1789529400000,4331.86,4332.549999999999,4325.98,4327.11
1789530300000,4327.11,4327.88,4322.78,4327.0199999999995
1789531200000,4327.070000000001,4328.450000000001,4325.56,4326.89
1789532100000,4326.860000000001,4328.4800000000005,4323.34,4325.72
1789533000000,4325.6900000000005,4328.25,4322.92,4322.93
1789533900000,4322.94,4323.429999999999,4320.65,4321.94
1789534800000,4321.93,4324.46,4320.8,4321.64
1789535700000,4321.63,4326.92,4321.63,4324.9400000000005
1789536600000,4324.92,4332.88,4324.39,4332.76
1789537500000,4332.83,4333.65,4326.37,4326.38
1789538400000,4326.39,4332.070000000001,4321.51,4325.76
1789539300000,4325.759999999999,4330.19,4324.82,4326.82
1789540200000,4326.85,4328.19,4323.71,4327.99
1789541100000,4327.98,4333.0599999999995,4325.32,4332.86
1789542000000,4332.639999999999,4335.8099999999995,4329.99,4335.34
1789542900000,4335.46,4337.5,4332.12,4335.62
1789543800000,4335.63,4339.03,4333.62,4336.14
1789544700000,4336.44,4337.95,4328.48,4329.169999999999
1789545600000,4329.26,4329.5199999999995,4322.99,4327.429999999999
1789546500000,4327.45,4337.650000000001,4326.63,4334.01
1789547400000,4334.21,4334.27,4323.77,4328.34
1789548300000,4328.360000000001,4331.320000000001,4324.85,4330.1900000000005
1789549200000,4330.2699999999995,4332.5599999999995,4329.65,4332.0599999999995
1789550100000,4332.08,4333.94,4327.49,4329.7
1789551000000,4329.6900000000005,4337.42,4329.63,4335.13
1789551900000,4335.110000000001,4339.27,4331.39,4338.18
1789552800000,4338.160000000001,4349.030000000001,4337.64,4342.81
1789553700000,4342.8099999999995,4348.72,4340.91,4348.04
1789554600000,4348.08,4349.4,4345.83,4349.1
1789555500000,4349.05,4350.97,4345.52,4350.200000000001
1789556400000,4350.66,4353.29,4346.94,4347.129999999999
1789557300000,4347.04,4353.45,4346.51,4350.76
1789558200000,4350.79,4353.2,4347.25,4349.86
1789559100000,4349.91,4350.79,4341.66,4341.75
1789560000000,4341.68,4348.23,4340.58,4343.38
1789560900000,4343.389999999999,4345.71,4337.94,4339.9
1789561800000,4340.17,4345.049999999999,4334.82,4343.84
1789562700000,4343.83,4348.88,4342.55,4347.53
1789563600000,4347.580000000001,4357.17,4343.81,4356.51
1789564500000,4356.58,4360.28,4349.48,4351.929999999999
1789565400000,4351.95,4354.19,4340.36,4340.49
1789566300000,4340.54,4345.74,4335.04,4338.65
1789567200000,4338.67,4340.09,4324.14,4340.09
1789568100000,4340.1,4341.09,4330.8,4338.06
1789569000000,4338.070000000001,4345.92,4334.43,4345.62
1789569900000,4345.599999999999,4356.0599999999995,4345.07,4355.12
1789570800000,4355.15,4357.96,4350,4353.22
1789571700000,4353.219999999999,4355.2,4344.07,4344.139999999999
1789572600000,4344.51,4352.490000000001,4342.85,4350.610000000001
1789573500000,4350.58,4361.299999999999,4349.94,4352.69
1789574400000,4352.7,4352.86,4346.65,4350.03
1789575300000,4350.080000000001,4352.1,4344.27,4345.950000000001
1789576200000,4345.96,4348.530000000001,4344.97,4347.5
1789577100000,4347.549999999999,4348.61,4343.86,4346.65
1789578000000,4346.67,4346.81,4341.75,4343.63
1789578900000,4343.46,4347.53,4342.55,4346.79
1789579800000,4346.839999999999,4349.92,4343.36,4344
1789580700000,4344.0599999999995,4364.87,4342.61,4360.53
1789581600000,4359.67,4367.42,4307.89,4310.400000000001
1789582500000,4310.37,4324.139999999999,4306.36,4322.599999999999
1789583400000,4322.37,4323.55,4261.83,4301.19
1789584300000,4301.52,4307.330000000001,4257.27,4261.040000000001
1789585200000,4260.89,4287.12,4235.17,4252.78
1789586100000,4252.77,4257.54,4239.59,4253.5
1789587000000,4253.57,4270.99,4253.4,4265.48
1789587900000,4264.85,4276.54,4264.75,4272.2
1789588800000,4272.32,4273.78,4263.5,4264.83
1789589700000,4264.84,4268.13,4257.46,4260.29
1789590600000,4260.15,4265.36,4258.28,4262.24
1789591500000,4262.34,4266.53,4260.83,4263.93
1789596000000,4262.7300000000005,4262.7300000000005,4258.13,4259.12
1789596900000,4259.11,4263.4,4257.49,4262
1789597800000,4261.97,4276.2300000000005,4261.88,4273.18
1789598700000,4273.11,4273.84,4265.67,4266.49
1789599600000,4266.580000000001,4267.88,4258.77,4262.570000000001
1789600500000,4262.679999999999,4273.03,4261.95,4271.7699999999995
1789601400000,4271.79,4274.389999999999,4268.53,4273.5
1789602300000,4273.57,4275.47,4271.42,4271.56
1789603200000,4271.679999999999,4286.67,4266.36,4284.92
1789604100000,4284.9400000000005,4289.370000000001,4281.56,4284.580000000001
1789605000000,4284.57,4292.24,4282.03,4288.62
1789605900000,4288.63,4289.12,4277.01,4280.09
1789606800000,4280.06,4310.1900000000005,4280.06,4298.620000000001
1789607700000,4298.610000000001,4312.490000000001,4298.27,4309.860000000001
1789608600000,4309.92,4318.0599999999995,4308.45,4309.25
1789609500000,4309.22,4311.78,4298.08,4300.17
1789610400000,4300.18,4300.88,4281.05,4287.42
1789611300000,4287.320000000001,4292.97,4287.05,4291.650000000001
1789612200000,4291.63,4292.56,4281.43,4288.4800000000005
1789613100000,4288.47,4289.47,4273.89,4277.13
1789614000000,4277.099999999999,4286.509999999999,4276.98,4285.08
1789614900000,4285.02,4286.91,4283.13,4285.93
1789615800000,4285.85,4296.27,4285.68,4295.860000000001
1789616700000,4295.87,4297.389999999999,4293.78,4296.03
1789617600000,4296.009999999999,4296.53,4292.86,4293.719999999999
1789618500000,4293.73,4295.73,4291.12,4291.32
1789619400000,4291.29,4296.45,4290.4,4295.2699999999995
1789620300000,4295.24,4298.88,4295.24,4297.41
1789621200000,4297.41,4299.04,4294,4294.14
1789622100000,4294.1,4294.1,4285.39,4286.25
1789623000000,4286.3,4298.06,4286.21,4296.97
1789623900000,4296.97,4305.22,4295.96,4304.47
1789624800000,4304.400000000001,4312.38,4304.27,4312.06
1789625700000,4312.18,4312.900000000001,4304.84,4312.07
1789626600000,4312,4315.16,4305.76,4309.4400000000005
1789627500000,4309.38,4311.89,4306.76,4310.84
1789628400000,4310.860000000001,4323.35,4309.34,4322.79
1789629300000,4322.780000000001,4329.79,4319.26,4329.24
1789630200000,4329.28,4334.969999999999,4329.28,4331.38
1789631100000,4331.39,4335.28,4323.79,4327.17
1789632000000,4327.05,4328.17,4317.92,4320.29
1789632900000,4320.24,4321.9400000000005,4314.63,4315.97
1789633800000,4315.94,4319.469999999999,4312.03,4313.88
1789634700000,4313.76,4313.97,4310.18,4311.56
1789635600000,4311.55,4319.24,4311.54,4315.86
1789636500000,4315.78,4316.45,4305.92,4306.53
1789637400000,4306.42,4310.9,4305.07,4305.07